player,player_code,final_rank,round,hole,par,shot_no,state_name,map_x,map_y,bh_x,bh_y,remaining_distance_yd,strokes,score_to_par,gir,fw_hit,putts,first_failure
김민별,10002,40,1,8,4,1,FAIRWAY,396.6,156.8,247.2,267.5,147.4,4,0,False,True,1,APPROACH_MISS_TO_FRINGE
김민별,10002,40,1,8,4,2,FRINGE,619.9,236.9,302.9,113.3,10.3,4,0,False,True,1,APPROACH_MISS_TO_FRINGE
김민별,10002,40,1,8,4,3,GREEN,603.2,246.9,309.8,124.8,3.2,4,0,False,True,1,APPROACH_MISS_TO_FRINGE
김민별,10002,40,1,8,4,4,HOLED,606.5,250.3,312.1,122.5,0.0,4,0,False,True,1,APPROACH_MISS_TO_FRINGE
김민별,10002,40,2,8,4,1,FAIRWAY,413.2,150.2,242.6,255.9,116.3,4,0,False,True,1,APPROACH_MISS_TO_ROUGH
김민별,10002,40,2,8,4,2,ROUGH,589.9,186.9,268.3,134.0,16.1,4,0,False,True,1,APPROACH_MISS_TO_ROUGH
김민별,10002,40,2,8,4,3,GREEN,586.5,213.6,286.7,136.3,0.9,4,0,False,True,1,APPROACH_MISS_TO_ROUGH
김민별,10002,40,2,8,4,4,HOLED,586.5,213.6,286.7,136.3,0.0,4,0,False,True,1,APPROACH_MISS_TO_ROUGH
김민별,10002,40,3,8,4,1,FAIRWAY,429.9,153.5,245.0,244.4,117.2,5,1,False,True,2,APPROACH_MISS_TO_ROUGH
김민별,10002,40,3,8,4,2,ROUGH,573.2,243.6,307.4,145.6,11.2,5,1,False,True,2,APPROACH_MISS_TO_ROUGH
김민별,10002,40,3,8,4,3,GREEN,606.5,246.9,309.8,122.5,11.8,5,1,False,True,2,APPROACH_MISS_TO_ROUGH
김민별,10002,40,3,8,4,4,GREEN,589.9,243.6,307.5,134.0,0.6,5,1,False,True,2,APPROACH_MISS_TO_ROUGH
김민별,10002,40,3,8,4,5,HOLED,589.9,243.6,307.5,134.0,0.0,5,1,False,True,2,APPROACH_MISS_TO_ROUGH
김민별,10002,40,4,8,4,1,ROUGH,359.9,113.5,217.2,292.7,161.2,3,-1,False,False,0,TEE_ROUGH
김민별,10002,40,4,8,4,2,FRINGE,579.9,206.9,282.1,140.9,9.5,3,-1,False,False,0,TEE_ROUGH
김민별,10002,40,4,8,4,3,HOLED,593.2,206.9,282.1,131.7,0.0,3,-1,False,False,0,TEE_ROUGH
손예빈,10022,49,1,8,4,1,ROUGH,409.9,210.2,284.1,258.3,128.0,4,0,False,False,1,TEE_ROUGH
손예빈,10022,49,1,8,4,2,ROUGH,583.2,190.2,270.5,138.6,40.7,4,0,False,False,1,TEE_ROUGH
손예빈,10022,49,1,8,4,3,GREEN,606.5,250.3,312.1,122.5,0.2,4,0,False,False,1,TEE_ROUGH
손예빈,10022,49,1,8,4,4,HOLED,606.5,250.3,312.1,122.5,0.0,4,0,False,False,1,TEE_ROUGH
손예빈,10022,49,2,8,4,1,ROUGH,403.2,183.5,265.7,262.9,118.2,4,0,False,False,1,TEE_ROUGH
손예빈,10022,49,2,8,4,2,ROUGH,613.2,196.9,275.2,117.9,20.2,4,0,False,False,1,TEE_ROUGH
손예빈,10022,49,2,8,4,3,GREEN,586.5,213.6,286.7,136.3,0.5,4,0,False,False,1,TEE_ROUGH
손예빈,10022,49,2,8,4,4,HOLED,586.5,213.6,286.7,136.3,0.0,4,0,False,False,1,TEE_ROUGH
손예빈,10022,49,3,8,4,1,ROUGH,389.9,113.5,217.2,272.0,151.2,4,0,False,False,1,TEE_ROUGH
손예빈,10022,49,3,8,4,2,FRINGE,626.5,213.6,286.8,108.7,30.4,4,0,False,False,1,TEE_ROUGH
손예빈,10022,49,3,8,4,3,GREEN,586.5,246.9,309.8,136.4,2.5,4,0,False,False,1,TEE_ROUGH
손예빈,10022,49,3,8,4,4,HOLED,589.9,243.6,307.5,134.0,0.0,4,0,False,False,1,TEE_ROUGH
손예빈,10022,49,4,8,4,1,FAIRWAY,413.2,160.2,249.5,256.0,119.2,3,-1,True,True,1,NONE
손예빈,10022,49,4,8,4,2,GREEN,589.9,213.6,286.7,134.0,3.9,3,-1,True,True,1,NONE
손예빈,10022,49,4,8,4,3,HOLED,593.2,206.9,282.1,131.7,0.0,3,-1,True,True,1,NONE
김민주,10081,2,1,8,4,1,FAIRWAY,386.6,123.5,224.1,274.3,162.3,4,0,True,True,2,NONE
김민주,10081,2,1,8,4,2,GREEN,596.5,223.6,293.6,129.4,18.5,4,0,True,True,2,NONE
김민주,10081,2,1,8,4,3,GREEN,606.5,250.3,312.1,122.5,0.9,4,0,True,True,2,NONE
김민주,10081,2,1,8,4,4,HOLED,606.5,250.3,312.1,122.5,0.0,4,0,True,True,2,NONE
김민주,10081,2,2,8,4,1,ROUGH,389.9,166.9,254.1,272.1,127.6,4,0,True,False,2,TEE_ROUGH
김민주,10081,2,2,8,4,2,GREEN,596.5,200.2,277.5,129.4,10.0,4,0,True,False,2,TEE_ROUGH
김민주,10081,2,2,8,4,3,GREEN,586.5,213.6,286.7,136.3,0.4,4,0,True,False,2,TEE_ROUGH
김민주,10081,2,2,8,4,4,HOLED,586.5,213.6,286.7,136.3,0.0,4,0,True,False,2,TEE_ROUGH
김민주,10081,2,3,8,4,1,FAIRWAY,406.6,150.2,242.6,260.6,130.6,4,0,False,True,1,APPROACH_MISS_TO_ROUGH
김민주,10081,2,3,8,4,2,ROUGH,569.9,246.9,309.7,147.9,11.7,4,0,False,True,1,APPROACH_MISS_TO_ROUGH
김민주,10081,2,3,8,4,3,GREEN,589.9,243.6,307.5,134.0,0.5,4,0,False,True,1,APPROACH_MISS_TO_ROUGH
김민주,10081,2,3,8,4,4,HOLED,589.9,243.6,307.5,134.0,0.0,4,0,False,True,1,APPROACH_MISS_TO_ROUGH
김민주,10081,2,4,8,4,1,FAIRWAY,406.6,150.2,242.6,260.6,126.2,3,-1,True,True,1,NONE
김민주,10081,2,4,8,4,2,GREEN,589.9,203.6,279.8,134.0,3.3,3,-1,True,True,1,NONE
김민주,10081,2,4,8,4,3,HOLED,593.2,206.9,282.1,131.7,0.0,3,-1,True,True,1,NONE
마서영,10083,16,1,8,4,1,FAIRWAY,393.3,130.1,228.8,269.7,155.4,4,0,False,True,1,APPROACH_MISS_TO_ROUGH
마서영,10083,16,1,8,4,2,ROUGH,579.9,240.3,305.1,140.9,19.6,4,0,False,True,1,APPROACH_MISS_TO_ROUGH
마서영,10083,16,1,8,4,3,GREEN,609.9,250.3,312.1,120.2,0.7,4,0,False,True,1,APPROACH_MISS_TO_ROUGH
마서영,10083,16,1,8,4,4,HOLED,606.5,250.3,312.1,122.5,0.0,4,0,False,True,1,APPROACH_MISS_TO_ROUGH
마서영,10083,16,2,8,4,1,FAIRWAY,396.6,160.2,249.5,267.5,126.1,4,0,True,True,2,NONE
마서영,10083,16,2,8,4,2,GREEN,596.5,213.6,286.7,129.4,7.4,4,0,True,True,2,NONE
마서영,10083,16,2,8,4,3,GREEN,586.5,213.6,286.7,136.3,0.5,4,0,True,True,2,NONE
마서영,10083,16,2,8,4,4,HOLED,586.5,213.6,286.7,136.3,0.0,4,0,True,True,2,NONE
마서영,10083,16,3,8,4,1,FAIRWAY,409.9,140.2,235.7,258.2,132.2,4,0,True,True,2,NONE
마서영,10083,16,3,8,4,2,GREEN,593.2,220.3,291.3,131.7,14.9,4,0,True,True,2,NONE
마서영,10083,16,3,8,4,3,GREEN,589.9,243.6,307.5,134.0,0.3,4,0,True,True,2,NONE
마서영,10083,16,3,8,4,4,HOLED,589.9,243.6,307.5,134.0,0.0,4,0,True,True,2,NONE
마서영,10083,16,4,8,4,1,FAIRWAY,419.9,153.5,244.9,251.3,115.5,4,0,True,True,2,NONE
마서영,10083,16,4,8,4,2,GREEN,599.9,203.6,279.8,127.1,4.4,4,0,True,True,2,NONE
마서영,10083,16,4,8,4,3,GREEN,593.2,210.2,284.4,131.7,0.3,4,0,True,True,2,NONE
마서영,10083,16,4,8,4,4,HOLED,593.2,206.9,282.1,131.7,0.0,4,0,True,True,2,NONE
방신실,10095,20,1,8,4,1,FAIRWAY,383.3,143.5,238.0,276.7,157.9,5,1,False,True,2,APPROACH_MISS_TO_FRINGE
방신실,10095,20,1,8,4,2,FRINGE,596.5,260.3,319.0,129.5,9.2,5,1,False,True,2,APPROACH_MISS_TO_FRINGE
방신실,10095,20,1,8,4,3,GREEN,606.5,246.9,309.8,122.5,0.8,5,1,False,True,2,APPROACH_MISS_TO_FRINGE
방신실,10095,20,1,8,4,4,GREEN,606.5,250.3,312.1,122.5,0.4,5,1,False,True,2,APPROACH_MISS_TO_FRINGE
방신실,10095,20,1,8,4,5,HOLED,606.5,250.3,312.1,122.5,0.0,5,1,False,True,2,APPROACH_MISS_TO_FRINGE
방신실,10095,20,2,8,4,1,FAIRWAY,419.9,146.8,240.3,251.3,113.3,4,0,True,True,2,NONE
방신실,10095,20,2,8,4,2,GREEN,593.2,213.6,286.7,131.7,5.5,4,0,True,True,2,NONE
방신실,10095,20,2,8,4,3,GREEN,586.5,213.6,286.7,136.3,0.3,4,0,True,True,2,NONE
방신실,10095,20,2,8,4,4,HOLED,586.5,213.6,286.7,136.3,0.0,4,0,True,True,2,NONE
방신실,10095,20,3,8,4,1,FAIRWAY,426.6,146.8,240.3,246.7,120.9,5,1,False,True,2,APPROACH_MISS_TO_ROUGH
방신실,10095,20,3,8,4,2,ROUGH,583.2,230.3,298.2,138.6,9.3,5,1,False,True,2,APPROACH_MISS_TO_ROUGH
방신실,10095,20,3,8,4,3,GREEN,586.5,236.9,302.8,136.3,4.1,5,1,False,True,2,APPROACH_MISS_TO_ROUGH
방신실,10095,20,3,8,4,4,GREEN,589.9,243.6,307.5,134.0,0.5,5,1,False,True,2,APPROACH_MISS_TO_ROUGH
방신실,10095,20,3,8,4,5,HOLED,589.9,243.6,307.5,134.0,0.0,5,1,False,True,2,APPROACH_MISS_TO_ROUGH
방신실,10095,20,4,8,4,1,FAIRWAY,419.9,130.1,228.8,251.3,121.3,4,0,True,True,2,NONE
방신실,10095,20,4,8,4,2,GREEN,589.9,196.9,275.2,134.0,8.9,4,0,True,True,2,NONE
방신실,10095,20,4,8,4,3,GREEN,593.2,210.2,284.4,131.7,0.3,4,0,True,True,2,NONE
방신실,10095,20,4,8,4,4,HOLED,593.2,206.9,282.1,131.7,0.0,4,0,True,True,2,NONE
김민선7,10097,40,1,8,4,1,ROUGH,399.9,166.9,254.1,265.2,142.4,6,2,False,False,2,TEE_ROUGH
김민선7,10097,40,1,8,4,2,PENALTY_AREA,566.5,223.6,293.6,150.1,,6,2,False,False,2,TEE_ROUGH
김민선7,10097,40,1,8,4,3,PENALTY_STROKE,449.9,150.2,242.7,230.6,,6,2,False,False,2,TEE_ROUGH
김민선7,10097,40,1,8,4,4,GREEN,589.9,246.9,309.8,134.0,11.0,6,2,False,False,2,TEE_ROUGH
김민선7,10097,40,1,8,4,5,GREEN,609.9,250.3,312.1,120.2,0.7,6,2,False,False,2,TEE_ROUGH
김민선7,10097,40,1,8,4,6,HOLED,606.5,250.3,312.1,122.5,0.0,6,2,False,False,2,TEE_ROUGH
김민선7,10097,40,2,8,4,1,ROUGH,389.9,166.9,254.1,272.1,127.4,4,0,False,False,1,TEE_ROUGH
김민선7,10097,40,2,8,4,2,FRINGE,589.9,190.2,270.6,134.0,14.2,4,0,False,False,1,TEE_ROUGH
김민선7,10097,40,2,8,4,3,GREEN,589.9,213.6,286.7,134.0,1.6,4,0,False,False,1,TEE_ROUGH
김민선7,10097,40,2,8,4,4,HOLED,586.5,213.6,286.7,136.3,0.0,4,0,False,False,1,TEE_ROUGH
김민선7,10097,40,3,8,4,1,FAIRWAY,403.2,136.8,233.4,262.8,136.6,4,0,True,True,2,NONE
김민선7,10097,40,3,8,4,2,GREEN,609.9,253.6,314.4,120.2,14.3,4,0,True,True,2,NONE
김민선7,10097,40,3,8,4,3,GREEN,589.9,243.6,307.5,134.0,1.2,4,0,True,True,2,NONE
김민선7,10097,40,3,8,4,4,HOLED,589.9,243.6,307.5,134.0,0.0,4,0,True,True,2,NONE
김민선7,10097,40,4,8,4,1,FAIRWAY,429.9,133.5,231.1,244.4,115.5,3,-1,True,True,1,NONE
김민선7,10097,40,4,8,4,2,GREEN,593.2,210.2,284.4,131.7,2.0,3,-1,True,True,1,NONE
김민선7,10097,40,4,8,4,3,HOLED,593.2,206.9,282.1,131.7,0.0,3,-1,True,True,1,NONE
고지원,10109,53,1,8,4,1,FAIRWAY,393.3,136.8,233.4,269.7,154.3,5,1,True,True,3,PUTTING_LOSS_3PLUS
고지원,10109,53,1,8,4,2,GREEN,589.9,253.6,314.4,134.1,12.3,5,1,True,True,3,PUTTING_LOSS_3PLUS
고지원,10109,53,1,8,4,3,GREEN,606.5,250.3,312.1,122.5,1.5,5,1,True,True,3,PUTTING_LOSS_3PLUS
고지원,10109,53,1,8,4,4,GREEN,609.9,246.9,309.8,120.2,0.3,5,1,True,True,3,PUTTING_LOSS_3PLUS
고지원,10109,53,1,8,4,5,HOLED,606.5,250.3,312.1,122.5,0.0,5,1,True,True,3,PUTTING_LOSS_3PLUS
고지원,10109,53,2,8,4,1,ROUGH,409.9,176.9,261.1,258.3,114.3,5,1,False,False,2,TEE_ROUGH
고지원,10109,53,2,8,4,2,ROUGH,626.5,206.9,282.1,108.7,27.1,5,1,False,False,2,TEE_ROUGH
고지원,10109,53,2,8,4,3,GREEN,586.5,210.2,284.4,136.3,2.3,5,1,False,False,2,TEE_ROUGH
고지원,10109,53,2,8,4,4,GREEN,586.5,213.6,286.7,136.3,0.3,5,1,False,False,2,TEE_ROUGH
고지원,10109,53,2,8,4,5,HOLED,586.5,213.6,286.7,136.3,0.0,5,1,False,False,2,TEE_ROUGH
고지원,10109,53,3,8,4,1,FAIRWAY,393.3,133.5,231.1,269.7,144.4,5,1,True,True,3,PUTTING_LOSS_3PLUS
고지원,10109,53,3,8,4,2,GREEN,593.2,216.9,289.0,131.7,17.1,5,1,True,True,3,PUTTING_LOSS_3PLUS
고지원,10109,53,3,8,4,3,GREEN,589.9,243.6,307.5,134.0,0.9,5,1,True,True,3,PUTTING_LOSS_3PLUS
고지원,10109,53,3,8,4,4,GREEN,589.9,243.6,307.5,134.0,0.5,5,1,True,True,3,PUTTING_LOSS_3PLUS
고지원,10109,53,3,8,4,5,HOLED,589.9,243.6,307.5,134.0,0.0,5,1,True,True,3,PUTTING_LOSS_3PLUS
고지원,10109,53,4,8,4,1,ROUGH,409.9,183.5,265.7,258.3,118.2,4,0,True,False,2,TEE_ROUGH
고지원,10109,53,4,8,4,2,GREEN,603.2,200.2,277.5,124.8,7.2,4,0,True,False,2,TEE_ROUGH
고지원,10109,53,4,8,4,3,GREEN,593.2,210.2,284.4,131.7,0.3,4,0,True,False,2,TEE_ROUGH
고지원,10109,53,4,8,4,4,HOLED,593.2,206.9,282.1,131.7,0.0,4,0,True,False,2,TEE_ROUGH
고지우,10112,,1,8,4,1,ROUGH,403.2,166.9,254.1,262.9,141.0,4,0,False,False,1,TEE_ROUGH
고지우,10112,,1,8,4,2,PENALTY_AREA,576.5,240.3,305.1,143.2,,4,0,False,False,1,TEE_ROUGH
고지우,10112,,1,8,4,3,GREEN,606.5,243.6,307.5,122.5,2.2,4,0,False,False,1,TEE_ROUGH
고지우,10112,,1,8,4,4,HOLED,606.5,250.3,312.1,122.5,0.0,4,0,False,False,1,TEE_ROUGH
임진영,10138,27,1,8,4,1,FAIRWAY,406.6,150.2,242.6,260.6,142.8,4,0,True,True,2,NONE
임진영,10138,27,1,8,4,2,GREEN,606.5,243.6,307.5,122.5,2.6,4,0,True,True,2,NONE
임진영,10138,27,1,8,4,3,GREEN,606.5,250.3,312.1,122.5,0.5,4,0,True,True,2,NONE
임진영,10138,27,1,8,4,4,HOLED,606.5,250.3,312.1,122.5,0.0,4,0,True,True,2,NONE
임진영,10138,27,2,8,4,1,ROUGH,409.9,186.9,268.0,258.3,113.4,5,1,False,False,2,TEE_ROUGH
임진영,10138,27,2,8,4,2,FAIRWAY,439.9,160.2,249.6,237.5,98.8,5,1,False,False,2,TEE_ROUGH
임진영,10138,27,2,8,4,3,GREEN,596.5,216.9,289.0,129.4,7.6,5,1,False,False,2,TEE_ROUGH
임진영,10138,27,2,8,4,4,GREEN,586.5,213.6,286.7,136.3,0.4,5,1,False,False,2,TEE_ROUGH
임진영,10138,27,2,8,4,5,HOLED,586.5,213.6,286.7,136.3,0.0,5,1,False,False,2,TEE_ROUGH
임진영,10138,27,3,8,4,1,FAIRWAY,389.9,140.2,235.7,272.1,143.4,4,0,False,True,1,APPROACH_MISS_TO_PENALTY_AREA
임진영,10138,27,3,8,4,2,PENALTY_AREA,576.5,236.9,302.8,143.2,,4,0,False,True,1,APPROACH_MISS_TO_PENALTY_AREA
임진영,10138,27,3,8,4,3,GREEN,589.9,243.6,307.5,134.0,1.2,4,0,False,True,1,APPROACH_MISS_TO_PENALTY_AREA
임진영,10138,27,3,8,4,4,HOLED,589.9,243.6,307.5,134.0,0.0,4,0,False,True,1,APPROACH_MISS_TO_PENALTY_AREA
임진영,10138,27,4,8,4,1,FAIRWAY,419.9,160.2,249.6,251.4,115.4,4,0,True,True,2,NONE
임진영,10138,27,4,8,4,2,GREEN,603.2,200.2,277.5,124.8,6.9,4,0,True,True,2,NONE
임진영,10138,27,4,8,4,3,GREEN,596.5,206.9,282.1,129.4,0.5,4,0,True,True,2,NONE
임진영,10138,27,4,8,4,4,HOLED,593.2,206.9,282.1,131.7,0.0,4,0,True,True,2,NONE
양효리,10139,,1,8,4,1,LOST_BALL,393.3,80.1,194.2,269.7,,7,3,False,False,2,TEE_PENALTY_LOST_BALL
양효리,10139,,1,8,4,2,PENALTY_STROKE,23.3,216.9,288.2,525.5,,7,3,False,False,2,TEE_PENALTY_LOST_BALL
양효리,10139,,1,8,4,3,ROUGH,419.9,86.8,198.8,251.3,158.4,7,3,False,False,2,TEE_PENALTY_LOST_BALL
양효리,10139,,1,8,4,4,ROUGH,373.3,170.2,256.4,283.6,158.4,7,3,False,False,2,TEE_PENALTY_LOST_BALL
양효리,10139,,1,8,4,5,GREEN,606.5,220.3,291.3,122.5,17.8,7,3,False,False,2,TEE_PENALTY_LOST_BALL
양효리,10139,,1,8,4,6,GREEN,609.9,253.6,314.4,120.2,2.7,7,3,False,False,2,TEE_PENALTY_LOST_BALL
양효리,10139,,1,8,4,7,HOLED,606.5,250.3,312.1,122.5,0.0,7,3,False,False,2,TEE_PENALTY_LOST_BALL
양효리,10139,,2,8,4,1,FAIRWAY,379.9,143.5,238.0,279.0,138.6,3,-1,True,True,1,NONE
양효리,10139,,2,8,4,2,GREEN,583.2,213.6,286.7,138.6,1.3,3,-1,True,True,1,NONE
양효리,10139,,2,8,4,3,HOLED,586.5,213.6,286.7,136.3,0.0,3,-1,True,True,1,NONE
김희지,10178,,1,8,4,1,ROUGH,366.6,96.8,205.7,288.1,181.3,7,3,False,False,1,TEE_ROUGH
김희지,10178,,1,8,4,2,PENALTY_STROKE,366.6,106.8,212.6,288.1,,7,3,False,False,1,TEE_ROUGH
김희지,10178,,1,8,4,3,PENALTY_AREA,563.2,250.3,312.0,152.5,,7,3,False,False,1,TEE_ROUGH
김희지,10178,,1,8,4,4,PENALTY_STROKE,549.9,250.3,312.0,161.7,,7,3,False,False,1,TEE_ROUGH
김희지,10178,,1,8,4,5,FRINGE,616.5,243.6,307.5,115.6,6.8,7,3,False,False,1,TEE_ROUGH
김희지,10178,,1,8,4,6,GREEN,606.5,250.3,312.1,122.5,0.3,7,3,False,False,1,TEE_ROUGH
김희지,10178,,1,8,4,7,HOLED,606.5,250.3,312.1,122.5,0.0,7,3,False,False,1,TEE_ROUGH
김희지,10178,,2,8,4,1,FAIRWAY,373.3,133.5,231.0,283.6,144.5,4,0,False,True,1,APPROACH_MISS_TO_ROUGH
김희지,10178,,2,8,4,2,ROUGH,586.5,190.2,270.6,136.3,15.0,4,0,False,True,1,APPROACH_MISS_TO_ROUGH
김희지,10178,,2,8,4,3,GREEN,586.5,213.6,286.7,136.3,0.9,4,0,False,True,1,APPROACH_MISS_TO_ROUGH
김희지,10178,,2,8,4,4,HOLED,586.5,213.6,286.7,136.3,0.0,4,0,False,True,1,APPROACH_MISS_TO_ROUGH
문정민,10296,27,1,8,4,1,ROUGH,406.6,123.5,224.2,260.5,150.5,4,0,False,False,1,TEE_ROUGH
문정민,10296,27,1,8,4,2,FRINGE,619.9,246.9,309.8,113.3,6.8,4,0,False,False,1,TEE_ROUGH
문정민,10296,27,1,8,4,3,GREEN,609.9,246.9,309.8,120.2,0.5,4,0,False,False,1,TEE_ROUGH
문정민,10296,27,1,8,4,4,HOLED,606.5,250.3,312.1,122.5,0.0,4,0,False,False,1,TEE_ROUGH
문정민,10296,27,2,8,4,1,ROUGH,393.3,180.2,263.3,269.8,123.4,5,1,False,False,2,TEE_ROUGH
문정민,10296,27,2,8,4,2,FRINGE,609.9,196.9,275.2,120.2,17.7,5,1,False,False,2,TEE_ROUGH
문정민,10296,27,2,8,4,3,GREEN,586.5,213.6,286.7,136.3,0.9,5,1,False,False,2,TEE_ROUGH
문정민,10296,27,2,8,4,4,GREEN,586.5,213.6,286.7,136.3,0.4,5,1,False,False,2,TEE_ROUGH
문정민,10296,27,2,8,4,5,HOLED,586.5,213.6,286.7,136.3,0.0,5,1,False,False,2,TEE_ROUGH
문정민,10296,27,3,8,4,1,ROUGH,433.2,126.8,226.5,242.1,124.4,5,1,False,False,1,TEE_ROUGH
문정민,10296,27,3,8,4,2,PENALTY_AREA,569.9,230.3,298.2,147.8,,5,1,False,False,1,TEE_ROUGH
문정민,10296,27,3,8,4,3,PENALTY_STROKE,453.2,150.2,242.7,228.3,,5,1,False,False,1,TEE_ROUGH
문정민,10296,27,3,8,4,4,GREEN,593.2,246.9,309.8,131.7,2.7,5,1,False,False,1,TEE_ROUGH
문정민,10296,27,3,8,4,5,HOLED,589.9,243.6,307.5,134.0,0.0,5,1,False,False,1,TEE_ROUGH
문정민,10296,27,4,8,4,1,FAIRWAY,439.9,160.2,249.6,237.5,103.6,4,0,True,True,2,NONE
문정민,10296,27,4,8,4,2,GREEN,596.5,206.9,282.1,129.4,2.7,4,0,True,True,2,NONE
문정민,10296,27,4,8,4,3,GREEN,593.2,206.9,282.1,131.7,0.2,4,0,True,True,2,NONE
문정민,10296,27,4,8,4,4,HOLED,593.2,206.9,282.1,131.7,0.0,4,0,True,True,2,NONE
이서윤4,10481,53,1,8,4,1,ROUGH,403.2,170.2,256.4,262.9,139.1,4,0,False,False,1,TEE_ROUGH
이서윤4,10481,53,1,8,4,2,FRINGE,613.2,253.6,314.4,117.9,5.1,4,0,False,False,1,TEE_ROUGH
이서윤4,10481,53,1,8,4,3,GREEN,606.5,246.9,309.8,122.5,0.4,4,0,False,False,1,TEE_ROUGH
이서윤4,10481,53,1,8,4,4,HOLED,606.5,250.3,312.1,122.5,0.0,4,0,False,False,1,TEE_ROUGH
이서윤4,10481,53,2,8,4,1,FAIRWAY,396.6,136.8,233.4,267.4,130.4,4,0,False,True,1,APPROACH_MISS_TO_ROUGH
이서윤4,10481,53,2,8,4,2,ROUGH,573.2,203.6,279.8,145.5,10.2,4,0,False,True,1,APPROACH_MISS_TO_ROUGH
이서윤4,10481,53,2,8,4,3,GREEN,586.5,213.6,286.7,136.3,0.5,4,0,False,True,1,APPROACH_MISS_TO_ROUGH
이서윤4,10481,53,2,8,4,4,HOLED,586.5,213.6,286.7,136.3,0.0,4,0,False,True,1,APPROACH_MISS_TO_ROUGH
이서윤4,10481,53,3,8,4,1,LOST_BALL,399.9,70.1,187.3,265.0,,6,2,False,False,1,TEE_PENALTY_LOST_BALL
이서윤4,10481,53,3,8,4,2,PENALTY_STROKE,23.3,216.9,288.2,525.5,,6,2,False,False,1,TEE_PENALTY_LOST_BALL
이서윤4,10481,53,3,8,4,3,FAIRWAY,423.2,163.5,251.9,249.1,118.3,6,2,False,False,1,TEE_PENALTY_LOST_BALL
이서윤4,10481,53,3,8,4,4,ROUGH,583.2,253.6,314.4,138.7,7.4,6,2,False,False,1,TEE_PENALTY_LOST_BALL
이서윤4,10481,53,3,8,4,5,GREEN,589.9,243.6,307.5,134.0,2.0,6,2,False,False,1,TEE_PENALTY_LOST_BALL
이서윤4,10481,53,3,8,4,6,HOLED,589.9,243.6,307.5,134.0,0.0,6,2,False,False,1,TEE_PENALTY_LOST_BALL
이서윤4,10481,53,4,8,4,1,FAIRWAY,433.2,170.2,256.5,242.2,106.2,4,0,True,True,2,NONE
이서윤4,10481,53,4,8,4,2,GREEN,586.5,213.6,286.7,136.3,6.1,4,0,True,True,2,NONE
이서윤4,10481,53,4,8,4,3,GREEN,593.2,210.2,284.4,131.7,0.3,4,0,True,True,2,NONE
이서윤4,10481,53,4,8,4,4,HOLED,593.2,206.9,282.1,131.7,0.0,4,0,True,True,2,NONE
현세린,10531,14,1,8,4,1,ROUGH,379.9,176.9,261.0,279.0,152.2,5,1,False,False,2,TEE_ROUGH
현세린,10531,14,1,8,4,2,FRINGE,616.5,203.6,279.8,115.6,28.6,5,1,False,False,2,TEE_ROUGH
현세린,10531,14,1,8,4,3,GREEN,609.9,233.6,300.6,120.2,9.2,5,1,False,False,2,TEE_ROUGH
현세린,10531,14,1,8,4,4,GREEN,606.5,250.3,312.1,122.5,1.0,5,1,False,False,2,TEE_ROUGH
현세린,10531,14,1,8,4,5,HOLED,606.5,250.3,312.1,122.5,0.0,5,1,False,False,2,TEE_ROUGH
현세린,10531,14,2,8,4,1,ROUGH,413.2,186.9,268.0,256.0,111.4,5,1,False,False,2,TEE_ROUGH
현세린,10531,14,2,8,4,2,ROUGH,563.2,193.6,272.8,152.4,17.9,5,1,False,False,2,TEE_ROUGH
현세린,10531,14,2,8,4,3,GREEN,589.9,213.6,286.7,134.0,3.5,5,1,False,False,2,TEE_ROUGH
현세린,10531,14,2,8,4,4,GREEN,586.5,213.6,286.7,136.3,0.3,5,1,False,False,2,TEE_ROUGH
현세린,10531,14,2,8,4,5,HOLED,586.5,213.6,286.7,136.3,0.0,5,1,False,False,2,TEE_ROUGH
현세린,10531,14,3,8,4,1,FAIRWAY,396.6,163.5,251.8,267.5,132.4,3,-1,True,True,1,NONE
현세린,10531,14,3,8,4,2,GREEN,593.2,220.3,291.3,131.7,14.7,3,-1,True,True,1,NONE
현세린,10531,14,3,8,4,3,HOLED,589.9,243.6,307.5,134.0,0.0,3,-1,True,True,1,NONE
현세린,10531,14,4,8,4,1,FAIRWAY,426.6,163.5,251.9,246.8,109.5,4,0,True,True,2,NONE
현세린,10531,14,4,8,4,2,GREEN,593.2,210.2,284.4,131.7,1.9,4,0,True,True,2,NONE
현세린,10531,14,4,8,4,3,GREEN,593.2,206.9,282.1,131.7,0.7,4,0,True,True,2,NONE
현세린,10531,14,4,8,4,4,HOLED,593.2,206.9,282.1,131.7,0.0,4,0,True,True,2,NONE
최예본,10577,5,1,8,4,1,FAIRWAY,386.6,126.8,226.4,274.3,161.4,4,0,False,True,1,APPROACH_MISS_TO_FRINGE
최예본,10577,5,1,8,4,2,FRINGE,599.9,257.0,316.7,127.2,7.9,4,0,False,True,1,APPROACH_MISS_TO_FRINGE
최예본,10577,5,1,8,4,3,GREEN,609.9,246.9,309.8,120.2,1.0,4,0,False,True,1,APPROACH_MISS_TO_FRINGE
최예본,10577,5,1,8,4,4,HOLED,606.5,250.3,312.1,122.5,0.0,4,0,False,True,1,APPROACH_MISS_TO_FRINGE
최예본,10577,5,2,8,4,1,ROUGH,379.9,170.2,256.4,279.0,133.2,4,0,False,False,1,TEE_ROUGH
최예본,10577,5,2,8,4,2,FRINGE,613.2,200.2,277.5,117.9,18.1,4,0,False,False,1,TEE_ROUGH
최예본,10577,5,2,8,4,3,GREEN,586.5,213.6,286.7,136.3,0.5,4,0,False,False,1,TEE_ROUGH
최예본,10577,5,2,8,4,4,HOLED,586.5,213.6,286.7,136.3,0.0,4,0,False,False,1,TEE_ROUGH
최예본,10577,5,3,8,4,1,ROUGH,393.3,123.5,224.2,269.7,147.1,5,1,False,False,2,TEE_ROUGH
최예본,10577,5,3,8,4,2,FRINGE,586.5,190.2,270.6,136.3,33.9,5,1,False,False,2,TEE_ROUGH
최예본,10577,5,3,8,4,3,GREEN,589.9,220.3,291.3,134.0,16.0,5,1,False,False,2,TEE_ROUGH
최예본,10577,5,3,8,4,4,GREEN,589.9,246.9,309.8,134.0,0.9,5,1,False,False,2,TEE_ROUGH
최예본,10577,5,3,8,4,5,HOLED,589.9,243.6,307.5,134.0,0.0,5,1,False,False,2,TEE_ROUGH
최예본,10577,5,4,8,4,1,FAIRWAY,419.9,163.5,251.9,251.4,113.9,3,-1,True,True,1,NONE
최예본,10577,5,4,8,4,2,GREEN,596.5,206.9,282.1,129.4,0.8,3,-1,True,True,1,NONE
최예본,10577,5,4,8,4,3,HOLED,593.2,206.9,282.1,131.7,0.0,3,-1,True,True,1,NONE
홍진영2,10586,9,1,8,4,1,FAIRWAY,379.9,143.5,238.0,279.0,160.0,4,0,True,True,2,NONE
홍진영2,10586,9,1,8,4,2,GREEN,616.5,243.6,307.5,115.6,6.2,4,0,True,True,2,NONE
홍진영2,10586,9,1,8,4,3,GREEN,606.5,250.3,312.1,122.5,0.5,4,0,True,True,2,NONE
홍진영2,10586,9,1,8,4,4,HOLED,606.5,250.3,312.1,122.5,0.0,4,0,True,True,2,NONE
홍진영2,10586,9,2,8,4,1,FAIRWAY,413.2,136.8,233.4,255.9,119.4,4,0,True,True,2,NONE
홍진영2,10586,9,2,8,4,2,GREEN,599.9,216.9,289.0,127.1,8.5,4,0,True,True,2,NONE
홍진영2,10586,9,2,8,4,3,GREEN,586.5,213.6,286.7,136.3,0.7,4,0,True,True,2,NONE
홍진영2,10586,9,2,8,4,4,HOLED,586.5,213.6,286.7,136.3,0.0,4,0,True,True,2,NONE
홍진영2,10586,9,3,8,4,1,FAIRWAY,396.6,133.5,231.1,267.4,141.2,4,0,True,True,2,NONE
홍진영2,10586,9,3,8,4,2,GREEN,603.2,230.3,298.2,124.8,12.1,4,0,True,True,2,NONE
홍진영2,10586,9,3,8,4,3,GREEN,589.9,243.6,307.5,134.0,0.4,4,0,True,True,2,NONE
홍진영2,10586,9,3,8,4,4,HOLED,589.9,243.6,307.5,134.0,0.0,4,0,True,True,2,NONE
홍진영2,10586,9,4,8,4,1,ROUGH,419.9,183.5,265.7,251.4,112.9,4,0,False,False,1,TEE_ROUGH
홍진영2,10586,9,4,8,4,2,FRINGE,613.2,200.2,277.5,117.9,13.0,4,0,False,False,1,TEE_ROUGH
홍진영2,10586,9,4,8,4,3,GREEN,589.9,210.2,284.4,134.0,3.2,4,0,False,False,1,TEE_ROUGH
홍진영2,10586,9,4,8,4,4,HOLED,593.2,206.9,282.1,131.7,0.0,4,0,False,False,1,TEE_ROUGH
김민솔,10725,2,1,8,4,1,ROUGH,389.9,176.9,261.0,272.1,145.2,4,0,False,False,1,TEE_ROUGH
김민솔,10725,2,1,8,4,2,FRINGE,626.5,216.9,289.1,108.7,24.5,4,0,False,False,1,TEE_ROUGH
김민솔,10725,2,1,8,4,3,GREEN,603.2,253.6,314.4,124.8,4.5,4,0,False,False,1,TEE_ROUGH
김민솔,10725,2,1,8,4,4,HOLED,606.5,250.3,312.1,122.5,0.0,4,0,False,False,1,TEE_ROUGH
김민솔,10725,2,2,8,4,1,ROUGH,379.9,106.8,212.6,278.9,147.3,4,0,False,False,1,TEE_ROUGH
김민솔,10725,2,2,8,4,2,ROUGH,629.9,223.6,293.7,106.4,27.8,4,0,False,False,1,TEE_ROUGH
김민솔,10725,2,2,8,4,3,GREEN,583.2,210.2,284.4,138.6,1.4,4,0,False,False,1,TEE_ROUGH
김민솔,10725,2,2,8,4,4,HOLED,586.5,213.6,286.7,136.3,0.0,4,0,False,False,1,TEE_ROUGH
김민솔,10725,2,3,8,4,1,FAIRWAY,423.2,136.8,233.4,249.0,126.5,5,1,False,True,1,APPROACH_MISS_TO_ROUGH
김민솔,10725,2,3,8,4,2,ROUGH,599.9,260.3,319.0,127.2,12.6,5,1,False,True,1,APPROACH_MISS_TO_ROUGH
김민솔,10725,2,3,8,4,3,FRINGE,583.2,236.9,302.8,138.6,6.1,5,1,False,True,1,APPROACH_MISS_TO_ROUGH
김민솔,10725,2,3,8,4,4,GREEN,589.9,243.6,307.5,134.0,0.8,5,1,False,True,1,APPROACH_MISS_TO_ROUGH
김민솔,10725,2,3,8,4,5,HOLED,589.9,243.6,307.5,134.0,0.0,5,1,False,True,1,APPROACH_MISS_TO_ROUGH
김민솔,10725,2,4,8,4,1,FAIRWAY,409.9,160.2,249.5,258.3,122.3,4,0,True,True,2,NONE
김민솔,10725,2,4,8,4,2,GREEN,599.9,206.9,282.1,127.1,3.1,4,0,True,True,2,NONE
김민솔,10725,2,4,8,4,3,GREEN,593.2,206.9,282.1,131.7,0.3,4,0,True,True,2,NONE
김민솔,10725,2,4,8,4,4,HOLED,593.2,206.9,282.1,131.7,0.0,4,0,True,True,2,NONE
김가희2,10726,27,1,8,4,1,FAIRWAY,393.3,146.8,240.3,269.8,150.7,4,0,False,True,1,APPROACH_MISS_TO_ROUGH
김가희2,10726,27,1,8,4,2,ROUGH,603.2,260.3,319.0,124.9,8.4,4,0,False,True,1,APPROACH_MISS_TO_ROUGH
김가희2,10726,27,1,8,4,3,GREEN,603.2,243.6,307.5,124.8,4.4,4,0,False,True,1,APPROACH_MISS_TO_ROUGH
김가희2,10726,27,1,8,4,4,HOLED,606.5,250.3,312.1,122.5,0.0,4,0,False,True,1,APPROACH_MISS_TO_ROUGH
김가희2,10726,27,2,8,4,1,FAIRWAY,403.2,153.5,244.9,262.9,121.8,3,-1,True,True,1,NONE
김가희2,10726,27,2,8,4,2,GREEN,586.5,213.6,286.7,136.3,1.4,3,-1,True,True,1,NONE
김가희2,10726,27,2,8,4,3,HOLED,586.5,213.6,286.7,136.3,0.0,3,-1,True,True,1,NONE
김가희2,10726,27,3,8,4,1,ROUGH,393.3,103.5,210.3,269.7,153.6,5,1,False,False,1,TEE_ROUGH
김가희2,10726,27,3,8,4,2,ROUGH,643.2,233.6,300.6,97.2,34.1,5,1,False,False,1,TEE_ROUGH
김가희2,10726,27,3,8,4,3,ROUGH,576.5,246.9,309.7,143.3,7.8,5,1,False,False,1,TEE_ROUGH
김가희2,10726,27,3,8,4,4,GREEN,589.9,243.6,307.5,134.0,0.5,5,1,False,False,1,TEE_ROUGH
김가희2,10726,27,3,8,4,5,HOLED,589.9,243.6,307.5,134.0,0.0,5,1,False,False,1,TEE_ROUGH
김가희2,10726,27,4,8,4,1,ROUGH,366.6,183.5,265.6,288.2,146.7,4,0,False,False,1,TEE_ROUGH
김가희2,10726,27,4,8,4,2,FAIRWAY,423.2,156.8,247.3,249.1,114.0,4,0,False,False,1,TEE_ROUGH
김가희2,10726,27,4,8,4,3,GREEN,593.2,213.6,286.7,131.7,2.9,4,0,False,False,1,TEE_ROUGH
김가희2,10726,27,4,8,4,4,HOLED,593.2,206.9,282.1,131.7,0.0,4,0,False,False,1,TEE_ROUGH
황민정,10727,,1,8,4,1,ROUGH,373.3,170.2,256.4,283.6,157.7,5,1,True,False,3,TEE_ROUGH
황민정,10727,,1,8,4,2,GREEN,603.2,206.9,282.1,124.8,25.6,5,1,True,False,3,TEE_ROUGH
황민정,10727,,1,8,4,3,GREEN,609.9,253.6,314.4,120.2,4.2,5,1,True,False,3,TEE_ROUGH
황민정,10727,,1,8,4,4,GREEN,609.9,250.3,312.1,120.2,1.4,5,1,True,False,3,TEE_ROUGH
황민정,10727,,1,8,4,5,HOLED,606.5,250.3,312.1,122.5,0.0,5,1,True,False,3,TEE_ROUGH
황민정,10727,,2,8,4,1,ROUGH,383.3,113.5,217.2,276.6,143.9,4,0,True,False,2,TEE_ROUGH
황민정,10727,,2,8,4,2,GREEN,609.9,226.9,296.0,120.2,17.6,4,0,True,False,2,TEE_ROUGH
황민정,10727,,2,8,4,3,GREEN,586.5,210.2,284.4,136.3,1.3,4,0,True,False,2,TEE_ROUGH
황민정,10727,,2,8,4,4,HOLED,586.5,213.6,286.7,136.3,0.0,4,0,True,False,2,TEE_ROUGH
리 슈잉,10789,,1,8,4,1,ROUGH,393.3,86.8,198.8,269.7,170.5,7,3,False,False,2,TEE_ROUGH
리 슈잉,10789,,1,8,4,2,PENALTY_STROKE,23.3,220.3,290.5,525.5,,7,3,False,False,2,TEE_ROUGH
리 슈잉,10789,,1,8,4,3,ROUGH,389.9,103.5,210.3,272.0,166.3,7,3,False,False,2,TEE_ROUGH
리 슈잉,10789,,1,8,4,4,ROUGH,633.2,216.9,289.1,104.1,26.1,7,3,False,False,2,TEE_ROUGH
리 슈잉,10789,,1,8,4,5,GREEN,613.2,243.6,307.5,117.9,5.4,7,3,False,False,2,TEE_ROUGH
리 슈잉,10789,,1,8,4,6,GREEN,606.5,250.3,312.1,122.5,0.3,7,3,False,False,2,TEE_ROUGH
리 슈잉,10789,,1,8,4,7,HOLED,606.5,250.3,312.1,122.5,0.0,7,3,False,False,2,TEE_ROUGH
리 슈잉,10789,,2,8,4,1,ROUGH,393.3,166.9,254.1,269.8,125.2,5,1,False,False,1,TEE_ROUGH
리 슈잉,10789,,2,8,4,2,PENALTY_AREA,526.6,190.2,270.5,177.7,,5,1,False,False,1,TEE_ROUGH
리 슈잉,10789,,2,8,4,3,PENALTY_STROKE,449.9,146.8,240.4,230.6,,5,1,False,False,1,TEE_ROUGH
리 슈잉,10789,,2,8,4,4,GREEN,589.9,213.6,286.7,134.0,2.6,5,1,False,False,1,TEE_ROUGH
리 슈잉,10789,,2,8,4,5,HOLED,586.5,213.6,286.7,136.3,0.0,5,1,False,False,1,TEE_ROUGH
김하은2,10790,40,1,8,4,1,FAIRWAY,386.6,150.2,242.6,274.4,153.7,6,2,False,True,2,APPROACH_MISS_TO_ROUGH
김하은2,10790,40,1,8,4,2,ROUGH,583.2,263.6,321.3,138.7,19.0,6,2,False,True,2,APPROACH_MISS_TO_ROUGH
김하은2,10790,40,1,8,4,3,ROUGH,626.5,236.9,302.9,108.7,14.3,6,2,False,True,2,APPROACH_MISS_TO_ROUGH
김하은2,10790,40,1,8,4,4,GREEN,609.9,243.6,307.5,120.2,3.8,6,2,False,True,2,APPROACH_MISS_TO_ROUGH
김하은2,10790,40,1,8,4,5,GREEN,606.5,250.3,312.1,122.5,0.3,6,2,False,True,2,APPROACH_MISS_TO_ROUGH
김하은2,10790,40,1,8,4,6,HOLED,606.5,250.3,312.1,122.5,0.0,6,2,False,True,2,APPROACH_MISS_TO_ROUGH
김하은2,10790,40,2,8,4,1,FAIRWAY,403.2,160.2,249.5,262.9,121.7,4,0,False,True,1,APPROACH_MISS_TO_FRINGE
김하은2,10790,40,2,8,4,2,FRINGE,606.5,193.6,272.9,122.5,16.8,4,0,False,True,1,APPROACH_MISS_TO_FRINGE
김하은2,10790,40,2,8,4,3,GREEN,586.5,213.6,286.7,136.3,0.5,4,0,False,True,1,APPROACH_MISS_TO_FRINGE
김하은2,10790,40,2,8,4,4,HOLED,586.5,213.6,286.7,136.3,0.0,4,0,False,True,1,APPROACH_MISS_TO_FRINGE
김하은2,10790,40,3,8,4,1,FAIRWAY,406.6,156.8,247.2,260.6,128.7,4,0,True,True,2,NONE
김하은2,10790,40,3,8,4,2,GREEN,593.2,220.3,291.3,131.7,16.4,4,0,True,True,2,NONE
김하은2,10790,40,3,8,4,3,GREEN,589.9,243.6,307.5,134.0,0.4,4,0,True,True,2,NONE
김하은2,10790,40,3,8,4,4,HOLED,589.9,243.6,307.5,134.0,0.0,4,0,True,True,2,NONE
김하은2,10790,40,4,8,4,1,FAIRWAY,426.6,143.5,238.0,246.7,115.1,3,-1,True,True,1,NONE
김하은2,10790,40,4,8,4,2,GREEN,599.9,206.9,282.1,127.1,4.1,3,-1,True,True,1,NONE
김하은2,10790,40,4,8,4,3,HOLED,593.2,206.9,282.1,131.7,0.0,3,-1,True,True,1,NONE
양서후,10867,,1,8,4,1,ROUGH,359.9,126.8,226.4,292.8,176.6,4,0,False,False,1,TEE_ROUGH
양서후,10867,,1,8,4,2,ROUGH,623.2,246.9,309.8,111.0,9.3,4,0,False,False,1,TEE_ROUGH
양서후,10867,,1,8,4,3,GREEN,606.5,250.3,312.1,122.5,1.2,4,0,False,False,1,TEE_ROUGH
양서후,10867,,1,8,4,4,HOLED,606.5,250.3,312.1,122.5,0.0,4,0,False,False,1,TEE_ROUGH
양서후,10867,,2,8,4,1,ROUGH,369.9,116.8,219.5,285.8,150.8,4,0,False,False,1,TEE_ROUGH
양서후,10867,,2,8,4,2,ROUGH,616.5,200.2,277.5,115.6,21.3,4,0,False,False,1,TEE_ROUGH
양서후,10867,,2,8,4,3,GREEN,586.5,213.6,286.7,136.3,1.0,4,0,False,False,1,TEE_ROUGH
양서후,10867,,2,8,4,4,HOLED,586.5,213.6,286.7,136.3,0.0,4,0,False,False,1,TEE_ROUGH
이세영,11040,,1,8,4,1,FAIRWAY,403.2,133.5,231.1,262.8,150.4,4,0,True,True,2,NONE
이세영,11040,,1,8,4,2,GREEN,596.5,246.9,309.8,129.4,7.2,4,0,True,True,2,NONE
이세영,11040,,1,8,4,3,GREEN,606.5,246.9,309.8,122.5,0.5,4,0,True,True,2,NONE
이세영,11040,,1,8,4,4,HOLED,606.5,250.3,312.1,122.5,0.0,4,0,True,True,2,NONE
이세영,11040,,2,8,4,1,ROUGH,399.9,93.4,203.4,265.1,141.6,4,0,False,False,1,TEE_ROUGH
이세영,11040,,2,8,4,2,FAIRWAY,443.2,150.2,242.7,235.2,99.2,4,0,False,False,1,TEE_ROUGH
이세영,11040,,2,8,4,3,GREEN,586.5,210.2,284.4,136.3,2.0,4,0,False,False,1,TEE_ROUGH
이세영,11040,,2,8,4,4,HOLED,586.5,213.6,286.7,136.3,0.0,4,0,False,False,1,TEE_ROUGH
홍현지,11042,40,1,8,4,1,ROUGH,369.9,110.1,214.9,285.8,174.5,4,0,False,False,1,TEE_ROUGH
홍현지,11042,40,1,8,4,2,ROUGH,613.2,193.6,272.9,117.9,34.1,4,0,False,False,1,TEE_ROUGH
홍현지,11042,40,1,8,4,3,GREEN,603.2,246.9,309.8,124.8,3.1,4,0,False,False,1,TEE_ROUGH
홍현지,11042,40,1,8,4,4,HOLED,606.5,250.3,312.1,122.5,0.0,4,0,False,False,1,TEE_ROUGH
홍현지,11042,40,2,8,4,1,ROUGH,373.3,166.9,254.1,283.6,138.1,5,1,False,False,2,TEE_ROUGH
홍현지,11042,40,2,8,4,2,FAIRWAY,423.2,156.8,247.3,249.1,110.5,5,1,False,False,2,TEE_ROUGH
홍현지,11042,40,2,8,4,3,GREEN,599.9,203.6,279.8,127.1,10.7,5,1,False,False,2,TEE_ROUGH
홍현지,11042,40,2,8,4,4,GREEN,586.5,213.6,286.7,136.3,1.0,5,1,False,False,2,TEE_ROUGH
홍현지,11042,40,2,8,4,5,HOLED,586.5,213.6,286.7,136.3,0.0,5,1,False,False,2,TEE_ROUGH
홍현지,11042,40,3,8,4,1,FAIRWAY,396.6,156.8,247.2,267.5,135.6,5,1,False,True,2,APPROACH_MISS_TO_FRINGE
홍현지,11042,40,3,8,4,2,FRINGE,616.5,250.3,312.1,115.6,18.4,5,1,False,True,2,APPROACH_MISS_TO_FRINGE
홍현지,11042,40,3,8,4,3,GREEN,593.2,243.6,307.5,131.7,3.3,5,1,False,True,2,APPROACH_MISS_TO_FRINGE
홍현지,11042,40,3,8,4,4,GREEN,589.9,243.6,307.5,134.0,0.4,5,1,False,True,2,APPROACH_MISS_TO_FRINGE
홍현지,11042,40,3,8,4,5,HOLED,589.9,243.6,307.5,134.0,0.0,5,1,False,True,2,APPROACH_MISS_TO_FRINGE
홍현지,11042,40,4,8,4,1,FAIRWAY,413.2,143.5,238.0,255.9,123.0,4,0,True,True,2,NONE
홍현지,11042,40,4,8,4,2,GREEN,603.2,200.2,277.5,124.8,6.9,4,0,True,True,2,NONE
홍현지,11042,40,4,8,4,3,GREEN,596.5,206.9,282.1,129.4,0.4,4,0,True,True,2,NONE
홍현지,11042,40,4,8,4,4,HOLED,593.2,206.9,282.1,131.7,0.0,4,0,True,True,2,NONE
양효진,11045,,1,8,4,1,FAIRWAY,413.2,146.8,240.3,255.9,139.8,7,3,False,True,1,APPROACH_MISS_TO_PENALTY_AREA
양효진,11045,,1,8,4,2,PENALTY_AREA,576.5,253.6,314.3,143.3,,7,3,False,True,1,APPROACH_MISS_TO_PENALTY_AREA
양효진,11045,,1,8,4,3,PENALTY_AREA,569.9,250.3,312.0,147.9,,7,3,False,True,1,APPROACH_MISS_TO_PENALTY_AREA
양효진,11045,,1,8,4,4,ROUGH,623.2,243.6,307.5,111.0,9.4,7,3,False,True,1,APPROACH_MISS_TO_PENALTY_AREA
양효진,11045,,1,8,4,5,FRINGE,616.5,246.9,309.8,115.6,6.4,7,3,False,True,1,APPROACH_MISS_TO_PENALTY_AREA
양효진,11045,,1,8,4,6,GREEN,606.5,250.3,312.1,122.5,0.4,7,3,False,True,1,APPROACH_MISS_TO_PENALTY_AREA
양효진,11045,,1,8,4,7,HOLED,606.5,250.3,312.1,122.5,0.0,7,3,False,True,1,APPROACH_MISS_TO_PENALTY_AREA
양효진,11045,,2,8,4,1,FAIRWAY,406.6,146.8,240.3,260.5,120.8,5,1,True,True,3,PUTTING_LOSS_3PLUS
양효진,11045,,2,8,4,2,GREEN,586.5,213.6,286.7,136.3,1.6,5,1,True,True,3,PUTTING_LOSS_3PLUS
양효진,11045,,2,8,4,3,GREEN,586.5,213.6,286.7,136.3,0.8,5,1,True,True,3,PUTTING_LOSS_3PLUS
양효진,11045,,2,8,4,4,GREEN,586.5,213.6,286.7,136.3,0.3,5,1,True,True,3,PUTTING_LOSS_3PLUS
양효진,11045,,2,8,4,5,HOLED,586.5,213.6,286.7,136.3,0.0,5,1,True,True,3,PUTTING_LOSS_3PLUS
박예지,11056,,1,8,4,1,ROUGH,396.6,176.9,261.0,267.5,141.5,4,0,False,False,1,TEE_ROUGH
박예지,11056,,1,8,4,2,ROUGH,636.5,233.6,300.6,101.8,19.2,4,0,False,False,1,TEE_ROUGH
박예지,11056,,1,8,4,3,GREEN,599.9,250.3,312.1,127.1,4.7,4,0,False,False,1,TEE_ROUGH
박예지,11056,,1,8,4,4,HOLED,606.5,250.3,312.1,122.5,0.0,4,0,False,False,1,TEE_ROUGH
박예지,11056,,2,8,4,1,LOST_BALL,373.3,30.0,159.6,283.4,,6,2,False,False,2,TEE_PENALTY_LOST_BALL
박예지,11056,,2,8,4,2,PENALTY_STROKE,23.3,216.9,288.2,525.5,,6,2,False,False,2,TEE_PENALTY_LOST_BALL
박예지,11056,,2,8,4,3,FAIRWAY,383.3,140.2,235.7,276.7,137.7,6,2,False,False,2,TEE_PENALTY_LOST_BALL
박예지,11056,,2,8,4,4,GREEN,599.9,206.9,282.1,127.1,9.2,6,2,False,False,2,TEE_PENALTY_LOST_BALL
박예지,11056,,2,8,4,5,GREEN,586.5,213.6,286.7,136.3,0.5,6,2,False,False,2,TEE_PENALTY_LOST_BALL
박예지,11056,,2,8,4,6,HOLED,586.5,213.6,286.7,136.3,0.0,6,2,False,False,2,TEE_PENALTY_LOST_BALL
송은아,11057,,1,8,4,1,ROUGH,423.2,176.9,261.1,249.1,125.5,7,3,False,False,2,TEE_ROUGH
송은아,11057,,1,8,4,2,PENALTY_AREA,543.2,196.9,275.1,166.2,,7,3,False,False,2,TEE_ROUGH
송은아,11057,,1,8,4,3,PENALTY_STROKE,503.2,216.9,288.9,193.9,,7,3,False,False,2,TEE_ROUGH
송은아,11057,,1,8,4,4,FRINGE,626.5,230.3,298.3,108.7,16.3,7,3,False,False,2,TEE_ROUGH
송은아,11057,,1,8,4,5,GREEN,606.5,253.6,314.4,122.5,3.0,7,3,False,False,2,TEE_ROUGH
송은아,11057,,1,8,4,6,GREEN,609.9,246.9,309.8,120.2,0.8,7,3,False,False,2,TEE_ROUGH
송은아,11057,,1,8,4,7,HOLED,606.5,250.3,312.1,122.5,0.0,7,3,False,False,2,TEE_ROUGH
송은아,11057,,2,8,4,1,FAIRWAY,423.2,136.8,233.4,249.0,114.1,3,-1,True,True,1,NONE
송은아,11057,,2,8,4,2,GREEN,586.5,210.2,284.4,136.3,2.1,3,-1,True,True,1,NONE
송은아,11057,,2,8,4,3,HOLED,586.5,213.6,286.7,136.3,0.0,3,-1,True,True,1,NONE
안재희,11060,59,1,8,4,1,ROUGH,383.3,93.4,203.4,276.6,174.9,5,1,False,False,2,TEE_ROUGH
안재희,11060,59,1,8,4,2,ROUGH,389.9,120.1,221.8,272.0,161.5,5,1,False,False,2,TEE_ROUGH
안재희,11060,59,1,8,4,3,GREEN,596.5,250.3,312.1,129.4,7.1,5,1,False,False,2,TEE_ROUGH
안재희,11060,59,1,8,4,4,GREEN,606.5,250.3,312.1,122.5,0.4,5,1,False,False,2,TEE_ROUGH
안재희,11060,59,1,8,4,5,HOLED,606.5,250.3,312.1,122.5,0.0,5,1,False,False,2,TEE_ROUGH
안재희,11060,59,2,8,4,1,FAIRWAY,396.6,133.5,231.1,267.4,131.5,6,2,False,True,1,APPROACH_MISS_TO_PENALTY_AREA
안재희,11060,59,2,8,4,2,PENALTY_AREA,559.9,236.9,302.8,154.8,,6,2,False,True,1,APPROACH_MISS_TO_PENALTY_AREA
안재희,11060,59,2,8,4,3,PENALTY_STROKE,449.9,156.8,247.3,230.6,,6,2,False,True,1,APPROACH_MISS_TO_PENALTY_AREA
안재희,11060,59,2,8,4,4,FRINGE,579.9,213.6,286.7,140.9,4.5,6,2,False,True,1,APPROACH_MISS_TO_PENALTY_AREA
안재희,11060,59,2,8,4,5,GREEN,586.5,210.2,284.4,136.3,0.8,6,2,False,True,1,APPROACH_MISS_TO_PENALTY_AREA
안재희,11060,59,2,8,4,6,HOLED,586.5,213.6,286.7,136.3,0.0,6,2,False,True,1,APPROACH_MISS_TO_PENALTY_AREA
안재희,11060,59,3,8,4,1,FAIRWAY,413.2,136.8,233.4,255.9,131.1,3,-1,True,True,1,NONE
안재희,11060,59,3,8,4,2,GREEN,596.5,243.6,307.5,129.4,4.9,3,-1,True,True,1,NONE
안재희,11060,59,3,8,4,3,HOLED,589.9,243.6,307.5,134.0,0.0,3,-1,True,True,1,NONE
안재희,11060,59,4,8,4,1,ROUGH,359.9,180.2,263.3,292.8,150.1,4,0,False,False,1,TEE_ROUGH
안재희,11060,59,4,8,4,2,ROUGH,586.5,180.2,263.6,136.3,17.7,4,0,False,False,1,TEE_ROUGH
안재희,11060,59,4,8,4,3,GREEN,593.2,206.9,282.1,131.7,0.4,4,0,False,False,1,TEE_ROUGH
안재희,11060,59,4,8,4,4,HOLED,593.2,206.9,282.1,131.7,0.0,4,0,False,False,1,TEE_ROUGH
유서연2,11066,9,1,8,4,1,FAIRWAY,383.3,126.8,226.4,276.6,161.8,4,0,True,True,2,NONE
유서연2,11066,9,1,8,4,2,GREEN,589.9,216.9,289.0,134.0,22.7,4,0,True,True,2,NONE
유서연2,11066,9,1,8,4,3,GREEN,609.9,250.3,312.1,120.2,2.4,4,0,True,True,2,NONE
유서연2,11066,9,1,8,4,4,HOLED,606.5,250.3,312.1,122.5,0.0,4,0,True,True,2,NONE
유서연2,11066,9,2,8,4,1,FAIRWAY,386.6,146.8,240.3,274.4,134.0,4,0,True,True,2,NONE
유서연2,11066,9,2,8,4,2,GREEN,593.2,220.3,291.3,131.7,7.5,4,0,True,True,2,NONE
유서연2,11066,9,2,8,4,3,GREEN,586.5,213.6,286.7,136.3,1.3,4,0,True,True,2,NONE
유서연2,11066,9,2,8,4,4,HOLED,586.5,213.6,286.7,136.3,0.0,4,0,True,True,2,NONE
유서연2,11066,9,3,8,4,1,ROUGH,349.9,196.9,274.8,299.8,154.7,5,1,False,False,2,TEE_ROUGH
유서연2,11066,9,3,8,4,2,FAIRWAY,429.9,143.5,238.0,244.4,120.8,5,1,False,False,2,TEE_ROUGH
유서연2,11066,9,3,8,4,3,GREEN,593.2,246.9,309.8,131.7,3.3,5,1,False,False,2,TEE_ROUGH
유서연2,11066,9,3,8,4,4,GREEN,589.9,243.6,307.5,134.0,0.2,5,1,False,False,2,TEE_ROUGH
유서연2,11066,9,3,8,4,5,HOLED,589.9,243.6,307.5,134.0,0.0,5,1,False,False,2,TEE_ROUGH
유서연2,11066,9,4,8,4,1,FAIRWAY,383.3,140.2,235.7,276.7,140.4,4,0,True,True,2,NONE
유서연2,11066,9,4,8,4,2,GREEN,599.9,203.6,279.8,127.1,4.1,4,0,True,True,2,NONE
유서연2,11066,9,4,8,4,3,GREEN,593.2,210.2,284.4,131.7,0.5,4,0,True,True,2,NONE
유서연2,11066,9,4,8,4,4,HOLED,593.2,206.9,282.1,131.7,0.0,4,0,True,True,2,NONE
최정원,11073,,1,8,4,1,ROUGH,403.2,173.5,258.8,262.9,139.5,4,0,False,False,1,TEE_ROUGH
최정원,11073,,1,8,4,2,ROUGH,623.2,243.6,307.5,111.0,11.0,4,0,False,False,1,TEE_ROUGH
최정원,11073,,1,8,4,3,GREEN,603.2,246.9,309.8,124.8,3.0,4,0,False,False,1,TEE_ROUGH
최정원,11073,,1,8,4,4,HOLED,606.5,250.3,312.1,122.5,0.0,4,0,False,False,1,TEE_ROUGH
최정원,11073,,2,8,4,1,ROUGH,373.3,176.9,261.0,283.6,136.6,5,1,False,False,1,TEE_ROUGH
최정원,11073,,2,8,4,2,FAIRWAY,409.9,166.9,254.2,258.3,116.9,5,1,False,False,1,TEE_ROUGH
최정원,11073,,2,8,4,3,FRINGE,579.9,196.9,275.2,140.9,10.2,5,1,False,False,1,TEE_ROUGH
최정원,11073,,2,8,4,4,GREEN,586.5,213.6,286.7,136.3,0.4,5,1,False,False,1,TEE_ROUGH
최정원,11073,,2,8,4,5,HOLED,586.5,213.6,286.7,136.3,0.0,5,1,False,False,1,TEE_ROUGH
조하리,11076,,1,8,4,1,ROUGH,359.9,110.1,214.9,292.7,180.5,6,2,False,False,2,TEE_ROUGH
조하리,11076,,1,8,4,2,PENALTY_AREA,556.5,220.3,291.3,157.0,,6,2,False,False,2,TEE_ROUGH
조하리,11076,,1,8,4,3,PENALTY_STROKE,533.2,226.9,295.8,173.2,,6,2,False,False,2,TEE_ROUGH
조하리,11076,,1,8,4,4,GREEN,596.5,243.6,307.5,129.4,7.6,6,2,False,False,2,TEE_ROUGH
조하리,11076,,1,8,4,5,GREEN,609.9,250.3,312.1,120.2,0.5,6,2,False,False,2,TEE_ROUGH
조하리,11076,,1,8,4,6,HOLED,606.5,250.3,312.1,122.5,0.0,6,2,False,False,2,TEE_ROUGH
서교림,11134,20,1,8,4,1,FAIRWAY,416.6,140.2,235.7,253.6,140.7,4,0,True,True,2,NONE
서교림,11134,20,1,8,4,2,GREEN,589.9,246.9,309.8,134.0,12.2,4,0,True,True,2,NONE
서교림,11134,20,1,8,4,3,GREEN,606.5,246.9,309.8,122.5,1.2,4,0,True,True,2,NONE
서교림,11134,20,1,8,4,4,HOLED,606.5,250.3,312.1,122.5,0.0,4,0,True,True,2,NONE
서교림,11134,20,2,8,4,1,ROUGH,433.2,183.5,265.7,242.2,98.6,6,2,False,False,2,TEE_ROUGH
서교림,11134,20,2,8,4,2,PENALTY_AREA,559.9,206.9,282.0,154.7,,6,2,False,False,2,TEE_ROUGH
서교림,11134,20,2,8,4,3,PENALTY_STROKE,439.9,176.9,261.1,237.6,,6,2,False,False,2,TEE_ROUGH
서교림,11134,20,2,8,4,4,GREEN,596.5,216.9,289.0,129.4,8.5,6,2,False,False,2,TEE_ROUGH
서교림,11134,20,2,8,4,5,GREEN,586.5,213.6,286.7,136.3,0.2,6,2,False,False,2,TEE_ROUGH
서교림,11134,20,2,8,4,6,HOLED,586.5,213.6,286.7,136.3,0.0,6,2,False,False,2,TEE_ROUGH
서교림,11134,20,3,8,4,1,FAIRWAY,423.2,133.5,231.1,249.0,127.4,3,-1,True,True,1,NONE
서교림,11134,20,3,8,4,2,GREEN,596.5,250.3,312.1,129.4,6.0,3,-1,True,True,1,NONE
서교림,11134,20,3,8,4,3,HOLED,589.9,243.6,307.5,134.0,0.0,3,-1,True,True,1,NONE
서교림,11134,20,4,8,4,1,ROUGH,449.9,170.2,256.5,230.6,94.5,4,0,True,False,2,TEE_ROUGH
서교림,11134,20,4,8,4,2,GREEN,603.2,200.2,277.5,124.8,7.3,4,0,True,False,2,TEE_ROUGH
서교림,11134,20,4,8,4,3,GREEN,593.2,210.2,284.4,131.7,0.4,4,0,True,False,2,TEE_ROUGH
서교림,11134,20,4,8,4,4,HOLED,593.2,206.9,282.1,131.7,0.0,4,0,True,False,2,TEE_ROUGH
김시현,11143,14,1,8,4,1,ROUGH,419.9,183.5,265.7,251.4,126.7,5,1,False,False,2,TEE_ROUGH
김시현,11143,14,1,8,4,2,FRINGE,583.2,240.3,305.1,138.6,17.6,5,1,False,False,2,TEE_ROUGH
김시현,11143,14,1,8,4,3,GREEN,609.9,250.3,312.1,120.2,1.0,5,1,False,False,2,TEE_ROUGH
김시현,11143,14,1,8,4,4,GREEN,606.5,246.9,309.8,122.5,0.3,5,1,False,False,2,TEE_ROUGH
김시현,11143,14,1,8,4,5,HOLED,606.5,250.3,312.1,122.5,0.0,5,1,False,False,2,TEE_ROUGH
김시현,11143,14,2,8,4,1,ROUGH,396.6,176.9,261.0,267.5,121.6,6,2,False,False,2,TEE_ROUGH
김시현,11143,14,2,8,4,2,PENALTY_AREA,566.5,230.3,298.2,150.1,,6,2,False,False,2,TEE_ROUGH
김시현,11143,14,2,8,4,3,PENALTY_STROKE,446.6,166.9,254.2,232.9,,6,2,False,False,2,TEE_ROUGH
김시현,11143,14,2,8,4,4,GREEN,596.5,203.6,279.8,129.4,8.9,6,2,False,False,2,TEE_ROUGH
김시현,11143,14,2,8,4,5,GREEN,586.5,213.6,286.7,136.3,0.5,6,2,False,False,2,TEE_ROUGH
김시현,11143,14,2,8,4,6,HOLED,586.5,213.6,286.7,136.3,0.0,6,2,False,False,2,TEE_ROUGH
김시현,11143,14,3,8,4,1,ROUGH,376.6,103.5,210.3,281.2,162.9,5,1,False,False,1,TEE_ROUGH
김시현,11143,14,3,8,4,2,PENALTY_AREA,569.9,233.6,300.5,147.8,,5,1,False,False,1,TEE_ROUGH
김시현,11143,14,3,8,4,3,PENALTY_STROKE,443.2,143.5,238.1,235.2,,5,1,False,False,1,TEE_ROUGH
김시현,11143,14,3,8,4,4,GREEN,589.9,243.6,307.5,134.0,0.5,5,1,False,False,1,TEE_ROUGH
김시현,11143,14,3,8,4,5,HOLED,589.9,243.6,307.5,134.0,0.0,5,1,False,False,1,TEE_ROUGH
김시현,11143,14,4,8,4,1,FAIRWAY,399.9,143.5,238.0,265.2,130.7,4,0,True,True,2,NONE
김시현,11143,14,4,8,4,2,GREEN,599.9,213.6,286.7,127.1,4.5,4,0,True,True,2,NONE
김시현,11143,14,4,8,4,3,GREEN,593.2,206.9,282.1,131.7,0.5,4,0,True,True,2,NONE
김시현,11143,14,4,8,4,4,HOLED,593.2,206.9,282.1,131.7,0.0,4,0,True,True,2,NONE
김지윤2,11216,,1,8,4,1,FAIRWAY,383.3,150.2,242.6,276.7,155.3,5,1,False,True,2,APPROACH_MISS_TO_PENALTY_AREA
김지윤2,11216,,1,8,4,2,PENALTY_AREA,579.9,257.0,316.7,141.0,,5,1,False,True,2,APPROACH_MISS_TO_PENALTY_AREA
김지윤2,11216,,1,8,4,3,GREEN,613.2,243.6,307.5,117.9,4.6,5,1,False,True,2,APPROACH_MISS_TO_PENALTY_AREA
김지윤2,11216,,1,8,4,4,GREEN,606.5,250.3,312.1,122.5,0.2,5,1,False,True,2,APPROACH_MISS_TO_PENALTY_AREA
김지윤2,11216,,1,8,4,5,HOLED,606.5,250.3,312.1,122.5,0.0,5,1,False,True,2,APPROACH_MISS_TO_PENALTY_AREA
김지윤2,11216,,2,8,4,1,ROUGH,379.9,96.8,205.7,278.9,150.3,5,1,False,False,1,TEE_ROUGH
김지윤2,11216,,2,8,4,2,FAIRWAY,429.9,146.8,240.3,244.4,107.1,5,1,False,False,1,TEE_ROUGH
김지윤2,11216,,2,8,4,3,FRINGE,576.5,206.9,282.1,143.2,7.3,5,1,False,False,1,TEE_ROUGH
김지윤2,11216,,2,8,4,4,GREEN,586.5,213.6,286.7,136.3,0.3,5,1,False,False,1,TEE_ROUGH
김지윤2,11216,,2,8,4,5,HOLED,586.5,213.6,286.7,136.3,0.0,5,1,False,False,1,TEE_ROUGH
한아름,11447,49,1,8,4,1,ROUGH,369.9,186.9,267.9,285.9,156.3,4,0,False,False,1,TEE_ROUGH
한아름,11447,49,1,8,4,2,FAIRWAY,399.9,133.5,231.1,265.1,151.0,4,0,False,False,1,TEE_ROUGH
한아름,11447,49,1,8,4,3,GREEN,616.5,236.9,302.9,115.6,9.1,4,0,False,False,1,TEE_ROUGH
한아름,11447,49,1,8,4,4,HOLED,606.5,250.3,312.1,122.5,0.0,4,0,False,False,1,TEE_ROUGH
한아름,11447,49,2,8,4,1,ROUGH,369.9,113.5,217.2,285.8,151.5,3,-1,True,False,1,TEE_ROUGH
한아름,11447,49,2,8,4,2,GREEN,593.2,200.2,277.5,131.7,8.0,3,-1,True,False,1,TEE_ROUGH
한아름,11447,49,2,8,4,3,HOLED,586.5,213.6,286.7,136.3,0.0,3,-1,True,False,1,TEE_ROUGH
한아름,11447,49,3,8,4,1,ROUGH,359.9,116.8,219.5,292.7,168.0,4,0,False,False,1,TEE_ROUGH
한아름,11447,49,3,8,4,2,FRINGE,626.5,216.9,289.1,108.7,29.5,4,0,False,False,1,TEE_ROUGH
한아름,11447,49,3,8,4,3,GREEN,586.5,243.6,307.4,136.3,1.0,4,0,False,False,1,TEE_ROUGH
한아름,11447,49,3,8,4,4,HOLED,589.9,243.6,307.5,134.0,0.0,4,0,False,False,1,TEE_ROUGH
한아름,11447,49,4,8,4,1,ROUGH,349.9,190.2,270.2,299.8,155.7,5,1,False,False,2,TEE_ROUGH
한아름,11447,49,4,8,4,2,FAIRWAY,429.9,150.2,242.7,244.4,111.1,5,1,False,False,2,TEE_ROUGH
한아름,11447,49,4,8,4,3,GREEN,593.2,213.6,286.7,131.7,3.9,5,1,False,False,2,TEE_ROUGH
한아름,11447,49,4,8,4,4,GREEN,593.2,210.2,284.4,131.7,0.4,5,1,False,False,2,TEE_ROUGH
한아름,11447,49,4,8,4,5,HOLED,593.2,206.9,282.1,131.7,0.0,5,1,False,False,2,TEE_ROUGH
이윤서,11469,,1,8,4,1,ROUGH,383.3,96.8,205.7,276.6,173.6,5,1,False,False,2,TEE_ROUGH
이윤서,11469,,1,8,4,2,FAIRWAY,429.9,140.2,235.7,244.4,132.7,5,1,False,False,2,TEE_ROUGH
이윤서,11469,,1,8,4,3,GREEN,593.2,250.3,312.1,131.8,9.6,5,1,False,False,2,TEE_ROUGH
이윤서,11469,,1,8,4,4,GREEN,609.9,246.9,309.8,120.2,0.5,5,1,False,False,2,TEE_ROUGH
이윤서,11469,,1,8,4,5,HOLED,606.5,250.3,312.1,122.5,0.0,5,1,False,False,2,TEE_ROUGH
이윤서,11469,,2,8,4,1,FAIRWAY,363.3,153.5,244.9,290.5,147.7,4,0,True,True,2,NONE
이윤서,11469,,2,8,4,2,GREEN,583.2,200.2,277.5,138.6,7.9,4,0,True,True,2,NONE
이윤서,11469,,2,8,4,3,GREEN,586.5,213.6,286.7,136.3,0.3,4,0,True,True,2,NONE
이윤서,11469,,2,8,4,4,HOLED,586.5,213.6,286.7,136.3,0.0,4,0,True,True,2,NONE
성아진,11640,24,1,8,4,1,FAIRWAY,436.6,153.5,245.0,239.8,125.3,4,0,True,True,2,NONE
성아진,11640,24,1,8,4,2,GREEN,606.5,236.9,302.9,122.5,7.7,4,0,True,True,2,NONE
성아진,11640,24,1,8,4,3,GREEN,609.9,250.3,312.1,120.2,1.3,4,0,True,True,2,NONE
성아진,11640,24,1,8,4,4,HOLED,606.5,250.3,312.1,122.5,0.0,4,0,True,True,2,NONE
성아진,11640,24,2,8,4,1,FAIRWAY,433.2,153.5,245.0,242.1,105.3,4,0,True,True,2,NONE
성아진,11640,24,2,8,4,2,GREEN,599.9,203.6,279.8,127.1,10.1,4,0,True,True,2,NONE
성아진,11640,24,2,8,4,3,GREEN,586.5,213.6,286.7,136.3,0.4,4,0,True,True,2,NONE
성아진,11640,24,2,8,4,4,HOLED,586.5,213.6,286.7,136.3,0.0,4,0,True,True,2,NONE
성아진,11640,24,3,8,4,1,FAIRWAY,429.9,166.9,254.2,244.5,112.4,3,-1,True,True,1,NONE
성아진,11640,24,3,8,4,2,GREEN,589.9,250.3,312.1,134.1,4.7,3,-1,True,True,1,NONE
성아진,11640,24,3,8,4,3,HOLED,589.9,243.6,307.5,134.0,0.0,3,-1,True,True,1,NONE
성아진,11640,24,4,8,4,1,FAIRWAY,429.9,160.2,249.6,244.5,108.0,4,0,True,True,2,NONE
성아진,11640,24,4,8,4,2,GREEN,593.2,196.9,275.2,131.7,6.9,4,0,True,True,2,NONE
성아진,11640,24,4,8,4,3,GREEN,593.2,206.9,282.1,131.7,0.3,4,0,True,True,2,NONE
성아진,11640,24,4,8,4,4,HOLED,593.2,206.9,282.1,131.7,0.0,4,0,True,True,2,NONE
짜라위 분짠(I),11770,46,1,8,4,1,FAIRWAY,419.9,140.2,235.7,251.3,138.1,4,0,True,True,2,NONE
짜라위 분짠(I),11770,46,1,8,4,2,GREEN,616.5,246.9,309.8,115.6,5.1,4,0,True,True,2,NONE
짜라위 분짠(I),11770,46,1,8,4,3,GREEN,606.5,250.3,312.1,122.5,0.5,4,0,True,True,2,NONE
짜라위 분짠(I),11770,46,1,8,4,4,HOLED,606.5,250.3,312.1,122.5,0.0,4,0,True,True,2,NONE
짜라위 분짠(I),11770,46,2,8,4,1,FAIRWAY,409.9,160.2,249.5,258.3,116.4,4,0,True,True,2,NONE
짜라위 분짠(I),11770,46,2,8,4,2,GREEN,599.9,210.2,284.4,127.1,9.1,4,0,True,True,2,NONE
짜라위 분짠(I),11770,46,2,8,4,3,GREEN,586.5,210.2,284.4,136.3,1.2,4,0,True,True,2,NONE
짜라위 분짠(I),11770,46,2,8,4,4,HOLED,586.5,213.6,286.7,136.3,0.0,4,0,True,True,2,NONE
짜라위 분짠(I),11770,46,3,8,4,1,ROUGH,393.3,180.2,263.3,269.8,131.7,5,1,False,False,2,TEE_ROUGH
짜라위 분짠(I),11770,46,3,8,4,2,FRINGE,609.9,196.9,275.2,120.2,32.4,5,1,False,False,2,TEE_ROUGH
짜라위 분짠(I),11770,46,3,8,4,3,GREEN,586.5,246.9,309.8,136.4,2.6,5,1,False,False,2,TEE_ROUGH
짜라위 분짠(I),11770,46,3,8,4,4,GREEN,589.9,243.6,307.5,134.0,0.5,5,1,False,False,2,TEE_ROUGH
짜라위 분짠(I),11770,46,3,8,4,5,HOLED,589.9,243.6,307.5,134.0,0.0,5,1,False,False,2,TEE_ROUGH
짜라위 분짠(I),11770,46,4,8,4,1,FAIRWAY,399.9,146.8,240.3,265.2,129.8,4,0,True,True,2,NONE
짜라위 분짠(I),11770,46,4,8,4,2,GREEN,589.9,196.9,275.2,134.0,8.6,4,0,True,True,2,NONE
짜라위 분짠(I),11770,46,4,8,4,3,GREEN,593.2,206.9,282.1,131.7,0.9,4,0,True,True,2,NONE
짜라위 분짠(I),11770,46,4,8,4,4,HOLED,593.2,206.9,282.1,131.7,0.0,4,0,True,True,2,NONE
이수민 0906(A),11978,,1,8,4,1,ROUGH,376.6,173.5,258.7,281.3,155.9,5,1,False,False,2,TEE_ROUGH
이수민 0906(A),11978,,1,8,4,2,ROUGH,593.2,180.2,263.6,131.6,45.6,5,1,False,False,2,TEE_ROUGH
이수민 0906(A),11978,,1,8,4,3,GREEN,606.5,257.0,316.7,122.5,4.9,5,1,False,False,2,TEE_ROUGH
이수민 0906(A),11978,,1,8,4,4,GREEN,606.5,246.9,309.8,122.5,0.3,5,1,False,False,2,TEE_ROUGH
이수민 0906(A),11978,,1,8,4,5,HOLED,606.5,250.3,312.1,122.5,0.0,5,1,False,False,2,TEE_ROUGH
이지민,12038,,1,8,4,1,ROUGH,369.9,173.5,258.7,285.9,158.2,4,0,False,False,1,TEE_ROUGH
이지민,12038,,1,8,4,2,ROUGH,639.9,213.6,286.8,99.5,31.5,4,0,False,False,1,TEE_ROUGH
이지민,12038,,1,8,4,3,GREEN,599.9,246.9,309.8,127.1,5.2,4,0,False,False,1,TEE_ROUGH
이지민,12038,,1,8,4,4,HOLED,606.5,250.3,312.1,122.5,0.0,4,0,False,False,1,TEE_ROUGH
이지민,12038,,2,8,4,1,FAIRWAY,393.3,156.8,247.2,269.8,128.3,4,0,True,True,2,NONE
이지민,12038,,2,8,4,2,GREEN,593.2,203.6,279.8,131.7,6.2,4,0,True,True,2,NONE
이지민,12038,,2,8,4,3,GREEN,586.5,213.6,286.7,136.3,0.3,4,0,True,True,2,NONE
이지민,12038,,2,8,4,4,HOLED,586.5,213.6,286.7,136.3,0.0,4,0,True,True,2,NONE
임선아 1108(A),12078,,1,8,4,1,ROUGH,409.9,173.5,258.8,258.3,135.1,5,1,True,False,3,TEE_ROUGH
임선아 1108(A),12078,,1,8,4,2,GREEN,593.2,240.3,305.1,131.7,11.2,5,1,True,False,3,TEE_ROUGH
임선아 1108(A),12078,,1,8,4,3,GREEN,609.9,250.3,312.1,120.2,1.0,5,1,True,False,3,TEE_ROUGH
임선아 1108(A),12078,,1,8,4,4,GREEN,606.5,246.9,309.8,122.5,0.2,5,1,True,False,3,TEE_ROUGH
임선아 1108(A),12078,,1,8,4,5,HOLED,606.5,250.3,312.1,122.5,0.0,5,1,True,False,3,TEE_ROUGH
임선아 1108(A),12078,,2,8,4,1,FAIRWAY,403.2,160.2,249.5,262.9,121.7,4,0,False,True,1,APPROACH_MISS_TO_ROUGH
임선아 1108(A),12078,,2,8,4,2,ROUGH,576.5,193.6,272.8,143.2,13.2,4,0,False,True,1,APPROACH_MISS_TO_ROUGH
임선아 1108(A),12078,,2,8,4,3,GREEN,586.5,210.2,284.4,136.3,1.4,4,0,False,True,1,APPROACH_MISS_TO_ROUGH
임선아 1108(A),12078,,2,8,4,4,HOLED,586.5,213.6,286.7,136.3,0.0,4,0,False,True,1,APPROACH_MISS_TO_ROUGH
양아연 1012(A),12080,,1,8,4,1,ROUGH,379.9,120.1,221.8,278.9,167.5,6,2,False,False,2,TEE_ROUGH
양아연 1012(A),12080,,1,8,4,2,PENALTY_AREA,516.6,170.2,256.6,184.6,,6,2,False,False,2,TEE_ROUGH
양아연 1012(A),12080,,1,8,4,3,PENALTY_STROKE,449.9,150.2,242.7,230.6,,6,2,False,False,2,TEE_ROUGH
양아연 1012(A),12080,,1,8,4,4,GREEN,616.5,246.9,309.8,115.6,5.9,6,2,False,False,2,TEE_ROUGH
양아연 1012(A),12080,,1,8,4,5,GREEN,609.9,250.3,312.1,120.2,1.2,6,2,False,False,2,TEE_ROUGH
양아연 1012(A),12080,,1,8,4,6,HOLED,606.5,250.3,312.1,122.5,0.0,6,2,False,False,2,TEE_ROUGH
양아연 1012(A),12080,,2,8,4,1,FAIRWAY,399.9,153.5,244.9,265.2,124.2,4,0,True,True,2,NONE
양아연 1012(A),12080,,2,8,4,2,GREEN,593.2,216.9,289.0,131.7,5.1,4,0,True,True,2,NONE
양아연 1012(A),12080,,2,8,4,3,GREEN,586.5,213.6,286.7,136.3,0.7,4,0,True,True,2,NONE
양아연 1012(A),12080,,2,8,4,4,HOLED,586.5,213.6,286.7,136.3,0.0,4,0,True,True,2,NONE
에리카 윤 스미스(I),13386,,1,8,4,1,LOST_BALL,403.2,86.8,198.8,262.8,,6,2,False,False,1,TEE_PENALTY_LOST_BALL
에리카 윤 스미스(I),13386,,1,8,4,2,PENALTY_STROKE,23.3,216.9,288.2,525.5,,6,2,False,False,1,TEE_PENALTY_LOST_BALL
에리카 윤 스미스(I),13386,,1,8,4,3,ROUGH,393.3,180.2,263.3,269.8,143.8,6,2,False,False,1,TEE_PENALTY_LOST_BALL
에리카 윤 스미스(I),13386,,1,8,4,4,ROUGH,626.5,253.6,314.4,108.7,11.8,6,2,False,False,1,TEE_PENALTY_LOST_BALL
에리카 윤 스미스(I),13386,,1,8,4,5,GREEN,606.5,246.9,309.8,122.5,1.3,6,2,False,False,1,TEE_PENALTY_LOST_BALL
에리카 윤 스미스(I),13386,,1,8,4,6,HOLED,606.5,250.3,312.1,122.5,0.0,6,2,False,False,1,TEE_PENALTY_LOST_BALL
에리카 윤 스미스(I),13386,,2,8,4,1,ROUGH,383.3,110.1,214.9,276.6,145.2,5,1,True,False,3,TEE_ROUGH
에리카 윤 스미스(I),13386,,2,8,4,2,GREEN,609.9,220.3,291.3,120.2,15.7,5,1,True,False,3,TEE_ROUGH
에리카 윤 스미스(I),13386,,2,8,4,3,GREEN,589.9,216.9,289.0,134.0,3.5,5,1,True,False,3,TEE_ROUGH
에리카 윤 스미스(I),13386,,2,8,4,4,GREEN,586.5,213.6,286.7,136.3,0.4,5,1,True,False,3,TEE_ROUGH
에리카 윤 스미스(I),13386,,2,8,4,5,HOLED,586.5,213.6,286.7,136.3,0.0,5,1,True,False,3,TEE_ROUGH
지한솔,1521,,1,8,4,1,FAIRWAY,359.9,150.2,242.5,292.8,169.1,4,0,True,True,2,NONE
지한솔,1521,,1,8,4,2,GREEN,606.5,253.6,314.4,122.5,3.9,4,0,True,True,2,NONE
지한솔,1521,,1,8,4,3,GREEN,606.5,246.9,309.8,122.5,0.5,4,0,True,True,2,NONE
지한솔,1521,,1,8,4,4,HOLED,606.5,250.3,312.1,122.5,0.0,4,0,True,True,2,NONE
지한솔,1521,,2,8,4,1,FAIRWAY,379.9,136.8,233.4,279.0,140.4,4,0,True,True,2,NONE
지한솔,1521,,2,8,4,2,GREEN,589.9,193.6,272.9,134.0,11.7,4,0,True,True,2,NONE
지한솔,1521,,2,8,4,3,GREEN,586.5,210.2,284.4,136.3,1.2,4,0,True,True,2,NONE
지한솔,1521,,2,8,4,4,HOLED,586.5,213.6,286.7,136.3,0.0,4,0,True,True,2,NONE
안송이,6916,,1,8,4,1,FAIRWAY,393.3,126.8,226.5,269.7,156.3,6,2,False,True,2,APPROACH_MISS_TO_PENALTY_AREA
안송이,6916,,1,8,4,2,PENALTY_AREA,569.9,236.9,302.8,147.8,,6,2,False,True,2,APPROACH_MISS_TO_PENALTY_AREA
안송이,6916,,1,8,4,3,PENALTY_STROKE,453.2,156.8,247.3,228.3,,6,2,False,True,2,APPROACH_MISS_TO_PENALTY_AREA
안송이,6916,,1,8,4,4,GREEN,613.2,250.3,312.1,117.9,3.4,6,2,False,True,2,APPROACH_MISS_TO_PENALTY_AREA
안송이,6916,,1,8,4,5,GREEN,606.5,246.9,309.8,122.5,0.5,6,2,False,True,2,APPROACH_MISS_TO_PENALTY_AREA
안송이,6916,,1,8,4,6,HOLED,606.5,250.3,312.1,122.5,0.0,6,2,False,True,2,APPROACH_MISS_TO_PENALTY_AREA
안송이,6916,,2,8,4,1,FAIRWAY,383.3,150.2,242.6,276.7,135.3,4,0,True,True,2,NONE
안송이,6916,,2,8,4,2,GREEN,586.5,200.2,277.5,136.3,8.4,4,0,True,True,2,NONE
안송이,6916,,2,8,4,3,GREEN,586.5,213.6,286.7,136.3,0.4,4,0,True,True,2,NONE
안송이,6916,,2,8,4,4,HOLED,586.5,213.6,286.7,136.3,0.0,4,0,True,True,2,NONE
박성현,8179,27,1,8,4,1,ROUGH,403.2,176.9,261.1,262.9,138.1,6,2,False,False,2,TEE_ROUGH
박성현,8179,27,1,8,4,2,ROUGH,583.2,260.3,319.0,138.7,17.5,6,2,False,False,2,TEE_ROUGH
박성현,8179,27,1,8,4,3,ROUGH,589.9,260.3,319.0,134.1,14.4,6,2,False,False,2,TEE_ROUGH
박성현,8179,27,1,8,4,4,GREEN,613.2,243.6,307.5,117.9,4.4,6,2,False,False,2,TEE_ROUGH
박성현,8179,27,1,8,4,5,GREEN,606.5,250.3,312.1,122.5,0.5,6,2,False,False,2,TEE_ROUGH
박성현,8179,27,1,8,4,6,HOLED,606.5,250.3,312.1,122.5,0.0,6,2,False,False,2,TEE_ROUGH
박성현,8179,27,2,8,4,1,ROUGH,409.9,113.5,217.3,258.2,127.8,4,0,True,False,2,TEE_ROUGH
박성현,8179,27,2,8,4,2,GREEN,599.9,200.2,277.5,127.1,11.5,4,0,True,False,2,TEE_ROUGH
박성현,8179,27,2,8,4,3,GREEN,586.5,213.6,286.7,136.3,0.4,4,0,True,False,2,TEE_ROUGH
박성현,8179,27,2,8,4,4,HOLED,586.5,213.6,286.7,136.3,0.0,4,0,True,False,2,TEE_ROUGH
박성현,8179,27,3,8,4,1,FAIRWAY,429.9,140.2,235.7,244.4,120.1,4,0,True,True,2,NONE
박성현,8179,27,3,8,4,2,GREEN,599.9,243.6,307.5,127.1,7.3,4,0,True,True,2,NONE
박성현,8179,27,3,8,4,3,GREEN,589.9,243.6,307.5,134.0,0.3,4,0,True,True,2,NONE
박성현,8179,27,3,8,4,4,HOLED,589.9,243.6,307.5,134.0,0.0,4,0,True,True,2,NONE
박성현,8179,27,4,8,4,1,ROUGH,426.6,126.8,226.5,246.7,117.7,4,0,True,False,2,TEE_ROUGH
박성현,8179,27,4,8,4,2,GREEN,593.2,200.2,277.5,131.7,4.9,4,0,True,False,2,TEE_ROUGH
박성현,8179,27,4,8,4,3,GREEN,593.2,210.2,284.4,131.7,1.0,4,0,True,False,2,TEE_ROUGH
박성현,8179,27,4,8,4,4,HOLED,593.2,206.9,282.1,131.7,0.0,4,0,True,False,2,TEE_ROUGH
이주미,8234,,1,8,4,1,FAIRWAY,393.3,146.8,240.3,269.8,150.7,5,1,True,True,3,PUTTING_LOSS_3PLUS
이주미,8234,,1,8,4,2,GREEN,596.5,246.9,309.8,129.4,7.6,5,1,True,True,3,PUTTING_LOSS_3PLUS
이주미,8234,,1,8,4,3,GREEN,609.9,250.3,312.1,120.2,1.1,5,1,True,True,3,PUTTING_LOSS_3PLUS
이주미,8234,,1,8,4,4,GREEN,606.5,246.9,309.8,122.5,0.3,5,1,True,True,3,PUTTING_LOSS_3PLUS
이주미,8234,,1,8,4,5,HOLED,606.5,250.3,312.1,122.5,0.0,5,1,True,True,3,PUTTING_LOSS_3PLUS
이주미,8234,,2,8,4,1,LOST_BALL,379.9,90.1,201.1,278.9,,6,2,False,False,2,TEE_PENALTY_LOST_BALL
이주미,8234,,2,8,4,2,PENALTY_STROKE,23.3,216.9,288.2,525.5,,6,2,False,False,2,TEE_PENALTY_LOST_BALL
이주미,8234,,2,8,4,3,FAIRWAY,409.9,136.8,233.4,258.2,122.2,6,2,False,False,2,TEE_PENALTY_LOST_BALL
이주미,8234,,2,8,4,4,GREEN,596.5,213.6,286.7,129.4,7.0,6,2,False,False,2,TEE_PENALTY_LOST_BALL
이주미,8234,,2,8,4,5,GREEN,586.5,213.6,286.7,136.3,0.3,6,2,False,False,2,TEE_PENALTY_LOST_BALL
이주미,8234,,2,8,4,6,HOLED,586.5,213.6,286.7,136.3,0.0,6,2,False,False,2,TEE_PENALTY_LOST_BALL
황정미,8240,,1,8,4,1,ROUGH,366.6,180.2,263.3,288.2,160.6,5,1,False,False,2,TEE_ROUGH
황정미,8240,,1,8,4,2,ROUGH,629.9,213.6,286.8,106.4,26.5,5,1,False,False,2,TEE_ROUGH
황정미,8240,,1,8,4,3,GREEN,616.5,236.9,302.9,115.6,9.5,5,1,False,False,2,TEE_ROUGH
황정미,8240,,1,8,4,4,GREEN,606.5,250.3,312.1,122.5,0.2,5,1,False,False,2,TEE_ROUGH
황정미,8240,,1,8,4,5,HOLED,606.5,250.3,312.1,122.5,0.0,5,1,False,False,2,TEE_ROUGH
장은수,8243,57,1,8,4,1,FAIRWAY,369.9,150.2,242.6,285.9,164.6,5,1,False,True,2,APPROACH_MISS_TO_ROUGH
장은수,8243,57,1,8,4,2,ROUGH,616.5,253.6,314.4,115.6,7.0,5,1,False,True,2,APPROACH_MISS_TO_ROUGH
장은수,8243,57,1,8,4,3,GREEN,613.2,250.3,312.1,117.9,3.2,5,1,False,True,2,APPROACH_MISS_TO_ROUGH
장은수,8243,57,1,8,4,4,GREEN,606.5,246.9,309.8,122.5,1.0,5,1,False,True,2,APPROACH_MISS_TO_ROUGH
장은수,8243,57,1,8,4,5,HOLED,606.5,250.3,312.1,122.5,0.0,5,1,False,True,2,APPROACH_MISS_TO_ROUGH
장은수,8243,57,2,8,4,1,FAIRWAY,376.6,150.2,242.6,281.3,140.0,5,1,False,True,0,APPROACH_MISS_TO_PENALTY_AREA
장은수,8243,57,2,8,4,2,PENALTY_AREA,509.9,190.2,270.4,189.2,,5,1,False,True,0,APPROACH_MISS_TO_PENALTY_AREA
장은수,8243,57,2,8,4,3,PENALTY_STROKE,443.2,170.2,256.5,235.3,,5,1,False,True,0,APPROACH_MISS_TO_PENALTY_AREA
장은수,8243,57,2,8,4,4,FRINGE,579.9,216.9,289.0,140.9,3.6,5,1,False,True,0,APPROACH_MISS_TO_PENALTY_AREA
장은수,8243,57,2,8,4,5,HOLED,586.5,213.6,286.7,136.3,0.0,5,1,False,True,0,APPROACH_MISS_TO_PENALTY_AREA
장은수,8243,57,3,8,4,1,FAIRWAY,373.3,140.2,235.7,283.6,153.5,6,2,False,True,2,APPROACH_MISS_TO_PENALTY_AREA
장은수,8243,57,3,8,4,2,PENALTY_AREA,526.6,190.2,270.5,177.7,,6,2,False,True,2,APPROACH_MISS_TO_PENALTY_AREA
장은수,8243,57,3,8,4,3,PENALTY_STROKE,449.9,163.5,251.9,230.6,,6,2,False,True,2,APPROACH_MISS_TO_PENALTY_AREA
장은수,8243,57,3,8,4,4,GREEN,606.5,243.6,307.5,122.5,10.9,6,2,False,True,2,APPROACH_MISS_TO_PENALTY_AREA
장은수,8243,57,3,8,4,5,GREEN,593.2,243.6,307.5,131.7,1.8,6,2,False,True,2,APPROACH_MISS_TO_PENALTY_AREA
장은수,8243,57,3,8,4,6,HOLED,589.9,243.6,307.5,134.0,0.0,6,2,False,True,2,APPROACH_MISS_TO_PENALTY_AREA
장은수,8243,57,4,8,4,1,ROUGH,383.3,120.1,221.8,276.6,145.2,4,0,True,False,2,TEE_ROUGH
장은수,8243,57,4,8,4,2,GREEN,596.5,200.2,277.5,129.4,6.4,4,0,True,False,2,TEE_ROUGH
장은수,8243,57,4,8,4,3,GREEN,593.2,210.2,284.4,131.7,0.5,4,0,True,False,2,TEE_ROUGH
장은수,8243,57,4,8,4,4,HOLED,593.2,206.9,282.1,131.7,0.0,4,0,True,False,2,TEE_ROUGH
이소영,8246,,1,8,4,1,FAIRWAY,379.9,150.2,242.6,279.0,158.0,5,1,False,True,2,APPROACH_MISS_TO_ROUGH
이소영,8246,,1,8,4,2,ROUGH,633.2,230.3,298.3,104.1,18.6,5,1,False,True,2,APPROACH_MISS_TO_ROUGH
이소영,8246,,1,8,4,3,GREEN,616.5,240.3,305.2,115.6,7.7,5,1,False,True,2,APPROACH_MISS_TO_ROUGH
이소영,8246,,1,8,4,4,GREEN,606.5,250.3,312.1,122.5,0.3,5,1,False,True,2,APPROACH_MISS_TO_ROUGH
이소영,8246,,1,8,4,5,HOLED,606.5,250.3,312.1,122.5,0.0,5,1,False,True,2,APPROACH_MISS_TO_ROUGH
최민경,8277,57,1,8,4,1,FAIRWAY,379.9,136.8,233.4,279.0,162.0,4,0,True,True,2,NONE
최민경,8277,57,1,8,4,2,GREEN,599.9,243.6,307.5,127.1,5.9,4,0,True,True,2,NONE
최민경,8277,57,1,8,4,3,GREEN,606.5,246.9,309.8,122.5,0.2,4,0,True,True,2,NONE
최민경,8277,57,1,8,4,4,HOLED,606.5,250.3,312.1,122.5,0.0,4,0,True,True,2,NONE
최민경,8277,57,2,8,4,1,ROUGH,386.6,96.8,205.7,274.3,147.8,5,1,False,False,1,TEE_ROUGH
최민경,8277,57,2,8,4,2,FAIRWAY,389.9,133.5,231.1,272.0,134.1,5,1,False,False,1,TEE_ROUGH
최민경,8277,57,2,8,4,3,ROUGH,579.9,193.6,272.8,140.9,13.0,5,1,False,False,1,TEE_ROUGH
최민경,8277,57,2,8,4,4,GREEN,586.5,210.2,284.4,136.3,1.1,5,1,False,False,1,TEE_ROUGH
최민경,8277,57,2,8,4,5,HOLED,586.5,213.6,286.7,136.3,0.0,5,1,False,False,1,TEE_ROUGH
최민경,8277,57,3,8,4,1,ROUGH,393.3,186.9,268.0,269.8,130.0,5,1,False,False,2,TEE_ROUGH
최민경,8277,57,3,8,4,2,FAIRWAY,429.9,163.5,251.9,244.5,112.8,5,1,False,False,2,TEE_ROUGH
최민경,8277,57,3,8,4,3,GREEN,593.2,220.3,291.3,131.7,16.1,5,1,False,False,2,TEE_ROUGH
최민경,8277,57,3,8,4,4,GREEN,589.9,240.3,305.1,134.0,2.6,5,1,False,False,2,TEE_ROUGH
최민경,8277,57,3,8,4,5,HOLED,589.9,243.6,307.5,134.0,0.0,5,1,False,False,2,TEE_ROUGH
최민경,8277,57,4,8,4,1,ROUGH,409.9,176.9,261.1,258.3,119.2,4,0,True,False,2,TEE_ROUGH
최민경,8277,57,4,8,4,2,GREEN,596.5,203.6,279.8,129.4,4.0,4,0,True,False,2,TEE_ROUGH
최민경,8277,57,4,8,4,3,GREEN,593.2,206.9,282.1,131.7,0.3,4,0,True,False,2,TEE_ROUGH
최민경,8277,57,4,8,4,4,HOLED,593.2,206.9,282.1,131.7,0.0,4,0,True,False,2,TEE_ROUGH
최예림,8284,24,1,8,4,1,ROUGH,379.9,123.5,224.1,278.9,165.3,4,0,False,False,1,TEE_ROUGH
최예림,8284,24,1,8,4,2,FRINGE,626.5,210.2,284.4,108.7,26.1,4,0,False,False,1,TEE_ROUGH
최예림,8284,24,1,8,4,3,GREEN,606.5,250.3,312.1,122.5,1.3,4,0,False,False,1,TEE_ROUGH
최예림,8284,24,1,8,4,4,HOLED,606.5,250.3,312.1,122.5,0.0,4,0,False,False,1,TEE_ROUGH
최예림,8284,24,2,8,4,1,FAIRWAY,413.2,143.5,238.0,255.9,118.1,3,-1,False,True,0,APPROACH_MISS_TO_ROUGH
최예림,8284,24,2,8,4,2,ROUGH,576.5,196.9,275.1,143.2,12.7,3,-1,False,True,0,APPROACH_MISS_TO_ROUGH
최예림,8284,24,2,8,4,3,HOLED,586.5,213.6,286.7,136.3,0.0,3,-1,False,True,0,APPROACH_MISS_TO_ROUGH
최예림,8284,24,3,8,4,1,ROUGH,359.9,123.5,224.1,292.8,164.9,5,1,False,False,2,TEE_ROUGH
최예림,8284,24,3,8,4,2,ROUGH,576.5,193.6,272.8,143.2,33.7,5,1,False,False,2,TEE_ROUGH
최예림,8284,24,3,8,4,3,GREEN,589.9,250.3,312.1,134.1,4.4,5,1,False,False,2,TEE_ROUGH
최예림,8284,24,3,8,4,4,GREEN,589.9,243.6,307.5,134.0,0.5,5,1,False,False,2,TEE_ROUGH
최예림,8284,24,3,8,4,5,HOLED,589.9,243.6,307.5,134.0,0.0,5,1,False,False,2,TEE_ROUGH
최예림,8284,24,4,8,4,1,FAIRWAY,406.6,140.2,235.7,260.5,126.5,4,0,False,True,1,APPROACH_MISS_TO_ROUGH
최예림,8284,24,4,8,4,2,ROUGH,596.5,186.9,268.3,129.4,14.1,4,0,False,True,1,APPROACH_MISS_TO_ROUGH
최예림,8284,24,4,8,4,3,GREEN,593.2,210.2,284.4,131.7,0.6,4,0,False,True,1,APPROACH_MISS_TO_ROUGH
최예림,8284,24,4,8,4,4,HOLED,593.2,206.9,282.1,131.7,0.0,4,0,False,True,1,APPROACH_MISS_TO_ROUGH
김수지,8300,12,1,8,4,1,ROUGH,416.6,123.5,224.2,253.6,146.3,4,0,False,False,1,TEE_ROUGH
김수지,8300,12,1,8,4,2,ROUGH,616.5,253.6,314.4,115.6,6.7,4,0,False,False,1,TEE_ROUGH
김수지,8300,12,1,8,4,3,GREEN,609.9,250.3,312.1,120.2,2.2,4,0,False,False,1,TEE_ROUGH
김수지,8300,12,1,8,4,4,HOLED,606.5,250.3,312.1,122.5,0.0,4,0,False,False,1,TEE_ROUGH
김수지,8300,12,2,8,4,1,FAIRWAY,406.6,153.5,244.9,260.6,120.3,4,0,True,True,2,NONE
김수지,8300,12,2,8,4,2,GREEN,596.5,200.2,277.5,129.4,9.7,4,0,True,True,2,NONE
김수지,8300,12,2,8,4,3,GREEN,586.5,210.2,284.4,136.3,1.4,4,0,True,True,2,NONE
김수지,8300,12,2,8,4,4,HOLED,586.5,213.6,286.7,136.3,0.0,4,0,True,True,2,NONE
김수지,8300,12,3,8,4,1,FAIRWAY,409.9,153.5,244.9,258.3,128.4,4,0,True,True,2,NONE
김수지,8300,12,3,8,4,2,GREEN,609.9,246.9,309.8,120.2,14.0,4,0,True,True,2,NONE
김수지,8300,12,3,8,4,3,GREEN,589.9,243.6,307.5,134.0,0.8,4,0,True,True,2,NONE
김수지,8300,12,3,8,4,4,HOLED,589.9,243.6,307.5,134.0,0.0,4,0,True,True,2,NONE
김수지,8300,12,4,8,4,1,FAIRWAY,419.9,170.2,256.5,251.4,114.0,4,0,True,True,2,NONE
김수지,8300,12,4,8,4,2,GREEN,599.9,206.9,282.1,127.1,3.2,4,0,True,True,2,NONE
김수지,8300,12,4,8,4,3,GREEN,593.2,206.9,282.1,131.7,0.3,4,0,True,True,2,NONE
김수지,8300,12,4,8,4,4,HOLED,593.2,206.9,282.1,131.7,0.0,4,0,True,True,2,NONE
박단유,8318,,1,8,4,1,FAIRWAY,386.6,133.5,231.1,274.3,159.5,5,1,False,True,2,APPROACH_MISS_TO_ROUGH
박단유,8318,,1,8,4,2,ROUGH,586.5,267.0,323.6,136.4,18.2,5,1,False,True,2,APPROACH_MISS_TO_ROUGH
박단유,8318,,1,8,4,3,GREEN,596.5,203.6,279.8,129.4,29.1,5,1,False,True,2,APPROACH_MISS_TO_ROUGH
박단유,8318,,1,8,4,4,GREEN,606.5,250.3,312.1,122.5,1.5,5,1,False,True,2,APPROACH_MISS_TO_ROUGH
박단유,8318,,1,8,4,5,HOLED,606.5,250.3,312.1,122.5,0.0,5,1,False,True,2,APPROACH_MISS_TO_ROUGH
박단유,8318,,2,8,4,1,FAIRWAY,413.2,133.5,231.1,255.9,122.0,4,0,True,True,2,NONE
박단유,8318,,2,8,4,2,GREEN,599.9,196.9,275.2,127.1,13.7,4,0,True,True,2,NONE
박단유,8318,,2,8,4,3,GREEN,586.5,213.6,286.7,136.3,0.5,4,0,True,True,2,NONE
박단유,8318,,2,8,4,4,HOLED,586.5,213.6,286.7,136.3,0.0,4,0,True,True,2,NONE
김새로미,8380,55,1,8,4,1,ROUGH,366.6,113.5,217.2,288.1,176.1,5,1,False,False,2,TEE_ROUGH
김새로미,8380,55,1,8,4,2,ROUGH,619.9,253.6,314.4,113.3,8.3,5,1,False,False,2,TEE_ROUGH
김새로미,8380,55,1,8,4,3,GREEN,603.2,246.9,309.8,124.8,2.3,5,1,False,False,2,TEE_ROUGH
김새로미,8380,55,1,8,4,4,GREEN,609.9,250.3,312.1,120.2,0.5,5,1,False,False,2,TEE_ROUGH
김새로미,8380,55,1,8,4,5,HOLED,606.5,250.3,312.1,122.5,0.0,5,1,False,False,2,TEE_ROUGH
김새로미,8380,55,2,8,4,1,ROUGH,379.9,200.2,277.2,279.1,130.6,5,1,False,False,2,TEE_ROUGH
김새로미,8380,55,2,8,4,2,FAIRWAY,443.2,146.8,240.4,235.2,100.8,5,1,False,False,2,TEE_ROUGH
김새로미,8380,55,2,8,4,3,GREEN,599.9,206.9,282.1,127.1,9.8,5,1,False,False,2,TEE_ROUGH
김새로미,8380,55,2,8,4,4,GREEN,586.5,210.2,284.4,136.3,2.0,5,1,False,False,2,TEE_ROUGH
김새로미,8380,55,2,8,4,5,HOLED,586.5,213.6,286.7,136.3,0.0,5,1,False,False,2,TEE_ROUGH
김새로미,8380,55,3,8,4,1,ROUGH,389.9,173.5,258.7,272.1,136.0,5,1,False,False,1,TEE_ROUGH
김새로미,8380,55,3,8,4,2,ROUGH,633.2,233.6,300.6,104.1,29.1,5,1,False,False,1,TEE_ROUGH
김새로미,8380,55,3,8,4,3,FRINGE,583.2,243.6,307.4,138.6,4.9,5,1,False,False,1,TEE_ROUGH
김새로미,8380,55,3,8,4,4,GREEN,589.9,243.6,307.5,134.0,0.4,5,1,False,False,1,TEE_ROUGH
김새로미,8380,55,3,8,4,5,HOLED,589.9,243.6,307.5,134.0,0.0,5,1,False,False,1,TEE_ROUGH
김새로미,8380,55,4,8,4,1,FAIRWAY,386.6,130.1,228.8,274.3,142.0,4,0,True,True,2,NONE
김새로미,8380,55,4,8,4,2,GREEN,596.5,200.2,277.5,129.4,4.8,4,0,True,True,2,NONE
김새로미,8380,55,4,8,4,3,GREEN,593.2,206.9,282.1,131.7,0.3,4,0,True,True,2,NONE
김새로미,8380,55,4,8,4,4,HOLED,593.2,206.9,282.1,131.7,0.0,4,0,True,True,2,NONE
성은정,8386,,1,8,4,1,FAIRWAY,366.6,153.5,244.9,288.2,164.8,4,0,True,True,2,NONE
성은정,8386,,1,8,4,2,GREEN,609.9,246.9,309.8,120.2,1.5,4,0,True,True,2,NONE
성은정,8386,,1,8,4,3,GREEN,606.5,250.3,312.1,122.5,0.5,4,0,True,True,2,NONE
성은정,8386,,1,8,4,4,HOLED,606.5,250.3,312.1,122.5,0.0,4,0,True,True,2,NONE
성은정,8386,,2,8,4,1,FAIRWAY,366.6,133.5,231.0,288.2,148.1,5,1,True,True,3,PUTTING_LOSS_3PLUS
성은정,8386,,2,8,4,2,GREEN,593.2,193.6,272.9,131.7,12.7,5,1,True,True,3,PUTTING_LOSS_3PLUS
성은정,8386,,2,8,4,3,GREEN,586.5,213.6,286.7,136.3,1.6,5,1,True,True,3,PUTTING_LOSS_3PLUS
성은정,8386,,2,8,4,4,GREEN,586.5,213.6,286.7,136.3,0.5,5,1,True,True,3,PUTTING_LOSS_3PLUS
성은정,8386,,2,8,4,5,HOLED,586.5,213.6,286.7,136.3,0.0,5,1,True,True,3,PUTTING_LOSS_3PLUS
이다연,8392,5,1,8,4,1,FAIRWAY,376.6,140.2,235.7,281.3,161.9,4,0,True,True,2,NONE
이다연,8392,5,1,8,4,2,GREEN,606.5,240.3,305.2,122.5,5.3,4,0,True,True,2,NONE
이다연,8392,5,1,8,4,3,GREEN,606.5,250.3,312.1,122.5,0.8,4,0,True,True,2,NONE
이다연,8392,5,1,8,4,4,HOLED,606.5,250.3,312.1,122.5,0.0,4,0,True,True,2,NONE
이다연,8392,5,2,8,4,1,FAIRWAY,396.6,123.5,224.2,267.4,133.0,6,2,False,True,2,APPROACH_MISS_TO_PENALTY_AREA
이다연,8392,5,2,8,4,2,PENALTY_AREA,566.5,206.9,282.1,150.1,,6,2,False,True,2,APPROACH_MISS_TO_PENALTY_AREA
이다연,8392,5,2,8,4,3,PENALTY_STROKE,569.9,200.2,277.4,147.8,,6,2,False,True,2,APPROACH_MISS_TO_PENALTY_AREA
이다연,8392,5,2,8,4,4,GREEN,596.5,216.9,289.0,129.4,7.9,6,2,False,True,2,APPROACH_MISS_TO_PENALTY_AREA
이다연,8392,5,2,8,4,5,GREEN,586.5,213.6,286.7,136.3,0.4,6,2,False,True,2,APPROACH_MISS_TO_PENALTY_AREA
이다연,8392,5,2,8,4,6,HOLED,586.5,213.6,286.7,136.3,0.0,6,2,False,True,2,APPROACH_MISS_TO_PENALTY_AREA
이다연,8392,5,3,8,4,1,FAIRWAY,393.3,153.5,244.9,269.8,137.5,5,1,False,True,2,APPROACH_MISS_TO_FRINGE
이다연,8392,5,3,8,4,2,FRINGE,619.9,243.6,307.5,113.3,18.5,5,1,False,True,2,APPROACH_MISS_TO_FRINGE
이다연,8392,5,3,8,4,3,GREEN,596.5,246.9,309.8,129.4,4.0,5,1,False,True,2,APPROACH_MISS_TO_FRINGE
이다연,8392,5,3,8,4,4,GREEN,589.9,243.6,307.5,134.0,0.2,5,1,False,True,2,APPROACH_MISS_TO_FRINGE
이다연,8392,5,3,8,4,5,HOLED,589.9,243.6,307.5,134.0,0.0,5,1,False,True,2,APPROACH_MISS_TO_FRINGE
이다연,8392,5,4,8,4,1,FAIRWAY,429.9,160.2,249.6,244.5,109.7,3,-1,True,True,1,NONE
이다연,8392,5,4,8,4,2,GREEN,589.9,203.6,279.8,134.0,4.4,3,-1,True,True,1,NONE
이다연,8392,5,4,8,4,3,HOLED,593.2,206.9,282.1,131.7,0.0,3,-1,True,True,1,NONE
조은채,8430,,1,8,4,1,ROUGH,349.9,120.1,221.8,299.7,184.0,4,0,False,False,1,TEE_ROUGH
조은채,8430,,1,8,4,2,ROUGH,623.2,190.2,270.6,110.9,38.6,4,0,False,False,1,TEE_ROUGH
조은채,8430,,1,8,4,3,GREEN,609.9,250.3,312.1,120.2,0.8,4,0,False,False,1,TEE_ROUGH
조은채,8430,,1,8,4,4,HOLED,606.5,250.3,312.1,122.5,0.0,4,0,False,False,1,TEE_ROUGH
조은채,8430,,2,8,4,1,ROUGH,383.3,116.8,219.5,276.6,142.6,4,0,True,False,2,TEE_ROUGH
조은채,8430,,2,8,4,2,GREEN,616.5,230.3,298.3,115.6,22.1,4,0,True,False,2,TEE_ROUGH
조은채,8430,,2,8,4,3,GREEN,586.5,213.6,286.7,136.3,0.6,4,0,True,False,2,TEE_ROUGH
조은채,8430,,2,8,4,4,HOLED,586.5,213.6,286.7,136.3,0.0,4,0,True,False,2,TEE_ROUGH
김지영2,8434,,1,8,4,1,FAIRWAY,396.6,156.8,247.2,267.5,147.7,4,0,True,True,2,NONE
김지영2,8434,,1,8,4,2,GREEN,586.5,246.9,309.8,136.4,14.3,4,0,True,True,2,NONE
김지영2,8434,,1,8,4,3,GREEN,609.9,246.9,309.8,120.2,1.3,4,0,True,True,2,NONE
김지영2,8434,,1,8,4,4,HOLED,606.5,250.3,312.1,122.5,0.0,4,0,True,True,2,NONE
김지영2,8434,,2,8,4,1,ROUGH,393.3,176.9,261.0,269.8,124.7,4,0,False,False,1,TEE_ROUGH
김지영2,8434,,2,8,4,2,ROUGH,626.5,210.2,284.4,108.7,26.7,4,0,False,False,1,TEE_ROUGH
김지영2,8434,,2,8,4,3,GREEN,586.5,213.6,286.7,136.3,1.3,4,0,False,False,1,TEE_ROUGH
김지영2,8434,,2,8,4,4,HOLED,586.5,213.6,286.7,136.3,0.0,4,0,False,False,1,TEE_ROUGH
배소현,8589,16,1,8,4,1,ROUGH,376.6,190.2,270.2,281.3,152.4,6,2,False,False,2,TEE_ROUGH
배소현,8589,16,1,8,4,2,ROUGH,453.2,133.5,231.2,228.3,122.5,6,2,False,False,2,TEE_ROUGH
배소현,8589,16,1,8,4,3,ROUGH,613.2,267.0,323.6,118.0,11.0,6,2,False,False,2,TEE_ROUGH
배소현,8589,16,1,8,4,4,GREEN,599.9,236.9,302.9,127.1,9.5,6,2,False,False,2,TEE_ROUGH
배소현,8589,16,1,8,4,5,GREEN,606.5,246.9,309.8,122.5,1.0,6,2,False,False,2,TEE_ROUGH
배소현,8589,16,1,8,4,6,HOLED,606.5,250.3,312.1,122.5,0.0,6,2,False,False,2,TEE_ROUGH
배소현,8589,16,2,8,4,1,FAIRWAY,426.6,146.8,240.3,246.7,108.7,4,0,False,True,1,APPROACH_MISS_TO_FRINGE
배소현,8589,16,2,8,4,2,FRINGE,579.9,213.6,286.7,140.9,4.8,4,0,False,True,1,APPROACH_MISS_TO_FRINGE
배소현,8589,16,2,8,4,3,GREEN,586.5,213.6,286.7,136.3,0.4,4,0,False,True,1,APPROACH_MISS_TO_FRINGE
배소현,8589,16,2,8,4,4,HOLED,586.5,213.6,286.7,136.3,0.0,4,0,False,True,1,APPROACH_MISS_TO_FRINGE
배소현,8589,16,3,8,4,1,ROUGH,413.2,113.5,217.3,255.9,138.6,4,0,True,False,2,TEE_ROUGH
배소현,8589,16,3,8,4,2,GREEN,606.5,230.3,298.3,122.5,13.8,4,0,True,False,2,TEE_ROUGH
배소현,8589,16,3,8,4,3,GREEN,586.5,246.9,309.8,136.4,1.3,4,0,True,False,2,TEE_ROUGH
배소현,8589,16,3,8,4,4,HOLED,589.9,243.6,307.5,134.0,0.0,4,0,True,False,2,TEE_ROUGH
배소현,8589,16,4,8,4,1,FAIRWAY,439.9,160.2,249.6,237.5,102.4,4,0,True,True,2,NONE
배소현,8589,16,4,8,4,2,GREEN,596.5,200.2,277.5,129.4,4.9,4,0,True,True,2,NONE
배소현,8589,16,4,8,4,3,GREEN,593.2,210.2,284.4,131.7,0.3,4,0,True,True,2,NONE
배소현,8589,16,4,8,4,4,HOLED,593.2,206.9,282.1,131.7,0.0,4,0,True,True,2,NONE
조아연,8770,,1,8,4,1,ROUGH,363.3,176.9,261.0,290.5,162.7,5,1,False,False,2,TEE_ROUGH
조아연,8770,,1,8,4,2,FRINGE,619.9,206.9,282.1,113.3,26.9,5,1,False,False,2,TEE_ROUGH
조아연,8770,,1,8,4,3,GREEN,606.5,253.6,314.4,122.5,2.9,5,1,False,False,2,TEE_ROUGH
조아연,8770,,1,8,4,4,GREEN,606.5,246.9,309.8,122.5,0.5,5,1,False,False,2,TEE_ROUGH
조아연,8770,,1,8,4,5,HOLED,606.5,250.3,312.1,122.5,0.0,5,1,False,False,2,TEE_ROUGH
조아연,8770,,2,8,4,1,ROUGH,383.3,160.2,249.5,276.7,132.5,4,0,False,False,1,TEE_ROUGH
조아연,8770,,2,8,4,2,ROUGH,633.2,216.9,289.1,104.1,31.3,4,0,False,False,1,TEE_ROUGH
조아연,8770,,2,8,4,3,GREEN,586.5,210.2,284.4,136.3,1.5,4,0,False,False,1,TEE_ROUGH
조아연,8770,,2,8,4,4,HOLED,586.5,213.6,286.7,136.3,0.0,4,0,False,False,1,TEE_ROUGH
박민지,8772,49,1,8,4,1,ROUGH,396.6,166.9,254.1,267.5,145.0,4,0,False,False,1,TEE_ROUGH
박민지,8772,49,1,8,4,2,PENALTY_AREA,589.9,267.0,323.6,134.1,,4,0,False,False,1,TEE_ROUGH
박민지,8772,49,1,8,4,3,GREEN,609.9,246.9,309.8,120.2,2.2,4,0,False,False,1,TEE_ROUGH
박민지,8772,49,1,8,4,4,HOLED,606.5,250.3,312.1,122.5,0.0,4,0,False,False,1,TEE_ROUGH
박민지,8772,49,2,8,4,1,FAIRWAY,379.9,136.8,233.4,279.0,138.9,4,0,False,True,1,APPROACH_MISS_TO_ROUGH
박민지,8772,49,2,8,4,2,ROUGH,576.5,196.9,275.1,143.2,12.0,4,0,False,True,1,APPROACH_MISS_TO_ROUGH
박민지,8772,49,2,8,4,3,GREEN,586.5,213.6,286.7,136.3,0.3,4,0,False,True,1,APPROACH_MISS_TO_ROUGH
박민지,8772,49,2,8,4,4,HOLED,586.5,213.6,286.7,136.3,0.0,4,0,False,True,1,APPROACH_MISS_TO_ROUGH
박민지,8772,49,3,8,4,1,FAIRWAY,389.9,146.8,240.3,272.1,141.1,5,1,True,True,3,PUTTING_LOSS_3PLUS
박민지,8772,49,3,8,4,2,GREEN,593.2,216.9,289.0,131.7,17.0,5,1,True,True,3,PUTTING_LOSS_3PLUS
박민지,8772,49,3,8,4,3,GREEN,586.5,243.6,307.4,136.3,1.8,5,1,True,True,3,PUTTING_LOSS_3PLUS
박민지,8772,49,3,8,4,4,GREEN,589.9,243.6,307.5,134.0,0.5,5,1,True,True,3,PUTTING_LOSS_3PLUS
박민지,8772,49,3,8,4,5,HOLED,589.9,243.6,307.5,134.0,0.0,5,1,True,True,3,PUTTING_LOSS_3PLUS
박민지,8772,49,4,8,4,1,ROUGH,383.3,123.5,224.1,276.6,145.2,3,-1,True,False,1,TEE_ROUGH
박민지,8772,49,4,8,4,2,GREEN,599.9,206.9,282.1,127.1,3.3,3,-1,True,False,1,TEE_ROUGH
박민지,8772,49,4,8,4,3,HOLED,593.2,206.9,282.1,131.7,0.0,3,-1,True,False,1,TEE_ROUGH
이채은2,8811,,1,8,4,1,ROUGH,389.9,120.1,221.8,272.0,160.7,4,0,False,False,1,TEE_ROUGH
이채은2,8811,,1,8,4,2,ROUGH,619.9,243.6,307.5,113.3,8.8,4,0,False,False,1,TEE_ROUGH
이채은2,8811,,1,8,4,3,GREEN,603.2,246.9,309.8,124.8,2.3,4,0,False,False,1,TEE_ROUGH
이채은2,8811,,1,8,4,4,HOLED,606.5,250.3,312.1,122.5,0.0,4,0,False,False,1,TEE_ROUGH
이채은2,8811,,2,8,4,1,FAIRWAY,393.3,140.2,235.7,269.8,130.4,4,0,True,True,2,NONE
이채은2,8811,,2,8,4,2,GREEN,596.5,200.2,277.5,129.4,10.5,4,0,True,True,2,NONE
이채은2,8811,,2,8,4,3,GREEN,586.5,213.6,286.7,136.3,0.5,4,0,True,True,2,NONE
이채은2,8811,,2,8,4,4,HOLED,586.5,213.6,286.7,136.3,0.0,4,0,True,True,2,NONE
김우정,8838,37,1,8,4,1,FAIRWAY,396.6,150.2,242.6,267.5,148.0,4,0,True,True,2,NONE
김우정,8838,37,1,8,4,2,GREEN,609.9,236.9,302.9,120.2,8.5,4,0,True,True,2,NONE
김우정,8838,37,1,8,4,3,GREEN,606.5,250.3,312.1,122.5,1.4,4,0,True,True,2,NONE
김우정,8838,37,1,8,4,4,HOLED,606.5,250.3,312.1,122.5,0.0,4,0,True,True,2,NONE
김우정,8838,37,2,8,4,1,ROUGH,406.6,93.4,203.4,260.5,136.9,5,1,False,False,2,TEE_ROUGH
김우정,8838,37,2,8,4,2,FAIRWAY,429.9,140.2,235.7,244.4,110.8,5,1,False,False,2,TEE_ROUGH
김우정,8838,37,2,8,4,3,GREEN,596.5,210.2,284.4,129.4,7.6,5,1,False,False,2,TEE_ROUGH
김우정,8838,37,2,8,4,4,GREEN,586.5,213.6,286.7,136.3,0.3,5,1,False,False,2,TEE_ROUGH
김우정,8838,37,2,8,4,5,HOLED,586.5,213.6,286.7,136.3,0.0,5,1,False,False,2,TEE_ROUGH
김우정,8838,37,3,8,4,1,ROUGH,399.9,170.2,256.4,265.2,128.5,4,0,True,False,2,TEE_ROUGH
김우정,8838,37,3,8,4,2,GREEN,603.2,240.3,305.2,124.8,8.6,4,0,True,False,2,TEE_ROUGH
김우정,8838,37,3,8,4,3,GREEN,589.9,243.6,307.5,134.0,0.2,4,0,True,False,2,TEE_ROUGH
김우정,8838,37,3,8,4,4,HOLED,589.9,243.6,307.5,134.0,0.0,4,0,True,False,2,TEE_ROUGH
김우정,8838,37,4,8,4,1,FAIRWAY,383.3,133.5,231.1,276.6,141.4,4,0,True,True,2,NONE
김우정,8838,37,4,8,4,2,GREEN,603.2,200.2,277.5,124.8,7.7,4,0,True,True,2,NONE
김우정,8838,37,4,8,4,3,GREEN,593.2,210.2,284.4,131.7,0.5,4,0,True,True,2,NONE
김우정,8838,37,4,8,4,4,HOLED,593.2,206.9,282.1,131.7,0.0,4,0,True,True,2,NONE
정수빈,8840,,1,8,4,1,FAIRWAY,369.9,136.8,233.3,285.9,166.4,5,1,False,True,2,APPROACH_MISS_TO_ROUGH
정수빈,8840,,1,8,4,2,ROUGH,629.9,206.9,282.1,106.4,29.3,5,1,False,True,2,APPROACH_MISS_TO_ROUGH
정수빈,8840,,1,8,4,3,GREEN,606.5,250.3,312.1,122.5,2.1,5,1,False,True,2,APPROACH_MISS_TO_ROUGH
정수빈,8840,,1,8,4,4,GREEN,606.5,246.9,309.8,122.5,1.0,5,1,False,True,2,APPROACH_MISS_TO_ROUGH
정수빈,8840,,1,8,4,5,HOLED,606.5,250.3,312.1,122.5,0.0,5,1,False,True,2,APPROACH_MISS_TO_ROUGH
정수빈,8840,,2,8,4,1,FAIRWAY,366.6,136.8,233.3,288.2,146.9,4,0,True,True,2,NONE
정수빈,8840,,2,8,4,2,GREEN,593.2,206.9,282.1,131.7,6.3,4,0,True,True,2,NONE
정수빈,8840,,2,8,4,3,GREEN,586.5,213.6,286.7,136.3,0.7,4,0,True,True,2,NONE
정수빈,8840,,2,8,4,4,HOLED,586.5,213.6,286.7,136.3,0.0,4,0,True,True,2,NONE
이승연,8859,27,1,8,4,1,FAIRWAY,396.6,130.1,228.8,267.4,153.4,4,0,False,True,1,APPROACH_MISS_TO_FRINGE
이승연,8859,27,1,8,4,2,FRINGE,616.5,246.9,309.8,115.6,6.2,4,0,False,True,1,APPROACH_MISS_TO_FRINGE
이승연,8859,27,1,8,4,3,GREEN,609.9,246.9,309.8,120.2,0.7,4,0,False,True,1,APPROACH_MISS_TO_FRINGE
이승연,8859,27,1,8,4,4,HOLED,606.5,250.3,312.1,122.5,0.0,4,0,False,True,1,APPROACH_MISS_TO_FRINGE
이승연,8859,27,2,8,4,1,FAIRWAY,403.2,156.8,247.2,262.9,121.4,3,-1,True,True,1,NONE
이승연,8859,27,2,8,4,2,GREEN,589.9,200.2,277.5,134.0,8.2,3,-1,True,True,1,NONE
이승연,8859,27,2,8,4,3,HOLED,586.5,213.6,286.7,136.3,0.0,3,-1,True,True,1,NONE
이승연,8859,27,3,8,4,1,FAIRWAY,409.9,143.5,238.0,258.2,132.1,5,1,True,True,3,PUTTING_LOSS_3PLUS
이승연,8859,27,3,8,4,2,GREEN,599.9,236.9,302.9,127.1,8.4,5,1,True,True,3,PUTTING_LOSS_3PLUS
이승연,8859,27,3,8,4,3,GREEN,589.9,246.9,309.8,134.0,0.9,5,1,True,True,3,PUTTING_LOSS_3PLUS
이승연,8859,27,3,8,4,4,GREEN,589.9,243.6,307.5,134.0,0.8,5,1,True,True,3,PUTTING_LOSS_3PLUS
이승연,8859,27,3,8,4,5,HOLED,589.9,243.6,307.5,134.0,0.0,5,1,True,True,3,PUTTING_LOSS_3PLUS
이승연,8859,27,4,8,4,1,FAIRWAY,433.2,140.2,235.7,242.1,112.1,4,0,True,True,2,NONE
이승연,8859,27,4,8,4,2,GREEN,596.5,206.9,282.1,129.4,1.0,4,0,True,True,2,NONE
이승연,8859,27,4,8,4,3,GREEN,593.2,206.9,282.1,131.7,0.4,4,0,True,True,2,NONE
이승연,8859,27,4,8,4,4,HOLED,593.2,206.9,282.1,131.7,0.0,4,0,True,True,2,NONE
성유진,8881,27,1,8,4,1,ROUGH,379.9,160.2,249.5,279.0,155.7,4,0,True,False,2,TEE_ROUGH
성유진,8881,27,1,8,4,2,GREEN,609.9,243.6,307.5,120.2,3.0,4,0,True,False,2,TEE_ROUGH
성유진,8881,27,1,8,4,3,GREEN,606.5,250.3,312.1,122.5,0.5,4,0,True,False,2,TEE_ROUGH
성유진,8881,27,1,8,4,4,HOLED,606.5,250.3,312.1,122.5,0.0,4,0,True,False,2,TEE_ROUGH
성유진,8881,27,2,8,4,1,ROUGH,353.3,120.1,221.8,297.4,158.6,4,0,False,False,1,TEE_ROUGH
성유진,8881,27,2,8,4,2,FRINGE,609.9,196.9,275.2,120.2,17.5,4,0,False,False,1,TEE_ROUGH
성유진,8881,27,2,8,4,3,GREEN,586.5,210.2,284.4,136.3,1.0,4,0,False,False,1,TEE_ROUGH
성유진,8881,27,2,8,4,4,HOLED,586.5,213.6,286.7,136.3,0.0,4,0,False,False,1,TEE_ROUGH
성유진,8881,27,3,8,4,1,FAIRWAY,403.2,143.5,238.0,262.8,133.9,4,0,True,True,2,NONE
성유진,8881,27,3,8,4,2,GREEN,586.5,240.3,305.1,136.3,3.4,4,0,True,True,2,NONE
성유진,8881,27,3,8,4,3,GREEN,589.9,246.9,309.8,134.0,1.1,4,0,True,True,2,NONE
성유진,8881,27,3,8,4,4,HOLED,589.9,243.6,307.5,134.0,0.0,4,0,True,True,2,NONE
성유진,8881,27,4,8,4,1,FAIRWAY,399.9,156.8,247.2,265.2,129.2,4,0,True,True,2,NONE
성유진,8881,27,4,8,4,2,GREEN,596.5,210.2,284.4,129.4,2.7,4,0,True,True,2,NONE
성유진,8881,27,4,8,4,3,GREEN,596.5,210.2,284.4,129.4,0.5,4,0,True,True,2,NONE
성유진,8881,27,4,8,4,4,HOLED,593.2,206.9,282.1,131.7,0.0,4,0,True,True,2,NONE
이가영,8883,,1,8,4,1,FAIRWAY,376.6,130.1,228.7,281.2,165.3,4,0,True,True,2,NONE
이가영,8883,,1,8,4,2,GREEN,593.2,220.3,291.3,131.7,21.6,4,0,True,True,2,NONE
이가영,8883,,1,8,4,3,GREEN,606.5,250.3,312.1,122.5,0.8,4,0,True,True,2,NONE
이가영,8883,,1,8,4,4,HOLED,606.5,250.3,312.1,122.5,0.0,4,0,True,True,2,NONE
이가영,8883,,2,8,4,1,FAIRWAY,386.6,146.8,240.3,274.4,133.5,6,2,False,True,2,APPROACH_MISS_TO_PENALTY_AREA
이가영,8883,,2,8,4,2,PENALTY_AREA,546.6,196.9,275.1,163.9,,6,2,False,True,2,APPROACH_MISS_TO_PENALTY_AREA
이가영,8883,,2,8,4,3,PENALTY_STROKE,436.6,163.5,251.9,239.9,,6,2,False,True,2,APPROACH_MISS_TO_PENALTY_AREA
이가영,8883,,2,8,4,4,GREEN,599.9,203.6,279.8,127.1,10.5,6,2,False,True,2,APPROACH_MISS_TO_PENALTY_AREA
이가영,8883,,2,8,4,5,GREEN,586.5,213.6,286.7,136.3,0.3,6,2,False,True,2,APPROACH_MISS_TO_PENALTY_AREA
이가영,8883,,2,8,4,6,HOLED,586.5,213.6,286.7,136.3,0.0,6,2,False,True,2,APPROACH_MISS_TO_PENALTY_AREA
윤화영,8884,46,1,8,4,1,ROUGH,349.9,123.5,224.1,299.7,183.1,5,1,False,False,2,TEE_ROUGH
윤화영,8884,46,1,8,4,2,FAIRWAY,426.6,160.2,249.6,246.8,128.4,5,1,False,False,2,TEE_ROUGH
윤화영,8884,46,1,8,4,3,GREEN,599.9,240.3,305.2,127.1,7.8,5,1,False,False,2,TEE_ROUGH
윤화영,8884,46,1,8,4,4,GREEN,606.5,250.3,312.1,122.5,0.5,5,1,False,False,2,TEE_ROUGH
윤화영,8884,46,1,8,4,5,HOLED,606.5,250.3,312.1,122.5,0.0,5,1,False,False,2,TEE_ROUGH
윤화영,8884,46,2,8,4,1,FAIRWAY,383.3,146.8,240.3,276.7,135.9,3,-1,True,True,1,NONE
윤화영,8884,46,2,8,4,2,GREEN,589.9,210.2,284.4,134.0,3.3,3,-1,True,True,1,NONE
윤화영,8884,46,2,8,4,3,HOLED,586.5,213.6,286.7,136.3,0.0,3,-1,True,True,1,NONE
윤화영,8884,46,3,8,4,1,ROUGH,359.9,170.2,256.4,292.8,154.2,5,1,False,False,2,TEE_ROUGH
윤화영,8884,46,3,8,4,2,FRINGE,613.2,203.6,279.8,117.9,30.5,5,1,False,False,2,TEE_ROUGH
윤화영,8884,46,3,8,4,3,GREEN,593.2,243.6,307.5,131.7,2.1,5,1,False,False,2,TEE_ROUGH
윤화영,8884,46,3,8,4,4,GREEN,589.9,243.6,307.5,134.0,0.5,5,1,False,False,2,TEE_ROUGH
윤화영,8884,46,3,8,4,5,HOLED,589.9,243.6,307.5,134.0,0.0,5,1,False,False,2,TEE_ROUGH
윤화영,8884,46,4,8,4,1,FAIRWAY,399.9,133.5,231.1,265.1,133.7,5,1,False,True,2,APPROACH_MISS_TO_FRINGE
윤화영,8884,46,4,8,4,2,FRINGE,626.5,216.9,289.1,108.7,20.7,5,1,False,True,2,APPROACH_MISS_TO_FRINGE
윤화영,8884,46,4,8,4,3,GREEN,593.2,203.6,279.8,131.7,4.0,5,1,False,True,2,APPROACH_MISS_TO_FRINGE
윤화영,8884,46,4,8,4,4,GREEN,593.2,206.9,282.1,131.7,0.5,5,1,False,True,2,APPROACH_MISS_TO_FRINGE
윤화영,8884,46,4,8,4,5,HOLED,593.2,206.9,282.1,131.7,0.0,5,1,False,True,2,APPROACH_MISS_TO_FRINGE
조정민,8972,,1,8,4,1,FAIRWAY,383.3,150.2,242.6,276.7,155.9,5,1,False,True,2,APPROACH_MISS_TO_ROUGH
조정민,8972,,1,8,4,2,ROUGH,626.5,226.9,296.0,108.7,18.0,5,1,False,True,2,APPROACH_MISS_TO_ROUGH
조정민,8972,,1,8,4,3,GREEN,609.9,246.9,309.8,120.2,1.6,5,1,False,True,2,APPROACH_MISS_TO_ROUGH
조정민,8972,,1,8,4,4,GREEN,606.5,250.3,312.1,122.5,0.8,5,1,False,True,2,APPROACH_MISS_TO_ROUGH
조정민,8972,,1,8,4,5,HOLED,606.5,250.3,312.1,122.5,0.0,5,1,False,True,2,APPROACH_MISS_TO_ROUGH
조정민,8972,,2,8,4,1,FAIRWAY,396.6,136.8,233.4,267.4,129.3,5,1,False,True,1,APPROACH_MISS_TO_PENALTY_AREA
조정민,8972,,2,8,4,2,PENALTY_AREA,553.2,220.3,291.3,159.3,,5,1,False,True,1,APPROACH_MISS_TO_PENALTY_AREA
조정민,8972,,2,8,4,3,PENALTY_STROKE,449.9,160.2,249.6,230.6,,5,1,False,True,1,APPROACH_MISS_TO_PENALTY_AREA
조정민,8972,,2,8,4,4,GREEN,583.2,213.6,286.7,138.6,1.5,5,1,False,True,1,APPROACH_MISS_TO_PENALTY_AREA
조정민,8972,,2,8,4,5,HOLED,586.5,213.6,286.7,136.3,0.0,5,1,False,True,1,APPROACH_MISS_TO_PENALTY_AREA
김지수,9000,20,1,8,4,1,ROUGH,379.9,123.5,224.1,278.9,166.2,6,2,False,False,2,TEE_ROUGH
김지수,9000,20,1,8,4,2,PENALTY_AREA,579.9,226.9,295.9,140.9,,6,2,False,False,2,TEE_ROUGH
김지수,9000,20,1,8,4,3,PENALTY_STROKE,443.2,166.9,254.2,235.2,,6,2,False,False,2,TEE_ROUGH
김지수,9000,20,1,8,4,4,GREEN,596.5,250.3,312.1,129.4,6.6,6,2,False,False,2,TEE_ROUGH
김지수,9000,20,1,8,4,5,GREEN,606.5,250.3,312.1,122.5,1.6,6,2,False,False,2,TEE_ROUGH
김지수,9000,20,1,8,4,6,HOLED,606.5,250.3,312.1,122.5,0.0,6,2,False,False,2,TEE_ROUGH
김지수,9000,20,2,8,4,1,FAIRWAY,389.9,153.5,244.9,272.1,130.7,5,1,False,True,2,APPROACH_MISS_TO_ROUGH
김지수,9000,20,2,8,4,2,ROUGH,599.9,190.2,270.6,127.1,18.3,5,1,False,True,2,APPROACH_MISS_TO_ROUGH
김지수,9000,20,2,8,4,3,GREEN,586.5,210.2,284.4,136.3,1.4,5,1,False,True,2,APPROACH_MISS_TO_ROUGH
김지수,9000,20,2,8,4,4,GREEN,586.5,213.6,286.7,136.3,0.5,5,1,False,True,2,APPROACH_MISS_TO_ROUGH
김지수,9000,20,2,8,4,5,HOLED,586.5,213.6,286.7,136.3,0.0,5,1,False,True,2,APPROACH_MISS_TO_ROUGH
김지수,9000,20,3,8,4,1,FAIRWAY,393.3,160.2,249.5,269.8,136.8,4,0,False,True,1,APPROACH_MISS_TO_FRINGE
김지수,9000,20,3,8,4,2,FRINGE,616.5,253.6,314.4,115.6,18.0,4,0,False,True,1,APPROACH_MISS_TO_FRINGE
김지수,9000,20,3,8,4,3,GREEN,589.9,243.6,307.5,134.0,1.2,4,0,False,True,1,APPROACH_MISS_TO_FRINGE
김지수,9000,20,3,8,4,4,HOLED,589.9,243.6,307.5,134.0,0.0,4,0,False,True,1,APPROACH_MISS_TO_FRINGE
김지수,9000,20,4,8,4,1,ROUGH,403.2,176.9,261.1,262.9,122.6,4,0,True,False,2,TEE_ROUGH
김지수,9000,20,4,8,4,2,GREEN,603.2,196.9,275.2,124.8,9.3,4,0,True,False,2,TEE_ROUGH
김지수,9000,20,4,8,4,3,GREEN,596.5,206.9,282.1,129.4,0.7,4,0,True,False,2,TEE_ROUGH
김지수,9000,20,4,8,4,4,HOLED,593.2,206.9,282.1,131.7,0.0,4,0,True,False,2,TEE_ROUGH
전예성,9082,16,1,8,4,1,ROUGH,353.3,126.8,226.4,297.4,180.2,4,0,False,False,1,TEE_ROUGH
전예성,9082,16,1,8,4,2,ROUGH,633.2,206.9,282.1,104.1,30.6,4,0,False,False,1,TEE_ROUGH
전예성,9082,16,1,8,4,3,GREEN,609.9,246.9,309.8,120.2,2.1,4,0,False,False,1,TEE_ROUGH
전예성,9082,16,1,8,4,4,HOLED,606.5,250.3,312.1,122.5,0.0,4,0,False,False,1,TEE_ROUGH
전예성,9082,16,2,8,4,1,FAIRWAY,369.9,130.1,228.7,285.9,147.1,4,0,False,True,1,APPROACH_MISS_TO_ROUGH
전예성,9082,16,2,8,4,2,ROUGH,576.5,196.9,275.1,143.2,11.0,4,0,False,True,1,APPROACH_MISS_TO_ROUGH
전예성,9082,16,2,8,4,3,GREEN,586.5,213.6,286.7,136.3,0.7,4,0,False,True,1,APPROACH_MISS_TO_ROUGH
전예성,9082,16,2,8,4,4,HOLED,586.5,213.6,286.7,136.3,0.0,4,0,False,True,1,APPROACH_MISS_TO_ROUGH
전예성,9082,16,3,8,4,1,ROUGH,359.9,160.2,249.5,292.8,154.5,5,1,False,False,2,TEE_ROUGH
전예성,9082,16,3,8,4,2,ROUGH,626.5,253.6,314.4,108.7,24.6,5,1,False,False,2,TEE_ROUGH
전예성,9082,16,3,8,4,3,GREEN,603.2,246.9,309.8,124.8,8.1,5,1,False,False,2,TEE_ROUGH
전예성,9082,16,3,8,4,4,GREEN,589.9,243.6,307.5,134.0,0.5,5,1,False,False,2,TEE_ROUGH
전예성,9082,16,3,8,4,5,HOLED,589.9,243.6,307.5,134.0,0.0,5,1,False,False,2,TEE_ROUGH
전예성,9082,16,4,8,4,1,FAIRWAY,383.3,140.2,235.7,276.7,141.6,5,1,True,True,3,PUTTING_LOSS_3PLUS
전예성,9082,16,4,8,4,2,GREEN,623.2,220.3,291.4,111.0,20.7,5,1,True,True,3,PUTTING_LOSS_3PLUS
전예성,9082,16,4,8,4,3,GREEN,593.2,203.6,279.8,131.7,2.3,5,1,True,True,3,PUTTING_LOSS_3PLUS
전예성,9082,16,4,8,4,4,GREEN,593.2,210.2,284.4,131.7,0.3,5,1,True,True,3,PUTTING_LOSS_3PLUS
전예성,9082,16,4,8,4,5,HOLED,593.2,206.9,282.1,131.7,0.0,5,1,True,True,3,PUTTING_LOSS_3PLUS
김소정,9089,5,1,8,4,1,ROUGH,403.2,113.5,217.2,262.8,155.7,5,1,False,False,2,TEE_ROUGH
김소정,9089,5,1,8,4,2,ROUGH,619.9,270.3,325.9,113.4,15.2,5,1,False,False,2,TEE_ROUGH
김소정,9089,5,1,8,4,3,GREEN,603.2,236.9,302.9,124.8,8.3,5,1,False,False,2,TEE_ROUGH
김소정,9089,5,1,8,4,4,GREEN,606.5,250.3,312.1,122.5,0.3,5,1,False,False,2,TEE_ROUGH
김소정,9089,5,1,8,4,5,HOLED,606.5,250.3,312.1,122.5,0.0,5,1,False,False,2,TEE_ROUGH
김소정,9089,5,2,8,4,1,ROUGH,379.9,203.6,279.5,279.1,132.0,5,1,False,False,2,TEE_ROUGH
김소정,9089,5,2,8,4,2,FAIRWAY,413.2,156.8,247.2,256.0,116.6,5,1,False,False,2,TEE_ROUGH
김소정,9089,5,2,8,4,3,GREEN,596.5,213.6,286.7,129.4,7.5,5,1,False,False,2,TEE_ROUGH
김소정,9089,5,2,8,4,4,GREEN,586.5,210.2,284.4,136.3,2.1,5,1,False,False,2,TEE_ROUGH
김소정,9089,5,2,8,4,5,HOLED,586.5,213.6,286.7,136.3,0.0,5,1,False,False,2,TEE_ROUGH
김소정,9089,5,3,8,4,1,FAIRWAY,413.2,130.1,228.8,255.9,132.3,4,0,False,True,1,APPROACH_MISS_TO_ROUGH
김소정,9089,5,3,8,4,2,ROUGH,579.9,236.9,302.8,140.9,7.6,4,0,False,True,1,APPROACH_MISS_TO_ROUGH
김소정,9089,5,3,8,4,3,GREEN,589.9,243.6,307.5,134.0,1.2,4,0,False,True,1,APPROACH_MISS_TO_ROUGH
김소정,9089,5,3,8,4,4,HOLED,589.9,243.6,307.5,134.0,0.0,4,0,False,True,1,APPROACH_MISS_TO_ROUGH
김소정,9089,5,4,8,4,1,FAIRWAY,429.9,153.5,245.0,244.4,110.9,3,-1,True,True,1,NONE
김소정,9089,5,4,8,4,2,GREEN,596.5,206.9,282.1,129.4,1.5,3,-1,True,True,1,NONE
김소정,9089,5,4,8,4,3,HOLED,593.2,206.9,282.1,131.7,0.0,3,-1,True,True,1,NONE
박서현,9111,61,1,8,4,1,ROUGH,373.3,163.5,251.8,283.6,159.0,5,1,False,False,2,TEE_ROUGH
박서현,9111,61,1,8,4,2,ROUGH,616.5,196.9,275.2,115.6,32.4,5,1,False,False,2,TEE_ROUGH
박서현,9111,61,1,8,4,3,GREEN,606.5,246.9,309.8,122.5,2.0,5,1,False,False,2,TEE_ROUGH
박서현,9111,61,1,8,4,4,GREEN,606.5,250.3,312.1,122.5,0.5,5,1,False,False,2,TEE_ROUGH
박서현,9111,61,1,8,4,5,HOLED,606.5,250.3,312.1,122.5,0.0,5,1,False,False,2,TEE_ROUGH
박서현,9111,61,2,8,4,1,ROUGH,386.6,173.5,258.7,274.4,129.7,4,0,False,False,1,TEE_ROUGH
박서현,9111,61,2,8,4,2,ROUGH,629.9,216.9,289.1,106.4,28.8,4,0,False,False,1,TEE_ROUGH
박서현,9111,61,2,8,4,3,GREEN,586.5,216.9,289.0,136.3,3.3,4,0,False,False,1,TEE_ROUGH
박서현,9111,61,2,8,4,4,HOLED,586.5,213.6,286.7,136.3,0.0,4,0,False,False,1,TEE_ROUGH
박서현,9111,61,3,8,4,1,FAIRWAY,389.9,143.5,238.0,272.1,142.4,7,3,False,True,1,APPROACH_MISS_TO_PENALTY_AREA
박서현,9111,61,3,8,4,2,PENALTY_AREA,556.5,236.9,302.8,157.1,,7,3,False,True,1,APPROACH_MISS_TO_PENALTY_AREA
박서현,9111,61,3,8,4,3,PENALTY_STROKE,503.2,213.6,286.6,193.9,,7,3,False,True,1,APPROACH_MISS_TO_PENALTY_AREA
박서현,9111,61,3,8,4,4,ROUGH,616.5,253.6,314.4,115.6,18.4,7,3,False,True,1,APPROACH_MISS_TO_PENALTY_AREA
박서현,9111,61,3,8,4,5,FRINGE,583.2,240.3,305.1,138.6,5.6,7,3,False,True,1,APPROACH_MISS_TO_PENALTY_AREA
박서현,9111,61,3,8,4,6,GREEN,589.9,243.6,307.5,134.0,0.3,7,3,False,True,1,APPROACH_MISS_TO_PENALTY_AREA
박서현,9111,61,3,8,4,7,HOLED,589.9,243.6,307.5,134.0,0.0,7,3,False,True,1,APPROACH_MISS_TO_PENALTY_AREA
박서현,9111,61,4,8,4,1,FAIRWAY,396.6,160.2,249.5,267.5,130.4,4,0,True,True,2,NONE
박서현,9111,61,4,8,4,2,GREEN,596.5,220.3,291.3,129.4,7.6,4,0,True,True,2,NONE
박서현,9111,61,4,8,4,3,GREEN,593.2,210.2,284.4,131.7,0.3,4,0,True,True,2,NONE
박서현,9111,61,4,8,4,4,HOLED,593.2,206.9,282.1,131.7,0.0,4,0,True,True,2,NONE
노승희,9113,16,1,8,4,1,FAIRWAY,396.6,146.8,240.3,267.5,149.2,3,-1,True,True,1,NONE
노승희,9113,16,1,8,4,2,GREEN,606.5,246.9,309.8,122.5,2.0,3,-1,True,True,1,NONE
노승희,9113,16,1,8,4,3,HOLED,606.5,250.3,312.1,122.5,0.0,3,-1,True,True,1,NONE
노승희,9113,16,2,8,4,1,FAIRWAY,393.3,150.2,242.6,269.8,129.3,4,0,True,True,2,NONE
노승희,9113,16,2,8,4,2,GREEN,599.9,206.9,282.1,127.1,9.8,4,0,True,True,2,NONE
노승희,9113,16,2,8,4,3,GREEN,586.5,206.9,282.1,136.3,3.1,4,0,True,True,2,NONE
노승희,9113,16,2,8,4,4,HOLED,586.5,213.6,286.7,136.3,0.0,4,0,True,True,2,NONE
노승희,9113,16,3,8,4,1,ROUGH,389.9,173.5,258.7,272.1,135.8,4,0,True,False,2,TEE_ROUGH
노승희,9113,16,3,8,4,2,GREEN,589.9,200.2,277.5,134.0,27.1,4,0,True,False,2,TEE_ROUGH
노승희,9113,16,3,8,4,3,GREEN,589.9,240.3,305.1,134.0,2.3,4,0,True,False,2,TEE_ROUGH
노승희,9113,16,3,8,4,4,HOLED,589.9,243.6,307.5,134.0,0.0,4,0,True,False,2,TEE_ROUGH
노승희,9113,16,4,8,4,1,ROUGH,376.6,116.8,219.5,281.2,150.3,4,0,False,False,1,TEE_ROUGH
노승희,9113,16,4,8,4,2,ROUGH,619.9,200.2,277.5,113.3,16.4,4,0,False,False,1,TEE_ROUGH
노승희,9113,16,4,8,4,3,GREEN,593.2,206.9,282.1,131.7,1.3,4,0,False,False,1,TEE_ROUGH
노승희,9113,16,4,8,4,4,HOLED,593.2,206.9,282.1,131.7,0.0,4,0,False,False,1,TEE_ROUGH
유해란,9115,1,1,8,4,1,FAIRWAY,436.6,156.8,247.3,239.8,123.1,3,-1,True,True,1,NONE
유해란,9115,1,1,8,4,2,GREEN,599.9,240.3,305.2,127.1,7.4,3,-1,True,True,1,NONE
유해란,9115,1,1,8,4,3,HOLED,606.5,250.3,312.1,122.5,0.0,3,-1,True,True,1,NONE
유해란,9115,1,2,8,4,1,FAIRWAY,416.6,160.2,249.5,253.7,113.2,4,0,True,True,2,NONE
유해란,9115,1,2,8,4,2,GREEN,596.5,213.6,286.7,129.4,7.4,4,0,True,True,2,NONE
유해란,9115,1,2,8,4,3,GREEN,586.5,213.6,286.7,136.3,0.3,4,0,True,True,2,NONE
유해란,9115,1,2,8,4,4,HOLED,586.5,213.6,286.7,136.3,0.0,4,0,True,True,2,NONE
유해란,9115,1,3,8,4,1,FAIRWAY,413.2,160.2,249.5,256.0,124.5,4,0,True,True,2,NONE
유해란,9115,1,3,8,4,2,GREEN,606.5,246.9,309.8,122.5,12.1,4,0,True,True,2,NONE
유해란,9115,1,3,8,4,3,GREEN,589.9,243.6,307.5,134.0,1.1,4,0,True,True,2,NONE
유해란,9115,1,3,8,4,4,HOLED,589.9,243.6,307.5,134.0,0.0,4,0,True,True,2,NONE
유해란,9115,1,4,8,4,1,ROUGH,416.6,116.8,219.6,253.6,127.1,4,0,False,False,1,TEE_ROUGH
유해란,9115,1,4,8,4,2,ROUGH,576.5,203.6,279.8,143.2,11.2,4,0,False,False,1,TEE_ROUGH
유해란,9115,1,4,8,4,3,GREEN,593.2,206.9,282.1,131.7,1.1,4,0,False,False,1,TEE_ROUGH
유해란,9115,1,4,8,4,4,HOLED,593.2,206.9,282.1,131.7,0.0,4,0,False,False,1,TEE_ROUGH
박현경,9130,,1,8,4,1,FAIRWAY,366.6,146.8,240.3,288.2,166.8,3,-1,False,True,0,APPROACH_MISS_TO_FRINGE
박현경,9130,,1,8,4,2,FRINGE,606.5,257.0,316.7,122.5,5.4,3,-1,False,True,0,APPROACH_MISS_TO_FRINGE
박현경,9130,,1,8,4,3,HOLED,606.5,250.3,312.1,122.5,0.0,3,-1,False,True,0,APPROACH_MISS_TO_FRINGE
박현경,9130,,2,8,4,1,FAIRWAY,393.3,156.8,247.2,269.8,127.8,6,2,False,True,2,APPROACH_MISS_TO_PENALTY_AREA
박현경,9130,,2,8,4,2,PENALTY_AREA,549.9,210.2,284.3,161.6,,6,2,False,True,2,APPROACH_MISS_TO_PENALTY_AREA
박현경,9130,,2,8,4,3,PENALTY_STROKE,433.2,170.2,256.5,242.2,,6,2,False,True,2,APPROACH_MISS_TO_PENALTY_AREA
박현경,9130,,2,8,4,4,GREEN,599.9,206.9,282.1,127.1,10.3,6,2,False,True,2,APPROACH_MISS_TO_PENALTY_AREA
박현경,9130,,2,8,4,5,GREEN,583.2,213.6,286.7,138.6,1.0,6,2,False,True,2,APPROACH_MISS_TO_PENALTY_AREA
박현경,9130,,2,8,4,6,HOLED,586.5,213.6,286.7,136.3,0.0,6,2,False,True,2,APPROACH_MISS_TO_PENALTY_AREA
서어진,9134,5,1,8,4,1,FAIRWAY,386.6,153.5,244.9,274.4,153.4,4,0,True,True,2,NONE
서어진,9134,5,1,8,4,2,GREEN,606.5,250.3,312.1,122.5,1.6,4,0,True,True,2,NONE
서어진,9134,5,1,8,4,3,GREEN,609.9,246.9,309.8,120.2,0.5,4,0,True,True,2,NONE
서어진,9134,5,1,8,4,4,HOLED,606.5,250.3,312.1,122.5,0.0,4,0,True,True,2,NONE
서어진,9134,5,2,8,4,1,FAIRWAY,386.6,150.2,242.6,274.4,132.9,4,0,False,True,1,APPROACH_MISS_TO_ROUGH
서어진,9134,5,2,8,4,2,ROUGH,586.5,190.2,270.6,136.3,13.9,4,0,False,True,1,APPROACH_MISS_TO_ROUGH
서어진,9134,5,2,8,4,3,GREEN,586.5,213.6,286.7,136.3,0.4,4,0,False,True,1,APPROACH_MISS_TO_ROUGH
서어진,9134,5,2,8,4,4,HOLED,586.5,213.6,286.7,136.3,0.0,4,0,False,True,1,APPROACH_MISS_TO_ROUGH
서어진,9134,5,3,8,4,1,ROUGH,389.9,170.2,256.4,272.1,134.8,4,0,True,False,2,TEE_ROUGH
서어진,9134,5,3,8,4,2,GREEN,596.5,220.3,291.3,129.4,15.0,4,0,True,False,2,TEE_ROUGH
서어진,9134,5,3,8,4,3,GREEN,589.9,243.6,307.5,134.0,0.6,4,0,True,False,2,TEE_ROUGH
서어진,9134,5,3,8,4,4,HOLED,589.9,243.6,307.5,134.0,0.0,4,0,True,False,2,TEE_ROUGH
서어진,9134,5,4,8,4,1,FAIRWAY,383.3,150.2,242.6,276.7,139.1,4,0,True,True,2,NONE
서어진,9134,5,4,8,4,2,GREEN,593.2,220.3,291.3,131.7,6.6,4,0,True,True,2,NONE
서어진,9134,5,4,8,4,3,GREEN,593.2,206.9,282.1,131.7,0.2,4,0,True,True,2,NONE
서어진,9134,5,4,8,4,4,HOLED,593.2,206.9,282.1,131.7,0.0,4,0,True,True,2,NONE
신다인,9135,27,1,8,4,1,FAIRWAY,406.6,160.2,249.5,260.6,139.1,4,0,True,True,2,NONE
신다인,9135,27,1,8,4,2,GREEN,589.9,220.3,291.3,134.0,20.3,4,0,True,True,2,NONE
신다인,9135,27,1,8,4,3,GREEN,606.5,246.9,309.8,122.5,1.6,4,0,True,True,2,NONE
신다인,9135,27,1,8,4,4,HOLED,606.5,250.3,312.1,122.5,0.0,4,0,True,True,2,NONE
신다인,9135,27,2,8,4,1,FAIRWAY,413.2,143.5,238.0,255.9,118.5,4,0,True,True,2,NONE
신다인,9135,27,2,8,4,2,GREEN,589.9,196.9,275.2,134.0,10.6,4,0,True,True,2,NONE
신다인,9135,27,2,8,4,3,GREEN,586.5,210.2,284.4,136.3,1.1,4,0,True,True,2,NONE
신다인,9135,27,2,8,4,4,HOLED,586.5,213.6,286.7,136.3,0.0,4,0,True,True,2,NONE
신다인,9135,27,3,8,4,1,FAIRWAY,419.9,140.2,235.7,251.3,125.4,4,0,True,True,2,NONE
신다인,9135,27,3,8,4,2,GREEN,589.9,220.3,291.3,134.0,14.8,4,0,True,True,2,NONE
신다인,9135,27,3,8,4,3,GREEN,589.9,240.3,305.1,134.0,1.8,4,0,True,True,2,NONE
신다인,9135,27,3,8,4,4,HOLED,589.9,243.6,307.5,134.0,0.0,4,0,True,True,2,NONE
신다인,9135,27,4,8,4,1,FAIRWAY,439.9,150.2,242.7,237.5,105.1,4,0,True,True,2,NONE
신다인,9135,27,4,8,4,2,GREEN,593.2,206.9,282.1,131.7,1.6,4,0,True,True,2,NONE
신다인,9135,27,4,8,4,3,GREEN,596.5,206.9,282.1,129.4,0.7,4,0,True,True,2,NONE
신다인,9135,27,4,8,4,4,HOLED,593.2,206.9,282.1,131.7,0.0,4,0,True,True,2,NONE
조혜림,9136,,1,8,4,1,FAIRWAY,353.3,143.5,237.9,297.4,175.5,5,1,False,True,2,APPROACH_MISS_TO_ROUGH
조혜림,9136,,1,8,4,2,ROUGH,576.5,250.3,312.0,143.3,20.8,5,1,False,True,2,APPROACH_MISS_TO_ROUGH
조혜림,9136,,1,8,4,3,GREEN,609.9,246.9,309.8,120.2,1.7,5,1,False,True,2,APPROACH_MISS_TO_ROUGH
조혜림,9136,,1,8,4,4,GREEN,606.5,250.3,312.1,122.5,0.4,5,1,False,True,2,APPROACH_MISS_TO_ROUGH
조혜림,9136,,1,8,4,5,HOLED,606.5,250.3,312.1,122.5,0.0,5,1,False,True,2,APPROACH_MISS_TO_ROUGH
조혜림,9136,,2,8,4,1,ROUGH,369.9,116.8,219.5,285.8,150.3,8,4,False,False,2,TEE_ROUGH
조혜림,9136,,2,8,4,2,PENALTY_AREA,556.5,203.6,279.7,157.0,,8,4,False,False,2,TEE_ROUGH
조혜림,9136,,2,8,4,3,PENALTY_STROKE,449.9,160.2,249.6,230.6,,8,4,False,False,2,TEE_ROUGH
조혜림,9136,,2,8,4,4,PENALTY_AREA,559.9,206.9,282.0,154.7,,8,4,False,False,2,TEE_ROUGH
조혜림,9136,,2,8,4,5,PENALTY_STROKE,449.9,160.2,249.6,230.6,,8,4,False,False,2,TEE_ROUGH
조혜림,9136,,2,8,4,6,GREEN,593.2,206.9,282.1,131.7,5.5,8,4,False,False,2,TEE_ROUGH
조혜림,9136,,2,8,4,7,GREEN,586.5,213.6,286.7,136.3,0.2,8,4,False,False,2,TEE_ROUGH
조혜림,9136,,2,8,4,8,HOLED,586.5,213.6,286.7,136.3,0.0,8,4,False,False,2,TEE_ROUGH
임희정,9145,55,1,8,4,1,FAIRWAY,396.6,150.2,242.6,267.5,148.4,4,0,True,True,2,NONE
임희정,9145,55,1,8,4,2,GREEN,619.9,230.3,298.3,113.3,14.7,4,0,True,True,2,NONE
임희정,9145,55,1,8,4,3,GREEN,609.9,250.3,312.1,120.2,0.7,4,0,True,True,2,NONE
임희정,9145,55,1,8,4,4,HOLED,606.5,250.3,312.1,122.5,0.0,4,0,True,True,2,NONE
임희정,9145,55,2,8,4,1,ROUGH,363.3,183.5,265.6,290.5,142.1,3,-1,False,False,0,TEE_ROUGH
임희정,9145,55,2,8,4,2,FRINGE,583.2,223.6,293.6,138.6,6.1,3,-1,False,False,0,TEE_ROUGH
임희정,9145,55,2,8,4,3,HOLED,586.5,213.6,286.7,136.3,0.0,3,-1,False,False,0,TEE_ROUGH
임희정,9145,55,3,8,4,1,ROUGH,406.6,173.5,258.8,260.6,124.9,5,1,False,False,1,TEE_ROUGH
임희정,9145,55,3,8,4,2,PENALTY_AREA,563.2,220.3,291.3,152.4,,5,1,False,False,1,TEE_ROUGH
임희정,9145,55,3,8,4,3,PENALTY_STROKE,499.9,213.6,286.6,196.2,,5,1,False,False,1,TEE_ROUGH
임희정,9145,55,3,8,4,4,GREEN,589.9,243.6,307.5,134.0,0.4,5,1,False,False,1,TEE_ROUGH
임희정,9145,55,3,8,4,5,HOLED,589.9,243.6,307.5,134.0,0.0,5,1,False,False,1,TEE_ROUGH
임희정,9145,55,4,8,4,1,FAIRWAY,409.9,153.5,244.9,258.3,122.9,4,0,True,True,2,NONE
임희정,9145,55,4,8,4,2,GREEN,596.5,203.6,279.8,129.4,3.6,4,0,True,True,2,NONE
임희정,9145,55,4,8,4,3,GREEN,593.2,210.2,284.4,131.7,0.5,4,0,True,True,2,NONE
임희정,9145,55,4,8,4,4,HOLED,593.2,206.9,282.1,131.7,0.0,4,0,True,True,2,NONE
강가율,9174,,1,8,4,1,FAIRWAY,379.9,130.1,228.7,278.9,163.0,3,-1,True,True,1,NONE
강가율,9174,,1,8,4,2,GREEN,609.9,253.6,314.4,120.2,4.1,3,-1,True,True,1,NONE
강가율,9174,,1,8,4,3,HOLED,606.5,250.3,312.1,122.5,0.0,3,-1,True,True,1,NONE
강가율,9174,,2,8,4,1,ROUGH,373.3,116.8,219.5,283.5,148.1,4,0,True,False,2,TEE_ROUGH
강가율,9174,,2,8,4,2,GREEN,599.9,203.6,279.8,127.1,10.7,4,0,True,False,2,TEE_ROUGH
강가율,9174,,2,8,4,3,GREEN,586.5,213.6,286.7,136.3,1.3,4,0,True,False,2,TEE_ROUGH
강가율,9174,,2,8,4,4,HOLED,586.5,213.6,286.7,136.3,0.0,4,0,True,False,2,TEE_ROUGH
박결,9183,,1,8,4,1,ROUGH,343.3,133.5,231.0,304.3,184.6,5,1,False,False,2,TEE_ROUGH
박결,9183,,1,8,4,2,FAIRWAY,426.6,153.5,245.0,246.7,128.9,5,1,False,False,2,TEE_ROUGH
박결,9183,,1,8,4,3,GREEN,589.9,246.9,309.8,134.0,11.1,5,1,False,False,2,TEE_ROUGH
박결,9183,,1,8,4,4,GREEN,606.5,246.9,309.8,122.5,0.9,5,1,False,False,2,TEE_ROUGH
박결,9183,,1,8,4,5,HOLED,606.5,250.3,312.1,122.5,0.0,5,1,False,False,2,TEE_ROUGH
박결,9183,,2,8,4,1,FAIRWAY,356.6,140.2,235.6,295.1,153.8,6,2,False,True,2,APPROACH_MISS_TO_PENALTY_AREA
박결,9183,,2,8,4,2,PENALTY_AREA,553.2,203.6,279.7,159.3,,6,2,False,True,2,APPROACH_MISS_TO_PENALTY_AREA
박결,9183,,2,8,4,3,PENALTY_STROKE,446.6,156.8,247.3,232.9,,6,2,False,True,2,APPROACH_MISS_TO_PENALTY_AREA
박결,9183,,2,8,4,4,GREEN,596.5,210.2,284.4,129.4,7.3,6,2,False,True,2,APPROACH_MISS_TO_PENALTY_AREA
박결,9183,,2,8,4,5,GREEN,586.5,213.6,286.7,136.3,0.5,6,2,False,True,2,APPROACH_MISS_TO_PENALTY_AREA
박결,9183,,2,8,4,6,HOLED,586.5,213.6,286.7,136.3,0.0,6,2,False,True,2,APPROACH_MISS_TO_PENALTY_AREA
최은우,9235,24,1,8,4,1,ROUGH,359.9,126.8,226.4,292.8,176.6,5,1,True,False,3,TEE_ROUGH
최은우,9235,24,1,8,4,2,GREEN,596.5,200.2,277.5,129.4,31.1,5,1,True,False,3,TEE_ROUGH
최은우,9235,24,1,8,4,3,GREEN,603.2,246.9,309.8,124.8,3.5,5,1,True,False,3,TEE_ROUGH
최은우,9235,24,1,8,4,4,GREEN,609.9,250.3,312.1,120.2,0.9,5,1,True,False,3,TEE_ROUGH
최은우,9235,24,1,8,4,5,HOLED,606.5,250.3,312.1,122.5,0.0,5,1,True,False,3,TEE_ROUGH
최은우,9235,24,2,8,4,1,ROUGH,369.9,170.2,256.4,285.9,141.2,4,0,False,False,1,TEE_ROUGH
최은우,9235,24,2,8,4,2,ROUGH,573.2,196.9,275.1,145.5,11.7,4,0,False,False,1,TEE_ROUGH
최은우,9235,24,2,8,4,3,GREEN,586.5,213.6,286.7,136.3,0.9,4,0,False,False,1,TEE_ROUGH
최은우,9235,24,2,8,4,4,HOLED,586.5,213.6,286.7,136.3,0.0,4,0,False,False,1,TEE_ROUGH
최은우,9235,24,3,8,4,1,FAIRWAY,386.6,130.1,228.8,274.3,149.1,4,0,False,True,1,APPROACH_MISS_TO_FRINGE
최은우,9235,24,3,8,4,2,FRINGE,619.9,240.3,305.2,113.3,20.0,4,0,False,True,1,APPROACH_MISS_TO_FRINGE
최은우,9235,24,3,8,4,3,GREEN,583.2,243.6,307.4,138.6,3.5,4,0,False,True,1,APPROACH_MISS_TO_FRINGE
최은우,9235,24,3,8,4,4,HOLED,589.9,243.6,307.5,134.0,0.0,4,0,False,True,1,APPROACH_MISS_TO_FRINGE
최은우,9235,24,4,8,4,1,FAIRWAY,393.3,136.8,233.4,269.7,135.6,4,0,True,True,2,NONE
최은우,9235,24,4,8,4,2,GREEN,603.2,196.9,275.2,124.8,9.5,4,0,True,True,2,NONE
최은우,9235,24,4,8,4,3,GREEN,593.2,210.2,284.4,131.7,0.3,4,0,True,True,2,NONE
최은우,9235,24,4,8,4,4,HOLED,593.2,206.9,282.1,131.7,0.0,4,0,True,True,2,NONE
김아현,9277,,1,8,4,1,FAIRWAY,373.3,140.2,235.7,283.6,163.6,4,0,False,True,1,APPROACH_MISS_TO_ROUGH
김아현,9277,,1,8,4,2,ROUGH,619.9,193.6,272.9,113.2,35.7,4,0,False,True,1,APPROACH_MISS_TO_ROUGH
김아현,9277,,1,8,4,3,GREEN,603.2,250.3,312.1,124.8,4.1,4,0,False,True,1,APPROACH_MISS_TO_ROUGH
김아현,9277,,1,8,4,4,HOLED,606.5,250.3,312.1,122.5,0.0,4,0,False,True,1,APPROACH_MISS_TO_ROUGH
김아현,9277,,2,8,4,1,ROUGH,373.3,123.5,224.1,283.5,147.1,4,0,True,False,2,TEE_ROUGH
김아현,9277,,2,8,4,2,GREEN,603.2,200.2,277.5,124.8,12.9,4,0,True,False,2,TEE_ROUGH
김아현,9277,,2,8,4,3,GREEN,589.9,210.2,284.4,134.0,2.6,4,0,True,False,2,TEE_ROUGH
김아현,9277,,2,8,4,4,HOLED,586.5,213.6,286.7,136.3,0.0,4,0,True,False,2,TEE_ROUGH
전우리,9389,20,1,8,4,1,FAIRWAY,383.3,143.5,238.0,276.7,158.7,5,1,False,True,2,APPROACH_MISS_TO_ROUGH
전우리,9389,20,1,8,4,2,ROUGH,629.9,230.3,298.3,106.4,18.9,5,1,False,True,2,APPROACH_MISS_TO_ROUGH
전우리,9389,20,1,8,4,3,GREEN,603.2,246.9,309.8,124.8,2.5,5,1,False,True,2,APPROACH_MISS_TO_ROUGH
전우리,9389,20,1,8,4,4,GREEN,609.9,250.3,312.1,120.2,0.3,5,1,False,True,2,APPROACH_MISS_TO_ROUGH
전우리,9389,20,1,8,4,5,HOLED,606.5,250.3,312.1,122.5,0.0,5,1,False,True,2,APPROACH_MISS_TO_ROUGH
전우리,9389,20,2,8,4,1,FAIRWAY,399.9,146.8,240.3,265.2,126.3,4,0,True,True,2,NONE
전우리,9389,20,2,8,4,2,GREEN,599.9,203.6,279.8,127.1,10.5,4,0,True,True,2,NONE
전우리,9389,20,2,8,4,3,GREEN,586.5,213.6,286.7,136.3,0.5,4,0,True,True,2,NONE
전우리,9389,20,2,8,4,4,HOLED,586.5,213.6,286.7,136.3,0.0,4,0,True,True,2,NONE
전우리,9389,20,3,8,4,1,ROUGH,399.9,123.5,224.2,265.1,143.3,4,0,False,False,1,TEE_ROUGH
전우리,9389,20,3,8,4,2,FAIRWAY,439.9,150.2,242.7,237.5,113.3,4,0,False,False,1,TEE_ROUGH
전우리,9389,20,3,8,4,3,GREEN,609.9,246.9,309.8,120.2,13.4,4,0,False,False,1,TEE_ROUGH
전우리,9389,20,3,8,4,4,HOLED,589.9,243.6,307.5,134.0,0.0,4,0,False,False,1,TEE_ROUGH
전우리,9389,20,4,8,4,1,FAIRWAY,429.9,146.8,240.3,244.4,112.7,4,0,True,True,2,NONE
전우리,9389,20,4,8,4,2,GREEN,589.9,206.9,282.1,134.0,3.7,4,0,True,True,2,NONE
전우리,9389,20,4,8,4,3,GREEN,593.2,206.9,282.1,131.7,0.3,4,0,True,True,2,NONE
전우리,9389,20,4,8,4,4,HOLED,593.2,206.9,282.1,131.7,0.0,4,0,True,True,2,NONE
최가빈,9391,,1,8,4,1,ROUGH,383.3,156.8,247.2,276.7,154.9,6,2,False,False,2,TEE_ROUGH
최가빈,9391,,1,8,4,2,ROUGH,653.2,230.3,298.3,90.3,32.4,6,2,False,False,2,TEE_ROUGH
최가빈,9391,,1,8,4,3,ROUGH,623.2,236.9,302.9,111.0,12.8,6,2,False,False,2,TEE_ROUGH
최가빈,9391,,1,8,4,4,GREEN,609.9,253.6,314.4,120.2,2.9,6,2,False,False,2,TEE_ROUGH
최가빈,9391,,1,8,4,5,GREEN,609.9,250.3,312.1,120.2,0.4,6,2,False,False,2,TEE_ROUGH
최가빈,9391,,1,8,4,6,HOLED,606.5,250.3,312.1,122.5,0.0,6,2,False,False,2,TEE_ROUGH
최가빈,9391,,2,8,4,1,ROUGH,399.9,116.8,219.5,265.1,132.8,4,0,True,False,2,TEE_ROUGH
최가빈,9391,,2,8,4,2,GREEN,596.5,203.6,279.8,129.4,9.7,4,0,True,False,2,TEE_ROUGH
최가빈,9391,,2,8,4,3,GREEN,586.5,210.2,284.4,136.3,0.7,4,0,True,False,2,TEE_ROUGH
최가빈,9391,,2,8,4,4,HOLED,586.5,213.6,286.7,136.3,0.0,4,0,True,False,2,TEE_ROUGH
한진선,9426,37,1,8,4,1,FAIRWAY,379.9,123.5,224.1,278.9,164.4,3,-1,True,True,1,NONE
한진선,9426,37,1,8,4,2,GREEN,599.9,240.3,305.2,127.1,6.5,3,-1,True,True,1,NONE
한진선,9426,37,1,8,4,3,HOLED,606.5,250.3,312.1,122.5,0.0,3,-1,True,True,1,NONE
한진선,9426,37,2,8,4,1,FAIRWAY,379.9,150.2,242.6,279.0,136.8,4,0,True,True,2,NONE
한진선,9426,37,2,8,4,2,GREEN,593.2,220.3,291.3,131.7,7.5,4,0,True,True,2,NONE
한진선,9426,37,2,8,4,3,GREEN,586.5,213.6,286.7,136.3,0.4,4,0,True,True,2,NONE
한진선,9426,37,2,8,4,4,HOLED,586.5,213.6,286.7,136.3,0.0,4,0,True,True,2,NONE
한진선,9426,37,3,8,4,1,FAIRWAY,376.6,126.8,226.4,281.2,154.8,4,0,True,True,2,NONE
한진선,9426,37,3,8,4,2,GREEN,593.2,240.3,305.1,131.7,4.5,4,0,True,True,2,NONE
한진선,9426,37,3,8,4,3,GREEN,589.9,243.6,307.5,134.0,0.5,4,0,True,True,2,NONE
한진선,9426,37,3,8,4,4,HOLED,589.9,243.6,307.5,134.0,0.0,4,0,True,True,2,NONE
한진선,9426,37,4,8,4,1,FAIRWAY,399.9,136.8,233.4,265.1,132.4,4,0,True,True,2,NONE
한진선,9426,37,4,8,4,2,GREEN,599.9,210.2,284.4,127.1,2.7,4,0,True,True,2,NONE
한진선,9426,37,4,8,4,3,GREEN,593.2,206.9,282.1,131.7,0.4,4,0,True,True,2,NONE
한진선,9426,37,4,8,4,4,HOLED,593.2,206.9,282.1,131.7,0.0,4,0,True,True,2,NONE
박보겸,9431,12,1,8,4,1,FAIRWAY,409.9,156.8,247.2,258.3,138.4,4,0,True,True,2,NONE
박보겸,9431,12,1,8,4,2,GREEN,616.5,243.6,307.5,115.6,5.6,4,0,True,True,2,NONE
박보겸,9431,12,1,8,4,3,GREEN,609.9,246.9,309.8,120.2,0.3,4,0,True,True,2,NONE
박보겸,9431,12,1,8,4,4,HOLED,606.5,250.3,312.1,122.5,0.0,4,0,True,True,2,NONE
박보겸,9431,12,2,8,4,1,ROUGH,419.9,180.2,263.4,251.4,108.4,4,0,False,False,1,TEE_ROUGH
박보겸,9431,12,2,8,4,2,ROUGH,626.5,233.6,300.6,108.7,29.6,4,0,False,False,1,TEE_ROUGH
박보겸,9431,12,2,8,4,3,GREEN,586.5,213.6,286.7,136.3,0.5,4,0,False,False,1,TEE_ROUGH
박보겸,9431,12,2,8,4,4,HOLED,586.5,213.6,286.7,136.3,0.0,4,0,False,False,1,TEE_ROUGH
박보겸,9431,12,3,8,4,1,FAIRWAY,413.2,146.8,240.3,255.9,128.1,4,0,False,True,1,APPROACH_MISS_TO_FRINGE
박보겸,9431,12,3,8,4,2,FRINGE,619.9,250.3,312.1,113.3,18.6,4,0,False,True,1,APPROACH_MISS_TO_FRINGE
박보겸,9431,12,3,8,4,3,GREEN,596.5,243.6,307.5,129.4,3.7,4,0,False,True,1,APPROACH_MISS_TO_FRINGE
박보겸,9431,12,3,8,4,4,HOLED,589.9,243.6,307.5,134.0,0.0,4,0,False,True,1,APPROACH_MISS_TO_FRINGE
박보겸,9431,12,4,8,4,1,ROUGH,393.3,166.9,254.1,269.8,131.1,4,0,False,False,1,TEE_ROUGH
박보겸,9431,12,4,8,4,2,FRINGE,613.2,200.2,277.5,117.9,12.8,4,0,False,False,1,TEE_ROUGH
박보겸,9431,12,4,8,4,3,GREEN,596.5,206.9,282.1,129.4,1.0,4,0,False,False,1,TEE_ROUGH
박보겸,9431,12,4,8,4,4,HOLED,593.2,206.9,282.1,131.7,0.0,4,0,False,False,1,TEE_ROUGH
구래현,9436,,1,8,4,1,FAIRWAY,366.6,130.1,228.7,288.2,170.2,5,1,False,True,2,APPROACH_MISS_TO_ROUGH
구래현,9436,,1,8,4,2,ROUGH,609.9,260.3,319.0,120.3,8.4,5,1,False,True,2,APPROACH_MISS_TO_ROUGH
구래현,9436,,1,8,4,3,GREEN,609.9,220.3,291.3,120.2,17.8,5,1,False,True,2,APPROACH_MISS_TO_ROUGH
구래현,9436,,1,8,4,4,GREEN,606.5,250.3,312.1,122.5,2.1,5,1,False,True,2,APPROACH_MISS_TO_ROUGH
구래현,9436,,1,8,4,5,HOLED,606.5,250.3,312.1,122.5,0.0,5,1,False,True,2,APPROACH_MISS_TO_ROUGH
구래현,9436,,2,8,4,1,ROUGH,393.3,103.5,210.3,269.7,140.9,7,3,False,False,2,TEE_ROUGH
구래현,9436,,2,8,4,2,FAIRWAY,426.6,140.2,235.7,246.7,111.5,7,3,False,False,2,TEE_ROUGH
구래현,9436,,2,8,4,3,PENALTY_AREA,549.9,190.2,270.5,161.6,,7,3,False,False,2,TEE_ROUGH
구래현,9436,,2,8,4,4,PENALTY_STROKE,449.9,146.8,240.4,230.6,,7,3,False,False,2,TEE_ROUGH
구래현,9436,,2,8,4,5,GREEN,596.5,200.2,277.5,129.4,9.3,7,3,False,False,2,TEE_ROUGH
구래현,9436,,2,8,4,6,GREEN,586.5,216.9,289.0,136.3,2.4,7,3,False,False,2,TEE_ROUGH
구래현,9436,,2,8,4,7,HOLED,586.5,213.6,286.7,136.3,0.0,7,3,False,False,2,TEE_ROUGH
이지현3,9449,4,1,8,4,1,ROUGH,376.6,173.5,258.7,281.3,154.6,4,0,False,False,1,TEE_ROUGH
이지현3,9449,4,1,8,4,2,ROUGH,629.9,233.6,300.6,106.4,17.3,4,0,False,False,1,TEE_ROUGH
이지현3,9449,4,1,8,4,3,GREEN,606.5,246.9,309.8,122.5,0.8,4,0,False,False,1,TEE_ROUGH
이지현3,9449,4,1,8,4,4,HOLED,606.5,250.3,312.1,122.5,0.0,4,0,False,False,1,TEE_ROUGH
이지현3,9449,4,2,8,4,1,ROUGH,379.9,120.1,221.8,278.9,143.7,4,0,True,False,2,TEE_ROUGH
이지현3,9449,4,2,8,4,2,GREEN,579.9,200.2,277.5,140.9,8.4,4,0,True,False,2,TEE_ROUGH
이지현3,9449,4,2,8,4,3,GREEN,586.5,213.6,286.7,136.3,0.4,4,0,True,False,2,TEE_ROUGH
이지현3,9449,4,2,8,4,4,HOLED,586.5,213.6,286.7,136.3,0.0,4,0,True,False,2,TEE_ROUGH
이지현3,9449,4,3,8,4,1,FAIRWAY,409.9,140.2,235.7,258.2,131.5,4,0,True,True,2,NONE
이지현3,9449,4,3,8,4,2,GREEN,599.9,250.3,312.1,127.1,6.7,4,0,True,True,2,NONE
이지현3,9449,4,3,8,4,3,GREEN,589.9,243.6,307.5,134.0,0.4,4,0,True,True,2,NONE
이지현3,9449,4,3,8,4,4,HOLED,589.9,243.6,307.5,134.0,0.0,4,0,True,True,2,NONE
이지현3,9449,4,4,8,4,1,FAIRWAY,403.2,143.5,238.0,262.8,129.3,3,-1,True,True,1,NONE
이지현3,9449,4,4,8,4,2,GREEN,596.5,203.6,279.8,129.4,3.1,3,-1,True,True,1,NONE
이지현3,9449,4,4,8,4,3,HOLED,593.2,206.9,282.1,131.7,0.0,3,-1,True,True,1,NONE
안지현,9465,27,1,8,4,1,ROUGH,369.9,126.8,226.4,285.9,169.2,5,1,True,False,3,TEE_ROUGH
안지현,9465,27,1,8,4,2,GREEN,623.2,216.9,289.1,111.0,22.9,5,1,True,False,3,TEE_ROUGH
안지현,9465,27,1,8,4,3,GREEN,609.9,246.9,309.8,120.2,1.8,5,1,True,False,3,TEE_ROUGH
안지현,9465,27,1,8,4,4,GREEN,606.5,250.3,312.1,122.5,0.4,5,1,True,False,3,TEE_ROUGH
안지현,9465,27,1,8,4,5,HOLED,606.5,250.3,312.1,122.5,0.0,5,1,True,False,3,TEE_ROUGH
안지현,9465,27,2,8,4,1,FAIRWAY,393.3,146.8,240.3,269.8,130.0,6,2,False,True,2,APPROACH_MISS_TO_PENALTY_AREA
안지현,9465,27,2,8,4,2,PENALTY_AREA,536.6,210.2,284.3,170.8,,6,2,False,True,2,APPROACH_MISS_TO_PENALTY_AREA
안지현,9465,27,2,8,4,3,PENALTY_STROKE,443.2,163.5,251.9,235.2,,6,2,False,True,2,APPROACH_MISS_TO_PENALTY_AREA
안지현,9465,27,2,8,4,4,GREEN,586.5,216.9,289.0,136.3,2.4,6,2,False,True,2,APPROACH_MISS_TO_PENALTY_AREA
안지현,9465,27,2,8,4,5,GREEN,586.5,213.6,286.7,136.3,0.5,6,2,False,True,2,APPROACH_MISS_TO_PENALTY_AREA
안지현,9465,27,2,8,4,6,HOLED,586.5,213.6,286.7,136.3,0.0,6,2,False,True,2,APPROACH_MISS_TO_PENALTY_AREA
안지현,9465,27,3,8,4,1,FAIRWAY,416.6,160.2,249.5,253.7,123.6,4,0,True,True,2,NONE
안지현,9465,27,3,8,4,2,GREEN,616.5,240.3,305.2,115.6,17.9,4,0,True,True,2,NONE
안지현,9465,27,3,8,4,3,GREEN,589.9,243.6,307.5,134.0,1.0,4,0,True,True,2,NONE
안지현,9465,27,3,8,4,4,HOLED,589.9,243.6,307.5,134.0,0.0,4,0,True,True,2,NONE
안지현,9465,27,4,8,4,1,FAIRWAY,403.2,143.5,238.0,262.8,128.3,4,0,True,True,2,NONE
안지현,9465,27,4,8,4,2,GREEN,599.9,203.6,279.8,127.1,5.3,4,0,True,True,2,NONE
안지현,9465,27,4,8,4,3,GREEN,593.2,210.2,284.4,131.7,0.3,4,0,True,True,2,NONE
안지현,9465,27,4,8,4,4,HOLED,593.2,206.9,282.1,131.7,0.0,4,0,True,True,2,NONE
한지원,9483,40,1,8,4,1,ROUGH,366.6,123.5,224.1,288.1,172.7,5,1,False,False,1,TEE_ROUGH
한지원,9483,40,1,8,4,2,ROUGH,563.2,200.2,277.4,152.4,42.0,5,1,False,False,1,TEE_ROUGH
한지원,9483,40,1,8,4,3,FRINGE,616.5,253.6,314.4,115.6,5.4,5,1,False,False,1,TEE_ROUGH
한지원,9483,40,1,8,4,4,GREEN,609.9,246.9,309.8,120.2,0.8,5,1,False,False,1,TEE_ROUGH
한지원,9483,40,1,8,4,5,HOLED,606.5,250.3,312.1,122.5,0.0,5,1,False,False,1,TEE_ROUGH
한지원,9483,40,2,8,4,1,FAIRWAY,379.9,126.8,226.4,278.9,141.9,4,0,True,True,2,NONE
한지원,9483,40,2,8,4,2,GREEN,596.5,196.9,275.2,129.4,10.9,4,0,True,True,2,NONE
한지원,9483,40,2,8,4,3,GREEN,586.5,213.6,286.7,136.3,0.3,4,0,True,True,2,NONE
한지원,9483,40,2,8,4,4,HOLED,586.5,213.6,286.7,136.3,0.0,4,0,True,True,2,NONE
한지원,9483,40,3,8,4,1,FAIRWAY,399.9,156.8,247.2,265.2,133.0,4,0,True,True,2,NONE
한지원,9483,40,3,8,4,2,GREEN,609.9,233.6,300.6,120.2,14.4,4,0,True,True,2,NONE
한지원,9483,40,3,8,4,3,GREEN,586.5,243.6,307.4,136.3,1.2,4,0,True,True,2,NONE
한지원,9483,40,3,8,4,4,HOLED,589.9,243.6,307.5,134.0,0.0,4,0,True,True,2,NONE
한지원,9483,40,4,8,4,1,ROUGH,396.6,116.8,219.5,267.4,139.6,5,1,False,False,2,TEE_ROUGH
한지원,9483,40,4,8,4,2,ROUGH,633.2,230.3,298.3,104.1,28.2,5,1,False,False,2,TEE_ROUGH
한지원,9483,40,4,8,4,3,GREEN,589.9,196.9,275.2,134.0,6.7,5,1,False,False,2,TEE_ROUGH
한지원,9483,40,4,8,4,4,GREEN,593.2,206.9,282.1,131.7,0.3,5,1,False,False,2,TEE_ROUGH
한지원,9483,40,4,8,4,5,HOLED,593.2,206.9,282.1,131.7,0.0,5,1,False,False,2,TEE_ROUGH
김재희,9487,,1,8,4,1,FAIRWAY,393.3,153.5,244.9,269.8,149.5,3,-1,True,True,1,NONE
김재희,9487,,1,8,4,2,GREEN,583.2,240.3,305.1,138.6,15.4,3,-1,True,True,1,NONE
김재희,9487,,1,8,4,3,HOLED,606.5,250.3,312.1,122.5,0.0,3,-1,True,True,1,NONE
김재희,9487,,2,8,4,1,ROUGH,359.9,193.6,272.5,292.9,145.2,5,1,False,False,1,TEE_ROUGH
김재희,9487,,2,8,4,2,ROUGH,376.6,180.2,263.3,281.3,134.1,5,1,False,False,1,TEE_ROUGH
김재희,9487,,2,8,4,3,FAIRWAY,429.9,146.8,240.3,244.4,107.6,5,1,False,False,1,TEE_ROUGH
김재희,9487,,2,8,4,4,GREEN,593.2,213.6,286.7,131.7,3.9,5,1,False,False,1,TEE_ROUGH
김재희,9487,,2,8,4,5,HOLED,586.5,213.6,286.7,136.3,0.0,5,1,False,False,1,TEE_ROUGH
이세희,9652,49,1,8,4,1,FAIRWAY,403.2,140.2,235.7,262.8,147.1,4,0,True,True,2,NONE
이세희,9652,49,1,8,4,2,GREEN,596.5,253.6,314.4,129.5,8.6,4,0,True,True,2,NONE
이세희,9652,49,1,8,4,3,GREEN,609.9,246.9,309.8,120.2,0.8,4,0,True,True,2,NONE
이세희,9652,49,1,8,4,4,HOLED,606.5,250.3,312.1,122.5,0.0,4,0,True,True,2,NONE
이세희,9652,49,2,8,4,1,FAIRWAY,389.9,123.5,224.1,272.0,137.7,4,0,True,True,2,NONE
이세희,9652,49,2,8,4,2,GREEN,596.5,200.2,277.5,129.4,11.6,4,0,True,True,2,NONE
이세희,9652,49,2,8,4,3,GREEN,586.5,213.6,286.7,136.3,0.3,4,0,True,True,2,NONE
이세희,9652,49,2,8,4,4,HOLED,586.5,213.6,286.7,136.3,0.0,4,0,True,True,2,NONE
이세희,9652,49,3,8,4,1,FAIRWAY,413.2,133.5,231.1,255.9,133.1,4,0,True,True,2,NONE
이세희,9652,49,3,8,4,2,GREEN,603.2,246.9,309.8,124.8,9.3,4,0,True,True,2,NONE
이세희,9652,49,3,8,4,3,GREEN,589.9,243.6,307.5,134.0,0.5,4,0,True,True,2,NONE
이세희,9652,49,3,8,4,4,HOLED,589.9,243.6,307.5,134.0,0.0,4,0,True,True,2,NONE
이세희,9652,49,4,8,4,1,FAIRWAY,393.3,140.2,235.7,269.8,134.7,3,-1,True,True,1,NONE
이세희,9652,49,4,8,4,2,GREEN,593.2,206.9,282.1,131.7,1.3,3,-1,True,True,1,NONE
이세희,9652,49,4,8,4,3,HOLED,593.2,206.9,282.1,131.7,0.0,3,-1,True,True,1,NONE
김리안,9702,,1,8,4,1,ROUGH,379.9,170.2,256.4,279.0,153.0,5,1,False,False,2,TEE_ROUGH
김리안,9702,,1,8,4,2,FAIRWAY,436.6,160.2,249.6,239.8,122.2,5,1,False,False,2,TEE_ROUGH
김리안,9702,,1,8,4,3,GREEN,599.9,246.9,309.8,127.1,4.9,5,1,False,False,2,TEE_ROUGH
김리안,9702,,1,8,4,4,GREEN,606.5,246.9,309.8,122.5,0.3,5,1,False,False,2,TEE_ROUGH
김리안,9702,,1,8,4,5,HOLED,606.5,250.3,312.1,122.5,0.0,5,1,False,False,2,TEE_ROUGH
김리안,9702,,2,8,4,1,FAIRWAY,393.3,136.8,233.4,269.7,132.3,4,0,False,True,1,APPROACH_MISS_TO_ROUGH
김리안,9702,,2,8,4,2,ROUGH,576.5,210.2,284.4,143.2,7.1,4,0,False,True,1,APPROACH_MISS_TO_ROUGH
김리안,9702,,2,8,4,3,GREEN,586.5,210.2,284.4,136.3,1.2,4,0,False,True,1,APPROACH_MISS_TO_ROUGH
김리안,9702,,2,8,4,4,HOLED,586.5,213.6,286.7,136.3,0.0,4,0,False,True,1,APPROACH_MISS_TO_ROUGH
홍지원,9705,40,1,8,4,1,FAIRWAY,356.6,133.5,231.0,295.1,176.3,3,-1,True,True,1,NONE
홍지원,9705,40,1,8,4,2,GREEN,596.5,246.9,309.8,129.4,6.7,3,-1,True,True,1,NONE
홍지원,9705,40,1,8,4,3,HOLED,606.5,250.3,312.1,122.5,0.0,3,-1,True,True,1,NONE
홍지원,9705,40,2,8,4,1,FAIRWAY,393.3,140.2,235.7,269.8,131.2,4,0,False,True,1,APPROACH_MISS_TO_FRINGE
홍지원,9705,40,2,8,4,2,FRINGE,579.9,200.2,277.5,140.9,8.5,4,0,False,True,1,APPROACH_MISS_TO_FRINGE
홍지원,9705,40,2,8,4,3,GREEN,586.5,210.2,284.4,136.3,0.8,4,0,False,True,1,APPROACH_MISS_TO_FRINGE
홍지원,9705,40,2,8,4,4,HOLED,586.5,213.6,286.7,136.3,0.0,4,0,False,True,1,APPROACH_MISS_TO_FRINGE
홍지원,9705,40,3,8,4,1,FAIRWAY,393.3,136.8,233.4,269.7,141.7,5,1,False,True,1,APPROACH_MISS_TO_PENALTY_AREA
홍지원,9705,40,3,8,4,2,PENALTY_AREA,579.9,263.6,321.3,141.0,,5,1,False,True,1,APPROACH_MISS_TO_PENALTY_AREA
홍지원,9705,40,3,8,4,3,PENALTY_STROKE,449.9,163.5,251.9,230.6,,5,1,False,True,1,APPROACH_MISS_TO_PENALTY_AREA
홍지원,9705,40,3,8,4,4,GREEN,586.5,243.6,307.4,136.3,2.3,5,1,False,True,1,APPROACH_MISS_TO_PENALTY_AREA
홍지원,9705,40,3,8,4,5,HOLED,589.9,243.6,307.5,134.0,0.0,5,1,False,True,1,APPROACH_MISS_TO_PENALTY_AREA
홍지원,9705,40,4,8,4,1,ROUGH,383.3,166.9,254.1,276.7,136.1,4,0,True,False,2,TEE_ROUGH
홍지원,9705,40,4,8,4,2,GREEN,599.9,200.2,277.5,127.1,5.6,4,0,True,False,2,TEE_ROUGH
홍지원,9705,40,4,8,4,3,GREEN,593.2,206.9,282.1,131.7,0.4,4,0,True,False,2,TEE_ROUGH
홍지원,9705,40,4,8,4,4,HOLED,593.2,206.9,282.1,131.7,0.0,4,0,True,False,2,TEE_ROUGH
이재윤,9708,27,1,8,4,1,FAIRWAY,423.2,150.2,242.6,249.0,132.2,4,0,False,True,1,APPROACH_MISS_TO_FRINGE
이재윤,9708,27,1,8,4,2,FRINGE,616.5,250.3,312.1,115.6,5.6,4,0,False,True,1,APPROACH_MISS_TO_FRINGE
이재윤,9708,27,1,8,4,3,GREEN,609.9,250.3,312.1,120.2,0.2,4,0,False,True,1,APPROACH_MISS_TO_FRINGE
이재윤,9708,27,1,8,4,4,HOLED,606.5,250.3,312.1,122.5,0.0,4,0,False,True,1,APPROACH_MISS_TO_FRINGE
이재윤,9708,27,2,8,4,1,ROUGH,409.9,180.2,263.4,258.3,113.3,4,0,True,False,2,TEE_ROUGH
이재윤,9708,27,2,8,4,2,GREEN,589.9,196.9,275.2,134.0,10.0,4,0,True,False,2,TEE_ROUGH
이재윤,9708,27,2,8,4,3,GREEN,586.5,213.6,286.7,136.3,0.2,4,0,True,False,2,TEE_ROUGH
이재윤,9708,27,2,8,4,4,HOLED,586.5,213.6,286.7,136.3,0.0,4,0,True,False,2,TEE_ROUGH
이재윤,9708,27,3,8,4,1,FAIRWAY,419.9,133.5,231.1,251.3,128.4,4,0,True,True,2,NONE
이재윤,9708,27,3,8,4,2,GREEN,593.2,220.3,291.3,131.7,15.7,4,0,True,True,2,NONE
이재윤,9708,27,3,8,4,3,GREEN,589.9,243.6,307.5,134.0,0.3,4,0,True,True,2,NONE
이재윤,9708,27,3,8,4,4,HOLED,589.9,243.6,307.5,134.0,0.0,4,0,True,True,2,NONE
이재윤,9708,27,4,8,4,1,FAIRWAY,413.2,130.1,228.8,255.9,125.4,4,0,False,True,1,APPROACH_MISS_TO_ROUGH
이재윤,9708,27,4,8,4,2,ROUGH,579.9,186.9,268.2,140.9,16.2,4,0,False,True,1,APPROACH_MISS_TO_ROUGH
이재윤,9708,27,4,8,4,3,GREEN,593.2,206.9,282.1,131.7,0.4,4,0,False,True,1,APPROACH_MISS_TO_ROUGH
이재윤,9708,27,4,8,4,4,HOLED,593.2,206.9,282.1,131.7,0.0,4,0,False,True,1,APPROACH_MISS_TO_ROUGH
유지나,9714,,1,8,4,1,ROUGH,356.6,160.2,249.5,295.1,168.5,4,0,False,False,1,TEE_ROUGH
유지나,9714,,1,8,4,2,FAIRWAY,419.9,160.2,249.6,251.4,131.7,4,0,False,False,1,TEE_ROUGH
유지나,9714,,1,8,4,3,GREEN,599.9,243.6,307.5,127.1,6.2,4,0,False,False,1,TEE_ROUGH
유지나,9714,,1,8,4,4,HOLED,606.5,250.3,312.1,122.5,0.0,4,0,False,False,1,TEE_ROUGH
유지나,9714,,2,8,4,1,ROUGH,386.6,120.1,221.8,274.3,140.1,4,0,True,False,2,TEE_ROUGH
유지나,9714,,2,8,4,2,GREEN,623.2,216.9,289.1,111.0,23.6,4,0,True,False,2,TEE_ROUGH
유지나,9714,,2,8,4,3,GREEN,586.5,213.6,286.7,136.3,0.3,4,0,True,False,2,TEE_ROUGH
유지나,9714,,2,8,4,4,HOLED,586.5,213.6,286.7,136.3,0.0,4,0,True,False,2,TEE_ROUGH
노원경,9723,,1,8,4,1,FAIRWAY,383.3,143.5,238.0,276.7,158.3,4,0,True,True,2,NONE
노원경,9723,,1,8,4,2,GREEN,613.2,250.3,312.1,117.9,4.0,4,0,True,True,2,NONE
노원경,9723,,1,8,4,3,GREEN,606.5,246.9,309.8,122.5,0.5,4,0,True,True,2,NONE
노원경,9723,,1,8,4,4,HOLED,606.5,250.3,312.1,122.5,0.0,4,0,True,True,2,NONE
노원경,9723,,2,8,4,1,FAIRWAY,396.6,123.5,224.2,267.4,133.2,4,0,True,True,2,NONE
노원경,9723,,2,8,4,2,GREEN,599.9,203.6,279.8,127.1,10.3,4,0,True,True,2,NONE
노원경,9723,,2,8,4,3,GREEN,586.5,213.6,286.7,136.3,0.4,4,0,True,True,2,NONE
노원경,9723,,2,8,4,4,HOLED,586.5,213.6,286.7,136.3,0.0,4,0,True,True,2,NONE
홍정민,9750,,1,8,4,1,FAIRWAY,386.6,130.1,228.8,274.3,159.9,5,1,False,True,2,APPROACH_MISS_TO_ROUGH
홍정민,9750,,1,8,4,2,ROUGH,569.9,250.3,312.0,147.9,24.9,5,1,False,True,2,APPROACH_MISS_TO_ROUGH
홍정민,9750,,1,8,4,3,GREEN,609.9,246.9,309.8,120.2,2.5,5,1,False,True,2,APPROACH_MISS_TO_ROUGH
홍정민,9750,,1,8,4,4,GREEN,606.5,250.3,312.1,122.5,0.5,5,1,False,True,2,APPROACH_MISS_TO_ROUGH
홍정민,9750,,1,8,4,5,HOLED,606.5,250.3,312.1,122.5,0.0,5,1,False,True,2,APPROACH_MISS_TO_ROUGH
홍정민,9750,,2,8,4,1,FAIRWAY,383.3,146.8,240.3,276.7,135.9,4,0,False,True,1,APPROACH_MISS_TO_ROUGH
홍정민,9750,,2,8,4,2,ROUGH,576.5,203.6,279.8,143.2,9.5,4,0,False,True,1,APPROACH_MISS_TO_ROUGH
홍정민,9750,,2,8,4,3,GREEN,583.2,210.2,284.4,138.6,2.5,4,0,False,True,1,APPROACH_MISS_TO_ROUGH
홍정민,9750,,2,8,4,4,HOLED,586.5,213.6,286.7,136.3,0.0,4,0,False,True,1,APPROACH_MISS_TO_ROUGH
이율린,9759,46,1,8,4,1,ROUGH,409.9,176.9,261.1,258.3,133.9,4,0,False,False,1,TEE_ROUGH
이율린,9759,46,1,8,4,2,ROUGH,623.2,243.6,307.5,111.0,10.0,4,0,False,False,1,TEE_ROUGH
이율린,9759,46,1,8,4,3,GREEN,606.5,250.3,312.1,122.5,2.2,4,0,False,False,1,TEE_ROUGH
이율린,9759,46,1,8,4,4,HOLED,606.5,250.3,312.1,122.5,0.0,4,0,False,False,1,TEE_ROUGH
이율린,9759,46,2,8,4,1,ROUGH,393.3,183.5,265.7,269.8,123.9,5,1,False,False,2,TEE_ROUGH
이율린,9759,46,2,8,4,2,FRINGE,576.5,206.9,282.1,143.2,7.4,5,1,False,False,2,TEE_ROUGH
이율린,9759,46,2,8,4,3,GREEN,589.9,210.2,284.4,134.0,1.8,5,1,False,False,2,TEE_ROUGH
이율린,9759,46,2,8,4,4,GREEN,586.5,213.6,286.7,136.3,0.5,5,1,False,False,2,TEE_ROUGH
이율린,9759,46,2,8,4,5,HOLED,586.5,213.6,286.7,136.3,0.0,5,1,False,False,2,TEE_ROUGH
이율린,9759,46,3,8,4,1,ROUGH,416.6,116.8,219.6,253.6,136.7,6,2,False,False,2,TEE_ROUGH
이율린,9759,46,3,8,4,2,PENALTY_AREA,583.2,267.0,323.6,138.7,,6,2,False,False,2,TEE_ROUGH
이율린,9759,46,3,8,4,3,ROUGH,629.9,226.9,296.0,106.4,28.2,6,2,False,False,2,TEE_ROUGH
이율린,9759,46,3,8,4,4,GREEN,589.9,243.6,307.5,134.0,1.4,6,2,False,False,2,TEE_ROUGH
이율린,9759,46,3,8,4,5,GREEN,589.9,243.6,307.5,134.0,0.3,6,2,False,False,2,TEE_ROUGH
이율린,9759,46,3,8,4,6,HOLED,589.9,243.6,307.5,134.0,0.0,6,2,False,False,2,TEE_ROUGH
이율린,9759,46,4,8,4,1,FAIRWAY,433.2,160.2,249.6,242.1,108.2,4,0,True,True,2,NONE
이율린,9759,46,4,8,4,2,GREEN,599.9,196.9,275.2,127.1,7.9,4,0,True,True,2,NONE
이율린,9759,46,4,8,4,3,GREEN,593.2,210.2,284.4,131.7,0.4,4,0,True,True,2,NONE
이율린,9759,46,4,8,4,4,HOLED,593.2,206.9,282.1,131.7,0.0,4,0,True,True,2,NONE
정소이,9765,60,1,8,4,1,FAIRWAY,366.6,146.8,240.3,288.2,167.8,6,2,False,True,2,APPROACH_MISS_TO_PENALTY_AREA
정소이,9765,60,1,8,4,2,PENALTY_AREA,539.9,206.9,282.0,168.5,,6,2,False,True,2,APPROACH_MISS_TO_PENALTY_AREA
정소이,9765,60,1,8,4,3,PENALTY_STROKE,443.2,170.2,256.5,235.3,,6,2,False,True,2,APPROACH_MISS_TO_PENALTY_AREA
정소이,9765,60,1,8,4,4,GREEN,606.5,250.3,312.1,122.5,2.2,6,2,False,True,2,APPROACH_MISS_TO_PENALTY_AREA
정소이,9765,60,1,8,4,5,GREEN,609.9,246.9,309.8,120.2,1.2,6,2,False,True,2,APPROACH_MISS_TO_PENALTY_AREA
정소이,9765,60,1,8,4,6,HOLED,606.5,250.3,312.1,122.5,0.0,6,2,False,True,2,APPROACH_MISS_TO_PENALTY_AREA
정소이,9765,60,2,8,4,1,ROUGH,376.6,160.2,249.5,281.3,136.8,6,2,False,False,1,TEE_ROUGH
정소이,9765,60,2,8,4,2,ROUGH,619.9,180.2,263.7,113.2,28.7,6,2,False,False,1,TEE_ROUGH
정소이,9765,60,2,8,4,3,PENALTY_AREA,566.5,230.3,298.2,150.1,,6,2,False,False,1,TEE_ROUGH
정소이,9765,60,2,8,4,4,PENALTY_STROKE,579.9,210.2,284.4,140.9,,6,2,False,False,1,TEE_ROUGH
정소이,9765,60,2,8,4,5,GREEN,586.5,213.6,286.7,136.3,0.5,6,2,False,False,1,TEE_ROUGH
정소이,9765,60,2,8,4,6,HOLED,586.5,213.6,286.7,136.3,0.0,6,2,False,False,1,TEE_ROUGH
정소이,9765,60,3,8,4,1,ROUGH,369.9,120.1,221.8,285.8,159.5,4,0,False,False,1,TEE_ROUGH
정소이,9765,60,3,8,4,2,ROUGH,616.5,257.0,316.7,115.6,19.7,4,0,False,False,1,TEE_ROUGH
정소이,9765,60,3,8,4,3,GREEN,596.5,243.6,307.5,129.4,4.0,4,0,False,False,1,TEE_ROUGH
정소이,9765,60,3,8,4,4,HOLED,589.9,243.6,307.5,134.0,0.0,4,0,False,False,1,TEE_ROUGH
정소이,9765,60,4,8,4,1,ROUGH,383.3,186.9,267.9,276.7,134.3,5,1,False,False,2,TEE_ROUGH
정소이,9765,60,4,8,4,2,FAIRWAY,436.6,156.8,247.3,239.8,105.6,5,1,False,False,2,TEE_ROUGH
정소이,9765,60,4,8,4,3,GREEN,583.2,203.6,279.8,138.6,7.4,5,1,False,False,2,TEE_ROUGH
정소이,9765,60,4,8,4,4,GREEN,596.5,210.2,284.4,129.4,0.4,5,1,False,False,2,TEE_ROUGH
정소이,9765,60,4,8,4,5,HOLED,593.2,206.9,282.1,131.7,0.0,5,1,False,False,2,TEE_ROUGH
이예원,9784,9,1,8,4,1,ROUGH,419.9,180.2,263.4,251.4,127.1,4,0,True,False,2,TEE_ROUGH
이예원,9784,9,1,8,4,2,GREEN,593.2,220.3,291.3,131.7,20.7,4,0,True,False,2,TEE_ROUGH
이예원,9784,9,1,8,4,3,GREEN,606.5,246.9,309.8,122.5,1.3,4,0,True,False,2,TEE_ROUGH
이예원,9784,9,1,8,4,4,HOLED,606.5,250.3,312.1,122.5,0.0,4,0,True,False,2,TEE_ROUGH
이예원,9784,9,2,8,4,1,FAIRWAY,403.2,153.5,244.9,262.9,122.1,3,-1,True,True,1,NONE
이예원,9784,9,2,8,4,2,GREEN,583.2,206.9,282.1,138.6,4.0,3,-1,True,True,1,NONE
이예원,9784,9,2,8,4,3,HOLED,586.5,213.6,286.7,136.3,0.0,3,-1,True,True,1,NONE
이예원,9784,9,3,8,4,1,FAIRWAY,419.9,140.2,235.7,251.3,126.4,4,0,True,True,2,NONE
이예원,9784,9,3,8,4,2,GREEN,596.5,246.9,309.8,129.4,5.8,4,0,True,True,2,NONE
이예원,9784,9,3,8,4,3,GREEN,589.9,243.6,307.5,134.0,0.5,4,0,True,True,2,NONE
이예원,9784,9,3,8,4,4,HOLED,589.9,243.6,307.5,134.0,0.0,4,0,True,True,2,NONE
이예원,9784,9,4,8,4,1,ROUGH,419.9,180.2,263.4,251.4,112.1,4,0,False,False,1,TEE_ROUGH
이예원,9784,9,4,8,4,2,ROUGH,613.2,196.9,275.2,117.9,13.7,4,0,False,False,1,TEE_ROUGH
이예원,9784,9,4,8,4,3,GREEN,593.2,210.2,284.4,131.7,1.2,4,0,False,False,1,TEE_ROUGH
이예원,9784,9,4,8,4,4,HOLED,593.2,206.9,282.1,131.7,0.0,4,0,False,False,1,TEE_ROUGH
정윤지,9820,27,1,8,4,1,ROUGH,393.3,113.5,217.2,269.7,162.0,9,5,False,False,1,TEE_ROUGH
정윤지,9820,27,1,8,4,2,PENALTY_AREA,566.5,220.3,291.3,150.1,,9,5,False,False,1,TEE_ROUGH
정윤지,9820,27,1,8,4,3,PENALTY_STROKE,449.9,150.2,242.7,230.6,,9,5,False,False,1,TEE_ROUGH
정윤지,9820,27,1,8,4,4,ROUGH,583.2,267.0,323.6,138.7,20.9,9,5,False,False,1,TEE_ROUGH
정윤지,9820,27,1,8,4,5,ROUGH,583.2,267.0,323.6,138.7,20.1,9,5,False,False,1,TEE_ROUGH
정윤지,9820,27,1,8,4,6,ROUGH,586.5,263.6,321.3,136.4,16.5,9,5,False,False,1,TEE_ROUGH
정윤지,9820,27,1,8,4,7,FRINGE,616.5,243.6,307.5,115.6,6.8,9,5,False,False,1,TEE_ROUGH
정윤지,9820,27,1,8,4,8,GREEN,609.9,246.9,309.8,120.2,0.3,9,5,False,False,1,TEE_ROUGH
정윤지,9820,27,1,8,4,9,HOLED,606.5,250.3,312.1,122.5,0.0,9,5,False,False,1,TEE_ROUGH
정윤지,9820,27,2,8,4,1,FAIRWAY,386.6,150.2,242.6,274.4,132.2,4,0,True,True,2,NONE
정윤지,9820,27,2,8,4,2,GREEN,593.2,216.9,289.0,131.7,5.6,4,0,True,True,2,NONE
정윤지,9820,27,2,8,4,3,GREEN,586.5,210.2,284.4,136.3,0.9,4,0,True,True,2,NONE
정윤지,9820,27,2,8,4,4,HOLED,586.5,213.6,286.7,136.3,0.0,4,0,True,True,2,NONE
정윤지,9820,27,3,8,4,1,FAIRWAY,433.2,166.9,254.2,242.2,111.7,3,-1,True,True,1,NONE
정윤지,9820,27,3,8,4,2,GREEN,586.5,243.6,307.4,136.3,0.7,3,-1,True,True,1,NONE
정윤지,9820,27,3,8,4,3,HOLED,589.9,243.6,307.5,134.0,0.0,3,-1,True,True,1,NONE
정윤지,9820,27,4,8,4,1,ROUGH,416.6,116.8,219.6,253.6,126.6,4,0,True,False,2,TEE_ROUGH
정윤지,9820,27,4,8,4,2,GREEN,596.5,200.2,277.5,129.4,5.0,4,0,True,False,2,TEE_ROUGH
정윤지,9820,27,4,8,4,3,GREEN,593.2,206.9,282.1,131.7,0.4,4,0,True,False,2,TEE_ROUGH
정윤지,9820,27,4,8,4,4,HOLED,593.2,206.9,282.1,131.7,0.0,4,0,True,False,2,TEE_ROUGH
황유나,9937,,1,8,4,1,FAIRWAY,369.9,153.5,244.9,285.9,162.4,5,1,True,True,3,PUTTING_LOSS_3PLUS
황유나,9937,,1,8,4,2,GREEN,593.2,246.9,309.8,131.7,8.7,5,1,True,True,3,PUTTING_LOSS_3PLUS
황유나,9937,,1,8,4,3,GREEN,606.5,246.9,309.8,122.5,0.5,5,1,True,True,3,PUTTING_LOSS_3PLUS
황유나,9937,,1,8,4,4,GREEN,606.5,246.9,309.8,122.5,0.3,5,1,True,True,3,PUTTING_LOSS_3PLUS
황유나,9937,,1,8,4,5,HOLED,606.5,250.3,312.1,122.5,0.0,5,1,True,True,3,PUTTING_LOSS_3PLUS
황유나,9937,,2,8,4,1,ROUGH,346.6,190.2,270.2,302.1,153.1,5,1,False,False,1,TEE_ROUGH
황유나,9937,,2,8,4,2,ROUGH,393.3,173.5,258.7,269.8,125.4,5,1,False,False,1,TEE_ROUGH
황유나,9937,,2,8,4,3,ROUGH,576.5,196.9,275.1,143.2,12.0,5,1,False,False,1,TEE_ROUGH
황유나,9937,,2,8,4,4,GREEN,586.5,213.6,286.7,136.3,1.1,5,1,False,False,1,TEE_ROUGH
황유나,9937,,2,8,4,5,HOLED,586.5,213.6,286.7,136.3,0.0,5,1,False,False,1,TEE_ROUGH
윤수아,9990,37,1,8,4,1,ROUGH,403.2,166.9,254.1,262.9,140.8,5,1,False,False,1,TEE_ROUGH
윤수아,9990,37,1,8,4,2,ROUGH,649.9,273.6,328.3,92.6,30.1,5,1,False,False,1,TEE_ROUGH
윤수아,9990,37,1,8,4,3,ROUGH,626.5,250.3,312.1,108.7,12.3,5,1,False,False,1,TEE_ROUGH
윤수아,9990,37,1,8,4,4,GREEN,603.2,250.3,312.1,124.8,2.4,5,1,False,False,1,TEE_ROUGH
윤수아,9990,37,1,8,4,5,HOLED,606.5,250.3,312.1,122.5,0.0,5,1,False,False,1,TEE_ROUGH
윤수아,9990,37,2,8,4,1,FAIRWAY,393.3,156.8,247.2,269.8,127.8,4,0,True,True,2,NONE
윤수아,9990,37,2,8,4,2,GREEN,596.5,200.2,277.5,129.4,9.4,4,0,True,True,2,NONE
윤수아,9990,37,2,8,4,3,GREEN,586.5,213.6,286.7,136.3,0.4,4,0,True,True,2,NONE
윤수아,9990,37,2,8,4,4,HOLED,586.5,213.6,286.7,136.3,0.0,4,0,True,True,2,NONE
윤수아,9990,37,3,8,4,1,FAIRWAY,379.9,140.2,235.7,279.0,148.5,4,0,False,True,1,APPROACH_MISS_TO_ROUGH
윤수아,9990,37,3,8,4,2,ROUGH,619.9,250.3,312.1,113.3,19.5,4,0,False,True,1,APPROACH_MISS_TO_ROUGH
윤수아,9990,37,3,8,4,3,GREEN,593.2,243.6,307.5,131.7,2.2,4,0,False,True,1,APPROACH_MISS_TO_ROUGH
윤수아,9990,37,3,8,4,4,HOLED,589.9,243.6,307.5,134.0,0.0,4,0,False,True,1,APPROACH_MISS_TO_ROUGH
윤수아,9990,37,4,8,4,1,FAIRWAY,393.3,146.8,240.3,269.8,133.8,4,0,False,True,1,APPROACH_MISS_TO_ROUGH
윤수아,9990,37,4,8,4,2,ROUGH,573.2,203.6,279.8,145.5,12.9,4,0,False,True,1,APPROACH_MISS_TO_ROUGH
윤수아,9990,37,4,8,4,3,GREEN,599.9,210.2,284.4,127.1,3.6,4,0,False,True,1,APPROACH_MISS_TO_ROUGH
윤수아,9990,37,4,8,4,4,HOLED,593.2,206.9,282.1,131.7,0.0,4,0,False,True,1,APPROACH_MISS_TO_ROUGH
