top_player,top_final_rank,top_round,top_hole,top_lie_bucket,top_remaining_distance_yd,rest_player,rest_final_rank,rest_round,rest_hole,rest_lie_bucket,rest_remaining_distance_yd,distance_diff_yd,same_round_pin,tolerance_yd,top_gir,top_par_or_better,top_bogey_plus,top_score_to_par,rest_gir,rest_par_or_better,rest_bogey_plus,rest_score_to_par
김민주,2,1,1,ROUGH,194.5,김우정,37,1,1,ROUGH,188.3,6.2,True,10,False,True,False,0,False,False,True,1
김민주,2,1,9,ROUGH,128.1,손예빈,49,1,9,ROUGH,123.9,4.2,True,10,False,False,True,1,True,True,False,0
김민주,2,1,9,ROUGH,128.1,문정민,27,1,9,ROUGH,137.8,9.7,True,10,False,False,True,1,True,True,False,0
김민주,2,1,9,ROUGH,128.1,홍현지,40,1,9,ROUGH,126.5,1.6,True,10,False,False,True,1,False,False,True,1
김민주,2,1,9,ROUGH,128.1,한아름,49,1,9,ROUGH,131.2,3.1,True,10,False,False,True,1,False,True,False,0
김민주,2,1,9,ROUGH,128.1,성아진,24,1,9,ROUGH,134.2,6.1,True,10,False,False,True,1,False,True,False,0
김민주,2,1,9,ROUGH,128.1,최민경,57,1,9,ROUGH,133.3,5.2,True,10,False,False,True,1,False,True,False,0
김민주,2,1,9,ROUGH,128.1,김새로미,55,1,9,ROUGH,125.7,2.4,True,10,False,False,True,1,True,True,False,0
김민주,2,1,9,ROUGH,128.1,이승연,27,1,9,ROUGH,134.6,6.5,True,10,False,False,True,1,True,True,False,0
김민주,2,1,9,ROUGH,128.1,성유진,27,1,9,ROUGH,126.4,1.7,True,10,False,False,True,1,False,True,False,0
김민주,2,1,9,ROUGH,128.1,임희정,55,1,9,ROUGH,136.6,8.5,True,10,False,False,True,1,True,True,False,0
김민주,2,1,9,ROUGH,128.1,한진선,37,1,9,ROUGH,133.0,4.9,True,10,False,False,True,1,True,True,False,0
김민주,2,1,9,ROUGH,128.1,안지현,27,1,9,ROUGH,132.8,4.7,True,10,False,False,True,1,True,True,False,0
김민주,2,1,9,ROUGH,128.1,이세희,49,1,9,ROUGH,124.1,4.0,True,10,False,False,True,1,True,True,False,0
김민주,2,1,9,ROUGH,128.1,이재윤,27,1,9,ROUGH,123.7,4.4,True,10,False,False,True,1,False,False,True,1
김민주,2,1,9,ROUGH,128.1,이율린,46,1,9,ROUGH,136.0,7.9,True,10,False,False,True,1,True,True,False,0
김민주,2,1,10,ROUGH,309.6,고지원,53,1,10,ROUGH,308.4,1.2,True,10,True,True,False,0,False,True,False,0
김민주,2,1,10,ROUGH,309.6,김가희2,27,1,10,ROUGH,311.6,2.0,True,10,True,True,False,0,True,False,True,1
김민주,2,1,10,ROUGH,309.6,안재희,59,1,10,ROUGH,300.2,9.4,True,10,True,True,False,0,True,True,False,-1
김민주,2,1,10,ROUGH,309.6,한아름,49,1,10,ROUGH,316.8,7.2,True,10,True,True,False,0,True,True,False,0
김민주,2,1,10,ROUGH,309.6,김새로미,55,1,10,ROUGH,318.3,8.7,True,10,True,True,False,0,True,True,False,0
김민주,2,1,10,ROUGH,309.6,안지현,27,1,10,ROUGH,319.3,9.7,True,10,True,True,False,0,True,False,True,1
김민주,2,1,10,ROUGH,309.6,정소이,60,1,10,ROUGH,319.1,9.5,True,10,True,True,False,0,False,False,True,1
김민주,2,1,13,BUNKER,111.7,홍현지,40,1,13,BUNKER,102.8,8.9,True,10,False,False,True,2,False,False,True,1
김민주,2,1,13,BUNKER,111.7,박성현,27,1,13,BUNKER,109.0,2.7,True,10,False,False,True,2,False,True,False,0
김민주,2,1,13,BUNKER,111.7,박서현,61,1,13,BUNKER,115.1,3.4,True,10,False,False,True,2,False,False,True,1
김민주,2,1,17,ROUGH,142.5,손예빈,49,1,17,ROUGH,135.1,7.4,True,10,False,False,True,1,False,False,True,1
김민주,2,1,17,ROUGH,142.5,임진영,27,1,17,ROUGH,135.8,6.7,True,10,False,False,True,1,True,True,False,0
김민주,2,1,17,ROUGH,142.5,문정민,27,1,17,ROUGH,137.1,5.4,True,10,False,False,True,1,True,False,True,1
김민주,2,1,17,ROUGH,142.5,김가희2,27,1,17,ROUGH,143.3,0.8,True,10,False,False,True,1,True,True,False,0
김민주,2,1,17,ROUGH,142.5,홍현지,40,1,17,ROUGH,144.2,1.7,True,10,False,False,True,1,True,False,True,1
김민주,2,1,17,ROUGH,142.5,안재희,59,1,17,ROUGH,136.5,6.0,True,10,False,False,True,1,True,True,False,0
김민주,2,1,17,ROUGH,142.5,최민경,57,1,17,ROUGH,138.8,3.7,True,10,False,False,True,1,False,False,True,1
김민주,2,1,17,ROUGH,142.5,박민지,49,1,17,ROUGH,134.2,8.3,True,10,False,False,True,1,False,True,False,0
김민주,2,1,17,ROUGH,142.5,이승연,27,1,17,ROUGH,144.3,1.8,True,10,False,False,True,1,True,True,False,0
김민주,2,1,17,ROUGH,142.5,안지현,27,1,17,ROUGH,139.5,3.0,True,10,False,False,True,1,True,True,False,0
김민주,2,1,17,ROUGH,142.5,윤수아,37,1,17,ROUGH,135.3,7.2,True,10,False,False,True,1,True,False,True,1
김민주,2,2,4,ROUGH,299.2,고지원,53,2,4,ROUGH,295.0,4.2,True,10,True,True,False,0,True,True,False,-1
김민주,2,2,4,ROUGH,299.2,임진영,27,2,4,ROUGH,307.0,7.8,True,10,True,True,False,0,True,True,False,-1
김민주,2,2,4,ROUGH,299.2,안재희,59,2,4,ROUGH,299.4,0.2,True,10,True,True,False,0,True,True,False,0
김민주,2,2,4,ROUGH,299.2,김새로미,55,2,4,ROUGH,301.2,2.0,True,10,True,True,False,0,True,True,False,0
김민주,2,2,4,ROUGH,299.2,김우정,37,2,4,ROUGH,294.4,4.8,True,10,True,True,False,0,True,True,False,-1
김민주,2,2,4,ROUGH,299.2,안지현,27,2,4,ROUGH,303.6,4.4,True,10,True,True,False,0,True,True,False,0
김민주,2,2,4,ROUGH,299.2,한지원,40,2,4,ROUGH,294.7,4.5,True,10,True,True,False,0,True,True,False,0
김민주,2,2,8,ROUGH,127.6,손예빈,49,2,8,ROUGH,118.2,9.4,True,10,True,True,False,0,False,True,False,0
김민주,2,2,8,ROUGH,127.6,김민선7,40,2,8,ROUGH,127.4,0.2,True,10,True,True,False,0,False,True,False,0
김민주,2,2,8,ROUGH,127.6,문정민,27,2,8,ROUGH,123.4,4.2,True,10,True,True,False,0,False,False,True,1
김민주,2,2,8,ROUGH,127.6,박성현,27,2,8,ROUGH,127.8,0.2,True,10,True,True,False,0,True,True,False,0
김민주,2,2,8,ROUGH,127.6,김새로미,55,2,8,ROUGH,130.6,3.0,True,10,True,True,False,0,False,False,True,1
김민주,2,2,8,ROUGH,127.6,김우정,37,2,8,ROUGH,136.9,9.3,True,10,True,True,False,0,False,False,True,1
김민주,2,2,8,ROUGH,127.6,박서현,61,2,8,ROUGH,129.7,2.1,True,10,True,True,False,0,False,True,False,0
김민주,2,2,8,ROUGH,127.6,이율린,46,2,8,ROUGH,123.9,3.7,True,10,True,True,False,0,False,False,True,1
김민주,2,2,8,ROUGH,127.6,정소이,60,2,8,ROUGH,136.8,9.2,True,10,True,True,False,0,False,False,True,2
김민주,2,2,10,ROUGH,325.8,임진영,27,2,10,ROUGH,329.2,3.4,True,10,False,True,False,0,False,True,False,0
김민주,2,2,10,ROUGH,325.8,이서윤4,53,2,10,ROUGH,318.3,7.5,True,10,False,True,False,0,True,True,False,0
김민주,2,2,10,ROUGH,325.8,김하은2,40,2,10,ROUGH,328.4,2.6,True,10,False,True,False,0,False,False,True,1
김민주,2,2,10,ROUGH,325.8,안재희,59,2,10,ROUGH,320.6,5.2,True,10,False,True,False,0,True,True,False,0
김민주,2,2,10,ROUGH,325.8,박성현,27,2,10,ROUGH,331.5,5.7,True,10,False,True,False,0,False,True,False,0
김민주,2,2,10,ROUGH,325.8,김새로미,55,2,10,ROUGH,323.6,2.2,True,10,False,True,False,0,True,False,True,1
김민주,2,2,10,ROUGH,325.8,김우정,37,2,10,ROUGH,334.6,8.8,True,10,False,True,False,0,True,True,False,0
김민주,2,2,10,ROUGH,325.8,이승연,27,2,10,ROUGH,325.2,0.6,True,10,False,True,False,0,False,True,False,-1
김민주,2,2,10,ROUGH,325.8,윤화영,46,2,10,ROUGH,331.0,5.2,True,10,False,True,False,0,True,True,False,0
김민주,2,2,10,ROUGH,325.8,박서현,61,2,10,ROUGH,330.9,5.1,True,10,False,True,False,0,True,True,False,0
김민주,2,2,10,ROUGH,325.8,홍지원,40,2,10,ROUGH,333.3,7.5,True,10,False,True,False,0,True,True,False,0
김민주,2,2,10,ROUGH,325.8,이율린,46,2,10,ROUGH,327.5,1.7,True,10,False,True,False,0,True,True,False,0
김민주,2,2,12,ROUGH,164.0,임진영,27,2,12,ROUGH,168.9,4.9,True,10,True,True,False,-1,True,True,False,0
김민주,2,2,12,ROUGH,164.0,문정민,27,2,12,ROUGH,156.4,7.6,True,10,True,True,False,-1,False,True,False,0
김민주,2,2,12,ROUGH,164.0,한아름,49,2,12,ROUGH,170.9,6.9,True,10,True,True,False,-1,True,False,True,1
김민주,2,2,12,ROUGH,164.0,박성현,27,2,12,ROUGH,161.1,2.9,True,10,True,True,False,-1,False,False,True,1
김민주,2,2,12,ROUGH,164.0,최예림,24,2,12,ROUGH,161.3,2.7,True,10,True,True,False,-1,True,True,False,-1
김민주,2,2,12,ROUGH,164.0,이승연,27,2,12,ROUGH,173.4,9.4,True,10,True,True,False,-1,True,False,True,1
김민주,2,2,12,ROUGH,164.0,신다인,27,2,12,ROUGH,166.9,2.9,True,10,True,True,False,-1,False,False,True,1
김민주,2,2,12,ROUGH,164.0,이세희,49,2,12,ROUGH,156.5,7.5,True,10,True,True,False,-1,False,True,False,0
김민주,2,2,12,ROUGH,164.0,윤수아,37,2,12,ROUGH,164.4,0.4,True,10,True,True,False,-1,True,True,False,0
김민주,2,2,13,ROUGH,98.6,김민선7,40,2,13,ROUGH,99.2,0.6,True,10,False,False,True,1,False,True,False,0
김민주,2,2,13,ROUGH,98.6,김하은2,40,2,13,ROUGH,89.8,8.8,True,10,False,False,True,1,True,True,False,0
김민주,2,2,13,ROUGH,98.6,신다인,27,2,13,ROUGH,89.1,9.5,True,10,False,False,True,1,False,False,True,1
김민주,2,2,13,ROUGH,98.6,임희정,55,2,13,ROUGH,97.7,0.9,True,10,False,False,True,1,True,True,False,0
김민주,2,2,13,ROUGH,98.6,한진선,37,2,13,ROUGH,106.8,8.2,True,10,False,False,True,1,False,True,False,0
김민주,2,2,13,ROUGH,98.6,윤수아,37,2,13,ROUGH,103.5,4.9,True,10,False,False,True,1,False,False,True,1
김민주,2,2,15,ROUGH,136.2,신다인,27,2,15,ROUGH,134.8,1.4,True,10,True,False,True,1,True,True,False,0
김민주,2,2,15,ROUGH,136.2,정윤지,27,2,15,ROUGH,134.9,1.3,True,10,True,False,True,1,False,True,False,0
김민주,2,2,17,ROUGH,155.0,김민별,40,2,17,ROUGH,149.7,5.3,True,10,False,False,True,1,False,False,True,1
김민주,2,2,17,ROUGH,155.0,김하은2,40,2,17,ROUGH,162.4,7.4,True,10,False,False,True,1,False,False,True,1
김민주,2,2,17,ROUGH,155.0,짜라위 분짠(I),46,2,17,ROUGH,156.6,1.6,True,10,False,False,True,1,True,True,False,0
김민주,2,2,17,ROUGH,155.0,박성현,27,2,17,ROUGH,164.1,9.1,True,10,False,False,True,1,False,False,True,1
김민주,2,2,17,ROUGH,155.0,성유진,27,2,17,ROUGH,157.2,2.2,True,10,False,False,True,1,True,True,False,0
김민주,2,2,17,ROUGH,155.0,박서현,61,2,17,ROUGH,148.2,6.8,True,10,False,False,True,1,True,True,False,0
김민주,2,2,17,ROUGH,155.0,안지현,27,2,17,ROUGH,158.2,3.2,True,10,False,False,True,1,False,False,True,1
김민주,2,2,17,ROUGH,155.0,정소이,60,2,17,ROUGH,149.7,5.3,True,10,False,False,True,1,True,True,False,0
김민주,2,3,9,ROUGH,102.3,손예빈,49,3,9,ROUGH,110.3,8.0,True,10,False,False,True,1,True,True,False,0
김민주,2,3,9,ROUGH,102.3,임진영,27,3,9,ROUGH,111.5,9.2,True,10,False,False,True,1,True,True,False,-1
김민주,2,3,9,ROUGH,102.3,박성현,27,3,9,ROUGH,100.7,1.6,True,10,False,False,True,1,True,True,False,0
김민주,2,3,9,ROUGH,102.3,안지현,27,3,9,ROUGH,98.1,4.2,True,10,False,False,True,1,True,True,False,0
김민주,2,3,9,ROUGH,102.3,홍지원,40,3,9,ROUGH,111.6,9.3,True,10,False,False,True,1,True,False,True,1
김민주,2,3,9,ROUGH,102.3,이재윤,27,3,9,ROUGH,95.7,6.6,True,10,False,False,True,1,True,True,False,0
김민주,2,3,10,ROUGH,299.6,손예빈,49,3,10,ROUGH,308.9,9.3,True,10,True,True,False,-1,True,False,True,1
김민주,2,3,10,ROUGH,299.6,이서윤4,53,3,10,ROUGH,303.8,4.2,True,10,True,True,False,-1,True,True,False,0
김민주,2,3,10,ROUGH,299.6,최예림,24,3,10,ROUGH,306.1,6.5,True,10,True,True,False,-1,False,True,False,0
김민주,2,3,10,ROUGH,299.6,이승연,27,3,10,ROUGH,301.2,1.6,True,10,True,True,False,-1,False,False,True,1
김민주,2,3,14,ROUGH,143.0,장은수,57,3,14,ROUGH,145.0,2.0,True,10,True,True,False,0,True,True,False,0
김민주,2,3,14,ROUGH,143.0,최민경,57,3,14,ROUGH,133.1,9.9,True,10,True,True,False,0,True,True,False,0
김민주,2,3,14,ROUGH,143.0,김우정,37,3,14,ROUGH,134.0,9.0,True,10,True,True,False,0,False,False,True,1
김민주,2,3,14,ROUGH,143.0,신다인,27,3,14,ROUGH,133.1,9.9,True,10,True,True,False,0,False,True,False,0
김민주,2,3,14,ROUGH,143.0,정윤지,27,3,14,ROUGH,141.5,1.5,True,10,True,True,False,0,True,True,False,0
김민주,2,3,17,ROUGH,125.8,손예빈,49,3,17,ROUGH,131.1,5.3,True,10,True,False,True,1,True,False,True,1
김민주,2,3,17,ROUGH,125.8,고지원,53,3,17,ROUGH,125.1,0.7,True,10,True,False,True,1,True,True,False,0
김민주,2,3,17,ROUGH,125.8,임진영,27,3,17,ROUGH,126.7,0.9,True,10,True,False,True,1,False,True,False,0
김민주,2,3,17,ROUGH,125.8,문정민,27,3,17,ROUGH,124.5,1.3,True,10,True,False,True,1,True,True,False,0
김민주,2,3,17,ROUGH,125.8,이서윤4,53,3,17,ROUGH,134.8,9.0,True,10,True,False,True,1,True,False,True,1
김민주,2,3,17,ROUGH,125.8,김하은2,40,3,17,ROUGH,131.6,5.8,True,10,True,False,True,1,True,True,False,0
김민주,2,3,17,ROUGH,125.8,안재희,59,3,17,ROUGH,129.6,3.8,True,10,True,False,True,1,False,False,True,1
김민주,2,3,17,ROUGH,125.8,최민경,57,3,17,ROUGH,129.5,3.7,True,10,True,False,True,1,True,True,False,-1
김민주,2,3,17,ROUGH,125.8,최예림,24,3,17,ROUGH,132.8,7.0,True,10,True,False,True,1,False,False,True,1
김민주,2,3,17,ROUGH,125.8,김우정,37,3,17,ROUGH,134.2,8.4,True,10,True,False,True,1,False,True,False,-1
김민주,2,3,17,ROUGH,125.8,성유진,27,3,17,ROUGH,133.7,7.9,True,10,True,False,True,1,True,True,False,0
김민주,2,3,17,ROUGH,125.8,이재윤,27,3,17,ROUGH,123.9,1.9,True,10,True,False,True,1,True,True,False,0
김민주,2,3,17,ROUGH,125.8,이율린,46,3,17,ROUGH,129.8,4.0,True,10,True,False,True,1,False,True,False,0
김민주,2,3,17,ROUGH,125.8,정소이,60,3,17,ROUGH,131.4,5.6,True,10,True,False,True,1,False,True,False,0
김민주,2,3,17,ROUGH,125.8,윤수아,37,3,17,ROUGH,134.3,8.5,True,10,True,False,True,1,True,True,False,0
김민주,2,3,18,ROUGH,280.6,손예빈,49,3,18,ROUGH,288.0,7.4,True,10,True,True,False,0,False,True,False,0
김민주,2,3,18,ROUGH,280.6,고지원,53,3,18,ROUGH,284.6,4.0,True,10,True,True,False,0,False,False,True,1
김민주,2,3,18,ROUGH,280.6,임진영,27,3,18,ROUGH,283.6,3.0,True,10,True,True,False,0,False,True,False,0
김민주,2,3,18,ROUGH,280.6,김하은2,40,3,18,ROUGH,275.0,5.6,True,10,True,True,False,0,True,True,False,0
김민주,2,3,18,ROUGH,280.6,홍현지,40,3,18,ROUGH,283.3,2.7,True,10,True,True,False,0,False,True,False,0
김민주,2,3,18,ROUGH,280.6,짜라위 분짠(I),46,3,18,ROUGH,272.3,8.3,True,10,True,True,False,0,True,True,False,-1
김민주,2,3,18,ROUGH,280.6,최민경,57,3,18,ROUGH,279.9,0.7,True,10,True,True,False,0,False,True,False,0
김민주,2,3,18,ROUGH,280.6,박민지,49,3,18,ROUGH,276.1,4.5,True,10,True,True,False,0,True,True,False,0
김민주,2,3,18,ROUGH,280.6,박서현,61,3,18,ROUGH,289.6,9.0,True,10,True,True,False,0,False,True,False,0
김민주,2,3,18,ROUGH,280.6,임희정,55,3,18,ROUGH,286.9,6.3,True,10,True,True,False,0,True,True,False,0
김민주,2,3,18,ROUGH,280.6,최은우,24,3,18,ROUGH,279.3,1.3,True,10,True,True,False,0,False,False,True,1
김민주,2,3,18,ROUGH,280.6,안지현,27,3,18,ROUGH,283.2,2.6,True,10,True,True,False,0,False,True,False,0
김민주,2,3,18,ROUGH,280.6,이율린,46,3,18,ROUGH,273.6,7.0,True,10,True,True,False,0,True,True,False,0
김민주,2,3,18,ROUGH,280.6,정윤지,27,3,18,ROUGH,274.5,6.1,True,10,True,True,False,0,True,True,False,0
김민주,2,4,9,ROUGH,125.1,장은수,57,4,9,ROUGH,119.7,5.4,True,10,True,True,False,0,True,True,False,0
김민주,2,4,9,ROUGH,125.1,최예림,24,4,9,ROUGH,119.5,5.6,True,10,True,True,False,0,True,True,False,-1
김민주,2,4,9,ROUGH,125.1,김우정,37,4,9,ROUGH,131.1,6.0,True,10,True,True,False,0,True,True,False,0
김민주,2,4,9,ROUGH,125.1,윤화영,46,4,9,ROUGH,133.0,7.9,True,10,True,True,False,0,False,False,True,2
김민주,2,4,9,ROUGH,125.1,한지원,40,4,9,ROUGH,126.1,1.0,True,10,True,True,False,0,True,True,False,-1
김민주,2,4,9,ROUGH,125.1,이율린,46,4,9,ROUGH,121.6,3.5,True,10,True,True,False,0,True,True,False,0
김민주,2,4,9,ROUGH,125.1,윤수아,37,4,9,ROUGH,118.3,6.8,True,10,True,True,False,0,False,True,False,0
김민주,2,4,17,ROUGH,132.1,고지원,53,4,17,ROUGH,124.2,7.9,True,10,False,True,False,0,True,True,False,0
김민주,2,4,17,ROUGH,132.1,김가희2,27,4,17,ROUGH,131.3,0.8,True,10,False,True,False,0,True,True,False,0
김민주,2,4,17,ROUGH,132.1,홍현지,40,4,17,ROUGH,139.8,7.7,True,10,False,True,False,0,False,True,False,0
김민주,2,4,17,ROUGH,132.1,안지현,27,4,17,ROUGH,127.3,4.8,True,10,False,True,False,0,False,True,False,0
김민주,2,4,17,ROUGH,132.1,이세희,49,4,17,ROUGH,124.9,7.2,True,10,False,True,False,0,True,True,False,0
김민주,2,4,17,ROUGH,132.1,정소이,60,4,17,ROUGH,142.1,10.0,True,10,False,True,False,0,False,False,True,1
김민주,2,4,17,ROUGH,132.1,윤수아,37,4,17,ROUGH,124.7,7.4,True,10,False,True,False,0,False,False,True,1
최예본,5,1,4,ROUGH,302.9,김가희2,27,1,4,ROUGH,293.1,9.8,True,10,False,False,True,1,False,True,False,0
최예본,5,1,4,ROUGH,302.9,한아름,49,1,4,ROUGH,307.7,4.8,True,10,False,False,True,1,False,True,False,0
최예본,5,1,4,ROUGH,302.9,장은수,57,1,4,ROUGH,296.6,6.3,True,10,False,False,True,1,True,True,False,-1
최예본,5,1,4,ROUGH,302.9,김우정,37,1,4,ROUGH,301.0,1.9,True,10,False,False,True,1,False,False,True,1
최예본,5,1,4,ROUGH,302.9,신다인,27,1,4,ROUGH,302.5,0.4,True,10,False,False,True,1,True,True,False,0
최예본,5,1,4,ROUGH,302.9,한진선,37,1,4,ROUGH,303.2,0.3,True,10,False,False,True,1,True,True,False,-1
최예본,5,1,4,ROUGH,302.9,정소이,60,1,4,ROUGH,294.3,8.6,True,10,False,False,True,1,True,True,False,0
최예본,5,1,12,ROUGH,126.6,안재희,59,1,12,ROUGH,133.6,7.0,True,10,True,True,False,0,False,False,True,1
최예본,5,1,12,ROUGH,126.6,이율린,46,1,12,ROUGH,134.3,7.7,True,10,True,True,False,0,True,True,False,0
최예본,5,2,8,ROUGH,133.2,김민선7,40,2,8,ROUGH,127.4,5.8,True,10,False,True,False,0,False,True,False,0
최예본,5,2,8,ROUGH,133.2,문정민,27,2,8,ROUGH,123.4,9.8,True,10,False,True,False,0,False,False,True,1
최예본,5,2,8,ROUGH,133.2,홍현지,40,2,8,ROUGH,138.1,4.9,True,10,False,True,False,0,False,False,True,1
최예본,5,2,8,ROUGH,133.2,박성현,27,2,8,ROUGH,127.8,5.4,True,10,False,True,False,0,True,True,False,0
최예본,5,2,8,ROUGH,133.2,김새로미,55,2,8,ROUGH,130.6,2.6,True,10,False,True,False,0,False,False,True,1
최예본,5,2,8,ROUGH,133.2,김우정,37,2,8,ROUGH,136.9,3.7,True,10,False,True,False,0,False,False,True,1
최예본,5,2,8,ROUGH,133.2,박서현,61,2,8,ROUGH,129.7,3.5,True,10,False,True,False,0,False,True,False,0
최예본,5,2,8,ROUGH,133.2,임희정,55,2,8,ROUGH,142.1,8.9,True,10,False,True,False,0,False,True,False,-1
최예본,5,2,8,ROUGH,133.2,최은우,24,2,8,ROUGH,141.2,8.0,True,10,False,True,False,0,False,True,False,0
최예본,5,2,8,ROUGH,133.2,이율린,46,2,8,ROUGH,123.9,9.3,True,10,False,True,False,0,False,False,True,1
최예본,5,2,8,ROUGH,133.2,정소이,60,2,8,ROUGH,136.8,3.6,True,10,False,True,False,0,False,False,True,2
최예본,5,2,14,ROUGH,148.6,김민별,40,2,14,ROUGH,157.0,8.4,True,10,False,False,True,2,False,False,True,1
최예본,5,2,14,ROUGH,148.6,김민선7,40,2,14,ROUGH,146.2,2.4,True,10,False,False,True,2,True,True,False,0
최예본,5,2,14,ROUGH,148.6,문정민,27,2,14,ROUGH,145.5,3.1,True,10,False,False,True,2,False,False,True,2
최예본,5,2,14,ROUGH,148.6,이서윤4,53,2,14,ROUGH,148.1,0.5,True,10,False,False,True,2,False,True,False,0
최예본,5,2,14,ROUGH,148.6,김가희2,27,2,14,ROUGH,146.3,2.3,True,10,False,False,True,2,False,False,True,1
최예본,5,2,14,ROUGH,148.6,안재희,59,2,14,ROUGH,151.1,2.5,True,10,False,False,True,2,False,True,False,0
최예본,5,2,14,ROUGH,148.6,짜라위 분짠(I),46,2,14,ROUGH,145.6,3.0,True,10,False,False,True,2,False,False,True,1
최예본,5,2,14,ROUGH,148.6,박민지,49,2,14,ROUGH,147.2,1.4,True,10,False,False,True,2,True,True,False,0
최예본,5,2,17,ROUGH,148.8,김민별,40,2,17,ROUGH,149.7,0.9,True,10,True,True,False,-1,False,False,True,1
최예본,5,2,17,ROUGH,148.8,문정민,27,2,17,ROUGH,142.2,6.6,True,10,True,True,False,-1,False,True,False,0
최예본,5,2,17,ROUGH,148.8,안재희,59,2,17,ROUGH,144.7,4.1,True,10,True,True,False,-1,False,False,True,1
최예본,5,2,17,ROUGH,148.8,짜라위 분짠(I),46,2,17,ROUGH,156.6,7.8,True,10,True,True,False,-1,True,True,False,0
최예본,5,2,17,ROUGH,148.8,성유진,27,2,17,ROUGH,157.2,8.4,True,10,True,True,False,-1,True,True,False,0
최예본,5,2,17,ROUGH,148.8,박서현,61,2,17,ROUGH,148.2,0.6,True,10,True,True,False,-1,True,True,False,0
최예본,5,2,17,ROUGH,148.8,안지현,27,2,17,ROUGH,158.2,9.4,True,10,True,True,False,-1,False,False,True,1
최예본,5,2,17,ROUGH,148.8,정소이,60,2,17,ROUGH,149.7,0.9,True,10,True,True,False,-1,True,True,False,0
최예본,5,3,8,ROUGH,147.1,손예빈,49,3,8,ROUGH,151.2,4.1,True,10,False,False,True,1,False,True,False,0
최예본,5,3,8,ROUGH,147.1,김가희2,27,3,8,ROUGH,153.6,6.5,True,10,False,False,True,1,False,False,True,1
최예본,5,3,8,ROUGH,147.1,윤화영,46,3,8,ROUGH,154.2,7.1,True,10,False,False,True,1,False,False,True,1
최예본,5,3,9,ROUGH,134.6,김민선7,40,3,9,ROUGH,132.7,1.9,True,10,True,False,True,1,False,False,True,1
최예본,5,3,9,ROUGH,134.6,최예림,24,3,9,ROUGH,130.7,3.9,True,10,True,False,True,1,True,True,False,-1
최예본,5,3,9,ROUGH,134.6,최은우,24,3,9,ROUGH,130.7,3.9,True,10,True,False,True,1,True,True,False,0
최예본,5,3,9,ROUGH,134.6,한진선,37,3,9,ROUGH,140.3,5.7,True,10,True,False,True,1,False,False,True,2
최예본,5,3,9,ROUGH,134.6,윤수아,37,3,9,ROUGH,126.3,8.3,True,10,True,False,True,1,True,False,True,1
최예본,5,4,7,ROUGH,320.0,윤화영,46,4,7,ROUGH,314.3,5.7,True,10,False,True,False,0,True,True,False,0
최예본,5,4,7,ROUGH,320.0,이율린,46,4,7,ROUGH,312.2,7.8,True,10,False,True,False,0,False,False,True,1
최예본,5,4,10,ROUGH,297.4,이서윤4,53,4,10,ROUGH,296.4,1.0,True,10,True,True,False,0,False,False,True,1
최예본,5,4,10,ROUGH,297.4,김가희2,27,4,10,ROUGH,303.1,5.7,True,10,True,True,False,0,True,False,True,1
최예본,5,4,10,ROUGH,297.4,짜라위 분짠(I),46,4,10,ROUGH,302.3,4.9,True,10,True,True,False,0,True,True,False,0
최예본,5,4,10,ROUGH,297.4,김우정,37,4,10,ROUGH,301.5,4.1,True,10,True,True,False,0,True,True,False,0
최예본,5,4,10,ROUGH,297.4,이세희,49,4,10,ROUGH,305.8,8.4,True,10,True,True,False,0,False,True,False,0
최예본,5,4,10,ROUGH,297.4,정윤지,27,4,10,ROUGH,299.8,2.4,True,10,True,True,False,0,False,False,True,1
최예본,5,4,14,ROUGH,142.2,고지원,53,4,14,ROUGH,133.9,8.3,True,10,True,True,False,0,False,True,False,0
최예본,5,4,14,ROUGH,142.2,박서현,61,4,14,ROUGH,133.0,9.2,True,10,True,True,False,0,False,False,True,1
최예본,5,4,14,ROUGH,142.2,정윤지,27,4,14,ROUGH,141.3,0.9,True,10,True,True,False,0,False,False,True,1
최예본,5,4,17,ROUGH,135.9,김가희2,27,4,17,ROUGH,131.3,4.6,True,10,False,True,False,-1,True,True,False,0
최예본,5,4,17,ROUGH,135.9,홍현지,40,4,17,ROUGH,139.8,3.9,True,10,False,True,False,-1,False,True,False,0
최예본,5,4,17,ROUGH,135.9,안지현,27,4,17,ROUGH,127.3,8.6,True,10,False,True,False,-1,False,True,False,0
최예본,5,4,17,ROUGH,135.9,정소이,60,4,17,ROUGH,142.1,6.2,True,10,False,True,False,-1,False,False,True,1
최예본,5,4,18,ROUGH,275.5,문정민,27,4,18,ROUGH,281.9,6.4,True,10,True,True,False,0,True,True,False,0
최예본,5,4,18,ROUGH,275.5,이서윤4,53,4,18,ROUGH,277.9,2.4,True,10,True,True,False,0,True,True,False,0
최예본,5,4,18,ROUGH,275.5,안재희,59,4,18,ROUGH,280.2,4.7,True,10,True,True,False,0,True,True,False,0
최예본,5,4,18,ROUGH,275.5,박성현,27,4,18,ROUGH,272.8,2.7,True,10,True,True,False,0,False,True,False,0
최예본,5,4,18,ROUGH,275.5,이승연,27,4,18,ROUGH,280.4,4.9,True,10,True,True,False,0,True,True,False,0
최예본,5,4,18,ROUGH,275.5,최은우,24,4,18,ROUGH,285.4,9.9,True,10,True,True,False,0,True,True,False,0
최예본,5,4,18,ROUGH,275.5,이재윤,27,4,18,ROUGH,274.1,1.4,True,10,True,True,False,0,True,True,False,0
최예본,5,4,18,ROUGH,275.5,이율린,46,4,18,ROUGH,278.3,2.8,True,10,True,True,False,0,True,True,False,0
최예본,5,4,18,ROUGH,275.5,정윤지,27,4,18,ROUGH,275.8,0.3,True,10,True,True,False,0,False,True,False,0
홍진영2,9,1,7,ROUGH,280.4,김민별,40,1,7,ROUGH,270.8,9.6,True,10,True,True,False,0,True,True,False,0
홍진영2,9,1,7,ROUGH,280.4,임진영,27,1,7,ROUGH,279.3,1.1,True,10,True,True,False,0,True,True,False,0
홍진영2,9,1,7,ROUGH,280.4,홍지원,40,1,7,ROUGH,283.6,3.2,True,10,True,True,False,0,True,True,False,0
홍진영2,9,1,12,ROUGH,162.4,김민선7,40,1,12,ROUGH,158.0,4.4,True,10,True,True,False,0,True,True,False,0
홍진영2,9,1,12,ROUGH,162.4,김하은2,40,1,12,ROUGH,155.2,7.2,True,10,True,True,False,0,False,True,False,0
홍진영2,9,1,12,ROUGH,162.4,이승연,27,1,12,ROUGH,172.0,9.6,True,10,True,True,False,0,False,False,True,2
홍진영2,9,1,12,ROUGH,162.4,윤화영,46,1,12,ROUGH,156.0,6.4,True,10,True,True,False,0,False,False,True,1
홍진영2,9,1,12,ROUGH,162.4,박서현,61,1,12,ROUGH,153.3,9.1,True,10,True,True,False,0,False,True,False,0
홍진영2,9,1,12,ROUGH,162.4,안지현,27,1,12,ROUGH,156.3,6.1,True,10,True,True,False,0,False,True,False,0
홍진영2,9,1,15,ROUGH,165.2,김민별,40,1,15,ROUGH,174.6,9.4,True,10,False,False,True,1,False,True,False,0
홍진영2,9,1,15,ROUGH,165.2,김하은2,40,1,15,ROUGH,158.8,6.4,True,10,False,False,True,1,True,True,False,0
홍진영2,9,1,15,ROUGH,165.2,김우정,37,1,15,ROUGH,162.7,2.5,True,10,False,False,True,1,False,True,False,0
홍진영2,9,1,15,ROUGH,165.2,한지원,40,1,15,ROUGH,166.4,1.2,True,10,False,False,True,1,False,False,True,1
홍진영2,9,1,15,ROUGH,165.2,이세희,49,1,15,ROUGH,169.5,4.3,True,10,False,False,True,1,False,False,True,1
홍진영2,9,1,18,ROUGH,290.2,김새로미,55,1,18,ROUGH,282.3,7.9,True,10,True,True,False,0,False,False,True,1
홍진영2,9,1,18,ROUGH,290.2,성유진,27,1,18,ROUGH,295.8,5.6,True,10,True,True,False,0,True,True,False,0
홍진영2,9,1,18,ROUGH,290.2,박서현,61,1,18,ROUGH,290.1,0.1,True,10,True,True,False,0,True,True,False,-1
홍진영2,9,1,18,ROUGH,290.2,임희정,55,1,18,ROUGH,287.7,2.5,True,10,True,True,False,0,True,True,False,-1
홍진영2,9,1,18,ROUGH,290.2,최은우,24,1,18,ROUGH,297.9,7.7,True,10,True,True,False,0,False,True,False,0
홍진영2,9,1,18,ROUGH,290.2,이재윤,27,1,18,ROUGH,280.6,9.6,True,10,True,True,False,0,True,True,False,0
홍진영2,9,2,13,BUNKER,102.6,김우정,37,2,13,BUNKER,98.5,4.1,True,10,False,True,False,0,False,False,True,1
홍진영2,9,2,13,BUNKER,102.6,박서현,61,2,13,BUNKER,102.1,0.5,True,10,False,True,False,0,False,True,False,0
홍진영2,9,2,17,ROUGH,156.8,김민별,40,2,17,ROUGH,149.7,7.1,True,10,False,False,True,1,False,False,True,1
홍진영2,9,2,17,ROUGH,156.8,김하은2,40,2,17,ROUGH,162.4,5.6,True,10,False,False,True,1,False,False,True,1
홍진영2,9,2,17,ROUGH,156.8,짜라위 분짠(I),46,2,17,ROUGH,156.6,0.2,True,10,False,False,True,1,True,True,False,0
홍진영2,9,2,17,ROUGH,156.8,박성현,27,2,17,ROUGH,164.1,7.3,True,10,False,False,True,1,False,False,True,1
홍진영2,9,2,17,ROUGH,156.8,성유진,27,2,17,ROUGH,157.2,0.4,True,10,False,False,True,1,True,True,False,0
홍진영2,9,2,17,ROUGH,156.8,박서현,61,2,17,ROUGH,148.2,8.6,True,10,False,False,True,1,True,True,False,0
홍진영2,9,2,17,ROUGH,156.8,안지현,27,2,17,ROUGH,158.2,1.4,True,10,False,False,True,1,False,False,True,1
홍진영2,9,2,17,ROUGH,156.8,정소이,60,2,17,ROUGH,149.7,7.1,True,10,False,False,True,1,True,True,False,0
홍진영2,9,3,9,ROUGH,125.0,김민선7,40,3,9,ROUGH,132.7,7.7,True,10,False,False,True,1,False,False,True,1
홍진영2,9,3,9,ROUGH,125.0,최예림,24,3,9,ROUGH,130.7,5.7,True,10,False,False,True,1,True,True,False,-1
홍진영2,9,3,9,ROUGH,125.0,박민지,49,3,9,ROUGH,117.4,7.6,True,10,False,False,True,1,True,True,False,0
홍진영2,9,3,9,ROUGH,125.0,신다인,27,3,9,ROUGH,119.1,5.9,True,10,False,False,True,1,False,True,False,0
홍진영2,9,3,9,ROUGH,125.0,최은우,24,3,9,ROUGH,130.7,5.7,True,10,False,False,True,1,True,True,False,0
홍진영2,9,3,9,ROUGH,125.0,윤수아,37,3,9,ROUGH,126.3,1.3,True,10,False,False,True,1,True,False,True,1
홍진영2,9,3,12,ROUGH,147.8,고지원,53,3,12,ROUGH,151.2,3.4,True,10,False,True,False,0,False,True,False,0
홍진영2,9,3,12,ROUGH,147.8,장은수,57,3,12,ROUGH,156.0,8.2,True,10,False,True,False,0,False,True,False,0
홍진영2,9,3,12,ROUGH,147.8,이승연,27,3,12,ROUGH,142.0,5.8,True,10,False,True,False,0,False,False,True,1
홍진영2,9,3,12,ROUGH,147.8,임희정,55,3,12,ROUGH,150.3,2.5,True,10,False,True,False,0,True,True,False,0
홍진영2,9,3,12,ROUGH,147.8,한지원,40,3,12,ROUGH,156.3,8.5,True,10,False,True,False,0,False,True,False,0
홍진영2,9,3,12,ROUGH,147.8,이율린,46,3,12,ROUGH,143.6,4.2,True,10,False,True,False,0,True,False,True,1
홍진영2,9,3,12,ROUGH,147.8,정소이,60,3,12,ROUGH,152.3,4.5,True,10,False,True,False,0,True,False,True,1
홍진영2,9,3,14,ROUGH,135.8,장은수,57,3,14,ROUGH,145.0,9.2,True,10,True,True,False,0,True,True,False,0
홍진영2,9,3,14,ROUGH,135.8,최민경,57,3,14,ROUGH,133.1,2.7,True,10,True,True,False,0,True,True,False,0
홍진영2,9,3,14,ROUGH,135.8,박민지,49,3,14,ROUGH,130.9,4.9,True,10,True,True,False,0,True,True,False,0
홍진영2,9,3,14,ROUGH,135.8,김우정,37,3,14,ROUGH,134.0,1.8,True,10,True,True,False,0,False,False,True,1
홍진영2,9,3,14,ROUGH,135.8,신다인,27,3,14,ROUGH,133.1,2.7,True,10,True,True,False,0,False,True,False,0
홍진영2,9,3,14,ROUGH,135.8,정윤지,27,3,14,ROUGH,141.5,5.7,True,10,True,True,False,0,True,True,False,0
홍진영2,9,4,1,ROUGH,166.2,김민별,40,4,1,ROUGH,168.0,1.8,True,10,True,True,False,-1,True,False,True,1
홍진영2,9,4,1,ROUGH,166.2,문정민,27,4,1,ROUGH,164.9,1.3,True,10,True,True,False,-1,False,False,True,1
홍진영2,9,4,1,ROUGH,166.2,안재희,59,4,1,ROUGH,166.2,0.0,True,10,True,True,False,-1,True,True,False,0
홍진영2,9,4,1,ROUGH,166.2,최민경,57,4,1,ROUGH,164.8,1.4,True,10,True,True,False,-1,False,False,True,1
홍진영2,9,4,1,ROUGH,166.2,이승연,27,4,1,ROUGH,168.8,2.6,True,10,True,True,False,-1,False,True,False,0
홍진영2,9,4,1,ROUGH,166.2,성유진,27,4,1,ROUGH,173.9,7.7,True,10,True,True,False,-1,False,True,False,0
홍진영2,9,4,1,ROUGH,166.2,임희정,55,4,1,ROUGH,162.0,4.2,True,10,True,True,False,-1,True,True,False,0
홍진영2,9,4,1,ROUGH,166.2,최은우,24,4,1,ROUGH,171.7,5.5,True,10,True,True,False,-1,False,True,False,0
홍진영2,9,4,1,ROUGH,166.2,안지현,27,4,1,ROUGH,170.8,4.6,True,10,True,True,False,-1,False,False,True,1
홍진영2,9,4,1,ROUGH,166.2,이율린,46,4,1,ROUGH,169.6,3.4,True,10,True,True,False,-1,False,False,True,1
홍진영2,9,4,8,ROUGH,112.9,고지원,53,4,8,ROUGH,118.2,5.3,True,10,False,True,False,0,True,True,False,0
홍진영2,9,4,8,ROUGH,112.9,박성현,27,4,8,ROUGH,117.7,4.8,True,10,False,True,False,0,True,True,False,0
홍진영2,9,4,8,ROUGH,112.9,최민경,57,4,8,ROUGH,119.2,6.3,True,10,False,True,False,0,True,True,False,0
홍진영2,9,4,9,ROUGH,122.6,장은수,57,4,9,ROUGH,119.7,2.9,True,10,True,True,False,0,True,True,False,0
홍진영2,9,4,9,ROUGH,122.6,최예림,24,4,9,ROUGH,119.5,3.1,True,10,True,True,False,0,True,True,False,-1
홍진영2,9,4,9,ROUGH,122.6,김우정,37,4,9,ROUGH,131.1,8.5,True,10,True,True,False,0,True,True,False,0
홍진영2,9,4,9,ROUGH,122.6,한지원,40,4,9,ROUGH,126.1,3.5,True,10,True,True,False,0,True,True,False,-1
홍진영2,9,4,9,ROUGH,122.6,이율린,46,4,9,ROUGH,121.6,1.0,True,10,True,True,False,0,True,True,False,0
홍진영2,9,4,9,ROUGH,122.6,윤수아,37,4,9,ROUGH,118.3,4.3,True,10,True,True,False,0,False,True,False,0
홍진영2,9,4,12,ROUGH,162.0,임진영,27,4,12,ROUGH,157.6,4.4,True,10,False,False,True,2,True,True,False,0
홍진영2,9,4,12,ROUGH,162.0,최예림,24,4,12,ROUGH,152.9,9.1,True,10,False,False,True,2,True,True,False,0
홍진영2,9,4,12,ROUGH,162.0,이승연,27,4,12,ROUGH,154.4,7.6,True,10,False,False,True,2,False,False,True,1
홍진영2,9,4,12,ROUGH,162.0,임희정,55,4,12,ROUGH,153.8,8.2,True,10,False,False,True,2,True,True,False,0
홍진영2,9,4,12,ROUGH,162.0,한진선,37,4,12,ROUGH,155.3,6.7,True,10,False,False,True,2,False,False,True,1
홍진영2,9,4,13,ROUGH,119.0,안재희,59,4,13,ROUGH,123.4,4.4,True,10,False,True,False,0,False,False,True,1
홍진영2,9,4,13,ROUGH,119.0,김우정,37,4,13,ROUGH,113.7,5.3,True,10,False,True,False,0,True,True,False,0
홍진영2,9,4,15,ROUGH,177.4,김민선7,40,4,15,ROUGH,170.4,7.0,True,10,True,True,False,0,True,True,False,0
홍진영2,9,4,15,ROUGH,177.4,임진영,27,4,15,ROUGH,182.1,4.7,True,10,True,True,False,0,True,False,True,1
홍진영2,9,4,15,ROUGH,177.4,홍현지,40,4,15,ROUGH,170.4,7.0,True,10,True,True,False,0,False,False,True,1
홍진영2,9,4,15,ROUGH,177.4,짜라위 분짠(I),46,4,15,ROUGH,178.9,1.5,True,10,True,True,False,0,False,True,False,0
홍진영2,9,4,15,ROUGH,177.4,박민지,49,4,15,ROUGH,184.0,6.6,True,10,True,True,False,0,True,True,False,0
홍진영2,9,4,15,ROUGH,177.4,안지현,27,4,15,ROUGH,168.2,9.2,True,10,True,True,False,0,False,False,True,1
홍진영2,9,4,18,ROUGH,298.4,홍현지,40,4,18,ROUGH,288.5,9.9,True,10,True,True,False,-1,True,True,False,0
홍진영2,9,4,18,ROUGH,298.4,김새로미,55,4,18,ROUGH,294.1,4.3,True,10,True,True,False,-1,False,False,True,1
홍진영2,9,4,18,ROUGH,298.4,김우정,37,4,18,ROUGH,299.1,0.7,True,10,True,True,False,-1,False,False,True,1
홍진영2,9,4,18,ROUGH,298.4,박서현,61,4,18,ROUGH,295.3,3.1,True,10,True,True,False,-1,False,False,True,1
홍진영2,9,4,18,ROUGH,298.4,홍지원,40,4,18,ROUGH,297.1,1.3,True,10,True,True,False,-1,False,True,False,0
홍진영2,9,4,18,ROUGH,298.4,윤수아,37,4,18,ROUGH,292.9,5.5,True,10,True,True,False,-1,False,False,True,1
김민솔,2,1,1,BUNKER,153.6,안지현,27,1,1,BUNKER,160.7,7.1,True,10,False,True,False,0,True,True,False,0
김민솔,2,1,4,BUNKER,269.9,박성현,27,1,4,BUNKER,272.5,2.6,True,10,True,True,False,0,False,False,True,1
김민솔,2,1,6,ROUGH,145.8,성아진,24,1,6,ROUGH,150.1,4.3,True,10,False,True,False,0,False,True,False,0
김민솔,2,1,6,ROUGH,145.8,박성현,27,1,6,ROUGH,148.4,2.6,True,10,False,True,False,0,False,True,False,0
김민솔,2,1,6,ROUGH,145.8,신다인,27,1,6,ROUGH,150.8,5.0,True,10,False,True,False,0,False,False,True,1
김민솔,2,1,8,ROUGH,145.2,김민선7,40,1,8,ROUGH,142.4,2.8,True,10,False,True,False,0,False,False,True,2
김민솔,2,1,8,ROUGH,145.2,문정민,27,1,8,ROUGH,150.5,5.3,True,10,False,True,False,0,False,True,False,0
김민솔,2,1,8,ROUGH,145.2,이서윤4,53,1,8,ROUGH,139.1,6.1,True,10,False,True,False,0,False,True,False,0
김민솔,2,1,8,ROUGH,145.2,박성현,27,1,8,ROUGH,138.1,7.1,True,10,False,True,False,0,False,False,True,2
김민솔,2,1,8,ROUGH,145.2,박민지,49,1,8,ROUGH,145.0,0.2,True,10,False,True,False,0,False,True,False,0
김민솔,2,1,8,ROUGH,145.2,윤수아,37,1,8,ROUGH,140.8,4.4,True,10,False,True,False,0,False,False,True,1
김민솔,2,1,10,ROUGH,280.3,성아진,24,1,10,ROUGH,287.9,7.6,True,10,True,True,False,-1,False,False,True,2
김민솔,2,1,10,ROUGH,280.3,신다인,27,1,10,ROUGH,290.2,9.9,True,10,True,True,False,-1,False,False,True,1
김민솔,2,1,18,ROUGH,278.9,김민선7,40,1,18,ROUGH,279.0,0.1,True,10,True,True,False,0,True,True,False,0
김민솔,2,1,18,ROUGH,278.9,이서윤4,53,1,18,ROUGH,273.1,5.8,True,10,True,True,False,0,True,True,False,0
김민솔,2,1,18,ROUGH,278.9,짜라위 분짠(I),46,1,18,ROUGH,274.6,4.3,True,10,True,True,False,0,True,True,False,0
김민솔,2,1,18,ROUGH,278.9,박성현,27,1,18,ROUGH,279.4,0.5,True,10,True,True,False,0,True,True,False,0
김민솔,2,1,18,ROUGH,278.9,김새로미,55,1,18,ROUGH,282.3,3.4,True,10,True,True,False,0,False,False,True,1
김민솔,2,1,18,ROUGH,278.9,임희정,55,1,18,ROUGH,287.7,8.8,True,10,True,True,False,0,True,True,False,-1
김민솔,2,1,18,ROUGH,278.9,이세희,49,1,18,ROUGH,276.7,2.2,True,10,True,True,False,0,False,True,False,0
김민솔,2,1,18,ROUGH,278.9,이재윤,27,1,18,ROUGH,280.6,1.7,True,10,True,True,False,0,True,True,False,0
김민솔,2,2,3,ROUGH,164.0,이서윤4,53,2,3,ROUGH,155.4,8.6,True,10,True,True,False,-1,False,True,False,0
김민솔,2,2,3,ROUGH,164.0,성아진,24,2,3,ROUGH,173.1,9.1,True,10,True,True,False,-1,True,True,False,0
김민솔,2,2,4,ROUGH,280.3,박성현,27,2,4,ROUGH,277.4,2.9,True,10,True,True,False,0,False,True,False,0
김민솔,2,2,4,ROUGH,280.3,이세희,49,2,4,ROUGH,289.0,8.7,True,10,True,True,False,0,True,True,False,0
김민솔,2,2,8,ROUGH,147.3,홍현지,40,2,8,ROUGH,138.1,9.2,True,10,False,True,False,0,False,False,True,1
김민솔,2,2,8,ROUGH,147.3,한아름,49,2,8,ROUGH,151.5,4.2,True,10,False,True,False,0,True,True,False,-1
김민솔,2,2,8,ROUGH,147.3,최민경,57,2,8,ROUGH,147.8,0.5,True,10,False,True,False,0,False,False,True,1
김민솔,2,2,8,ROUGH,147.3,임희정,55,2,8,ROUGH,142.1,5.2,True,10,False,True,False,0,False,True,False,-1
김민솔,2,2,8,ROUGH,147.3,최은우,24,2,8,ROUGH,141.2,6.1,True,10,False,True,False,0,False,True,False,0
김민솔,2,2,18,ROUGH,266.4,손예빈,49,2,18,ROUGH,263.8,2.6,True,10,True,True,False,0,True,True,False,-1
김민솔,2,2,18,ROUGH,266.4,홍현지,40,2,18,ROUGH,270.8,4.4,True,10,True,True,False,0,True,True,False,0
김민솔,2,2,18,ROUGH,266.4,박성현,27,2,18,ROUGH,267.6,1.2,True,10,True,True,False,0,True,True,False,-1
김민솔,2,2,18,ROUGH,266.4,박서현,61,2,18,ROUGH,273.4,7.0,True,10,True,True,False,0,True,True,False,0
김민솔,2,2,18,ROUGH,266.4,신다인,27,2,18,ROUGH,261.7,4.7,True,10,True,True,False,0,True,True,False,0
김민솔,2,3,13,BUNKER,107.1,박성현,27,3,13,BUNKER,98.2,8.9,True,10,False,True,False,0,False,True,False,0
김민솔,2,3,13,BUNKER,107.1,이세희,49,3,13,BUNKER,112.5,5.4,True,10,False,True,False,0,True,True,False,0
김민솔,2,4,7,ROUGH,287.0,고지원,53,4,7,ROUGH,282.8,4.2,True,10,True,True,False,0,True,True,False,0
김민솔,2,4,7,ROUGH,287.0,성아진,24,4,7,ROUGH,289.1,2.1,True,10,True,True,False,0,True,True,False,0
김민솔,2,4,7,ROUGH,287.0,김새로미,55,4,7,ROUGH,289.6,2.6,True,10,True,True,False,0,True,True,False,0
김민솔,2,4,7,ROUGH,287.0,이재윤,27,4,7,ROUGH,281.8,5.2,True,10,True,True,False,0,True,True,False,-1
김민솔,2,4,9,ROUGH,95.7,손예빈,49,4,9,ROUGH,91.5,4.2,True,10,True,True,False,0,False,True,False,0
김민솔,2,4,9,ROUGH,95.7,박성현,27,4,9,ROUGH,105.6,9.9,True,10,True,True,False,0,True,False,True,1
김민솔,2,4,9,ROUGH,95.7,박민지,49,4,9,ROUGH,97.2,1.5,True,10,True,True,False,0,True,True,False,0
김민솔,2,4,9,ROUGH,95.7,신다인,27,4,9,ROUGH,98.8,3.1,True,10,True,True,False,0,True,True,False,0
김민솔,2,4,9,ROUGH,95.7,최은우,24,4,9,ROUGH,102.2,6.5,True,10,True,True,False,0,False,True,False,0
김민솔,2,4,9,ROUGH,95.7,안지현,27,4,9,ROUGH,97.6,1.9,True,10,True,True,False,0,True,False,True,1
김민솔,2,4,9,ROUGH,95.7,이세희,49,4,9,ROUGH,100.9,5.2,True,10,True,True,False,0,False,True,False,0
유서연2,9,1,6,ROUGH,168.7,김민별,40,1,6,ROUGH,167.9,0.8,True,10,False,False,True,3,False,True,False,0
유서연2,9,1,6,ROUGH,168.7,이서윤4,53,1,6,ROUGH,161.8,6.9,True,10,False,False,True,3,True,True,False,0
유서연2,9,1,6,ROUGH,168.7,이승연,27,1,6,ROUGH,169.0,0.3,True,10,False,False,True,3,True,True,False,0
유서연2,9,1,6,ROUGH,168.7,임희정,55,1,6,ROUGH,174.7,6.0,True,10,False,False,True,3,True,True,False,0
유서연2,9,1,6,ROUGH,168.7,안지현,27,1,6,ROUGH,168.7,0.0,True,10,False,False,True,3,False,True,False,0
유서연2,9,1,12,ROUGH,138.1,김민별,40,1,12,ROUGH,143.5,5.4,True,10,False,True,False,0,False,True,False,0
유서연2,9,1,12,ROUGH,138.1,안재희,59,1,12,ROUGH,133.6,4.5,True,10,False,True,False,0,False,False,True,1
유서연2,9,1,12,ROUGH,138.1,성아진,24,1,12,ROUGH,147.0,8.9,True,10,False,True,False,0,True,True,False,0
유서연2,9,1,12,ROUGH,138.1,짜라위 분짠(I),46,1,12,ROUGH,147.9,9.8,True,10,False,True,False,0,False,False,True,1
유서연2,9,1,12,ROUGH,138.1,장은수,57,1,12,ROUGH,142.6,4.5,True,10,False,True,False,0,False,False,True,1
유서연2,9,1,12,ROUGH,138.1,한지원,40,1,12,ROUGH,138.3,0.2,True,10,False,True,False,0,True,True,False,0
유서연2,9,1,12,ROUGH,138.1,이율린,46,1,12,ROUGH,134.3,3.8,True,10,False,True,False,0,True,True,False,0
유서연2,9,1,18,ROUGH,298.7,성유진,27,1,18,ROUGH,295.8,2.9,True,10,True,True,False,-1,True,True,False,0
유서연2,9,1,18,ROUGH,298.7,박서현,61,1,18,ROUGH,290.1,8.6,True,10,True,True,False,-1,True,True,False,-1
유서연2,9,1,18,ROUGH,298.7,최은우,24,1,18,ROUGH,297.9,0.8,True,10,True,True,False,-1,False,True,False,0
유서연2,9,1,18,ROUGH,298.7,윤수아,37,1,18,ROUGH,301.0,2.3,True,10,True,True,False,-1,True,True,False,-1
유서연2,9,2,1,ROUGH,195.9,홍지원,40,2,1,ROUGH,195.2,0.7,True,10,False,False,True,1,False,False,True,1
유서연2,9,2,6,ROUGH,158.9,손예빈,49,2,6,ROUGH,157.6,1.3,True,10,False,False,True,1,False,True,False,0
유서연2,9,2,6,ROUGH,158.9,이서윤4,53,2,6,ROUGH,149.0,9.9,True,10,False,False,True,1,False,False,True,1
유서연2,9,2,6,ROUGH,158.9,김하은2,40,2,6,ROUGH,164.4,5.5,True,10,False,False,True,1,True,True,False,0
유서연2,9,2,6,ROUGH,158.9,한진선,37,2,6,ROUGH,164.5,5.6,True,10,False,False,True,1,False,True,False,0
유서연2,9,2,6,ROUGH,158.9,한지원,40,2,6,ROUGH,165.4,6.5,True,10,False,False,True,1,False,True,False,0
유서연2,9,2,6,ROUGH,158.9,홍지원,40,2,6,ROUGH,159.5,0.6,True,10,False,False,True,1,False,False,True,1
유서연2,9,2,6,ROUGH,158.9,이재윤,27,2,6,ROUGH,153.5,5.4,True,10,False,False,True,1,False,True,False,0
유서연2,9,2,6,ROUGH,158.9,정소이,60,2,6,ROUGH,161.5,2.6,True,10,False,False,True,1,False,False,True,1
유서연2,9,2,6,ROUGH,158.9,윤수아,37,2,6,ROUGH,157.0,1.9,True,10,False,False,True,1,False,True,False,0
유서연2,9,2,7,ROUGH,291.4,고지원,53,2,7,ROUGH,287.3,4.1,True,10,True,True,False,-1,True,False,True,1
유서연2,9,2,7,ROUGH,291.4,최민경,57,2,7,ROUGH,298.0,6.6,True,10,True,True,False,-1,True,True,False,0
유서연2,9,2,7,ROUGH,291.4,이승연,27,2,7,ROUGH,283.4,8.0,True,10,True,True,False,-1,True,True,False,-1
유서연2,9,2,7,ROUGH,291.4,안지현,27,2,7,ROUGH,294.4,3.0,True,10,True,True,False,-1,True,True,False,0
유서연2,9,2,9,ROUGH,128.5,임진영,27,2,9,ROUGH,121.8,6.7,True,10,True,True,False,-1,True,True,False,0
유서연2,9,2,9,ROUGH,128.5,안재희,59,2,9,ROUGH,121.2,7.3,True,10,True,True,False,-1,False,False,True,1
유서연2,9,2,9,ROUGH,128.5,성아진,24,2,9,ROUGH,125.2,3.3,True,10,True,True,False,-1,False,False,True,1
유서연2,9,2,9,ROUGH,128.5,장은수,57,2,9,ROUGH,128.4,0.1,True,10,True,True,False,-1,False,False,True,1
유서연2,9,2,9,ROUGH,128.5,최민경,57,2,9,ROUGH,134.8,6.3,True,10,True,True,False,-1,True,True,False,-1
유서연2,9,2,9,ROUGH,128.5,최예림,24,2,9,ROUGH,136.6,8.1,True,10,True,True,False,-1,False,False,True,1
유서연2,9,2,9,ROUGH,128.5,박서현,61,2,9,ROUGH,135.3,6.8,True,10,True,True,False,-1,True,True,False,0
유서연2,9,2,9,ROUGH,128.5,임희정,55,2,9,ROUGH,135.6,7.1,True,10,True,True,False,-1,True,True,False,0
유서연2,9,2,9,ROUGH,128.5,한진선,37,2,9,ROUGH,120.7,7.8,True,10,True,True,False,-1,True,True,False,0
유서연2,9,2,9,ROUGH,128.5,한지원,40,2,9,ROUGH,136.2,7.7,True,10,True,True,False,-1,False,True,False,0
유서연2,9,2,10,ROUGH,324.9,임진영,27,2,10,ROUGH,329.2,4.3,True,10,False,False,True,1,False,True,False,0
유서연2,9,2,10,ROUGH,324.9,이서윤4,53,2,10,ROUGH,318.3,6.6,True,10,False,False,True,1,True,True,False,0
유서연2,9,2,10,ROUGH,324.9,김하은2,40,2,10,ROUGH,328.4,3.5,True,10,False,False,True,1,False,False,True,1
유서연2,9,2,10,ROUGH,324.9,안재희,59,2,10,ROUGH,320.6,4.3,True,10,False,False,True,1,True,True,False,0
유서연2,9,2,10,ROUGH,324.9,박성현,27,2,10,ROUGH,331.5,6.6,True,10,False,False,True,1,False,True,False,0
유서연2,9,2,10,ROUGH,324.9,김새로미,55,2,10,ROUGH,323.6,1.3,True,10,False,False,True,1,True,False,True,1
유서연2,9,2,10,ROUGH,324.9,김우정,37,2,10,ROUGH,334.6,9.7,True,10,False,False,True,1,True,True,False,0
유서연2,9,2,10,ROUGH,324.9,이승연,27,2,10,ROUGH,325.2,0.3,True,10,False,False,True,1,False,True,False,-1
유서연2,9,2,10,ROUGH,324.9,윤화영,46,2,10,ROUGH,331.0,6.1,True,10,False,False,True,1,True,True,False,0
유서연2,9,2,10,ROUGH,324.9,박서현,61,2,10,ROUGH,330.9,6.0,True,10,False,False,True,1,True,True,False,0
유서연2,9,2,10,ROUGH,324.9,홍지원,40,2,10,ROUGH,333.3,8.4,True,10,False,False,True,1,True,True,False,0
유서연2,9,2,10,ROUGH,324.9,이율린,46,2,10,ROUGH,327.5,2.6,True,10,False,False,True,1,True,True,False,0
유서연2,9,2,12,ROUGH,169.0,김민별,40,2,12,ROUGH,177.0,8.0,True,10,True,False,True,1,False,True,False,0
유서연2,9,2,12,ROUGH,169.0,손예빈,49,2,12,ROUGH,177.7,8.7,True,10,True,False,True,1,False,False,True,1
유서연2,9,2,12,ROUGH,169.0,임진영,27,2,12,ROUGH,168.9,0.1,True,10,True,False,True,1,True,True,False,0
유서연2,9,2,12,ROUGH,169.0,한아름,49,2,12,ROUGH,170.9,1.9,True,10,True,False,True,1,True,False,True,1
유서연2,9,2,12,ROUGH,169.0,박성현,27,2,12,ROUGH,161.1,7.9,True,10,True,False,True,1,False,False,True,1
유서연2,9,2,12,ROUGH,169.0,장은수,57,2,12,ROUGH,177.6,8.6,True,10,True,False,True,1,False,False,True,1
유서연2,9,2,12,ROUGH,169.0,최예림,24,2,12,ROUGH,161.3,7.7,True,10,True,False,True,1,True,True,False,-1
유서연2,9,2,12,ROUGH,169.0,이승연,27,2,12,ROUGH,173.4,4.4,True,10,True,False,True,1,True,False,True,1
유서연2,9,2,12,ROUGH,169.0,박서현,61,2,12,ROUGH,177.6,8.6,True,10,True,False,True,1,False,False,True,2
유서연2,9,2,12,ROUGH,169.0,신다인,27,2,12,ROUGH,166.9,2.1,True,10,True,False,True,1,False,False,True,1
유서연2,9,2,12,ROUGH,169.0,윤수아,37,2,12,ROUGH,164.4,4.6,True,10,True,False,True,1,True,True,False,0
유서연2,9,2,14,ROUGH,145.4,김민선7,40,2,14,ROUGH,146.2,0.8,True,10,True,True,False,0,True,True,False,0
유서연2,9,2,14,ROUGH,145.4,문정민,27,2,14,ROUGH,145.5,0.1,True,10,True,True,False,0,False,False,True,2
유서연2,9,2,14,ROUGH,145.4,이서윤4,53,2,14,ROUGH,148.1,2.7,True,10,True,True,False,0,False,True,False,0
유서연2,9,2,14,ROUGH,145.4,김가희2,27,2,14,ROUGH,146.3,0.9,True,10,True,True,False,0,False,False,True,1
유서연2,9,2,14,ROUGH,145.4,안재희,59,2,14,ROUGH,151.1,5.7,True,10,True,True,False,0,False,True,False,0
유서연2,9,2,14,ROUGH,145.4,짜라위 분짠(I),46,2,14,ROUGH,145.6,0.2,True,10,True,True,False,0,False,False,True,1
유서연2,9,2,14,ROUGH,145.4,박민지,49,2,14,ROUGH,147.2,1.8,True,10,True,True,False,0,True,True,False,0
유서연2,9,2,17,ROUGH,165.4,김하은2,40,2,17,ROUGH,162.4,3.0,True,10,True,True,False,0,False,False,True,1
유서연2,9,2,17,ROUGH,165.4,짜라위 분짠(I),46,2,17,ROUGH,156.6,8.8,True,10,True,True,False,0,True,True,False,0
유서연2,9,2,17,ROUGH,165.4,박성현,27,2,17,ROUGH,164.1,1.3,True,10,True,True,False,0,False,False,True,1
유서연2,9,2,17,ROUGH,165.4,성유진,27,2,17,ROUGH,157.2,8.2,True,10,True,True,False,0,True,True,False,0
유서연2,9,2,17,ROUGH,165.4,안지현,27,2,17,ROUGH,158.2,7.2,True,10,True,True,False,0,False,False,True,1
유서연2,9,3,8,ROUGH,154.7,손예빈,49,3,8,ROUGH,151.2,3.5,True,10,False,False,True,1,False,True,False,0
유서연2,9,3,8,ROUGH,154.7,김가희2,27,3,8,ROUGH,153.6,1.1,True,10,False,False,True,1,False,False,True,1
유서연2,9,3,8,ROUGH,154.7,윤화영,46,3,8,ROUGH,154.2,0.5,True,10,False,False,True,1,False,False,True,1
유서연2,9,3,8,ROUGH,154.7,정소이,60,3,8,ROUGH,159.5,4.8,True,10,False,False,True,1,False,True,False,0
유서연2,9,3,17,ROUGH,150.0,한지원,40,3,17,ROUGH,143.0,7.0,True,10,False,False,True,1,True,True,False,0
유서연2,9,3,17,ROUGH,150.0,홍지원,40,3,17,ROUGH,141.0,9.0,True,10,False,False,True,1,True,True,False,0
유서연2,9,4,1,ROUGH,185.9,김민선7,40,4,1,ROUGH,182.9,3.0,True,10,False,False,True,1,False,False,True,1
유서연2,9,4,1,ROUGH,185.9,김새로미,55,4,1,ROUGH,179.4,6.5,True,10,False,False,True,1,False,False,True,1
유서연2,9,4,1,ROUGH,185.9,박민지,49,4,1,ROUGH,191.8,5.9,True,10,False,False,True,1,False,False,True,1
유서연2,9,4,1,ROUGH,185.9,한지원,40,4,1,ROUGH,184.9,1.0,True,10,False,False,True,1,False,True,False,0
유서연2,9,4,1,ROUGH,185.9,정윤지,27,4,1,ROUGH,181.0,4.9,True,10,False,False,True,1,False,True,False,0
유서연2,9,4,7,ROUGH,304.9,임진영,27,4,7,ROUGH,307.3,2.4,True,10,True,True,False,-1,True,True,False,0
유서연2,9,4,7,ROUGH,304.9,최민경,57,4,7,ROUGH,309.4,4.5,True,10,True,True,False,-1,True,True,False,0
유서연2,9,4,7,ROUGH,304.9,최예림,24,4,7,ROUGH,303.5,1.4,True,10,True,True,False,-1,True,True,False,-1
유서연2,9,4,7,ROUGH,304.9,윤화영,46,4,7,ROUGH,314.3,9.4,True,10,True,True,False,-1,True,True,False,0
유서연2,9,4,7,ROUGH,304.9,안지현,27,4,7,ROUGH,302.6,2.3,True,10,True,True,False,-1,True,True,False,-1
유서연2,9,4,7,ROUGH,304.9,이율린,46,4,7,ROUGH,312.2,7.3,True,10,True,True,False,-1,False,False,True,1
유서연2,9,4,9,ROUGH,95.8,손예빈,49,4,9,ROUGH,91.5,4.3,True,10,True,False,True,1,False,True,False,0
유서연2,9,4,9,ROUGH,95.8,박성현,27,4,9,ROUGH,105.6,9.8,True,10,True,False,True,1,True,False,True,1
유서연2,9,4,9,ROUGH,95.8,박민지,49,4,9,ROUGH,97.2,1.4,True,10,True,False,True,1,True,True,False,0
유서연2,9,4,9,ROUGH,95.8,신다인,27,4,9,ROUGH,98.8,3.0,True,10,True,False,True,1,True,True,False,0
유서연2,9,4,9,ROUGH,95.8,최은우,24,4,9,ROUGH,102.2,6.4,True,10,True,False,True,1,False,True,False,0
유서연2,9,4,9,ROUGH,95.8,안지현,27,4,9,ROUGH,97.6,1.8,True,10,True,False,True,1,True,False,True,1
유서연2,9,4,9,ROUGH,95.8,이세희,49,4,9,ROUGH,100.9,5.1,True,10,True,False,True,1,False,True,False,0
유서연2,9,4,12,ROUGH,145.5,고지원,53,4,12,ROUGH,145.3,0.2,True,10,False,False,True,1,True,True,False,0
유서연2,9,4,12,ROUGH,145.5,안재희,59,4,12,ROUGH,145.0,0.5,True,10,False,False,True,1,False,False,True,1
유서연2,9,4,12,ROUGH,145.5,한아름,49,4,12,ROUGH,150.4,4.9,True,10,False,False,True,1,True,False,True,1
유서연2,9,4,12,ROUGH,145.5,박성현,27,4,12,ROUGH,139.9,5.6,True,10,False,False,True,1,False,False,True,1
유서연2,9,4,12,ROUGH,145.5,최예림,24,4,12,ROUGH,152.9,7.4,True,10,False,False,True,1,True,True,False,0
유서연2,9,4,12,ROUGH,145.5,김새로미,55,4,12,ROUGH,137.1,8.4,True,10,False,False,True,1,False,True,False,0
유서연2,9,4,12,ROUGH,145.5,박민지,49,4,12,ROUGH,148.5,3.0,True,10,False,False,True,1,False,False,True,2
유서연2,9,4,12,ROUGH,145.5,이승연,27,4,12,ROUGH,154.4,8.9,True,10,False,False,True,1,False,False,True,1
유서연2,9,4,12,ROUGH,145.5,박서현,61,4,12,ROUGH,149.1,3.6,True,10,False,False,True,1,False,False,True,1
유서연2,9,4,12,ROUGH,145.5,임희정,55,4,12,ROUGH,153.8,8.3,True,10,False,False,True,1,True,True,False,0
유서연2,9,4,12,ROUGH,145.5,한진선,37,4,12,ROUGH,155.3,9.8,True,10,False,False,True,1,False,False,True,1
유서연2,9,4,12,ROUGH,145.5,안지현,27,4,12,ROUGH,142.5,3.0,True,10,False,False,True,1,False,True,False,0
유서연2,9,4,12,ROUGH,145.5,이재윤,27,4,12,ROUGH,136.1,9.4,True,10,False,False,True,1,False,True,False,0
유서연2,9,4,14,ROUGH,126.1,고지원,53,4,14,ROUGH,133.9,7.8,True,10,False,True,False,0,False,True,False,0
유서연2,9,4,14,ROUGH,126.1,이서윤4,53,4,14,ROUGH,130.2,4.1,True,10,False,True,False,0,True,False,True,1
유서연2,9,4,14,ROUGH,126.1,홍현지,40,4,14,ROUGH,126.3,0.2,True,10,False,True,False,0,True,True,False,-1
유서연2,9,4,14,ROUGH,126.1,짜라위 분짠(I),46,4,14,ROUGH,126.9,0.8,True,10,False,True,False,0,False,False,True,1
유서연2,9,4,14,ROUGH,126.1,이승연,27,4,14,ROUGH,129.6,3.5,True,10,False,True,False,0,False,False,True,1
유서연2,9,4,14,ROUGH,126.1,박서현,61,4,14,ROUGH,133.0,6.9,True,10,False,True,False,0,False,False,True,1
유서연2,9,4,14,ROUGH,126.1,이재윤,27,4,14,ROUGH,130.0,3.9,True,10,False,True,False,0,False,False,True,1
유서연2,9,4,14,ROUGH,126.1,이율린,46,4,14,ROUGH,123.2,2.9,True,10,False,True,False,0,True,True,False,-1
유서연2,9,4,15,ROUGH,191.5,손예빈,49,4,15,ROUGH,189.2,2.3,True,10,False,True,False,0,False,False,True,1
유서연2,9,4,15,ROUGH,191.5,임진영,27,4,15,ROUGH,182.1,9.4,True,10,False,True,False,0,True,False,True,1
유서연2,9,4,15,ROUGH,191.5,최예림,24,4,15,ROUGH,191.7,0.2,True,10,False,True,False,0,False,True,False,0
유서연2,9,4,15,ROUGH,191.5,박민지,49,4,15,ROUGH,184.0,7.5,True,10,False,True,False,0,True,True,False,0
이다연,5,1,6,ROUGH,174.2,김민별,40,1,6,ROUGH,167.9,6.3,True,10,False,False,True,1,False,True,False,0
이다연,5,1,6,ROUGH,174.2,임진영,27,1,6,ROUGH,182.2,8.0,True,10,False,False,True,1,False,True,False,0
이다연,5,1,6,ROUGH,174.2,최민경,57,1,6,ROUGH,182.9,8.7,True,10,False,False,True,1,True,True,False,0
이다연,5,1,6,ROUGH,174.2,이승연,27,1,6,ROUGH,169.0,5.2,True,10,False,False,True,1,True,True,False,0
이다연,5,1,6,ROUGH,174.2,임희정,55,1,6,ROUGH,174.7,0.5,True,10,False,False,True,1,True,True,False,0
이다연,5,1,6,ROUGH,174.2,안지현,27,1,6,ROUGH,168.7,5.5,True,10,False,False,True,1,False,True,False,0
이다연,5,1,7,BUNKER,263.3,이서윤4,53,1,7,BUNKER,264.9,1.6,True,10,True,True,False,0,True,True,False,0
이다연,5,1,7,BUNKER,263.3,김가희2,27,1,7,BUNKER,263.9,0.6,True,10,True,True,False,0,True,True,False,0
이다연,5,1,7,BUNKER,263.3,안재희,59,1,7,BUNKER,266.9,3.6,True,10,True,True,False,0,True,True,False,0
이다연,5,1,7,BUNKER,263.3,한아름,49,1,7,BUNKER,266.7,3.4,True,10,True,True,False,0,False,True,False,0
이다연,5,1,7,BUNKER,263.3,안지현,27,1,7,BUNKER,264.1,0.8,True,10,True,True,False,0,True,True,False,0
이다연,5,1,12,ROUGH,154.7,김민선7,40,1,12,ROUGH,158.0,3.3,True,10,False,False,True,1,True,True,False,0
이다연,5,1,12,ROUGH,154.7,임진영,27,1,12,ROUGH,150.6,4.1,True,10,False,False,True,1,False,False,True,1
이다연,5,1,12,ROUGH,154.7,김하은2,40,1,12,ROUGH,155.2,0.5,True,10,False,False,True,1,False,True,False,0
이다연,5,1,12,ROUGH,154.7,성아진,24,1,12,ROUGH,147.0,7.7,True,10,False,False,True,1,True,True,False,0
이다연,5,1,12,ROUGH,154.7,짜라위 분짠(I),46,1,12,ROUGH,147.9,6.8,True,10,False,False,True,1,False,False,True,1
이다연,5,1,12,ROUGH,154.7,김새로미,55,1,12,ROUGH,149.5,5.2,True,10,False,False,True,1,False,False,True,1
이다연,5,1,12,ROUGH,154.7,윤화영,46,1,12,ROUGH,156.0,1.3,True,10,False,False,True,1,False,False,True,1
이다연,5,1,12,ROUGH,154.7,박서현,61,1,12,ROUGH,153.3,1.4,True,10,False,False,True,1,False,True,False,0
이다연,5,1,12,ROUGH,154.7,안지현,27,1,12,ROUGH,156.3,1.6,True,10,False,False,True,1,False,True,False,0
이다연,5,1,14,ROUGH,144.8,김민별,40,1,14,ROUGH,135.7,9.1,True,10,False,True,False,0,False,True,False,0
이다연,5,1,14,ROUGH,144.8,장은수,57,1,14,ROUGH,147.5,2.7,True,10,False,True,False,0,True,True,False,-1
이다연,5,1,14,ROUGH,144.8,성유진,27,1,14,ROUGH,150.3,5.5,True,10,False,True,False,0,False,False,True,1
이다연,5,1,14,ROUGH,144.8,윤수아,37,1,14,ROUGH,134.9,9.9,True,10,False,True,False,0,True,True,False,-1
이다연,5,1,15,ROUGH,142.5,고지원,53,1,15,ROUGH,141.1,1.4,True,10,True,True,False,0,True,False,True,1
이다연,5,1,15,ROUGH,142.5,짜라위 분짠(I),46,1,15,ROUGH,147.0,4.5,True,10,True,True,False,0,False,True,False,0
이다연,5,1,15,ROUGH,142.5,박성현,27,1,15,ROUGH,145.7,3.2,True,10,True,True,False,0,False,True,False,0
이다연,5,1,15,ROUGH,142.5,신다인,27,1,15,ROUGH,150.9,8.4,True,10,True,True,False,0,False,True,False,0
이다연,5,1,15,ROUGH,142.5,홍지원,40,1,15,ROUGH,147.6,5.1,True,10,True,True,False,0,False,False,True,1
이다연,5,1,15,ROUGH,142.5,이재윤,27,1,15,ROUGH,150.2,7.7,True,10,True,True,False,0,False,False,True,1
이다연,5,1,18,ROUGH,270.0,김민선7,40,1,18,ROUGH,279.0,9.0,True,10,True,True,False,0,True,True,False,0
이다연,5,1,18,ROUGH,270.0,이서윤4,53,1,18,ROUGH,273.1,3.1,True,10,True,True,False,0,True,True,False,0
이다연,5,1,18,ROUGH,270.0,짜라위 분짠(I),46,1,18,ROUGH,274.6,4.6,True,10,True,True,False,0,True,True,False,0
이다연,5,1,18,ROUGH,270.0,박성현,27,1,18,ROUGH,279.4,9.4,True,10,True,True,False,0,True,True,False,0
이다연,5,1,18,ROUGH,270.0,이세희,49,1,18,ROUGH,276.7,6.7,True,10,True,True,False,0,False,True,False,0
이다연,5,1,18,ROUGH,270.0,이율린,46,1,18,ROUGH,267.7,2.3,True,10,True,True,False,0,True,True,False,0
이다연,5,2,1,ROUGH,146.9,안재희,59,2,1,ROUGH,150.0,3.1,True,10,True,True,False,-1,False,False,True,1
이다연,5,2,1,ROUGH,146.9,성아진,24,2,1,ROUGH,139.9,7.0,True,10,True,True,False,-1,False,False,True,1
이다연,5,2,1,ROUGH,146.9,짜라위 분짠(I),46,2,1,ROUGH,155.8,8.9,True,10,True,True,False,-1,False,False,True,1
이다연,5,2,1,ROUGH,146.9,신다인,27,2,1,ROUGH,151.7,4.8,True,10,True,True,False,-1,False,True,False,0
이다연,5,2,1,ROUGH,146.9,이재윤,27,2,1,ROUGH,156.5,9.6,True,10,True,True,False,-1,False,True,False,0
이다연,5,2,3,ROUGH,177.3,손예빈,49,2,3,ROUGH,183.7,6.4,True,10,False,True,False,0,True,True,False,0
이다연,5,2,3,ROUGH,177.3,성아진,24,2,3,ROUGH,173.1,4.2,True,10,False,True,False,0,True,True,False,0
이다연,5,2,3,ROUGH,177.3,이재윤,27,2,3,ROUGH,175.3,2.0,True,10,False,True,False,0,True,True,False,0
이다연,5,2,6,ROUGH,165.0,손예빈,49,2,6,ROUGH,157.6,7.4,True,10,False,False,True,1,False,True,False,0
이다연,5,2,6,ROUGH,165.0,김하은2,40,2,6,ROUGH,164.4,0.6,True,10,False,False,True,1,True,True,False,0
이다연,5,2,6,ROUGH,165.0,한진선,37,2,6,ROUGH,164.5,0.5,True,10,False,False,True,1,False,True,False,0
이다연,5,2,6,ROUGH,165.0,한지원,40,2,6,ROUGH,165.4,0.4,True,10,False,False,True,1,False,True,False,0
이다연,5,2,6,ROUGH,165.0,홍지원,40,2,6,ROUGH,159.5,5.5,True,10,False,False,True,1,False,False,True,1
이다연,5,2,6,ROUGH,165.0,정소이,60,2,6,ROUGH,161.5,3.5,True,10,False,False,True,1,False,False,True,1
이다연,5,2,6,ROUGH,165.0,윤수아,37,2,6,ROUGH,157.0,8.0,True,10,False,False,True,1,False,True,False,0
이다연,5,2,10,ROUGH,317.7,이서윤4,53,2,10,ROUGH,318.3,0.6,True,10,True,True,False,0,True,True,False,0
이다연,5,2,10,ROUGH,317.7,김가희2,27,2,10,ROUGH,312.6,5.1,True,10,True,True,False,0,False,False,True,1
이다연,5,2,10,ROUGH,317.7,안재희,59,2,10,ROUGH,320.6,2.9,True,10,True,True,False,0,True,True,False,0
이다연,5,2,10,ROUGH,317.7,짜라위 분짠(I),46,2,10,ROUGH,314.5,3.2,True,10,True,True,False,0,False,True,False,-1
이다연,5,2,10,ROUGH,317.7,김새로미,55,2,10,ROUGH,323.6,5.9,True,10,True,True,False,0,True,False,True,1
이다연,5,2,10,ROUGH,317.7,이승연,27,2,10,ROUGH,325.2,7.5,True,10,True,True,False,0,False,True,False,-1
이다연,5,2,10,ROUGH,317.7,이율린,46,2,10,ROUGH,327.5,9.8,True,10,True,True,False,0,True,True,False,0
이다연,5,2,12,ROUGH,174.9,김민별,40,2,12,ROUGH,177.0,2.1,True,10,True,True,False,-1,False,True,False,0
이다연,5,2,12,ROUGH,174.9,손예빈,49,2,12,ROUGH,177.7,2.8,True,10,True,True,False,-1,False,False,True,1
이다연,5,2,12,ROUGH,174.9,임진영,27,2,12,ROUGH,168.9,6.0,True,10,True,True,False,-1,True,True,False,0
이다연,5,2,12,ROUGH,174.9,한아름,49,2,12,ROUGH,170.9,4.0,True,10,True,True,False,-1,True,False,True,1
이다연,5,2,12,ROUGH,174.9,장은수,57,2,12,ROUGH,177.6,2.7,True,10,True,True,False,-1,False,False,True,1
이다연,5,2,12,ROUGH,174.9,최민경,57,2,12,ROUGH,181.2,6.3,True,10,True,True,False,-1,False,False,True,2
이다연,5,2,12,ROUGH,174.9,이승연,27,2,12,ROUGH,173.4,1.5,True,10,True,True,False,-1,True,False,True,1
이다연,5,2,12,ROUGH,174.9,박서현,61,2,12,ROUGH,177.6,2.7,True,10,True,True,False,-1,False,False,True,2
이다연,5,2,12,ROUGH,174.9,신다인,27,2,12,ROUGH,166.9,8.0,True,10,True,True,False,-1,False,False,True,1
이다연,5,2,15,ROUGH,157.5,손예빈,49,2,15,ROUGH,156.2,1.3,True,10,False,True,False,0,False,True,False,-1
이다연,5,2,15,ROUGH,157.5,이서윤4,53,2,15,ROUGH,157.2,0.3,True,10,False,True,False,0,False,True,False,-1
이다연,5,2,15,ROUGH,157.5,한아름,49,2,15,ROUGH,161.0,3.5,True,10,False,True,False,0,False,True,False,0
이다연,5,2,15,ROUGH,157.5,최민경,57,2,15,ROUGH,157.0,0.5,True,10,False,True,False,0,False,True,False,0
이다연,5,2,15,ROUGH,157.5,윤화영,46,2,15,ROUGH,161.5,4.0,True,10,False,True,False,0,False,False,True,1
이다연,5,2,15,ROUGH,157.5,이세희,49,2,15,ROUGH,167.1,9.6,True,10,False,True,False,0,False,False,True,1
이다연,5,2,15,ROUGH,157.5,이재윤,27,2,15,ROUGH,158.3,0.8,True,10,False,True,False,0,False,False,True,1
이다연,5,2,17,ROUGH,141.6,김민별,40,2,17,ROUGH,149.7,8.1,True,10,True,True,False,0,False,False,True,1
이다연,5,2,17,ROUGH,141.6,문정민,27,2,17,ROUGH,142.2,0.6,True,10,True,True,False,0,False,True,False,0
이다연,5,2,17,ROUGH,141.6,이서윤4,53,2,17,ROUGH,134.5,7.1,True,10,True,True,False,0,True,True,False,0
이다연,5,2,17,ROUGH,141.6,안재희,59,2,17,ROUGH,144.7,3.1,True,10,True,True,False,0,False,False,True,1
이다연,5,2,17,ROUGH,141.6,박서현,61,2,17,ROUGH,148.2,6.6,True,10,True,True,False,0,True,True,False,0
이다연,5,2,17,ROUGH,141.6,정소이,60,2,17,ROUGH,149.7,8.1,True,10,True,True,False,0,True,True,False,0
이다연,5,3,6,ROUGH,176.0,김민별,40,3,6,ROUGH,170.5,5.5,True,10,False,True,False,0,True,True,False,0
이다연,5,3,6,ROUGH,176.0,홍현지,40,3,6,ROUGH,178.5,2.5,True,10,False,True,False,0,False,True,False,0
이다연,5,3,6,ROUGH,176.0,짜라위 분짠(I),46,3,6,ROUGH,171.6,4.4,True,10,False,True,False,0,False,False,True,2
이다연,5,3,6,ROUGH,176.0,이세희,49,3,6,ROUGH,173.0,3.0,True,10,False,True,False,0,False,True,False,0
이다연,5,3,6,ROUGH,176.0,정소이,60,3,6,ROUGH,176.0,0.0,True,10,False,True,False,0,True,False,True,1
이다연,5,3,12,ROUGH,167.9,손예빈,49,3,12,ROUGH,175.2,7.3,True,10,False,False,True,1,False,False,True,2
이다연,5,3,12,ROUGH,167.9,짜라위 분짠(I),46,3,12,ROUGH,171.0,3.1,True,10,False,False,True,1,False,False,True,4
이다연,5,3,12,ROUGH,167.9,김새로미,55,3,12,ROUGH,163.0,4.9,True,10,False,False,True,1,False,False,True,1
이다연,5,3,12,ROUGH,167.9,박서현,61,3,12,ROUGH,162.7,5.2,True,10,False,False,True,1,True,True,False,0
이다연,5,3,12,ROUGH,167.9,한진선,37,3,12,ROUGH,165.1,2.8,True,10,False,False,True,1,False,True,False,0
이다연,5,3,12,ROUGH,167.9,윤수아,37,3,12,ROUGH,165.0,2.9,True,10,False,False,True,1,True,True,False,0
이다연,5,3,13,ROUGH,143.2,이서윤4,53,3,13,ROUGH,138.0,5.2,True,10,False,True,False,0,False,True,False,0
이다연,5,3,13,ROUGH,143.2,김가희2,27,3,13,ROUGH,143.2,0.0,True,10,False,True,False,0,False,False,True,1
이다연,5,3,13,ROUGH,143.2,홍현지,40,3,13,ROUGH,141.2,2.0,True,10,False,True,False,0,True,True,False,0
이다연,5,3,13,ROUGH,143.2,안재희,59,3,13,ROUGH,137.8,5.4,True,10,False,True,False,0,False,True,False,0
이다연,5,3,13,ROUGH,143.2,한아름,49,3,13,ROUGH,143.5,0.3,True,10,False,True,False,0,False,False,True,1
이다연,5,3,13,ROUGH,143.2,최민경,57,3,13,ROUGH,143.1,0.1,True,10,False,True,False,0,False,True,False,-1
이다연,5,3,13,ROUGH,143.2,한진선,37,3,13,ROUGH,133.9,9.3,True,10,False,True,False,0,False,True,False,0
이다연,5,3,14,ROUGH,134.8,최민경,57,3,14,ROUGH,133.1,1.7,True,10,False,False,True,1,True,True,False,0
이다연,5,3,14,ROUGH,134.8,박민지,49,3,14,ROUGH,130.9,3.9,True,10,False,False,True,1,True,True,False,0
이다연,5,3,14,ROUGH,134.8,김우정,37,3,14,ROUGH,134.0,0.8,True,10,False,False,True,1,False,False,True,1
이다연,5,3,14,ROUGH,134.8,신다인,27,3,14,ROUGH,133.1,1.7,True,10,False,False,True,1,False,True,False,0
이다연,5,3,14,ROUGH,134.8,정윤지,27,3,14,ROUGH,141.5,6.7,True,10,False,False,True,1,True,True,False,0
이다연,5,3,15,ROUGH,173.4,김민별,40,3,15,ROUGH,176.8,3.4,True,10,True,False,True,1,False,False,True,1
이다연,5,3,15,ROUGH,173.4,이서윤4,53,3,15,ROUGH,163.7,9.7,True,10,True,False,True,1,True,True,False,0
이다연,5,3,15,ROUGH,173.4,한지원,40,3,15,ROUGH,178.9,5.5,True,10,True,False,True,1,False,True,False,0
이다연,5,3,18,ROUGH,286.4,손예빈,49,3,18,ROUGH,288.0,1.6,True,10,True,True,False,-1,False,True,False,0
이다연,5,3,18,ROUGH,286.4,고지원,53,3,18,ROUGH,284.6,1.8,True,10,True,True,False,-1,False,False,True,1
이다연,5,3,18,ROUGH,286.4,임진영,27,3,18,ROUGH,283.6,2.8,True,10,True,True,False,-1,False,True,False,0
이다연,5,3,18,ROUGH,286.4,홍현지,40,3,18,ROUGH,283.3,3.1,True,10,True,True,False,-1,False,True,False,0
이다연,5,3,18,ROUGH,286.4,최민경,57,3,18,ROUGH,279.9,6.5,True,10,True,True,False,-1,False,True,False,0
이다연,5,3,18,ROUGH,286.4,박서현,61,3,18,ROUGH,289.6,3.2,True,10,True,True,False,-1,False,True,False,0
이다연,5,3,18,ROUGH,286.4,임희정,55,3,18,ROUGH,286.9,0.5,True,10,True,True,False,-1,True,True,False,0
이다연,5,3,18,ROUGH,286.4,최은우,24,3,18,ROUGH,279.3,7.1,True,10,True,True,False,-1,False,False,True,1
이다연,5,3,18,ROUGH,286.4,안지현,27,3,18,ROUGH,283.2,3.2,True,10,True,True,False,-1,False,True,False,0
이다연,5,3,18,ROUGH,286.4,홍지원,40,3,18,ROUGH,292.0,5.6,True,10,True,True,False,-1,False,False,True,1
이다연,5,3,18,ROUGH,286.4,윤수아,37,3,18,ROUGH,294.6,8.2,True,10,True,True,False,-1,True,False,True,1
이다연,5,4,1,ROUGH,173.5,김민별,40,4,1,ROUGH,168.0,5.5,True,10,True,False,True,1,True,False,True,1
이다연,5,4,1,ROUGH,173.5,김민선7,40,4,1,ROUGH,182.9,9.4,True,10,True,False,True,1,False,False,True,1
이다연,5,4,1,ROUGH,173.5,문정민,27,4,1,ROUGH,164.9,8.6,True,10,True,False,True,1,False,False,True,1
이다연,5,4,1,ROUGH,173.5,안재희,59,4,1,ROUGH,166.2,7.3,True,10,True,False,True,1,True,True,False,0
이다연,5,4,1,ROUGH,173.5,최민경,57,4,1,ROUGH,164.8,8.7,True,10,True,False,True,1,False,False,True,1
이다연,5,4,1,ROUGH,173.5,김새로미,55,4,1,ROUGH,179.4,5.9,True,10,True,False,True,1,False,False,True,1
이다연,5,4,1,ROUGH,173.5,이승연,27,4,1,ROUGH,168.8,4.7,True,10,True,False,True,1,False,True,False,0
이다연,5,4,1,ROUGH,173.5,성유진,27,4,1,ROUGH,173.9,0.4,True,10,True,False,True,1,False,True,False,0
이다연,5,4,1,ROUGH,173.5,최은우,24,4,1,ROUGH,171.7,1.8,True,10,True,False,True,1,False,True,False,0
이다연,5,4,1,ROUGH,173.5,안지현,27,4,1,ROUGH,170.8,2.7,True,10,True,False,True,1,False,False,True,1
이다연,5,4,1,ROUGH,173.5,이율린,46,4,1,ROUGH,169.6,3.9,True,10,True,False,True,1,False,False,True,1
이다연,5,4,1,ROUGH,173.5,정윤지,27,4,1,ROUGH,181.0,7.5,True,10,True,False,True,1,False,True,False,0
이다연,5,4,3,ROUGH,182.3,이서윤4,53,4,3,ROUGH,174.9,7.4,True,10,True,False,True,1,True,True,False,0
이다연,5,4,3,ROUGH,182.3,안재희,59,4,3,ROUGH,183.2,0.9,True,10,True,False,True,1,False,False,True,2
이다연,5,4,3,ROUGH,182.3,임희정,55,4,3,ROUGH,187.1,4.8,True,10,True,False,True,1,False,False,True,1
이다연,5,4,14,ROUGH,133.7,고지원,53,4,14,ROUGH,133.9,0.2,True,10,True,True,False,0,False,True,False,0
이다연,5,4,14,ROUGH,133.7,이서윤4,53,4,14,ROUGH,130.2,3.5,True,10,True,True,False,0,True,False,True,1
이다연,5,4,14,ROUGH,133.7,홍현지,40,4,14,ROUGH,126.3,7.4,True,10,True,True,False,0,True,True,False,-1
이다연,5,4,14,ROUGH,133.7,짜라위 분짠(I),46,4,14,ROUGH,126.9,6.8,True,10,True,True,False,0,False,False,True,1
이다연,5,4,14,ROUGH,133.7,이승연,27,4,14,ROUGH,129.6,4.1,True,10,True,True,False,0,False,False,True,1
이다연,5,4,14,ROUGH,133.7,박서현,61,4,14,ROUGH,133.0,0.7,True,10,True,True,False,0,False,False,True,1
이다연,5,4,14,ROUGH,133.7,이재윤,27,4,14,ROUGH,130.0,3.7,True,10,True,True,False,0,False,False,True,1
이다연,5,4,14,ROUGH,133.7,정윤지,27,4,14,ROUGH,141.3,7.6,True,10,True,True,False,0,False,False,True,1
김소정,5,1,4,ROUGH,289.7,김민선7,40,1,4,ROUGH,288.7,1.0,True,10,False,True,False,0,True,True,False,0
김소정,5,1,4,ROUGH,289.7,김가희2,27,1,4,ROUGH,293.1,3.4,True,10,False,True,False,0,False,True,False,0
김소정,5,1,4,ROUGH,289.7,안재희,59,1,4,ROUGH,286.6,3.1,True,10,False,True,False,0,False,True,False,0
김소정,5,1,4,ROUGH,289.7,장은수,57,1,4,ROUGH,296.6,6.9,True,10,False,True,False,0,True,True,False,-1
김소정,5,1,4,ROUGH,289.7,이세희,49,1,4,ROUGH,292.2,2.5,True,10,False,True,False,0,False,False,True,1
김소정,5,1,4,ROUGH,289.7,정소이,60,1,4,ROUGH,294.3,4.6,True,10,False,True,False,0,True,True,False,0
김소정,5,1,4,ROUGH,289.7,정윤지,27,1,4,ROUGH,287.5,2.2,True,10,False,True,False,0,False,False,True,1
김소정,5,1,8,ROUGH,155.7,문정민,27,1,8,ROUGH,150.5,5.2,True,10,False,False,True,1,False,True,False,0
김소정,5,1,8,ROUGH,155.7,한아름,49,1,8,ROUGH,156.3,0.6,True,10,False,False,True,1,False,True,False,0
김소정,5,1,8,ROUGH,155.7,최예림,24,1,8,ROUGH,165.3,9.6,True,10,False,False,True,1,False,True,False,0
김소정,5,1,8,ROUGH,155.7,성유진,27,1,8,ROUGH,155.7,0.0,True,10,False,False,True,1,True,True,False,0
김소정,5,1,8,ROUGH,155.7,박서현,61,1,8,ROUGH,159.0,3.3,True,10,False,False,True,1,False,False,True,1
김소정,5,1,8,ROUGH,155.7,정윤지,27,1,8,ROUGH,162.0,6.3,True,10,False,False,True,1,False,False,True,5
김소정,5,1,9,ROUGH,117.1,손예빈,49,1,9,ROUGH,123.9,6.8,True,10,True,True,False,0,True,True,False,0
김소정,5,1,9,ROUGH,117.1,홍현지,40,1,9,ROUGH,126.5,9.4,True,10,True,True,False,0,False,False,True,1
김소정,5,1,9,ROUGH,117.1,박성현,27,1,9,ROUGH,111.7,5.4,True,10,True,True,False,0,True,True,False,0
김소정,5,1,9,ROUGH,117.1,장은수,57,1,9,ROUGH,114.2,2.9,True,10,True,True,False,0,False,True,False,0
김소정,5,1,9,ROUGH,117.1,김새로미,55,1,9,ROUGH,125.7,8.6,True,10,True,True,False,0,True,True,False,0
김소정,5,1,9,ROUGH,117.1,성유진,27,1,9,ROUGH,126.4,9.3,True,10,True,True,False,0,False,True,False,0
김소정,5,1,9,ROUGH,117.1,이세희,49,1,9,ROUGH,124.1,7.0,True,10,True,True,False,0,True,True,False,0
김소정,5,1,9,ROUGH,117.1,이재윤,27,1,9,ROUGH,123.7,6.6,True,10,True,True,False,0,False,False,True,1
김소정,5,1,10,ROUGH,313.2,고지원,53,1,10,ROUGH,308.4,4.8,True,10,True,True,False,0,False,True,False,0
김소정,5,1,10,ROUGH,313.2,김가희2,27,1,10,ROUGH,311.6,1.6,True,10,True,True,False,0,True,False,True,1
김소정,5,1,10,ROUGH,313.2,한아름,49,1,10,ROUGH,316.8,3.6,True,10,True,True,False,0,True,True,False,0
김소정,5,1,10,ROUGH,313.2,김새로미,55,1,10,ROUGH,318.3,5.1,True,10,True,True,False,0,True,True,False,0
김소정,5,1,10,ROUGH,313.2,박서현,61,1,10,ROUGH,322.6,9.4,True,10,True,True,False,0,False,True,False,0
김소정,5,1,10,ROUGH,313.2,최은우,24,1,10,ROUGH,320.3,7.1,True,10,True,True,False,0,False,True,False,0
김소정,5,1,10,ROUGH,313.2,안지현,27,1,10,ROUGH,319.3,6.1,True,10,True,True,False,0,True,False,True,1
김소정,5,1,10,ROUGH,313.2,정소이,60,1,10,ROUGH,319.1,5.9,True,10,True,True,False,0,False,False,True,1
김소정,5,1,12,ROUGH,161.1,김민선7,40,1,12,ROUGH,158.0,3.1,True,10,False,False,True,1,True,True,False,0
김소정,5,1,12,ROUGH,161.1,김하은2,40,1,12,ROUGH,155.2,5.9,True,10,False,False,True,1,False,True,False,0
김소정,5,1,12,ROUGH,161.1,윤화영,46,1,12,ROUGH,156.0,5.1,True,10,False,False,True,1,False,False,True,1
김소정,5,1,12,ROUGH,161.1,박서현,61,1,12,ROUGH,153.3,7.8,True,10,False,False,True,1,False,True,False,0
김소정,5,1,12,ROUGH,161.1,안지현,27,1,12,ROUGH,156.3,4.8,True,10,False,False,True,1,False,True,False,0
김소정,5,1,13,ROUGH,117.0,안재희,59,1,13,ROUGH,113.1,3.9,True,10,True,True,False,0,True,True,False,0
김소정,5,1,13,ROUGH,117.0,박민지,49,1,13,ROUGH,125.8,8.8,True,10,True,True,False,0,False,False,True,1
김소정,5,1,13,ROUGH,117.0,신다인,27,1,13,ROUGH,119.1,2.1,True,10,True,True,False,0,True,False,True,1
김소정,5,1,13,ROUGH,117.0,정윤지,27,1,13,ROUGH,109.2,7.8,True,10,True,True,False,0,True,True,False,0
김소정,5,1,14,ROUGH,127.3,김민별,40,1,14,ROUGH,135.7,8.4,True,10,True,False,True,1,False,True,False,0
김소정,5,1,14,ROUGH,127.3,이서윤4,53,1,14,ROUGH,123.4,3.9,True,10,True,False,True,1,False,True,False,0
김소정,5,1,14,ROUGH,127.3,최민경,57,1,14,ROUGH,132.7,5.4,True,10,True,False,True,1,False,False,True,1
김소정,5,1,14,ROUGH,127.3,최예림,24,1,14,ROUGH,131.3,4.0,True,10,True,False,True,1,True,True,False,0
김소정,5,1,14,ROUGH,127.3,안지현,27,1,14,ROUGH,127.6,0.3,True,10,True,False,True,1,True,False,True,1
김소정,5,1,14,ROUGH,127.3,한지원,40,1,14,ROUGH,132.1,4.8,True,10,True,False,True,1,True,True,False,0
김소정,5,1,14,ROUGH,127.3,윤수아,37,1,14,ROUGH,134.9,7.6,True,10,True,False,True,1,True,True,False,-1
김소정,5,2,1,ROUGH,154.6,안재희,59,2,1,ROUGH,150.0,4.6,True,10,True,True,False,0,False,False,True,1
김소정,5,2,1,ROUGH,154.6,짜라위 분짠(I),46,2,1,ROUGH,155.8,1.2,True,10,True,True,False,0,False,False,True,1
김소정,5,2,1,ROUGH,154.6,장은수,57,2,1,ROUGH,163.3,8.7,True,10,True,True,False,0,False,True,False,0
김소정,5,2,1,ROUGH,154.6,성유진,27,2,1,ROUGH,161.7,7.1,True,10,True,True,False,0,False,False,True,1
김소정,5,2,1,ROUGH,154.6,신다인,27,2,1,ROUGH,151.7,2.9,True,10,True,True,False,0,False,True,False,0
김소정,5,2,1,ROUGH,154.6,임희정,55,2,1,ROUGH,162.3,7.7,True,10,True,True,False,0,False,False,True,2
김소정,5,2,1,ROUGH,154.6,최은우,24,2,1,ROUGH,162.8,8.2,True,10,True,True,False,0,False,True,False,0
김소정,5,2,1,ROUGH,154.6,이재윤,27,2,1,ROUGH,156.5,1.9,True,10,True,True,False,0,False,True,False,0
김소정,5,2,1,ROUGH,154.6,정소이,60,2,1,ROUGH,160.7,6.1,True,10,True,True,False,0,False,False,True,1
김소정,5,2,6,ROUGH,138.0,김새로미,55,2,6,ROUGH,142.1,4.1,True,10,True,True,False,0,False,True,False,0
김소정,5,2,6,ROUGH,138.0,이율린,46,2,6,ROUGH,147.5,9.5,True,10,True,True,False,0,False,True,False,0
김소정,5,2,8,ROUGH,132.0,김민선7,40,2,8,ROUGH,127.4,4.6,True,10,False,False,True,1,False,True,False,0
김소정,5,2,8,ROUGH,132.0,문정민,27,2,8,ROUGH,123.4,8.6,True,10,False,False,True,1,False,False,True,1
김소정,5,2,8,ROUGH,132.0,홍현지,40,2,8,ROUGH,138.1,6.1,True,10,False,False,True,1,False,False,True,1
김소정,5,2,8,ROUGH,132.0,박성현,27,2,8,ROUGH,127.8,4.2,True,10,False,False,True,1,True,True,False,0
김소정,5,2,8,ROUGH,132.0,김새로미,55,2,8,ROUGH,130.6,1.4,True,10,False,False,True,1,False,False,True,1
김소정,5,2,8,ROUGH,132.0,김우정,37,2,8,ROUGH,136.9,4.9,True,10,False,False,True,1,False,False,True,1
김소정,5,2,8,ROUGH,132.0,박서현,61,2,8,ROUGH,129.7,2.3,True,10,False,False,True,1,False,True,False,0
김소정,5,2,8,ROUGH,132.0,최은우,24,2,8,ROUGH,141.2,9.2,True,10,False,False,True,1,False,True,False,0
김소정,5,2,8,ROUGH,132.0,이율린,46,2,8,ROUGH,123.9,8.1,True,10,False,False,True,1,False,False,True,1
김소정,5,2,8,ROUGH,132.0,정소이,60,2,8,ROUGH,136.8,4.8,True,10,False,False,True,1,False,False,True,2
김소정,5,2,12,ROUGH,175.8,김민별,40,2,12,ROUGH,177.0,1.2,True,10,False,True,False,0,False,True,False,0
김소정,5,2,12,ROUGH,175.8,손예빈,49,2,12,ROUGH,177.7,1.9,True,10,False,True,False,0,False,False,True,1
김소정,5,2,12,ROUGH,175.8,임진영,27,2,12,ROUGH,168.9,6.9,True,10,False,True,False,0,True,True,False,0
김소정,5,2,12,ROUGH,175.8,한아름,49,2,12,ROUGH,170.9,4.9,True,10,False,True,False,0,True,False,True,1
김소정,5,2,12,ROUGH,175.8,장은수,57,2,12,ROUGH,177.6,1.8,True,10,False,True,False,0,False,False,True,1
김소정,5,2,12,ROUGH,175.8,최민경,57,2,12,ROUGH,181.2,5.4,True,10,False,True,False,0,False,False,True,2
김소정,5,2,12,ROUGH,175.8,이승연,27,2,12,ROUGH,173.4,2.4,True,10,False,True,False,0,True,False,True,1
김소정,5,2,12,ROUGH,175.8,박서현,61,2,12,ROUGH,177.6,1.8,True,10,False,True,False,0,False,False,True,2
김소정,5,2,12,ROUGH,175.8,신다인,27,2,12,ROUGH,166.9,8.9,True,10,False,True,False,0,False,False,True,1
김소정,5,2,17,ROUGH,140.4,김민별,40,2,17,ROUGH,149.7,9.3,True,10,False,False,True,1,False,False,True,1
김소정,5,2,17,ROUGH,140.4,문정민,27,2,17,ROUGH,142.2,1.8,True,10,False,False,True,1,False,True,False,0
김소정,5,2,17,ROUGH,140.4,이서윤4,53,2,17,ROUGH,134.5,5.9,True,10,False,False,True,1,True,True,False,0
김소정,5,2,17,ROUGH,140.4,안재희,59,2,17,ROUGH,144.7,4.3,True,10,False,False,True,1,False,False,True,1
김소정,5,2,17,ROUGH,140.4,박서현,61,2,17,ROUGH,148.2,7.8,True,10,False,False,True,1,True,True,False,0
김소정,5,2,17,ROUGH,140.4,정소이,60,2,17,ROUGH,149.7,9.3,True,10,False,False,True,1,True,True,False,0
김소정,5,3,1,ROUGH,156.0,손예빈,49,3,1,ROUGH,162.9,6.9,True,10,True,True,False,0,False,False,True,1
김소정,5,3,1,ROUGH,156.0,이서윤4,53,3,1,ROUGH,163.7,7.7,True,10,True,True,False,0,False,False,True,2
김소정,5,3,1,ROUGH,156.0,김가희2,27,3,1,ROUGH,158.0,2.0,True,10,True,True,False,0,False,True,False,0
김소정,5,3,1,ROUGH,156.0,홍현지,40,3,1,ROUGH,162.2,6.2,True,10,True,True,False,0,True,True,False,0
김소정,5,3,1,ROUGH,156.0,짜라위 분짠(I),46,3,1,ROUGH,159.3,3.3,True,10,True,True,False,0,True,True,False,0
김소정,5,3,1,ROUGH,156.0,김우정,37,3,1,ROUGH,163.4,7.4,True,10,True,True,False,0,True,False,True,1
김소정,5,3,1,ROUGH,156.0,임희정,55,3,1,ROUGH,165.4,9.4,True,10,True,True,False,0,True,False,True,1
김소정,5,3,3,ROUGH,189.1,이서윤4,53,3,3,ROUGH,180.1,9.0,True,10,True,True,False,0,False,False,True,1
김소정,5,3,3,ROUGH,189.1,홍현지,40,3,3,ROUGH,193.8,4.7,True,10,True,True,False,0,True,True,False,0
김소정,5,3,3,ROUGH,189.1,장은수,57,3,3,ROUGH,196.3,7.2,True,10,True,True,False,0,False,True,False,0
김소정,5,3,3,ROUGH,189.1,최민경,57,3,3,ROUGH,195.9,6.8,True,10,True,True,False,0,False,False,True,1
김소정,5,3,3,ROUGH,189.1,이재윤,27,3,3,ROUGH,187.1,2.0,True,10,True,True,False,0,False,True,False,0
김소정,5,3,14,ROUGH,146.9,장은수,57,3,14,ROUGH,145.0,1.9,True,10,True,False,True,1,True,True,False,0
김소정,5,3,14,ROUGH,146.9,최예림,24,3,14,ROUGH,155.0,8.1,True,10,True,False,True,1,False,False,True,1
김소정,5,3,14,ROUGH,146.9,정윤지,27,3,14,ROUGH,141.5,5.4,True,10,True,False,True,1,True,True,False,0
김소정,5,3,15,ROUGH,179.3,김민별,40,3,15,ROUGH,176.8,2.5,True,10,False,False,True,1,False,False,True,1
김소정,5,3,15,ROUGH,179.3,박서현,61,3,15,ROUGH,188.2,8.9,True,10,False,False,True,1,True,False,True,1
김소정,5,3,15,ROUGH,179.3,한지원,40,3,15,ROUGH,178.9,0.4,True,10,False,False,True,1,False,True,False,0
김소정,5,3,18,ROUGH,268.0,김하은2,40,3,18,ROUGH,275.0,7.0,True,10,True,True,False,0,True,True,False,0
김소정,5,3,18,ROUGH,268.0,짜라위 분짠(I),46,3,18,ROUGH,272.3,4.3,True,10,True,True,False,0,True,True,False,-1
김소정,5,3,18,ROUGH,268.0,박성현,27,3,18,ROUGH,265.1,2.9,True,10,True,True,False,0,True,True,False,-1
김소정,5,3,18,ROUGH,268.0,박민지,49,3,18,ROUGH,276.1,8.1,True,10,True,True,False,0,True,True,False,0
김소정,5,3,18,ROUGH,268.0,이승연,27,3,18,ROUGH,266.2,1.8,True,10,True,True,False,0,True,True,False,0
김소정,5,3,18,ROUGH,268.0,신다인,27,3,18,ROUGH,266.6,1.4,True,10,True,True,False,0,False,False,True,1
김소정,5,3,18,ROUGH,268.0,이율린,46,3,18,ROUGH,273.6,5.6,True,10,True,True,False,0,True,True,False,0
김소정,5,3,18,ROUGH,268.0,정윤지,27,3,18,ROUGH,274.5,6.5,True,10,True,True,False,0,True,True,False,0
김소정,5,4,1,ROUGH,169.0,김민별,40,4,1,ROUGH,168.0,1.0,True,10,True,True,False,0,True,False,True,1
김소정,5,4,1,ROUGH,169.0,문정민,27,4,1,ROUGH,164.9,4.1,True,10,True,True,False,0,False,False,True,1
김소정,5,4,1,ROUGH,169.0,안재희,59,4,1,ROUGH,166.2,2.8,True,10,True,True,False,0,True,True,False,0
김소정,5,4,1,ROUGH,169.0,최민경,57,4,1,ROUGH,164.8,4.2,True,10,True,True,False,0,False,False,True,1
김소정,5,4,1,ROUGH,169.0,이승연,27,4,1,ROUGH,168.8,0.2,True,10,True,True,False,0,False,True,False,0
김소정,5,4,1,ROUGH,169.0,성유진,27,4,1,ROUGH,173.9,4.9,True,10,True,True,False,0,False,True,False,0
김소정,5,4,1,ROUGH,169.0,임희정,55,4,1,ROUGH,162.0,7.0,True,10,True,True,False,0,True,True,False,0
김소정,5,4,1,ROUGH,169.0,최은우,24,4,1,ROUGH,171.7,2.7,True,10,True,True,False,0,False,True,False,0
김소정,5,4,1,ROUGH,169.0,안지현,27,4,1,ROUGH,170.8,1.8,True,10,True,True,False,0,False,False,True,1
김소정,5,4,1,ROUGH,169.0,이율린,46,4,1,ROUGH,169.6,0.6,True,10,True,True,False,0,False,False,True,1
김소정,5,4,6,ROUGH,136.0,손예빈,49,4,6,ROUGH,134.7,1.3,True,10,True,True,False,0,True,True,False,0
김소정,5,4,6,ROUGH,136.0,김가희2,27,4,6,ROUGH,132.8,3.2,True,10,True,True,False,0,True,True,False,0
김소정,5,4,6,ROUGH,136.0,안재희,59,4,6,ROUGH,144.5,8.5,True,10,True,True,False,0,True,True,False,0
김소정,5,4,6,ROUGH,136.0,김새로미,55,4,6,ROUGH,141.3,5.3,True,10,True,True,False,0,True,True,False,0
김소정,5,4,6,ROUGH,136.0,김우정,37,4,6,ROUGH,132.2,3.8,True,10,True,True,False,0,True,True,False,0
김소정,5,4,6,ROUGH,136.0,이세희,49,4,6,ROUGH,145.7,9.7,True,10,True,True,False,0,False,False,True,1
김소정,5,4,6,ROUGH,136.0,정윤지,27,4,6,ROUGH,136.6,0.6,True,10,True,True,False,0,False,True,False,0
김소정,5,4,7,ROUGH,277.9,고지원,53,4,7,ROUGH,282.8,4.9,True,10,True,True,False,-1,True,True,False,0
김소정,5,4,7,ROUGH,277.9,이재윤,27,4,7,ROUGH,281.8,3.9,True,10,True,True,False,-1,True,True,False,-1
김소정,5,4,9,ROUGH,114.0,고지원,53,4,9,ROUGH,109.1,4.9,True,10,False,True,False,0,False,True,False,0
김소정,5,4,9,ROUGH,114.0,문정민,27,4,9,ROUGH,106.5,7.5,True,10,False,True,False,0,False,False,True,1
김소정,5,4,9,ROUGH,114.0,김가희2,27,4,9,ROUGH,111.0,3.0,True,10,False,True,False,0,True,True,False,0
김소정,5,4,9,ROUGH,114.0,짜라위 분짠(I),46,4,9,ROUGH,106.2,7.8,True,10,False,True,False,0,True,True,False,0
김소정,5,4,9,ROUGH,114.0,박성현,27,4,9,ROUGH,105.6,8.4,True,10,False,True,False,0,True,False,True,1
김소정,5,4,9,ROUGH,114.0,장은수,57,4,9,ROUGH,119.7,5.7,True,10,False,True,False,0,True,True,False,0
김소정,5,4,9,ROUGH,114.0,최예림,24,4,9,ROUGH,119.5,5.5,True,10,False,True,False,0,True,True,False,-1
김소정,5,4,9,ROUGH,114.0,이율린,46,4,9,ROUGH,121.6,7.6,True,10,False,True,False,0,True,True,False,0
김소정,5,4,9,ROUGH,114.0,윤수아,37,4,9,ROUGH,118.3,4.3,True,10,False,True,False,0,False,True,False,0
김소정,5,4,13,ROUGH,106.3,김우정,37,4,13,ROUGH,113.7,7.4,True,10,False,True,False,0,True,True,False,0
김소정,5,4,17,BUNKER,121.8,짜라위 분짠(I),46,4,17,BUNKER,118.3,3.5,True,10,True,True,False,0,True,True,False,0
김소정,5,4,17,BUNKER,121.8,임희정,55,4,17,BUNKER,118.6,3.2,True,10,True,True,False,0,True,True,False,0
김소정,5,4,18,ROUGH,279.9,문정민,27,4,18,ROUGH,281.9,2.0,True,10,True,True,False,-1,True,True,False,0
김소정,5,4,18,ROUGH,279.9,이서윤4,53,4,18,ROUGH,277.9,2.0,True,10,True,True,False,-1,True,True,False,0
김소정,5,4,18,ROUGH,279.9,홍현지,40,4,18,ROUGH,288.5,8.6,True,10,True,True,False,-1,True,True,False,0
김소정,5,4,18,ROUGH,279.9,안재희,59,4,18,ROUGH,280.2,0.3,True,10,True,True,False,-1,True,True,False,0
김소정,5,4,18,ROUGH,279.9,박성현,27,4,18,ROUGH,272.8,7.1,True,10,True,True,False,-1,False,True,False,0
김소정,5,4,18,ROUGH,279.9,최민경,57,4,18,ROUGH,287.1,7.2,True,10,True,True,False,-1,True,True,False,0
김소정,5,4,18,ROUGH,279.9,이승연,27,4,18,ROUGH,280.4,0.5,True,10,True,True,False,-1,True,True,False,0
김소정,5,4,18,ROUGH,279.9,최은우,24,4,18,ROUGH,285.4,5.5,True,10,True,True,False,-1,True,True,False,0
김소정,5,4,18,ROUGH,279.9,한지원,40,4,18,ROUGH,285.7,5.8,True,10,True,True,False,-1,False,True,False,0
김소정,5,4,18,ROUGH,279.9,이재윤,27,4,18,ROUGH,274.1,5.8,True,10,True,True,False,-1,True,True,False,0
김소정,5,4,18,ROUGH,279.9,이율린,46,4,18,ROUGH,278.3,1.6,True,10,True,True,False,-1,True,True,False,0
김소정,5,4,18,ROUGH,279.9,정윤지,27,4,18,ROUGH,275.8,4.1,True,10,True,True,False,-1,False,True,False,0
유해란,1,1,1,BUNKER,156.3,안지현,27,1,1,BUNKER,160.7,4.4,True,10,True,True,False,0,True,True,False,0
유해란,1,1,6,ROUGH,156.2,이서윤4,53,1,6,ROUGH,161.8,5.6,True,10,False,True,False,0,True,True,False,0
유해란,1,1,6,ROUGH,156.2,성아진,24,1,6,ROUGH,150.1,6.1,True,10,False,True,False,0,False,True,False,0
유해란,1,1,6,ROUGH,156.2,박성현,27,1,6,ROUGH,148.4,7.8,True,10,False,True,False,0,False,True,False,0
유해란,1,1,6,ROUGH,156.2,신다인,27,1,6,ROUGH,150.8,5.4,True,10,False,True,False,0,False,False,True,1
유해란,1,1,6,ROUGH,156.2,이율린,46,1,6,ROUGH,157.5,1.3,True,10,False,True,False,0,False,True,False,0
유해란,1,1,7,ROUGH,258.2,짜라위 분짠(I),46,1,7,ROUGH,262.6,4.4,True,10,True,True,False,0,False,False,True,1
유해란,1,1,7,ROUGH,258.2,박성현,27,1,7,ROUGH,261.1,2.9,True,10,True,True,False,0,True,True,False,-1
유해란,1,1,9,ROUGH,143.8,김민별,40,1,9,ROUGH,141.0,2.8,True,10,False,True,False,0,True,True,False,0
유해란,1,1,9,ROUGH,143.8,고지원,53,1,9,ROUGH,145.8,2.0,True,10,False,True,False,0,False,True,False,0
유해란,1,1,9,ROUGH,143.8,문정민,27,1,9,ROUGH,137.8,6.0,True,10,False,True,False,0,True,True,False,0
유해란,1,1,9,ROUGH,143.8,성아진,24,1,9,ROUGH,134.2,9.6,True,10,False,True,False,0,False,True,False,0
유해란,1,1,9,ROUGH,143.8,이승연,27,1,9,ROUGH,134.6,9.2,True,10,False,True,False,0,True,True,False,0
유해란,1,1,9,ROUGH,143.8,윤화영,46,1,9,ROUGH,151.9,8.1,True,10,False,True,False,0,False,True,False,0
유해란,1,1,9,ROUGH,143.8,임희정,55,1,9,ROUGH,136.6,7.2,True,10,False,True,False,0,True,True,False,0
유해란,1,1,9,ROUGH,143.8,한지원,40,1,9,ROUGH,151.4,7.6,True,10,False,True,False,0,True,True,False,0
유해란,1,1,9,ROUGH,143.8,이율린,46,1,9,ROUGH,136.0,7.8,True,10,False,True,False,0,True,True,False,0
유해란,1,1,18,ROUGH,272.3,김민선7,40,1,18,ROUGH,279.0,6.7,True,10,False,True,False,0,True,True,False,0
유해란,1,1,18,ROUGH,272.3,이서윤4,53,1,18,ROUGH,273.1,0.8,True,10,False,True,False,0,True,True,False,0
유해란,1,1,18,ROUGH,272.3,짜라위 분짠(I),46,1,18,ROUGH,274.6,2.3,True,10,False,True,False,0,True,True,False,0
유해란,1,1,18,ROUGH,272.3,박성현,27,1,18,ROUGH,279.4,7.1,True,10,False,True,False,0,True,True,False,0
유해란,1,1,18,ROUGH,272.3,김새로미,55,1,18,ROUGH,282.3,10.0,True,10,False,True,False,0,False,False,True,1
유해란,1,1,18,ROUGH,272.3,이세희,49,1,18,ROUGH,276.7,4.4,True,10,False,True,False,0,False,True,False,0
유해란,1,1,18,ROUGH,272.3,이재윤,27,1,18,ROUGH,280.6,8.3,True,10,False,True,False,0,True,True,False,0
유해란,1,1,18,ROUGH,272.3,이율린,46,1,18,ROUGH,267.7,4.6,True,10,False,True,False,0,True,True,False,0
유해란,1,2,1,BUNKER,136.2,김가희2,27,2,1,BUNKER,145.4,9.2,True,10,False,True,False,0,True,True,False,0
유해란,1,2,7,ROUGH,263.1,신다인,27,2,7,ROUGH,272.3,9.2,True,10,True,True,False,-1,True,True,False,-1
유해란,1,2,12,ROUGH,154.8,문정민,27,2,12,ROUGH,156.4,1.6,True,10,False,False,True,2,False,True,False,0
유해란,1,2,12,ROUGH,154.8,박성현,27,2,12,ROUGH,161.1,6.3,True,10,False,False,True,2,False,False,True,1
유해란,1,2,12,ROUGH,154.8,최예림,24,2,12,ROUGH,161.3,6.5,True,10,False,False,True,2,True,True,False,-1
유해란,1,2,12,ROUGH,154.8,이세희,49,2,12,ROUGH,156.5,1.7,True,10,False,False,True,2,False,True,False,0
유해란,1,2,12,ROUGH,154.8,윤수아,37,2,12,ROUGH,164.4,9.6,True,10,False,False,True,2,True,True,False,0
유해란,1,2,18,ROUGH,249.0,문정민,27,2,18,ROUGH,245.6,3.4,True,10,True,True,False,0,True,True,False,0
유해란,1,3,3,ROUGH,183.2,이서윤4,53,3,3,ROUGH,180.1,3.1,True,10,False,False,True,1,False,False,True,1
유해란,1,3,3,ROUGH,183.2,이재윤,27,3,3,ROUGH,187.1,3.9,True,10,False,False,True,1,False,True,False,0
유해란,1,3,17,BUNKER,116.8,김민별,40,3,17,BUNKER,121.0,4.2,True,10,True,True,False,-1,True,True,False,0
유해란,1,3,17,BUNKER,116.8,성아진,24,3,17,BUNKER,123.2,6.4,True,10,True,True,False,-1,False,True,False,0
유해란,1,3,17,BUNKER,116.8,신다인,27,3,17,BUNKER,115.0,1.8,True,10,True,True,False,-1,True,True,False,0
유해란,1,4,3,ROUGH,179.2,이서윤4,53,4,3,ROUGH,174.9,4.3,True,10,False,True,False,0,True,True,False,0
유해란,1,4,3,ROUGH,179.2,안재희,59,4,3,ROUGH,183.2,4.0,True,10,False,True,False,0,False,False,True,2
유해란,1,4,3,ROUGH,179.2,임희정,55,4,3,ROUGH,187.1,7.9,True,10,False,True,False,0,False,False,True,1
유해란,1,4,8,ROUGH,127.1,고지원,53,4,8,ROUGH,118.2,8.9,True,10,False,True,False,0,True,True,False,0
유해란,1,4,8,ROUGH,127.1,박성현,27,4,8,ROUGH,117.7,9.4,True,10,False,True,False,0,True,True,False,0
유해란,1,4,8,ROUGH,127.1,최민경,57,4,8,ROUGH,119.2,7.9,True,10,False,True,False,0,True,True,False,0
유해란,1,4,8,ROUGH,127.1,홍지원,40,4,8,ROUGH,136.1,9.0,True,10,False,True,False,0,True,True,False,0
유해란,1,4,8,ROUGH,127.1,정소이,60,4,8,ROUGH,134.3,7.2,True,10,False,True,False,0,False,False,True,1
유해란,1,4,8,ROUGH,127.1,정윤지,27,4,8,ROUGH,126.6,0.5,True,10,False,True,False,0,True,True,False,0
유해란,1,4,9,ROUGH,103.5,고지원,53,4,9,ROUGH,109.1,5.6,True,10,True,True,False,0,False,True,False,0
유해란,1,4,9,ROUGH,103.5,문정민,27,4,9,ROUGH,106.5,3.0,True,10,True,True,False,0,False,False,True,1
유해란,1,4,9,ROUGH,103.5,김가희2,27,4,9,ROUGH,111.0,7.5,True,10,True,True,False,0,True,True,False,0
유해란,1,4,9,ROUGH,103.5,짜라위 분짠(I),46,4,9,ROUGH,106.2,2.7,True,10,True,True,False,0,True,True,False,0
유해란,1,4,9,ROUGH,103.5,박성현,27,4,9,ROUGH,105.6,2.1,True,10,True,True,False,0,True,False,True,1
유해란,1,4,9,ROUGH,103.5,박민지,49,4,9,ROUGH,97.2,6.3,True,10,True,True,False,0,True,True,False,0
유해란,1,4,9,ROUGH,103.5,신다인,27,4,9,ROUGH,98.8,4.7,True,10,True,True,False,0,True,True,False,0
유해란,1,4,9,ROUGH,103.5,최은우,24,4,9,ROUGH,102.2,1.3,True,10,True,True,False,0,False,True,False,0
유해란,1,4,9,ROUGH,103.5,안지현,27,4,9,ROUGH,97.6,5.9,True,10,True,True,False,0,True,False,True,1
유해란,1,4,9,ROUGH,103.5,이세희,49,4,9,ROUGH,100.9,2.6,True,10,True,True,False,0,False,True,False,0
유해란,1,4,14,ROUGH,147.2,정윤지,27,4,14,ROUGH,141.3,5.9,True,10,True,False,True,1,False,False,True,1
유해란,1,4,15,ROUGH,158.3,이서윤4,53,4,15,ROUGH,150.2,8.1,True,10,True,True,False,0,False,False,True,1
유해란,1,4,15,ROUGH,158.3,성아진,24,4,15,ROUGH,160.9,2.6,True,10,True,True,False,0,False,True,False,0
유해란,1,4,15,ROUGH,158.3,박성현,27,4,15,ROUGH,166.4,8.1,True,10,True,True,False,0,False,True,False,0
유해란,1,4,15,ROUGH,158.3,최민경,57,4,15,ROUGH,164.3,6.0,True,10,True,True,False,0,True,True,False,0
유해란,1,4,15,ROUGH,158.3,김새로미,55,4,15,ROUGH,156.6,1.7,True,10,True,True,False,0,False,False,True,2
유해란,1,4,15,ROUGH,158.3,이승연,27,4,15,ROUGH,165.0,6.7,True,10,True,True,False,0,False,False,True,1
유해란,1,4,15,ROUGH,158.3,한진선,37,4,15,ROUGH,155.2,3.1,True,10,True,True,False,0,False,True,False,0
유해란,1,4,15,ROUGH,158.3,안지현,27,4,15,ROUGH,168.2,9.9,True,10,True,True,False,0,False,False,True,1
유해란,1,4,15,ROUGH,158.3,한지원,40,4,15,ROUGH,152.6,5.7,True,10,True,True,False,0,False,True,False,-1
유해란,1,4,15,ROUGH,158.3,이세희,49,4,15,ROUGH,149.3,9.0,True,10,True,True,False,0,False,True,False,0
유해란,1,4,15,ROUGH,158.3,이재윤,27,4,15,ROUGH,160.8,2.5,True,10,True,True,False,0,True,True,False,0
유해란,1,4,15,ROUGH,158.3,이율린,46,4,15,ROUGH,153.7,4.6,True,10,True,True,False,0,False,True,False,0
서어진,5,1,4,ROUGH,305.9,한아름,49,1,4,ROUGH,307.7,1.8,True,10,True,True,False,0,False,True,False,0
서어진,5,1,4,ROUGH,305.9,장은수,57,1,4,ROUGH,296.6,9.3,True,10,True,True,False,0,True,True,False,-1
서어진,5,1,4,ROUGH,305.9,김우정,37,1,4,ROUGH,301.0,4.9,True,10,True,True,False,0,False,False,True,1
서어진,5,1,4,ROUGH,305.9,신다인,27,1,4,ROUGH,302.5,3.4,True,10,True,True,False,0,True,True,False,0
서어진,5,1,4,ROUGH,305.9,한진선,37,1,4,ROUGH,303.2,2.7,True,10,True,True,False,0,True,True,False,-1
서어진,5,1,9,ROUGH,135.9,김민별,40,1,9,ROUGH,141.0,5.1,True,10,True,True,False,0,True,True,False,0
서어진,5,1,9,ROUGH,135.9,고지원,53,1,9,ROUGH,145.8,9.9,True,10,True,True,False,0,False,True,False,0
서어진,5,1,9,ROUGH,135.9,문정민,27,1,9,ROUGH,137.8,1.9,True,10,True,True,False,0,True,True,False,0
서어진,5,1,9,ROUGH,135.9,홍현지,40,1,9,ROUGH,126.5,9.4,True,10,True,True,False,0,False,False,True,1
서어진,5,1,9,ROUGH,135.9,한아름,49,1,9,ROUGH,131.2,4.7,True,10,True,True,False,0,False,True,False,0
서어진,5,1,9,ROUGH,135.9,성아진,24,1,9,ROUGH,134.2,1.7,True,10,True,True,False,0,False,True,False,0
서어진,5,1,9,ROUGH,135.9,최민경,57,1,9,ROUGH,133.3,2.6,True,10,True,True,False,0,False,True,False,0
서어진,5,1,9,ROUGH,135.9,이승연,27,1,9,ROUGH,134.6,1.3,True,10,True,True,False,0,True,True,False,0
서어진,5,1,9,ROUGH,135.9,성유진,27,1,9,ROUGH,126.4,9.5,True,10,True,True,False,0,False,True,False,0
서어진,5,1,9,ROUGH,135.9,임희정,55,1,9,ROUGH,136.6,0.7,True,10,True,True,False,0,True,True,False,0
서어진,5,1,9,ROUGH,135.9,한진선,37,1,9,ROUGH,133.0,2.9,True,10,True,True,False,0,True,True,False,0
서어진,5,1,9,ROUGH,135.9,안지현,27,1,9,ROUGH,132.8,3.1,True,10,True,True,False,0,True,True,False,0
서어진,5,1,9,ROUGH,135.9,이율린,46,1,9,ROUGH,136.0,0.1,True,10,True,True,False,0,True,True,False,0
서어진,5,1,13,ROUGH,121.9,안재희,59,1,13,ROUGH,113.1,8.8,True,10,False,True,False,0,True,True,False,0
서어진,5,1,13,ROUGH,121.9,박민지,49,1,13,ROUGH,125.8,3.9,True,10,False,True,False,0,False,False,True,1
서어진,5,1,13,ROUGH,121.9,신다인,27,1,13,ROUGH,119.1,2.8,True,10,False,True,False,0,True,False,True,1
서어진,5,1,15,ROUGH,173.3,김민별,40,1,15,ROUGH,174.6,1.3,True,10,False,True,False,0,False,True,False,0
서어진,5,1,15,ROUGH,173.3,한지원,40,1,15,ROUGH,166.4,6.9,True,10,False,True,False,0,False,False,True,1
서어진,5,1,15,ROUGH,173.3,이세희,49,1,15,ROUGH,169.5,3.8,True,10,False,True,False,0,False,False,True,1
서어진,5,2,1,ROUGH,166.5,김민별,40,2,1,ROUGH,167.7,1.2,True,10,False,True,False,0,False,False,True,1
서어진,5,2,1,ROUGH,166.5,김하은2,40,2,1,ROUGH,173.1,6.6,True,10,False,True,False,0,False,True,False,0
서어진,5,2,1,ROUGH,166.5,장은수,57,2,1,ROUGH,163.3,3.2,True,10,False,True,False,0,False,True,False,0
서어진,5,2,1,ROUGH,166.5,김새로미,55,2,1,ROUGH,171.7,5.2,True,10,False,True,False,0,False,True,False,0
서어진,5,2,1,ROUGH,166.5,성유진,27,2,1,ROUGH,161.7,4.8,True,10,False,True,False,0,False,False,True,1
서어진,5,2,1,ROUGH,166.5,윤화영,46,2,1,ROUGH,167.2,0.7,True,10,False,True,False,0,True,False,True,1
서어진,5,2,1,ROUGH,166.5,임희정,55,2,1,ROUGH,162.3,4.2,True,10,False,True,False,0,False,False,True,2
서어진,5,2,1,ROUGH,166.5,최은우,24,2,1,ROUGH,162.8,3.7,True,10,False,True,False,0,False,True,False,0
서어진,5,2,1,ROUGH,166.5,한진선,37,2,1,ROUGH,172.0,5.5,True,10,False,True,False,0,False,False,True,1
서어진,5,2,1,ROUGH,166.5,이재윤,27,2,1,ROUGH,156.5,10.0,True,10,False,True,False,0,False,True,False,0
서어진,5,2,1,ROUGH,166.5,정소이,60,2,1,ROUGH,160.7,5.8,True,10,False,True,False,0,False,False,True,1
서어진,5,2,3,ROUGH,196.3,김우정,37,2,3,ROUGH,202.8,6.5,True,10,False,True,False,-1,False,True,False,0
서어진,5,2,3,ROUGH,196.3,이승연,27,2,3,ROUGH,190.3,6.0,True,10,False,True,False,-1,False,True,False,0
서어진,5,2,3,ROUGH,196.3,정윤지,27,2,3,ROUGH,190.4,5.9,True,10,False,True,False,-1,False,False,True,1
서어진,5,2,7,ROUGH,292.4,고지원,53,2,7,ROUGH,287.3,5.1,True,10,True,True,False,-1,True,False,True,1
서어진,5,2,7,ROUGH,292.4,최민경,57,2,7,ROUGH,298.0,5.6,True,10,True,True,False,-1,True,True,False,0
서어진,5,2,7,ROUGH,292.4,이승연,27,2,7,ROUGH,283.4,9.0,True,10,True,True,False,-1,True,True,False,-1
서어진,5,2,7,ROUGH,292.4,안지현,27,2,7,ROUGH,294.4,2.0,True,10,True,True,False,-1,True,True,False,0
서어진,5,2,9,ROUGH,130.3,임진영,27,2,9,ROUGH,121.8,8.5,True,10,True,True,False,0,True,True,False,0
서어진,5,2,9,ROUGH,130.3,이서윤4,53,2,9,ROUGH,139.3,9.0,True,10,True,True,False,0,False,True,False,0
서어진,5,2,9,ROUGH,130.3,안재희,59,2,9,ROUGH,121.2,9.1,True,10,True,True,False,0,False,False,True,1
서어진,5,2,9,ROUGH,130.3,성아진,24,2,9,ROUGH,125.2,5.1,True,10,True,True,False,0,False,False,True,1
서어진,5,2,9,ROUGH,130.3,장은수,57,2,9,ROUGH,128.4,1.9,True,10,True,True,False,0,False,False,True,1
서어진,5,2,9,ROUGH,130.3,최민경,57,2,9,ROUGH,134.8,4.5,True,10,True,True,False,0,True,True,False,-1
서어진,5,2,9,ROUGH,130.3,최예림,24,2,9,ROUGH,136.6,6.3,True,10,True,True,False,0,False,False,True,1
서어진,5,2,9,ROUGH,130.3,박서현,61,2,9,ROUGH,135.3,5.0,True,10,True,True,False,0,True,True,False,0
서어진,5,2,9,ROUGH,130.3,임희정,55,2,9,ROUGH,135.6,5.3,True,10,True,True,False,0,True,True,False,0
서어진,5,2,9,ROUGH,130.3,한진선,37,2,9,ROUGH,120.7,9.6,True,10,True,True,False,0,True,True,False,0
서어진,5,2,9,ROUGH,130.3,한지원,40,2,9,ROUGH,136.2,5.9,True,10,True,True,False,0,False,True,False,0
서어진,5,2,10,ROUGH,341.6,장은수,57,2,10,ROUGH,339.6,2.0,True,10,False,False,True,1,False,True,False,0
서어진,5,2,10,ROUGH,341.6,최민경,57,2,10,ROUGH,348.9,7.3,True,10,False,False,True,1,True,True,False,0
서어진,5,2,10,ROUGH,341.6,김우정,37,2,10,ROUGH,334.6,7.0,True,10,False,False,True,1,True,True,False,0
서어진,5,2,10,ROUGH,341.6,홍지원,40,2,10,ROUGH,333.3,8.3,True,10,False,False,True,1,True,True,False,0
서어진,5,2,14,ROUGH,146.0,김민선7,40,2,14,ROUGH,146.2,0.2,True,10,True,True,False,0,True,True,False,0
서어진,5,2,14,ROUGH,146.0,문정민,27,2,14,ROUGH,145.5,0.5,True,10,True,True,False,0,False,False,True,2
서어진,5,2,14,ROUGH,146.0,이서윤4,53,2,14,ROUGH,148.1,2.1,True,10,True,True,False,0,False,True,False,0
서어진,5,2,14,ROUGH,146.0,김가희2,27,2,14,ROUGH,146.3,0.3,True,10,True,True,False,0,False,False,True,1
서어진,5,2,14,ROUGH,146.0,안재희,59,2,14,ROUGH,151.1,5.1,True,10,True,True,False,0,False,True,False,0
서어진,5,2,14,ROUGH,146.0,짜라위 분짠(I),46,2,14,ROUGH,145.6,0.4,True,10,True,True,False,0,False,False,True,1
서어진,5,2,14,ROUGH,146.0,박민지,49,2,14,ROUGH,147.2,1.2,True,10,True,True,False,0,True,True,False,0
서어진,5,2,18,ROUGH,287.9,김민별,40,2,18,ROUGH,282.3,5.6,True,10,False,False,True,1,True,True,False,0
서어진,5,2,18,ROUGH,287.9,한아름,49,2,18,ROUGH,285.0,2.9,True,10,False,False,True,1,False,False,True,1
서어진,5,2,18,ROUGH,287.9,장은수,57,2,18,ROUGH,286.1,1.8,True,10,False,False,True,1,False,False,True,1
서어진,5,2,18,ROUGH,287.9,최민경,57,2,18,ROUGH,279.5,8.4,True,10,False,False,True,1,False,False,True,2
서어진,5,2,18,ROUGH,287.9,최은우,24,2,18,ROUGH,296.7,8.8,True,10,False,False,True,1,True,False,True,1
서어진,5,2,18,ROUGH,287.9,이세희,49,2,18,ROUGH,281.5,6.4,True,10,False,False,True,1,True,True,False,-1
서어진,5,3,8,ROUGH,134.8,짜라위 분짠(I),46,3,8,ROUGH,131.7,3.1,True,10,True,True,False,0,False,False,True,1
서어진,5,3,8,ROUGH,134.8,최민경,57,3,8,ROUGH,130.0,4.8,True,10,True,True,False,0,False,False,True,1
서어진,5,3,8,ROUGH,134.8,김새로미,55,3,8,ROUGH,136.0,1.2,True,10,True,True,False,0,False,False,True,1
서어진,5,3,8,ROUGH,134.8,김우정,37,3,8,ROUGH,128.5,6.3,True,10,True,True,False,0,True,True,False,0
서어진,5,3,8,ROUGH,134.8,임희정,55,3,8,ROUGH,124.9,9.9,True,10,True,True,False,0,False,False,True,1
서어진,5,3,8,ROUGH,134.8,이율린,46,3,8,ROUGH,136.7,1.9,True,10,True,True,False,0,False,False,True,2
서어진,5,3,10,ROUGH,308.6,김민별,40,3,10,ROUGH,313.4,4.8,True,10,False,True,False,0,False,True,False,0
서어진,5,3,10,ROUGH,308.6,손예빈,49,3,10,ROUGH,308.9,0.3,True,10,False,True,False,0,True,False,True,1
서어진,5,3,10,ROUGH,308.6,이서윤4,53,3,10,ROUGH,303.8,4.8,True,10,False,True,False,0,True,True,False,0
서어진,5,3,10,ROUGH,308.6,최민경,57,3,10,ROUGH,318.0,9.4,True,10,False,True,False,0,True,True,False,-1
서어진,5,3,10,ROUGH,308.6,최예림,24,3,10,ROUGH,306.1,2.5,True,10,False,True,False,0,False,True,False,0
서어진,5,3,10,ROUGH,308.6,이승연,27,3,10,ROUGH,301.2,7.4,True,10,False,True,False,0,False,False,True,1
서어진,5,3,10,ROUGH,308.6,성유진,27,3,10,ROUGH,315.9,7.3,True,10,False,True,False,0,False,False,True,1
서어진,5,3,10,ROUGH,308.6,한진선,37,3,10,ROUGH,316.8,8.2,True,10,False,True,False,0,True,True,False,0
서어진,5,3,10,ROUGH,308.6,이재윤,27,3,10,ROUGH,311.2,2.6,True,10,False,True,False,0,True,False,True,1
서어진,5,3,10,ROUGH,308.6,이율린,46,3,10,ROUGH,313.2,4.6,True,10,False,True,False,0,True,True,False,0
서어진,5,4,3,ROUGH,196.8,손예빈,49,4,3,ROUGH,192.7,4.1,True,10,False,True,False,0,True,True,False,0
서어진,5,4,3,ROUGH,196.8,임희정,55,4,3,ROUGH,187.1,9.7,True,10,False,True,False,0,False,False,True,1
서어진,5,4,3,ROUGH,196.8,최은우,24,4,3,ROUGH,198.2,1.4,True,10,False,True,False,0,False,False,True,1
서어진,5,4,12,ROUGH,163.8,임진영,27,4,12,ROUGH,157.6,6.2,True,10,False,True,False,0,True,True,False,0
서어진,5,4,12,ROUGH,163.8,이승연,27,4,12,ROUGH,154.4,9.4,True,10,False,True,False,0,False,False,True,1
서어진,5,4,12,ROUGH,163.8,임희정,55,4,12,ROUGH,153.8,10.0,True,10,False,True,False,0,True,True,False,0
서어진,5,4,12,ROUGH,163.8,한진선,37,4,12,ROUGH,155.3,8.5,True,10,False,True,False,0,False,False,True,1
서어진,5,4,14,ROUGH,139.5,고지원,53,4,14,ROUGH,133.9,5.6,True,10,True,True,False,-1,False,True,False,0
서어진,5,4,14,ROUGH,139.5,이서윤4,53,4,14,ROUGH,130.2,9.3,True,10,True,True,False,-1,True,False,True,1
서어진,5,4,14,ROUGH,139.5,이승연,27,4,14,ROUGH,129.6,9.9,True,10,True,True,False,-1,False,False,True,1
서어진,5,4,14,ROUGH,139.5,박서현,61,4,14,ROUGH,133.0,6.5,True,10,True,True,False,-1,False,False,True,1
서어진,5,4,14,ROUGH,139.5,이재윤,27,4,14,ROUGH,130.0,9.5,True,10,True,True,False,-1,False,False,True,1
서어진,5,4,14,ROUGH,139.5,정윤지,27,4,14,ROUGH,141.3,1.8,True,10,True,True,False,-1,False,False,True,1
서어진,5,4,15,ROUGH,210.3,최은우,24,4,15,ROUGH,208.8,1.5,True,10,False,False,True,2,False,False,True,1
서어진,5,4,15,ROUGH,210.3,정소이,60,4,15,ROUGH,214.9,4.6,True,10,False,False,True,2,False,False,True,1
이지현3,4,1,6,ROUGH,178.3,임진영,27,1,6,ROUGH,182.2,3.9,True,10,False,True,False,0,False,True,False,0
이지현3,4,1,6,ROUGH,178.3,최민경,57,1,6,ROUGH,182.9,4.6,True,10,False,True,False,0,True,True,False,0
이지현3,4,1,6,ROUGH,178.3,이승연,27,1,6,ROUGH,169.0,9.3,True,10,False,True,False,0,True,True,False,0
이지현3,4,1,6,ROUGH,178.3,윤화영,46,1,6,ROUGH,186.1,7.8,True,10,False,True,False,0,False,False,True,1
이지현3,4,1,6,ROUGH,178.3,임희정,55,1,6,ROUGH,174.7,3.6,True,10,False,True,False,0,True,True,False,0
이지현3,4,1,6,ROUGH,178.3,한진선,37,1,6,ROUGH,187.9,9.6,True,10,False,True,False,0,False,False,True,1
이지현3,4,1,6,ROUGH,178.3,안지현,27,1,6,ROUGH,168.7,9.6,True,10,False,True,False,0,False,True,False,0
이지현3,4,1,7,ROUGH,274.0,김민별,40,1,7,ROUGH,270.8,3.2,True,10,True,True,False,0,True,True,False,0
이지현3,4,1,7,ROUGH,274.0,임진영,27,1,7,ROUGH,279.3,5.3,True,10,True,True,False,0,True,True,False,0
이지현3,4,1,7,ROUGH,274.0,홍지원,40,1,7,ROUGH,283.6,9.6,True,10,True,True,False,0,True,True,False,0
이지현3,4,1,8,ROUGH,154.6,문정민,27,1,8,ROUGH,150.5,4.1,True,10,False,True,False,0,False,True,False,0
이지현3,4,1,8,ROUGH,154.6,한아름,49,1,8,ROUGH,156.3,1.7,True,10,False,True,False,0,False,True,False,0
이지현3,4,1,8,ROUGH,154.6,박민지,49,1,8,ROUGH,145.0,9.6,True,10,False,True,False,0,False,True,False,0
이지현3,4,1,8,ROUGH,154.6,성유진,27,1,8,ROUGH,155.7,1.1,True,10,False,True,False,0,True,True,False,0
이지현3,4,1,8,ROUGH,154.6,박서현,61,1,8,ROUGH,159.0,4.4,True,10,False,True,False,0,False,False,True,1
이지현3,4,1,8,ROUGH,154.6,정윤지,27,1,8,ROUGH,162.0,7.4,True,10,False,True,False,0,False,False,True,5
이지현3,4,1,10,ROUGH,310.4,고지원,53,1,10,ROUGH,308.4,2.0,True,10,False,True,False,0,False,True,False,0
이지현3,4,1,10,ROUGH,310.4,김가희2,27,1,10,ROUGH,311.6,1.2,True,10,False,True,False,0,True,False,True,1
이지현3,4,1,10,ROUGH,310.4,한아름,49,1,10,ROUGH,316.8,6.4,True,10,False,True,False,0,True,True,False,0
이지현3,4,1,10,ROUGH,310.4,김새로미,55,1,10,ROUGH,318.3,7.9,True,10,False,True,False,0,True,True,False,0
이지현3,4,1,10,ROUGH,310.4,최은우,24,1,10,ROUGH,320.3,9.9,True,10,False,True,False,0,False,True,False,0
이지현3,4,1,10,ROUGH,310.4,안지현,27,1,10,ROUGH,319.3,8.9,True,10,False,True,False,0,True,False,True,1
이지현3,4,1,10,ROUGH,310.4,정소이,60,1,10,ROUGH,319.1,8.7,True,10,False,True,False,0,False,False,True,1
이지현3,4,2,6,ROUGH,156.4,손예빈,49,2,6,ROUGH,157.6,1.2,True,10,False,True,False,0,False,True,False,0
이지현3,4,2,6,ROUGH,156.4,이서윤4,53,2,6,ROUGH,149.0,7.4,True,10,False,True,False,0,False,False,True,1
이지현3,4,2,6,ROUGH,156.4,김하은2,40,2,6,ROUGH,164.4,8.0,True,10,False,True,False,0,True,True,False,0
이지현3,4,2,6,ROUGH,156.4,한진선,37,2,6,ROUGH,164.5,8.1,True,10,False,True,False,0,False,True,False,0
이지현3,4,2,6,ROUGH,156.4,한지원,40,2,6,ROUGH,165.4,9.0,True,10,False,True,False,0,False,True,False,0
이지현3,4,2,6,ROUGH,156.4,홍지원,40,2,6,ROUGH,159.5,3.1,True,10,False,True,False,0,False,False,True,1
이지현3,4,2,6,ROUGH,156.4,이재윤,27,2,6,ROUGH,153.5,2.9,True,10,False,True,False,0,False,True,False,0
이지현3,4,2,6,ROUGH,156.4,이율린,46,2,6,ROUGH,147.5,8.9,True,10,False,True,False,0,False,True,False,0
이지현3,4,2,6,ROUGH,156.4,정소이,60,2,6,ROUGH,161.5,5.1,True,10,False,True,False,0,False,False,True,1
이지현3,4,2,6,ROUGH,156.4,윤수아,37,2,6,ROUGH,157.0,0.6,True,10,False,True,False,0,False,True,False,0
이지현3,4,2,8,ROUGH,143.7,홍현지,40,2,8,ROUGH,138.1,5.6,True,10,True,True,False,0,False,False,True,1
이지현3,4,2,8,ROUGH,143.7,한아름,49,2,8,ROUGH,151.5,7.8,True,10,True,True,False,0,True,True,False,-1
이지현3,4,2,8,ROUGH,143.7,최민경,57,2,8,ROUGH,147.8,4.1,True,10,True,True,False,0,False,False,True,1
이지현3,4,2,8,ROUGH,143.7,김우정,37,2,8,ROUGH,136.9,6.8,True,10,True,True,False,0,False,False,True,1
이지현3,4,2,8,ROUGH,143.7,임희정,55,2,8,ROUGH,142.1,1.6,True,10,True,True,False,0,False,True,False,-1
이지현3,4,2,8,ROUGH,143.7,최은우,24,2,8,ROUGH,141.2,2.5,True,10,True,True,False,0,False,True,False,0
이지현3,4,2,8,ROUGH,143.7,정소이,60,2,8,ROUGH,136.8,6.9,True,10,True,True,False,0,False,False,True,2
이지현3,4,2,18,ROUGH,279.9,김민별,40,2,18,ROUGH,282.3,2.4,True,10,False,False,True,1,True,True,False,0
이지현3,4,2,18,ROUGH,279.9,홍현지,40,2,18,ROUGH,270.8,9.1,True,10,False,False,True,1,True,True,False,0
이지현3,4,2,18,ROUGH,279.9,한아름,49,2,18,ROUGH,285.0,5.1,True,10,False,False,True,1,False,False,True,1
이지현3,4,2,18,ROUGH,279.9,장은수,57,2,18,ROUGH,286.1,6.2,True,10,False,False,True,1,False,False,True,1
이지현3,4,2,18,ROUGH,279.9,최민경,57,2,18,ROUGH,279.5,0.4,True,10,False,False,True,1,False,False,True,2
이지현3,4,2,18,ROUGH,279.9,박민지,49,2,18,ROUGH,276.8,3.1,True,10,False,False,True,1,True,True,False,0
이지현3,4,2,18,ROUGH,279.9,박서현,61,2,18,ROUGH,273.4,6.5,True,10,False,False,True,1,True,True,False,0
이지현3,4,2,18,ROUGH,279.9,이세희,49,2,18,ROUGH,281.5,1.6,True,10,False,False,True,1,True,True,False,-1
이지현3,4,3,10,ROUGH,322.5,김민별,40,3,10,ROUGH,313.4,9.1,True,10,True,True,False,-1,False,True,False,0
이지현3,4,3,10,ROUGH,322.5,임진영,27,3,10,ROUGH,324.2,1.7,True,10,True,True,False,-1,True,True,False,0
이지현3,4,3,10,ROUGH,322.5,한아름,49,3,10,ROUGH,319.2,3.3,True,10,True,True,False,-1,True,True,False,0
이지현3,4,3,10,ROUGH,322.5,최민경,57,3,10,ROUGH,318.0,4.5,True,10,True,True,False,-1,True,True,False,-1
이지현3,4,3,10,ROUGH,322.5,성유진,27,3,10,ROUGH,315.9,6.6,True,10,True,True,False,-1,False,False,True,1
이지현3,4,3,10,ROUGH,322.5,윤화영,46,3,10,ROUGH,328.8,6.3,True,10,True,True,False,-1,False,True,False,-1
이지현3,4,3,10,ROUGH,322.5,박서현,61,3,10,ROUGH,320.9,1.6,True,10,True,True,False,-1,True,False,True,1
이지현3,4,3,10,ROUGH,322.5,임희정,55,3,10,ROUGH,318.9,3.6,True,10,True,True,False,-1,False,True,False,0
이지현3,4,3,10,ROUGH,322.5,한진선,37,3,10,ROUGH,316.8,5.7,True,10,True,True,False,-1,True,True,False,0
이지현3,4,3,10,ROUGH,322.5,안지현,27,3,10,ROUGH,318.9,3.6,True,10,True,True,False,-1,True,True,False,-1
이지현3,4,3,10,ROUGH,322.5,이세희,49,3,10,ROUGH,323.4,0.9,True,10,True,True,False,-1,True,True,False,0
이지현3,4,3,10,ROUGH,322.5,이율린,46,3,10,ROUGH,313.2,9.3,True,10,True,True,False,-1,True,True,False,0
이지현3,4,3,12,ROUGH,163.8,짜라위 분짠(I),46,3,12,ROUGH,171.0,7.2,True,10,True,True,False,-1,False,False,True,4
이지현3,4,3,12,ROUGH,163.8,장은수,57,3,12,ROUGH,156.0,7.8,True,10,True,True,False,-1,False,True,False,0
이지현3,4,3,12,ROUGH,163.8,김새로미,55,3,12,ROUGH,163.0,0.8,True,10,True,True,False,-1,False,False,True,1
이지현3,4,3,12,ROUGH,163.8,박서현,61,3,12,ROUGH,162.7,1.1,True,10,True,True,False,-1,True,True,False,0
이지현3,4,3,12,ROUGH,163.8,한진선,37,3,12,ROUGH,165.1,1.3,True,10,True,True,False,-1,False,True,False,0
이지현3,4,3,12,ROUGH,163.8,한지원,40,3,12,ROUGH,156.3,7.5,True,10,True,True,False,-1,False,True,False,0
이지현3,4,3,12,ROUGH,163.8,윤수아,37,3,12,ROUGH,165.0,1.2,True,10,True,True,False,-1,True,True,False,0
이지현3,4,3,15,ROUGH,190.1,손예빈,49,3,15,ROUGH,190.9,0.8,True,10,False,True,False,0,False,False,True,1
이지현3,4,3,15,ROUGH,190.1,홍현지,40,3,15,ROUGH,197.0,6.9,True,10,False,True,False,0,True,True,False,-1
이지현3,4,3,15,ROUGH,190.1,최예림,24,3,15,ROUGH,196.7,6.6,True,10,False,True,False,0,False,False,True,1
이지현3,4,3,15,ROUGH,190.1,박서현,61,3,15,ROUGH,188.2,1.9,True,10,False,True,False,0,True,False,True,1
이지현3,4,3,15,ROUGH,190.1,이율린,46,3,15,ROUGH,197.3,7.2,True,10,False,True,False,0,False,True,False,0
이지현3,4,3,15,ROUGH,190.1,정소이,60,3,15,ROUGH,191.3,1.2,True,10,False,True,False,0,True,True,False,0
이지현3,4,4,1,ROUGH,179.3,김민선7,40,4,1,ROUGH,182.9,3.6,True,10,True,True,False,0,False,False,True,1
이지현3,4,4,1,ROUGH,179.3,김새로미,55,4,1,ROUGH,179.4,0.1,True,10,True,True,False,0,False,False,True,1
이지현3,4,4,1,ROUGH,179.3,성유진,27,4,1,ROUGH,173.9,5.4,True,10,True,True,False,0,False,True,False,0
이지현3,4,4,1,ROUGH,179.3,최은우,24,4,1,ROUGH,171.7,7.6,True,10,True,True,False,0,False,True,False,0
이지현3,4,4,1,ROUGH,179.3,안지현,27,4,1,ROUGH,170.8,8.5,True,10,True,True,False,0,False,False,True,1
이지현3,4,4,1,ROUGH,179.3,한지원,40,4,1,ROUGH,184.9,5.6,True,10,True,True,False,0,False,True,False,0
이지현3,4,4,1,ROUGH,179.3,이율린,46,4,1,ROUGH,169.6,9.7,True,10,True,True,False,0,False,False,True,1
이지현3,4,4,1,ROUGH,179.3,정윤지,27,4,1,ROUGH,181.0,1.7,True,10,True,True,False,0,False,True,False,0
이지현3,4,4,7,ROUGH,308.6,임진영,27,4,7,ROUGH,307.3,1.3,True,10,True,True,False,0,True,True,False,0
이지현3,4,4,7,ROUGH,308.6,최민경,57,4,7,ROUGH,309.4,0.8,True,10,True,True,False,0,True,True,False,0
이지현3,4,4,7,ROUGH,308.6,최예림,24,4,7,ROUGH,303.5,5.1,True,10,True,True,False,0,True,True,False,-1
이지현3,4,4,7,ROUGH,308.6,윤화영,46,4,7,ROUGH,314.3,5.7,True,10,True,True,False,0,True,True,False,0
이지현3,4,4,7,ROUGH,308.6,안지현,27,4,7,ROUGH,302.6,6.0,True,10,True,True,False,0,True,True,False,-1
이지현3,4,4,7,ROUGH,308.6,이율린,46,4,7,ROUGH,312.2,3.6,True,10,True,True,False,0,False,False,True,1
이지현3,4,4,9,ROUGH,116.9,고지원,53,4,9,ROUGH,109.1,7.8,True,10,True,True,False,0,False,True,False,0
이지현3,4,4,9,ROUGH,116.9,김가희2,27,4,9,ROUGH,111.0,5.9,True,10,True,True,False,0,True,True,False,0
이지현3,4,4,9,ROUGH,116.9,장은수,57,4,9,ROUGH,119.7,2.8,True,10,True,True,False,0,True,True,False,0
이지현3,4,4,9,ROUGH,116.9,최예림,24,4,9,ROUGH,119.5,2.6,True,10,True,True,False,0,True,True,False,-1
이지현3,4,4,9,ROUGH,116.9,한지원,40,4,9,ROUGH,126.1,9.2,True,10,True,True,False,0,True,True,False,-1
이지현3,4,4,9,ROUGH,116.9,이율린,46,4,9,ROUGH,121.6,4.7,True,10,True,True,False,0,True,True,False,0
이지현3,4,4,9,ROUGH,116.9,윤수아,37,4,9,ROUGH,118.3,1.4,True,10,True,True,False,0,False,True,False,0
이지현3,4,4,13,ROUGH,104.0,김우정,37,4,13,ROUGH,113.7,9.7,True,10,False,False,True,1,True,True,False,0
이지현3,4,4,14,ROUGH,130.2,고지원,53,4,14,ROUGH,133.9,3.7,True,10,True,True,False,0,False,True,False,0
이지현3,4,4,14,ROUGH,130.2,이서윤4,53,4,14,ROUGH,130.2,0.0,True,10,True,True,False,0,True,False,True,1
이지현3,4,4,14,ROUGH,130.2,홍현지,40,4,14,ROUGH,126.3,3.9,True,10,True,True,False,0,True,True,False,-1
이지현3,4,4,14,ROUGH,130.2,짜라위 분짠(I),46,4,14,ROUGH,126.9,3.3,True,10,True,True,False,0,False,False,True,1
이지현3,4,4,14,ROUGH,130.2,이승연,27,4,14,ROUGH,129.6,0.6,True,10,True,True,False,0,False,False,True,1
이지현3,4,4,14,ROUGH,130.2,박서현,61,4,14,ROUGH,133.0,2.8,True,10,True,True,False,0,False,False,True,1
이지현3,4,4,14,ROUGH,130.2,이재윤,27,4,14,ROUGH,130.0,0.2,True,10,True,True,False,0,False,False,True,1
이지현3,4,4,14,ROUGH,130.2,이율린,46,4,14,ROUGH,123.2,7.0,True,10,True,True,False,0,True,True,False,-1
이예원,9,1,4,ROUGH,296.8,김민선7,40,1,4,ROUGH,288.7,8.1,True,10,False,True,False,0,True,True,False,0
이예원,9,1,4,ROUGH,296.8,김가희2,27,1,4,ROUGH,293.1,3.7,True,10,False,True,False,0,False,True,False,0
이예원,9,1,4,ROUGH,296.8,장은수,57,1,4,ROUGH,296.6,0.2,True,10,False,True,False,0,True,True,False,-1
이예원,9,1,4,ROUGH,296.8,김우정,37,1,4,ROUGH,301.0,4.2,True,10,False,True,False,0,False,False,True,1
이예원,9,1,4,ROUGH,296.8,신다인,27,1,4,ROUGH,302.5,5.7,True,10,False,True,False,0,True,True,False,0
이예원,9,1,4,ROUGH,296.8,한진선,37,1,4,ROUGH,303.2,6.4,True,10,False,True,False,0,True,True,False,-1
이예원,9,1,4,ROUGH,296.8,이세희,49,1,4,ROUGH,292.2,4.6,True,10,False,True,False,0,False,False,True,1
이예원,9,1,4,ROUGH,296.8,정소이,60,1,4,ROUGH,294.3,2.5,True,10,False,True,False,0,True,True,False,0
이예원,9,1,4,ROUGH,296.8,정윤지,27,1,4,ROUGH,287.5,9.3,True,10,False,True,False,0,False,False,True,1
이예원,9,1,6,ROUGH,166.5,김민별,40,1,6,ROUGH,167.9,1.4,True,10,True,True,False,-1,False,True,False,0
이예원,9,1,6,ROUGH,166.5,이서윤4,53,1,6,ROUGH,161.8,4.7,True,10,True,True,False,-1,True,True,False,0
이예원,9,1,6,ROUGH,166.5,이승연,27,1,6,ROUGH,169.0,2.5,True,10,True,True,False,-1,True,True,False,0
이예원,9,1,6,ROUGH,166.5,임희정,55,1,6,ROUGH,174.7,8.2,True,10,True,True,False,-1,True,True,False,0
이예원,9,1,6,ROUGH,166.5,안지현,27,1,6,ROUGH,168.7,2.2,True,10,True,True,False,-1,False,True,False,0
이예원,9,1,6,ROUGH,166.5,이율린,46,1,6,ROUGH,157.5,9.0,True,10,True,True,False,-1,False,True,False,0
이예원,9,1,8,ROUGH,127.1,손예빈,49,1,8,ROUGH,128.0,0.9,True,10,True,True,False,0,False,True,False,0
이예원,9,1,8,ROUGH,127.1,이율린,46,1,8,ROUGH,133.9,6.8,True,10,True,True,False,0,False,True,False,0
이예원,9,1,15,ROUGH,142.6,고지원,53,1,15,ROUGH,141.1,1.5,True,10,False,True,False,0,True,False,True,1
이예원,9,1,15,ROUGH,142.6,짜라위 분짠(I),46,1,15,ROUGH,147.0,4.4,True,10,False,True,False,0,False,True,False,0
이예원,9,1,15,ROUGH,142.6,박성현,27,1,15,ROUGH,145.7,3.1,True,10,False,True,False,0,False,True,False,0
이예원,9,1,15,ROUGH,142.6,신다인,27,1,15,ROUGH,150.9,8.3,True,10,False,True,False,0,False,True,False,0
이예원,9,1,15,ROUGH,142.6,홍지원,40,1,15,ROUGH,147.6,5.0,True,10,False,True,False,0,False,False,True,1
이예원,9,1,15,ROUGH,142.6,이재윤,27,1,15,ROUGH,150.2,7.6,True,10,False,True,False,0,False,False,True,1
이예원,9,2,13,BUNKER,73.7,이서윤4,53,2,13,BUNKER,78.7,5.0,True,10,True,True,False,0,False,False,True,1
이예원,9,2,15,ROUGH,151.8,손예빈,49,2,15,ROUGH,156.2,4.4,True,10,False,True,False,0,False,True,False,-1
이예원,9,2,15,ROUGH,151.8,이서윤4,53,2,15,ROUGH,157.2,5.4,True,10,False,True,False,0,False,True,False,-1
이예원,9,2,15,ROUGH,151.8,한아름,49,2,15,ROUGH,161.0,9.2,True,10,False,True,False,0,False,True,False,0
이예원,9,2,15,ROUGH,151.8,박성현,27,2,15,ROUGH,147.4,4.4,True,10,False,True,False,0,True,True,False,0
이예원,9,2,15,ROUGH,151.8,최민경,57,2,15,ROUGH,157.0,5.2,True,10,False,True,False,0,False,True,False,0
이예원,9,2,15,ROUGH,151.8,윤화영,46,2,15,ROUGH,161.5,9.7,True,10,False,True,False,0,False,False,True,1
이예원,9,2,15,ROUGH,151.8,이재윤,27,2,15,ROUGH,158.3,6.5,True,10,False,True,False,0,False,False,True,1
이예원,9,3,1,BUNKER,166.4,최민경,57,3,1,BUNKER,163.8,2.6,True,10,False,False,True,1,False,False,True,1
이예원,9,3,1,BUNKER,166.4,정윤지,27,3,1,BUNKER,166.6,0.2,True,10,False,False,True,1,False,False,True,1
이예원,9,3,7,ROUGH,322.2,최민경,57,3,7,ROUGH,326.8,4.6,True,10,True,True,False,0,False,False,True,2
이예원,9,3,7,ROUGH,322.2,윤화영,46,3,7,ROUGH,319.1,3.1,True,10,True,True,False,0,True,True,False,0
이예원,9,3,7,ROUGH,322.2,이세희,49,3,7,ROUGH,321.9,0.3,True,10,True,True,False,0,False,False,True,2
이예원,9,3,14,ROUGH,132.5,최민경,57,3,14,ROUGH,133.1,0.6,True,10,False,True,False,0,True,True,False,0
이예원,9,3,14,ROUGH,132.5,박민지,49,3,14,ROUGH,130.9,1.6,True,10,False,True,False,0,True,True,False,0
이예원,9,3,14,ROUGH,132.5,김우정,37,3,14,ROUGH,134.0,1.5,True,10,False,True,False,0,False,False,True,1
이예원,9,3,14,ROUGH,132.5,신다인,27,3,14,ROUGH,133.1,0.6,True,10,False,True,False,0,False,True,False,0
이예원,9,3,14,ROUGH,132.5,정윤지,27,3,14,ROUGH,141.5,9.0,True,10,False,True,False,0,True,True,False,0
이예원,9,4,1,ROUGH,171.0,김민별,40,4,1,ROUGH,168.0,3.0,True,10,True,False,True,1,True,False,True,1
이예원,9,4,1,ROUGH,171.0,문정민,27,4,1,ROUGH,164.9,6.1,True,10,True,False,True,1,False,False,True,1
이예원,9,4,1,ROUGH,171.0,안재희,59,4,1,ROUGH,166.2,4.8,True,10,True,False,True,1,True,True,False,0
이예원,9,4,1,ROUGH,171.0,최민경,57,4,1,ROUGH,164.8,6.2,True,10,True,False,True,1,False,False,True,1
이예원,9,4,1,ROUGH,171.0,김새로미,55,4,1,ROUGH,179.4,8.4,True,10,True,False,True,1,False,False,True,1
이예원,9,4,1,ROUGH,171.0,이승연,27,4,1,ROUGH,168.8,2.2,True,10,True,False,True,1,False,True,False,0
이예원,9,4,1,ROUGH,171.0,성유진,27,4,1,ROUGH,173.9,2.9,True,10,True,False,True,1,False,True,False,0
이예원,9,4,1,ROUGH,171.0,임희정,55,4,1,ROUGH,162.0,9.0,True,10,True,False,True,1,True,True,False,0
이예원,9,4,1,ROUGH,171.0,최은우,24,4,1,ROUGH,171.7,0.7,True,10,True,False,True,1,False,True,False,0
이예원,9,4,1,ROUGH,171.0,안지현,27,4,1,ROUGH,170.8,0.2,True,10,True,False,True,1,False,False,True,1
이예원,9,4,1,ROUGH,171.0,이율린,46,4,1,ROUGH,169.6,1.4,True,10,True,False,True,1,False,False,True,1
이예원,9,4,1,ROUGH,171.0,정윤지,27,4,1,ROUGH,181.0,10.0,True,10,True,False,True,1,False,True,False,0
이예원,9,4,4,ROUGH,278.1,짜라위 분짠(I),46,4,4,ROUGH,287.5,9.4,True,10,True,True,False,0,True,False,True,1
이예원,9,4,4,ROUGH,278.1,박성현,27,4,4,ROUGH,286.1,8.0,True,10,True,True,False,0,True,True,False,0
이예원,9,4,4,ROUGH,278.1,이재윤,27,4,4,ROUGH,281.8,3.7,True,10,True,True,False,0,True,True,False,0
이예원,9,4,8,ROUGH,112.1,고지원,53,4,8,ROUGH,118.2,6.1,True,10,False,True,False,0,True,True,False,0
이예원,9,4,8,ROUGH,112.1,박성현,27,4,8,ROUGH,117.7,5.6,True,10,False,True,False,0,True,True,False,0
이예원,9,4,8,ROUGH,112.1,최민경,57,4,8,ROUGH,119.2,7.1,True,10,False,True,False,0,True,True,False,0
이예원,9,4,12,ROUGH,134.0,박성현,27,4,12,ROUGH,139.9,5.9,True,10,False,False,True,1,False,False,True,1
이예원,9,4,12,ROUGH,134.0,김새로미,55,4,12,ROUGH,137.1,3.1,True,10,False,False,True,1,False,True,False,0
이예원,9,4,12,ROUGH,134.0,안지현,27,4,12,ROUGH,142.5,8.5,True,10,False,False,True,1,False,True,False,0
이예원,9,4,12,ROUGH,134.0,이세희,49,4,12,ROUGH,127.8,6.2,True,10,False,False,True,1,False,True,False,0
이예원,9,4,12,ROUGH,134.0,이재윤,27,4,12,ROUGH,136.1,2.1,True,10,False,False,True,1,False,True,False,0
이예원,9,4,18,ROUGH,278.6,문정민,27,4,18,ROUGH,281.9,3.3,True,10,False,True,False,0,True,True,False,0
이예원,9,4,18,ROUGH,278.6,이서윤4,53,4,18,ROUGH,277.9,0.7,True,10,False,True,False,0,True,True,False,0
이예원,9,4,18,ROUGH,278.6,홍현지,40,4,18,ROUGH,288.5,9.9,True,10,False,True,False,0,True,True,False,0
이예원,9,4,18,ROUGH,278.6,안재희,59,4,18,ROUGH,280.2,1.6,True,10,False,True,False,0,True,True,False,0
이예원,9,4,18,ROUGH,278.6,박성현,27,4,18,ROUGH,272.8,5.8,True,10,False,True,False,0,False,True,False,0
이예원,9,4,18,ROUGH,278.6,최민경,57,4,18,ROUGH,287.1,8.5,True,10,False,True,False,0,True,True,False,0
이예원,9,4,18,ROUGH,278.6,이승연,27,4,18,ROUGH,280.4,1.8,True,10,False,True,False,0,True,True,False,0
이예원,9,4,18,ROUGH,278.6,최은우,24,4,18,ROUGH,285.4,6.8,True,10,False,True,False,0,True,True,False,0
이예원,9,4,18,ROUGH,278.6,한지원,40,4,18,ROUGH,285.7,7.1,True,10,False,True,False,0,False,True,False,0
이예원,9,4,18,ROUGH,278.6,이재윤,27,4,18,ROUGH,274.1,4.5,True,10,False,True,False,0,True,True,False,0
이예원,9,4,18,ROUGH,278.6,이율린,46,4,18,ROUGH,278.3,0.3,True,10,False,True,False,0,True,True,False,0
이예원,9,4,18,ROUGH,278.6,정윤지,27,4,18,ROUGH,275.8,2.8,True,10,False,True,False,0,False,True,False,0
