player,player_code,round,hole,par,shot_number,start_state_code,start_state_name,start_lie_bucket,end_state_code,end_state_name,end_lie_bucket,role,shot_remaining_distance_yd,prev_remaining_distance_yd,gir,strokes,score_to_par,par_or_better,bogey_plus,double_plus,fw_hit
김민별,10002,1,1,4,2,1,FAIRWAY,FAIRWAY,3,GREEN,GREEN,NORMAL_APPROACH,11.4,172.9,True,4,0,True,False,False,True
김민별,10002,1,2,3,2,5,PENALTY_AREA,PENALTY_AREA,3,GREEN,GREEN,PENALTY_RESTART,13.7,8.7,False,4,1,False,True,False,
김민별,10002,1,3,4,2,1,FAIRWAY,FAIRWAY,3,GREEN,GREEN,NORMAL_APPROACH,4.9,171.5,True,4,0,True,False,False,True
김민별,10002,1,4,5,2,1,FAIRWAY,FAIRWAY,6,BUNKER,BUNKER,ADVANCE_LAYUP,114.5,298.5,False,5,0,True,False,False,True
김민별,10002,1,4,5,3,6,BUNKER,BUNKER,12,FRINGE,FRINGE,RECOVERY,13.9,114.5,False,5,0,True,False,False,True
김민별,10002,1,4,5,4,12,FRINGE,FRINGE,3,GREEN,GREEN,SHORT_GAME,0.3,13.9,False,5,0,True,False,False,True
김민별,10002,1,6,4,2,2,ROUGH,ROUGH,9,GREENSIDE_BUNKER,GREENSIDE_BUNKER,RECOVERY,20.7,167.9,False,4,0,True,False,False,False
김민별,10002,1,6,4,3,9,GREENSIDE_BUNKER,GREENSIDE_BUNKER,3,GREEN,GREEN,RECOVERY,3.2,20.7,False,4,0,True,False,False,False
김민별,10002,1,7,5,2,2,ROUGH,ROUGH,1,FAIRWAY,FAIRWAY,RECOVERY,72.1,270.8,True,5,0,True,False,False,False
김민별,10002,1,7,5,3,1,FAIRWAY,FAIRWAY,3,GREEN,GREEN,NORMAL_APPROACH,3.2,72.1,True,5,0,True,False,False,False
김민별,10002,1,8,4,2,1,FAIRWAY,FAIRWAY,12,FRINGE,FRINGE,NORMAL_APPROACH,10.3,147.4,False,4,0,True,False,False,True
김민별,10002,1,8,4,3,12,FRINGE,FRINGE,3,GREEN,GREEN,SHORT_GAME,3.2,10.3,False,4,0,True,False,False,True
김민별,10002,1,9,4,2,2,ROUGH,ROUGH,3,GREEN,GREEN,RECOVERY,10.2,141.0,True,4,0,True,False,False,False
김민별,10002,1,10,5,2,1,FAIRWAY,FAIRWAY,1,FAIRWAY,FAIRWAY,ADVANCE_LAYUP,110.4,302.4,True,5,0,True,False,False,True
김민별,10002,1,10,5,3,1,FAIRWAY,FAIRWAY,3,GREEN,GREEN,NORMAL_APPROACH,3.0,110.4,True,5,0,True,False,False,True
김민별,10002,1,12,4,2,2,ROUGH,ROUGH,12,FRINGE,FRINGE,RECOVERY,11.1,143.5,False,4,0,True,False,False,False
김민별,10002,1,12,4,3,12,FRINGE,FRINGE,3,GREEN,GREEN,SHORT_GAME,0.5,11.1,False,4,0,True,False,False,False
김민별,10002,1,13,4,2,1,FAIRWAY,FAIRWAY,3,GREEN,GREEN,NORMAL_APPROACH,2.1,117.8,True,4,0,True,False,False,True
김민별,10002,1,14,4,2,2,ROUGH,ROUGH,2,ROUGH,ROUGH,RECOVERY,23.1,135.7,False,4,0,True,False,False,False
김민별,10002,1,14,4,3,2,ROUGH,ROUGH,3,GREEN,GREEN,RECOVERY,1.9,23.1,False,4,0,True,False,False,False
김민별,10002,1,15,4,2,2,ROUGH,ROUGH,2,ROUGH,ROUGH,RECOVERY,21.8,174.6,False,4,0,True,False,False,False
김민별,10002,1,15,4,3,2,ROUGH,ROUGH,3,GREEN,GREEN,RECOVERY,1.1,21.8,False,4,0,True,False,False,False
김민별,10002,1,17,4,2,1,FAIRWAY,FAIRWAY,2,ROUGH,ROUGH,OTHER_UNRESOLVED,29.4,135.1,False,5,1,False,True,False,True
김민별,10002,1,17,4,3,2,ROUGH,ROUGH,3,GREEN,GREEN,RECOVERY,3.6,29.4,False,5,1,False,True,False,True
김민별,10002,1,18,5,2,1,FAIRWAY,FAIRWAY,1,FAIRWAY,FAIRWAY,ADVANCE_LAYUP,93.2,266.3,True,4,-1,True,False,False,True
김민별,10002,1,18,5,3,1,FAIRWAY,FAIRWAY,3,GREEN,GREEN,NORMAL_APPROACH,1.3,93.2,True,4,-1,True,False,False,True
김민별,10002,2,1,4,2,2,ROUGH,ROUGH,9,GREENSIDE_BUNKER,GREENSIDE_BUNKER,RECOVERY,14.3,167.7,False,5,1,False,True,False,False
김민별,10002,2,1,4,3,9,GREENSIDE_BUNKER,GREENSIDE_BUNKER,3,GREEN,GREEN,RECOVERY,1.7,14.3,False,5,1,False,True,False,False
김민별,10002,2,2,3,2,5,PENALTY_AREA,PENALTY_AREA,8,PENALTY_STROKE,LOST_BALL_PENALTY_RESTART,PENALTY_RESTART,65.9,0.0,False,5,2,False,True,True,
김민별,10002,2,2,3,3,8,PENALTY_STROKE,LOST_BALL_PENALTY_RESTART,3,GREEN,GREEN,PENALTY_RESTART,21.1,65.9,False,5,2,False,True,True,
김민별,10002,2,3,4,2,1,FAIRWAY,FAIRWAY,9,GREENSIDE_BUNKER,GREENSIDE_BUNKER,OTHER_UNRESOLVED,27.3,200.0,False,4,0,True,False,False,True
김민별,10002,2,3,4,3,9,GREENSIDE_BUNKER,GREENSIDE_BUNKER,3,GREEN,GREEN,RECOVERY,2.5,27.3,False,4,0,True,False,False,True
김민별,10002,2,4,5,2,1,FAIRWAY,FAIRWAY,1,FAIRWAY,FAIRWAY,ADVANCE_LAYUP,86.6,296.8,True,5,0,True,False,False,True
김민별,10002,2,4,5,3,1,FAIRWAY,FAIRWAY,3,GREEN,GREEN,NORMAL_APPROACH,5.4,86.6,True,5,0,True,False,False,True
김민별,10002,2,6,4,2,1,FAIRWAY,FAIRWAY,12,FRINGE,FRINGE,NORMAL_APPROACH,17.3,138.2,False,4,0,True,False,False,True
김민별,10002,2,6,4,3,12,FRINGE,FRINGE,3,GREEN,GREEN,SHORT_GAME,0.8,17.3,False,4,0,True,False,False,True
김민별,10002,2,7,5,2,1,FAIRWAY,FAIRWAY,1,FAIRWAY,FAIRWAY,ADVANCE_LAYUP,100.4,276.2,True,5,0,True,False,False,True
김민별,10002,2,7,5,3,1,FAIRWAY,FAIRWAY,3,GREEN,GREEN,NORMAL_APPROACH,17.8,100.4,True,5,0,True,False,False,True
김민별,10002,2,8,4,2,1,FAIRWAY,FAIRWAY,2,ROUGH,ROUGH,OTHER_UNRESOLVED,16.1,116.3,False,4,0,True,False,False,True
김민별,10002,2,8,4,3,2,ROUGH,ROUGH,3,GREEN,GREEN,RECOVERY,0.9,16.1,False,4,0,True,False,False,True
김민별,10002,2,9,4,2,1,FAIRWAY,FAIRWAY,2,ROUGH,ROUGH,OTHER_UNRESOLVED,14.9,119.5,False,4,0,True,False,False,True
김민별,10002,2,9,4,3,2,ROUGH,ROUGH,3,GREEN,GREEN,RECOVERY,0.5,14.9,False,4,0,True,False,False,True
김민별,10002,2,10,5,2,1,FAIRWAY,FAIRWAY,2,ROUGH,ROUGH,ADVANCE_LAYUP,125.4,320.2,True,5,0,True,False,False,True
김민별,10002,2,10,5,3,2,ROUGH,ROUGH,3,GREEN,GREEN,RECOVERY,9.0,125.4,True,5,0,True,False,False,True
김민별,10002,2,11,3,2,2,ROUGH,ROUGH,2,ROUGH,ROUGH,RECOVERY,15.0,40.6,False,5,2,False,True,True,
김민별,10002,2,11,3,3,2,ROUGH,ROUGH,3,GREEN,GREEN,RECOVERY,4.1,15.0,False,5,2,False,True,True,
김민별,10002,2,12,4,2,2,ROUGH,ROUGH,2,ROUGH,ROUGH,RECOVERY,20.8,177.0,False,4,0,True,False,False,False
김민별,10002,2,12,4,3,2,ROUGH,ROUGH,3,GREEN,GREEN,RECOVERY,1.5,20.8,False,4,0,True,False,False,False
김민별,10002,2,13,4,2,1,FAIRWAY,FAIRWAY,3,GREEN,GREEN,NORMAL_APPROACH,6.8,94.7,True,4,0,True,False,False,True
김민별,10002,2,14,4,2,2,ROUGH,ROUGH,2,ROUGH,ROUGH,RECOVERY,42.9,157.0,False,5,1,False,True,False,False
김민별,10002,2,14,4,3,2,ROUGH,ROUGH,3,GREEN,GREEN,RECOVERY,3.8,42.9,False,5,1,False,True,False,False
김민별,10002,2,15,4,2,1,FAIRWAY,FAIRWAY,3,GREEN,GREEN,NORMAL_APPROACH,3.8,134.2,True,3,-1,True,False,False,True
김민별,10002,2,17,4,2,2,ROUGH,ROUGH,12,FRINGE,FRINGE,RECOVERY,17.2,149.7,False,5,1,False,True,False,False
김민별,10002,2,17,4,3,12,FRINGE,FRINGE,3,GREEN,GREEN,SHORT_GAME,2.3,17.2,False,5,1,False,True,False,False
김민별,10002,2,18,5,2,2,ROUGH,ROUGH,1,FAIRWAY,FAIRWAY,RECOVERY,113.1,282.3,True,5,0,True,False,False,False
김민별,10002,2,18,5,3,1,FAIRWAY,FAIRWAY,3,GREEN,GREEN,NORMAL_APPROACH,9.4,113.1,True,5,0,True,False,False,False
김민별,10002,3,1,4,2,2,ROUGH,ROUGH,3,GREEN,GREEN,RECOVERY,7.3,166.3,True,4,0,True,False,False,False
김민별,10002,3,3,4,2,1,FAIRWAY,FAIRWAY,3,GREEN,GREEN,NORMAL_APPROACH,10.3,186.9,True,4,0,True,False,False,True
김민별,10002,3,4,5,2,1,FAIRWAY,FAIRWAY,1,FAIRWAY,FAIRWAY,ADVANCE_LAYUP,92.6,308.7,True,5,0,True,False,False,True
김민별,10002,3,4,5,3,1,FAIRWAY,FAIRWAY,3,GREEN,GREEN,NORMAL_APPROACH,5.0,92.6,True,5,0,True,False,False,True
김민별,10002,3,6,4,2,2,ROUGH,ROUGH,3,GREEN,GREEN,RECOVERY,20.4,170.5,True,4,0,True,False,False,False
김민별,10002,3,7,5,2,1,FAIRWAY,FAIRWAY,2,ROUGH,ROUGH,ADVANCE_LAYUP,113.3,291.9,True,5,0,True,False,False,True
김민별,10002,3,7,5,3,2,ROUGH,ROUGH,3,GREEN,GREEN,RECOVERY,8.2,113.3,True,5,0,True,False,False,True
김민별,10002,3,8,4,2,1,FAIRWAY,FAIRWAY,2,ROUGH,ROUGH,OTHER_UNRESOLVED,11.2,117.2,False,5,1,False,True,False,True
김민별,10002,3,8,4,3,2,ROUGH,ROUGH,3,GREEN,GREEN,RECOVERY,11.8,11.2,False,5,1,False,True,False,True
김민별,10002,3,9,4,2,1,FAIRWAY,FAIRWAY,2,ROUGH,ROUGH,OTHER_UNRESOLVED,12.5,94.4,False,4,0,True,False,False,True
김민별,10002,3,9,4,3,2,ROUGH,ROUGH,3,GREEN,GREEN,RECOVERY,0.4,12.5,False,4,0,True,False,False,True
김민별,10002,3,10,5,2,2,ROUGH,ROUGH,1,FAIRWAY,FAIRWAY,RECOVERY,135.1,313.4,False,5,0,True,False,False,False
김민별,10002,3,10,5,3,1,FAIRWAY,FAIRWAY,12,FRINGE,FRINGE,NORMAL_APPROACH,9.2,135.1,False,5,0,True,False,False,False
김민별,10002,3,10,5,4,12,FRINGE,FRINGE,3,GREEN,GREEN,SHORT_GAME,0.5,9.2,False,5,0,True,False,False,False
김민별,10002,3,12,4,2,1,FAIRWAY,FAIRWAY,3,GREEN,GREEN,NORMAL_APPROACH,4.2,155.0,True,3,-1,True,False,False,True
김민별,10002,3,13,4,2,1,FAIRWAY,FAIRWAY,3,GREEN,GREEN,NORMAL_APPROACH,17.0,128.0,True,5,1,False,True,False,True
김민별,10002,3,14,4,2,2,ROUGH,ROUGH,12,FRINGE,FRINGE,RECOVERY,19.3,172.3,False,5,1,False,True,False,False
김민별,10002,3,14,4,3,12,FRINGE,FRINGE,3,GREEN,GREEN,SHORT_GAME,2.6,19.3,False,5,1,False,True,False,False
김민별,10002,3,15,4,2,2,ROUGH,ROUGH,2,ROUGH,ROUGH,RECOVERY,18.6,176.8,False,5,1,False,True,False,False
김민별,10002,3,15,4,3,2,ROUGH,ROUGH,3,GREEN,GREEN,RECOVERY,5.0,18.6,False,5,1,False,True,False,False
김민별,10002,3,16,3,2,5,PENALTY_AREA,PENALTY_AREA,8,PENALTY_STROKE,LOST_BALL_PENALTY_RESTART,PENALTY_RESTART,107.0,0.0,False,5,2,False,True,True,
김민별,10002,3,16,3,3,8,PENALTY_STROKE,LOST_BALL_PENALTY_RESTART,3,GREEN,GREEN,PENALTY_RESTART,4.9,107.0,False,5,2,False,True,True,
김민별,10002,3,17,4,2,6,BUNKER,BUNKER,3,GREEN,GREEN,RECOVERY,3.0,121.0,True,4,0,True,False,False,False
김민별,10002,3,18,5,2,1,FAIRWAY,FAIRWAY,2,ROUGH,ROUGH,ADVANCE_LAYUP,89.0,283.5,True,5,0,True,False,False,True
김민별,10002,3,18,5,3,2,ROUGH,ROUGH,3,GREEN,GREEN,RECOVERY,5.4,89.0,True,5,0,True,False,False,True
김민별,10002,4,1,4,2,2,ROUGH,ROUGH,3,GREEN,GREEN,RECOVERY,16.0,168.0,True,5,1,False,True,False,False
김민별,10002,4,3,4,2,1,FAIRWAY,FAIRWAY,3,GREEN,GREEN,NORMAL_APPROACH,9.5,185.7,True,4,0,True,False,False,True
김민별,10002,4,4,5,2,1,FAIRWAY,FAIRWAY,1,FAIRWAY,FAIRWAY,ADVANCE_LAYUP,80.2,284.4,True,5,0,True,False,False,True
김민별,10002,4,4,5,3,1,FAIRWAY,FAIRWAY,3,GREEN,GREEN,NORMAL_APPROACH,6.7,80.2,True,5,0,True,False,False,True
김민별,10002,4,6,4,2,1,FAIRWAY,FAIRWAY,3,GREEN,GREEN,NORMAL_APPROACH,4.7,129.1,True,4,0,True,False,False,True
김민별,10002,4,7,5,2,1,FAIRWAY,FAIRWAY,1,FAIRWAY,FAIRWAY,ADVANCE_LAYUP,91.2,293.5,True,4,-1,True,False,False,True
김민별,10002,4,7,5,3,1,FAIRWAY,FAIRWAY,3,GREEN,GREEN,NORMAL_APPROACH,1.6,91.2,True,4,-1,True,False,False,True
김민별,10002,4,8,4,2,2,ROUGH,ROUGH,12,FRINGE,FRINGE,RECOVERY,9.5,161.2,False,3,-1,True,False,False,False
김민별,10002,4,8,4,3,12,FRINGE,FRINGE,10,HOLED,HOLED,SHORT_GAME,0.0,9.5,False,3,-1,True,False,False,False
김민별,10002,4,9,4,2,1,FAIRWAY,FAIRWAY,12,FRINGE,FRINGE,NORMAL_APPROACH,5.8,85.7,False,4,0,True,False,False,True
김민별,10002,4,9,4,3,12,FRINGE,FRINGE,3,GREEN,GREEN,SHORT_GAME,0.3,5.8,False,4,0,True,False,False,True
김민별,10002,4,10,5,2,1,FAIRWAY,FAIRWAY,2,ROUGH,ROUGH,ADVANCE_LAYUP,122.6,295.0,False,5,0,True,False,False,True
김민별,10002,4,10,5,3,2,ROUGH,ROUGH,12,FRINGE,FRINGE,RECOVERY,22.2,122.6,False,5,0,True,False,False,True
김민별,10002,4,10,5,4,12,FRINGE,FRINGE,3,GREEN,GREEN,SHORT_GAME,3.1,22.2,False,5,0,True,False,False,True
김민별,10002,4,11,3,3,12,FRINGE,FRINGE,3,GREEN,GREEN,SHORT_GAME,0.9,8.3,True,4,1,False,True,False,
김민별,10002,4,12,4,2,1,FAIRWAY,FAIRWAY,12,FRINGE,FRINGE,NORMAL_APPROACH,6.0,149.3,False,3,-1,True,False,False,True
김민별,10002,4,12,4,3,12,FRINGE,FRINGE,10,HOLED,HOLED,SHORT_GAME,0.0,6.0,False,3,-1,True,False,False,True
김민별,10002,4,13,4,2,1,FAIRWAY,FAIRWAY,3,GREEN,GREEN,NORMAL_APPROACH,16.0,112.8,True,4,0,True,False,False,True
김민별,10002,4,14,4,2,1,FAIRWAY,FAIRWAY,12,FRINGE,FRINGE,NORMAL_APPROACH,12.2,141.6,False,4,0,True,False,False,True
김민별,10002,4,14,4,3,12,FRINGE,FRINGE,3,GREEN,GREEN,SHORT_GAME,0.3,12.2,False,4,0,True,False,False,True
김민별,10002,4,15,4,2,1,FAIRWAY,FAIRWAY,2,ROUGH,ROUGH,OTHER_UNRESOLVED,39.3,208.2,False,5,1,False,True,False,True
김민별,10002,4,15,4,3,2,ROUGH,ROUGH,3,GREEN,GREEN,RECOVERY,4.3,39.3,False,5,1,False,True,False,True
김민별,10002,4,17,4,2,1,FAIRWAY,FAIRWAY,3,GREEN,GREEN,NORMAL_APPROACH,8.2,109.9,True,4,0,True,False,False,True
김민별,10002,4,18,5,2,1,FAIRWAY,FAIRWAY,1,FAIRWAY,FAIRWAY,ADVANCE_LAYUP,89.6,269.9,True,5,0,True,False,False,True
김민별,10002,4,18,5,3,1,FAIRWAY,FAIRWAY,3,GREEN,GREEN,NORMAL_APPROACH,10.8,89.6,True,5,0,True,False,False,True
손예빈,10022,1,1,4,2,1,FAIRWAY,FAIRWAY,3,GREEN,GREEN,NORMAL_APPROACH,2.2,167.8,True,3,-1,True,False,False,True
손예빈,10022,1,3,4,2,1,FAIRWAY,FAIRWAY,3,GREEN,GREEN,NORMAL_APPROACH,4.5,175.1,True,4,0,True,False,False,True
손예빈,10022,1,4,5,2,1,FAIRWAY,FAIRWAY,1,FAIRWAY,FAIRWAY,ADVANCE_LAYUP,82.6,284.4,False,5,0,True,False,False,True
손예빈,10022,1,4,5,3,1,FAIRWAY,FAIRWAY,12,FRINGE,FRINGE,NORMAL_APPROACH,6.6,82.6,False,5,0,True,False,False,True
손예빈,10022,1,4,5,4,12,FRINGE,FRINGE,3,GREEN,GREEN,SHORT_GAME,0.4,6.6,False,5,0,True,False,False,True
손예빈,10022,1,5,3,2,12,FRINGE,FRINGE,3,GREEN,GREEN,SHORT_GAME,0.4,8.1,False,3,0,True,False,False,
손예빈,10022,1,6,4,2,1,FAIRWAY,FAIRWAY,2,ROUGH,ROUGH,OTHER_UNRESOLVED,18.5,158.5,False,5,1,False,True,False,True
손예빈,10022,1,6,4,3,2,ROUGH,ROUGH,3,GREEN,GREEN,RECOVERY,1.9,18.5,False,5,1,False,True,False,True
손예빈,10022,1,7,5,2,1,FAIRWAY,FAIRWAY,1,FAIRWAY,FAIRWAY,ADVANCE_LAYUP,52.4,263.0,True,4,-1,True,False,False,True
손예빈,10022,1,7,5,3,1,FAIRWAY,FAIRWAY,3,GREEN,GREEN,NORMAL_APPROACH,3.1,52.4,True,4,-1,True,False,False,True
손예빈,10022,1,8,4,2,2,ROUGH,ROUGH,2,ROUGH,ROUGH,RECOVERY,40.7,128.0,False,4,0,True,False,False,False
손예빈,10022,1,8,4,3,2,ROUGH,ROUGH,3,GREEN,GREEN,RECOVERY,0.2,40.7,False,4,0,True,False,False,False
손예빈,10022,1,9,4,2,2,ROUGH,ROUGH,3,GREEN,GREEN,RECOVERY,8.6,123.9,True,4,0,True,False,False,False
손예빈,10022,1,10,5,2,1,FAIRWAY,FAIRWAY,2,ROUGH,ROUGH,ADVANCE_LAYUP,88.2,290.2,True,4,-1,True,False,False,True
손예빈,10022,1,10,5,3,2,ROUGH,ROUGH,3,GREEN,GREEN,RECOVERY,1.3,88.2,True,4,-1,True,False,False,True
손예빈,10022,1,12,4,2,2,ROUGH,ROUGH,1,FAIRWAY,FAIRWAY,RECOVERY,68.9,202.7,False,5,1,False,True,False,False
손예빈,10022,1,12,4,3,1,FAIRWAY,FAIRWAY,3,GREEN,GREEN,NORMAL_APPROACH,3.0,68.9,False,5,1,False,True,False,False
손예빈,10022,1,13,4,2,6,BUNKER,BUNKER,3,GREEN,GREEN,RECOVERY,21.0,93.4,True,4,0,True,False,False,False
손예빈,10022,1,14,4,2,1,FAIRWAY,FAIRWAY,12,FRINGE,FRINGE,NORMAL_APPROACH,18.0,152.7,False,4,0,True,False,False,True
손예빈,10022,1,14,4,3,12,FRINGE,FRINGE,3,GREEN,GREEN,SHORT_GAME,1.7,18.0,False,4,0,True,False,False,True
손예빈,10022,1,15,4,2,1,FAIRWAY,FAIRWAY,3,GREEN,GREEN,NORMAL_APPROACH,7.9,129.9,True,4,0,True,False,False,True
손예빈,10022,1,16,3,2,2,ROUGH,ROUGH,3,GREEN,GREEN,RECOVERY,1.9,19.5,False,3,0,True,False,False,
손예빈,10022,1,17,4,2,2,ROUGH,ROUGH,2,ROUGH,ROUGH,RECOVERY,20.8,135.1,False,5,1,False,True,False,False
손예빈,10022,1,17,4,3,2,ROUGH,ROUGH,3,GREEN,GREEN,RECOVERY,0.9,20.8,False,5,1,False,True,False,False
손예빈,10022,1,18,5,2,1,FAIRWAY,FAIRWAY,2,ROUGH,ROUGH,ADVANCE_LAYUP,99.5,281.4,False,5,0,True,False,False,True
손예빈,10022,1,18,5,3,2,ROUGH,ROUGH,12,FRINGE,FRINGE,RECOVERY,4.7,99.5,False,5,0,True,False,False,True
손예빈,10022,1,18,5,4,12,FRINGE,FRINGE,3,GREEN,GREEN,SHORT_GAME,2.6,4.7,False,5,0,True,False,False,True
손예빈,10022,2,1,4,2,1,FAIRWAY,FAIRWAY,3,GREEN,GREEN,NORMAL_APPROACH,1.6,143.1,True,3,-1,True,False,False,True
손예빈,10022,2,2,3,2,2,ROUGH,ROUGH,3,GREEN,GREEN,RECOVERY,0.6,8.1,False,3,0,True,False,False,
손예빈,10022,2,3,4,2,2,ROUGH,ROUGH,3,GREEN,GREEN,RECOVERY,15.1,183.7,True,4,0,True,False,False,False
손예빈,10022,2,4,5,2,2,ROUGH,ROUGH,1,FAIRWAY,FAIRWAY,RECOVERY,154.4,316.4,True,5,0,True,False,False,False
손예빈,10022,2,4,5,3,1,FAIRWAY,FAIRWAY,3,GREEN,GREEN,NORMAL_APPROACH,14.0,154.4,True,5,0,True,False,False,False
손예빈,10022,2,5,3,2,9,GREENSIDE_BUNKER,GREENSIDE_BUNKER,12,FRINGE,FRINGE,RECOVERY,8.1,23.2,False,4,1,False,True,False,
손예빈,10022,2,5,3,3,12,FRINGE,FRINGE,3,GREEN,GREEN,SHORT_GAME,0.3,8.1,False,4,1,False,True,False,
손예빈,10022,2,6,4,2,2,ROUGH,ROUGH,2,ROUGH,ROUGH,RECOVERY,21.6,157.6,False,4,0,True,False,False,False
손예빈,10022,2,6,4,3,2,ROUGH,ROUGH,3,GREEN,GREEN,RECOVERY,1.1,21.6,False,4,0,True,False,False,False
손예빈,10022,2,7,5,2,1,FAIRWAY,FAIRWAY,1,FAIRWAY,FAIRWAY,ADVANCE_LAYUP,86.4,287.6,True,5,0,True,False,False,True
손예빈,10022,2,7,5,3,1,FAIRWAY,FAIRWAY,3,GREEN,GREEN,NORMAL_APPROACH,10.3,86.4,True,5,0,True,False,False,True
손예빈,10022,2,8,4,2,2,ROUGH,ROUGH,2,ROUGH,ROUGH,RECOVERY,20.2,118.2,False,4,0,True,False,False,False
손예빈,10022,2,8,4,3,2,ROUGH,ROUGH,3,GREEN,GREEN,RECOVERY,0.5,20.2,False,4,0,True,False,False,False
손예빈,10022,2,9,4,2,1,FAIRWAY,FAIRWAY,3,GREEN,GREEN,NORMAL_APPROACH,4.4,120.2,True,4,0,True,False,False,True
손예빈,10022,2,10,5,2,1,FAIRWAY,FAIRWAY,6,BUNKER,BUNKER,ADVANCE_LAYUP,97.9,310.9,True,5,0,True,False,False,True
손예빈,10022,2,10,5,3,6,BUNKER,BUNKER,3,GREEN,GREEN,RECOVERY,5.4,97.9,True,5,0,True,False,False,True
손예빈,10022,2,11,3,2,2,ROUGH,ROUGH,2,ROUGH,ROUGH,RECOVERY,10.1,15.5,False,5,2,False,True,True,
손예빈,10022,2,11,3,3,2,ROUGH,ROUGH,3,GREEN,GREEN,RECOVERY,7.7,10.1,False,5,2,False,True,True,
손예빈,10022,2,12,4,2,2,ROUGH,ROUGH,2,ROUGH,ROUGH,RECOVERY,133.4,177.7,False,5,1,False,True,False,False
손예빈,10022,2,12,4,3,2,ROUGH,ROUGH,2,ROUGH,ROUGH,RECOVERY,10.7,133.4,False,5,1,False,True,False,False
손예빈,10022,2,12,4,4,2,ROUGH,ROUGH,3,GREEN,GREEN,RECOVERY,14.3,10.7,False,5,1,False,True,False,False
손예빈,10022,2,13,4,2,1,FAIRWAY,FAIRWAY,3,GREEN,GREEN,NORMAL_APPROACH,4.4,98.3,True,4,0,True,False,False,True
손예빈,10022,2,14,4,2,2,ROUGH,ROUGH,2,ROUGH,ROUGH,RECOVERY,18.9,170.2,False,4,0,True,False,False,False
손예빈,10022,2,14,4,3,2,ROUGH,ROUGH,3,GREEN,GREEN,RECOVERY,2.1,18.9,False,4,0,True,False,False,False
손예빈,10022,2,15,4,2,2,ROUGH,ROUGH,2,ROUGH,ROUGH,RECOVERY,11.1,156.2,False,3,-1,True,False,False,False
손예빈,10022,2,15,4,3,2,ROUGH,ROUGH,10,HOLED,HOLED,RECOVERY,0.0,11.1,False,3,-1,True,False,False,False
손예빈,10022,2,16,3,2,5,PENALTY_AREA,PENALTY_AREA,8,PENALTY_STROKE,LOST_BALL_PENALTY_RESTART,PENALTY_RESTART,94.1,0.0,False,5,2,False,True,True,
손예빈,10022,2,16,3,3,8,PENALTY_STROKE,LOST_BALL_PENALTY_RESTART,3,GREEN,GREEN,PENALTY_RESTART,7.1,94.1,False,5,2,False,True,True,
손예빈,10022,2,17,4,2,1,FAIRWAY,FAIRWAY,3,GREEN,GREEN,NORMAL_APPROACH,3.6,136.0,True,4,0,True,False,False,True
손예빈,10022,2,18,5,2,2,ROUGH,ROUGH,1,FAIRWAY,FAIRWAY,RECOVERY,82.2,263.8,True,4,-1,True,False,False,False
손예빈,10022,2,18,5,3,1,FAIRWAY,FAIRWAY,3,GREEN,GREEN,NORMAL_APPROACH,2.7,82.2,True,4,-1,True,False,False,False
손예빈,10022,3,1,4,2,2,ROUGH,ROUGH,1,FAIRWAY,FAIRWAY,RECOVERY,84.4,162.9,False,5,1,False,True,False,False
손예빈,10022,3,1,4,3,1,FAIRWAY,FAIRWAY,3,GREEN,GREEN,NORMAL_APPROACH,6.3,84.4,False,5,1,False,True,False,False
손예빈,10022,3,3,4,2,1,FAIRWAY,FAIRWAY,3,GREEN,GREEN,NORMAL_APPROACH,19.0,193.7,True,4,0,True,False,False,True
손예빈,10022,3,4,5,2,1,FAIRWAY,FAIRWAY,2,ROUGH,ROUGH,ADVANCE_LAYUP,106.4,289.8,False,5,0,True,False,False,True
손예빈,10022,3,4,5,3,2,ROUGH,ROUGH,2,ROUGH,ROUGH,RECOVERY,10.9,106.4,False,5,0,True,False,False,True
손예빈,10022,3,4,5,4,2,ROUGH,ROUGH,3,GREEN,GREEN,RECOVERY,1.0,10.9,False,5,0,True,False,False,True
손예빈,10022,3,6,4,2,1,FAIRWAY,FAIRWAY,3,GREEN,GREEN,NORMAL_APPROACH,17.2,167.5,True,4,0,True,False,False,True
손예빈,10022,3,7,5,2,1,FAIRWAY,FAIRWAY,1,FAIRWAY,FAIRWAY,ADVANCE_LAYUP,84.2,286.5,True,4,-1,True,False,False,True
손예빈,10022,3,7,5,3,1,FAIRWAY,FAIRWAY,3,GREEN,GREEN,NORMAL_APPROACH,6.6,84.2,True,4,-1,True,False,False,True
손예빈,10022,3,8,4,2,2,ROUGH,ROUGH,12,FRINGE,FRINGE,RECOVERY,30.4,151.2,False,4,0,True,False,False,False
손예빈,10022,3,8,4,3,12,FRINGE,FRINGE,3,GREEN,GREEN,SHORT_GAME,2.5,30.4,False,4,0,True,False,False,False
손예빈,10022,3,9,4,2,2,ROUGH,ROUGH,3,GREEN,GREEN,RECOVERY,14.4,110.3,True,4,0,True,False,False,False
손예빈,10022,3,10,5,2,2,ROUGH,ROUGH,2,ROUGH,ROUGH,RECOVERY,148.2,308.9,True,6,1,False,True,False,False
손예빈,10022,3,10,5,3,2,ROUGH,ROUGH,3,GREEN,GREEN,RECOVERY,17.5,148.2,True,6,1,False,True,False,False
손예빈,10022,3,12,4,2,2,ROUGH,ROUGH,2,ROUGH,ROUGH,RECOVERY,40.6,175.2,False,6,2,False,True,True,False
손예빈,10022,3,12,4,3,2,ROUGH,ROUGH,2,ROUGH,ROUGH,RECOVERY,15.8,40.6,False,6,2,False,True,True,False
손예빈,10022,3,12,4,4,2,ROUGH,ROUGH,3,GREEN,GREEN,RECOVERY,0.5,15.8,False,6,2,False,True,True,False
손예빈,10022,3,13,4,2,2,ROUGH,ROUGH,3,GREEN,GREEN,RECOVERY,9.7,116.2,True,4,0,True,False,False,False
손예빈,10022,3,14,4,2,1,FAIRWAY,FAIRWAY,3,GREEN,GREEN,NORMAL_APPROACH,12.6,139.9,True,4,0,True,False,False,True
손예빈,10022,3,15,4,2,2,ROUGH,ROUGH,2,ROUGH,ROUGH,RECOVERY,44.3,190.9,False,5,1,False,True,False,False
손예빈,10022,3,15,4,3,2,ROUGH,ROUGH,3,GREEN,GREEN,RECOVERY,10.4,44.3,False,5,1,False,True,False,False
손예빈,10022,3,17,4,2,2,ROUGH,ROUGH,3,GREEN,GREEN,RECOVERY,21.7,131.1,True,5,1,False,True,False,False
손예빈,10022,3,18,5,2,2,ROUGH,ROUGH,2,ROUGH,ROUGH,RECOVERY,119.5,288.0,False,5,0,True,False,False,False
손예빈,10022,3,18,5,3,2,ROUGH,ROUGH,2,ROUGH,ROUGH,RECOVERY,13.7,119.5,False,5,0,True,False,False,False
손예빈,10022,3,18,5,4,2,ROUGH,ROUGH,3,GREEN,GREEN,RECOVERY,1.2,13.7,False,5,0,True,False,False,False
손예빈,10022,4,1,4,2,6,BUNKER,BUNKER,1,FAIRWAY,FAIRWAY,RECOVERY,95.0,166.7,False,4,0,True,False,False,False
손예빈,10022,4,1,4,3,1,FAIRWAY,FAIRWAY,3,GREEN,GREEN,NORMAL_APPROACH,5.6,95.0,False,4,0,True,False,False,False
손예빈,10022,4,2,3,2,5,PENALTY_AREA,PENALTY_AREA,8,PENALTY_STROKE,LOST_BALL_PENALTY_RESTART,PENALTY_RESTART,45.1,0.0,False,4,1,False,True,False,
손예빈,10022,4,2,3,3,8,PENALTY_STROKE,LOST_BALL_PENALTY_RESTART,3,GREEN,GREEN,PENALTY_RESTART,1.0,45.1,False,4,1,False,True,False,
손예빈,10022,4,3,4,2,2,ROUGH,ROUGH,3,GREEN,GREEN,RECOVERY,14.0,192.7,True,4,0,True,False,False,False
손예빈,10022,4,4,5,2,2,ROUGH,ROUGH,1,FAIRWAY,FAIRWAY,RECOVERY,122.1,313.9,True,5,0,True,False,False,False
손예빈,10022,4,4,5,3,1,FAIRWAY,FAIRWAY,3,GREEN,GREEN,NORMAL_APPROACH,7.1,122.1,True,5,0,True,False,False,False
손예빈,10022,4,6,4,2,2,ROUGH,ROUGH,3,GREEN,GREEN,RECOVERY,23.2,134.7,True,4,0,True,False,False,False
손예빈,10022,4,7,5,2,1,FAIRWAY,FAIRWAY,1,FAIRWAY,FAIRWAY,ADVANCE_LAYUP,86.3,296.3,True,5,0,True,False,False,True
손예빈,10022,4,7,5,3,1,FAIRWAY,FAIRWAY,3,GREEN,GREEN,NORMAL_APPROACH,3.3,86.3,True,5,0,True,False,False,True
손예빈,10022,4,8,4,2,1,FAIRWAY,FAIRWAY,3,GREEN,GREEN,NORMAL_APPROACH,3.9,119.2,True,3,-1,True,False,False,True
손예빈,10022,4,9,4,2,2,ROUGH,ROUGH,2,ROUGH,ROUGH,RECOVERY,10.5,91.5,False,4,0,True,False,False,False
손예빈,10022,4,9,4,3,2,ROUGH,ROUGH,3,GREEN,GREEN,RECOVERY,1.9,10.5,False,4,0,True,False,False,False
손예빈,10022,4,10,5,2,4,OB,LOST_BALL_PENALTY_RESTART,8,PENALTY_STROKE,LOST_BALL_PENALTY_RESTART,PENALTY_RESTART,545.0,0.0,False,7,2,False,True,True,False
손예빈,10022,4,10,5,3,8,PENALTY_STROKE,LOST_BALL_PENALTY_RESTART,1,FAIRWAY,FAIRWAY,PENALTY_RESTART,303.5,545.0,False,7,2,False,True,True,False
손예빈,10022,4,10,5,4,1,FAIRWAY,FAIRWAY,6,BUNKER,BUNKER,ADVANCE_LAYUP,93.1,303.5,False,7,2,False,True,True,False
손예빈,10022,4,10,5,5,6,BUNKER,BUNKER,3,GREEN,GREEN,RECOVERY,6.3,93.1,False,7,2,False,True,True,False
손예빈,10022,4,11,3,2,2,ROUGH,ROUGH,3,GREEN,GREEN,RECOVERY,2.4,13.2,False,3,0,True,False,False,
손예빈,10022,4,12,4,2,1,FAIRWAY,FAIRWAY,2,ROUGH,ROUGH,OTHER_UNRESOLVED,23.5,162.4,False,4,0,True,False,False,True
손예빈,10022,4,12,4,3,2,ROUGH,ROUGH,3,GREEN,GREEN,RECOVERY,6.2,23.5,False,4,0,True,False,False,True
손예빈,10022,4,13,4,2,1,FAIRWAY,FAIRWAY,12,FRINGE,FRINGE,NORMAL_APPROACH,10.0,125.2,False,4,0,True,False,False,True
손예빈,10022,4,13,4,3,12,FRINGE,FRINGE,3,GREEN,GREEN,SHORT_GAME,0.4,10.0,False,4,0,True,False,False,True
손예빈,10022,4,14,4,2,2,ROUGH,ROUGH,2,ROUGH,ROUGH,RECOVERY,18.9,165.9,False,4,0,True,False,False,False
손예빈,10022,4,14,4,3,2,ROUGH,ROUGH,3,GREEN,GREEN,RECOVERY,1.1,18.9,False,4,0,True,False,False,False
손예빈,10022,4,15,4,2,2,ROUGH,ROUGH,2,ROUGH,ROUGH,RECOVERY,26.1,189.2,False,5,1,False,True,False,False
손예빈,10022,4,15,4,3,2,ROUGH,ROUGH,3,GREEN,GREEN,RECOVERY,5.3,26.1,False,5,1,False,True,False,False
손예빈,10022,4,17,4,2,2,ROUGH,ROUGH,2,ROUGH,ROUGH,RECOVERY,18.1,155.3,False,5,1,False,True,False,False
손예빈,10022,4,17,4,3,2,ROUGH,ROUGH,3,GREEN,GREEN,RECOVERY,7.2,18.1,False,5,1,False,True,False,False
손예빈,10022,4,18,5,2,2,ROUGH,ROUGH,1,FAIRWAY,FAIRWAY,RECOVERY,171.5,348.1,False,5,0,True,False,False,False
손예빈,10022,4,18,5,3,1,FAIRWAY,FAIRWAY,12,FRINGE,FRINGE,NORMAL_APPROACH,19.7,171.5,False,5,0,True,False,False,False
손예빈,10022,4,18,5,4,12,FRINGE,FRINGE,3,GREEN,GREEN,SHORT_GAME,1.3,19.7,False,5,0,True,False,False,False
김민주,10081,1,1,4,2,2,ROUGH,ROUGH,2,ROUGH,ROUGH,RECOVERY,8.2,194.5,False,4,0,True,False,False,False
김민주,10081,1,1,4,3,2,ROUGH,ROUGH,3,GREEN,GREEN,RECOVERY,0.3,8.2,False,4,0,True,False,False,False
김민주,10081,1,3,4,2,1,FAIRWAY,FAIRWAY,3,GREEN,GREEN,NORMAL_APPROACH,12.1,181.8,True,4,0,True,False,False,True
김민주,10081,1,4,5,2,1,FAIRWAY,FAIRWAY,1,FAIRWAY,FAIRWAY,ADVANCE_LAYUP,92.5,288.6,True,4,-1,True,False,False,True
김민주,10081,1,4,5,3,1,FAIRWAY,FAIRWAY,3,GREEN,GREEN,NORMAL_APPROACH,1.2,92.5,True,4,-1,True,False,False,True
김민주,10081,1,6,4,2,1,FAIRWAY,FAIRWAY,3,GREEN,GREEN,NORMAL_APPROACH,7.2,166.9,True,3,-1,True,False,False,True
김민주,10081,1,7,5,2,1,FAIRWAY,FAIRWAY,2,ROUGH,ROUGH,ADVANCE_LAYUP,79.4,270.5,True,5,0,True,False,False,True
김민주,10081,1,7,5,3,2,ROUGH,ROUGH,3,GREEN,GREEN,RECOVERY,9.2,79.4,True,5,0,True,False,False,True
김민주,10081,1,8,4,2,1,FAIRWAY,FAIRWAY,3,GREEN,GREEN,NORMAL_APPROACH,18.5,162.3,True,4,0,True,False,False,True
김민주,10081,1,9,4,2,2,ROUGH,ROUGH,12,FRINGE,FRINGE,RECOVERY,20.2,128.1,False,5,1,False,True,False,False
김민주,10081,1,9,4,3,12,FRINGE,FRINGE,3,GREEN,GREEN,SHORT_GAME,5.5,20.2,False,5,1,False,True,False,False
김민주,10081,1,10,5,2,2,ROUGH,ROUGH,1,FAIRWAY,FAIRWAY,RECOVERY,131.0,309.6,True,5,0,True,False,False,False
김민주,10081,1,10,5,3,1,FAIRWAY,FAIRWAY,3,GREEN,GREEN,NORMAL_APPROACH,23.3,131.0,True,5,0,True,False,False,False
김민주,10081,1,12,4,2,1,FAIRWAY,FAIRWAY,3,GREEN,GREEN,NORMAL_APPROACH,10.2,142.1,True,4,0,True,False,False,True
김민주,10081,1,13,4,2,6,BUNKER,BUNKER,1,FAIRWAY,FAIRWAY,RECOVERY,84.1,111.7,False,6,2,False,True,True,False
김민주,10081,1,13,4,3,1,FAIRWAY,FAIRWAY,3,GREEN,GREEN,NORMAL_APPROACH,3.8,84.1,False,6,2,False,True,True,False
김민주,10081,1,14,4,2,1,FAIRWAY,FAIRWAY,3,GREEN,GREEN,NORMAL_APPROACH,16.2,142.6,True,4,0,True,False,False,True
김민주,10081,1,15,4,2,1,FAIRWAY,FAIRWAY,3,GREEN,GREEN,NORMAL_APPROACH,12.6,144.6,True,4,0,True,False,False,True
김민주,10081,1,17,4,2,2,ROUGH,ROUGH,2,ROUGH,ROUGH,RECOVERY,32.8,142.5,False,5,1,False,True,False,False
김민주,10081,1,17,4,3,2,ROUGH,ROUGH,12,FRINGE,FRINGE,RECOVERY,5.6,32.8,False,5,1,False,True,False,False
김민주,10081,1,17,4,4,12,FRINGE,FRINGE,3,GREEN,GREEN,SHORT_GAME,0.5,5.6,False,5,1,False,True,False,False
김민주,10081,1,18,5,2,1,FAIRWAY,FAIRWAY,1,FAIRWAY,FAIRWAY,ADVANCE_LAYUP,106.1,284.7,True,5,0,True,False,False,True
김민주,10081,1,18,5,3,1,FAIRWAY,FAIRWAY,3,GREEN,GREEN,NORMAL_APPROACH,7.3,106.1,True,5,0,True,False,False,True
김민주,10081,2,1,4,2,1,FAIRWAY,FAIRWAY,3,GREEN,GREEN,NORMAL_APPROACH,3.6,153.8,True,3,-1,True,False,False,True
김민주,10081,2,3,4,2,1,FAIRWAY,FAIRWAY,2,ROUGH,ROUGH,OTHER_UNRESOLVED,17.3,194.9,False,5,1,False,True,False,True
김민주,10081,2,3,4,3,2,ROUGH,ROUGH,3,GREEN,GREEN,RECOVERY,3.3,17.3,False,5,1,False,True,False,True
김민주,10081,2,4,5,2,2,ROUGH,ROUGH,1,FAIRWAY,FAIRWAY,RECOVERY,158.0,299.2,True,5,0,True,False,False,False
김민주,10081,2,4,5,3,1,FAIRWAY,FAIRWAY,3,GREEN,GREEN,NORMAL_APPROACH,7.1,158.0,True,5,0,True,False,False,False
김민주,10081,2,6,4,2,1,FAIRWAY,FAIRWAY,9,GREENSIDE_BUNKER,GREENSIDE_BUNKER,OTHER_UNRESOLVED,22.0,157.0,False,5,1,False,True,False,True
김민주,10081,2,6,4,3,9,GREENSIDE_BUNKER,GREENSIDE_BUNKER,2,ROUGH,ROUGH,RECOVERY,7.8,22.0,False,5,1,False,True,False,True
김민주,10081,2,6,4,4,2,ROUGH,ROUGH,3,GREEN,GREEN,RECOVERY,0.3,7.8,False,5,1,False,True,False,True
김민주,10081,2,7,5,2,1,FAIRWAY,FAIRWAY,1,FAIRWAY,FAIRWAY,ADVANCE_LAYUP,91.1,284.9,True,5,0,True,False,False,True
김민주,10081,2,7,5,3,1,FAIRWAY,FAIRWAY,3,GREEN,GREEN,NORMAL_APPROACH,4.5,91.1,True,5,0,True,False,False,True
김민주,10081,2,8,4,2,2,ROUGH,ROUGH,3,GREEN,GREEN,RECOVERY,10.0,127.6,True,4,0,True,False,False,False
김민주,10081,2,9,4,2,1,FAIRWAY,FAIRWAY,3,GREEN,GREEN,NORMAL_APPROACH,8.2,123.8,True,4,0,True,False,False,True
김민주,10081,2,10,5,2,2,ROUGH,ROUGH,1,FAIRWAY,FAIRWAY,RECOVERY,142.5,325.8,False,5,0,True,False,False,False
김민주,10081,2,10,5,3,1,FAIRWAY,FAIRWAY,12,FRINGE,FRINGE,NORMAL_APPROACH,8.7,142.5,False,5,0,True,False,False,False
김민주,10081,2,10,5,4,12,FRINGE,FRINGE,3,GREEN,GREEN,SHORT_GAME,0.7,8.7,False,5,0,True,False,False,False
김민주,10081,2,11,3,2,12,FRINGE,FRINGE,3,GREEN,GREEN,SHORT_GAME,0.4,10.5,False,3,0,True,False,False,
김민주,10081,2,12,4,2,2,ROUGH,ROUGH,3,GREEN,GREEN,RECOVERY,4.3,164.0,True,3,-1,True,False,False,False
김민주,10081,2,13,4,2,2,ROUGH,ROUGH,6,BUNKER,BUNKER,RECOVERY,76.6,98.6,False,5,1,False,True,False,False
김민주,10081,2,13,4,3,6,BUNKER,BUNKER,2,ROUGH,ROUGH,RECOVERY,23.6,76.6,False,5,1,False,True,False,False
김민주,10081,2,13,4,4,2,ROUGH,ROUGH,3,GREEN,GREEN,RECOVERY,1.1,23.6,False,5,1,False,True,False,False
김민주,10081,2,14,4,2,1,FAIRWAY,FAIRWAY,3,GREEN,GREEN,NORMAL_APPROACH,16.7,160.6,True,4,0,True,False,False,True
김민주,10081,2,15,4,2,2,ROUGH,ROUGH,3,GREEN,GREEN,RECOVERY,20.6,136.2,True,5,1,False,True,False,False
김민주,10081,2,17,4,2,2,ROUGH,ROUGH,2,ROUGH,ROUGH,RECOVERY,7.1,155.0,False,5,1,False,True,False,False
김민주,10081,2,17,4,3,2,ROUGH,ROUGH,3,GREEN,GREEN,RECOVERY,1.7,7.1,False,5,1,False,True,False,False
김민주,10081,2,18,5,2,1,FAIRWAY,FAIRWAY,2,ROUGH,ROUGH,ADVANCE_LAYUP,96.2,267.8,True,5,0,True,False,False,True
김민주,10081,2,18,5,3,2,ROUGH,ROUGH,3,GREEN,GREEN,RECOVERY,8.9,96.2,True,5,0,True,False,False,True
김민주,10081,3,1,4,2,1,FAIRWAY,FAIRWAY,9,GREENSIDE_BUNKER,GREENSIDE_BUNKER,OTHER_UNRESOLVED,18.0,178.2,False,5,1,False,True,False,True
김민주,10081,3,1,4,3,9,GREENSIDE_BUNKER,GREENSIDE_BUNKER,3,GREEN,GREEN,RECOVERY,3.8,18.0,False,5,1,False,True,False,True
김민주,10081,3,3,4,2,1,FAIRWAY,FAIRWAY,3,GREEN,GREEN,NORMAL_APPROACH,11.8,190.2,True,5,1,False,True,False,True
김민주,10081,3,4,5,2,1,FAIRWAY,FAIRWAY,1,FAIRWAY,FAIRWAY,ADVANCE_LAYUP,88.1,299.4,True,5,0,True,False,False,True
김민주,10081,3,4,5,3,1,FAIRWAY,FAIRWAY,3,GREEN,GREEN,NORMAL_APPROACH,8.4,88.1,True,5,0,True,False,False,True
김민주,10081,3,6,4,2,1,FAIRWAY,FAIRWAY,3,GREEN,GREEN,NORMAL_APPROACH,3.5,170.7,True,4,0,True,False,False,True
김민주,10081,3,7,5,2,1,FAIRWAY,FAIRWAY,1,FAIRWAY,FAIRWAY,ADVANCE_LAYUP,96.3,304.9,True,5,0,True,False,False,True
김민주,10081,3,7,5,3,1,FAIRWAY,FAIRWAY,3,GREEN,GREEN,NORMAL_APPROACH,5.4,96.3,True,5,0,True,False,False,True
김민주,10081,3,8,4,2,1,FAIRWAY,FAIRWAY,2,ROUGH,ROUGH,OTHER_UNRESOLVED,11.7,130.6,False,4,0,True,False,False,True
김민주,10081,3,8,4,3,2,ROUGH,ROUGH,3,GREEN,GREEN,RECOVERY,0.5,11.7,False,4,0,True,False,False,True
김민주,10081,3,9,4,2,2,ROUGH,ROUGH,1,FAIRWAY,FAIRWAY,RECOVERY,69.7,102.3,False,5,1,False,True,False,False
김민주,10081,3,9,4,3,1,FAIRWAY,FAIRWAY,3,GREEN,GREEN,NORMAL_APPROACH,3.3,69.7,False,5,1,False,True,False,False
김민주,10081,3,10,5,2,2,ROUGH,ROUGH,1,FAIRWAY,FAIRWAY,RECOVERY,109.1,299.6,True,4,-1,True,False,False,False
김민주,10081,3,10,5,3,1,FAIRWAY,FAIRWAY,3,GREEN,GREEN,NORMAL_APPROACH,3.4,109.1,True,4,-1,True,False,False,False
김민주,10081,3,12,4,2,1,FAIRWAY,FAIRWAY,3,GREEN,GREEN,NORMAL_APPROACH,6.6,155.9,True,4,0,True,False,False,True
김민주,10081,3,13,4,2,1,FAIRWAY,FAIRWAY,3,GREEN,GREEN,NORMAL_APPROACH,17.0,136.1,True,4,0,True,False,False,True
김민주,10081,3,14,4,2,2,ROUGH,ROUGH,3,GREEN,GREEN,RECOVERY,20.4,143.0,True,4,0,True,False,False,False
김민주,10081,3,15,4,2,1,FAIRWAY,FAIRWAY,3,GREEN,GREEN,NORMAL_APPROACH,2.4,178.7,True,3,-1,True,False,False,True
김민주,10081,3,17,4,2,2,ROUGH,ROUGH,3,GREEN,GREEN,RECOVERY,19.4,125.8,True,5,1,False,True,False,False
김민주,10081,3,18,5,2,2,ROUGH,ROUGH,1,FAIRWAY,FAIRWAY,RECOVERY,90.5,280.6,True,5,0,True,False,False,False
김민주,10081,3,18,5,3,1,FAIRWAY,FAIRWAY,3,GREEN,GREEN,NORMAL_APPROACH,3.8,90.5,True,5,0,True,False,False,False
김민주,10081,4,1,4,2,1,FAIRWAY,FAIRWAY,12,FRINGE,FRINGE,NORMAL_APPROACH,16.3,177.8,False,4,0,True,False,False,True
김민주,10081,4,1,4,3,12,FRINGE,FRINGE,3,GREEN,GREEN,SHORT_GAME,0.4,16.3,False,4,0,True,False,False,True
김민주,10081,4,3,4,2,1,FAIRWAY,FAIRWAY,3,GREEN,GREEN,NORMAL_APPROACH,10.4,191.8,True,4,0,True,False,False,True
김민주,10081,4,4,5,2,1,FAIRWAY,FAIRWAY,1,FAIRWAY,FAIRWAY,ADVANCE_LAYUP,104.3,290.3,True,5,0,True,False,False,True
김민주,10081,4,4,5,3,1,FAIRWAY,FAIRWAY,3,GREEN,GREEN,NORMAL_APPROACH,6.8,104.3,True,5,0,True,False,False,True
김민주,10081,4,6,4,2,1,FAIRWAY,FAIRWAY,3,GREEN,GREEN,NORMAL_APPROACH,4.8,140.9,True,4,0,True,False,False,True
김민주,10081,4,7,5,2,1,FAIRWAY,FAIRWAY,1,FAIRWAY,FAIRWAY,ADVANCE_LAYUP,102.1,292.9,True,4,-1,True,False,False,True
김민주,10081,4,7,5,3,1,FAIRWAY,FAIRWAY,3,GREEN,GREEN,NORMAL_APPROACH,0.5,102.1,True,4,-1,True,False,False,True
김민주,10081,4,8,4,2,1,FAIRWAY,FAIRWAY,3,GREEN,GREEN,NORMAL_APPROACH,3.3,126.2,True,3,-1,True,False,False,True
김민주,10081,4,9,4,2,2,ROUGH,ROUGH,3,GREEN,GREEN,RECOVERY,17.3,125.1,True,4,0,True,False,False,False
김민주,10081,4,10,5,2,1,FAIRWAY,FAIRWAY,1,FAIRWAY,FAIRWAY,ADVANCE_LAYUP,126.2,301.6,True,5,0,True,False,False,True
김민주,10081,4,10,5,3,1,FAIRWAY,FAIRWAY,3,GREEN,GREEN,NORMAL_APPROACH,4.8,126.2,True,5,0,True,False,False,True
김민주,10081,4,12,4,2,1,FAIRWAY,FAIRWAY,3,GREEN,GREEN,NORMAL_APPROACH,14.0,151.8,True,4,0,True,False,False,True
김민주,10081,4,13,4,2,1,FAIRWAY,FAIRWAY,3,GREEN,GREEN,NORMAL_APPROACH,5.7,136.3,True,4,0,True,False,False,True
김민주,10081,4,14,4,2,1,FAIRWAY,FAIRWAY,2,ROUGH,ROUGH,OTHER_UNRESOLVED,14.9,129.8,False,4,0,True,False,False,True
김민주,10081,4,14,4,3,2,ROUGH,ROUGH,3,GREEN,GREEN,RECOVERY,0.5,14.9,False,4,0,True,False,False,True
김민주,10081,4,15,4,2,1,FAIRWAY,FAIRWAY,2,ROUGH,ROUGH,OTHER_UNRESOLVED,19.1,164.4,False,4,0,True,False,False,True
김민주,10081,4,15,4,3,2,ROUGH,ROUGH,3,GREEN,GREEN,RECOVERY,0.5,19.1,False,4,0,True,False,False,True
김민주,10081,4,17,4,2,2,ROUGH,ROUGH,2,ROUGH,ROUGH,RECOVERY,20.2,132.1,False,4,0,True,False,False,False
김민주,10081,4,17,4,3,2,ROUGH,ROUGH,3,GREEN,GREEN,RECOVERY,4.4,20.2,False,4,0,True,False,False,False
김민주,10081,4,18,5,2,1,FAIRWAY,FAIRWAY,1,FAIRWAY,FAIRWAY,ADVANCE_LAYUP,90.1,278.4,True,5,0,True,False,False,True
김민주,10081,4,18,5,3,1,FAIRWAY,FAIRWAY,3,GREEN,GREEN,NORMAL_APPROACH,6.7,90.1,True,5,0,True,False,False,True
마서영,10083,1,1,4,2,1,FAIRWAY,FAIRWAY,12,FRINGE,FRINGE,NORMAL_APPROACH,13.7,162.1,False,4,0,True,False,False,True
마서영,10083,1,1,4,3,12,FRINGE,FRINGE,3,GREEN,GREEN,SHORT_GAME,0.8,13.7,False,4,0,True,False,False,True
마서영,10083,1,3,4,2,1,FAIRWAY,FAIRWAY,3,GREEN,GREEN,NORMAL_APPROACH,0.8,164.5,True,3,-1,True,False,False,True
마서영,10083,1,4,5,2,1,FAIRWAY,FAIRWAY,1,FAIRWAY,FAIRWAY,ADVANCE_LAYUP,104.8,286.3,True,6,1,False,True,False,True
마서영,10083,1,4,5,3,1,FAIRWAY,FAIRWAY,3,GREEN,GREEN,NORMAL_APPROACH,11.3,104.8,True,6,1,False,True,False,True
마서영,10083,1,6,4,2,2,ROUGH,ROUGH,1,FAIRWAY,FAIRWAY,RECOVERY,98.0,268.4,False,4,0,True,False,False,False
마서영,10083,1,6,4,3,1,FAIRWAY,FAIRWAY,3,GREEN,GREEN,NORMAL_APPROACH,1.7,98.0,False,4,0,True,False,False,False
마서영,10083,1,7,5,2,2,ROUGH,ROUGH,1,FAIRWAY,FAIRWAY,RECOVERY,78.4,261.1,True,5,0,True,False,False,False
마서영,10083,1,7,5,3,1,FAIRWAY,FAIRWAY,3,GREEN,GREEN,NORMAL_APPROACH,9.8,78.4,True,5,0,True,False,False,False
마서영,10083,1,8,4,2,1,FAIRWAY,FAIRWAY,2,ROUGH,ROUGH,OTHER_UNRESOLVED,19.6,155.4,False,4,0,True,False,False,True
마서영,10083,1,8,4,3,2,ROUGH,ROUGH,3,GREEN,GREEN,RECOVERY,0.7,19.6,False,4,0,True,False,False,True
마서영,10083,1,9,4,2,1,FAIRWAY,FAIRWAY,3,GREEN,GREEN,NORMAL_APPROACH,9.3,128.6,True,4,0,True,False,False,True
마서영,10083,1,10,5,2,1,FAIRWAY,FAIRWAY,2,ROUGH,ROUGH,ADVANCE_LAYUP,126.4,302.0,False,6,1,False,True,False,True
마서영,10083,1,10,5,3,2,ROUGH,ROUGH,9,GREENSIDE_BUNKER,GREENSIDE_BUNKER,RECOVERY,25.6,126.4,False,6,1,False,True,False,True
마서영,10083,1,10,5,4,9,GREENSIDE_BUNKER,GREENSIDE_BUNKER,3,GREEN,GREEN,RECOVERY,10.2,25.6,False,6,1,False,True,False,True
마서영,10083,1,12,4,2,1,FAIRWAY,FAIRWAY,2,ROUGH,ROUGH,OTHER_UNRESOLVED,20.4,153.8,False,5,1,False,True,False,True
마서영,10083,1,12,4,3,2,ROUGH,ROUGH,3,GREEN,GREEN,RECOVERY,6.5,20.4,False,5,1,False,True,False,True
마서영,10083,1,13,4,2,1,FAIRWAY,FAIRWAY,3,GREEN,GREEN,NORMAL_APPROACH,10.9,113.2,True,4,0,True,False,False,True
마서영,10083,1,14,4,2,1,FAIRWAY,FAIRWAY,12,FRINGE,FRINGE,NORMAL_APPROACH,16.9,159.0,False,5,1,False,True,False,True
마서영,10083,1,14,4,3,12,FRINGE,FRINGE,3,GREEN,GREEN,SHORT_GAME,4.2,16.9,False,5,1,False,True,False,True
마서영,10083,1,15,4,2,1,FAIRWAY,FAIRWAY,3,GREEN,GREEN,NORMAL_APPROACH,10.1,156.3,True,4,0,True,False,False,True
마서영,10083,1,17,4,2,2,ROUGH,ROUGH,3,GREEN,GREEN,RECOVERY,12.8,121.1,True,4,0,True,False,False,False
마서영,10083,1,18,5,2,2,ROUGH,ROUGH,2,ROUGH,ROUGH,RECOVERY,149.6,295.5,False,5,0,True,False,False,False
마서영,10083,1,18,5,3,2,ROUGH,ROUGH,2,ROUGH,ROUGH,RECOVERY,32.0,149.6,False,5,0,True,False,False,False
마서영,10083,1,18,5,4,2,ROUGH,ROUGH,3,GREEN,GREEN,RECOVERY,3.0,32.0,False,5,0,True,False,False,False
마서영,10083,2,1,4,2,6,BUNKER,BUNKER,2,ROUGH,ROUGH,RECOVERY,24.6,148.4,False,4,0,True,False,False,False
마서영,10083,2,1,4,3,2,ROUGH,ROUGH,3,GREEN,GREEN,RECOVERY,2.5,24.6,False,4,0,True,False,False,False
마서영,10083,2,2,3,2,12,FRINGE,FRINGE,3,GREEN,GREEN,SHORT_GAME,0.8,7.3,False,3,0,True,False,False,
마서영,10083,2,3,4,2,1,FAIRWAY,FAIRWAY,3,GREEN,GREEN,NORMAL_APPROACH,11.9,189.0,True,4,0,True,False,False,True
마서영,10083,2,4,5,2,1,FAIRWAY,FAIRWAY,1,FAIRWAY,FAIRWAY,ADVANCE_LAYUP,106.5,290.6,True,5,0,True,False,False,True
마서영,10083,2,4,5,3,1,FAIRWAY,FAIRWAY,3,GREEN,GREEN,NORMAL_APPROACH,4.6,106.5,True,5,0,True,False,False,True
마서영,10083,2,6,4,2,1,FAIRWAY,FAIRWAY,3,GREEN,GREEN,NORMAL_APPROACH,4.0,154.4,True,4,0,True,False,False,True
마서영,10083,2,7,5,2,1,FAIRWAY,FAIRWAY,1,FAIRWAY,FAIRWAY,ADVANCE_LAYUP,90.2,284.7,True,6,1,False,True,False,True
마서영,10083,2,7,5,3,1,FAIRWAY,FAIRWAY,3,GREEN,GREEN,NORMAL_APPROACH,6.6,90.2,True,6,1,False,True,False,True
마서영,10083,2,8,4,2,1,FAIRWAY,FAIRWAY,3,GREEN,GREEN,NORMAL_APPROACH,7.4,126.1,True,4,0,True,False,False,True
마서영,10083,2,9,4,2,2,ROUGH,ROUGH,1,FAIRWAY,FAIRWAY,RECOVERY,93.7,142.8,False,5,1,False,True,False,False
마서영,10083,2,9,4,3,1,FAIRWAY,FAIRWAY,12,FRINGE,FRINGE,NORMAL_APPROACH,7.4,93.7,False,5,1,False,True,False,False
마서영,10083,2,9,4,4,12,FRINGE,FRINGE,3,GREEN,GREEN,SHORT_GAME,0.7,7.4,False,5,1,False,True,False,False
마서영,10083,2,10,5,2,2,ROUGH,ROUGH,2,ROUGH,ROUGH,RECOVERY,153.9,325.5,False,6,1,False,True,False,False
마서영,10083,2,10,5,3,2,ROUGH,ROUGH,2,ROUGH,ROUGH,RECOVERY,53.0,153.9,False,6,1,False,True,False,False
마서영,10083,2,10,5,4,2,ROUGH,ROUGH,12,FRINGE,FRINGE,RECOVERY,7.8,53.0,False,6,1,False,True,False,False
마서영,10083,2,10,5,5,12,FRINGE,FRINGE,3,GREEN,GREEN,SHORT_GAME,0.5,7.8,False,6,1,False,True,False,False
마서영,10083,2,11,3,2,9,GREENSIDE_BUNKER,GREENSIDE_BUNKER,12,FRINGE,FRINGE,RECOVERY,10.4,22.0,False,4,1,False,True,False,
마서영,10083,2,11,3,3,12,FRINGE,FRINGE,3,GREEN,GREEN,SHORT_GAME,2.6,10.4,False,4,1,False,True,False,
마서영,10083,2,12,4,2,2,ROUGH,ROUGH,2,ROUGH,ROUGH,RECOVERY,52.0,178.2,False,5,1,False,True,False,False
마서영,10083,2,12,4,3,2,ROUGH,ROUGH,3,GREEN,GREEN,RECOVERY,8.1,52.0,False,5,1,False,True,False,False
마서영,10083,2,13,4,2,1,FAIRWAY,FAIRWAY,3,GREEN,GREEN,NORMAL_APPROACH,12.3,94.5,True,4,0,True,False,False,True
마서영,10083,2,14,4,2,2,ROUGH,ROUGH,2,ROUGH,ROUGH,RECOVERY,15.3,148.0,False,5,1,False,True,False,False
마서영,10083,2,14,4,3,2,ROUGH,ROUGH,12,FRINGE,FRINGE,RECOVERY,18.1,15.3,False,5,1,False,True,False,False
마서영,10083,2,14,4,4,12,FRINGE,FRINGE,3,GREEN,GREEN,SHORT_GAME,1.3,18.1,False,5,1,False,True,False,False
마서영,10083,2,15,4,2,1,FAIRWAY,FAIRWAY,2,ROUGH,ROUGH,OTHER_UNRESOLVED,15.2,137.9,False,4,0,True,False,False,True
마서영,10083,2,15,4,3,2,ROUGH,ROUGH,3,GREEN,GREEN,RECOVERY,0.7,15.2,False,4,0,True,False,False,True
마서영,10083,2,17,4,2,2,ROUGH,ROUGH,3,GREEN,GREEN,RECOVERY,6.5,137.9,True,4,0,True,False,False,False
마서영,10083,2,18,5,2,1,FAIRWAY,FAIRWAY,1,FAIRWAY,FAIRWAY,ADVANCE_LAYUP,77.3,259.2,True,5,0,True,False,False,True
마서영,10083,2,18,5,3,1,FAIRWAY,FAIRWAY,3,GREEN,GREEN,NORMAL_APPROACH,11.1,77.3,True,5,0,True,False,False,True
마서영,10083,3,1,4,2,1,FAIRWAY,FAIRWAY,3,GREEN,GREEN,NORMAL_APPROACH,3.7,157.5,True,3,-1,True,False,False,True
마서영,10083,3,3,4,2,1,FAIRWAY,FAIRWAY,3,GREEN,GREEN,NORMAL_APPROACH,5.3,182.3,True,4,0,True,False,False,True
마서영,10083,3,4,5,2,1,FAIRWAY,FAIRWAY,2,ROUGH,ROUGH,ADVANCE_LAYUP,99.8,286.5,True,5,0,True,False,False,True
마서영,10083,3,4,5,3,2,ROUGH,ROUGH,3,GREEN,GREEN,RECOVERY,9.2,99.8,True,5,0,True,False,False,True
마서영,10083,3,6,4,2,1,FAIRWAY,FAIRWAY,3,GREEN,GREEN,NORMAL_APPROACH,12.7,156.5,True,4,0,True,False,False,True
마서영,10083,3,7,5,2,1,FAIRWAY,FAIRWAY,1,FAIRWAY,FAIRWAY,ADVANCE_LAYUP,104.4,303.8,True,5,0,True,False,False,True
마서영,10083,3,7,5,3,1,FAIRWAY,FAIRWAY,3,GREEN,GREEN,NORMAL_APPROACH,5.9,104.4,True,5,0,True,False,False,True
마서영,10083,3,8,4,2,1,FAIRWAY,FAIRWAY,3,GREEN,GREEN,NORMAL_APPROACH,14.9,132.2,True,4,0,True,False,False,True
마서영,10083,3,9,4,2,2,ROUGH,ROUGH,3,GREEN,GREEN,RECOVERY,0.4,100.4,True,3,-1,True,False,False,False
마서영,10083,3,10,5,2,2,ROUGH,ROUGH,1,FAIRWAY,FAIRWAY,RECOVERY,117.0,311.9,True,5,0,True,False,False,False
마서영,10083,3,10,5,3,1,FAIRWAY,FAIRWAY,3,GREEN,GREEN,NORMAL_APPROACH,7.4,117.0,True,5,0,True,False,False,False
마서영,10083,3,11,3,2,2,ROUGH,ROUGH,3,GREEN,GREEN,RECOVERY,3.9,20.0,False,4,1,False,True,False,
마서영,10083,3,12,4,2,2,ROUGH,ROUGH,12,FRINGE,FRINGE,RECOVERY,11.3,160.1,False,4,0,True,False,False,False
마서영,10083,3,12,4,3,12,FRINGE,FRINGE,3,GREEN,GREEN,SHORT_GAME,0.5,11.3,False,4,0,True,False,False,False
마서영,10083,3,13,4,2,2,ROUGH,ROUGH,3,GREEN,GREEN,RECOVERY,3.3,131.9,True,4,0,True,False,False,False
마서영,10083,3,14,4,2,1,FAIRWAY,FAIRWAY,3,GREEN,GREEN,NORMAL_APPROACH,11.2,137.4,True,4,0,True,False,False,True
마서영,10083,3,15,4,2,2,ROUGH,ROUGH,2,ROUGH,ROUGH,RECOVERY,15.0,192.0,False,4,0,True,False,False,False
마서영,10083,3,15,4,3,2,ROUGH,ROUGH,3,GREEN,GREEN,RECOVERY,0.4,15.0,False,4,0,True,False,False,False
마서영,10083,3,16,3,2,12,FRINGE,FRINGE,3,GREEN,GREEN,SHORT_GAME,1.6,21.7,False,3,0,True,False,False,
마서영,10083,3,17,4,2,2,ROUGH,ROUGH,9,GREENSIDE_BUNKER,GREENSIDE_BUNKER,RECOVERY,15.2,132.2,False,5,1,False,True,False,False
마서영,10083,3,17,4,3,9,GREENSIDE_BUNKER,GREENSIDE_BUNKER,3,GREEN,GREEN,RECOVERY,0.9,15.2,False,5,1,False,True,False,False
마서영,10083,3,18,5,2,2,ROUGH,ROUGH,2,ROUGH,ROUGH,RECOVERY,101.5,275.2,True,5,0,True,False,False,False
마서영,10083,3,18,5,3,2,ROUGH,ROUGH,3,GREEN,GREEN,RECOVERY,6.5,101.5,True,5,0,True,False,False,False
마서영,10083,4,1,4,2,1,FAIRWAY,FAIRWAY,2,ROUGH,ROUGH,OTHER_UNRESOLVED,19.7,175.6,False,5,1,False,True,False,True
마서영,10083,4,1,4,3,2,ROUGH,ROUGH,3,GREEN,GREEN,RECOVERY,2.6,19.7,False,5,1,False,True,False,True
마서영,10083,4,3,4,2,1,FAIRWAY,FAIRWAY,2,ROUGH,ROUGH,OTHER_UNRESOLVED,19.9,198.0,False,4,0,True,False,False,True
마서영,10083,4,3,4,3,2,ROUGH,ROUGH,3,GREEN,GREEN,RECOVERY,4.3,19.9,False,4,0,True,False,False,True
마서영,10083,4,4,5,2,1,FAIRWAY,FAIRWAY,1,FAIRWAY,FAIRWAY,ADVANCE_LAYUP,95.6,289.2,True,4,-1,True,False,False,True
마서영,10083,4,4,5,3,1,FAIRWAY,FAIRWAY,3,GREEN,GREEN,NORMAL_APPROACH,3.8,95.6,True,4,-1,True,False,False,True
마서영,10083,4,6,4,2,1,FAIRWAY,FAIRWAY,3,GREEN,GREEN,NORMAL_APPROACH,1.1,137.1,True,3,-1,True,False,False,True
마서영,10083,4,7,5,2,1,FAIRWAY,FAIRWAY,1,FAIRWAY,FAIRWAY,ADVANCE_LAYUP,82.6,274.9,True,5,0,True,False,False,True
마서영,10083,4,7,5,3,1,FAIRWAY,FAIRWAY,3,GREEN,GREEN,NORMAL_APPROACH,7.6,82.6,True,5,0,True,False,False,True
마서영,10083,4,8,4,2,1,FAIRWAY,FAIRWAY,3,GREEN,GREEN,NORMAL_APPROACH,4.4,115.5,True,4,0,True,False,False,True
마서영,10083,4,9,4,2,2,ROUGH,ROUGH,3,GREEN,GREEN,RECOVERY,22.0,133.2,True,4,0,True,False,False,False
마서영,10083,4,10,5,2,1,FAIRWAY,FAIRWAY,1,FAIRWAY,FAIRWAY,ADVANCE_LAYUP,126.6,305.8,True,4,-1,True,False,False,True
마서영,10083,4,10,5,3,1,FAIRWAY,FAIRWAY,3,GREEN,GREEN,NORMAL_APPROACH,2.9,126.6,True,4,-1,True,False,False,True
마서영,10083,4,12,4,2,1,FAIRWAY,FAIRWAY,3,GREEN,GREEN,NORMAL_APPROACH,10.4,150.4,True,4,0,True,False,False,True
마서영,10083,4,13,4,2,1,FAIRWAY,FAIRWAY,12,FRINGE,FRINGE,NORMAL_APPROACH,15.9,121.2,False,4,0,True,False,False,True
마서영,10083,4,13,4,3,12,FRINGE,FRINGE,3,GREEN,GREEN,SHORT_GAME,2.8,15.9,False,4,0,True,False,False,True
마서영,10083,4,14,4,2,1,FAIRWAY,FAIRWAY,3,GREEN,GREEN,NORMAL_APPROACH,0.2,144.6,True,3,-1,True,False,False,True
마서영,10083,4,15,4,2,1,FAIRWAY,FAIRWAY,2,ROUGH,ROUGH,OTHER_UNRESOLVED,26.0,164.8,False,5,1,False,True,False,True
마서영,10083,4,15,4,3,2,ROUGH,ROUGH,3,GREEN,GREEN,RECOVERY,1.9,26.0,False,5,1,False,True,False,True
마서영,10083,4,16,3,2,2,ROUGH,ROUGH,3,GREEN,GREEN,RECOVERY,1.3,11.7,False,3,0,True,False,False,
마서영,10083,4,17,4,2,1,FAIRWAY,FAIRWAY,3,GREEN,GREEN,NORMAL_APPROACH,8.5,120.3,True,4,0,True,False,False,True
마서영,10083,4,18,5,2,2,ROUGH,ROUGH,1,FAIRWAY,FAIRWAY,RECOVERY,129.3,297.4,False,6,1,False,True,False,False
마서영,10083,4,18,5,3,1,FAIRWAY,FAIRWAY,12,FRINGE,FRINGE,NORMAL_APPROACH,12.4,129.3,False,6,1,False,True,False,False
마서영,10083,4,18,5,4,12,FRINGE,FRINGE,3,GREEN,GREEN,SHORT_GAME,2.5,12.4,False,6,1,False,True,False,False
방신실,10095,1,1,4,2,1,FAIRWAY,FAIRWAY,3,GREEN,GREEN,NORMAL_APPROACH,13.8,160.4,True,4,0,True,False,False,True
방신실,10095,1,3,4,2,1,FAIRWAY,FAIRWAY,3,GREEN,GREEN,NORMAL_APPROACH,14.5,177.4,True,4,0,True,False,False,True
방신실,10095,1,4,5,2,1,FAIRWAY,FAIRWAY,1,FAIRWAY,FAIRWAY,ADVANCE_LAYUP,94.4,278.6,True,4,-1,True,False,False,True
방신실,10095,1,4,5,3,1,FAIRWAY,FAIRWAY,3,GREEN,GREEN,NORMAL_APPROACH,4.3,94.4,True,4,-1,True,False,False,True
방신실,10095,1,5,3,2,9,GREENSIDE_BUNKER,GREENSIDE_BUNKER,3,GREEN,GREEN,RECOVERY,5.4,14.1,False,4,1,False,True,False,
방신실,10095,1,6,4,2,2,ROUGH,ROUGH,9,GREENSIDE_BUNKER,GREENSIDE_BUNKER,RECOVERY,26.5,163.0,False,4,0,True,False,False,False
방신실,10095,1,6,4,3,9,GREENSIDE_BUNKER,GREENSIDE_BUNKER,3,GREEN,GREEN,RECOVERY,0.9,26.5,False,4,0,True,False,False,False
방신실,10095,1,7,5,2,2,ROUGH,ROUGH,1,FAIRWAY,FAIRWAY,RECOVERY,88.5,267.8,True,5,0,True,False,False,False
방신실,10095,1,7,5,3,1,FAIRWAY,FAIRWAY,3,GREEN,GREEN,NORMAL_APPROACH,4.5,88.5,True,5,0,True,False,False,False
방신실,10095,1,8,4,2,1,FAIRWAY,FAIRWAY,12,FRINGE,FRINGE,NORMAL_APPROACH,9.2,157.9,False,5,1,False,True,False,True
방신실,10095,1,8,4,3,12,FRINGE,FRINGE,3,GREEN,GREEN,SHORT_GAME,0.8,9.2,False,5,1,False,True,False,True
방신실,10095,1,9,4,2,2,ROUGH,ROUGH,3,GREEN,GREEN,RECOVERY,6.1,121.6,True,3,-1,True,False,False,False
방신실,10095,1,10,5,2,2,ROUGH,ROUGH,1,FAIRWAY,FAIRWAY,RECOVERY,137.6,294.8,True,5,0,True,False,False,False
방신실,10095,1,10,5,3,1,FAIRWAY,FAIRWAY,3,GREEN,GREEN,NORMAL_APPROACH,1.4,137.6,True,5,0,True,False,False,False
방신실,10095,1,12,4,2,1,FAIRWAY,FAIRWAY,3,GREEN,GREEN,NORMAL_APPROACH,4.0,141.3,True,4,0,True,False,False,True
방신실,10095,1,13,4,2,2,ROUGH,ROUGH,3,GREEN,GREEN,RECOVERY,17.3,103.4,True,4,0,True,False,False,False
방신실,10095,1,14,4,2,1,FAIRWAY,FAIRWAY,12,FRINGE,FRINGE,NORMAL_APPROACH,16.7,139.3,False,4,0,True,False,False,True
방신실,10095,1,14,4,3,12,FRINGE,FRINGE,3,GREEN,GREEN,SHORT_GAME,1.5,16.7,False,4,0,True,False,False,True
방신실,10095,1,15,4,2,2,ROUGH,ROUGH,2,ROUGH,ROUGH,RECOVERY,19.0,141.5,False,5,1,False,True,False,False
방신실,10095,1,15,4,3,2,ROUGH,ROUGH,12,FRINGE,FRINGE,RECOVERY,9.7,19.0,False,5,1,False,True,False,False
방신실,10095,1,15,4,4,12,FRINGE,FRINGE,3,GREEN,GREEN,SHORT_GAME,0.5,9.7,False,5,1,False,True,False,False
방신실,10095,1,17,4,2,1,FAIRWAY,FAIRWAY,12,FRINGE,FRINGE,NORMAL_APPROACH,4.9,110.6,False,4,0,True,False,False,True
방신실,10095,1,17,4,3,12,FRINGE,FRINGE,3,GREEN,GREEN,SHORT_GAME,1.2,4.9,False,4,0,True,False,False,True
방신실,10095,1,18,5,2,2,ROUGH,ROUGH,1,FAIRWAY,FAIRWAY,RECOVERY,94.0,273.7,True,4,-1,True,False,False,False
방신실,10095,1,18,5,3,1,FAIRWAY,FAIRWAY,3,GREEN,GREEN,NORMAL_APPROACH,1.3,94.0,True,4,-1,True,False,False,False
방신실,10095,2,1,4,2,1,FAIRWAY,FAIRWAY,3,GREEN,GREEN,NORMAL_APPROACH,7.0,137.0,True,3,-1,True,False,False,True
방신실,10095,2,2,3,2,5,PENALTY_AREA,PENALTY_AREA,8,PENALTY_STROKE,LOST_BALL_PENALTY_RESTART,PENALTY_RESTART,64.4,0.0,False,5,2,False,True,True,
방신실,10095,2,2,3,3,8,PENALTY_STROKE,LOST_BALL_PENALTY_RESTART,3,GREEN,GREEN,PENALTY_RESTART,6.4,64.4,False,5,2,False,True,True,
방신실,10095,2,3,4,2,1,FAIRWAY,FAIRWAY,2,ROUGH,ROUGH,OTHER_UNRESOLVED,25.3,179.5,False,5,1,False,True,False,True
방신실,10095,2,3,4,3,2,ROUGH,ROUGH,3,GREEN,GREEN,RECOVERY,6.0,25.3,False,5,1,False,True,False,True
방신실,10095,2,4,5,2,2,ROUGH,ROUGH,2,ROUGH,ROUGH,RECOVERY,119.0,292.9,True,5,0,True,False,False,False
방신실,10095,2,4,5,3,2,ROUGH,ROUGH,3,GREEN,GREEN,RECOVERY,14.8,119.0,True,5,0,True,False,False,False
방신실,10095,2,5,3,2,12,FRINGE,FRINGE,3,GREEN,GREEN,SHORT_GAME,0.7,8.8,False,3,0,True,False,False,
방신실,10095,2,6,4,2,2,ROUGH,ROUGH,1,FAIRWAY,FAIRWAY,RECOVERY,150.2,215.5,False,4,0,True,False,False,False
방신실,10095,2,6,4,3,1,FAIRWAY,FAIRWAY,3,GREEN,GREEN,NORMAL_APPROACH,0.5,150.2,False,4,0,True,False,False,False
방신실,10095,2,7,5,2,2,ROUGH,ROUGH,2,ROUGH,ROUGH,RECOVERY,266.8,291.8,False,7,2,False,True,True,False
방신실,10095,2,7,5,3,2,ROUGH,ROUGH,1,FAIRWAY,FAIRWAY,RECOVERY,251.7,266.8,False,7,2,False,True,True,False
방신실,10095,2,7,5,4,1,FAIRWAY,FAIRWAY,2,ROUGH,ROUGH,ADVANCE_LAYUP,27.4,251.7,False,7,2,False,True,True,False
방신실,10095,2,7,5,5,2,ROUGH,ROUGH,3,GREEN,GREEN,RECOVERY,11.3,27.4,False,7,2,False,True,True,False
방신실,10095,2,8,4,2,1,FAIRWAY,FAIRWAY,3,GREEN,GREEN,NORMAL_APPROACH,5.5,113.3,True,4,0,True,False,False,True
방신실,10095,2,9,4,2,2,ROUGH,ROUGH,3,GREEN,GREEN,RECOVERY,10.8,106.2,True,4,0,True,False,False,False
방신실,10095,2,10,5,2,1,FAIRWAY,FAIRWAY,1,FAIRWAY,FAIRWAY,ADVANCE_LAYUP,130.2,311.8,True,6,1,False,True,False,True
방신실,10095,2,10,5,3,1,FAIRWAY,FAIRWAY,3,GREEN,GREEN,NORMAL_APPROACH,19.6,130.2,True,6,1,False,True,False,True
방신실,10095,2,10,5,5,12,FRINGE,FRINGE,3,GREEN,GREEN,SHORT_GAME,0.7,5.4,True,6,1,False,True,False,True
방신실,10095,2,11,3,2,2,ROUGH,ROUGH,3,GREEN,GREEN,RECOVERY,0.3,16.1,False,3,0,True,False,False,
방신실,10095,2,12,4,2,1,FAIRWAY,FAIRWAY,3,GREEN,GREEN,NORMAL_APPROACH,16.2,161.3,True,5,1,False,True,False,True
방신실,10095,2,13,4,2,1,FAIRWAY,FAIRWAY,3,GREEN,GREEN,NORMAL_APPROACH,7.7,99.1,True,4,0,True,False,False,True
방신실,10095,2,14,4,2,1,FAIRWAY,FAIRWAY,3,GREEN,GREEN,NORMAL_APPROACH,7.2,153.6,True,4,0,True,False,False,True
방신실,10095,2,15,4,2,2,ROUGH,ROUGH,3,GREEN,GREEN,RECOVERY,16.9,97.9,True,5,1,False,True,False,False
방신실,10095,2,16,3,2,2,ROUGH,ROUGH,3,GREEN,GREEN,RECOVERY,1.6,14.2,False,3,0,True,False,False,
방신실,10095,2,17,4,2,2,ROUGH,ROUGH,3,GREEN,GREEN,RECOVERY,8.3,140.9,True,4,0,True,False,False,False
방신실,10095,2,18,5,2,1,FAIRWAY,FAIRWAY,1,FAIRWAY,FAIRWAY,ADVANCE_LAYUP,90.7,258.3,False,5,0,True,False,False,True
방신실,10095,2,18,5,3,1,FAIRWAY,FAIRWAY,12,FRINGE,FRINGE,NORMAL_APPROACH,11.3,90.7,False,5,0,True,False,False,True
방신실,10095,2,18,5,4,12,FRINGE,FRINGE,3,GREEN,GREEN,SHORT_GAME,3.3,11.3,False,5,0,True,False,False,True
방신실,10095,3,1,4,2,1,FAIRWAY,FAIRWAY,3,GREEN,GREEN,NORMAL_APPROACH,6.1,154.6,True,4,0,True,False,False,True
방신실,10095,3,2,3,2,2,ROUGH,ROUGH,3,GREEN,GREEN,RECOVERY,1.3,14.4,False,3,0,True,False,False,
방신실,10095,3,3,4,2,2,ROUGH,ROUGH,12,FRINGE,FRINGE,RECOVERY,6.7,186.2,False,4,0,True,False,False,False
방신실,10095,3,3,4,3,12,FRINGE,FRINGE,3,GREEN,GREEN,SHORT_GAME,0.3,6.7,False,4,0,True,False,False,False
방신실,10095,3,4,5,2,1,FAIRWAY,FAIRWAY,1,FAIRWAY,FAIRWAY,ADVANCE_LAYUP,95.2,292.7,True,5,0,True,False,False,True
방신실,10095,3,4,5,3,1,FAIRWAY,FAIRWAY,3,GREEN,GREEN,NORMAL_APPROACH,1.4,95.2,True,5,0,True,False,False,True
방신실,10095,3,6,4,2,1,FAIRWAY,FAIRWAY,3,GREEN,GREEN,NORMAL_APPROACH,21.0,157.5,True,5,1,False,True,False,True
방신실,10095,3,7,5,2,1,FAIRWAY,FAIRWAY,1,FAIRWAY,FAIRWAY,ADVANCE_LAYUP,81.0,294.4,True,5,0,True,False,False,True
방신실,10095,3,7,5,3,1,FAIRWAY,FAIRWAY,3,GREEN,GREEN,NORMAL_APPROACH,3.6,81.0,True,5,0,True,False,False,True
방신실,10095,3,8,4,2,1,FAIRWAY,FAIRWAY,2,ROUGH,ROUGH,OTHER_UNRESOLVED,9.3,120.9,False,5,1,False,True,False,True
방신실,10095,3,8,4,3,2,ROUGH,ROUGH,3,GREEN,GREEN,RECOVERY,4.1,9.3,False,5,1,False,True,False,True
방신실,10095,3,9,4,2,1,FAIRWAY,FAIRWAY,3,GREEN,GREEN,NORMAL_APPROACH,2.4,88.6,True,3,-1,True,False,False,True
방신실,10095,3,10,5,2,2,ROUGH,ROUGH,1,FAIRWAY,FAIRWAY,RECOVERY,105.3,311.0,True,5,0,True,False,False,False
방신실,10095,3,10,5,3,1,FAIRWAY,FAIRWAY,3,GREEN,GREEN,NORMAL_APPROACH,8.4,105.3,True,5,0,True,False,False,False
방신실,10095,3,12,4,2,7,LOST_BALL,LOST_BALL_PENALTY_RESTART,8,PENALTY_STROKE,LOST_BALL_PENALTY_RESTART,PENALTY_RESTART,382.4,382.4,False,6,2,False,True,True,False
방신실,10095,3,12,4,3,8,PENALTY_STROKE,LOST_BALL_PENALTY_RESTART,1,FAIRWAY,FAIRWAY,PENALTY_RESTART,144.7,382.4,False,6,2,False,True,True,False
방신실,10095,3,12,4,4,1,FAIRWAY,FAIRWAY,3,GREEN,GREEN,NORMAL_APPROACH,10.2,144.7,False,6,2,False,True,True,False
방신실,10095,3,13,4,2,2,ROUGH,ROUGH,1,FAIRWAY,FAIRWAY,RECOVERY,66.2,142.5,False,5,1,False,True,False,False
방신실,10095,3,13,4,3,1,FAIRWAY,FAIRWAY,3,GREEN,GREEN,NORMAL_APPROACH,7.0,66.2,False,5,1,False,True,False,False
방신실,10095,3,14,4,2,1,FAIRWAY,FAIRWAY,3,GREEN,GREEN,NORMAL_APPROACH,12.4,153.2,True,4,0,True,False,False,True
방신실,10095,3,15,4,2,1,FAIRWAY,FAIRWAY,3,GREEN,GREEN,NORMAL_APPROACH,9.2,163.7,True,4,0,True,False,False,True
방신실,10095,3,17,4,2,2,ROUGH,ROUGH,3,GREEN,GREEN,RECOVERY,15.9,131.0,True,4,0,True,False,False,False
방신실,10095,3,18,5,2,1,FAIRWAY,FAIRWAY,1,FAIRWAY,FAIRWAY,ADVANCE_LAYUP,90.8,253.8,True,4,-1,True,False,False,True
방신실,10095,3,18,5,3,1,FAIRWAY,FAIRWAY,3,GREEN,GREEN,NORMAL_APPROACH,3.2,90.8,True,4,-1,True,False,False,True
방신실,10095,4,1,4,2,1,FAIRWAY,FAIRWAY,3,GREEN,GREEN,NORMAL_APPROACH,5.5,152.9,True,5,1,False,True,False,True
방신실,10095,4,3,4,2,2,ROUGH,ROUGH,3,GREEN,GREEN,RECOVERY,22.9,176.8,True,4,0,True,False,False,False
방신실,10095,4,4,5,2,1,FAIRWAY,FAIRWAY,1,FAIRWAY,FAIRWAY,ADVANCE_LAYUP,85.5,280.3,True,5,0,True,False,False,True
방신실,10095,4,4,5,3,1,FAIRWAY,FAIRWAY,3,GREEN,GREEN,NORMAL_APPROACH,3.4,85.5,True,5,0,True,False,False,True
방신실,10095,4,6,4,2,1,FAIRWAY,FAIRWAY,3,GREEN,GREEN,NORMAL_APPROACH,4.6,131.7,True,4,0,True,False,False,True
방신실,10095,4,7,5,2,1,FAIRWAY,FAIRWAY,2,ROUGH,ROUGH,ADVANCE_LAYUP,102.2,267.4,False,4,-1,True,False,False,True
방신실,10095,4,7,5,3,2,ROUGH,ROUGH,12,FRINGE,FRINGE,RECOVERY,5.1,102.2,False,4,-1,True,False,False,True
방신실,10095,4,7,5,4,12,FRINGE,FRINGE,10,HOLED,HOLED,SHORT_GAME,0.0,5.1,False,4,-1,True,False,False,True
방신실,10095,4,8,4,2,1,FAIRWAY,FAIRWAY,3,GREEN,GREEN,NORMAL_APPROACH,8.9,121.3,True,4,0,True,False,False,True
방신실,10095,4,9,4,2,2,ROUGH,ROUGH,3,GREEN,GREEN,RECOVERY,10.2,108.6,True,4,0,True,False,False,False
방신실,10095,4,10,5,2,1,FAIRWAY,FAIRWAY,1,FAIRWAY,FAIRWAY,ADVANCE_LAYUP,113.8,293.1,True,5,0,True,False,False,True
방신실,10095,4,10,5,3,1,FAIRWAY,FAIRWAY,3,GREEN,GREEN,NORMAL_APPROACH,14.3,113.8,True,5,0,True,False,False,True
방신실,10095,4,11,3,2,2,ROUGH,ROUGH,3,GREEN,GREEN,RECOVERY,1.3,9.8,False,3,0,True,False,False,
방신실,10095,4,12,4,2,2,ROUGH,ROUGH,3,GREEN,GREEN,RECOVERY,17.2,141.0,True,4,0,True,False,False,False
방신실,10095,4,13,4,2,6,BUNKER,BUNKER,3,GREEN,GREEN,RECOVERY,15.8,109.2,True,4,0,True,False,False,False
방신실,10095,4,14,4,2,1,FAIRWAY,FAIRWAY,3,GREEN,GREEN,NORMAL_APPROACH,5.3,142.5,True,3,-1,True,False,False,True
방신실,10095,4,15,4,2,1,FAIRWAY,FAIRWAY,3,GREEN,GREEN,NORMAL_APPROACH,8.9,161.3,True,4,0,True,False,False,True
방신실,10095,4,17,4,2,2,ROUGH,ROUGH,3,GREEN,GREEN,RECOVERY,5.5,118.8,True,4,0,True,False,False,False
방신실,10095,4,18,5,2,2,ROUGH,ROUGH,1,FAIRWAY,FAIRWAY,RECOVERY,270.0,293.1,False,6,1,False,True,False,False
방신실,10095,4,18,5,3,1,FAIRWAY,FAIRWAY,2,ROUGH,ROUGH,ADVANCE_LAYUP,115.4,270.0,False,6,1,False,True,False,False
방신실,10095,4,18,5,4,2,ROUGH,ROUGH,3,GREEN,GREEN,RECOVERY,8.9,115.4,False,6,1,False,True,False,False
김민선7,10097,1,1,4,2,1,FAIRWAY,FAIRWAY,3,GREEN,GREEN,NORMAL_APPROACH,9.4,163.3,True,4,0,True,False,False,True
김민선7,10097,1,3,4,2,2,ROUGH,ROUGH,2,ROUGH,ROUGH,RECOVERY,20.5,191.3,False,4,0,True,False,False,False
김민선7,10097,1,3,4,3,2,ROUGH,ROUGH,3,GREEN,GREEN,RECOVERY,1.2,20.5,False,4,0,True,False,False,False
김민선7,10097,1,4,5,2,2,ROUGH,ROUGH,1,FAIRWAY,FAIRWAY,RECOVERY,110.7,288.7,True,5,0,True,False,False,False
김민선7,10097,1,4,5,3,1,FAIRWAY,FAIRWAY,3,GREEN,GREEN,NORMAL_APPROACH,5.9,110.7,True,5,0,True,False,False,False
김민선7,10097,1,5,3,2,9,GREENSIDE_BUNKER,GREENSIDE_BUNKER,3,GREEN,GREEN,RECOVERY,1.2,14.3,False,4,1,False,True,False,
김민선7,10097,1,6,4,2,1,FAIRWAY,FAIRWAY,3,GREEN,GREEN,NORMAL_APPROACH,8.6,160.0,True,4,0,True,False,False,True
김민선7,10097,1,7,5,2,1,FAIRWAY,FAIRWAY,2,ROUGH,ROUGH,ADVANCE_LAYUP,79.4,245.0,True,6,1,False,True,False,True
김민선7,10097,1,7,5,3,2,ROUGH,ROUGH,3,GREEN,GREEN,RECOVERY,14.7,79.4,True,6,1,False,True,False,True
김민선7,10097,1,8,4,2,2,ROUGH,ROUGH,5,PENALTY_AREA,PENALTY_AREA,RECOVERY,0.0,142.4,False,6,2,False,True,True,False
김민선7,10097,1,8,4,3,5,PENALTY_AREA,PENALTY_AREA,8,PENALTY_STROKE,LOST_BALL_PENALTY_RESTART,PENALTY_RESTART,118.2,0.0,False,6,2,False,True,True,False
김민선7,10097,1,8,4,4,8,PENALTY_STROKE,LOST_BALL_PENALTY_RESTART,3,GREEN,GREEN,PENALTY_RESTART,11.0,118.2,False,6,2,False,True,True,False
김민선7,10097,1,9,4,2,1,FAIRWAY,FAIRWAY,3,GREEN,GREEN,NORMAL_APPROACH,3.1,126.4,True,4,0,True,False,False,True
김민선7,10097,1,10,5,2,2,ROUGH,ROUGH,1,FAIRWAY,FAIRWAY,RECOVERY,128.7,299.5,False,4,-1,True,False,False,False
김민선7,10097,1,10,5,3,1,FAIRWAY,FAIRWAY,2,ROUGH,ROUGH,ADVANCE_LAYUP,8.3,128.7,False,4,-1,True,False,False,False
김민선7,10097,1,10,5,4,2,ROUGH,ROUGH,10,HOLED,HOLED,RECOVERY,0.0,8.3,False,4,-1,True,False,False,False
김민선7,10097,1,12,4,2,2,ROUGH,ROUGH,3,GREEN,GREEN,RECOVERY,6.0,158.0,True,4,0,True,False,False,False
김민선7,10097,1,13,4,2,1,FAIRWAY,FAIRWAY,2,ROUGH,ROUGH,OTHER_UNRESOLVED,12.8,102.0,False,5,1,False,True,False,True
김민선7,10097,1,13,4,3,2,ROUGH,ROUGH,3,GREEN,GREEN,RECOVERY,4.6,12.8,False,5,1,False,True,False,True
김민선7,10097,1,14,4,2,1,FAIRWAY,FAIRWAY,3,GREEN,GREEN,NORMAL_APPROACH,6.0,143.9,True,4,0,True,False,False,True
김민선7,10097,1,15,4,2,1,FAIRWAY,FAIRWAY,2,ROUGH,ROUGH,OTHER_UNRESOLVED,18.5,149.3,False,5,1,False,True,False,True
김민선7,10097,1,15,4,3,2,ROUGH,ROUGH,3,GREEN,GREEN,RECOVERY,2.0,18.5,False,5,1,False,True,False,True
김민선7,10097,1,17,4,2,1,FAIRWAY,FAIRWAY,3,GREEN,GREEN,NORMAL_APPROACH,4.1,120.9,True,4,0,True,False,False,True
김민선7,10097,1,18,5,2,2,ROUGH,ROUGH,2,ROUGH,ROUGH,RECOVERY,120.8,279.0,True,5,0,True,False,False,False
김민선7,10097,1,18,5,3,2,ROUGH,ROUGH,3,GREEN,GREEN,RECOVERY,6.8,120.8,True,5,0,True,False,False,False
김민선7,10097,2,1,4,2,1,FAIRWAY,FAIRWAY,2,ROUGH,ROUGH,OTHER_UNRESOLVED,21.4,150.0,False,4,0,True,False,False,True
김민선7,10097,2,1,4,3,2,ROUGH,ROUGH,3,GREEN,GREEN,RECOVERY,1.8,21.4,False,4,0,True,False,False,True
김민선7,10097,2,3,4,2,1,FAIRWAY,FAIRWAY,3,GREEN,GREEN,NORMAL_APPROACH,10.8,197.3,True,4,0,True,False,False,True
김민선7,10097,2,4,5,2,1,FAIRWAY,FAIRWAY,1,FAIRWAY,FAIRWAY,ADVANCE_LAYUP,157.7,299.7,False,5,0,True,False,False,True
김민선7,10097,2,4,5,3,1,FAIRWAY,FAIRWAY,2,ROUGH,ROUGH,ADVANCE_LAYUP,15.3,157.7,False,5,0,True,False,False,True
김민선7,10097,2,4,5,4,2,ROUGH,ROUGH,3,GREEN,GREEN,RECOVERY,1.4,15.3,False,5,0,True,False,False,True
김민선7,10097,2,6,4,2,1,FAIRWAY,FAIRWAY,12,FRINGE,FRINGE,NORMAL_APPROACH,5.5,150.2,False,4,0,True,False,False,True
김민선7,10097,2,6,4,3,12,FRINGE,FRINGE,3,GREEN,GREEN,SHORT_GAME,1.0,5.5,False,4,0,True,False,False,True
김민선7,10097,2,7,5,2,1,FAIRWAY,FAIRWAY,1,FAIRWAY,FAIRWAY,ADVANCE_LAYUP,87.8,287.2,True,5,0,True,False,False,True
김민선7,10097,2,7,5,3,1,FAIRWAY,FAIRWAY,3,GREEN,GREEN,NORMAL_APPROACH,4.7,87.8,True,5,0,True,False,False,True
김민선7,10097,2,8,4,2,2,ROUGH,ROUGH,12,FRINGE,FRINGE,RECOVERY,14.2,127.4,False,4,0,True,False,False,False
김민선7,10097,2,8,4,3,12,FRINGE,FRINGE,3,GREEN,GREEN,SHORT_GAME,1.6,14.2,False,4,0,True,False,False,False
김민선7,10097,2,9,4,2,1,FAIRWAY,FAIRWAY,3,GREEN,GREEN,NORMAL_APPROACH,10.4,114.7,True,4,0,True,False,False,True
김민선7,10097,2,10,5,2,1,FAIRWAY,FAIRWAY,1,FAIRWAY,FAIRWAY,ADVANCE_LAYUP,127.8,312.8,False,5,0,True,False,False,True
김민선7,10097,2,10,5,3,1,FAIRWAY,FAIRWAY,12,FRINGE,FRINGE,NORMAL_APPROACH,5.6,127.8,False,5,0,True,False,False,True
김민선7,10097,2,10,5,4,12,FRINGE,FRINGE,3,GREEN,GREEN,SHORT_GAME,0.3,5.6,False,5,0,True,False,False,True
김민선7,10097,2,11,3,2,2,ROUGH,ROUGH,3,GREEN,GREEN,RECOVERY,1.2,11.2,False,3,0,True,False,False,
김민선7,10097,2,12,4,2,1,FAIRWAY,FAIRWAY,3,GREEN,GREEN,NORMAL_APPROACH,17.1,171.2,True,4,0,True,False,False,True
김민선7,10097,2,13,4,2,2,ROUGH,ROUGH,12,FRINGE,FRINGE,RECOVERY,14.4,99.2,False,4,0,True,False,False,False
김민선7,10097,2,13,4,3,12,FRINGE,FRINGE,3,GREEN,GREEN,SHORT_GAME,0.4,14.4,False,4,0,True,False,False,False
김민선7,10097,2,14,4,2,2,ROUGH,ROUGH,3,GREEN,GREEN,RECOVERY,11.2,146.2,True,4,0,True,False,False,False
김민선7,10097,2,15,4,2,1,FAIRWAY,FAIRWAY,3,GREEN,GREEN,NORMAL_APPROACH,3.4,144.9,True,4,0,True,False,False,True
김민선7,10097,2,17,4,2,1,FAIRWAY,FAIRWAY,3,GREEN,GREEN,NORMAL_APPROACH,14.3,140.4,True,4,0,True,False,False,True
김민선7,10097,2,18,5,2,1,FAIRWAY,FAIRWAY,1,FAIRWAY,FAIRWAY,ADVANCE_LAYUP,124.3,274.0,True,5,0,True,False,False,True
김민선7,10097,2,18,5,3,1,FAIRWAY,FAIRWAY,3,GREEN,GREEN,NORMAL_APPROACH,4.6,124.3,True,5,0,True,False,False,True
김민선7,10097,3,1,4,2,2,ROUGH,ROUGH,3,GREEN,GREEN,RECOVERY,11.0,177.6,True,4,0,True,False,False,False
김민선7,10097,3,3,4,2,1,FAIRWAY,FAIRWAY,9,GREENSIDE_BUNKER,GREENSIDE_BUNKER,OTHER_UNRESOLVED,21.5,191.9,False,5,1,False,True,False,True
김민선7,10097,3,3,4,3,9,GREENSIDE_BUNKER,GREENSIDE_BUNKER,9,GREENSIDE_BUNKER,GREENSIDE_BUNKER,RECOVERY,23.2,21.5,False,5,1,False,True,False,True
김민선7,10097,3,3,4,4,9,GREENSIDE_BUNKER,GREENSIDE_BUNKER,3,GREEN,GREEN,RECOVERY,1.8,23.2,False,5,1,False,True,False,True
김민선7,10097,3,4,5,2,2,ROUGH,ROUGH,2,ROUGH,ROUGH,RECOVERY,176.7,308.3,False,6,1,False,True,False,False
김민선7,10097,3,4,5,3,2,ROUGH,ROUGH,2,ROUGH,ROUGH,RECOVERY,29.2,176.7,False,6,1,False,True,False,False
김민선7,10097,3,4,5,4,2,ROUGH,ROUGH,3,GREEN,GREEN,RECOVERY,2.3,29.2,False,6,1,False,True,False,False
김민선7,10097,3,6,4,2,1,FAIRWAY,FAIRWAY,3,GREEN,GREEN,NORMAL_APPROACH,1.1,165.2,True,3,-1,True,False,False,True
김민선7,10097,3,7,5,2,1,FAIRWAY,FAIRWAY,1,FAIRWAY,FAIRWAY,ADVANCE_LAYUP,107.3,294.0,True,5,0,True,False,False,True
김민선7,10097,3,7,5,3,1,FAIRWAY,FAIRWAY,3,GREEN,GREEN,NORMAL_APPROACH,6.9,107.3,True,5,0,True,False,False,True
김민선7,10097,3,8,4,2,1,FAIRWAY,FAIRWAY,3,GREEN,GREEN,NORMAL_APPROACH,14.3,136.6,True,4,0,True,False,False,True
김민선7,10097,3,9,4,2,2,ROUGH,ROUGH,12,FRINGE,FRINGE,RECOVERY,28.1,132.7,False,5,1,False,True,False,False
김민선7,10097,3,9,4,3,12,FRINGE,FRINGE,3,GREEN,GREEN,SHORT_GAME,17.3,28.1,False,5,1,False,True,False,False
김민선7,10097,3,10,5,2,4,OB,LOST_BALL_PENALTY_RESTART,8,PENALTY_STROKE,LOST_BALL_PENALTY_RESTART,PENALTY_RESTART,552.5,0.0,False,7,2,False,True,True,False
김민선7,10097,3,10,5,3,8,PENALTY_STROKE,LOST_BALL_PENALTY_RESTART,1,FAIRWAY,FAIRWAY,PENALTY_RESTART,305.5,552.5,False,7,2,False,True,True,False
김민선7,10097,3,10,5,4,1,FAIRWAY,FAIRWAY,1,FAIRWAY,FAIRWAY,ADVANCE_LAYUP,135.4,305.5,False,7,2,False,True,True,False
김민선7,10097,3,10,5,5,1,FAIRWAY,FAIRWAY,3,GREEN,GREEN,NORMAL_APPROACH,8.6,135.4,False,7,2,False,True,True,False
김민선7,10097,3,11,3,2,2,ROUGH,ROUGH,3,GREEN,GREEN,RECOVERY,1.7,8.2,False,3,0,True,False,False,
김민선7,10097,3,12,4,2,1,FAIRWAY,FAIRWAY,3,GREEN,GREEN,NORMAL_APPROACH,4.8,145.3,True,4,0,True,False,False,True
김민선7,10097,3,13,4,2,1,FAIRWAY,FAIRWAY,3,GREEN,GREEN,NORMAL_APPROACH,0.7,126.6,True,3,-1,True,False,False,True
김민선7,10097,3,14,4,2,1,FAIRWAY,FAIRWAY,3,GREEN,GREEN,NORMAL_APPROACH,2.5,149.9,True,3,-1,True,False,False,True
김민선7,10097,3,15,4,2,2,ROUGH,ROUGH,2,ROUGH,ROUGH,RECOVERY,16.0,136.0,False,4,0,True,False,False,False
김민선7,10097,3,15,4,3,2,ROUGH,ROUGH,3,GREEN,GREEN,RECOVERY,3.3,16.0,False,4,0,True,False,False,False
김민선7,10097,3,16,3,2,12,FRINGE,FRINGE,3,GREEN,GREEN,SHORT_GAME,3.3,20.3,False,3,0,True,False,False,
김민선7,10097,3,17,4,2,1,FAIRWAY,FAIRWAY,3,GREEN,GREEN,NORMAL_APPROACH,5.6,120.8,True,4,0,True,False,False,True
김민선7,10097,3,18,5,2,1,FAIRWAY,FAIRWAY,1,FAIRWAY,FAIRWAY,ADVANCE_LAYUP,82.7,262.4,True,5,0,True,False,False,True
김민선7,10097,3,18,5,3,1,FAIRWAY,FAIRWAY,3,GREEN,GREEN,NORMAL_APPROACH,6.3,82.7,True,5,0,True,False,False,True
김민선7,10097,4,1,4,2,2,ROUGH,ROUGH,12,FRINGE,FRINGE,RECOVERY,24.2,182.9,False,5,1,False,True,False,False
김민선7,10097,4,1,4,3,12,FRINGE,FRINGE,3,GREEN,GREEN,SHORT_GAME,2.3,24.2,False,5,1,False,True,False,False
김민선7,10097,4,3,4,2,1,FAIRWAY,FAIRWAY,3,GREEN,GREEN,NORMAL_APPROACH,9.0,195.8,True,4,0,True,False,False,True
김민선7,10097,4,4,5,2,1,FAIRWAY,FAIRWAY,1,FAIRWAY,FAIRWAY,ADVANCE_LAYUP,88.5,286.4,True,4,-1,True,False,False,True
김민선7,10097,4,4,5,3,1,FAIRWAY,FAIRWAY,3,GREEN,GREEN,NORMAL_APPROACH,0.1,88.5,True,4,-1,True,False,False,True
김민선7,10097,4,6,4,2,7,LOST_BALL,LOST_BALL_PENALTY_RESTART,8,PENALTY_STROKE,LOST_BALL_PENALTY_RESTART,PENALTY_RESTART,381.3,381.3,False,6,2,False,True,True,False
김민선7,10097,4,6,4,3,8,PENALTY_STROKE,LOST_BALL_PENALTY_RESTART,1,FAIRWAY,FAIRWAY,PENALTY_RESTART,129.1,381.3,False,6,2,False,True,True,False
김민선7,10097,4,6,4,4,1,FAIRWAY,FAIRWAY,3,GREEN,GREEN,NORMAL_APPROACH,5.9,129.1,False,6,2,False,True,True,False
김민선7,10097,4,7,5,2,1,FAIRWAY,FAIRWAY,2,ROUGH,ROUGH,ADVANCE_LAYUP,100.2,287.6,True,5,0,True,False,False,True
김민선7,10097,4,7,5,3,2,ROUGH,ROUGH,3,GREEN,GREEN,RECOVERY,13.7,100.2,True,5,0,True,False,False,True
김민선7,10097,4,8,4,2,1,FAIRWAY,FAIRWAY,3,GREEN,GREEN,NORMAL_APPROACH,2.0,115.5,True,3,-1,True,False,False,True
김민선7,10097,4,9,4,2,1,FAIRWAY,FAIRWAY,3,GREEN,GREEN,NORMAL_APPROACH,6.8,109.1,True,4,0,True,False,False,True
김민선7,10097,4,10,5,2,1,FAIRWAY,FAIRWAY,1,FAIRWAY,FAIRWAY,ADVANCE_LAYUP,96.6,293.7,True,5,0,True,False,False,True
김민선7,10097,4,10,5,3,1,FAIRWAY,FAIRWAY,3,GREEN,GREEN,NORMAL_APPROACH,6.9,96.6,True,5,0,True,False,False,True
김민선7,10097,4,11,3,2,2,ROUGH,ROUGH,3,GREEN,GREEN,RECOVERY,5.9,14.4,False,4,1,False,True,False,
김민선7,10097,4,12,4,2,1,FAIRWAY,FAIRWAY,3,GREEN,GREEN,NORMAL_APPROACH,11.6,145.3,True,4,0,True,False,False,True
김민선7,10097,4,13,4,2,2,ROUGH,ROUGH,12,FRINGE,FRINGE,RECOVERY,11.6,143.6,False,5,1,False,True,False,False
김민선7,10097,4,13,4,3,12,FRINGE,FRINGE,3,GREEN,GREEN,SHORT_GAME,3.4,11.6,False,5,1,False,True,False,False
김민선7,10097,4,14,4,2,1,FAIRWAY,FAIRWAY,12,FRINGE,FRINGE,NORMAL_APPROACH,12.0,151.9,False,4,0,True,False,False,True
김민선7,10097,4,14,4,3,12,FRINGE,FRINGE,3,GREEN,GREEN,SHORT_GAME,0.2,12.0,False,4,0,True,False,False,True
김민선7,10097,4,15,4,2,2,ROUGH,ROUGH,3,GREEN,GREEN,RECOVERY,19.8,170.4,True,4,0,True,False,False,False
김민선7,10097,4,17,4,2,1,FAIRWAY,FAIRWAY,3,GREEN,GREEN,NORMAL_APPROACH,7.4,115.0,True,4,0,True,False,False,True
김민선7,10097,4,18,5,2,1,FAIRWAY,FAIRWAY,1,FAIRWAY,FAIRWAY,ADVANCE_LAYUP,79.2,280.1,True,5,0,True,False,False,True
김민선7,10097,4,18,5,3,1,FAIRWAY,FAIRWAY,3,GREEN,GREEN,NORMAL_APPROACH,5.9,79.2,True,5,0,True,False,False,True
고지원,10109,1,1,4,2,1,FAIRWAY,FAIRWAY,2,ROUGH,ROUGH,OTHER_UNRESOLVED,22.5,185.9,False,5,1,False,True,False,True
고지원,10109,1,1,4,3,2,ROUGH,ROUGH,3,GREEN,GREEN,RECOVERY,5.6,22.5,False,5,1,False,True,False,True
고지원,10109,1,3,4,2,1,FAIRWAY,FAIRWAY,9,GREENSIDE_BUNKER,GREENSIDE_BUNKER,OTHER_UNRESOLVED,16.1,183.3,False,4,0,True,False,False,True
고지원,10109,1,3,4,3,9,GREENSIDE_BUNKER,GREENSIDE_BUNKER,3,GREEN,GREEN,RECOVERY,3.5,16.1,False,4,0,True,False,False,True
고지원,10109,1,4,5,2,1,FAIRWAY,FAIRWAY,1,FAIRWAY,FAIRWAY,ADVANCE_LAYUP,73.9,288.2,True,6,1,False,True,False,True
고지원,10109,1,4,5,3,1,FAIRWAY,FAIRWAY,3,GREEN,GREEN,NORMAL_APPROACH,1.7,73.9,True,6,1,False,True,False,True
고지원,10109,1,6,4,2,1,FAIRWAY,FAIRWAY,12,FRINGE,FRINGE,NORMAL_APPROACH,16.9,178.1,False,4,0,True,False,False,True
고지원,10109,1,6,4,3,12,FRINGE,FRINGE,3,GREEN,GREEN,SHORT_GAME,1.9,16.9,False,4,0,True,False,False,True
고지원,10109,1,7,5,2,1,FAIRWAY,FAIRWAY,1,FAIRWAY,FAIRWAY,ADVANCE_LAYUP,64.8,263.6,True,5,0,True,False,False,True
고지원,10109,1,7,5,3,1,FAIRWAY,FAIRWAY,3,GREEN,GREEN,NORMAL_APPROACH,3.8,64.8,True,5,0,True,False,False,True
고지원,10109,1,8,4,2,1,FAIRWAY,FAIRWAY,3,GREEN,GREEN,NORMAL_APPROACH,12.3,154.3,True,5,1,False,True,False,True
고지원,10109,1,9,4,2,2,ROUGH,ROUGH,2,ROUGH,ROUGH,RECOVERY,17.5,145.8,False,4,0,True,False,False,False
고지원,10109,1,9,4,3,2,ROUGH,ROUGH,3,GREEN,GREEN,RECOVERY,0.2,17.5,False,4,0,True,False,False,False
고지원,10109,1,10,5,2,2,ROUGH,ROUGH,1,FAIRWAY,FAIRWAY,RECOVERY,122.8,308.4,False,5,0,True,False,False,False
고지원,10109,1,10,5,3,1,FAIRWAY,FAIRWAY,2,ROUGH,ROUGH,ADVANCE_LAYUP,10.4,122.8,False,5,0,True,False,False,False
고지원,10109,1,10,5,4,2,ROUGH,ROUGH,3,GREEN,GREEN,RECOVERY,1.0,10.4,False,5,0,True,False,False,False
고지원,10109,1,12,4,2,1,FAIRWAY,FAIRWAY,3,GREEN,GREEN,NORMAL_APPROACH,15.1,131.1,True,5,1,False,True,False,True
고지원,10109,1,13,4,2,1,FAIRWAY,FAIRWAY,3,GREEN,GREEN,NORMAL_APPROACH,10.4,115.0,True,4,0,True,False,False,True
고지원,10109,1,14,4,2,1,FAIRWAY,FAIRWAY,12,FRINGE,FRINGE,NORMAL_APPROACH,19.7,132.0,False,4,0,True,False,False,True
고지원,10109,1,14,4,3,12,FRINGE,FRINGE,3,GREEN,GREEN,SHORT_GAME,0.5,19.7,False,4,0,True,False,False,True
고지원,10109,1,15,4,2,2,ROUGH,ROUGH,3,GREEN,GREEN,RECOVERY,13.9,141.1,True,5,1,False,True,False,False
고지원,10109,1,16,3,2,12,FRINGE,FRINGE,3,GREEN,GREEN,SHORT_GAME,1.2,15.3,False,3,0,True,False,False,
고지원,10109,1,17,4,2,1,FAIRWAY,FAIRWAY,2,ROUGH,ROUGH,OTHER_UNRESOLVED,9.7,134.5,False,5,1,False,True,False,True
고지원,10109,1,17,4,3,2,ROUGH,ROUGH,3,GREEN,GREEN,RECOVERY,2.5,9.7,False,5,1,False,True,False,True
고지원,10109,1,18,5,2,1,FAIRWAY,FAIRWAY,5,PENALTY_AREA,PENALTY_AREA,ADVANCE_LAYUP,0.0,295.6,False,5,0,True,False,False,True
고지원,10109,1,18,5,3,5,PENALTY_AREA,PENALTY_AREA,8,PENALTY_STROKE,LOST_BALL_PENALTY_RESTART,PENALTY_RESTART,112.6,0.0,False,5,0,True,False,False,True
고지원,10109,1,18,5,4,8,PENALTY_STROKE,LOST_BALL_PENALTY_RESTART,3,GREEN,GREEN,PENALTY_RESTART,3.3,112.6,False,5,0,True,False,False,True
고지원,10109,2,1,4,2,6,BUNKER,BUNKER,1,FAIRWAY,FAIRWAY,RECOVERY,72.2,156.2,False,5,1,False,True,False,False
고지원,10109,2,1,4,3,1,FAIRWAY,FAIRWAY,12,FRINGE,FRINGE,NORMAL_APPROACH,6.3,72.2,False,5,1,False,True,False,False
고지원,10109,2,1,4,4,12,FRINGE,FRINGE,3,GREEN,GREEN,SHORT_GAME,0.2,6.3,False,5,1,False,True,False,False
고지원,10109,2,3,4,2,1,FAIRWAY,FAIRWAY,3,GREEN,GREEN,NORMAL_APPROACH,6.4,177.7,True,4,0,True,False,False,True
고지원,10109,2,4,5,2,2,ROUGH,ROUGH,1,FAIRWAY,FAIRWAY,RECOVERY,98.7,295.0,True,4,-1,True,False,False,False
고지원,10109,2,4,5,3,1,FAIRWAY,FAIRWAY,3,GREEN,GREEN,NORMAL_APPROACH,4.9,98.7,True,4,-1,True,False,False,False
고지원,10109,2,6,4,2,2,ROUGH,ROUGH,1,FAIRWAY,FAIRWAY,RECOVERY,109.8,189.1,False,5,1,False,True,False,False
고지원,10109,2,6,4,3,1,FAIRWAY,FAIRWAY,3,GREEN,GREEN,NORMAL_APPROACH,5.6,109.8,False,5,1,False,True,False,False
고지원,10109,2,7,5,2,2,ROUGH,ROUGH,1,FAIRWAY,FAIRWAY,RECOVERY,75.6,287.3,True,6,1,False,True,False,False
고지원,10109,2,7,5,3,1,FAIRWAY,FAIRWAY,3,GREEN,GREEN,NORMAL_APPROACH,4.2,75.6,True,6,1,False,True,False,False
고지원,10109,2,8,4,2,2,ROUGH,ROUGH,2,ROUGH,ROUGH,RECOVERY,27.1,114.3,False,5,1,False,True,False,False
고지원,10109,2,8,4,3,2,ROUGH,ROUGH,3,GREEN,GREEN,RECOVERY,2.3,27.1,False,5,1,False,True,False,False
고지원,10109,2,9,4,2,1,FAIRWAY,FAIRWAY,3,GREEN,GREEN,NORMAL_APPROACH,11.9,130.8,True,4,0,True,False,False,True
고지원,10109,2,10,5,2,1,FAIRWAY,FAIRWAY,1,FAIRWAY,FAIRWAY,ADVANCE_LAYUP,136.4,322.8,True,5,0,True,False,False,True
고지원,10109,2,10,5,3,1,FAIRWAY,FAIRWAY,3,GREEN,GREEN,NORMAL_APPROACH,15.7,136.4,True,5,0,True,False,False,True
고지원,10109,2,12,4,2,1,FAIRWAY,FAIRWAY,3,GREEN,GREEN,NORMAL_APPROACH,16.9,162.8,True,5,1,False,True,False,True
고지원,10109,2,13,4,2,1,FAIRWAY,FAIRWAY,3,GREEN,GREEN,NORMAL_APPROACH,2.7,104.4,True,3,-1,True,False,False,True
고지원,10109,2,14,4,2,1,FAIRWAY,FAIRWAY,12,FRINGE,FRINGE,NORMAL_APPROACH,17.7,172.7,False,4,0,True,False,False,True
고지원,10109,2,14,4,3,12,FRINGE,FRINGE,3,GREEN,GREEN,SHORT_GAME,3.0,17.7,False,4,0,True,False,False,True
고지원,10109,2,15,4,2,1,FAIRWAY,FAIRWAY,12,FRINGE,FRINGE,NORMAL_APPROACH,8.4,150.0,False,4,0,True,False,False,True
고지원,10109,2,15,4,3,12,FRINGE,FRINGE,3,GREEN,GREEN,SHORT_GAME,0.5,8.4,False,4,0,True,False,False,True
고지원,10109,2,17,4,2,1,FAIRWAY,FAIRWAY,3,GREEN,GREEN,NORMAL_APPROACH,4.2,145.9,True,4,0,True,False,False,True
고지원,10109,2,18,5,2,1,FAIRWAY,FAIRWAY,2,ROUGH,ROUGH,ADVANCE_LAYUP,95.2,275.1,False,5,0,True,False,False,True
고지원,10109,2,18,5,3,2,ROUGH,ROUGH,12,FRINGE,FRINGE,RECOVERY,11.6,95.2,False,5,0,True,False,False,True
고지원,10109,2,18,5,4,12,FRINGE,FRINGE,3,GREEN,GREEN,SHORT_GAME,0.4,11.6,False,5,0,True,False,False,True
고지원,10109,3,1,4,2,1,FAIRWAY,FAIRWAY,3,GREEN,GREEN,NORMAL_APPROACH,2.5,159.7,True,4,0,True,False,False,True
고지원,10109,3,3,4,2,1,FAIRWAY,FAIRWAY,3,GREEN,GREEN,NORMAL_APPROACH,8.6,191.6,True,4,0,True,False,False,True
고지원,10109,3,4,5,2,1,FAIRWAY,FAIRWAY,2,ROUGH,ROUGH,ADVANCE_LAYUP,99.9,299.1,True,5,0,True,False,False,True
고지원,10109,3,4,5,3,2,ROUGH,ROUGH,3,GREEN,GREEN,RECOVERY,7.7,99.9,True,5,0,True,False,False,True
고지원,10109,3,6,4,2,1,FAIRWAY,FAIRWAY,3,GREEN,GREEN,NORMAL_APPROACH,5.8,173.7,True,4,0,True,False,False,True
고지원,10109,3,7,5,2,1,FAIRWAY,FAIRWAY,1,FAIRWAY,FAIRWAY,ADVANCE_LAYUP,99.6,305.3,True,4,-1,True,False,False,True
고지원,10109,3,7,5,3,1,FAIRWAY,FAIRWAY,3,GREEN,GREEN,NORMAL_APPROACH,1.8,99.6,True,4,-1,True,False,False,True
고지원,10109,3,8,4,2,1,FAIRWAY,FAIRWAY,3,GREEN,GREEN,NORMAL_APPROACH,17.1,144.4,True,5,1,False,True,False,True
고지원,10109,3,9,4,2,1,FAIRWAY,FAIRWAY,3,GREEN,GREEN,NORMAL_APPROACH,0.5,103.5,True,3,-1,True,False,False,True
고지원,10109,3,10,5,2,1,FAIRWAY,FAIRWAY,1,FAIRWAY,FAIRWAY,ADVANCE_LAYUP,134.6,320.0,True,5,0,True,False,False,True
고지원,10109,3,10,5,3,1,FAIRWAY,FAIRWAY,3,GREEN,GREEN,NORMAL_APPROACH,8.7,134.6,True,5,0,True,False,False,True
고지원,10109,3,12,4,2,2,ROUGH,ROUGH,2,ROUGH,ROUGH,RECOVERY,19.1,151.2,False,4,0,True,False,False,False
고지원,10109,3,12,4,3,2,ROUGH,ROUGH,3,GREEN,GREEN,RECOVERY,0.3,19.1,False,4,0,True,False,False,False
고지원,10109,3,13,4,2,1,FAIRWAY,FAIRWAY,3,GREEN,GREEN,NORMAL_APPROACH,1.3,127.2,True,3,-1,True,False,False,True
고지원,10109,3,14,4,2,1,FAIRWAY,FAIRWAY,2,ROUGH,ROUGH,OTHER_UNRESOLVED,11.4,138.7,False,4,0,True,False,False,True
고지원,10109,3,14,4,3,2,ROUGH,ROUGH,3,GREEN,GREEN,RECOVERY,1.5,11.4,False,4,0,True,False,False,True
고지원,10109,3,15,4,2,1,FAIRWAY,FAIRWAY,12,FRINGE,FRINGE,NORMAL_APPROACH,12.9,174.5,False,4,0,True,False,False,True
고지원,10109,3,15,4,3,12,FRINGE,FRINGE,3,GREEN,GREEN,SHORT_GAME,0.3,12.9,False,4,0,True,False,False,True
고지원,10109,3,17,4,2,2,ROUGH,ROUGH,3,GREEN,GREEN,RECOVERY,17.9,125.1,True,4,0,True,False,False,False
고지원,10109,3,18,5,2,2,ROUGH,ROUGH,2,ROUGH,ROUGH,RECOVERY,217.1,284.6,False,6,1,False,True,False,False
고지원,10109,3,18,5,3,2,ROUGH,ROUGH,1,FAIRWAY,FAIRWAY,RECOVERY,187.6,217.1,False,6,1,False,True,False,False
고지원,10109,3,18,5,4,1,FAIRWAY,FAIRWAY,2,ROUGH,ROUGH,ADVANCE_LAYUP,15.2,187.6,False,6,1,False,True,False,False
고지원,10109,3,18,5,5,2,ROUGH,ROUGH,3,GREEN,GREEN,RECOVERY,1.5,15.2,False,6,1,False,True,False,False
고지원,10109,4,1,4,2,1,FAIRWAY,FAIRWAY,2,ROUGH,ROUGH,OTHER_UNRESOLVED,19.6,171.2,False,5,1,False,True,False,True
고지원,10109,4,1,4,3,2,ROUGH,ROUGH,3,GREEN,GREEN,RECOVERY,2.7,19.6,False,5,1,False,True,False,True
고지원,10109,4,2,3,2,2,ROUGH,ROUGH,3,GREEN,GREEN,RECOVERY,1.7,13.6,False,4,1,False,True,False,
고지원,10109,4,3,4,2,1,FAIRWAY,FAIRWAY,2,ROUGH,ROUGH,OTHER_UNRESOLVED,26.1,198.7,False,5,1,False,True,False,True
고지원,10109,4,3,4,3,2,ROUGH,ROUGH,3,GREEN,GREEN,RECOVERY,6.3,26.1,False,5,1,False,True,False,True
고지원,10109,4,4,5,2,1,FAIRWAY,FAIRWAY,2,ROUGH,ROUGH,ADVANCE_LAYUP,80.2,291.1,False,5,0,True,False,False,True
고지원,10109,4,4,5,3,2,ROUGH,ROUGH,2,ROUGH,ROUGH,RECOVERY,33.3,80.2,False,5,0,True,False,False,True
고지원,10109,4,4,5,4,2,ROUGH,ROUGH,3,GREEN,GREEN,RECOVERY,2.6,33.3,False,5,0,True,False,False,True
고지원,10109,4,5,3,2,2,ROUGH,ROUGH,12,FRINGE,FRINGE,RECOVERY,8.8,15.6,False,4,1,False,True,False,
고지원,10109,4,5,3,3,12,FRINGE,FRINGE,3,GREEN,GREEN,SHORT_GAME,0.3,8.8,False,4,1,False,True,False,
고지원,10109,4,6,4,2,2,ROUGH,ROUGH,1,FAIRWAY,FAIRWAY,RECOVERY,67.2,153.5,False,5,1,False,True,False,False
고지원,10109,4,6,4,3,1,FAIRWAY,FAIRWAY,3,GREEN,GREEN,NORMAL_APPROACH,3.0,67.2,False,5,1,False,True,False,False
고지원,10109,4,7,5,2,2,ROUGH,ROUGH,1,FAIRWAY,FAIRWAY,RECOVERY,113.0,282.8,True,5,0,True,False,False,False
고지원,10109,4,7,5,3,1,FAIRWAY,FAIRWAY,3,GREEN,GREEN,NORMAL_APPROACH,8.6,113.0,True,5,0,True,False,False,False
고지원,10109,4,8,4,2,2,ROUGH,ROUGH,3,GREEN,GREEN,RECOVERY,7.2,118.2,True,4,0,True,False,False,False
고지원,10109,4,9,4,2,2,ROUGH,ROUGH,2,ROUGH,ROUGH,RECOVERY,33.2,109.1,False,4,0,True,False,False,False
고지원,10109,4,9,4,3,2,ROUGH,ROUGH,3,GREEN,GREEN,RECOVERY,2.9,33.2,False,4,0,True,False,False,False
고지원,10109,4,10,5,2,1,FAIRWAY,FAIRWAY,1,FAIRWAY,FAIRWAY,ADVANCE_LAYUP,138.3,313.2,True,5,0,True,False,False,True
고지원,10109,4,10,5,3,1,FAIRWAY,FAIRWAY,3,GREEN,GREEN,NORMAL_APPROACH,10.5,138.3,True,5,0,True,False,False,True
고지원,10109,4,12,4,2,2,ROUGH,ROUGH,3,GREEN,GREEN,RECOVERY,8.5,145.3,True,4,0,True,False,False,False
고지원,10109,4,13,4,2,1,FAIRWAY,FAIRWAY,3,GREEN,GREEN,NORMAL_APPROACH,7.0,129.6,True,4,0,True,False,False,True
고지원,10109,4,14,4,2,2,ROUGH,ROUGH,2,ROUGH,ROUGH,RECOVERY,21.2,133.9,False,4,0,True,False,False,False
고지원,10109,4,14,4,3,2,ROUGH,ROUGH,3,GREEN,GREEN,RECOVERY,2.1,21.2,False,4,0,True,False,False,False
고지원,10109,4,15,4,2,1,FAIRWAY,FAIRWAY,5,PENALTY_AREA,PENALTY_AREA,OTHER_UNRESOLVED,0.0,178.8,False,5,1,False,True,False,True
고지원,10109,4,15,4,3,5,PENALTY_AREA,PENALTY_AREA,8,PENALTY_STROKE,LOST_BALL_PENALTY_RESTART,PENALTY_RESTART,35.8,0.0,False,5,1,False,True,False,True
고지원,10109,4,15,4,4,8,PENALTY_STROKE,LOST_BALL_PENALTY_RESTART,3,GREEN,GREEN,PENALTY_RESTART,1.2,35.8,False,5,1,False,True,False,True
고지원,10109,4,17,4,2,2,ROUGH,ROUGH,3,GREEN,GREEN,RECOVERY,14.8,124.2,True,4,0,True,False,False,False
고지원,10109,4,18,5,2,1,FAIRWAY,FAIRWAY,1,FAIRWAY,FAIRWAY,ADVANCE_LAYUP,104.0,311.6,True,5,0,True,False,False,True
고지원,10109,4,18,5,3,1,FAIRWAY,FAIRWAY,3,GREEN,GREEN,NORMAL_APPROACH,5.2,104.0,True,5,0,True,False,False,True
고지우,10112,1,1,4,2,6,BUNKER,BUNKER,6,BUNKER,BUNKER,RECOVERY,175.5,176.4,False,6,2,False,True,True,False
고지우,10112,1,1,4,3,6,BUNKER,BUNKER,2,ROUGH,ROUGH,RECOVERY,67.5,175.5,False,6,2,False,True,True,False
고지우,10112,1,1,4,4,2,ROUGH,ROUGH,3,GREEN,GREEN,RECOVERY,7.2,67.5,False,6,2,False,True,True,False
고지우,10112,1,2,3,2,5,PENALTY_AREA,PENALTY_AREA,8,PENALTY_STROKE,LOST_BALL_PENALTY_RESTART,PENALTY_RESTART,42.5,0.0,False,5,2,False,True,True,
고지우,10112,1,2,3,3,8,PENALTY_STROKE,LOST_BALL_PENALTY_RESTART,3,GREEN,GREEN,PENALTY_RESTART,3.5,42.5,False,5,2,False,True,True,
고지우,10112,1,3,4,2,2,ROUGH,ROUGH,3,GREEN,GREEN,RECOVERY,12.7,197.2,True,5,1,False,True,False,False
고지우,10112,1,4,5,2,1,FAIRWAY,FAIRWAY,2,ROUGH,ROUGH,ADVANCE_LAYUP,93.7,280.5,False,6,1,False,True,False,True
고지우,10112,1,4,5,3,2,ROUGH,ROUGH,2,ROUGH,ROUGH,RECOVERY,18.6,93.7,False,6,1,False,True,False,True
고지우,10112,1,4,5,4,2,ROUGH,ROUGH,3,GREEN,GREEN,RECOVERY,1.6,18.6,False,6,1,False,True,False,True
고지우,10112,1,6,4,2,1,FAIRWAY,FAIRWAY,3,GREEN,GREEN,NORMAL_APPROACH,12.8,159.4,True,4,0,True,False,False,True
고지우,10112,1,7,5,2,1,FAIRWAY,FAIRWAY,2,ROUGH,ROUGH,ADVANCE_LAYUP,76.6,269.0,True,5,0,True,False,False,True
고지우,10112,1,7,5,3,2,ROUGH,ROUGH,3,GREEN,GREEN,RECOVERY,10.2,76.6,True,5,0,True,False,False,True
고지우,10112,1,8,4,2,2,ROUGH,ROUGH,5,PENALTY_AREA,PENALTY_AREA,RECOVERY,20.6,141.0,False,4,0,True,False,False,False
고지우,10112,1,8,4,3,5,PENALTY_AREA,PENALTY_AREA,3,GREEN,GREEN,PENALTY_RESTART,2.2,20.6,False,4,0,True,False,False,False
고지우,10112,1,9,4,2,1,FAIRWAY,FAIRWAY,3,GREEN,GREEN,NORMAL_APPROACH,2.0,113.0,True,3,-1,True,False,False,True
고지우,10112,1,10,5,2,2,ROUGH,ROUGH,1,FAIRWAY,FAIRWAY,RECOVERY,123.8,319.3,True,4,-1,True,False,False,False
고지우,10112,1,10,5,3,1,FAIRWAY,FAIRWAY,3,GREEN,GREEN,NORMAL_APPROACH,1.1,123.8,True,4,-1,True,False,False,False
고지우,10112,1,12,4,2,2,ROUGH,ROUGH,3,GREEN,GREEN,RECOVERY,9.2,143.3,True,4,0,True,False,False,False
고지우,10112,1,13,4,2,1,FAIRWAY,FAIRWAY,3,GREEN,GREEN,NORMAL_APPROACH,16.0,125.4,True,4,0,True,False,False,True
고지우,10112,1,14,4,2,2,ROUGH,ROUGH,2,ROUGH,ROUGH,RECOVERY,17.2,163.0,False,5,1,False,True,False,False
고지우,10112,1,14,4,3,2,ROUGH,ROUGH,3,GREEN,GREEN,RECOVERY,2.6,17.2,False,5,1,False,True,False,False
고지우,10112,1,15,4,2,2,ROUGH,ROUGH,2,ROUGH,ROUGH,RECOVERY,19.3,153.6,False,4,0,True,False,False,False
고지우,10112,1,15,4,3,2,ROUGH,ROUGH,3,GREEN,GREEN,RECOVERY,0.5,19.3,False,4,0,True,False,False,False
고지우,10112,1,16,3,2,5,PENALTY_AREA,PENALTY_AREA,8,PENALTY_STROKE,LOST_BALL_PENALTY_RESTART,PENALTY_RESTART,112.1,0.0,False,5,2,False,True,True,
고지우,10112,1,16,3,3,8,PENALTY_STROKE,LOST_BALL_PENALTY_RESTART,12,FRINGE,FRINGE,PENALTY_RESTART,9.7,112.1,False,5,2,False,True,True,
고지우,10112,1,16,3,4,12,FRINGE,FRINGE,3,GREEN,GREEN,SHORT_GAME,0.5,9.7,False,5,2,False,True,True,
고지우,10112,1,17,4,2,1,FAIRWAY,FAIRWAY,3,GREEN,GREEN,NORMAL_APPROACH,9.6,142.5,True,4,0,True,False,False,True
고지우,10112,1,18,5,2,1,FAIRWAY,FAIRWAY,2,ROUGH,ROUGH,ADVANCE_LAYUP,147.1,269.6,False,7,2,False,True,True,True
고지우,10112,1,18,5,3,2,ROUGH,ROUGH,1,FAIRWAY,FAIRWAY,RECOVERY,78.7,147.1,False,7,2,False,True,True,True
고지우,10112,1,18,5,4,1,FAIRWAY,FAIRWAY,3,GREEN,GREEN,NORMAL_APPROACH,22.6,78.7,False,7,2,False,True,True,True
임진영,10138,1,1,4,2,1,FAIRWAY,FAIRWAY,3,GREEN,GREEN,NORMAL_APPROACH,3.0,181.5,True,4,0,True,False,False,True
임진영,10138,1,3,4,2,1,FAIRWAY,FAIRWAY,2,ROUGH,ROUGH,OTHER_UNRESOLVED,10.1,192.9,False,4,0,True,False,False,True
임진영,10138,1,3,4,3,2,ROUGH,ROUGH,3,GREEN,GREEN,RECOVERY,1.3,10.1,False,4,0,True,False,False,True
임진영,10138,1,4,5,2,1,FAIRWAY,FAIRWAY,1,FAIRWAY,FAIRWAY,ADVANCE_LAYUP,112.8,304.4,True,5,0,True,False,False,True
임진영,10138,1,4,5,3,1,FAIRWAY,FAIRWAY,3,GREEN,GREEN,NORMAL_APPROACH,5.6,112.8,True,5,0,True,False,False,True
임진영,10138,1,5,3,2,12,FRINGE,FRINGE,3,GREEN,GREEN,SHORT_GAME,0.5,8.5,False,3,0,True,False,False,
임진영,10138,1,6,4,2,2,ROUGH,ROUGH,9,GREENSIDE_BUNKER,GREENSIDE_BUNKER,RECOVERY,31.6,182.2,False,4,0,True,False,False,False
임진영,10138,1,6,4,3,9,GREENSIDE_BUNKER,GREENSIDE_BUNKER,3,GREEN,GREEN,RECOVERY,2.9,31.6,False,4,0,True,False,False,False
임진영,10138,1,7,5,2,2,ROUGH,ROUGH,1,FAIRWAY,FAIRWAY,RECOVERY,79.7,279.3,True,5,0,True,False,False,False
임진영,10138,1,7,5,3,1,FAIRWAY,FAIRWAY,3,GREEN,GREEN,NORMAL_APPROACH,2.9,79.7,True,5,0,True,False,False,False
임진영,10138,1,8,4,2,1,FAIRWAY,FAIRWAY,3,GREEN,GREEN,NORMAL_APPROACH,2.6,142.8,True,4,0,True,False,False,True
임진영,10138,1,9,4,2,1,FAIRWAY,FAIRWAY,3,GREEN,GREEN,NORMAL_APPROACH,6.1,131.7,True,4,0,True,False,False,True
임진영,10138,1,10,5,2,7,LOST_BALL,LOST_BALL_PENALTY_RESTART,8,PENALTY_STROKE,LOST_BALL_PENALTY_RESTART,PENALTY_RESTART,542.2,542.2,False,7,2,False,True,True,False
임진영,10138,1,10,5,3,8,PENALTY_STROKE,LOST_BALL_PENALTY_RESTART,1,FAIRWAY,FAIRWAY,PENALTY_RESTART,295.3,542.2,False,7,2,False,True,True,False
임진영,10138,1,10,5,4,1,FAIRWAY,FAIRWAY,1,FAIRWAY,FAIRWAY,ADVANCE_LAYUP,130.3,295.3,False,7,2,False,True,True,False
임진영,10138,1,10,5,5,1,FAIRWAY,FAIRWAY,2,ROUGH,ROUGH,ADVANCE_LAYUP,10.2,130.3,False,7,2,False,True,True,False
임진영,10138,1,10,5,6,2,ROUGH,ROUGH,3,GREEN,GREEN,RECOVERY,1.0,10.2,False,7,2,False,True,True,False
임진영,10138,1,12,4,2,2,ROUGH,ROUGH,2,ROUGH,ROUGH,RECOVERY,26.6,150.6,False,5,1,False,True,False,False
임진영,10138,1,12,4,3,2,ROUGH,ROUGH,3,GREEN,GREEN,RECOVERY,9.4,26.6,False,5,1,False,True,False,False
임진영,10138,1,13,4,2,1,FAIRWAY,FAIRWAY,3,GREEN,GREEN,NORMAL_APPROACH,8.5,120.5,True,4,0,True,False,False,True
임진영,10138,1,14,4,2,1,FAIRWAY,FAIRWAY,3,GREEN,GREEN,NORMAL_APPROACH,9.2,149.4,True,4,0,True,False,False,True
임진영,10138,1,15,4,2,1,FAIRWAY,FAIRWAY,3,GREEN,GREEN,NORMAL_APPROACH,15.3,155.5,True,4,0,True,False,False,True
임진영,10138,1,17,4,2,2,ROUGH,ROUGH,3,GREEN,GREEN,RECOVERY,6.8,135.8,True,4,0,True,False,False,False
임진영,10138,1,18,5,2,1,FAIRWAY,FAIRWAY,2,ROUGH,ROUGH,ADVANCE_LAYUP,109.5,272.8,True,5,0,True,False,False,True
임진영,10138,1,18,5,3,2,ROUGH,ROUGH,3,GREEN,GREEN,RECOVERY,10.8,109.5,True,5,0,True,False,False,True
임진영,10138,2,1,4,2,1,FAIRWAY,FAIRWAY,2,ROUGH,ROUGH,OTHER_UNRESOLVED,19.1,163.9,False,5,1,False,True,False,True
임진영,10138,2,1,4,3,2,ROUGH,ROUGH,3,GREEN,GREEN,RECOVERY,3.3,19.1,False,5,1,False,True,False,True
임진영,10138,2,3,4,2,1,FAIRWAY,FAIRWAY,9,GREENSIDE_BUNKER,GREENSIDE_BUNKER,OTHER_UNRESOLVED,26.6,184.3,False,4,0,True,False,False,True
임진영,10138,2,3,4,3,9,GREENSIDE_BUNKER,GREENSIDE_BUNKER,3,GREEN,GREEN,RECOVERY,0.4,26.6,False,4,0,True,False,False,True
임진영,10138,2,4,5,2,2,ROUGH,ROUGH,2,ROUGH,ROUGH,RECOVERY,131.9,307.0,True,4,-1,True,False,False,False
임진영,10138,2,4,5,3,2,ROUGH,ROUGH,3,GREEN,GREEN,RECOVERY,8.9,131.9,True,4,-1,True,False,False,False
임진영,10138,2,6,4,2,1,FAIRWAY,FAIRWAY,9,GREENSIDE_BUNKER,GREENSIDE_BUNKER,OTHER_UNRESOLVED,22.4,158.5,False,4,0,True,False,False,True
임진영,10138,2,6,4,3,9,GREENSIDE_BUNKER,GREENSIDE_BUNKER,3,GREEN,GREEN,RECOVERY,1.8,22.4,False,4,0,True,False,False,True
임진영,10138,2,7,5,2,1,FAIRWAY,FAIRWAY,2,ROUGH,ROUGH,ADVANCE_LAYUP,107.6,298.5,True,5,0,True,False,False,True
임진영,10138,2,7,5,3,2,ROUGH,ROUGH,3,GREEN,GREEN,RECOVERY,10.5,107.6,True,5,0,True,False,False,True
임진영,10138,2,8,4,2,2,ROUGH,ROUGH,1,FAIRWAY,FAIRWAY,RECOVERY,98.8,113.4,False,5,1,False,True,False,False
임진영,10138,2,8,4,3,1,FAIRWAY,FAIRWAY,3,GREEN,GREEN,NORMAL_APPROACH,7.6,98.8,False,5,1,False,True,False,False
임진영,10138,2,9,4,2,2,ROUGH,ROUGH,3,GREEN,GREEN,RECOVERY,11.9,121.8,True,4,0,True,False,False,False
임진영,10138,2,10,5,2,2,ROUGH,ROUGH,1,FAIRWAY,FAIRWAY,RECOVERY,185.9,329.2,False,5,0,True,False,False,False
임진영,10138,2,10,5,3,1,FAIRWAY,FAIRWAY,2,ROUGH,ROUGH,ADVANCE_LAYUP,11.0,185.9,False,5,0,True,False,False,False
임진영,10138,2,10,5,4,2,ROUGH,ROUGH,3,GREEN,GREEN,RECOVERY,0.3,11.0,False,5,0,True,False,False,False
임진영,10138,2,11,3,2,12,FRINGE,FRINGE,3,GREEN,GREEN,SHORT_GAME,0.7,7.4,False,3,0,True,False,False,
임진영,10138,2,12,4,2,2,ROUGH,ROUGH,3,GREEN,GREEN,RECOVERY,23.6,168.9,True,4,0,True,False,False,False
임진영,10138,2,13,4,2,2,ROUGH,ROUGH,3,GREEN,GREEN,RECOVERY,8.3,125.0,True,4,0,True,False,False,False
임진영,10138,2,14,4,2,2,ROUGH,ROUGH,2,ROUGH,ROUGH,RECOVERY,11.6,159.7,False,4,0,True,False,False,False
임진영,10138,2,14,4,3,2,ROUGH,ROUGH,3,GREEN,GREEN,RECOVERY,1.6,11.6,False,4,0,True,False,False,False
임진영,10138,2,15,4,2,1,FAIRWAY,FAIRWAY,2,ROUGH,ROUGH,OTHER_UNRESOLVED,13.0,161.2,False,5,1,False,True,False,True
임진영,10138,2,15,4,3,2,ROUGH,ROUGH,3,GREEN,GREEN,RECOVERY,3.1,13.0,False,5,1,False,True,False,True
임진영,10138,2,17,4,2,1,FAIRWAY,FAIRWAY,3,GREEN,GREEN,NORMAL_APPROACH,17.5,137.4,True,5,1,False,True,False,True
임진영,10138,2,18,5,2,1,FAIRWAY,FAIRWAY,2,ROUGH,ROUGH,ADVANCE_LAYUP,94.5,272.9,False,5,0,True,False,False,True
임진영,10138,2,18,5,3,2,ROUGH,ROUGH,12,FRINGE,FRINGE,RECOVERY,15.3,94.5,False,5,0,True,False,False,True
임진영,10138,2,18,5,4,12,FRINGE,FRINGE,3,GREEN,GREEN,SHORT_GAME,0.9,15.3,False,5,0,True,False,False,True
임진영,10138,3,1,4,2,1,FAIRWAY,FAIRWAY,3,GREEN,GREEN,NORMAL_APPROACH,22.6,177.6,True,5,1,False,True,False,True
임진영,10138,3,2,3,2,2,ROUGH,ROUGH,3,GREEN,GREEN,RECOVERY,1.2,10.4,False,3,0,True,False,False,
임진영,10138,3,3,4,2,1,FAIRWAY,FAIRWAY,3,GREEN,GREEN,NORMAL_APPROACH,10.9,208.0,True,4,0,True,False,False,True
임진영,10138,3,4,5,2,1,FAIRWAY,FAIRWAY,1,FAIRWAY,FAIRWAY,ADVANCE_LAYUP,127.7,298.8,True,5,0,True,False,False,True
임진영,10138,3,4,5,3,1,FAIRWAY,FAIRWAY,3,GREEN,GREEN,NORMAL_APPROACH,6.9,127.7,True,5,0,True,False,False,True
임진영,10138,3,6,4,2,1,FAIRWAY,FAIRWAY,3,GREEN,GREEN,NORMAL_APPROACH,3.2,174.2,True,3,-1,True,False,False,True
임진영,10138,3,7,5,2,1,FAIRWAY,FAIRWAY,1,FAIRWAY,FAIRWAY,ADVANCE_LAYUP,124.6,315.1,True,5,0,True,False,False,True
임진영,10138,3,7,5,3,1,FAIRWAY,FAIRWAY,3,GREEN,GREEN,NORMAL_APPROACH,9.0,124.6,True,5,0,True,False,False,True
임진영,10138,3,8,4,2,1,FAIRWAY,FAIRWAY,5,PENALTY_AREA,PENALTY_AREA,OTHER_UNRESOLVED,9.6,143.4,False,4,0,True,False,False,True
임진영,10138,3,8,4,3,5,PENALTY_AREA,PENALTY_AREA,3,GREEN,GREEN,PENALTY_RESTART,1.2,9.6,False,4,0,True,False,False,True
임진영,10138,3,9,4,2,2,ROUGH,ROUGH,3,GREEN,GREEN,RECOVERY,3.6,111.5,True,3,-1,True,False,False,False
임진영,10138,3,10,5,2,2,ROUGH,ROUGH,1,FAIRWAY,FAIRWAY,RECOVERY,131.8,324.2,True,5,0,True,False,False,False
임진영,10138,3,10,5,3,1,FAIRWAY,FAIRWAY,3,GREEN,GREEN,NORMAL_APPROACH,5.2,131.8,True,5,0,True,False,False,False
임진영,10138,3,12,4,2,6,BUNKER,BUNKER,1,FAIRWAY,FAIRWAY,RECOVERY,54.6,172.1,False,5,1,False,True,False,False
임진영,10138,3,12,4,3,1,FAIRWAY,FAIRWAY,3,GREEN,GREEN,NORMAL_APPROACH,3.8,54.6,False,5,1,False,True,False,False
임진영,10138,3,13,4,2,1,FAIRWAY,FAIRWAY,2,ROUGH,ROUGH,OTHER_UNRESOLVED,9.2,135.5,False,4,0,True,False,False,True
임진영,10138,3,13,4,3,2,ROUGH,ROUGH,3,GREEN,GREEN,RECOVERY,0.5,9.2,False,4,0,True,False,False,True
임진영,10138,3,14,4,2,1,FAIRWAY,FAIRWAY,3,GREEN,GREEN,NORMAL_APPROACH,8.5,143.2,True,4,0,True,False,False,True
임진영,10138,3,15,4,2,1,FAIRWAY,FAIRWAY,12,FRINGE,FRINGE,NORMAL_APPROACH,9.1,153.2,False,5,1,False,True,False,True
임진영,10138,3,15,4,3,12,FRINGE,FRINGE,3,GREEN,GREEN,SHORT_GAME,1.1,9.1,False,5,1,False,True,False,True
임진영,10138,3,17,4,2,2,ROUGH,ROUGH,12,FRINGE,FRINGE,RECOVERY,20.2,126.7,False,4,0,True,False,False,False
임진영,10138,3,17,4,3,12,FRINGE,FRINGE,3,GREEN,GREEN,SHORT_GAME,1.3,20.2,False,4,0,True,False,False,False
임진영,10138,3,18,5,2,2,ROUGH,ROUGH,1,FAIRWAY,FAIRWAY,RECOVERY,104.5,283.6,False,5,0,True,False,False,False
임진영,10138,3,18,5,3,1,FAIRWAY,FAIRWAY,12,FRINGE,FRINGE,NORMAL_APPROACH,11.0,104.5,False,5,0,True,False,False,False
임진영,10138,3,18,5,4,12,FRINGE,FRINGE,3,GREEN,GREEN,SHORT_GAME,0.3,11.0,False,5,0,True,False,False,False
임진영,10138,4,1,4,2,1,FAIRWAY,FAIRWAY,2,ROUGH,ROUGH,OTHER_UNRESOLVED,14.4,175.4,False,4,0,True,False,False,True
임진영,10138,4,1,4,3,2,ROUGH,ROUGH,3,GREEN,GREEN,RECOVERY,1.4,14.4,False,4,0,True,False,False,True
임진영,10138,4,2,3,2,12,FRINGE,FRINGE,3,GREEN,GREEN,SHORT_GAME,0.4,7.7,False,3,0,True,False,False,
임진영,10138,4,3,4,2,1,FAIRWAY,FAIRWAY,3,GREEN,GREEN,NORMAL_APPROACH,15.9,189.1,True,4,0,True,False,False,True
임진영,10138,4,4,5,2,1,FAIRWAY,FAIRWAY,2,ROUGH,ROUGH,ADVANCE_LAYUP,98.5,287.9,True,5,0,True,False,False,True
임진영,10138,4,4,5,3,2,ROUGH,ROUGH,3,GREEN,GREEN,RECOVERY,9.4,98.5,True,5,0,True,False,False,True
임진영,10138,4,5,3,2,9,GREENSIDE_BUNKER,GREENSIDE_BUNKER,3,GREEN,GREEN,RECOVERY,1.1,23.2,False,3,0,True,False,False,
임진영,10138,4,6,4,2,1,FAIRWAY,FAIRWAY,3,GREEN,GREEN,NORMAL_APPROACH,4.1,135.9,True,4,0,True,False,False,True
임진영,10138,4,7,5,2,2,ROUGH,ROUGH,2,ROUGH,ROUGH,RECOVERY,108.1,307.3,True,5,0,True,False,False,False
임진영,10138,4,7,5,3,2,ROUGH,ROUGH,3,GREEN,GREEN,RECOVERY,8.4,108.1,True,5,0,True,False,False,False
임진영,10138,4,8,4,2,1,FAIRWAY,FAIRWAY,3,GREEN,GREEN,NORMAL_APPROACH,6.9,115.4,True,4,0,True,False,False,True
임진영,10138,4,9,4,2,1,FAIRWAY,FAIRWAY,3,GREEN,GREEN,NORMAL_APPROACH,3.4,107.0,True,4,0,True,False,False,True
임진영,10138,4,10,5,2,1,FAIRWAY,FAIRWAY,1,FAIRWAY,FAIRWAY,ADVANCE_LAYUP,117.5,302.0,True,5,0,True,False,False,True
임진영,10138,4,10,5,3,1,FAIRWAY,FAIRWAY,3,GREEN,GREEN,NORMAL_APPROACH,14.0,117.5,True,5,0,True,False,False,True
임진영,10138,4,11,3,2,12,FRINGE,FRINGE,3,GREEN,GREEN,SHORT_GAME,0.8,8.1,False,3,0,True,False,False,
임진영,10138,4,12,4,2,2,ROUGH,ROUGH,3,GREEN,GREEN,RECOVERY,8.9,157.6,True,4,0,True,False,False,False
임진영,10138,4,13,4,2,2,ROUGH,ROUGH,12,FRINGE,FRINGE,RECOVERY,15.1,136.7,False,5,1,False,True,False,False
임진영,10138,4,13,4,3,12,FRINGE,FRINGE,3,GREEN,GREEN,SHORT_GAME,0.9,15.1,False,5,1,False,True,False,False
임진영,10138,4,14,4,2,1,FAIRWAY,FAIRWAY,3,GREEN,GREEN,NORMAL_APPROACH,4.4,150.9,True,4,0,True,False,False,True
임진영,10138,4,15,4,2,2,ROUGH,ROUGH,3,GREEN,GREEN,RECOVERY,31.3,182.1,True,5,1,False,True,False,False
임진영,10138,4,17,4,2,1,FAIRWAY,FAIRWAY,3,GREEN,GREEN,NORMAL_APPROACH,9.4,133.9,True,4,0,True,False,False,True
임진영,10138,4,18,5,2,2,ROUGH,ROUGH,7,LOST_BALL,LOST_BALL_PENALTY_RESTART,RECOVERY,312.8,312.8,False,7,2,False,True,True,False
임진영,10138,4,18,5,3,7,LOST_BALL,LOST_BALL_PENALTY_RESTART,8,PENALTY_STROKE,LOST_BALL_PENALTY_RESTART,PENALTY_RESTART,312.8,312.8,False,7,2,False,True,True,False
임진영,10138,4,18,5,4,8,PENALTY_STROKE,LOST_BALL_PENALTY_RESTART,1,FAIRWAY,FAIRWAY,PENALTY_RESTART,118.1,312.8,False,7,2,False,True,True,False
임진영,10138,4,18,5,5,1,FAIRWAY,FAIRWAY,3,GREEN,GREEN,NORMAL_APPROACH,4.3,118.1,False,7,2,False,True,True,False
양효리,10139,1,1,4,2,1,FAIRWAY,FAIRWAY,3,GREEN,GREEN,NORMAL_APPROACH,8.6,191.2,True,4,0,True,False,False,True
양효리,10139,1,3,4,2,1,FAIRWAY,FAIRWAY,3,GREEN,GREEN,NORMAL_APPROACH,14.2,181.7,True,4,0,True,False,False,True
양효리,10139,1,4,5,2,1,FAIRWAY,FAIRWAY,1,FAIRWAY,FAIRWAY,ADVANCE_LAYUP,124.3,296.7,True,4,-1,True,False,False,True
양효리,10139,1,4,5,3,1,FAIRWAY,FAIRWAY,3,GREEN,GREEN,NORMAL_APPROACH,3.2,124.3,True,4,-1,True,False,False,True
양효리,10139,1,6,4,2,1,FAIRWAY,FAIRWAY,2,ROUGH,ROUGH,OTHER_UNRESOLVED,29.3,177.4,False,4,0,True,False,False,True
양효리,10139,1,6,4,3,2,ROUGH,ROUGH,3,GREEN,GREEN,RECOVERY,5.3,29.3,False,4,0,True,False,False,True
양효리,10139,1,7,5,2,2,ROUGH,ROUGH,1,FAIRWAY,FAIRWAY,RECOVERY,90.4,292.2,False,5,0,True,False,False,False
양효리,10139,1,7,5,3,1,FAIRWAY,FAIRWAY,2,ROUGH,ROUGH,ADVANCE_LAYUP,14.6,90.4,False,5,0,True,False,False,False
양효리,10139,1,7,5,4,2,ROUGH,ROUGH,3,GREEN,GREEN,RECOVERY,0.9,14.6,False,5,0,True,False,False,False
양효리,10139,1,8,4,2,7,LOST_BALL,LOST_BALL_PENALTY_RESTART,8,PENALTY_STROKE,LOST_BALL_PENALTY_RESTART,PENALTY_RESTART,372.9,372.9,False,7,3,False,True,True,False
양효리,10139,1,8,4,3,8,PENALTY_STROKE,LOST_BALL_PENALTY_RESTART,2,ROUGH,ROUGH,PENALTY_RESTART,158.4,372.9,False,7,3,False,True,True,False
양효리,10139,1,8,4,4,2,ROUGH,ROUGH,2,ROUGH,ROUGH,RECOVERY,158.4,158.4,False,7,3,False,True,True,False
양효리,10139,1,8,4,5,2,ROUGH,ROUGH,3,GREEN,GREEN,RECOVERY,17.8,158.4,False,7,3,False,True,True,False
양효리,10139,1,9,4,2,2,ROUGH,ROUGH,3,GREEN,GREEN,RECOVERY,13.5,130.9,True,4,0,True,False,False,False
양효리,10139,1,10,5,2,2,ROUGH,ROUGH,1,FAIRWAY,FAIRWAY,RECOVERY,147.9,309.4,True,5,0,True,False,False,False
양효리,10139,1,10,5,3,1,FAIRWAY,FAIRWAY,3,GREEN,GREEN,NORMAL_APPROACH,8.0,147.9,True,5,0,True,False,False,False
양효리,10139,1,12,4,2,2,ROUGH,ROUGH,2,ROUGH,ROUGH,RECOVERY,21.1,153.5,False,5,1,False,True,False,False
양효리,10139,1,12,4,3,2,ROUGH,ROUGH,12,FRINGE,FRINGE,RECOVERY,8.8,21.1,False,5,1,False,True,False,False
양효리,10139,1,12,4,4,12,FRINGE,FRINGE,3,GREEN,GREEN,SHORT_GAME,0.2,8.8,False,5,1,False,True,False,False
양효리,10139,1,13,4,2,1,FAIRWAY,FAIRWAY,3,GREEN,GREEN,NORMAL_APPROACH,6.1,110.0,True,4,0,True,False,False,True
양효리,10139,1,14,4,2,1,FAIRWAY,FAIRWAY,3,GREEN,GREEN,NORMAL_APPROACH,5.5,140.2,True,4,0,True,False,False,True
양효리,10139,1,15,4,2,2,ROUGH,ROUGH,3,GREEN,GREEN,RECOVERY,14.2,151.2,True,4,0,True,False,False,False
양효리,10139,1,17,4,2,7,LOST_BALL,LOST_BALL_PENALTY_RESTART,8,PENALTY_STROKE,LOST_BALL_PENALTY_RESTART,PENALTY_RESTART,366.6,366.6,False,7,3,False,True,True,False
양효리,10139,1,17,4,3,8,PENALTY_STROKE,LOST_BALL_PENALTY_RESTART,1,FAIRWAY,FAIRWAY,PENALTY_RESTART,147.7,366.6,False,7,3,False,True,True,False
양효리,10139,1,17,4,4,1,FAIRWAY,FAIRWAY,9,GREENSIDE_BUNKER,GREENSIDE_BUNKER,OTHER_UNRESOLVED,23.9,147.7,False,7,3,False,True,True,False
양효리,10139,1,17,4,5,9,GREENSIDE_BUNKER,GREENSIDE_BUNKER,12,FRINGE,FRINGE,RECOVERY,6.7,23.9,False,7,3,False,True,True,False
양효리,10139,1,17,4,6,12,FRINGE,FRINGE,3,GREEN,GREEN,SHORT_GAME,0.4,6.7,False,7,3,False,True,True,False
양효리,10139,1,18,5,2,1,FAIRWAY,FAIRWAY,1,FAIRWAY,FAIRWAY,ADVANCE_LAYUP,86.2,278.8,True,6,1,False,True,False,True
양효리,10139,1,18,5,3,1,FAIRWAY,FAIRWAY,3,GREEN,GREEN,NORMAL_APPROACH,12.2,86.2,True,6,1,False,True,False,True
양효리,10139,2,1,4,2,1,FAIRWAY,FAIRWAY,3,GREEN,GREEN,NORMAL_APPROACH,6.2,161.8,True,4,0,True,False,False,True
양효리,10139,2,2,3,2,5,PENALTY_AREA,PENALTY_AREA,8,PENALTY_STROKE,LOST_BALL_PENALTY_RESTART,PENALTY_RESTART,67.4,0.0,False,6,3,False,True,True,
양효리,10139,2,2,3,3,8,PENALTY_STROKE,LOST_BALL_PENALTY_RESTART,12,FRINGE,FRINGE,PENALTY_RESTART,14.4,67.4,False,6,3,False,True,True,
양효리,10139,2,2,3,4,12,FRINGE,FRINGE,3,GREEN,GREEN,SHORT_GAME,2.6,14.4,False,6,3,False,True,True,
양효리,10139,2,3,4,2,1,FAIRWAY,FAIRWAY,3,GREEN,GREEN,NORMAL_APPROACH,16.6,189.5,True,4,0,True,False,False,True
양효리,10139,2,4,5,2,1,FAIRWAY,FAIRWAY,1,FAIRWAY,FAIRWAY,ADVANCE_LAYUP,102.8,306.2,True,5,0,True,False,False,True
양효리,10139,2,4,5,3,1,FAIRWAY,FAIRWAY,3,GREEN,GREEN,NORMAL_APPROACH,5.6,102.8,True,5,0,True,False,False,True
양효리,10139,2,6,4,2,1,FAIRWAY,FAIRWAY,9,GREENSIDE_BUNKER,GREENSIDE_BUNKER,OTHER_UNRESOLVED,22.6,159.5,False,5,1,False,True,False,True
양효리,10139,2,6,4,3,9,GREENSIDE_BUNKER,GREENSIDE_BUNKER,3,GREEN,GREEN,RECOVERY,2.6,22.6,False,5,1,False,True,False,True
양효리,10139,2,7,5,2,2,ROUGH,ROUGH,2,ROUGH,ROUGH,RECOVERY,163.2,325.8,False,5,0,True,False,False,False
양효리,10139,2,7,5,3,2,ROUGH,ROUGH,2,ROUGH,ROUGH,RECOVERY,9.5,163.2,False,5,0,True,False,False,False
양효리,10139,2,7,5,4,2,ROUGH,ROUGH,3,GREEN,GREEN,RECOVERY,1.2,9.5,False,5,0,True,False,False,False
양효리,10139,2,8,4,2,1,FAIRWAY,FAIRWAY,3,GREEN,GREEN,NORMAL_APPROACH,1.3,138.6,True,3,-1,True,False,False,True
양효리,10139,2,9,4,2,2,ROUGH,ROUGH,3,GREEN,GREEN,RECOVERY,12.0,134.6,True,4,0,True,False,False,False
양효리,10139,2,10,5,2,2,ROUGH,ROUGH,1,FAIRWAY,FAIRWAY,RECOVERY,173.8,319.9,False,6,1,False,True,False,False
양효리,10139,2,10,5,3,1,FAIRWAY,FAIRWAY,2,ROUGH,ROUGH,ADVANCE_LAYUP,28.4,173.8,False,6,1,False,True,False,False
양효리,10139,2,10,5,4,2,ROUGH,ROUGH,3,GREEN,GREEN,RECOVERY,5.0,28.4,False,6,1,False,True,False,False
양효리,10139,2,12,4,2,2,ROUGH,ROUGH,6,BUNKER,BUNKER,RECOVERY,195.8,223.8,False,8,4,False,True,True,False
양효리,10139,2,12,4,3,6,BUNKER,BUNKER,6,BUNKER,BUNKER,RECOVERY,192.8,195.8,False,8,4,False,True,True,False
양효리,10139,2,12,4,4,6,BUNKER,BUNKER,1,FAIRWAY,FAIRWAY,RECOVERY,164.6,192.8,False,8,4,False,True,True,False
양효리,10139,2,12,4,5,1,FAIRWAY,FAIRWAY,3,GREEN,GREEN,NORMAL_APPROACH,22.2,164.6,False,8,4,False,True,True,False
양효리,10139,2,13,4,2,2,ROUGH,ROUGH,2,ROUGH,ROUGH,RECOVERY,21.1,137.9,False,5,1,False,True,False,False
양효리,10139,2,13,4,3,2,ROUGH,ROUGH,3,GREEN,GREEN,RECOVERY,3.2,21.1,False,5,1,False,True,False,False
양효리,10139,2,14,4,2,1,FAIRWAY,FAIRWAY,3,GREEN,GREEN,NORMAL_APPROACH,0.5,155.8,True,3,-1,True,False,False,True
양효리,10139,2,15,4,2,1,FAIRWAY,FAIRWAY,3,GREEN,GREEN,NORMAL_APPROACH,3.5,150.0,True,3,-1,True,False,False,True
양효리,10139,2,17,4,2,1,FAIRWAY,FAIRWAY,3,GREEN,GREEN,NORMAL_APPROACH,5.7,147.6,True,4,0,True,False,False,True
양효리,10139,2,18,5,2,1,FAIRWAY,FAIRWAY,1,FAIRWAY,FAIRWAY,ADVANCE_LAYUP,83.3,265.8,False,6,1,False,True,False,True
양효리,10139,2,18,5,3,1,FAIRWAY,FAIRWAY,2,ROUGH,ROUGH,ADVANCE_LAYUP,11.7,83.3,False,6,1,False,True,False,True
양효리,10139,2,18,5,4,2,ROUGH,ROUGH,3,GREEN,GREEN,RECOVERY,2.0,11.7,False,6,1,False,True,False,True
김희지,10178,1,1,4,2,6,BUNKER,BUNKER,3,GREEN,GREEN,RECOVERY,22.2,174.2,True,4,0,True,False,False,False
김희지,10178,1,3,4,2,1,FAIRWAY,FAIRWAY,9,GREENSIDE_BUNKER,GREENSIDE_BUNKER,OTHER_UNRESOLVED,18.0,187.8,False,4,0,True,False,False,True
김희지,10178,1,3,4,3,9,GREENSIDE_BUNKER,GREENSIDE_BUNKER,3,GREEN,GREEN,RECOVERY,1.9,18.0,False,4,0,True,False,False,True
김희지,10178,1,4,5,2,1,FAIRWAY,FAIRWAY,1,FAIRWAY,FAIRWAY,ADVANCE_LAYUP,112.6,310.0,True,5,0,True,False,False,True
김희지,10178,1,4,5,3,1,FAIRWAY,FAIRWAY,3,GREEN,GREEN,NORMAL_APPROACH,8.0,112.6,True,5,0,True,False,False,True
김희지,10178,1,6,4,2,2,ROUGH,ROUGH,3,GREEN,GREEN,RECOVERY,19.8,188.0,True,4,0,True,False,False,False
김희지,10178,1,7,5,2,2,ROUGH,ROUGH,1,FAIRWAY,FAIRWAY,RECOVERY,130.0,303.1,True,5,0,True,False,False,False
김희지,10178,1,7,5,3,1,FAIRWAY,FAIRWAY,3,GREEN,GREEN,NORMAL_APPROACH,14.8,130.0,True,5,0,True,False,False,False
김희지,10178,1,8,4,2,2,ROUGH,ROUGH,8,PENALTY_STROKE,LOST_BALL_PENALTY_RESTART,RECOVERY,179.1,181.3,False,7,3,False,True,True,False
김희지,10178,1,8,4,3,8,PENALTY_STROKE,LOST_BALL_PENALTY_RESTART,5,PENALTY_AREA,PENALTY_AREA,PENALTY_RESTART,0.0,179.1,False,7,3,False,True,True,False
김희지,10178,1,8,4,4,5,PENALTY_AREA,PENALTY_AREA,8,PENALTY_STROKE,LOST_BALL_PENALTY_RESTART,PENALTY_RESTART,37.1,0.0,False,7,3,False,True,True,False
김희지,10178,1,8,4,5,8,PENALTY_STROKE,LOST_BALL_PENALTY_RESTART,12,FRINGE,FRINGE,PENALTY_RESTART,6.8,37.1,False,7,3,False,True,True,False
김희지,10178,1,8,4,6,12,FRINGE,FRINGE,3,GREEN,GREEN,SHORT_GAME,0.3,6.8,False,7,3,False,True,True,False
김희지,10178,1,9,4,2,2,ROUGH,ROUGH,2,ROUGH,ROUGH,RECOVERY,42.5,145.8,False,4,0,True,False,False,False
김희지,10178,1,9,4,3,2,ROUGH,ROUGH,3,GREEN,GREEN,RECOVERY,1.7,42.5,False,4,0,True,False,False,False
김희지,10178,1,10,5,2,2,ROUGH,ROUGH,2,ROUGH,ROUGH,RECOVERY,341.2,353.3,False,7,2,False,True,True,False
김희지,10178,1,10,5,3,2,ROUGH,ROUGH,1,FAIRWAY,FAIRWAY,RECOVERY,177.1,341.2,False,7,2,False,True,True,False
김희지,10178,1,10,5,4,1,FAIRWAY,FAIRWAY,9,GREENSIDE_BUNKER,GREENSIDE_BUNKER,ADVANCE_LAYUP,18.1,177.1,False,7,2,False,True,True,False
김희지,10178,1,10,5,5,9,GREENSIDE_BUNKER,GREENSIDE_BUNKER,12,FRINGE,FRINGE,RECOVERY,8.2,18.1,False,7,2,False,True,True,False
김희지,10178,1,10,5,6,12,FRINGE,FRINGE,3,GREEN,GREEN,SHORT_GAME,0.5,8.2,False,7,2,False,True,True,False
김희지,10178,1,12,4,2,2,ROUGH,ROUGH,1,FAIRWAY,FAIRWAY,RECOVERY,90.0,182.0,False,5,1,False,True,False,False
김희지,10178,1,12,4,3,1,FAIRWAY,FAIRWAY,3,GREEN,GREEN,NORMAL_APPROACH,13.1,90.0,False,5,1,False,True,False,False
김희지,10178,1,13,4,2,1,FAIRWAY,FAIRWAY,12,FRINGE,FRINGE,NORMAL_APPROACH,13.4,115.8,False,5,1,False,True,False,True
김희지,10178,1,13,4,3,12,FRINGE,FRINGE,3,GREEN,GREEN,SHORT_GAME,1.2,13.4,False,5,1,False,True,False,True
김희지,10178,1,14,4,2,1,FAIRWAY,FAIRWAY,3,GREEN,GREEN,NORMAL_APPROACH,6.6,149.6,True,4,0,True,False,False,True
김희지,10178,1,15,4,2,2,ROUGH,ROUGH,2,ROUGH,ROUGH,RECOVERY,23.4,164.7,False,4,0,True,False,False,False
김희지,10178,1,15,4,3,2,ROUGH,ROUGH,3,GREEN,GREEN,RECOVERY,0.3,23.4,False,4,0,True,False,False,False
김희지,10178,1,16,3,2,2,ROUGH,ROUGH,3,GREEN,GREEN,RECOVERY,5.0,12.6,False,3,0,True,False,False,
김희지,10178,1,17,4,2,1,FAIRWAY,FAIRWAY,3,GREEN,GREEN,NORMAL_APPROACH,4.6,144.5,True,4,0,True,False,False,True
김희지,10178,1,18,5,2,2,ROUGH,ROUGH,1,FAIRWAY,FAIRWAY,RECOVERY,291.3,327.5,False,5,0,True,False,False,False
김희지,10178,1,18,5,3,1,FAIRWAY,FAIRWAY,2,ROUGH,ROUGH,ADVANCE_LAYUP,111.1,291.3,False,5,0,True,False,False,False
김희지,10178,1,18,5,4,2,ROUGH,ROUGH,3,GREEN,GREEN,RECOVERY,3.0,111.1,False,5,0,True,False,False,False
김희지,10178,2,1,4,2,6,BUNKER,BUNKER,2,ROUGH,ROUGH,RECOVERY,45.2,155.3,False,5,1,False,True,False,False
김희지,10178,2,1,4,3,2,ROUGH,ROUGH,2,ROUGH,ROUGH,RECOVERY,21.4,45.2,False,5,1,False,True,False,False
김희지,10178,2,1,4,4,2,ROUGH,ROUGH,3,GREEN,GREEN,RECOVERY,1.7,21.4,False,5,1,False,True,False,False
김희지,10178,2,3,4,2,2,ROUGH,ROUGH,9,GREENSIDE_BUNKER,GREENSIDE_BUNKER,RECOVERY,27.1,207.4,False,5,1,False,True,False,False
김희지,10178,2,3,4,3,9,GREENSIDE_BUNKER,GREENSIDE_BUNKER,3,GREEN,GREEN,RECOVERY,1.9,27.1,False,5,1,False,True,False,False
김희지,10178,2,4,5,2,2,ROUGH,ROUGH,2,ROUGH,ROUGH,RECOVERY,127.7,306.1,True,5,0,True,False,False,False
김희지,10178,2,4,5,3,2,ROUGH,ROUGH,3,GREEN,GREEN,RECOVERY,22.0,127.7,True,5,0,True,False,False,False
김희지,10178,2,6,4,2,2,ROUGH,ROUGH,8,PENALTY_STROKE,LOST_BALL_PENALTY_RESTART,RECOVERY,224.9,224.0,False,6,2,False,True,True,False
김희지,10178,2,6,4,3,8,PENALTY_STROKE,LOST_BALL_PENALTY_RESTART,1,FAIRWAY,FAIRWAY,PENALTY_RESTART,83.7,224.9,False,6,2,False,True,True,False
김희지,10178,2,6,4,4,1,FAIRWAY,FAIRWAY,3,GREEN,GREEN,NORMAL_APPROACH,1.6,83.7,False,6,2,False,True,True,False
김희지,10178,2,7,5,2,1,FAIRWAY,FAIRWAY,2,ROUGH,ROUGH,ADVANCE_LAYUP,83.8,303.8,False,5,0,True,False,False,True
김희지,10178,2,7,5,3,2,ROUGH,ROUGH,12,FRINGE,FRINGE,RECOVERY,15.5,83.8,False,5,0,True,False,False,True
김희지,10178,2,7,5,4,12,FRINGE,FRINGE,3,GREEN,GREEN,SHORT_GAME,1.0,15.5,False,5,0,True,False,False,True
김희지,10178,2,8,4,2,1,FAIRWAY,FAIRWAY,2,ROUGH,ROUGH,OTHER_UNRESOLVED,15.0,144.5,False,4,0,True,False,False,True
김희지,10178,2,8,4,3,2,ROUGH,ROUGH,3,GREEN,GREEN,RECOVERY,0.9,15.0,False,4,0,True,False,False,True
김희지,10178,2,9,4,2,1,FAIRWAY,FAIRWAY,3,GREEN,GREEN,NORMAL_APPROACH,9.0,145.9,True,4,0,True,False,False,True
김희지,10178,2,10,5,2,2,ROUGH,ROUGH,2,ROUGH,ROUGH,RECOVERY,338.9,371.1,False,6,1,False,True,False,False
김희지,10178,2,10,5,3,2,ROUGH,ROUGH,1,FAIRWAY,FAIRWAY,RECOVERY,160.4,338.9,False,6,1,False,True,False,False
김희지,10178,2,10,5,4,1,FAIRWAY,FAIRWAY,3,GREEN,GREEN,NORMAL_APPROACH,7.3,160.4,False,6,1,False,True,False,False
김희지,10178,2,12,4,2,5,PENALTY_AREA,PENALTY_AREA,8,PENALTY_STROKE,LOST_BALL_PENALTY_RESTART,PENALTY_RESTART,212.0,0.0,False,7,3,False,True,True,False
김희지,10178,2,12,4,3,8,PENALTY_STROKE,LOST_BALL_PENALTY_RESTART,2,ROUGH,ROUGH,PENALTY_RESTART,203.7,212.0,False,7,3,False,True,True,False
김희지,10178,2,12,4,4,2,ROUGH,ROUGH,2,ROUGH,ROUGH,RECOVERY,52.5,203.7,False,7,3,False,True,True,False
김희지,10178,2,12,4,5,2,ROUGH,ROUGH,3,GREEN,GREEN,RECOVERY,20.9,52.5,False,7,3,False,True,True,False
김희지,10178,2,13,4,2,5,PENALTY_AREA,PENALTY_AREA,8,PENALTY_STROKE,LOST_BALL_PENALTY_RESTART,PENALTY_RESTART,146.4,0.0,False,5,1,False,True,False,False
김희지,10178,2,13,4,3,8,PENALTY_STROKE,LOST_BALL_PENALTY_RESTART,12,FRINGE,FRINGE,PENALTY_RESTART,15.3,146.4,False,5,1,False,True,False,False
김희지,10178,2,13,4,4,12,FRINGE,FRINGE,3,GREEN,GREEN,SHORT_GAME,2.0,15.3,False,5,1,False,True,False,False
김희지,10178,2,14,4,2,2,ROUGH,ROUGH,2,ROUGH,ROUGH,RECOVERY,8.2,155.1,False,5,1,False,True,False,False
김희지,10178,2,14,4,3,2,ROUGH,ROUGH,3,GREEN,GREEN,RECOVERY,1.4,8.2,False,5,1,False,True,False,False
김희지,10178,2,15,4,2,2,ROUGH,ROUGH,2,ROUGH,ROUGH,RECOVERY,18.2,176.6,False,5,1,False,True,False,False
김희지,10178,2,15,4,3,2,ROUGH,ROUGH,3,GREEN,GREEN,RECOVERY,2.2,18.2,False,5,1,False,True,False,False
김희지,10178,2,16,3,2,2,ROUGH,ROUGH,3,GREEN,GREEN,RECOVERY,0.4,8.8,False,3,0,True,False,False,
김희지,10178,2,17,4,2,1,FAIRWAY,FAIRWAY,3,GREEN,GREEN,NORMAL_APPROACH,6.8,153.6,True,4,0,True,False,False,True
김희지,10178,2,18,5,2,1,FAIRWAY,FAIRWAY,1,FAIRWAY,FAIRWAY,ADVANCE_LAYUP,94.2,277.9,True,4,-1,True,False,False,True
김희지,10178,2,18,5,3,1,FAIRWAY,FAIRWAY,3,GREEN,GREEN,NORMAL_APPROACH,1.1,94.2,True,4,-1,True,False,False,True
문정민,10296,1,1,4,2,1,FAIRWAY,FAIRWAY,3,GREEN,GREEN,NORMAL_APPROACH,3.9,161.2,True,4,0,True,False,False,True
문정민,10296,1,3,4,2,1,FAIRWAY,FAIRWAY,3,GREEN,GREEN,NORMAL_APPROACH,2.2,166.8,True,3,-1,True,False,False,True
문정민,10296,1,4,5,2,1,FAIRWAY,FAIRWAY,1,FAIRWAY,FAIRWAY,ADVANCE_LAYUP,68.0,284.7,True,5,0,True,False,False,True
문정민,10296,1,4,5,3,1,FAIRWAY,FAIRWAY,3,GREEN,GREEN,NORMAL_APPROACH,5.5,68.0,True,5,0,True,False,False,True
문정민,10296,1,5,3,2,9,GREENSIDE_BUNKER,GREENSIDE_BUNKER,3,GREEN,GREEN,RECOVERY,3.9,14.8,False,3,0,True,False,False,
문정민,10296,1,6,4,2,1,FAIRWAY,FAIRWAY,9,GREENSIDE_BUNKER,GREENSIDE_BUNKER,OTHER_UNRESOLVED,12.3,148.6,False,4,0,True,False,False,True
문정민,10296,1,6,4,3,9,GREENSIDE_BUNKER,GREENSIDE_BUNKER,3,GREEN,GREEN,RECOVERY,0.7,12.3,False,4,0,True,False,False,True
문정민,10296,1,7,5,2,1,FAIRWAY,FAIRWAY,1,FAIRWAY,FAIRWAY,ADVANCE_LAYUP,91.0,254.2,True,4,-1,True,False,False,True
문정민,10296,1,7,5,3,1,FAIRWAY,FAIRWAY,3,GREEN,GREEN,NORMAL_APPROACH,2.5,91.0,True,4,-1,True,False,False,True
문정민,10296,1,8,4,2,2,ROUGH,ROUGH,12,FRINGE,FRINGE,RECOVERY,6.8,150.5,False,4,0,True,False,False,False
문정민,10296,1,8,4,3,12,FRINGE,FRINGE,3,GREEN,GREEN,SHORT_GAME,0.5,6.8,False,4,0,True,False,False,False
문정민,10296,1,9,4,2,2,ROUGH,ROUGH,3,GREEN,GREEN,RECOVERY,2.5,137.8,True,4,0,True,False,False,False
문정민,10296,1,10,5,2,1,FAIRWAY,FAIRWAY,1,FAIRWAY,FAIRWAY,ADVANCE_LAYUP,114.0,317.2,True,5,0,True,False,False,True
문정민,10296,1,10,5,3,1,FAIRWAY,FAIRWAY,3,GREEN,GREEN,NORMAL_APPROACH,2.2,114.0,True,5,0,True,False,False,True
문정민,10296,1,12,4,2,1,FAIRWAY,FAIRWAY,3,GREEN,GREEN,NORMAL_APPROACH,11.1,126.6,True,3,-1,True,False,False,True
문정민,10296,1,13,4,2,1,FAIRWAY,FAIRWAY,3,GREEN,GREEN,NORMAL_APPROACH,8.7,100.0,True,4,0,True,False,False,True
문정민,10296,1,14,4,2,2,ROUGH,ROUGH,1,FAIRWAY,FAIRWAY,RECOVERY,34.9,158.8,False,5,1,False,True,False,False
문정민,10296,1,14,4,3,1,FAIRWAY,FAIRWAY,3,GREEN,GREEN,NORMAL_APPROACH,9.0,34.9,False,5,1,False,True,False,False
문정민,10296,1,15,4,2,2,ROUGH,ROUGH,3,GREEN,GREEN,RECOVERY,16.2,131.0,True,4,0,True,False,False,False
문정민,10296,1,17,4,2,2,ROUGH,ROUGH,3,GREEN,GREEN,RECOVERY,30.0,137.1,True,5,1,False,True,False,False
문정민,10296,1,18,5,2,1,FAIRWAY,FAIRWAY,1,FAIRWAY,FAIRWAY,ADVANCE_LAYUP,112.1,261.9,True,5,0,True,False,False,True
문정민,10296,1,18,5,3,1,FAIRWAY,FAIRWAY,3,GREEN,GREEN,NORMAL_APPROACH,3.2,112.1,True,5,0,True,False,False,True
문정민,10296,2,1,4,2,1,FAIRWAY,FAIRWAY,12,FRINGE,FRINGE,NORMAL_APPROACH,16.5,150.1,False,4,0,True,False,False,True
문정민,10296,2,1,4,3,12,FRINGE,FRINGE,3,GREEN,GREEN,SHORT_GAME,0.4,16.5,False,4,0,True,False,False,True
문정민,10296,2,2,3,2,12,FRINGE,FRINGE,3,GREEN,GREEN,SHORT_GAME,1.1,10.2,False,3,0,True,False,False,
문정민,10296,2,3,4,2,1,FAIRWAY,FAIRWAY,3,GREEN,GREEN,NORMAL_APPROACH,11.8,165.6,True,4,0,True,False,False,True
문정민,10296,2,4,5,2,1,FAIRWAY,FAIRWAY,1,FAIRWAY,FAIRWAY,ADVANCE_LAYUP,84.0,283.5,True,5,0,True,False,False,True
문정민,10296,2,4,5,3,1,FAIRWAY,FAIRWAY,3,GREEN,GREEN,NORMAL_APPROACH,13.1,84.0,True,5,0,True,False,False,True
문정민,10296,2,6,4,2,1,FAIRWAY,FAIRWAY,12,FRINGE,FRINGE,NORMAL_APPROACH,14.5,144.0,False,5,1,False,True,False,True
문정민,10296,2,6,4,3,12,FRINGE,FRINGE,3,GREEN,GREEN,SHORT_GAME,2.0,14.5,False,5,1,False,True,False,True
문정민,10296,2,7,5,2,1,FAIRWAY,FAIRWAY,1,FAIRWAY,FAIRWAY,ADVANCE_LAYUP,82.4,273.9,True,5,0,True,False,False,True
문정민,10296,2,7,5,3,1,FAIRWAY,FAIRWAY,3,GREEN,GREEN,NORMAL_APPROACH,9.1,82.4,True,5,0,True,False,False,True
문정민,10296,2,8,4,2,2,ROUGH,ROUGH,12,FRINGE,FRINGE,RECOVERY,17.7,123.4,False,5,1,False,True,False,False
문정민,10296,2,8,4,3,12,FRINGE,FRINGE,3,GREEN,GREEN,SHORT_GAME,0.9,17.7,False,5,1,False,True,False,False
문정민,10296,2,9,4,2,2,ROUGH,ROUGH,3,GREEN,GREEN,RECOVERY,4.3,115.4,True,4,0,True,False,False,False
문정민,10296,2,10,5,2,1,FAIRWAY,FAIRWAY,1,FAIRWAY,FAIRWAY,ADVANCE_LAYUP,120.4,318.2,False,5,0,True,False,False,True
문정민,10296,2,10,5,3,1,FAIRWAY,FAIRWAY,12,FRINGE,FRINGE,NORMAL_APPROACH,4.5,120.4,False,5,0,True,False,False,True
문정민,10296,2,10,5,4,12,FRINGE,FRINGE,3,GREEN,GREEN,SHORT_GAME,0.2,4.5,False,5,0,True,False,False,True
문정민,10296,2,11,3,2,12,FRINGE,FRINGE,10,HOLED,HOLED,SHORT_GAME,0.0,7.0,False,2,-1,True,False,False,
문정민,10296,2,12,4,2,2,ROUGH,ROUGH,2,ROUGH,ROUGH,RECOVERY,147.6,156.4,False,4,0,True,False,False,False
문정민,10296,2,12,4,3,2,ROUGH,ROUGH,3,GREEN,GREEN,RECOVERY,1.2,147.6,False,4,0,True,False,False,False
문정민,10296,2,13,4,2,1,FAIRWAY,FAIRWAY,3,GREEN,GREEN,NORMAL_APPROACH,3.0,101.1,True,3,-1,True,False,False,True
문정민,10296,2,14,4,2,2,ROUGH,ROUGH,2,ROUGH,ROUGH,RECOVERY,15.2,145.5,False,6,2,False,True,True,False
문정민,10296,2,14,4,3,2,ROUGH,ROUGH,12,FRINGE,FRINGE,RECOVERY,18.9,15.2,False,6,2,False,True,True,False
문정민,10296,2,14,4,4,12,FRINGE,FRINGE,3,GREEN,GREEN,SHORT_GAME,1.2,18.9,False,6,2,False,True,True,False
문정민,10296,2,15,4,2,2,ROUGH,ROUGH,3,GREEN,GREEN,RECOVERY,7.3,111.2,True,5,1,False,True,False,False
문정민,10296,2,16,3,2,5,PENALTY_AREA,PENALTY_AREA,3,GREEN,GREEN,PENALTY_RESTART,1.1,10.7,False,3,0,True,False,False,
문정민,10296,2,17,4,2,2,ROUGH,ROUGH,2,ROUGH,ROUGH,RECOVERY,31.6,142.2,False,4,0,True,False,False,False
문정민,10296,2,17,4,3,2,ROUGH,ROUGH,3,GREEN,GREEN,RECOVERY,1.3,31.6,False,4,0,True,False,False,False
문정민,10296,2,18,5,2,2,ROUGH,ROUGH,1,FAIRWAY,FAIRWAY,RECOVERY,62.3,245.6,True,5,0,True,False,False,False
문정민,10296,2,18,5,3,1,FAIRWAY,FAIRWAY,3,GREEN,GREEN,NORMAL_APPROACH,12.3,62.3,True,5,0,True,False,False,False
문정민,10296,3,1,4,2,1,FAIRWAY,FAIRWAY,3,GREEN,GREEN,NORMAL_APPROACH,2.2,153.4,True,4,0,True,False,False,True
문정민,10296,3,3,4,2,1,FAIRWAY,FAIRWAY,12,FRINGE,FRINGE,NORMAL_APPROACH,7.7,181.7,False,4,0,True,False,False,True
문정민,10296,3,3,4,3,12,FRINGE,FRINGE,3,GREEN,GREEN,SHORT_GAME,0.4,7.7,False,4,0,True,False,False,True
문정민,10296,3,4,5,2,2,ROUGH,ROUGH,6,BUNKER,BUNKER,RECOVERY,105.3,280.4,False,5,0,True,False,False,False
문정민,10296,3,4,5,3,6,BUNKER,BUNKER,2,ROUGH,ROUGH,RECOVERY,35.4,105.3,False,5,0,True,False,False,False
문정민,10296,3,4,5,4,2,ROUGH,ROUGH,3,GREEN,GREEN,RECOVERY,4.0,35.4,False,5,0,True,False,False,False
문정민,10296,3,6,4,2,1,FAIRWAY,FAIRWAY,3,GREEN,GREEN,NORMAL_APPROACH,4.1,151.7,True,3,-1,True,False,False,True
문정민,10296,3,7,5,2,1,FAIRWAY,FAIRWAY,2,ROUGH,ROUGH,ADVANCE_LAYUP,79.1,308.1,False,6,1,False,True,False,True
문정민,10296,3,7,5,3,2,ROUGH,ROUGH,1,FAIRWAY,FAIRWAY,RECOVERY,77.6,79.1,False,6,1,False,True,False,True
문정민,10296,3,7,5,4,1,FAIRWAY,FAIRWAY,3,GREEN,GREEN,NORMAL_APPROACH,3.6,77.6,False,6,1,False,True,False,True
문정민,10296,3,8,4,2,2,ROUGH,ROUGH,5,PENALTY_AREA,PENALTY_AREA,RECOVERY,0.0,124.4,False,5,1,False,True,False,False
문정민,10296,3,8,4,3,5,PENALTY_AREA,PENALTY_AREA,8,PENALTY_STROKE,LOST_BALL_PENALTY_RESTART,PENALTY_RESTART,105.1,0.0,False,5,1,False,True,False,False
문정민,10296,3,8,4,4,8,PENALTY_STROKE,LOST_BALL_PENALTY_RESTART,3,GREEN,GREEN,PENALTY_RESTART,2.7,105.1,False,5,1,False,True,False,False
문정민,10296,3,9,4,2,1,FAIRWAY,FAIRWAY,3,GREEN,GREEN,NORMAL_APPROACH,1.8,89.8,True,3,-1,True,False,False,True
문정민,10296,3,10,5,2,1,FAIRWAY,FAIRWAY,2,ROUGH,ROUGH,ADVANCE_LAYUP,91.5,285.8,True,6,1,False,True,False,True
문정민,10296,3,10,5,3,2,ROUGH,ROUGH,3,GREEN,GREEN,RECOVERY,8.8,91.5,True,6,1,False,True,False,True
문정민,10296,3,11,3,2,2,ROUGH,ROUGH,3,GREEN,GREEN,RECOVERY,1.9,13.6,False,4,1,False,True,False,
문정민,10296,3,12,4,2,1,FAIRWAY,FAIRWAY,3,GREEN,GREEN,NORMAL_APPROACH,7.4,126.0,True,5,1,False,True,False,True
문정민,10296,3,13,4,2,1,FAIRWAY,FAIRWAY,12,FRINGE,FRINGE,NORMAL_APPROACH,6.3,108.8,False,4,0,True,False,False,True
문정민,10296,3,13,4,3,12,FRINGE,FRINGE,3,GREEN,GREEN,SHORT_GAME,0.3,6.3,False,4,0,True,False,False,True
문정민,10296,3,14,4,2,1,FAIRWAY,FAIRWAY,12,FRINGE,FRINGE,NORMAL_APPROACH,17.2,139.5,False,5,1,False,True,False,True
문정민,10296,3,14,4,3,12,FRINGE,FRINGE,3,GREEN,GREEN,SHORT_GAME,4.2,17.2,False,5,1,False,True,False,True
문정민,10296,3,15,4,2,2,ROUGH,ROUGH,3,GREEN,GREEN,RECOVERY,3.4,159.0,True,4,0,True,False,False,False
문정민,10296,3,17,4,2,2,ROUGH,ROUGH,3,GREEN,GREEN,RECOVERY,8.3,124.5,True,4,0,True,False,False,False
문정민,10296,3,18,5,2,1,FAIRWAY,FAIRWAY,2,ROUGH,ROUGH,ADVANCE_LAYUP,120.3,251.7,True,6,1,False,True,False,True
문정민,10296,3,18,5,3,2,ROUGH,ROUGH,3,GREEN,GREEN,RECOVERY,12.8,120.3,True,6,1,False,True,False,True
문정민,10296,4,1,4,2,2,ROUGH,ROUGH,2,ROUGH,ROUGH,RECOVERY,39.3,164.9,False,5,1,False,True,False,False
문정민,10296,4,1,4,3,2,ROUGH,ROUGH,3,GREEN,GREEN,RECOVERY,3.0,39.3,False,5,1,False,True,False,False
문정민,10296,4,2,3,2,5,PENALTY_AREA,PENALTY_AREA,8,PENALTY_STROKE,LOST_BALL_PENALTY_RESTART,PENALTY_RESTART,46.3,0.0,False,5,2,False,True,True,
문정민,10296,4,2,3,3,8,PENALTY_STROKE,LOST_BALL_PENALTY_RESTART,3,GREEN,GREEN,PENALTY_RESTART,3.2,46.3,False,5,2,False,True,True,
문정민,10296,4,3,4,2,2,ROUGH,ROUGH,3,GREEN,GREEN,RECOVERY,10.1,166.7,True,4,0,True,False,False,False
문정민,10296,4,4,5,2,1,FAIRWAY,FAIRWAY,1,FAIRWAY,FAIRWAY,ADVANCE_LAYUP,85.8,290.6,True,4,-1,True,False,False,True
문정민,10296,4,4,5,3,1,FAIRWAY,FAIRWAY,3,GREEN,GREEN,NORMAL_APPROACH,3.6,85.8,True,4,-1,True,False,False,True
문정민,10296,4,6,4,2,1,FAIRWAY,FAIRWAY,3,GREEN,GREEN,NORMAL_APPROACH,12.7,133.2,True,4,0,True,False,False,True
문정민,10296,4,7,5,2,1,FAIRWAY,FAIRWAY,1,FAIRWAY,FAIRWAY,ADVANCE_LAYUP,100.7,270.5,True,5,0,True,False,False,True
문정민,10296,4,7,5,3,1,FAIRWAY,FAIRWAY,3,GREEN,GREEN,NORMAL_APPROACH,6.0,100.7,True,5,0,True,False,False,True
문정민,10296,4,8,4,2,1,FAIRWAY,FAIRWAY,3,GREEN,GREEN,NORMAL_APPROACH,2.7,103.6,True,4,0,True,False,False,True
문정민,10296,4,9,4,2,2,ROUGH,ROUGH,2,ROUGH,ROUGH,RECOVERY,22.3,106.5,False,5,1,False,True,False,False
문정민,10296,4,9,4,3,2,ROUGH,ROUGH,3,GREEN,GREEN,RECOVERY,6.0,22.3,False,5,1,False,True,False,False
문정민,10296,4,10,5,2,1,FAIRWAY,FAIRWAY,1,FAIRWAY,FAIRWAY,ADVANCE_LAYUP,97.0,279.2,True,5,0,True,False,False,True
문정민,10296,4,10,5,3,1,FAIRWAY,FAIRWAY,3,GREEN,GREEN,NORMAL_APPROACH,3.7,97.0,True,5,0,True,False,False,True
문정민,10296,4,12,4,2,1,FAIRWAY,FAIRWAY,3,GREEN,GREEN,NORMAL_APPROACH,4.6,126.0,True,4,0,True,False,False,True
문정민,10296,4,13,4,2,1,FAIRWAY,FAIRWAY,3,GREEN,GREEN,NORMAL_APPROACH,7.5,117.2,True,4,0,True,False,False,True
문정민,10296,4,14,4,2,1,FAIRWAY,FAIRWAY,3,GREEN,GREEN,NORMAL_APPROACH,7.0,132.1,True,4,0,True,False,False,True
문정민,10296,4,15,4,2,1,FAIRWAY,FAIRWAY,3,GREEN,GREEN,NORMAL_APPROACH,14.8,164.5,True,5,1,False,True,False,True
문정민,10296,4,17,4,2,1,FAIRWAY,FAIRWAY,3,GREEN,GREEN,NORMAL_APPROACH,1.3,132.6,True,3,-1,True,False,False,True
문정민,10296,4,18,5,2,2,ROUGH,ROUGH,1,FAIRWAY,FAIRWAY,RECOVERY,103.8,281.9,True,5,0,True,False,False,False
문정민,10296,4,18,5,3,1,FAIRWAY,FAIRWAY,3,GREEN,GREEN,NORMAL_APPROACH,2.2,103.8,True,5,0,True,False,False,False
이서윤4,10481,1,1,4,2,1,FAIRWAY,FAIRWAY,3,GREEN,GREEN,NORMAL_APPROACH,10.0,158.3,True,4,0,True,False,False,True
이서윤4,10481,1,3,4,2,1,FAIRWAY,FAIRWAY,2,ROUGH,ROUGH,OTHER_UNRESOLVED,24.7,176.1,False,5,1,False,True,False,True
이서윤4,10481,1,3,4,3,2,ROUGH,ROUGH,12,FRINGE,FRINGE,RECOVERY,5.5,24.7,False,5,1,False,True,False,True
이서윤4,10481,1,3,4,4,12,FRINGE,FRINGE,3,GREEN,GREEN,SHORT_GAME,0.3,5.5,False,5,1,False,True,False,True
이서윤4,10481,1,4,5,2,1,FAIRWAY,FAIRWAY,1,FAIRWAY,FAIRWAY,ADVANCE_LAYUP,68.8,283.3,True,4,-1,True,False,False,True
이서윤4,10481,1,4,5,3,1,FAIRWAY,FAIRWAY,3,GREEN,GREEN,NORMAL_APPROACH,0.7,68.8,True,4,-1,True,False,False,True
이서윤4,10481,1,6,4,2,2,ROUGH,ROUGH,3,GREEN,GREEN,RECOVERY,15.9,161.8,True,4,0,True,False,False,False
이서윤4,10481,1,7,5,2,6,BUNKER,BUNKER,1,FAIRWAY,FAIRWAY,RECOVERY,160.1,264.9,True,5,0,True,False,False,False
이서윤4,10481,1,7,5,3,1,FAIRWAY,FAIRWAY,3,GREEN,GREEN,NORMAL_APPROACH,12.8,160.1,True,5,0,True,False,False,False
이서윤4,10481,1,8,4,2,2,ROUGH,ROUGH,12,FRINGE,FRINGE,RECOVERY,5.1,139.1,False,4,0,True,False,False,False
이서윤4,10481,1,8,4,3,12,FRINGE,FRINGE,3,GREEN,GREEN,SHORT_GAME,0.4,5.1,False,4,0,True,False,False,False
이서윤4,10481,1,9,4,2,2,ROUGH,ROUGH,3,GREEN,GREEN,RECOVERY,14.1,106.9,True,4,0,True,False,False,False
이서윤4,10481,1,10,5,2,1,FAIRWAY,FAIRWAY,2,ROUGH,ROUGH,ADVANCE_LAYUP,109.4,305.3,False,5,0,True,False,False,True
이서윤4,10481,1,10,5,3,2,ROUGH,ROUGH,9,GREENSIDE_BUNKER,GREENSIDE_BUNKER,RECOVERY,14.5,109.4,False,5,0,True,False,False,True
이서윤4,10481,1,10,5,4,9,GREENSIDE_BUNKER,GREENSIDE_BUNKER,3,GREEN,GREEN,RECOVERY,2.9,14.5,False,5,0,True,False,False,True
이서윤4,10481,1,12,4,2,1,FAIRWAY,FAIRWAY,3,GREEN,GREEN,NORMAL_APPROACH,7.5,148.7,True,5,1,False,True,False,True
이서윤4,10481,1,13,4,2,1,FAIRWAY,FAIRWAY,3,GREEN,GREEN,NORMAL_APPROACH,7.2,102.5,True,4,0,True,False,False,True
이서윤4,10481,1,14,4,2,2,ROUGH,ROUGH,2,ROUGH,ROUGH,RECOVERY,10.4,123.4,False,4,0,True,False,False,False
이서윤4,10481,1,14,4,3,2,ROUGH,ROUGH,3,GREEN,GREEN,RECOVERY,1.8,10.4,False,4,0,True,False,False,False
이서윤4,10481,1,15,4,2,1,FAIRWAY,FAIRWAY,3,GREEN,GREEN,NORMAL_APPROACH,18.1,142.0,True,4,0,True,False,False,True
이서윤4,10481,1,17,4,2,1,FAIRWAY,FAIRWAY,12,FRINGE,FRINGE,NORMAL_APPROACH,8.3,127.8,False,4,0,True,False,False,True
이서윤4,10481,1,17,4,3,12,FRINGE,FRINGE,3,GREEN,GREEN,SHORT_GAME,0.5,8.3,False,4,0,True,False,False,True
이서윤4,10481,1,18,5,2,2,ROUGH,ROUGH,1,FAIRWAY,FAIRWAY,RECOVERY,100.7,273.1,True,5,0,True,False,False,False
이서윤4,10481,1,18,5,3,1,FAIRWAY,FAIRWAY,3,GREEN,GREEN,NORMAL_APPROACH,8.0,100.7,True,5,0,True,False,False,False
이서윤4,10481,2,1,4,2,1,FAIRWAY,FAIRWAY,3,GREEN,GREEN,NORMAL_APPROACH,1.5,129.7,True,4,0,True,False,False,True
이서윤4,10481,2,3,4,2,2,ROUGH,ROUGH,2,ROUGH,ROUGH,RECOVERY,21.8,155.4,False,4,0,True,False,False,False
이서윤4,10481,2,3,4,3,2,ROUGH,ROUGH,3,GREEN,GREEN,RECOVERY,1.3,21.8,False,4,0,True,False,False,False
이서윤4,10481,2,4,5,2,6,BUNKER,BUNKER,1,FAIRWAY,FAIRWAY,RECOVERY,138.1,282.5,True,5,0,True,False,False,False
이서윤4,10481,2,4,5,3,1,FAIRWAY,FAIRWAY,3,GREEN,GREEN,NORMAL_APPROACH,14.3,138.1,True,5,0,True,False,False,False
이서윤4,10481,2,6,4,2,2,ROUGH,ROUGH,2,ROUGH,ROUGH,RECOVERY,39.9,149.0,False,5,1,False,True,False,False
이서윤4,10481,2,6,4,3,2,ROUGH,ROUGH,2,ROUGH,ROUGH,RECOVERY,6.8,39.9,False,5,1,False,True,False,False
이서윤4,10481,2,6,4,4,2,ROUGH,ROUGH,3,GREEN,GREEN,RECOVERY,1.0,6.8,False,5,1,False,True,False,False
이서윤4,10481,2,7,5,2,2,ROUGH,ROUGH,1,FAIRWAY,FAIRWAY,RECOVERY,132.4,319.5,True,5,0,True,False,False,False
이서윤4,10481,2,7,5,3,1,FAIRWAY,FAIRWAY,3,GREEN,GREEN,NORMAL_APPROACH,19.0,132.4,True,5,0,True,False,False,False
이서윤4,10481,2,8,4,2,1,FAIRWAY,FAIRWAY,2,ROUGH,ROUGH,OTHER_UNRESOLVED,10.2,130.4,False,4,0,True,False,False,True
이서윤4,10481,2,8,4,3,2,ROUGH,ROUGH,3,GREEN,GREEN,RECOVERY,0.5,10.2,False,4,0,True,False,False,True
이서윤4,10481,2,9,4,2,2,ROUGH,ROUGH,12,FRINGE,FRINGE,RECOVERY,11.6,139.3,False,4,0,True,False,False,False
이서윤4,10481,2,9,4,3,12,FRINGE,FRINGE,3,GREEN,GREEN,SHORT_GAME,0.6,11.6,False,4,0,True,False,False,False
이서윤4,10481,2,10,5,2,2,ROUGH,ROUGH,2,ROUGH,ROUGH,RECOVERY,133.0,318.3,True,5,0,True,False,False,False
이서윤4,10481,2,10,5,3,2,ROUGH,ROUGH,3,GREEN,GREEN,RECOVERY,4.2,133.0,True,5,0,True,False,False,False
이서윤4,10481,2,11,3,2,2,ROUGH,ROUGH,3,GREEN,GREEN,RECOVERY,5.8,16.0,False,4,1,False,True,False,
이서윤4,10481,2,12,4,2,1,FAIRWAY,FAIRWAY,3,GREEN,GREEN,NORMAL_APPROACH,15.1,170.8,True,4,0,True,False,False,True
이서윤4,10481,2,13,4,2,6,BUNKER,BUNKER,2,ROUGH,ROUGH,RECOVERY,39.8,78.7,False,5,1,False,True,False,False
이서윤4,10481,2,13,4,3,2,ROUGH,ROUGH,3,GREEN,GREEN,RECOVERY,9.4,39.8,False,5,1,False,True,False,False
이서윤4,10481,2,14,4,2,2,ROUGH,ROUGH,2,ROUGH,ROUGH,RECOVERY,11.0,148.1,False,4,0,True,False,False,False
이서윤4,10481,2,14,4,3,2,ROUGH,ROUGH,3,GREEN,GREEN,RECOVERY,1.2,11.0,False,4,0,True,False,False,False
이서윤4,10481,2,15,4,2,2,ROUGH,ROUGH,2,ROUGH,ROUGH,RECOVERY,23.2,157.2,False,3,-1,True,False,False,False
이서윤4,10481,2,15,4,3,2,ROUGH,ROUGH,10,HOLED,HOLED,RECOVERY,0.0,23.2,False,3,-1,True,False,False,False
이서윤4,10481,2,17,4,2,2,ROUGH,ROUGH,3,GREEN,GREEN,RECOVERY,5.9,134.5,True,4,0,True,False,False,False
이서윤4,10481,2,18,5,2,1,FAIRWAY,FAIRWAY,2,ROUGH,ROUGH,ADVANCE_LAYUP,91.4,252.1,True,5,0,True,False,False,True
이서윤4,10481,2,18,5,3,2,ROUGH,ROUGH,3,GREEN,GREEN,RECOVERY,20.4,91.4,True,5,0,True,False,False,True
이서윤4,10481,3,1,4,2,2,ROUGH,ROUGH,2,ROUGH,ROUGH,RECOVERY,27.8,163.7,False,6,2,False,True,True,False
이서윤4,10481,3,1,4,3,2,ROUGH,ROUGH,3,GREEN,GREEN,RECOVERY,8.1,27.8,False,6,2,False,True,True,False
이서윤4,10481,3,3,4,2,2,ROUGH,ROUGH,2,ROUGH,ROUGH,RECOVERY,14.8,180.1,False,5,1,False,True,False,False
이서윤4,10481,3,3,4,3,2,ROUGH,ROUGH,12,FRINGE,FRINGE,RECOVERY,5.4,14.8,False,5,1,False,True,False,False
이서윤4,10481,3,3,4,4,12,FRINGE,FRINGE,3,GREEN,GREEN,SHORT_GAME,1.1,5.4,False,5,1,False,True,False,False
이서윤4,10481,3,4,5,2,1,FAIRWAY,FAIRWAY,2,ROUGH,ROUGH,ADVANCE_LAYUP,107.3,291.6,False,5,0,True,False,False,True
이서윤4,10481,3,4,5,3,2,ROUGH,ROUGH,2,ROUGH,ROUGH,RECOVERY,17.8,107.3,False,5,0,True,False,False,True
이서윤4,10481,3,4,5,4,2,ROUGH,ROUGH,3,GREEN,GREEN,RECOVERY,1.6,17.8,False,5,0,True,False,False,True
이서윤4,10481,3,6,4,2,1,FAIRWAY,FAIRWAY,3,GREEN,GREEN,NORMAL_APPROACH,5.6,169.6,True,4,0,True,False,False,True
이서윤4,10481,3,7,5,2,1,FAIRWAY,FAIRWAY,1,FAIRWAY,FAIRWAY,ADVANCE_LAYUP,102.2,298.7,True,5,0,True,False,False,True
이서윤4,10481,3,7,5,3,1,FAIRWAY,FAIRWAY,3,GREEN,GREEN,NORMAL_APPROACH,7.6,102.2,True,5,0,True,False,False,True
이서윤4,10481,3,8,4,2,7,LOST_BALL,LOST_BALL_PENALTY_RESTART,8,PENALTY_STROKE,LOST_BALL_PENALTY_RESTART,PENALTY_RESTART,361.5,361.5,False,6,2,False,True,True,False
이서윤4,10481,3,8,4,3,8,PENALTY_STROKE,LOST_BALL_PENALTY_RESTART,1,FAIRWAY,FAIRWAY,PENALTY_RESTART,118.3,361.5,False,6,2,False,True,True,False
이서윤4,10481,3,8,4,4,1,FAIRWAY,FAIRWAY,2,ROUGH,ROUGH,OTHER_UNRESOLVED,7.4,118.3,False,6,2,False,True,True,False
이서윤4,10481,3,8,4,5,2,ROUGH,ROUGH,3,GREEN,GREEN,RECOVERY,2.0,7.4,False,6,2,False,True,True,False
이서윤4,10481,3,9,4,2,1,FAIRWAY,FAIRWAY,3,GREEN,GREEN,NORMAL_APPROACH,1.5,97.6,True,4,0,True,False,False,True
이서윤4,10481,3,10,5,2,2,ROUGH,ROUGH,2,ROUGH,ROUGH,RECOVERY,127.2,303.8,True,5,0,True,False,False,False
이서윤4,10481,3,10,5,3,2,ROUGH,ROUGH,3,GREEN,GREEN,RECOVERY,6.8,127.2,True,5,0,True,False,False,False
이서윤4,10481,3,12,4,2,1,FAIRWAY,FAIRWAY,3,GREEN,GREEN,NORMAL_APPROACH,2.7,154.3,True,4,0,True,False,False,True
이서윤4,10481,3,13,4,2,2,ROUGH,ROUGH,2,ROUGH,ROUGH,RECOVERY,12.2,138.0,False,4,0,True,False,False,False
이서윤4,10481,3,13,4,3,2,ROUGH,ROUGH,3,GREEN,GREEN,RECOVERY,0.7,12.2,False,4,0,True,False,False,False
이서윤4,10481,3,14,4,2,1,FAIRWAY,FAIRWAY,12,FRINGE,FRINGE,NORMAL_APPROACH,17.2,144.7,False,4,0,True,False,False,True
이서윤4,10481,3,14,4,3,12,FRINGE,FRINGE,3,GREEN,GREEN,SHORT_GAME,0.7,17.2,False,4,0,True,False,False,True
이서윤4,10481,3,15,4,2,2,ROUGH,ROUGH,3,GREEN,GREEN,RECOVERY,5.7,163.7,True,4,0,True,False,False,False
이서윤4,10481,3,16,3,2,5,PENALTY_AREA,PENALTY_AREA,8,PENALTY_STROKE,LOST_BALL_PENALTY_RESTART,PENALTY_RESTART,107.7,0.0,False,5,2,False,True,True,
이서윤4,10481,3,16,3,3,8,PENALTY_STROKE,LOST_BALL_PENALTY_RESTART,3,GREEN,GREEN,PENALTY_RESTART,3.9,107.7,False,5,2,False,True,True,
이서윤4,10481,3,17,4,2,2,ROUGH,ROUGH,3,GREEN,GREEN,RECOVERY,20.5,134.8,True,5,1,False,True,False,False
이서윤4,10481,3,18,5,2,1,FAIRWAY,FAIRWAY,1,FAIRWAY,FAIRWAY,ADVANCE_LAYUP,108.4,271.4,True,5,0,True,False,False,True
이서윤4,10481,3,18,5,3,1,FAIRWAY,FAIRWAY,3,GREEN,GREEN,NORMAL_APPROACH,7.5,108.4,True,5,0,True,False,False,True
이서윤4,10481,4,1,4,2,1,FAIRWAY,FAIRWAY,3,GREEN,GREEN,NORMAL_APPROACH,10.5,153.3,True,4,0,True,False,False,True
이서윤4,10481,4,3,4,2,2,ROUGH,ROUGH,3,GREEN,GREEN,RECOVERY,21.8,174.9,True,4,0,True,False,False,False
이서윤4,10481,4,4,5,2,1,FAIRWAY,FAIRWAY,1,FAIRWAY,FAIRWAY,ADVANCE_LAYUP,78.2,275.7,True,5,0,True,False,False,True
이서윤4,10481,4,4,5,3,1,FAIRWAY,FAIRWAY,3,GREEN,GREEN,NORMAL_APPROACH,3.9,78.2,True,5,0,True,False,False,True
이서윤4,10481,4,6,4,2,1,FAIRWAY,FAIRWAY,3,GREEN,GREEN,NORMAL_APPROACH,2.4,130.3,True,4,0,True,False,False,True
이서윤4,10481,4,7,5,2,1,FAIRWAY,FAIRWAY,1,FAIRWAY,FAIRWAY,ADVANCE_LAYUP,76.1,278.2,True,4,-1,True,False,False,True
이서윤4,10481,4,7,5,3,1,FAIRWAY,FAIRWAY,3,GREEN,GREEN,NORMAL_APPROACH,1.2,76.1,True,4,-1,True,False,False,True
이서윤4,10481,4,8,4,2,1,FAIRWAY,FAIRWAY,3,GREEN,GREEN,NORMAL_APPROACH,6.1,106.2,True,4,0,True,False,False,True
이서윤4,10481,4,9,4,2,1,FAIRWAY,FAIRWAY,3,GREEN,GREEN,NORMAL_APPROACH,8.0,84.4,True,4,0,True,False,False,True
이서윤4,10481,4,10,5,2,2,ROUGH,ROUGH,1,FAIRWAY,FAIRWAY,RECOVERY,141.6,296.4,False,6,1,False,True,False,False
이서윤4,10481,4,10,5,3,1,FAIRWAY,FAIRWAY,12,FRINGE,FRINGE,NORMAL_APPROACH,23.0,141.6,False,6,1,False,True,False,False
이서윤4,10481,4,10,5,4,12,FRINGE,FRINGE,3,GREEN,GREEN,SHORT_GAME,9.0,23.0,False,6,1,False,True,False,False
이서윤4,10481,4,12,4,2,1,FAIRWAY,FAIRWAY,2,ROUGH,ROUGH,OTHER_UNRESOLVED,20.1,159.3,False,5,1,False,True,False,True
이서윤4,10481,4,12,4,3,2,ROUGH,ROUGH,3,GREEN,GREEN,RECOVERY,4.3,20.1,False,5,1,False,True,False,True
이서윤4,10481,4,13,4,2,1,FAIRWAY,FAIRWAY,3,GREEN,GREEN,NORMAL_APPROACH,10.0,103.4,True,4,0,True,False,False,True
이서윤4,10481,4,14,4,2,2,ROUGH,ROUGH,3,GREEN,GREEN,RECOVERY,5.6,130.2,True,5,1,False,True,False,False
이서윤4,10481,4,15,4,2,2,ROUGH,ROUGH,2,ROUGH,ROUGH,RECOVERY,21.5,150.2,False,5,1,False,True,False,False
이서윤4,10481,4,15,4,3,2,ROUGH,ROUGH,3,GREEN,GREEN,RECOVERY,1.6,21.5,False,5,1,False,True,False,False
이서윤4,10481,4,17,4,2,1,FAIRWAY,FAIRWAY,3,GREEN,GREEN,NORMAL_APPROACH,2.6,109.2,True,4,0,True,False,False,True
이서윤4,10481,4,18,5,2,2,ROUGH,ROUGH,1,FAIRWAY,FAIRWAY,RECOVERY,92.8,277.9,True,5,0,True,False,False,False
이서윤4,10481,4,18,5,3,1,FAIRWAY,FAIRWAY,3,GREEN,GREEN,NORMAL_APPROACH,6.9,92.8,True,5,0,True,False,False,False
현세린,10531,1,1,4,2,1,FAIRWAY,FAIRWAY,3,GREEN,GREEN,NORMAL_APPROACH,6.1,181.7,True,4,0,True,False,False,True
현세린,10531,1,3,4,2,1,FAIRWAY,FAIRWAY,3,GREEN,GREEN,NORMAL_APPROACH,4.1,166.7,True,4,0,True,False,False,True
현세린,10531,1,4,5,2,1,FAIRWAY,FAIRWAY,2,ROUGH,ROUGH,ADVANCE_LAYUP,94.2,281.1,True,5,0,True,False,False,True
현세린,10531,1,4,5,3,2,ROUGH,ROUGH,3,GREEN,GREEN,RECOVERY,4.5,94.2,True,5,0,True,False,False,True
현세린,10531,1,6,4,2,1,FAIRWAY,FAIRWAY,3,GREEN,GREEN,NORMAL_APPROACH,4.5,165.6,True,3,-1,True,False,False,True
현세린,10531,1,7,5,2,1,FAIRWAY,FAIRWAY,1,FAIRWAY,FAIRWAY,ADVANCE_LAYUP,66.2,246.4,True,4,-1,True,False,False,True
현세린,10531,1,7,5,3,1,FAIRWAY,FAIRWAY,3,GREEN,GREEN,NORMAL_APPROACH,1.2,66.2,True,4,-1,True,False,False,True
현세린,10531,1,8,4,2,2,ROUGH,ROUGH,12,FRINGE,FRINGE,RECOVERY,28.6,152.2,False,5,1,False,True,False,False
현세린,10531,1,8,4,3,12,FRINGE,FRINGE,3,GREEN,GREEN,SHORT_GAME,9.2,28.6,False,5,1,False,True,False,False
현세린,10531,1,9,4,2,2,ROUGH,ROUGH,3,GREEN,GREEN,RECOVERY,7.1,99.1,True,4,0,True,False,False,False
현세린,10531,1,10,5,2,1,FAIRWAY,FAIRWAY,1,FAIRWAY,FAIRWAY,ADVANCE_LAYUP,102.8,304.8,False,5,0,True,False,False,True
현세린,10531,1,10,5,3,1,FAIRWAY,FAIRWAY,12,FRINGE,FRINGE,NORMAL_APPROACH,5.2,102.8,False,5,0,True,False,False,True
현세린,10531,1,10,5,4,12,FRINGE,FRINGE,3,GREEN,GREEN,SHORT_GAME,0.8,5.2,False,5,0,True,False,False,True
현세린,10531,1,11,3,2,2,ROUGH,ROUGH,3,GREEN,GREEN,RECOVERY,0.9,17.4,False,3,0,True,False,False,
현세린,10531,1,12,4,2,2,ROUGH,ROUGH,3,GREEN,GREEN,RECOVERY,12.3,131.2,True,5,1,False,True,False,False
현세린,10531,1,13,4,2,2,ROUGH,ROUGH,3,GREEN,GREEN,RECOVERY,13.6,143.7,True,4,0,True,False,False,False
현세린,10531,1,14,4,2,2,ROUGH,ROUGH,2,ROUGH,ROUGH,RECOVERY,96.0,146.0,False,5,1,False,True,False,False
현세린,10531,1,14,4,3,2,ROUGH,ROUGH,3,GREEN,GREEN,RECOVERY,10.5,96.0,False,5,1,False,True,False,False
현세린,10531,1,15,4,2,1,FAIRWAY,FAIRWAY,3,GREEN,GREEN,NORMAL_APPROACH,10.3,145.1,True,4,0,True,False,False,True
현세린,10531,1,17,4,2,1,FAIRWAY,FAIRWAY,9,GREENSIDE_BUNKER,GREENSIDE_BUNKER,OTHER_UNRESOLVED,12.7,141.4,False,5,1,False,True,False,True
현세린,10531,1,17,4,3,9,GREENSIDE_BUNKER,GREENSIDE_BUNKER,3,GREEN,GREEN,RECOVERY,5.0,12.7,False,5,1,False,True,False,True
현세린,10531,1,18,5,2,1,FAIRWAY,FAIRWAY,1,FAIRWAY,FAIRWAY,ADVANCE_LAYUP,83.2,283.5,True,5,0,True,False,False,True
현세린,10531,1,18,5,3,1,FAIRWAY,FAIRWAY,3,GREEN,GREEN,NORMAL_APPROACH,6.2,83.2,True,5,0,True,False,False,True
현세린,10531,2,1,4,2,1,FAIRWAY,FAIRWAY,3,GREEN,GREEN,NORMAL_APPROACH,10.9,149.4,True,4,0,True,False,False,True
현세린,10531,2,3,4,2,1,FAIRWAY,FAIRWAY,9,GREENSIDE_BUNKER,GREENSIDE_BUNKER,OTHER_UNRESOLVED,11.8,187.2,False,5,1,False,True,False,True
현세린,10531,2,3,4,3,9,GREENSIDE_BUNKER,GREENSIDE_BUNKER,3,GREEN,GREEN,RECOVERY,7.8,11.8,False,5,1,False,True,False,True
현세린,10531,2,4,5,2,1,FAIRWAY,FAIRWAY,2,ROUGH,ROUGH,ADVANCE_LAYUP,115.4,310.5,False,5,0,True,False,False,True
현세린,10531,2,4,5,3,2,ROUGH,ROUGH,2,ROUGH,ROUGH,RECOVERY,17.3,115.4,False,5,0,True,False,False,True
현세린,10531,2,4,5,4,2,ROUGH,ROUGH,3,GREEN,GREEN,RECOVERY,3.7,17.3,False,5,0,True,False,False,True
현세린,10531,2,6,4,2,2,ROUGH,ROUGH,2,ROUGH,ROUGH,RECOVERY,19.6,171.3,False,4,0,True,False,False,False
현세린,10531,2,6,4,3,2,ROUGH,ROUGH,3,GREEN,GREEN,RECOVERY,1.6,19.6,False,4,0,True,False,False,False
현세린,10531,2,7,5,2,1,FAIRWAY,FAIRWAY,1,FAIRWAY,FAIRWAY,ADVANCE_LAYUP,91.8,286.7,True,4,-1,True,False,False,True
현세린,10531,2,7,5,3,1,FAIRWAY,FAIRWAY,3,GREEN,GREEN,NORMAL_APPROACH,4.5,91.8,True,4,-1,True,False,False,True
현세린,10531,2,8,4,2,2,ROUGH,ROUGH,2,ROUGH,ROUGH,RECOVERY,17.9,111.4,False,5,1,False,True,False,False
현세린,10531,2,8,4,3,2,ROUGH,ROUGH,3,GREEN,GREEN,RECOVERY,3.5,17.9,False,5,1,False,True,False,False
현세린,10531,2,9,4,2,2,ROUGH,ROUGH,12,FRINGE,FRINGE,RECOVERY,6.3,133.9,False,4,0,True,False,False,False
현세린,10531,2,9,4,3,12,FRINGE,FRINGE,3,GREEN,GREEN,SHORT_GAME,0.5,6.3,False,4,0,True,False,False,False
현세린,10531,2,10,5,2,2,ROUGH,ROUGH,2,ROUGH,ROUGH,RECOVERY,154.8,334.8,False,5,0,True,False,False,False
현세린,10531,2,10,5,3,2,ROUGH,ROUGH,2,ROUGH,ROUGH,RECOVERY,9.6,154.8,False,5,0,True,False,False,False
현세린,10531,2,10,5,4,2,ROUGH,ROUGH,3,GREEN,GREEN,RECOVERY,1.1,9.6,False,5,0,True,False,False,False
현세린,10531,2,11,3,2,2,ROUGH,ROUGH,2,ROUGH,ROUGH,RECOVERY,15.2,16.0,False,4,1,False,True,False,
현세린,10531,2,11,3,3,2,ROUGH,ROUGH,3,GREEN,GREEN,RECOVERY,0.4,15.2,False,4,1,False,True,False,
현세린,10531,2,12,4,2,1,FAIRWAY,FAIRWAY,2,ROUGH,ROUGH,OTHER_UNRESOLVED,9.9,171.2,False,5,1,False,True,False,True
현세린,10531,2,12,4,3,2,ROUGH,ROUGH,3,GREEN,GREEN,RECOVERY,3.1,9.9,False,5,1,False,True,False,True
현세린,10531,2,13,4,2,1,FAIRWAY,FAIRWAY,3,GREEN,GREEN,NORMAL_APPROACH,12.8,106.0,True,4,0,True,False,False,True
현세린,10531,2,14,4,2,2,ROUGH,ROUGH,3,GREEN,GREEN,RECOVERY,12.4,160.2,True,4,0,True,False,False,False
현세린,10531,2,15,4,2,2,ROUGH,ROUGH,3,GREEN,GREEN,RECOVERY,3.4,148.5,True,4,0,True,False,False,False
현세린,10531,2,17,4,2,1,FAIRWAY,FAIRWAY,12,FRINGE,FRINGE,NORMAL_APPROACH,8.0,141.9,False,4,0,True,False,False,True
현세린,10531,2,17,4,3,12,FRINGE,FRINGE,3,GREEN,GREEN,SHORT_GAME,0.5,8.0,False,4,0,True,False,False,True
현세린,10531,2,18,5,2,1,FAIRWAY,FAIRWAY,2,ROUGH,ROUGH,ADVANCE_LAYUP,67.0,250.1,True,6,1,False,True,False,True
현세린,10531,2,18,5,3,2,ROUGH,ROUGH,3,GREEN,GREEN,RECOVERY,24.3,67.0,True,6,1,False,True,False,True
현세린,10531,3,1,4,2,2,ROUGH,ROUGH,2,ROUGH,ROUGH,RECOVERY,19.6,157.7,False,4,0,True,False,False,False
현세린,10531,3,1,4,3,2,ROUGH,ROUGH,3,GREEN,GREEN,RECOVERY,1.0,19.6,False,4,0,True,False,False,False
현세린,10531,3,2,3,2,2,ROUGH,ROUGH,2,ROUGH,ROUGH,RECOVERY,8.1,13.8,False,3,0,True,False,False,
현세린,10531,3,2,3,3,2,ROUGH,ROUGH,10,HOLED,HOLED,RECOVERY,0.0,8.1,False,3,0,True,False,False,
현세린,10531,3,3,4,2,2,ROUGH,ROUGH,12,FRINGE,FRINGE,RECOVERY,16.4,191.8,False,4,0,True,False,False,False
현세린,10531,3,3,4,3,12,FRINGE,FRINGE,3,GREEN,GREEN,SHORT_GAME,0.4,16.4,False,4,0,True,False,False,False
현세린,10531,3,4,5,2,1,FAIRWAY,FAIRWAY,2,ROUGH,ROUGH,ADVANCE_LAYUP,104.2,305.5,True,4,-1,True,False,False,True
현세린,10531,3,4,5,3,2,ROUGH,ROUGH,3,GREEN,GREEN,RECOVERY,4.0,104.2,True,4,-1,True,False,False,True
현세린,10531,3,6,4,2,2,ROUGH,ROUGH,2,ROUGH,ROUGH,RECOVERY,14.0,186.1,False,4,0,True,False,False,False
현세린,10531,3,6,4,3,2,ROUGH,ROUGH,3,GREEN,GREEN,RECOVERY,2.8,14.0,False,4,0,True,False,False,False
현세린,10531,3,7,5,2,2,ROUGH,ROUGH,1,FAIRWAY,FAIRWAY,RECOVERY,174.0,290.5,True,5,0,True,False,False,False
현세린,10531,3,7,5,3,1,FAIRWAY,FAIRWAY,3,GREEN,GREEN,NORMAL_APPROACH,12.3,174.0,True,5,0,True,False,False,False
현세린,10531,3,8,4,2,1,FAIRWAY,FAIRWAY,3,GREEN,GREEN,NORMAL_APPROACH,14.7,132.4,True,3,-1,True,False,False,True
현세린,10531,3,9,4,2,2,ROUGH,ROUGH,3,GREEN,GREEN,RECOVERY,9.8,133.7,True,4,0,True,False,False,False
현세린,10531,3,10,5,2,2,ROUGH,ROUGH,2,ROUGH,ROUGH,RECOVERY,151.7,320.3,True,5,0,True,False,False,False
현세린,10531,3,10,5,3,2,ROUGH,ROUGH,3,GREEN,GREEN,RECOVERY,19.2,151.7,True,5,0,True,False,False,False
현세린,10531,3,12,4,2,1,FAIRWAY,FAIRWAY,3,GREEN,GREEN,NORMAL_APPROACH,10.4,174.8,True,5,1,False,True,False,True
현세린,10531,3,13,4,2,6,BUNKER,BUNKER,12,FRINGE,FRINGE,RECOVERY,19.1,108.7,False,4,0,True,False,False,False
현세린,10531,3,13,4,3,12,FRINGE,FRINGE,3,GREEN,GREEN,SHORT_GAME,1.3,19.1,False,4,0,True,False,False,False
현세린,10531,3,14,4,2,1,FAIRWAY,FAIRWAY,2,ROUGH,ROUGH,OTHER_UNRESOLVED,19.7,154.9,False,4,0,True,False,False,True
현세린,10531,3,14,4,3,2,ROUGH,ROUGH,3,GREEN,GREEN,RECOVERY,3.6,19.7,False,4,0,True,False,False,True
현세린,10531,3,15,4,2,2,ROUGH,ROUGH,3,GREEN,GREEN,RECOVERY,5.9,157.5,True,4,0,True,False,False,False
현세린,10531,3,17,4,2,2,ROUGH,ROUGH,12,FRINGE,FRINGE,RECOVERY,26.1,146.3,False,4,0,True,False,False,False
현세린,10531,3,17,4,3,12,FRINGE,FRINGE,3,GREEN,GREEN,SHORT_GAME,3.8,26.1,False,4,0,True,False,False,False
현세린,10531,3,18,5,2,2,ROUGH,ROUGH,1,FAIRWAY,FAIRWAY,RECOVERY,114.9,284.5,True,4,-1,True,False,False,False
현세린,10531,3,18,5,3,1,FAIRWAY,FAIRWAY,3,GREEN,GREEN,NORMAL_APPROACH,1.6,114.9,True,4,-1,True,False,False,False
현세린,10531,4,1,4,2,6,BUNKER,BUNKER,12,FRINGE,FRINGE,RECOVERY,19.5,155.5,False,4,0,True,False,False,False
현세린,10531,4,1,4,3,12,FRINGE,FRINGE,3,GREEN,GREEN,SHORT_GAME,0.9,19.5,False,4,0,True,False,False,False
현세린,10531,4,2,3,2,2,ROUGH,ROUGH,3,GREEN,GREEN,RECOVERY,2.7,16.4,False,4,1,False,True,False,
현세린,10531,4,3,4,2,1,FAIRWAY,FAIRWAY,3,GREEN,GREEN,NORMAL_APPROACH,17.9,183.8,True,4,0,True,False,False,True
현세린,10531,4,4,5,2,2,ROUGH,ROUGH,2,ROUGH,ROUGH,RECOVERY,113.6,286.6,True,5,0,True,False,False,False
현세린,10531,4,4,5,3,2,ROUGH,ROUGH,3,GREEN,GREEN,RECOVERY,3.0,113.6,True,5,0,True,False,False,False
현세린,10531,4,6,4,2,1,FAIRWAY,FAIRWAY,3,GREEN,GREEN,NORMAL_APPROACH,4.1,143.7,True,4,0,True,False,False,True
현세린,10531,4,7,5,2,1,FAIRWAY,FAIRWAY,1,FAIRWAY,FAIRWAY,ADVANCE_LAYUP,78.3,295.8,True,4,-1,True,False,False,True
현세린,10531,4,7,5,3,1,FAIRWAY,FAIRWAY,3,GREEN,GREEN,NORMAL_APPROACH,3.2,78.3,True,4,-1,True,False,False,True
현세린,10531,4,8,4,2,1,FAIRWAY,FAIRWAY,3,GREEN,GREEN,NORMAL_APPROACH,1.9,109.5,True,4,0,True,False,False,True
현세린,10531,4,9,4,2,2,ROUGH,ROUGH,12,FRINGE,FRINGE,RECOVERY,6.0,118.9,False,4,0,True,False,False,False
현세린,10531,4,9,4,3,12,FRINGE,FRINGE,3,GREEN,GREEN,SHORT_GAME,0.4,6.0,False,4,0,True,False,False,False
현세린,10531,4,10,5,2,1,FAIRWAY,FAIRWAY,1,FAIRWAY,FAIRWAY,ADVANCE_LAYUP,105.5,291.3,True,5,0,True,False,False,True
현세린,10531,4,10,5,3,1,FAIRWAY,FAIRWAY,3,GREEN,GREEN,NORMAL_APPROACH,7.1,105.5,True,5,0,True,False,False,True
현세린,10531,4,12,4,2,2,ROUGH,ROUGH,3,GREEN,GREEN,RECOVERY,10.1,144.7,True,4,0,True,False,False,False
현세린,10531,4,13,4,2,2,ROUGH,ROUGH,3,GREEN,GREEN,RECOVERY,8.4,128.0,True,4,0,True,False,False,False
현세린,10531,4,14,4,2,1,FAIRWAY,FAIRWAY,12,FRINGE,FRINGE,NORMAL_APPROACH,13.3,158.5,False,5,1,False,True,False,True
현세린,10531,4,14,4,3,12,FRINGE,FRINGE,3,GREEN,GREEN,SHORT_GAME,2.2,13.3,False,5,1,False,True,False,True
현세린,10531,4,15,4,2,1,FAIRWAY,FAIRWAY,2,ROUGH,ROUGH,OTHER_UNRESOLVED,20.6,178.8,False,4,0,True,False,False,True
현세린,10531,4,15,4,3,2,ROUGH,ROUGH,3,GREEN,GREEN,RECOVERY,0.7,20.6,False,4,0,True,False,False,True
현세린,10531,4,17,4,2,2,ROUGH,ROUGH,9,GREENSIDE_BUNKER,GREENSIDE_BUNKER,RECOVERY,13.7,121.1,False,4,0,True,False,False,False
현세린,10531,4,17,4,3,9,GREENSIDE_BUNKER,GREENSIDE_BUNKER,3,GREEN,GREEN,RECOVERY,3.9,13.7,False,4,0,True,False,False,False
현세린,10531,4,18,5,2,2,ROUGH,ROUGH,1,FAIRWAY,FAIRWAY,RECOVERY,154.0,285.0,True,5,0,True,False,False,False
현세린,10531,4,18,5,3,1,FAIRWAY,FAIRWAY,3,GREEN,GREEN,NORMAL_APPROACH,6.5,154.0,True,5,0,True,False,False,False
최예본,10577,1,1,4,2,1,FAIRWAY,FAIRWAY,9,GREENSIDE_BUNKER,GREENSIDE_BUNKER,OTHER_UNRESOLVED,25.9,170.7,False,5,1,False,True,False,True
최예본,10577,1,1,4,3,9,GREENSIDE_BUNKER,GREENSIDE_BUNKER,3,GREEN,GREEN,RECOVERY,3.4,25.9,False,5,1,False,True,False,True
최예본,10577,1,3,4,2,1,FAIRWAY,FAIRWAY,2,ROUGH,ROUGH,OTHER_UNRESOLVED,13.0,182.0,False,5,1,False,True,False,True
최예본,10577,1,3,4,3,2,ROUGH,ROUGH,3,GREEN,GREEN,RECOVERY,4.4,13.0,False,5,1,False,True,False,True
최예본,10577,1,4,5,2,2,ROUGH,ROUGH,1,FAIRWAY,FAIRWAY,RECOVERY,144.3,302.9,False,6,1,False,True,False,False
최예본,10577,1,4,5,3,1,FAIRWAY,FAIRWAY,2,ROUGH,ROUGH,ADVANCE_LAYUP,9.2,144.3,False,6,1,False,True,False,False
최예본,10577,1,4,5,4,2,ROUGH,ROUGH,3,GREEN,GREEN,RECOVERY,1.9,9.2,False,6,1,False,True,False,False
최예본,10577,1,6,4,2,1,FAIRWAY,FAIRWAY,3,GREEN,GREEN,NORMAL_APPROACH,3.5,166.4,True,3,-1,True,False,False,True
최예본,10577,1,7,5,2,1,FAIRWAY,FAIRWAY,1,FAIRWAY,FAIRWAY,ADVANCE_LAYUP,83.0,291.5,True,4,-1,True,False,False,True
최예본,10577,1,7,5,3,1,FAIRWAY,FAIRWAY,3,GREEN,GREEN,NORMAL_APPROACH,0.7,83.0,True,4,-1,True,False,False,True
최예본,10577,1,8,4,2,1,FAIRWAY,FAIRWAY,12,FRINGE,FRINGE,NORMAL_APPROACH,7.9,161.4,False,4,0,True,False,False,True
최예본,10577,1,8,4,3,12,FRINGE,FRINGE,3,GREEN,GREEN,SHORT_GAME,1.0,7.9,False,4,0,True,False,False,True
최예본,10577,1,9,4,2,1,FAIRWAY,FAIRWAY,3,GREEN,GREEN,NORMAL_APPROACH,2.8,134.2,True,4,0,True,False,False,True
최예본,10577,1,10,5,2,1,FAIRWAY,FAIRWAY,1,FAIRWAY,FAIRWAY,ADVANCE_LAYUP,109.9,298.4,True,5,0,True,False,False,True
최예본,10577,1,10,5,3,1,FAIRWAY,FAIRWAY,3,GREEN,GREEN,NORMAL_APPROACH,5.5,109.9,True,5,0,True,False,False,True
최예본,10577,1,11,3,2,12,FRINGE,FRINGE,3,GREEN,GREEN,SHORT_GAME,3.1,7.3,False,4,1,False,True,False,
최예본,10577,1,12,4,2,2,ROUGH,ROUGH,3,GREEN,GREEN,RECOVERY,4.0,126.6,True,4,0,True,False,False,False
최예본,10577,1,13,4,2,1,FAIRWAY,FAIRWAY,3,GREEN,GREEN,NORMAL_APPROACH,12.7,119.9,True,4,0,True,False,False,True
최예본,10577,1,14,4,2,1,FAIRWAY,FAIRWAY,12,FRINGE,FRINGE,NORMAL_APPROACH,19.3,156.9,False,5,1,False,True,False,True
최예본,10577,1,14,4,3,12,FRINGE,FRINGE,3,GREEN,GREEN,SHORT_GAME,1.7,19.3,False,5,1,False,True,False,True
최예본,10577,1,15,4,2,1,FAIRWAY,FAIRWAY,3,GREEN,GREEN,NORMAL_APPROACH,13.7,160.4,True,4,0,True,False,False,True
최예본,10577,1,17,4,2,1,FAIRWAY,FAIRWAY,12,FRINGE,FRINGE,NORMAL_APPROACH,11.7,119.7,False,4,0,True,False,False,True
최예본,10577,1,17,4,3,12,FRINGE,FRINGE,3,GREEN,GREEN,SHORT_GAME,1.9,11.7,False,4,0,True,False,False,True
최예본,10577,1,18,5,2,1,FAIRWAY,FAIRWAY,2,ROUGH,ROUGH,ADVANCE_LAYUP,127.7,281.6,True,5,0,True,False,False,True
최예본,10577,1,18,5,3,2,ROUGH,ROUGH,3,GREEN,GREEN,RECOVERY,15.2,127.7,True,5,0,True,False,False,True
최예본,10577,2,1,4,2,1,FAIRWAY,FAIRWAY,3,GREEN,GREEN,NORMAL_APPROACH,2.2,164.6,True,3,-1,True,False,False,True
최예본,10577,2,3,4,2,1,FAIRWAY,FAIRWAY,9,GREENSIDE_BUNKER,GREENSIDE_BUNKER,OTHER_UNRESOLVED,24.5,186.6,False,6,2,False,True,True,True
최예본,10577,2,3,4,3,9,GREENSIDE_BUNKER,GREENSIDE_BUNKER,2,ROUGH,ROUGH,RECOVERY,21.8,24.5,False,6,2,False,True,True,True
최예본,10577,2,3,4,4,2,ROUGH,ROUGH,3,GREEN,GREEN,RECOVERY,2.1,21.8,False,6,2,False,True,True,True
최예본,10577,2,4,5,2,1,FAIRWAY,FAIRWAY,1,FAIRWAY,FAIRWAY,ADVANCE_LAYUP,120.0,304.2,True,5,0,True,False,False,True
최예본,10577,2,4,5,3,1,FAIRWAY,FAIRWAY,3,GREEN,GREEN,NORMAL_APPROACH,11.5,120.0,True,5,0,True,False,False,True
최예본,10577,2,6,4,2,1,FAIRWAY,FAIRWAY,12,FRINGE,FRINGE,NORMAL_APPROACH,5.7,163.5,False,4,0,True,False,False,True
최예본,10577,2,6,4,3,12,FRINGE,FRINGE,3,GREEN,GREEN,SHORT_GAME,0.9,5.7,False,4,0,True,False,False,True
최예본,10577,2,7,5,2,1,FAIRWAY,FAIRWAY,1,FAIRWAY,FAIRWAY,ADVANCE_LAYUP,94.0,291.9,True,4,-1,True,False,False,True
최예본,10577,2,7,5,3,1,FAIRWAY,FAIRWAY,3,GREEN,GREEN,NORMAL_APPROACH,5.6,94.0,True,4,-1,True,False,False,True
최예본,10577,2,8,4,2,2,ROUGH,ROUGH,12,FRINGE,FRINGE,RECOVERY,18.1,133.2,False,4,0,True,False,False,False
최예본,10577,2,8,4,3,12,FRINGE,FRINGE,3,GREEN,GREEN,SHORT_GAME,0.5,18.1,False,4,0,True,False,False,False
최예본,10577,2,9,4,2,1,FAIRWAY,FAIRWAY,3,GREEN,GREEN,NORMAL_APPROACH,4.4,115.2,True,4,0,True,False,False,True
최예본,10577,2,10,5,2,1,FAIRWAY,FAIRWAY,1,FAIRWAY,FAIRWAY,ADVANCE_LAYUP,142.8,329.7,False,5,0,True,False,False,True
최예본,10577,2,10,5,3,1,FAIRWAY,FAIRWAY,12,FRINGE,FRINGE,NORMAL_APPROACH,4.7,142.8,False,5,0,True,False,False,True
최예본,10577,2,10,5,4,12,FRINGE,FRINGE,3,GREEN,GREEN,SHORT_GAME,0.2,4.7,False,5,0,True,False,False,True
최예본,10577,2,12,4,2,1,FAIRWAY,FAIRWAY,3,GREEN,GREEN,NORMAL_APPROACH,7.0,148.0,True,4,0,True,False,False,True
최예본,10577,2,13,4,2,1,FAIRWAY,FAIRWAY,3,GREEN,GREEN,NORMAL_APPROACH,21.0,103.6,True,5,1,False,True,False,True
최예본,10577,2,14,4,2,2,ROUGH,ROUGH,2,ROUGH,ROUGH,RECOVERY,9.4,148.6,False,6,2,False,True,True,False
최예본,10577,2,14,4,3,2,ROUGH,ROUGH,3,GREEN,GREEN,RECOVERY,10.4,9.4,False,6,2,False,True,True,False
최예본,10577,2,15,4,2,1,FAIRWAY,FAIRWAY,3,GREEN,GREEN,NORMAL_APPROACH,3.5,137.7,True,4,0,True,False,False,True
최예본,10577,2,17,4,2,2,ROUGH,ROUGH,3,GREEN,GREEN,RECOVERY,8.8,148.8,True,3,-1,True,False,False,False
최예본,10577,2,18,5,2,1,FAIRWAY,FAIRWAY,2,ROUGH,ROUGH,ADVANCE_LAYUP,106.7,277.1,True,5,0,True,False,False,True
최예본,10577,2,18,5,3,2,ROUGH,ROUGH,3,GREEN,GREEN,RECOVERY,7.7,106.7,True,5,0,True,False,False,True
최예본,10577,3,1,4,2,1,FAIRWAY,FAIRWAY,9,GREENSIDE_BUNKER,GREENSIDE_BUNKER,OTHER_UNRESOLVED,17.2,169.6,False,4,0,True,False,False,True
최예본,10577,3,1,4,3,9,GREENSIDE_BUNKER,GREENSIDE_BUNKER,3,GREEN,GREEN,RECOVERY,8.0,17.2,False,4,0,True,False,False,True
최예본,10577,3,2,3,2,2,ROUGH,ROUGH,2,ROUGH,ROUGH,RECOVERY,8.0,14.6,False,4,1,False,True,False,
최예본,10577,3,2,3,3,2,ROUGH,ROUGH,3,GREEN,GREEN,RECOVERY,0.3,8.0,False,4,1,False,True,False,
최예본,10577,3,3,4,2,1,FAIRWAY,FAIRWAY,3,GREEN,GREEN,NORMAL_APPROACH,17.3,201.6,True,4,0,True,False,False,True
최예본,10577,3,4,5,2,1,FAIRWAY,FAIRWAY,1,FAIRWAY,FAIRWAY,ADVANCE_LAYUP,88.8,298.5,True,4,-1,True,False,False,True
최예본,10577,3,4,5,3,1,FAIRWAY,FAIRWAY,3,GREEN,GREEN,NORMAL_APPROACH,1.1,88.8,True,4,-1,True,False,False,True
최예본,10577,3,6,4,2,1,FAIRWAY,FAIRWAY,3,GREEN,GREEN,NORMAL_APPROACH,10.9,174.9,True,4,0,True,False,False,True
최예본,10577,3,7,5,2,1,FAIRWAY,FAIRWAY,2,ROUGH,ROUGH,ADVANCE_LAYUP,86.2,302.2,True,4,-1,True,False,False,True
최예본,10577,3,7,5,3,2,ROUGH,ROUGH,3,GREEN,GREEN,RECOVERY,4.7,86.2,True,4,-1,True,False,False,True
최예본,10577,3,8,4,2,2,ROUGH,ROUGH,12,FRINGE,FRINGE,RECOVERY,33.9,147.1,False,5,1,False,True,False,False
최예본,10577,3,8,4,3,12,FRINGE,FRINGE,3,GREEN,GREEN,SHORT_GAME,16.0,33.9,False,5,1,False,True,False,False
최예본,10577,3,9,4,2,2,ROUGH,ROUGH,3,GREEN,GREEN,RECOVERY,33.8,134.6,True,5,1,False,True,False,False
최예본,10577,3,10,5,2,1,FAIRWAY,FAIRWAY,1,FAIRWAY,FAIRWAY,ADVANCE_LAYUP,104.5,306.0,True,5,0,True,False,False,True
최예본,10577,3,10,5,3,1,FAIRWAY,FAIRWAY,3,GREEN,GREEN,NORMAL_APPROACH,5.6,104.5,True,5,0,True,False,False,True
최예본,10577,3,12,4,2,1,FAIRWAY,FAIRWAY,3,GREEN,GREEN,NORMAL_APPROACH,1.4,152.7,True,3,-1,True,False,False,True
최예본,10577,3,13,4,2,1,FAIRWAY,FAIRWAY,12,FRINGE,FRINGE,NORMAL_APPROACH,17.5,133.4,False,5,1,False,True,False,True
최예본,10577,3,13,4,3,12,FRINGE,FRINGE,3,GREEN,GREEN,SHORT_GAME,4.8,17.5,False,5,1,False,True,False,True
최예본,10577,3,14,4,2,1,FAIRWAY,FAIRWAY,3,GREEN,GREEN,NORMAL_APPROACH,10.3,164.7,True,4,0,True,False,False,True
최예본,10577,3,15,4,2,2,ROUGH,ROUGH,3,GREEN,GREEN,RECOVERY,3.6,105.7,True,4,0,True,False,False,False
최예본,10577,3,17,4,2,1,FAIRWAY,FAIRWAY,3,GREEN,GREEN,NORMAL_APPROACH,16.1,125.3,True,4,0,True,False,False,True
최예본,10577,3,18,5,2,1,FAIRWAY,FAIRWAY,1,FAIRWAY,FAIRWAY,ADVANCE_LAYUP,86.2,263.0,True,5,0,True,False,False,True
최예본,10577,3,18,5,3,1,FAIRWAY,FAIRWAY,3,GREEN,GREEN,NORMAL_APPROACH,4.3,86.2,True,5,0,True,False,False,True
최예본,10577,4,1,4,2,1,FAIRWAY,FAIRWAY,3,GREEN,GREEN,NORMAL_APPROACH,9.1,171.7,True,4,0,True,False,False,True
최예본,10577,4,3,4,2,1,FAIRWAY,FAIRWAY,3,GREEN,GREEN,NORMAL_APPROACH,10.1,188.8,True,4,0,True,False,False,True
최예본,10577,4,4,5,2,1,FAIRWAY,FAIRWAY,2,ROUGH,ROUGH,ADVANCE_LAYUP,102.7,290.6,False,6,1,False,True,False,True
최예본,10577,4,4,5,3,2,ROUGH,ROUGH,1,FAIRWAY,FAIRWAY,RECOVERY,83.7,102.7,False,6,1,False,True,False,True
최예본,10577,4,4,5,4,1,FAIRWAY,FAIRWAY,3,GREEN,GREEN,NORMAL_APPROACH,8.5,83.7,False,6,1,False,True,False,True
최예본,10577,4,6,4,2,1,FAIRWAY,FAIRWAY,9,GREENSIDE_BUNKER,GREENSIDE_BUNKER,OTHER_UNRESOLVED,15.4,137.2,False,5,1,False,True,False,True
최예본,10577,4,6,4,3,9,GREENSIDE_BUNKER,GREENSIDE_BUNKER,3,GREEN,GREEN,RECOVERY,10.7,15.4,False,5,1,False,True,False,True
최예본,10577,4,7,5,2,2,ROUGH,ROUGH,1,FAIRWAY,FAIRWAY,RECOVERY,150.1,320.0,False,5,0,True,False,False,False
최예본,10577,4,7,5,3,1,FAIRWAY,FAIRWAY,12,FRINGE,FRINGE,NORMAL_APPROACH,17.8,150.1,False,5,0,True,False,False,False
최예본,10577,4,7,5,4,12,FRINGE,FRINGE,3,GREEN,GREEN,SHORT_GAME,1.6,17.8,False,5,0,True,False,False,False
최예본,10577,4,8,4,2,1,FAIRWAY,FAIRWAY,3,GREEN,GREEN,NORMAL_APPROACH,0.8,113.9,True,3,-1,True,False,False,True
최예본,10577,4,9,4,2,1,FAIRWAY,FAIRWAY,3,GREEN,GREEN,NORMAL_APPROACH,5.6,90.6,True,4,0,True,False,False,True
최예본,10577,4,10,5,2,2,ROUGH,ROUGH,1,FAIRWAY,FAIRWAY,RECOVERY,119.0,297.4,True,5,0,True,False,False,False
최예본,10577,4,10,5,3,1,FAIRWAY,FAIRWAY,3,GREEN,GREEN,NORMAL_APPROACH,3.5,119.0,True,5,0,True,False,False,False
최예본,10577,4,12,4,2,1,FAIRWAY,FAIRWAY,3,GREEN,GREEN,NORMAL_APPROACH,7.1,132.6,True,4,0,True,False,False,True
최예본,10577,4,13,4,2,1,FAIRWAY,FAIRWAY,3,GREEN,GREEN,NORMAL_APPROACH,1.9,114.6,True,3,-1,True,False,False,True
최예본,10577,4,14,4,2,2,ROUGH,ROUGH,3,GREEN,GREEN,RECOVERY,9.2,142.2,True,4,0,True,False,False,False
최예본,10577,4,15,4,2,1,FAIRWAY,FAIRWAY,2,ROUGH,ROUGH,OTHER_UNRESOLVED,44.4,213.6,False,5,1,False,True,False,True
최예본,10577,4,15,4,3,2,ROUGH,ROUGH,3,GREEN,GREEN,RECOVERY,5.2,44.4,False,5,1,False,True,False,True
최예본,10577,4,17,4,2,2,ROUGH,ROUGH,2,ROUGH,ROUGH,RECOVERY,21.9,135.9,False,3,-1,True,False,False,False
최예본,10577,4,17,4,3,2,ROUGH,ROUGH,10,HOLED,HOLED,RECOVERY,0.0,21.9,False,3,-1,True,False,False,False
최예본,10577,4,18,5,2,2,ROUGH,ROUGH,1,FAIRWAY,FAIRWAY,RECOVERY,103.2,275.5,True,5,0,True,False,False,False
최예본,10577,4,18,5,3,1,FAIRWAY,FAIRWAY,3,GREEN,GREEN,NORMAL_APPROACH,9.7,103.2,True,5,0,True,False,False,False
홍진영2,10586,1,1,4,2,1,FAIRWAY,FAIRWAY,2,ROUGH,ROUGH,OTHER_UNRESOLVED,20.9,185.6,False,5,1,False,True,False,True
홍진영2,10586,1,1,4,3,2,ROUGH,ROUGH,3,GREEN,GREEN,RECOVERY,9.7,20.9,False,5,1,False,True,False,True
홍진영2,10586,1,3,4,2,1,FAIRWAY,FAIRWAY,9,GREENSIDE_BUNKER,GREENSIDE_BUNKER,OTHER_UNRESOLVED,11.7,182.0,False,5,1,False,True,False,True
홍진영2,10586,1,3,4,3,9,GREENSIDE_BUNKER,GREENSIDE_BUNKER,3,GREEN,GREEN,RECOVERY,5.8,11.7,False,5,1,False,True,False,True
홍진영2,10586,1,4,5,2,1,FAIRWAY,FAIRWAY,2,ROUGH,ROUGH,ADVANCE_LAYUP,103.5,289.6,False,5,0,True,False,False,True
홍진영2,10586,1,4,5,3,2,ROUGH,ROUGH,2,ROUGH,ROUGH,RECOVERY,10.6,103.5,False,5,0,True,False,False,True
홍진영2,10586,1,4,5,4,2,ROUGH,ROUGH,3,GREEN,GREEN,RECOVERY,1.1,10.6,False,5,0,True,False,False,True
홍진영2,10586,1,6,4,2,1,FAIRWAY,FAIRWAY,9,GREENSIDE_BUNKER,GREENSIDE_BUNKER,OTHER_UNRESOLVED,29.9,173.9,False,5,1,False,True,False,True
홍진영2,10586,1,6,4,3,9,GREENSIDE_BUNKER,GREENSIDE_BUNKER,3,GREEN,GREEN,RECOVERY,3.3,29.9,False,5,1,False,True,False,True
홍진영2,10586,1,7,5,2,2,ROUGH,ROUGH,1,FAIRWAY,FAIRWAY,RECOVERY,71.0,280.4,True,5,0,True,False,False,False
홍진영2,10586,1,7,5,3,1,FAIRWAY,FAIRWAY,3,GREEN,GREEN,NORMAL_APPROACH,4.5,71.0,True,5,0,True,False,False,False
홍진영2,10586,1,8,4,2,1,FAIRWAY,FAIRWAY,3,GREEN,GREEN,NORMAL_APPROACH,6.2,160.0,True,4,0,True,False,False,True
홍진영2,10586,1,9,4,2,1,FAIRWAY,FAIRWAY,3,GREEN,GREEN,NORMAL_APPROACH,9.3,140.7,True,4,0,True,False,False,True
홍진영2,10586,1,10,5,2,1,FAIRWAY,FAIRWAY,1,FAIRWAY,FAIRWAY,ADVANCE_LAYUP,128.4,310.8,True,5,0,True,False,False,True
홍진영2,10586,1,10,5,3,1,FAIRWAY,FAIRWAY,3,GREEN,GREEN,NORMAL_APPROACH,15.1,128.4,True,5,0,True,False,False,True
홍진영2,10586,1,11,3,2,12,FRINGE,FRINGE,10,HOLED,HOLED,SHORT_GAME,0.0,7.2,False,2,-1,True,False,False,
홍진영2,10586,1,12,4,2,2,ROUGH,ROUGH,3,GREEN,GREEN,RECOVERY,9.8,162.4,True,4,0,True,False,False,False
홍진영2,10586,1,13,4,2,1,FAIRWAY,FAIRWAY,3,GREEN,GREEN,NORMAL_APPROACH,6.2,114.4,True,4,0,True,False,False,True
홍진영2,10586,1,14,4,2,1,FAIRWAY,FAIRWAY,12,FRINGE,FRINGE,NORMAL_APPROACH,16.6,129.5,False,4,0,True,False,False,True
홍진영2,10586,1,14,4,3,12,FRINGE,FRINGE,3,GREEN,GREEN,SHORT_GAME,0.4,16.6,False,4,0,True,False,False,True
홍진영2,10586,1,15,4,2,2,ROUGH,ROUGH,2,ROUGH,ROUGH,RECOVERY,20.1,165.2,False,5,1,False,True,False,False
홍진영2,10586,1,15,4,3,2,ROUGH,ROUGH,3,GREEN,GREEN,RECOVERY,2.0,20.1,False,5,1,False,True,False,False
홍진영2,10586,1,17,4,2,1,FAIRWAY,FAIRWAY,3,GREEN,GREEN,NORMAL_APPROACH,9.8,131.1,True,4,0,True,False,False,True
홍진영2,10586,1,18,5,2,2,ROUGH,ROUGH,1,FAIRWAY,FAIRWAY,RECOVERY,112.4,290.2,True,5,0,True,False,False,False
홍진영2,10586,1,18,5,3,1,FAIRWAY,FAIRWAY,3,GREEN,GREEN,NORMAL_APPROACH,4.2,112.4,True,5,0,True,False,False,False
홍진영2,10586,2,1,4,2,1,FAIRWAY,FAIRWAY,3,GREEN,GREEN,NORMAL_APPROACH,11.2,152.3,True,4,0,True,False,False,True
홍진영2,10586,2,3,4,2,1,FAIRWAY,FAIRWAY,3,GREEN,GREEN,NORMAL_APPROACH,13.8,174.7,True,4,0,True,False,False,True
홍진영2,10586,2,4,5,2,1,FAIRWAY,FAIRWAY,1,FAIRWAY,FAIRWAY,ADVANCE_LAYUP,96.1,298.8,True,5,0,True,False,False,True
홍진영2,10586,2,4,5,3,1,FAIRWAY,FAIRWAY,3,GREEN,GREEN,NORMAL_APPROACH,14.8,96.1,True,5,0,True,False,False,True
홍진영2,10586,2,6,4,2,1,FAIRWAY,FAIRWAY,3,GREEN,GREEN,NORMAL_APPROACH,10.3,147.3,True,4,0,True,False,False,True
홍진영2,10586,2,7,5,2,1,FAIRWAY,FAIRWAY,2,ROUGH,ROUGH,ADVANCE_LAYUP,88.8,286.6,True,5,0,True,False,False,True
홍진영2,10586,2,7,5,3,2,ROUGH,ROUGH,3,GREEN,GREEN,RECOVERY,4.7,88.8,True,5,0,True,False,False,True
홍진영2,10586,2,8,4,2,1,FAIRWAY,FAIRWAY,3,GREEN,GREEN,NORMAL_APPROACH,8.5,119.4,True,4,0,True,False,False,True
홍진영2,10586,2,9,4,2,1,FAIRWAY,FAIRWAY,3,GREEN,GREEN,NORMAL_APPROACH,5.7,125.6,True,4,0,True,False,False,True
홍진영2,10586,2,10,5,2,1,FAIRWAY,FAIRWAY,1,FAIRWAY,FAIRWAY,ADVANCE_LAYUP,123.5,309.4,True,5,0,True,False,False,True
홍진영2,10586,2,10,5,3,1,FAIRWAY,FAIRWAY,3,GREEN,GREEN,NORMAL_APPROACH,11.3,123.5,True,5,0,True,False,False,True
홍진영2,10586,2,11,3,2,2,ROUGH,ROUGH,8,PENALTY_STROKE,LOST_BALL_PENALTY_RESTART,RECOVERY,112.4,16.9,False,5,2,False,True,True,
홍진영2,10586,2,11,3,3,8,PENALTY_STROKE,LOST_BALL_PENALTY_RESTART,3,GREEN,GREEN,PENALTY_RESTART,1.9,112.4,False,5,2,False,True,True,
홍진영2,10586,2,12,4,2,1,FAIRWAY,FAIRWAY,3,GREEN,GREEN,NORMAL_APPROACH,0.3,163.4,True,3,-1,True,False,False,True
홍진영2,10586,2,13,4,2,6,BUNKER,BUNKER,2,ROUGH,ROUGH,RECOVERY,36.0,102.6,False,4,0,True,False,False,False
홍진영2,10586,2,13,4,3,2,ROUGH,ROUGH,3,GREEN,GREEN,RECOVERY,2.3,36.0,False,4,0,True,False,False,False
홍진영2,10586,2,14,4,2,1,FAIRWAY,FAIRWAY,3,GREEN,GREEN,NORMAL_APPROACH,18.7,149.6,True,4,0,True,False,False,True
홍진영2,10586,2,15,4,2,1,FAIRWAY,FAIRWAY,3,GREEN,GREEN,NORMAL_APPROACH,4.2,154.4,True,4,0,True,False,False,True
홍진영2,10586,2,17,4,2,2,ROUGH,ROUGH,2,ROUGH,ROUGH,RECOVERY,29.4,156.8,False,5,1,False,True,False,False
홍진영2,10586,2,17,4,3,2,ROUGH,ROUGH,3,GREEN,GREEN,RECOVERY,4.0,29.4,False,5,1,False,True,False,False
홍진영2,10586,2,18,5,2,1,FAIRWAY,FAIRWAY,2,ROUGH,ROUGH,ADVANCE_LAYUP,86.8,268.3,True,4,-1,True,False,False,True
홍진영2,10586,2,18,5,3,2,ROUGH,ROUGH,3,GREEN,GREEN,RECOVERY,0.8,86.8,True,4,-1,True,False,False,True
홍진영2,10586,3,1,4,2,1,FAIRWAY,FAIRWAY,3,GREEN,GREEN,NORMAL_APPROACH,14.8,173.5,True,4,0,True,False,False,True
홍진영2,10586,3,3,4,2,1,FAIRWAY,FAIRWAY,3,GREEN,GREEN,NORMAL_APPROACH,9.8,199.1,True,4,0,True,False,False,True
홍진영2,10586,3,4,5,2,1,FAIRWAY,FAIRWAY,1,FAIRWAY,FAIRWAY,ADVANCE_LAYUP,103.5,296.9,True,5,0,True,False,False,True
홍진영2,10586,3,4,5,3,1,FAIRWAY,FAIRWAY,3,GREEN,GREEN,NORMAL_APPROACH,5.1,103.5,True,5,0,True,False,False,True
홍진영2,10586,3,6,4,2,1,FAIRWAY,FAIRWAY,3,GREEN,GREEN,NORMAL_APPROACH,3.9,169.9,True,4,0,True,False,False,True
홍진영2,10586,3,7,5,2,1,FAIRWAY,FAIRWAY,1,FAIRWAY,FAIRWAY,ADVANCE_LAYUP,93.9,299.1,False,5,0,True,False,False,True
홍진영2,10586,3,7,5,3,1,FAIRWAY,FAIRWAY,12,FRINGE,FRINGE,NORMAL_APPROACH,8.1,93.9,False,5,0,True,False,False,True
홍진영2,10586,3,7,5,4,12,FRINGE,FRINGE,3,GREEN,GREEN,SHORT_GAME,1.0,8.1,False,5,0,True,False,False,True
홍진영2,10586,3,8,4,2,1,FAIRWAY,FAIRWAY,3,GREEN,GREEN,NORMAL_APPROACH,12.1,141.2,True,4,0,True,False,False,True
홍진영2,10586,3,9,4,2,2,ROUGH,ROUGH,2,ROUGH,ROUGH,RECOVERY,41.5,125.0,False,5,1,False,True,False,False
홍진영2,10586,3,9,4,3,2,ROUGH,ROUGH,12,FRINGE,FRINGE,RECOVERY,8.8,41.5,False,5,1,False,True,False,False
홍진영2,10586,3,9,4,4,12,FRINGE,FRINGE,3,GREEN,GREEN,SHORT_GAME,0.4,8.8,False,5,1,False,True,False,False
홍진영2,10586,3,10,5,2,1,FAIRWAY,FAIRWAY,1,FAIRWAY,FAIRWAY,ADVANCE_LAYUP,125.3,309.8,True,5,0,True,False,False,True
홍진영2,10586,3,10,5,3,1,FAIRWAY,FAIRWAY,3,GREEN,GREEN,NORMAL_APPROACH,13.2,125.3,True,5,0,True,False,False,True
홍진영2,10586,3,12,4,2,2,ROUGH,ROUGH,2,ROUGH,ROUGH,RECOVERY,13.2,147.8,False,4,0,True,False,False,False
홍진영2,10586,3,12,4,3,2,ROUGH,ROUGH,3,GREEN,GREEN,RECOVERY,3.0,13.2,False,4,0,True,False,False,False
홍진영2,10586,3,13,4,2,1,FAIRWAY,FAIRWAY,12,FRINGE,FRINGE,NORMAL_APPROACH,5.9,128.6,False,4,0,True,False,False,True
홍진영2,10586,3,13,4,3,12,FRINGE,FRINGE,3,GREEN,GREEN,SHORT_GAME,0.3,5.9,False,4,0,True,False,False,True
홍진영2,10586,3,14,4,2,2,ROUGH,ROUGH,3,GREEN,GREEN,RECOVERY,12.0,135.8,True,4,0,True,False,False,False
홍진영2,10586,3,15,4,2,1,FAIRWAY,FAIRWAY,12,FRINGE,FRINGE,NORMAL_APPROACH,15.4,157.4,False,4,0,True,False,False,True
홍진영2,10586,3,15,4,3,12,FRINGE,FRINGE,3,GREEN,GREEN,SHORT_GAME,1.0,15.4,False,4,0,True,False,False,True
홍진영2,10586,3,17,4,2,1,FAIRWAY,FAIRWAY,3,GREEN,GREEN,NORMAL_APPROACH,7.4,129.1,True,4,0,True,False,False,True
홍진영2,10586,3,18,5,2,1,FAIRWAY,FAIRWAY,1,FAIRWAY,FAIRWAY,ADVANCE_LAYUP,79.7,264.6,True,5,0,True,False,False,True
홍진영2,10586,3,18,5,3,1,FAIRWAY,FAIRWAY,3,GREEN,GREEN,NORMAL_APPROACH,3.7,79.7,True,5,0,True,False,False,True
홍진영2,10586,4,1,4,2,2,ROUGH,ROUGH,3,GREEN,GREEN,RECOVERY,15.6,166.2,True,3,-1,True,False,False,False
홍진영2,10586,4,2,3,2,5,PENALTY_AREA,PENALTY_AREA,8,PENALTY_STROKE,LOST_BALL_PENALTY_RESTART,PENALTY_RESTART,43.8,0.0,False,4,1,False,True,False,
홍진영2,10586,4,2,3,3,8,PENALTY_STROKE,LOST_BALL_PENALTY_RESTART,3,GREEN,GREEN,PENALTY_RESTART,1.0,43.8,False,4,1,False,True,False,
홍진영2,10586,4,3,4,2,1,FAIRWAY,FAIRWAY,3,GREEN,GREEN,NORMAL_APPROACH,7.7,192.0,True,4,0,True,False,False,True
홍진영2,10586,4,4,5,2,1,FAIRWAY,FAIRWAY,2,ROUGH,ROUGH,ADVANCE_LAYUP,107.9,296.1,True,5,0,True,False,False,True
홍진영2,10586,4,4,5,3,2,ROUGH,ROUGH,3,GREEN,GREEN,RECOVERY,7.1,107.9,True,5,0,True,False,False,True
홍진영2,10586,4,6,4,2,1,FAIRWAY,FAIRWAY,3,GREEN,GREEN,NORMAL_APPROACH,4.2,133.5,True,4,0,True,False,False,True
홍진영2,10586,4,7,5,2,1,FAIRWAY,FAIRWAY,2,ROUGH,ROUGH,ADVANCE_LAYUP,127.0,296.6,True,5,0,True,False,False,True
홍진영2,10586,4,7,5,3,2,ROUGH,ROUGH,3,GREEN,GREEN,RECOVERY,20.3,127.0,True,5,0,True,False,False,True
홍진영2,10586,4,8,4,2,2,ROUGH,ROUGH,12,FRINGE,FRINGE,RECOVERY,13.0,112.9,False,4,0,True,False,False,False
홍진영2,10586,4,8,4,3,12,FRINGE,FRINGE,3,GREEN,GREEN,SHORT_GAME,3.2,13.0,False,4,0,True,False,False,False
홍진영2,10586,4,9,4,2,2,ROUGH,ROUGH,3,GREEN,GREEN,RECOVERY,5.7,122.6,True,4,0,True,False,False,False
홍진영2,10586,4,10,5,2,1,FAIRWAY,FAIRWAY,1,FAIRWAY,FAIRWAY,ADVANCE_LAYUP,99.0,303.3,True,5,0,True,False,False,True
홍진영2,10586,4,10,5,3,1,FAIRWAY,FAIRWAY,3,GREEN,GREEN,NORMAL_APPROACH,6.2,99.0,True,5,0,True,False,False,True
홍진영2,10586,4,12,4,2,2,ROUGH,ROUGH,2,ROUGH,ROUGH,RECOVERY,31.3,162.0,False,6,2,False,True,True,False
홍진영2,10586,4,12,4,3,2,ROUGH,ROUGH,12,FRINGE,FRINGE,RECOVERY,8.4,31.3,False,6,2,False,True,True,False
홍진영2,10586,4,12,4,4,12,FRINGE,FRINGE,3,GREEN,GREEN,SHORT_GAME,4.1,8.4,False,6,2,False,True,True,False
홍진영2,10586,4,13,4,2,2,ROUGH,ROUGH,2,ROUGH,ROUGH,RECOVERY,44.8,119.0,False,4,0,True,False,False,False
홍진영2,10586,4,13,4,3,2,ROUGH,ROUGH,3,GREEN,GREEN,RECOVERY,2.0,44.8,False,4,0,True,False,False,False
홍진영2,10586,4,14,4,2,1,FAIRWAY,FAIRWAY,3,GREEN,GREEN,NORMAL_APPROACH,4.4,129.0,True,3,-1,True,False,False,True
홍진영2,10586,4,15,4,2,2,ROUGH,ROUGH,3,GREEN,GREEN,RECOVERY,22.2,177.4,True,4,0,True,False,False,False
홍진영2,10586,4,17,4,2,1,FAIRWAY,FAIRWAY,3,GREEN,GREEN,NORMAL_APPROACH,5.9,130.3,True,4,0,True,False,False,True
홍진영2,10586,4,18,5,2,2,ROUGH,ROUGH,1,FAIRWAY,FAIRWAY,RECOVERY,121.6,298.4,True,4,-1,True,False,False,False
홍진영2,10586,4,18,5,3,1,FAIRWAY,FAIRWAY,3,GREEN,GREEN,NORMAL_APPROACH,4.9,121.6,True,4,-1,True,False,False,False
김민솔,10725,1,1,4,2,6,BUNKER,BUNKER,2,ROUGH,ROUGH,RECOVERY,44.2,153.6,False,4,0,True,False,False,False
김민솔,10725,1,1,4,3,2,ROUGH,ROUGH,3,GREEN,GREEN,RECOVERY,4.7,44.2,False,4,0,True,False,False,False
김민솔,10725,1,3,4,2,1,FAIRWAY,FAIRWAY,3,GREEN,GREEN,NORMAL_APPROACH,5.9,156.3,True,4,0,True,False,False,True
김민솔,10725,1,4,5,2,6,BUNKER,BUNKER,1,FAIRWAY,FAIRWAY,RECOVERY,122.0,269.9,True,5,0,True,False,False,False
김민솔,10725,1,4,5,3,1,FAIRWAY,FAIRWAY,3,GREEN,GREEN,NORMAL_APPROACH,12.4,122.0,True,5,0,True,False,False,False
김민솔,10725,1,6,4,2,2,ROUGH,ROUGH,12,FRINGE,FRINGE,RECOVERY,12.9,145.8,False,4,0,True,False,False,False
김민솔,10725,1,6,4,3,12,FRINGE,FRINGE,3,GREEN,GREEN,SHORT_GAME,0.3,12.9,False,4,0,True,False,False,False
김민솔,10725,1,7,5,2,1,FAIRWAY,FAIRWAY,2,ROUGH,ROUGH,ADVANCE_LAYUP,14.4,244.0,True,4,-1,True,False,False,True
김민솔,10725,1,7,5,3,2,ROUGH,ROUGH,3,GREEN,GREEN,RECOVERY,1.2,14.4,True,4,-1,True,False,False,True
김민솔,10725,1,8,4,2,2,ROUGH,ROUGH,12,FRINGE,FRINGE,RECOVERY,24.5,145.2,False,4,0,True,False,False,False
김민솔,10725,1,8,4,3,12,FRINGE,FRINGE,3,GREEN,GREEN,SHORT_GAME,4.5,24.5,False,4,0,True,False,False,False
김민솔,10725,1,9,4,2,1,FAIRWAY,FAIRWAY,3,GREEN,GREEN,NORMAL_APPROACH,2.8,100.1,True,3,-1,True,False,False,True
김민솔,10725,1,10,5,2,2,ROUGH,ROUGH,1,FAIRWAY,FAIRWAY,RECOVERY,124.8,280.3,True,4,-1,True,False,False,False
김민솔,10725,1,10,5,3,1,FAIRWAY,FAIRWAY,3,GREEN,GREEN,NORMAL_APPROACH,4.6,124.8,True,4,-1,True,False,False,False
김민솔,10725,1,11,3,2,12,FRINGE,FRINGE,3,GREEN,GREEN,SHORT_GAME,2.2,9.1,False,4,1,False,True,False,
김민솔,10725,1,12,4,2,1,FAIRWAY,FAIRWAY,3,GREEN,GREEN,NORMAL_APPROACH,13.9,115.7,True,4,0,True,False,False,True
김민솔,10725,1,13,4,2,1,FAIRWAY,FAIRWAY,3,GREEN,GREEN,NORMAL_APPROACH,6.6,128.8,True,4,0,True,False,False,True
김민솔,10725,1,14,4,2,1,FAIRWAY,FAIRWAY,2,ROUGH,ROUGH,OTHER_UNRESOLVED,13.8,141.5,False,4,0,True,False,False,True
김민솔,10725,1,14,4,3,2,ROUGH,ROUGH,3,GREEN,GREEN,RECOVERY,5.8,13.8,False,4,0,True,False,False,True
김민솔,10725,1,15,4,2,1,FAIRWAY,FAIRWAY,3,GREEN,GREEN,NORMAL_APPROACH,13.4,118.1,True,4,0,True,False,False,True
김민솔,10725,1,17,4,2,1,FAIRWAY,FAIRWAY,3,GREEN,GREEN,NORMAL_APPROACH,6.7,108.7,True,4,0,True,False,False,True
김민솔,10725,1,18,5,2,2,ROUGH,ROUGH,2,ROUGH,ROUGH,RECOVERY,95.5,278.9,True,5,0,True,False,False,False
김민솔,10725,1,18,5,3,2,ROUGH,ROUGH,3,GREEN,GREEN,RECOVERY,5.4,95.5,True,5,0,True,False,False,False
김민솔,10725,2,1,4,2,1,FAIRWAY,FAIRWAY,12,FRINGE,FRINGE,NORMAL_APPROACH,5.6,140.1,False,4,0,True,False,False,True
김민솔,10725,2,1,4,3,12,FRINGE,FRINGE,3,GREEN,GREEN,SHORT_GAME,0.5,5.6,False,4,0,True,False,False,True
김민솔,10725,2,3,4,2,2,ROUGH,ROUGH,3,GREEN,GREEN,RECOVERY,13.9,164.0,True,3,-1,True,False,False,False
김민솔,10725,2,4,5,2,2,ROUGH,ROUGH,1,FAIRWAY,FAIRWAY,RECOVERY,172.1,280.3,True,5,0,True,False,False,False
김민솔,10725,2,4,5,3,1,FAIRWAY,FAIRWAY,3,GREEN,GREEN,NORMAL_APPROACH,5.7,172.1,True,5,0,True,False,False,False
김민솔,10725,2,6,4,2,1,FAIRWAY,FAIRWAY,12,FRINGE,FRINGE,NORMAL_APPROACH,5.6,123.1,False,4,0,True,False,False,True
김민솔,10725,2,6,4,3,12,FRINGE,FRINGE,3,GREEN,GREEN,SHORT_GAME,0.7,5.6,False,4,0,True,False,False,True
김민솔,10725,2,7,5,2,2,ROUGH,ROUGH,2,ROUGH,ROUGH,RECOVERY,87.5,260.9,True,5,0,True,False,False,False
김민솔,10725,2,7,5,3,2,ROUGH,ROUGH,3,GREEN,GREEN,RECOVERY,13.5,87.5,True,5,0,True,False,False,False
김민솔,10725,2,8,4,2,2,ROUGH,ROUGH,2,ROUGH,ROUGH,RECOVERY,27.8,147.3,False,4,0,True,False,False,False
김민솔,10725,2,8,4,3,2,ROUGH,ROUGH,3,GREEN,GREEN,RECOVERY,1.4,27.8,False,4,0,True,False,False,False
김민솔,10725,2,9,4,2,1,FAIRWAY,FAIRWAY,12,FRINGE,FRINGE,NORMAL_APPROACH,7.8,99.3,False,4,0,True,False,False,True
김민솔,10725,2,9,4,3,12,FRINGE,FRINGE,3,GREEN,GREEN,SHORT_GAME,1.2,7.8,False,4,0,True,False,False,True
김민솔,10725,2,10,5,2,1,FAIRWAY,FAIRWAY,1,FAIRWAY,FAIRWAY,ADVANCE_LAYUP,121.2,302.2,True,5,0,True,False,False,True
김민솔,10725,2,10,5,3,1,FAIRWAY,FAIRWAY,3,GREEN,GREEN,NORMAL_APPROACH,3.0,121.2,True,5,0,True,False,False,True
김민솔,10725,2,12,4,2,1,FAIRWAY,FAIRWAY,3,GREEN,GREEN,NORMAL_APPROACH,4.4,134.4,True,4,0,True,False,False,True
김민솔,10725,2,13,4,2,1,FAIRWAY,FAIRWAY,3,GREEN,GREEN,NORMAL_APPROACH,7.1,116.9,True,4,0,True,False,False,True
김민솔,10725,2,14,4,2,1,FAIRWAY,FAIRWAY,3,GREEN,GREEN,NORMAL_APPROACH,17.2,157.3,True,4,0,True,False,False,True
김민솔,10725,2,15,4,2,2,ROUGH,ROUGH,2,ROUGH,ROUGH,RECOVERY,12.4,88.6,False,5,1,False,True,False,False
김민솔,10725,2,15,4,3,2,ROUGH,ROUGH,3,GREEN,GREEN,RECOVERY,1.4,12.4,False,5,1,False,True,False,False
김민솔,10725,2,17,4,2,1,FAIRWAY,FAIRWAY,3,GREEN,GREEN,NORMAL_APPROACH,9.5,116.4,True,4,0,True,False,False,True
김민솔,10725,2,18,5,2,2,ROUGH,ROUGH,2,ROUGH,ROUGH,RECOVERY,125.0,266.4,True,5,0,True,False,False,False
김민솔,10725,2,18,5,3,2,ROUGH,ROUGH,3,GREEN,GREEN,RECOVERY,24.1,125.0,True,5,0,True,False,False,False
김민솔,10725,3,1,4,2,6,BUNKER,BUNKER,3,GREEN,GREEN,RECOVERY,10.8,142.8,True,4,0,True,False,False,False
김민솔,10725,3,2,3,2,2,ROUGH,ROUGH,12,FRINGE,FRINGE,RECOVERY,5.8,13.5,False,4,1,False,True,False,
김민솔,10725,3,2,3,3,12,FRINGE,FRINGE,3,GREEN,GREEN,SHORT_GAME,0.7,5.8,False,4,1,False,True,False,
김민솔,10725,3,3,4,2,1,FAIRWAY,FAIRWAY,3,GREEN,GREEN,NORMAL_APPROACH,13.0,169.7,True,4,0,True,False,False,True
김민솔,10725,3,4,5,2,2,ROUGH,ROUGH,1,FAIRWAY,FAIRWAY,RECOVERY,90.5,268.7,True,5,0,True,False,False,False
김민솔,10725,3,4,5,3,1,FAIRWAY,FAIRWAY,3,GREEN,GREEN,NORMAL_APPROACH,6.3,90.5,True,5,0,True,False,False,False
김민솔,10725,3,6,4,2,2,ROUGH,ROUGH,12,FRINGE,FRINGE,RECOVERY,9.9,143.0,False,5,1,False,True,False,False
김민솔,10725,3,6,4,3,12,FRINGE,FRINGE,3,GREEN,GREEN,SHORT_GAME,1.2,9.9,False,5,1,False,True,False,False
김민솔,10725,3,7,5,2,1,FAIRWAY,FAIRWAY,9,GREENSIDE_BUNKER,GREENSIDE_BUNKER,ADVANCE_LAYUP,41.2,260.0,True,4,-1,True,False,False,True
김민솔,10725,3,7,5,3,9,GREENSIDE_BUNKER,GREENSIDE_BUNKER,3,GREEN,GREEN,RECOVERY,1.0,41.2,True,4,-1,True,False,False,True
김민솔,10725,3,8,4,2,1,FAIRWAY,FAIRWAY,2,ROUGH,ROUGH,OTHER_UNRESOLVED,12.6,126.5,False,5,1,False,True,False,True
김민솔,10725,3,8,4,3,2,ROUGH,ROUGH,12,FRINGE,FRINGE,RECOVERY,6.1,12.6,False,5,1,False,True,False,True
김민솔,10725,3,8,4,4,12,FRINGE,FRINGE,3,GREEN,GREEN,SHORT_GAME,0.8,6.1,False,5,1,False,True,False,True
김민솔,10725,3,9,4,2,1,FAIRWAY,FAIRWAY,3,GREEN,GREEN,NORMAL_APPROACH,2.4,79.5,True,4,0,True,False,False,True
김민솔,10725,3,10,5,2,1,FAIRWAY,FAIRWAY,9,GREENSIDE_BUNKER,GREENSIDE_BUNKER,ADVANCE_LAYUP,30.8,270.7,False,5,0,True,False,False,True
김민솔,10725,3,10,5,3,9,GREENSIDE_BUNKER,GREENSIDE_BUNKER,12,FRINGE,FRINGE,RECOVERY,9.9,30.8,False,5,0,True,False,False,True
김민솔,10725,3,10,5,4,12,FRINGE,FRINGE,3,GREEN,GREEN,SHORT_GAME,0.4,9.9,False,5,0,True,False,False,True
김민솔,10725,3,11,3,2,12,FRINGE,FRINGE,3,GREEN,GREEN,SHORT_GAME,2.4,15.7,False,4,1,False,True,False,
김민솔,10725,3,12,4,2,1,FAIRWAY,FAIRWAY,3,GREEN,GREEN,NORMAL_APPROACH,7.8,135.6,True,4,0,True,False,False,True
김민솔,10725,3,13,4,2,6,BUNKER,BUNKER,12,FRINGE,FRINGE,RECOVERY,12.6,107.1,False,4,0,True,False,False,False
김민솔,10725,3,13,4,3,12,FRINGE,FRINGE,3,GREEN,GREEN,SHORT_GAME,3.0,12.6,False,4,0,True,False,False,False
김민솔,10725,3,14,4,2,5,PENALTY_AREA,PENALTY_AREA,8,PENALTY_STROKE,LOST_BALL_PENALTY_RESTART,PENALTY_RESTART,250.3,0.0,False,6,2,False,True,True,False
김민솔,10725,3,14,4,3,8,PENALTY_STROKE,LOST_BALL_PENALTY_RESTART,1,FAIRWAY,FAIRWAY,PENALTY_RESTART,41.4,250.3,False,6,2,False,True,True,False
김민솔,10725,3,14,4,4,1,FAIRWAY,FAIRWAY,3,GREEN,GREEN,NORMAL_APPROACH,6.9,41.4,False,6,2,False,True,True,False
김민솔,10725,3,15,4,2,2,ROUGH,ROUGH,2,ROUGH,ROUGH,RECOVERY,21.3,121.2,False,4,0,True,False,False,False
김민솔,10725,3,15,4,3,2,ROUGH,ROUGH,3,GREEN,GREEN,RECOVERY,2.6,21.3,False,4,0,True,False,False,False
김민솔,10725,3,17,4,2,1,FAIRWAY,FAIRWAY,3,GREEN,GREEN,NORMAL_APPROACH,6.4,104.5,True,4,0,True,False,False,True
김민솔,10725,3,18,5,2,1,FAIRWAY,FAIRWAY,1,FAIRWAY,FAIRWAY,ADVANCE_LAYUP,108.1,263.4,True,5,0,True,False,False,True
김민솔,10725,3,18,5,3,1,FAIRWAY,FAIRWAY,3,GREEN,GREEN,NORMAL_APPROACH,11.8,108.1,True,5,0,True,False,False,True
김민솔,10725,4,1,4,2,1,FAIRWAY,FAIRWAY,12,FRINGE,FRINGE,NORMAL_APPROACH,15.6,146.1,False,3,-1,True,False,False,True
김민솔,10725,4,1,4,3,12,FRINGE,FRINGE,10,HOLED,HOLED,SHORT_GAME,0.0,15.6,False,3,-1,True,False,False,True
김민솔,10725,4,3,4,2,1,FAIRWAY,FAIRWAY,3,GREEN,GREEN,NORMAL_APPROACH,10.7,166.0,True,4,0,True,False,False,True
김민솔,10725,4,4,5,2,1,FAIRWAY,FAIRWAY,9,GREENSIDE_BUNKER,GREENSIDE_BUNKER,ADVANCE_LAYUP,24.7,262.2,True,4,-1,True,False,False,True
김민솔,10725,4,4,5,3,9,GREENSIDE_BUNKER,GREENSIDE_BUNKER,3,GREEN,GREEN,RECOVERY,1.2,24.7,True,4,-1,True,False,False,True
김민솔,10725,4,6,4,2,1,FAIRWAY,FAIRWAY,3,GREEN,GREEN,NORMAL_APPROACH,2.9,111.8,True,4,0,True,False,False,True
김민솔,10725,4,7,5,2,2,ROUGH,ROUGH,1,FAIRWAY,FAIRWAY,RECOVERY,185.8,287.0,True,5,0,True,False,False,False
김민솔,10725,4,7,5,3,1,FAIRWAY,FAIRWAY,3,GREEN,GREEN,NORMAL_APPROACH,21.2,185.8,True,5,0,True,False,False,False
김민솔,10725,4,8,4,2,1,FAIRWAY,FAIRWAY,3,GREEN,GREEN,NORMAL_APPROACH,3.1,122.3,True,4,0,True,False,False,True
김민솔,10725,4,9,4,2,2,ROUGH,ROUGH,3,GREEN,GREEN,RECOVERY,7.3,95.7,True,4,0,True,False,False,False
김민솔,10725,4,10,5,2,1,FAIRWAY,FAIRWAY,2,ROUGH,ROUGH,ADVANCE_LAYUP,49.2,262.5,True,5,0,True,False,False,True
김민솔,10725,4,10,5,3,2,ROUGH,ROUGH,3,GREEN,GREEN,RECOVERY,16.8,49.2,True,5,0,True,False,False,True
김민솔,10725,4,11,3,2,12,FRINGE,FRINGE,2,ROUGH,ROUGH,SHORT_GAME,9.2,30.1,False,4,1,False,True,False,
김민솔,10725,4,11,3,3,2,ROUGH,ROUGH,3,GREEN,GREEN,RECOVERY,3.3,9.2,False,4,1,False,True,False,
김민솔,10725,4,12,4,2,1,FAIRWAY,FAIRWAY,3,GREEN,GREEN,NORMAL_APPROACH,3.0,154.9,True,4,0,True,False,False,True
김민솔,10725,4,13,4,2,2,ROUGH,ROUGH,3,GREEN,GREEN,RECOVERY,6.6,93.5,True,4,0,True,False,False,False
김민솔,10725,4,14,4,2,1,FAIRWAY,FAIRWAY,3,GREEN,GREEN,NORMAL_APPROACH,5.0,146.5,True,4,0,True,False,False,True
김민솔,10725,4,15,4,2,1,FAIRWAY,FAIRWAY,3,GREEN,GREEN,NORMAL_APPROACH,7.7,148.7,True,4,0,True,False,False,True
김민솔,10725,4,16,3,2,12,FRINGE,FRINGE,3,GREEN,GREEN,SHORT_GAME,0.4,8.2,False,3,0,True,False,False,
김민솔,10725,4,17,4,2,1,FAIRWAY,FAIRWAY,12,FRINGE,FRINGE,NORMAL_APPROACH,15.9,104.5,False,4,0,True,False,False,True
김민솔,10725,4,17,4,3,12,FRINGE,FRINGE,3,GREEN,GREEN,SHORT_GAME,1.0,15.9,False,4,0,True,False,False,True
김민솔,10725,4,18,5,2,1,FAIRWAY,FAIRWAY,1,FAIRWAY,FAIRWAY,ADVANCE_LAYUP,96.4,256.4,True,5,0,True,False,False,True
김민솔,10725,4,18,5,3,1,FAIRWAY,FAIRWAY,3,GREEN,GREEN,NORMAL_APPROACH,4.1,96.4,True,5,0,True,False,False,True
김가희2,10726,1,1,4,2,1,FAIRWAY,FAIRWAY,2,ROUGH,ROUGH,OTHER_UNRESOLVED,12.1,186.2,False,5,1,False,True,False,True
김가희2,10726,1,1,4,3,2,ROUGH,ROUGH,3,GREEN,GREEN,RECOVERY,3.3,12.1,False,5,1,False,True,False,True
김가희2,10726,1,2,3,2,2,ROUGH,ROUGH,3,GREEN,GREEN,RECOVERY,0.5,11.9,False,3,0,True,False,False,
김가희2,10726,1,3,4,2,1,FAIRWAY,FAIRWAY,9,GREENSIDE_BUNKER,GREENSIDE_BUNKER,OTHER_UNRESOLVED,11.4,190.4,False,5,1,False,True,False,True
김가희2,10726,1,3,4,3,9,GREENSIDE_BUNKER,GREENSIDE_BUNKER,3,GREEN,GREEN,RECOVERY,2.6,11.4,False,5,1,False,True,False,True
김가희2,10726,1,4,5,2,2,ROUGH,ROUGH,2,ROUGH,ROUGH,RECOVERY,115.1,293.1,False,5,0,True,False,False,False
김가희2,10726,1,4,5,3,2,ROUGH,ROUGH,12,FRINGE,FRINGE,RECOVERY,6.8,115.1,False,5,0,True,False,False,False
김가희2,10726,1,4,5,4,12,FRINGE,FRINGE,3,GREEN,GREEN,SHORT_GAME,1.3,6.8,False,5,0,True,False,False,False
김가희2,10726,1,5,3,2,12,FRINGE,FRINGE,3,GREEN,GREEN,SHORT_GAME,0.4,8.6,False,3,0,True,False,False,
김가희2,10726,1,6,4,2,1,FAIRWAY,FAIRWAY,3,GREEN,GREEN,NORMAL_APPROACH,12.8,160.9,True,4,0,True,False,False,True
김가희2,10726,1,7,5,2,6,BUNKER,BUNKER,1,FAIRWAY,FAIRWAY,RECOVERY,152.8,263.9,True,5,0,True,False,False,False
김가희2,10726,1,7,5,3,1,FAIRWAY,FAIRWAY,3,GREEN,GREEN,NORMAL_APPROACH,12.2,152.8,True,5,0,True,False,False,False
김가희2,10726,1,8,4,2,1,FAIRWAY,FAIRWAY,2,ROUGH,ROUGH,OTHER_UNRESOLVED,8.4,150.7,False,4,0,True,False,False,True
김가희2,10726,1,8,4,3,2,ROUGH,ROUGH,3,GREEN,GREEN,RECOVERY,4.4,8.4,False,4,0,True,False,False,True
김가희2,10726,1,9,4,2,1,FAIRWAY,FAIRWAY,3,GREEN,GREEN,NORMAL_APPROACH,2.0,141.8,True,3,-1,True,False,False,True
김가희2,10726,1,10,5,2,2,ROUGH,ROUGH,1,FAIRWAY,FAIRWAY,RECOVERY,145.3,311.6,True,6,1,False,True,False,False
김가희2,10726,1,10,5,3,1,FAIRWAY,FAIRWAY,3,GREEN,GREEN,NORMAL_APPROACH,18.1,145.3,True,6,1,False,True,False,False
김가희2,10726,1,11,3,2,2,ROUGH,ROUGH,3,GREEN,GREEN,RECOVERY,0.3,15.3,False,3,0,True,False,False,
김가희2,10726,1,12,4,2,2,ROUGH,ROUGH,9,GREENSIDE_BUNKER,GREENSIDE_BUNKER,RECOVERY,13.5,174.7,False,4,0,True,False,False,False
김가희2,10726,1,12,4,3,9,GREENSIDE_BUNKER,GREENSIDE_BUNKER,3,GREEN,GREEN,RECOVERY,1.4,13.5,False,4,0,True,False,False,False
김가희2,10726,1,13,4,2,1,FAIRWAY,FAIRWAY,3,GREEN,GREEN,NORMAL_APPROACH,2.8,117.8,True,4,0,True,False,False,True
김가희2,10726,1,14,4,2,1,FAIRWAY,FAIRWAY,2,ROUGH,ROUGH,OTHER_UNRESOLVED,26.7,144.9,False,4,0,True,False,False,True
김가희2,10726,1,14,4,3,2,ROUGH,ROUGH,3,GREEN,GREEN,RECOVERY,0.9,26.7,False,4,0,True,False,False,True
김가희2,10726,1,15,4,2,1,FAIRWAY,FAIRWAY,3,GREEN,GREEN,NORMAL_APPROACH,13.3,145.5,True,4,0,True,False,False,True
김가희2,10726,1,17,4,2,2,ROUGH,ROUGH,3,GREEN,GREEN,RECOVERY,22.7,143.3,True,4,0,True,False,False,False
김가희2,10726,1,18,5,2,1,FAIRWAY,FAIRWAY,1,FAIRWAY,FAIRWAY,ADVANCE_LAYUP,94.9,283.1,True,5,0,True,False,False,True
김가희2,10726,1,18,5,3,1,FAIRWAY,FAIRWAY,3,GREEN,GREEN,NORMAL_APPROACH,3.2,94.9,True,5,0,True,False,False,True
김가희2,10726,2,1,4,2,6,BUNKER,BUNKER,3,GREEN,GREEN,RECOVERY,5.8,145.4,True,4,0,True,False,False,False
김가희2,10726,2,3,4,2,1,FAIRWAY,FAIRWAY,3,GREEN,GREEN,NORMAL_APPROACH,9.6,184.7,True,4,0,True,False,False,True
김가희2,10726,2,4,5,2,1,FAIRWAY,FAIRWAY,1,FAIRWAY,FAIRWAY,ADVANCE_LAYUP,109.5,307.7,True,5,0,True,False,False,True
김가희2,10726,2,4,5,3,1,FAIRWAY,FAIRWAY,3,GREEN,GREEN,NORMAL_APPROACH,11.3,109.5,True,5,0,True,False,False,True
김가희2,10726,2,5,3,2,2,ROUGH,ROUGH,3,GREEN,GREEN,RECOVERY,1.9,16.3,False,3,0,True,False,False,
김가희2,10726,2,6,4,2,1,FAIRWAY,FAIRWAY,3,GREEN,GREEN,NORMAL_APPROACH,9.3,161.9,True,4,0,True,False,False,True
김가희2,10726,2,7,5,2,1,FAIRWAY,FAIRWAY,1,FAIRWAY,FAIRWAY,ADVANCE_LAYUP,98.4,289.6,True,5,0,True,False,False,True
김가희2,10726,2,7,5,3,1,FAIRWAY,FAIRWAY,3,GREEN,GREEN,NORMAL_APPROACH,5.7,98.4,True,5,0,True,False,False,True
김가희2,10726,2,8,4,2,1,FAIRWAY,FAIRWAY,3,GREEN,GREEN,NORMAL_APPROACH,1.4,121.8,True,3,-1,True,False,False,True
김가희2,10726,2,9,4,2,2,ROUGH,ROUGH,3,GREEN,GREEN,RECOVERY,17.9,116.5,True,4,0,True,False,False,False
김가희2,10726,2,10,5,2,2,ROUGH,ROUGH,2,ROUGH,ROUGH,RECOVERY,123.4,312.6,False,6,1,False,True,False,False
김가희2,10726,2,10,5,3,2,ROUGH,ROUGH,2,ROUGH,ROUGH,RECOVERY,7.9,123.4,False,6,1,False,True,False,False
김가희2,10726,2,10,5,4,2,ROUGH,ROUGH,3,GREEN,GREEN,RECOVERY,2.7,7.9,False,6,1,False,True,False,False
김가희2,10726,2,12,4,2,1,FAIRWAY,FAIRWAY,3,GREEN,GREEN,NORMAL_APPROACH,14.3,170.6,True,4,0,True,False,False,True
김가희2,10726,2,13,4,2,1,FAIRWAY,FAIRWAY,3,GREEN,GREEN,NORMAL_APPROACH,1.2,102.9,True,3,-1,True,False,False,True
김가희2,10726,2,14,4,2,2,ROUGH,ROUGH,6,BUNKER,BUNKER,RECOVERY,89.0,146.3,False,5,1,False,True,False,False
김가희2,10726,2,14,4,3,6,BUNKER,BUNKER,3,GREEN,GREEN,RECOVERY,22.4,89.0,False,5,1,False,True,False,False
김가희2,10726,2,15,4,2,1,FAIRWAY,FAIRWAY,3,GREEN,GREEN,NORMAL_APPROACH,4.6,151.0,True,4,0,True,False,False,True
김가희2,10726,2,17,4,2,1,FAIRWAY,FAIRWAY,3,GREEN,GREEN,NORMAL_APPROACH,6.9,148.4,True,4,0,True,False,False,True
김가희2,10726,2,18,5,2,1,FAIRWAY,FAIRWAY,1,FAIRWAY,FAIRWAY,ADVANCE_LAYUP,74.7,273.7,True,5,0,True,False,False,True
김가희2,10726,2,18,5,3,1,FAIRWAY,FAIRWAY,3,GREEN,GREEN,NORMAL_APPROACH,11.3,74.7,True,5,0,True,False,False,True
김가희2,10726,3,1,4,2,2,ROUGH,ROUGH,2,ROUGH,ROUGH,RECOVERY,7.8,158.0,False,4,0,True,False,False,False
김가희2,10726,3,1,4,3,2,ROUGH,ROUGH,3,GREEN,GREEN,RECOVERY,0.8,7.8,False,4,0,True,False,False,False
김가희2,10726,3,2,3,2,2,ROUGH,ROUGH,3,GREEN,GREEN,RECOVERY,0.3,15.6,False,3,0,True,False,False,
김가희2,10726,3,3,4,2,1,FAIRWAY,FAIRWAY,3,GREEN,GREEN,NORMAL_APPROACH,15.9,194.1,True,4,0,True,False,False,True
김가희2,10726,3,4,5,2,1,FAIRWAY,FAIRWAY,1,FAIRWAY,FAIRWAY,ADVANCE_LAYUP,100.1,290.6,True,5,0,True,False,False,True
김가희2,10726,3,4,5,3,1,FAIRWAY,FAIRWAY,3,GREEN,GREEN,NORMAL_APPROACH,4.6,100.1,True,5,0,True,False,False,True
김가희2,10726,3,6,4,2,1,FAIRWAY,FAIRWAY,3,GREEN,GREEN,NORMAL_APPROACH,10.6,168.8,True,4,0,True,False,False,True
김가희2,10726,3,7,5,2,1,FAIRWAY,FAIRWAY,1,FAIRWAY,FAIRWAY,ADVANCE_LAYUP,108.1,286.0,True,5,0,True,False,False,True
김가희2,10726,3,7,5,3,1,FAIRWAY,FAIRWAY,3,GREEN,GREEN,NORMAL_APPROACH,8.2,108.1,True,5,0,True,False,False,True
김가희2,10726,3,8,4,2,2,ROUGH,ROUGH,2,ROUGH,ROUGH,RECOVERY,34.1,153.6,False,5,1,False,True,False,False
김가희2,10726,3,8,4,3,2,ROUGH,ROUGH,2,ROUGH,ROUGH,RECOVERY,7.8,34.1,False,5,1,False,True,False,False
김가희2,10726,3,8,4,4,2,ROUGH,ROUGH,3,GREEN,GREEN,RECOVERY,0.5,7.8,False,5,1,False,True,False,False
김가희2,10726,3,9,4,2,1,FAIRWAY,FAIRWAY,2,ROUGH,ROUGH,OTHER_UNRESOLVED,16.5,113.5,False,4,0,True,False,False,True
김가희2,10726,3,9,4,3,2,ROUGH,ROUGH,3,GREEN,GREEN,RECOVERY,0.7,16.5,False,4,0,True,False,False,True
김가희2,10726,3,10,5,2,1,FAIRWAY,FAIRWAY,1,FAIRWAY,FAIRWAY,ADVANCE_LAYUP,112.3,311.7,True,5,0,True,False,False,True
김가희2,10726,3,10,5,3,1,FAIRWAY,FAIRWAY,3,GREEN,GREEN,NORMAL_APPROACH,7.3,112.3,True,5,0,True,False,False,True
김가희2,10726,3,12,4,2,1,FAIRWAY,FAIRWAY,3,GREEN,GREEN,NORMAL_APPROACH,11.4,156.2,True,4,0,True,False,False,True
김가희2,10726,3,13,4,2,2,ROUGH,ROUGH,9,GREENSIDE_BUNKER,GREENSIDE_BUNKER,RECOVERY,23.5,143.2,False,5,1,False,True,False,False
김가희2,10726,3,13,4,3,9,GREENSIDE_BUNKER,GREENSIDE_BUNKER,3,GREEN,GREEN,RECOVERY,7.0,23.5,False,5,1,False,True,False,False
김가희2,10726,3,14,4,2,1,FAIRWAY,FAIRWAY,3,GREEN,GREEN,NORMAL_APPROACH,7.7,139.0,True,4,0,True,False,False,True
김가희2,10726,3,15,4,2,2,ROUGH,ROUGH,12,FRINGE,FRINGE,RECOVERY,15.3,141.2,False,4,0,True,False,False,False
김가희2,10726,3,15,4,3,12,FRINGE,FRINGE,3,GREEN,GREEN,SHORT_GAME,0.8,15.3,False,4,0,True,False,False,False
김가희2,10726,3,16,3,2,5,PENALTY_AREA,PENALTY_AREA,8,PENALTY_STROKE,LOST_BALL_PENALTY_RESTART,PENALTY_RESTART,107.5,0.0,False,5,2,False,True,True,
김가희2,10726,3,16,3,3,8,PENALTY_STROKE,LOST_BALL_PENALTY_RESTART,3,GREEN,GREEN,PENALTY_RESTART,4.5,107.5,False,5,2,False,True,True,
김가희2,10726,3,17,4,2,1,FAIRWAY,FAIRWAY,3,GREEN,GREEN,NORMAL_APPROACH,12.2,128.5,True,4,0,True,False,False,True
김가희2,10726,3,18,5,2,1,FAIRWAY,FAIRWAY,5,PENALTY_AREA,PENALTY_AREA,ADVANCE_LAYUP,0.0,271.0,False,5,0,True,False,False,True
김가희2,10726,3,18,5,3,5,PENALTY_AREA,PENALTY_AREA,8,PENALTY_STROKE,LOST_BALL_PENALTY_RESTART,PENALTY_RESTART,99.8,0.0,False,5,0,True,False,False,True
김가희2,10726,3,18,5,4,8,PENALTY_STROKE,LOST_BALL_PENALTY_RESTART,3,GREEN,GREEN,PENALTY_RESTART,4.3,99.8,False,5,0,True,False,False,True
김가희2,10726,4,1,4,2,1,FAIRWAY,FAIRWAY,3,GREEN,GREEN,NORMAL_APPROACH,13.1,173.6,True,4,0,True,False,False,True
김가희2,10726,4,2,3,2,2,ROUGH,ROUGH,3,GREEN,GREEN,RECOVERY,2.0,19.0,False,3,0,True,False,False,
김가희2,10726,4,3,4,2,1,FAIRWAY,FAIRWAY,3,GREEN,GREEN,NORMAL_APPROACH,13.5,185.9,True,4,0,True,False,False,True
김가희2,10726,4,4,5,2,1,FAIRWAY,FAIRWAY,1,FAIRWAY,FAIRWAY,ADVANCE_LAYUP,114.8,294.4,True,4,-1,True,False,False,True
김가희2,10726,4,4,5,3,1,FAIRWAY,FAIRWAY,3,GREEN,GREEN,NORMAL_APPROACH,8.3,114.8,True,4,-1,True,False,False,True
김가희2,10726,4,6,4,2,2,ROUGH,ROUGH,3,GREEN,GREEN,RECOVERY,19.6,132.8,True,4,0,True,False,False,False
김가희2,10726,4,7,5,2,1,FAIRWAY,FAIRWAY,1,FAIRWAY,FAIRWAY,ADVANCE_LAYUP,120.8,304.3,True,4,-1,True,False,False,True
김가희2,10726,4,7,5,3,1,FAIRWAY,FAIRWAY,3,GREEN,GREEN,NORMAL_APPROACH,1.6,120.8,True,4,-1,True,False,False,True
김가희2,10726,4,8,4,2,2,ROUGH,ROUGH,1,FAIRWAY,FAIRWAY,RECOVERY,114.0,146.7,False,4,0,True,False,False,False
김가희2,10726,4,8,4,3,1,FAIRWAY,FAIRWAY,3,GREEN,GREEN,NORMAL_APPROACH,2.9,114.0,False,4,0,True,False,False,False
김가희2,10726,4,9,4,2,2,ROUGH,ROUGH,3,GREEN,GREEN,RECOVERY,11.6,111.0,True,4,0,True,False,False,False
김가희2,10726,4,10,5,2,2,ROUGH,ROUGH,1,FAIRWAY,FAIRWAY,RECOVERY,120.8,303.1,True,6,1,False,True,False,False
김가희2,10726,4,10,5,3,1,FAIRWAY,FAIRWAY,3,GREEN,GREEN,NORMAL_APPROACH,19.8,120.8,True,6,1,False,True,False,False
김가희2,10726,4,11,3,2,2,ROUGH,ROUGH,12,FRINGE,FRINGE,RECOVERY,8.3,31.3,False,4,1,False,True,False,
김가희2,10726,4,11,3,3,12,FRINGE,FRINGE,3,GREEN,GREEN,SHORT_GAME,1.8,8.3,False,4,1,False,True,False,
김가희2,10726,4,12,4,2,1,FAIRWAY,FAIRWAY,2,ROUGH,ROUGH,OTHER_UNRESOLVED,10.5,161.9,False,5,1,False,True,False,True
김가희2,10726,4,12,4,3,2,ROUGH,ROUGH,3,GREEN,GREEN,RECOVERY,2.7,10.5,False,5,1,False,True,False,True
김가희2,10726,4,13,4,2,6,BUNKER,BUNKER,9,GREENSIDE_BUNKER,GREENSIDE_BUNKER,RECOVERY,24.7,106.6,False,5,1,False,True,False,False
김가희2,10726,4,13,4,3,9,GREENSIDE_BUNKER,GREENSIDE_BUNKER,3,GREEN,GREEN,RECOVERY,3.3,24.7,False,5,1,False,True,False,False
김가희2,10726,4,14,4,2,1,FAIRWAY,FAIRWAY,3,GREEN,GREEN,NORMAL_APPROACH,2.5,136.2,True,3,-1,True,False,False,True
김가희2,10726,4,15,4,2,1,FAIRWAY,FAIRWAY,3,GREEN,GREEN,NORMAL_APPROACH,24.5,169.4,True,5,1,False,True,False,True
김가희2,10726,4,16,3,2,5,PENALTY_AREA,PENALTY_AREA,8,PENALTY_STROKE,LOST_BALL_PENALTY_RESTART,PENALTY_RESTART,94.6,0.0,False,5,2,False,True,True,
김가희2,10726,4,16,3,3,8,PENALTY_STROKE,LOST_BALL_PENALTY_RESTART,2,ROUGH,ROUGH,PENALTY_RESTART,16.2,94.6,False,5,2,False,True,True,
김가희2,10726,4,16,3,4,2,ROUGH,ROUGH,3,GREEN,GREEN,RECOVERY,2.1,16.2,False,5,2,False,True,True,
김가희2,10726,4,17,4,2,2,ROUGH,ROUGH,3,GREEN,GREEN,RECOVERY,2.9,131.3,True,4,0,True,False,False,False
김가희2,10726,4,18,5,2,1,FAIRWAY,FAIRWAY,2,ROUGH,ROUGH,ADVANCE_LAYUP,110.0,284.2,True,5,0,True,False,False,True
김가희2,10726,4,18,5,3,2,ROUGH,ROUGH,3,GREEN,GREEN,RECOVERY,2.9,110.0,True,5,0,True,False,False,True
황민정,10727,1,1,4,2,1,FAIRWAY,FAIRWAY,3,GREEN,GREEN,NORMAL_APPROACH,11.6,183.9,True,5,1,False,True,False,True
황민정,10727,1,3,4,2,1,FAIRWAY,FAIRWAY,3,GREEN,GREEN,NORMAL_APPROACH,10.2,187.1,True,4,0,True,False,False,True
황민정,10727,1,4,5,2,2,ROUGH,ROUGH,1,FAIRWAY,FAIRWAY,RECOVERY,166.3,306.9,False,5,0,True,False,False,False
황민정,10727,1,4,5,3,1,FAIRWAY,FAIRWAY,12,FRINGE,FRINGE,NORMAL_APPROACH,14.8,166.3,False,5,0,True,False,False,False
황민정,10727,1,4,5,4,12,FRINGE,FRINGE,3,GREEN,GREEN,SHORT_GAME,5.5,14.8,False,5,0,True,False,False,False
황민정,10727,1,6,4,2,1,FAIRWAY,FAIRWAY,3,GREEN,GREEN,NORMAL_APPROACH,10.5,175.5,True,4,0,True,False,False,True
황민정,10727,1,7,5,2,1,FAIRWAY,FAIRWAY,1,FAIRWAY,FAIRWAY,ADVANCE_LAYUP,78.6,267.1,True,5,0,True,False,False,True
황민정,10727,1,7,5,3,1,FAIRWAY,FAIRWAY,3,GREEN,GREEN,NORMAL_APPROACH,4.9,78.6,True,5,0,True,False,False,True
황민정,10727,1,8,4,2,2,ROUGH,ROUGH,3,GREEN,GREEN,RECOVERY,25.6,157.7,True,5,1,False,True,False,False
황민정,10727,1,9,4,2,1,FAIRWAY,FAIRWAY,3,GREEN,GREEN,NORMAL_APPROACH,10.6,155.3,True,3,-1,True,False,False,True
황민정,10727,1,10,5,2,1,FAIRWAY,FAIRWAY,1,FAIRWAY,FAIRWAY,ADVANCE_LAYUP,141.0,323.2,True,5,0,True,False,False,True
황민정,10727,1,10,5,3,1,FAIRWAY,FAIRWAY,3,GREEN,GREEN,NORMAL_APPROACH,9.8,141.0,True,5,0,True,False,False,True
황민정,10727,1,12,4,2,2,ROUGH,ROUGH,2,ROUGH,ROUGH,RECOVERY,151.3,216.9,False,6,2,False,True,True,False
황민정,10727,1,12,4,3,2,ROUGH,ROUGH,2,ROUGH,ROUGH,RECOVERY,18.6,151.3,False,6,2,False,True,True,False
황민정,10727,1,12,4,4,2,ROUGH,ROUGH,3,GREEN,GREEN,RECOVERY,13.1,18.6,False,6,2,False,True,True,False
황민정,10727,1,13,4,2,1,FAIRWAY,FAIRWAY,3,GREEN,GREEN,NORMAL_APPROACH,14.5,137.7,True,4,0,True,False,False,True
황민정,10727,1,14,4,2,1,FAIRWAY,FAIRWAY,3,GREEN,GREEN,NORMAL_APPROACH,9.8,140.4,True,4,0,True,False,False,True
황민정,10727,1,15,4,2,1,FAIRWAY,FAIRWAY,3,GREEN,GREEN,NORMAL_APPROACH,7.9,154.9,True,4,0,True,False,False,True
황민정,10727,1,17,4,2,2,ROUGH,ROUGH,2,ROUGH,ROUGH,RECOVERY,31.0,139.8,False,4,0,True,False,False,False
황민정,10727,1,17,4,3,2,ROUGH,ROUGH,3,GREEN,GREEN,RECOVERY,1.7,31.0,False,4,0,True,False,False,False
황민정,10727,1,18,5,2,1,FAIRWAY,FAIRWAY,2,ROUGH,ROUGH,ADVANCE_LAYUP,136.1,285.6,True,5,0,True,False,False,True
황민정,10727,1,18,5,3,2,ROUGH,ROUGH,3,GREEN,GREEN,RECOVERY,9.2,136.1,True,5,0,True,False,False,True
황민정,10727,2,1,4,2,2,ROUGH,ROUGH,2,ROUGH,ROUGH,RECOVERY,26.3,164.3,False,4,0,True,False,False,False
황민정,10727,2,1,4,3,2,ROUGH,ROUGH,3,GREEN,GREEN,RECOVERY,3.0,26.3,False,4,0,True,False,False,False
황민정,10727,2,3,4,2,1,FAIRWAY,FAIRWAY,9,GREENSIDE_BUNKER,GREENSIDE_BUNKER,OTHER_UNRESOLVED,12.0,196.5,False,5,1,False,True,False,True
황민정,10727,2,3,4,3,9,GREENSIDE_BUNKER,GREENSIDE_BUNKER,3,GREEN,GREEN,RECOVERY,4.8,12.0,False,5,1,False,True,False,True
황민정,10727,2,4,5,2,7,LOST_BALL,LOST_BALL_PENALTY_RESTART,8,PENALTY_STROKE,LOST_BALL_PENALTY_RESTART,PENALTY_RESTART,522.2,522.2,False,7,2,False,True,True,False
황민정,10727,2,4,5,3,8,PENALTY_STROKE,LOST_BALL_PENALTY_RESTART,2,ROUGH,ROUGH,PENALTY_RESTART,302.2,522.2,False,7,2,False,True,True,False
황민정,10727,2,4,5,4,2,ROUGH,ROUGH,1,FAIRWAY,FAIRWAY,RECOVERY,164.3,302.2,False,7,2,False,True,True,False
황민정,10727,2,4,5,5,1,FAIRWAY,FAIRWAY,3,GREEN,GREEN,NORMAL_APPROACH,17.8,164.3,False,7,2,False,True,True,False
황민정,10727,2,6,4,2,1,FAIRWAY,FAIRWAY,2,ROUGH,ROUGH,OTHER_UNRESOLVED,30.4,169.2,False,5,1,False,True,False,True
황민정,10727,2,6,4,3,2,ROUGH,ROUGH,2,ROUGH,ROUGH,RECOVERY,16.3,30.4,False,5,1,False,True,False,True
황민정,10727,2,6,4,4,2,ROUGH,ROUGH,3,GREEN,GREEN,RECOVERY,1.7,16.3,False,5,1,False,True,False,True
황민정,10727,2,7,5,2,1,FAIRWAY,FAIRWAY,1,FAIRWAY,FAIRWAY,ADVANCE_LAYUP,82.4,297.4,True,5,0,True,False,False,True
황민정,10727,2,7,5,3,1,FAIRWAY,FAIRWAY,3,GREEN,GREEN,NORMAL_APPROACH,19.6,82.4,True,5,0,True,False,False,True
황민정,10727,2,8,4,2,2,ROUGH,ROUGH,3,GREEN,GREEN,RECOVERY,17.6,143.9,True,4,0,True,False,False,False
황민정,10727,2,9,4,2,1,FAIRWAY,FAIRWAY,3,GREEN,GREEN,NORMAL_APPROACH,12.3,129.5,True,4,0,True,False,False,True
황민정,10727,2,10,5,2,2,ROUGH,ROUGH,1,FAIRWAY,FAIRWAY,RECOVERY,197.1,338.6,False,5,0,True,False,False,False
황민정,10727,2,10,5,3,1,FAIRWAY,FAIRWAY,12,FRINGE,FRINGE,NORMAL_APPROACH,26.0,197.1,False,5,0,True,False,False,False
황민정,10727,2,10,5,4,12,FRINGE,FRINGE,3,GREEN,GREEN,SHORT_GAME,1.1,26.0,False,5,0,True,False,False,False
황민정,10727,2,12,4,2,6,BUNKER,BUNKER,1,FAIRWAY,FAIRWAY,RECOVERY,91.6,189.5,False,5,1,False,True,False,False
황민정,10727,2,12,4,3,1,FAIRWAY,FAIRWAY,3,GREEN,GREEN,NORMAL_APPROACH,12.7,91.6,False,5,1,False,True,False,False
황민정,10727,2,13,4,2,6,BUNKER,BUNKER,12,FRINGE,FRINGE,RECOVERY,12.5,101.4,False,5,1,False,True,False,False
황민정,10727,2,13,4,3,12,FRINGE,FRINGE,12,FRINGE,FRINGE,SHORT_GAME,5.7,12.5,False,5,1,False,True,False,False
황민정,10727,2,13,4,4,12,FRINGE,FRINGE,3,GREEN,GREEN,SHORT_GAME,1.6,5.7,False,5,1,False,True,False,False
황민정,10727,2,14,4,2,1,FAIRWAY,FAIRWAY,2,ROUGH,ROUGH,OTHER_UNRESOLVED,15.6,152.6,False,5,1,False,True,False,True
황민정,10727,2,14,4,3,2,ROUGH,ROUGH,12,FRINGE,FRINGE,RECOVERY,19.0,15.6,False,5,1,False,True,False,True
황민정,10727,2,14,4,4,12,FRINGE,FRINGE,3,GREEN,GREEN,SHORT_GAME,0.5,19.0,False,5,1,False,True,False,True
황민정,10727,2,15,4,2,2,ROUGH,ROUGH,3,GREEN,GREEN,RECOVERY,4.0,103.4,True,4,0,True,False,False,False
황민정,10727,2,17,4,2,1,FAIRWAY,FAIRWAY,3,GREEN,GREEN,NORMAL_APPROACH,12.9,157.3,True,5,1,False,True,False,True
황민정,10727,2,18,5,2,2,ROUGH,ROUGH,2,ROUGH,ROUGH,RECOVERY,140.6,281.1,False,6,1,False,True,False,False
황민정,10727,2,18,5,3,2,ROUGH,ROUGH,2,ROUGH,ROUGH,RECOVERY,44.2,140.6,False,6,1,False,True,False,False
황민정,10727,2,18,5,4,2,ROUGH,ROUGH,3,GREEN,GREEN,RECOVERY,8.9,44.2,False,6,1,False,True,False,False
리 슈잉,10789,1,1,4,2,1,FAIRWAY,FAIRWAY,3,GREEN,GREEN,NORMAL_APPROACH,19.0,172.2,True,5,1,False,True,False,True
리 슈잉,10789,1,3,4,2,1,FAIRWAY,FAIRWAY,2,ROUGH,ROUGH,OTHER_UNRESOLVED,11.1,161.3,False,4,0,True,False,False,True
리 슈잉,10789,1,3,4,3,2,ROUGH,ROUGH,3,GREEN,GREEN,RECOVERY,0.9,11.1,False,4,0,True,False,False,True
리 슈잉,10789,1,4,5,2,1,FAIRWAY,FAIRWAY,2,ROUGH,ROUGH,ADVANCE_LAYUP,86.6,286.3,True,4,-1,True,False,False,True
리 슈잉,10789,1,4,5,3,2,ROUGH,ROUGH,3,GREEN,GREEN,RECOVERY,1.3,86.6,True,4,-1,True,False,False,True
리 슈잉,10789,1,5,3,2,2,ROUGH,ROUGH,12,FRINGE,FRINGE,RECOVERY,26.8,23.4,False,4,1,False,True,False,
리 슈잉,10789,1,5,3,3,12,FRINGE,FRINGE,3,GREEN,GREEN,SHORT_GAME,0.5,26.8,False,4,1,False,True,False,
리 슈잉,10789,1,6,4,2,1,FAIRWAY,FAIRWAY,2,ROUGH,ROUGH,OTHER_UNRESOLVED,21.7,166.5,False,4,0,True,False,False,True
리 슈잉,10789,1,6,4,3,2,ROUGH,ROUGH,3,GREEN,GREEN,RECOVERY,1.7,21.7,False,4,0,True,False,False,True
리 슈잉,10789,1,7,5,2,1,FAIRWAY,FAIRWAY,2,ROUGH,ROUGH,ADVANCE_LAYUP,75.8,262.6,True,5,0,True,False,False,True
리 슈잉,10789,1,7,5,3,2,ROUGH,ROUGH,3,GREEN,GREEN,RECOVERY,5.1,75.8,True,5,0,True,False,False,True
리 슈잉,10789,1,8,4,2,2,ROUGH,ROUGH,8,PENALTY_STROKE,LOST_BALL_PENALTY_RESTART,RECOVERY,372.6,170.5,False,7,3,False,True,True,False
리 슈잉,10789,1,8,4,3,8,PENALTY_STROKE,LOST_BALL_PENALTY_RESTART,2,ROUGH,ROUGH,PENALTY_RESTART,166.3,372.6,False,7,3,False,True,True,False
리 슈잉,10789,1,8,4,4,2,ROUGH,ROUGH,2,ROUGH,ROUGH,RECOVERY,26.1,166.3,False,7,3,False,True,True,False
리 슈잉,10789,1,8,4,5,2,ROUGH,ROUGH,3,GREEN,GREEN,RECOVERY,5.4,26.1,False,7,3,False,True,True,False
리 슈잉,10789,1,9,4,2,1,FAIRWAY,FAIRWAY,3,GREEN,GREEN,NORMAL_APPROACH,11.9,133.7,True,4,0,True,False,False,True
리 슈잉,10789,1,10,5,2,1,FAIRWAY,FAIRWAY,1,FAIRWAY,FAIRWAY,ADVANCE_LAYUP,129.9,304.9,True,5,0,True,False,False,True
리 슈잉,10789,1,10,5,3,1,FAIRWAY,FAIRWAY,3,GREEN,GREEN,NORMAL_APPROACH,3.4,129.9,True,5,0,True,False,False,True
리 슈잉,10789,1,11,3,2,2,ROUGH,ROUGH,3,GREEN,GREEN,RECOVERY,8.5,20.5,False,4,1,False,True,False,
리 슈잉,10789,1,12,4,2,2,ROUGH,ROUGH,12,FRINGE,FRINGE,RECOVERY,8.0,154.4,False,4,0,True,False,False,False
리 슈잉,10789,1,12,4,3,12,FRINGE,FRINGE,3,GREEN,GREEN,SHORT_GAME,1.1,8.0,False,4,0,True,False,False,False
리 슈잉,10789,1,13,4,2,2,ROUGH,ROUGH,6,BUNKER,BUNKER,RECOVERY,85.6,111.8,False,5,1,False,True,False,False
리 슈잉,10789,1,13,4,3,6,BUNKER,BUNKER,2,ROUGH,ROUGH,RECOVERY,46.5,85.6,False,5,1,False,True,False,False
리 슈잉,10789,1,13,4,4,2,ROUGH,ROUGH,3,GREEN,GREEN,RECOVERY,1.6,46.5,False,5,1,False,True,False,False
리 슈잉,10789,1,14,4,2,1,FAIRWAY,FAIRWAY,3,GREEN,GREEN,NORMAL_APPROACH,3.9,135.3,True,3,-1,True,False,False,True
리 슈잉,10789,1,15,4,2,1,FAIRWAY,FAIRWAY,3,GREEN,GREEN,NORMAL_APPROACH,9.8,163.7,True,4,0,True,False,False,True
리 슈잉,10789,1,16,3,2,5,PENALTY_AREA,PENALTY_AREA,8,PENALTY_STROKE,LOST_BALL_PENALTY_RESTART,PENALTY_RESTART,112.0,0.0,False,5,2,False,True,True,
리 슈잉,10789,1,16,3,3,8,PENALTY_STROKE,LOST_BALL_PENALTY_RESTART,3,GREEN,GREEN,PENALTY_RESTART,3.8,112.0,False,5,2,False,True,True,
리 슈잉,10789,1,17,4,2,2,ROUGH,ROUGH,2,ROUGH,ROUGH,RECOVERY,25.4,126.0,False,5,1,False,True,False,False
리 슈잉,10789,1,17,4,3,2,ROUGH,ROUGH,3,GREEN,GREEN,RECOVERY,1.7,25.4,False,5,1,False,True,False,False
리 슈잉,10789,1,18,5,2,1,FAIRWAY,FAIRWAY,1,FAIRWAY,FAIRWAY,ADVANCE_LAYUP,90.5,280.1,True,4,-1,True,False,False,True
리 슈잉,10789,1,18,5,3,1,FAIRWAY,FAIRWAY,3,GREEN,GREEN,NORMAL_APPROACH,0.7,90.5,True,4,-1,True,False,False,True
리 슈잉,10789,2,1,4,2,1,FAIRWAY,FAIRWAY,12,FRINGE,FRINGE,NORMAL_APPROACH,6.5,154.5,False,4,0,True,False,False,True
리 슈잉,10789,2,1,4,3,12,FRINGE,FRINGE,3,GREEN,GREEN,SHORT_GAME,1.2,6.5,False,4,0,True,False,False,True
리 슈잉,10789,2,3,4,2,1,FAIRWAY,FAIRWAY,2,ROUGH,ROUGH,OTHER_UNRESOLVED,16.3,173.7,False,5,1,False,True,False,True
리 슈잉,10789,2,3,4,3,2,ROUGH,ROUGH,3,GREEN,GREEN,RECOVERY,10.1,16.3,False,5,1,False,True,False,True
리 슈잉,10789,2,4,5,2,2,ROUGH,ROUGH,6,BUNKER,BUNKER,RECOVERY,103.1,282.7,True,5,0,True,False,False,False
리 슈잉,10789,2,4,5,3,6,BUNKER,BUNKER,3,GREEN,GREEN,RECOVERY,17.4,103.1,True,5,0,True,False,False,False
리 슈잉,10789,2,6,4,2,1,FAIRWAY,FAIRWAY,9,GREENSIDE_BUNKER,GREENSIDE_BUNKER,OTHER_UNRESOLVED,23.4,141.1,False,5,1,False,True,False,True
리 슈잉,10789,2,6,4,3,9,GREENSIDE_BUNKER,GREENSIDE_BUNKER,12,FRINGE,FRINGE,RECOVERY,6.0,23.4,False,5,1,False,True,False,True
리 슈잉,10789,2,6,4,4,12,FRINGE,FRINGE,3,GREEN,GREEN,SHORT_GAME,0.4,6.0,False,5,1,False,True,False,True
리 슈잉,10789,2,7,5,2,1,FAIRWAY,FAIRWAY,1,FAIRWAY,FAIRWAY,ADVANCE_LAYUP,88.7,269.7,False,5,0,True,False,False,True
리 슈잉,10789,2,7,5,3,1,FAIRWAY,FAIRWAY,12,FRINGE,FRINGE,NORMAL_APPROACH,12.4,88.7,False,5,0,True,False,False,True
리 슈잉,10789,2,7,5,4,12,FRINGE,FRINGE,3,GREEN,GREEN,SHORT_GAME,1.8,12.4,False,5,0,True,False,False,True
리 슈잉,10789,2,8,4,2,2,ROUGH,ROUGH,5,PENALTY_AREA,PENALTY_AREA,RECOVERY,0.0,125.2,False,5,1,False,True,False,False
리 슈잉,10789,2,8,4,3,5,PENALTY_AREA,PENALTY_AREA,8,PENALTY_STROKE,LOST_BALL_PENALTY_RESTART,PENALTY_RESTART,96.4,0.0,False,5,1,False,True,False,False
리 슈잉,10789,2,8,4,4,8,PENALTY_STROKE,LOST_BALL_PENALTY_RESTART,3,GREEN,GREEN,PENALTY_RESTART,2.6,96.4,False,5,1,False,True,False,False
리 슈잉,10789,2,9,4,2,1,FAIRWAY,FAIRWAY,3,GREEN,GREEN,NORMAL_APPROACH,8.2,132.8,True,4,0,True,False,False,True
리 슈잉,10789,2,10,5,2,2,ROUGH,ROUGH,1,FAIRWAY,FAIRWAY,RECOVERY,145.2,329.9,False,5,0,True,False,False,False
리 슈잉,10789,2,10,5,3,1,FAIRWAY,FAIRWAY,2,ROUGH,ROUGH,ADVANCE_LAYUP,10.7,145.2,False,5,0,True,False,False,False
리 슈잉,10789,2,10,5,4,2,ROUGH,ROUGH,3,GREEN,GREEN,RECOVERY,0.8,10.7,False,5,0,True,False,False,False
리 슈잉,10789,2,11,3,2,2,ROUGH,ROUGH,3,GREEN,GREEN,RECOVERY,1.2,7.5,False,3,0,True,False,False,
리 슈잉,10789,2,12,4,2,2,ROUGH,ROUGH,3,GREEN,GREEN,RECOVERY,4.8,162.7,True,4,0,True,False,False,False
리 슈잉,10789,2,13,4,2,1,FAIRWAY,FAIRWAY,3,GREEN,GREEN,NORMAL_APPROACH,8.2,101.4,True,4,0,True,False,False,True
리 슈잉,10789,2,14,4,2,2,ROUGH,ROUGH,2,ROUGH,ROUGH,RECOVERY,67.6,148.4,False,5,1,False,True,False,False
리 슈잉,10789,2,14,4,3,2,ROUGH,ROUGH,3,GREEN,GREEN,RECOVERY,1.7,67.6,False,5,1,False,True,False,False
리 슈잉,10789,2,15,4,2,2,ROUGH,ROUGH,3,GREEN,GREEN,RECOVERY,27.3,140.7,True,5,1,False,True,False,False
리 슈잉,10789,2,17,4,2,2,ROUGH,ROUGH,2,ROUGH,ROUGH,RECOVERY,6.5,151.1,False,4,0,True,False,False,False
리 슈잉,10789,2,17,4,3,2,ROUGH,ROUGH,3,GREEN,GREEN,RECOVERY,2.5,6.5,False,4,0,True,False,False,False
리 슈잉,10789,2,18,5,2,2,ROUGH,ROUGH,5,PENALTY_AREA,PENALTY_AREA,RECOVERY,0.0,284.9,False,6,1,False,True,False,False
리 슈잉,10789,2,18,5,3,5,PENALTY_AREA,PENALTY_AREA,8,PENALTY_STROKE,LOST_BALL_PENALTY_RESTART,PENALTY_RESTART,141.1,0.0,False,6,1,False,True,False,False
리 슈잉,10789,2,18,5,4,8,PENALTY_STROKE,LOST_BALL_PENALTY_RESTART,5,PENALTY_AREA,PENALTY_AREA,PENALTY_RESTART,11.9,141.1,False,6,1,False,True,False,False
리 슈잉,10789,2,18,5,5,5,PENALTY_AREA,PENALTY_AREA,3,GREEN,GREEN,PENALTY_RESTART,4.5,11.9,False,6,1,False,True,False,False
김하은2,10790,1,1,4,2,2,ROUGH,ROUGH,2,ROUGH,ROUGH,RECOVERY,9.4,183.1,False,4,0,True,False,False,False
김하은2,10790,1,1,4,3,2,ROUGH,ROUGH,3,GREEN,GREEN,RECOVERY,1.4,9.4,False,4,0,True,False,False,False
김하은2,10790,1,2,3,2,2,ROUGH,ROUGH,3,GREEN,GREEN,RECOVERY,1.1,17.6,False,3,0,True,False,False,
김하은2,10790,1,3,4,2,1,FAIRWAY,FAIRWAY,3,GREEN,GREEN,NORMAL_APPROACH,2.3,174.9,True,3,-1,True,False,False,True
김하은2,10790,1,4,5,2,1,FAIRWAY,FAIRWAY,2,ROUGH,ROUGH,ADVANCE_LAYUP,93.8,292.8,False,4,-1,True,False,False,True
김하은2,10790,1,4,5,3,2,ROUGH,ROUGH,12,FRINGE,FRINGE,RECOVERY,9.2,93.8,False,4,-1,True,False,False,True
김하은2,10790,1,4,5,4,12,FRINGE,FRINGE,10,HOLED,HOLED,SHORT_GAME,0.0,9.2,False,4,-1,True,False,False,True
김하은2,10790,1,5,3,2,12,FRINGE,FRINGE,3,GREEN,GREEN,SHORT_GAME,2.3,8.0,False,3,0,True,False,False,
김하은2,10790,1,6,4,2,1,FAIRWAY,FAIRWAY,2,ROUGH,ROUGH,OTHER_UNRESOLVED,37.7,169.4,False,5,1,False,True,False,True
김하은2,10790,1,6,4,3,2,ROUGH,ROUGH,3,GREEN,GREEN,RECOVERY,5.4,37.7,False,5,1,False,True,False,True
김하은2,10790,1,7,5,2,1,FAIRWAY,FAIRWAY,1,FAIRWAY,FAIRWAY,ADVANCE_LAYUP,82.7,273.3,True,4,-1,True,False,False,True
김하은2,10790,1,7,5,3,1,FAIRWAY,FAIRWAY,3,GREEN,GREEN,NORMAL_APPROACH,2.8,82.7,True,4,-1,True,False,False,True
김하은2,10790,1,8,4,2,1,FAIRWAY,FAIRWAY,2,ROUGH,ROUGH,OTHER_UNRESOLVED,19.0,153.7,False,6,2,False,True,True,True
김하은2,10790,1,8,4,3,2,ROUGH,ROUGH,2,ROUGH,ROUGH,RECOVERY,14.3,19.0,False,6,2,False,True,True,True
김하은2,10790,1,8,4,4,2,ROUGH,ROUGH,3,GREEN,GREEN,RECOVERY,3.8,14.3,False,6,2,False,True,True,True
김하은2,10790,1,9,4,2,2,ROUGH,ROUGH,2,ROUGH,ROUGH,RECOVERY,13.2,158.6,False,5,1,False,True,False,False
김하은2,10790,1,9,4,3,2,ROUGH,ROUGH,3,GREEN,GREEN,RECOVERY,7.8,13.2,False,5,1,False,True,False,False
김하은2,10790,1,10,5,2,2,ROUGH,ROUGH,1,FAIRWAY,FAIRWAY,RECOVERY,200.5,329.1,False,6,1,False,True,False,False
김하은2,10790,1,10,5,3,1,FAIRWAY,FAIRWAY,9,GREENSIDE_BUNKER,GREENSIDE_BUNKER,ADVANCE_LAYUP,25.6,200.5,False,6,1,False,True,False,False
김하은2,10790,1,10,5,4,9,GREENSIDE_BUNKER,GREENSIDE_BUNKER,2,ROUGH,ROUGH,RECOVERY,11.4,25.6,False,6,1,False,True,False,False
김하은2,10790,1,10,5,5,2,ROUGH,ROUGH,3,GREEN,GREEN,RECOVERY,2.5,11.4,False,6,1,False,True,False,False
김하은2,10790,1,12,4,2,2,ROUGH,ROUGH,2,ROUGH,ROUGH,RECOVERY,12.9,155.2,False,4,0,True,False,False,False
김하은2,10790,1,12,4,3,2,ROUGH,ROUGH,3,GREEN,GREEN,RECOVERY,2.5,12.9,False,4,0,True,False,False,False
김하은2,10790,1,13,4,2,1,FAIRWAY,FAIRWAY,3,GREEN,GREEN,NORMAL_APPROACH,9.1,118.5,True,4,0,True,False,False,True
김하은2,10790,1,14,4,2,1,FAIRWAY,FAIRWAY,3,GREEN,GREEN,NORMAL_APPROACH,5.4,137.8,True,4,0,True,False,False,True
김하은2,10790,1,15,4,2,2,ROUGH,ROUGH,3,GREEN,GREEN,RECOVERY,16.3,158.8,True,4,0,True,False,False,False
김하은2,10790,1,16,3,2,2,ROUGH,ROUGH,3,GREEN,GREEN,RECOVERY,2.1,13.6,False,3,0,True,False,False,
김하은2,10790,1,17,4,2,2,ROUGH,ROUGH,3,GREEN,GREEN,RECOVERY,20.2,131.4,True,5,1,False,True,False,False
김하은2,10790,1,18,5,2,1,FAIRWAY,FAIRWAY,1,FAIRWAY,FAIRWAY,ADVANCE_LAYUP,85.0,281.3,False,6,1,False,True,False,True
김하은2,10790,1,18,5,3,1,FAIRWAY,FAIRWAY,12,FRINGE,FRINGE,NORMAL_APPROACH,5.5,85.0,False,6,1,False,True,False,True
김하은2,10790,1,18,5,4,12,FRINGE,FRINGE,3,GREEN,GREEN,SHORT_GAME,2.8,5.5,False,6,1,False,True,False,True
김하은2,10790,2,1,4,2,2,ROUGH,ROUGH,2,ROUGH,ROUGH,RECOVERY,18.5,173.1,False,4,0,True,False,False,False
김하은2,10790,2,1,4,3,2,ROUGH,ROUGH,3,GREEN,GREEN,RECOVERY,1.0,18.5,False,4,0,True,False,False,False
김하은2,10790,2,3,4,2,1,FAIRWAY,FAIRWAY,3,GREEN,GREEN,NORMAL_APPROACH,4.6,190.7,True,3,-1,True,False,False,True
김하은2,10790,2,4,5,2,1,FAIRWAY,FAIRWAY,2,ROUGH,ROUGH,ADVANCE_LAYUP,105.0,290.0,True,6,1,False,True,False,True
김하은2,10790,2,4,5,3,2,ROUGH,ROUGH,3,GREEN,GREEN,RECOVERY,13.7,105.0,True,6,1,False,True,False,True
김하은2,10790,2,6,4,2,2,ROUGH,ROUGH,3,GREEN,GREEN,RECOVERY,7.0,164.4,True,4,0,True,False,False,False
김하은2,10790,2,7,5,2,1,FAIRWAY,FAIRWAY,1,FAIRWAY,FAIRWAY,ADVANCE_LAYUP,94.5,296.2,True,5,0,True,False,False,True
김하은2,10790,2,7,5,3,1,FAIRWAY,FAIRWAY,3,GREEN,GREEN,NORMAL_APPROACH,5.4,94.5,True,5,0,True,False,False,True
김하은2,10790,2,8,4,2,1,FAIRWAY,FAIRWAY,12,FRINGE,FRINGE,NORMAL_APPROACH,16.8,121.7,False,4,0,True,False,False,True
김하은2,10790,2,8,4,3,12,FRINGE,FRINGE,3,GREEN,GREEN,SHORT_GAME,0.5,16.8,False,4,0,True,False,False,True
김하은2,10790,2,9,4,2,2,ROUGH,ROUGH,1,FAIRWAY,FAIRWAY,RECOVERY,111.6,173.4,False,4,0,True,False,False,False
김하은2,10790,2,9,4,3,1,FAIRWAY,FAIRWAY,3,GREEN,GREEN,NORMAL_APPROACH,3.0,111.6,False,4,0,True,False,False,False
김하은2,10790,2,10,5,2,2,ROUGH,ROUGH,2,ROUGH,ROUGH,RECOVERY,178.3,328.4,False,6,1,False,True,False,False
김하은2,10790,2,10,5,3,2,ROUGH,ROUGH,1,FAIRWAY,FAIRWAY,RECOVERY,140.2,178.3,False,6,1,False,True,False,False
김하은2,10790,2,10,5,4,1,FAIRWAY,FAIRWAY,3,GREEN,GREEN,NORMAL_APPROACH,7.8,140.2,False,6,1,False,True,False,False
김하은2,10790,2,11,3,2,2,ROUGH,ROUGH,2,ROUGH,ROUGH,RECOVERY,12.8,17.9,False,4,1,False,True,False,
김하은2,10790,2,11,3,3,2,ROUGH,ROUGH,3,GREEN,GREEN,RECOVERY,0.5,12.8,False,4,1,False,True,False,
김하은2,10790,2,12,4,2,1,FAIRWAY,FAIRWAY,3,GREEN,GREEN,NORMAL_APPROACH,14.6,156.0,True,5,1,False,True,False,True
김하은2,10790,2,13,4,2,2,ROUGH,ROUGH,3,GREEN,GREEN,RECOVERY,10.3,89.8,True,4,0,True,False,False,False
김하은2,10790,2,14,4,2,1,FAIRWAY,FAIRWAY,3,GREEN,GREEN,NORMAL_APPROACH,5.5,164.5,True,3,-1,True,False,False,True
김하은2,10790,2,15,4,2,1,FAIRWAY,FAIRWAY,12,FRINGE,FRINGE,NORMAL_APPROACH,9.6,144.0,False,3,-1,True,False,False,True
김하은2,10790,2,15,4,3,12,FRINGE,FRINGE,10,HOLED,HOLED,SHORT_GAME,0.0,9.6,False,3,-1,True,False,False,True
김하은2,10790,2,17,4,2,2,ROUGH,ROUGH,9,GREENSIDE_BUNKER,GREENSIDE_BUNKER,RECOVERY,23.9,162.4,False,5,1,False,True,False,False
김하은2,10790,2,17,4,3,9,GREENSIDE_BUNKER,GREENSIDE_BUNKER,12,FRINGE,FRINGE,RECOVERY,4.2,23.9,False,5,1,False,True,False,False
김하은2,10790,2,17,4,4,12,FRINGE,FRINGE,3,GREEN,GREEN,SHORT_GAME,1.1,4.2,False,5,1,False,True,False,False
김하은2,10790,2,18,5,2,6,BUNKER,BUNKER,1,FAIRWAY,FAIRWAY,RECOVERY,114.0,306.2,True,4,-1,True,False,False,False
김하은2,10790,2,18,5,3,1,FAIRWAY,FAIRWAY,3,GREEN,GREEN,NORMAL_APPROACH,3.4,114.0,True,4,-1,True,False,False,False
김하은2,10790,3,1,4,2,2,ROUGH,ROUGH,12,FRINGE,FRINGE,RECOVERY,21.4,177.2,False,5,1,False,True,False,False
김하은2,10790,3,1,4,3,12,FRINGE,FRINGE,3,GREEN,GREEN,SHORT_GAME,4.6,21.4,False,5,1,False,True,False,False
김하은2,10790,3,2,3,2,12,FRINGE,FRINGE,3,GREEN,GREEN,SHORT_GAME,0.9,10.7,False,3,0,True,False,False,
김하은2,10790,3,3,4,2,1,FAIRWAY,FAIRWAY,9,GREENSIDE_BUNKER,GREENSIDE_BUNKER,OTHER_UNRESOLVED,25.2,202.4,False,6,2,False,True,True,True
김하은2,10790,3,3,4,3,9,GREENSIDE_BUNKER,GREENSIDE_BUNKER,3,GREEN,GREEN,RECOVERY,5.8,25.2,False,6,2,False,True,True,True
김하은2,10790,3,4,5,2,1,FAIRWAY,FAIRWAY,1,FAIRWAY,FAIRWAY,ADVANCE_LAYUP,99.1,299.4,False,5,0,True,False,False,True
김하은2,10790,3,4,5,3,1,FAIRWAY,FAIRWAY,2,ROUGH,ROUGH,ADVANCE_LAYUP,14.6,99.1,False,5,0,True,False,False,True
김하은2,10790,3,4,5,4,2,ROUGH,ROUGH,3,GREEN,GREEN,RECOVERY,1.0,14.6,False,5,0,True,False,False,True
김하은2,10790,3,6,4,2,1,FAIRWAY,FAIRWAY,3,GREEN,GREEN,NORMAL_APPROACH,5.2,167.2,True,4,0,True,False,False,True
김하은2,10790,3,7,5,2,1,FAIRWAY,FAIRWAY,1,FAIRWAY,FAIRWAY,ADVANCE_LAYUP,106.5,308.7,True,5,0,True,False,False,True
김하은2,10790,3,7,5,3,1,FAIRWAY,FAIRWAY,3,GREEN,GREEN,NORMAL_APPROACH,2.7,106.5,True,5,0,True,False,False,True
김하은2,10790,3,8,4,2,1,FAIRWAY,FAIRWAY,3,GREEN,GREEN,NORMAL_APPROACH,16.4,128.7,True,4,0,True,False,False,True
김하은2,10790,3,9,4,2,1,FAIRWAY,FAIRWAY,3,GREEN,GREEN,NORMAL_APPROACH,4.3,116.4,True,4,0,True,False,False,True
김하은2,10790,3,10,5,2,1,FAIRWAY,FAIRWAY,1,FAIRWAY,FAIRWAY,ADVANCE_LAYUP,87.3,301.4,True,5,0,True,False,False,True
김하은2,10790,3,10,5,3,1,FAIRWAY,FAIRWAY,3,GREEN,GREEN,NORMAL_APPROACH,3.4,87.3,True,5,0,True,False,False,True
김하은2,10790,3,11,3,2,12,FRINGE,FRINGE,3,GREEN,GREEN,SHORT_GAME,0.9,16.4,False,3,0,True,False,False,
김하은2,10790,3,12,4,2,1,FAIRWAY,FAIRWAY,3,GREEN,GREEN,NORMAL_APPROACH,5.7,151.3,True,4,0,True,False,False,True
김하은2,10790,3,13,4,2,1,FAIRWAY,FAIRWAY,12,FRINGE,FRINGE,NORMAL_APPROACH,6.6,117.1,False,4,0,True,False,False,True
김하은2,10790,3,13,4,3,12,FRINGE,FRINGE,3,GREEN,GREEN,SHORT_GAME,0.3,6.6,False,4,0,True,False,False,True
김하은2,10790,3,14,4,2,1,FAIRWAY,FAIRWAY,3,GREEN,GREEN,NORMAL_APPROACH,5.3,143.7,True,4,0,True,False,False,True
김하은2,10790,3,15,4,2,1,FAIRWAY,FAIRWAY,2,ROUGH,ROUGH,OTHER_UNRESOLVED,17.8,170.8,False,4,0,True,False,False,True
김하은2,10790,3,15,4,3,2,ROUGH,ROUGH,3,GREEN,GREEN,RECOVERY,4.2,17.8,False,4,0,True,False,False,True
김하은2,10790,3,17,4,2,2,ROUGH,ROUGH,3,GREEN,GREEN,RECOVERY,10.8,131.6,True,4,0,True,False,False,False
김하은2,10790,3,18,5,2,2,ROUGH,ROUGH,2,ROUGH,ROUGH,RECOVERY,95.4,275.0,True,5,0,True,False,False,False
김하은2,10790,3,18,5,3,2,ROUGH,ROUGH,3,GREEN,GREEN,RECOVERY,3.7,95.4,True,5,0,True,False,False,False
김하은2,10790,4,1,4,2,6,BUNKER,BUNKER,3,GREEN,GREEN,RECOVERY,10.9,159.5,True,4,0,True,False,False,False
김하은2,10790,4,3,4,2,1,FAIRWAY,FAIRWAY,2,ROUGH,ROUGH,OTHER_UNRESOLVED,17.0,195.3,False,5,1,False,True,False,True
김하은2,10790,4,3,4,3,2,ROUGH,ROUGH,3,GREEN,GREEN,RECOVERY,4.6,17.0,False,5,1,False,True,False,True
김하은2,10790,4,4,5,2,1,FAIRWAY,FAIRWAY,1,FAIRWAY,FAIRWAY,ADVANCE_LAYUP,92.3,288.8,True,5,0,True,False,False,True
김하은2,10790,4,4,5,3,1,FAIRWAY,FAIRWAY,3,GREEN,GREEN,NORMAL_APPROACH,10.3,92.3,True,5,0,True,False,False,True
김하은2,10790,4,6,4,2,2,ROUGH,ROUGH,2,ROUGH,ROUGH,RECOVERY,34.8,149.8,False,5,1,False,True,False,False
김하은2,10790,4,6,4,3,2,ROUGH,ROUGH,9,GREENSIDE_BUNKER,GREENSIDE_BUNKER,RECOVERY,15.4,34.8,False,5,1,False,True,False,False
김하은2,10790,4,6,4,4,9,GREENSIDE_BUNKER,GREENSIDE_BUNKER,3,GREEN,GREEN,RECOVERY,2.3,15.4,False,5,1,False,True,False,False
김하은2,10790,4,7,5,2,2,ROUGH,ROUGH,2,ROUGH,ROUGH,RECOVERY,182.5,345.8,True,5,0,True,False,False,False
김하은2,10790,4,7,5,3,2,ROUGH,ROUGH,3,GREEN,GREEN,RECOVERY,10.5,182.5,True,5,0,True,False,False,False
김하은2,10790,4,8,4,2,1,FAIRWAY,FAIRWAY,3,GREEN,GREEN,NORMAL_APPROACH,4.1,115.1,True,3,-1,True,False,False,True
김하은2,10790,4,9,4,2,1,FAIRWAY,FAIRWAY,3,GREEN,GREEN,NORMAL_APPROACH,5.0,96.1,True,4,0,True,False,False,True
김하은2,10790,4,10,5,2,2,ROUGH,ROUGH,2,ROUGH,ROUGH,RECOVERY,119.3,308.3,True,6,1,False,True,False,False
김하은2,10790,4,10,5,3,2,ROUGH,ROUGH,3,GREEN,GREEN,RECOVERY,20.4,119.3,True,6,1,False,True,False,False
김하은2,10790,4,12,4,2,1,FAIRWAY,FAIRWAY,3,GREEN,GREEN,NORMAL_APPROACH,21.2,159.3,True,5,1,False,True,False,True
김하은2,10790,4,13,4,2,1,FAIRWAY,FAIRWAY,3,GREEN,GREEN,NORMAL_APPROACH,8.4,125.8,True,4,0,True,False,False,True
김하은2,10790,4,14,4,2,1,FAIRWAY,FAIRWAY,3,GREEN,GREEN,NORMAL_APPROACH,0.9,137.8,True,3,-1,True,False,False,True
김하은2,10790,4,15,4,2,1,FAIRWAY,FAIRWAY,2,ROUGH,ROUGH,OTHER_UNRESOLVED,31.4,218.3,False,4,0,True,False,False,True
김하은2,10790,4,15,4,3,2,ROUGH,ROUGH,3,GREEN,GREEN,RECOVERY,3.8,31.4,False,4,0,True,False,False,True
김하은2,10790,4,17,4,2,1,FAIRWAY,FAIRWAY,3,GREEN,GREEN,NORMAL_APPROACH,9.9,116.4,True,4,0,True,False,False,True
김하은2,10790,4,18,5,2,1,FAIRWAY,FAIRWAY,2,ROUGH,ROUGH,ADVANCE_LAYUP,83.6,268.0,True,5,0,True,False,False,True
김하은2,10790,4,18,5,3,2,ROUGH,ROUGH,3,GREEN,GREEN,RECOVERY,6.8,83.6,True,5,0,True,False,False,True
양서후,10867,1,1,4,2,1,FAIRWAY,FAIRWAY,3,GREEN,GREEN,NORMAL_APPROACH,23.7,188.5,True,4,0,True,False,False,True
양서후,10867,1,2,3,2,5,PENALTY_AREA,PENALTY_AREA,8,PENALTY_STROKE,LOST_BALL_PENALTY_RESTART,PENALTY_RESTART,44.6,0.0,False,5,2,False,True,True,
양서후,10867,1,2,3,3,8,PENALTY_STROKE,LOST_BALL_PENALTY_RESTART,3,GREEN,GREEN,PENALTY_RESTART,13.1,44.6,False,5,2,False,True,True,
양서후,10867,1,3,4,2,1,FAIRWAY,FAIRWAY,3,GREEN,GREEN,NORMAL_APPROACH,14.4,189.3,True,5,1,False,True,False,True
양서후,10867,1,4,5,2,1,FAIRWAY,FAIRWAY,2,ROUGH,ROUGH,ADVANCE_LAYUP,128.6,298.0,True,5,0,True,False,False,True
양서후,10867,1,4,5,3,2,ROUGH,ROUGH,3,GREEN,GREEN,RECOVERY,12.9,128.6,True,5,0,True,False,False,True
양서후,10867,1,5,3,2,2,ROUGH,ROUGH,12,FRINGE,FRINGE,RECOVERY,5.8,12.6,False,4,1,False,True,False,
양서후,10867,1,5,3,3,12,FRINGE,FRINGE,3,GREEN,GREEN,SHORT_GAME,1.7,5.8,False,4,1,False,True,False,
양서후,10867,1,6,4,2,1,FAIRWAY,FAIRWAY,3,GREEN,GREEN,NORMAL_APPROACH,10.0,167.9,True,5,1,False,True,False,True
양서후,10867,1,7,5,2,1,FAIRWAY,FAIRWAY,1,FAIRWAY,FAIRWAY,ADVANCE_LAYUP,86.3,277.1,True,5,0,True,False,False,True
양서후,10867,1,7,5,3,1,FAIRWAY,FAIRWAY,3,GREEN,GREEN,NORMAL_APPROACH,4.2,86.3,True,5,0,True,False,False,True
양서후,10867,1,8,4,2,2,ROUGH,ROUGH,2,ROUGH,ROUGH,RECOVERY,9.3,176.6,False,4,0,True,False,False,False
양서후,10867,1,8,4,3,2,ROUGH,ROUGH,3,GREEN,GREEN,RECOVERY,1.2,9.3,False,4,0,True,False,False,False
양서후,10867,1,9,4,2,2,ROUGH,ROUGH,2,ROUGH,ROUGH,RECOVERY,31.7,133.9,False,5,1,False,True,False,False
양서후,10867,1,9,4,3,2,ROUGH,ROUGH,3,GREEN,GREEN,RECOVERY,2.8,31.7,False,5,1,False,True,False,False
양서후,10867,1,10,5,2,1,FAIRWAY,FAIRWAY,1,FAIRWAY,FAIRWAY,ADVANCE_LAYUP,116.7,299.2,False,5,0,True,False,False,True
양서후,10867,1,10,5,3,1,FAIRWAY,FAIRWAY,2,ROUGH,ROUGH,ADVANCE_LAYUP,6.0,116.7,False,5,0,True,False,False,True
양서후,10867,1,10,5,4,2,ROUGH,ROUGH,3,GREEN,GREEN,RECOVERY,2.4,6.0,False,5,0,True,False,False,True
양서후,10867,1,12,4,2,1,FAIRWAY,FAIRWAY,2,ROUGH,ROUGH,OTHER_UNRESOLVED,13.3,173.0,False,4,0,True,False,False,True
양서후,10867,1,12,4,3,2,ROUGH,ROUGH,3,GREEN,GREEN,RECOVERY,2.0,13.3,False,4,0,True,False,False,True
양서후,10867,1,13,4,2,1,FAIRWAY,FAIRWAY,3,GREEN,GREEN,NORMAL_APPROACH,6.4,113.6,True,4,0,True,False,False,True
양서후,10867,1,14,4,2,2,ROUGH,ROUGH,3,GREEN,GREEN,RECOVERY,15.3,132.9,True,4,0,True,False,False,False
양서후,10867,1,15,4,2,2,ROUGH,ROUGH,3,GREEN,GREEN,RECOVERY,7.1,147.2,True,4,0,True,False,False,False
양서후,10867,1,16,3,2,12,FRINGE,FRINGE,3,GREEN,GREEN,SHORT_GAME,2.7,16.2,False,4,1,False,True,False,
양서후,10867,1,17,4,2,2,ROUGH,ROUGH,2,ROUGH,ROUGH,RECOVERY,32.7,128.8,False,6,2,False,True,True,False
양서후,10867,1,17,4,3,2,ROUGH,ROUGH,12,FRINGE,FRINGE,RECOVERY,6.2,32.7,False,6,2,False,True,True,False
양서후,10867,1,17,4,4,12,FRINGE,FRINGE,3,GREEN,GREEN,SHORT_GAME,1.9,6.2,False,6,2,False,True,True,False
양서후,10867,1,18,5,2,1,FAIRWAY,FAIRWAY,5,PENALTY_AREA,PENALTY_AREA,ADVANCE_LAYUP,0.0,300.1,False,6,1,False,True,False,True
양서후,10867,1,18,5,3,5,PENALTY_AREA,PENALTY_AREA,8,PENALTY_STROKE,LOST_BALL_PENALTY_RESTART,PENALTY_RESTART,148.3,0.0,False,6,1,False,True,False,True
양서후,10867,1,18,5,4,8,PENALTY_STROKE,LOST_BALL_PENALTY_RESTART,3,GREEN,GREEN,PENALTY_RESTART,23.5,148.3,False,6,1,False,True,False,True
양서후,10867,2,1,4,2,1,FAIRWAY,FAIRWAY,2,ROUGH,ROUGH,OTHER_UNRESOLVED,17.9,168.2,False,5,1,False,True,False,True
양서후,10867,2,1,4,3,2,ROUGH,ROUGH,3,GREEN,GREEN,RECOVERY,1.3,17.9,False,5,1,False,True,False,True
양서후,10867,2,3,4,2,2,ROUGH,ROUGH,2,ROUGH,ROUGH,RECOVERY,22.2,186.0,False,5,1,False,True,False,False
양서후,10867,2,3,4,3,2,ROUGH,ROUGH,3,GREEN,GREEN,RECOVERY,10.4,22.2,False,5,1,False,True,False,False
양서후,10867,2,4,5,2,1,FAIRWAY,FAIRWAY,2,ROUGH,ROUGH,ADVANCE_LAYUP,127.0,300.7,True,5,0,True,False,False,True
양서후,10867,2,4,5,3,2,ROUGH,ROUGH,3,GREEN,GREEN,RECOVERY,4.7,127.0,True,5,0,True,False,False,True
양서후,10867,2,6,4,2,1,FAIRWAY,FAIRWAY,9,GREENSIDE_BUNKER,GREENSIDE_BUNKER,OTHER_UNRESOLVED,27.1,156.2,False,5,1,False,True,False,True
양서후,10867,2,6,4,3,9,GREENSIDE_BUNKER,GREENSIDE_BUNKER,2,ROUGH,ROUGH,RECOVERY,6.6,27.1,False,5,1,False,True,False,True
양서후,10867,2,6,4,4,2,ROUGH,ROUGH,3,GREEN,GREEN,RECOVERY,0.3,6.6,False,5,1,False,True,False,True
양서후,10867,2,7,5,2,2,ROUGH,ROUGH,2,ROUGH,ROUGH,RECOVERY,150.8,306.2,True,5,0,True,False,False,False
양서후,10867,2,7,5,3,2,ROUGH,ROUGH,3,GREEN,GREEN,RECOVERY,8.4,150.8,True,5,0,True,False,False,False
양서후,10867,2,8,4,2,2,ROUGH,ROUGH,2,ROUGH,ROUGH,RECOVERY,21.3,150.8,False,4,0,True,False,False,False
양서후,10867,2,8,4,3,2,ROUGH,ROUGH,3,GREEN,GREEN,RECOVERY,1.0,21.3,False,4,0,True,False,False,False
양서후,10867,2,9,4,2,2,ROUGH,ROUGH,2,ROUGH,ROUGH,RECOVERY,29.1,112.9,False,6,2,False,True,True,False
양서후,10867,2,9,4,3,2,ROUGH,ROUGH,2,ROUGH,ROUGH,RECOVERY,26.9,29.1,False,6,2,False,True,True,False
양서후,10867,2,9,4,4,2,ROUGH,ROUGH,3,GREEN,GREEN,RECOVERY,0.8,26.9,False,6,2,False,True,True,False
양서후,10867,2,10,5,2,1,FAIRWAY,FAIRWAY,2,ROUGH,ROUGH,ADVANCE_LAYUP,168.7,331.8,False,6,1,False,True,False,True
양서후,10867,2,10,5,3,2,ROUGH,ROUGH,1,FAIRWAY,FAIRWAY,RECOVERY,95.6,168.7,False,6,1,False,True,False,True
양서후,10867,2,10,5,4,1,FAIRWAY,FAIRWAY,3,GREEN,GREEN,NORMAL_APPROACH,8.6,95.6,False,6,1,False,True,False,True
양서후,10867,2,11,3,2,2,ROUGH,ROUGH,3,GREEN,GREEN,RECOVERY,0.5,14.9,False,3,0,True,False,False,
양서후,10867,2,12,4,2,2,ROUGH,ROUGH,3,GREEN,GREEN,RECOVERY,6.7,194.4,True,4,0,True,False,False,False
양서후,10867,2,13,4,2,1,FAIRWAY,FAIRWAY,12,FRINGE,FRINGE,NORMAL_APPROACH,15.3,116.1,False,4,0,True,False,False,True
양서후,10867,2,13,4,3,12,FRINGE,FRINGE,3,GREEN,GREEN,SHORT_GAME,2.2,15.3,False,4,0,True,False,False,True
양서후,10867,2,14,4,2,1,FAIRWAY,FAIRWAY,3,GREEN,GREEN,NORMAL_APPROACH,21.7,157.6,True,4,0,True,False,False,True
양서후,10867,2,15,4,2,1,FAIRWAY,FAIRWAY,3,GREEN,GREEN,NORMAL_APPROACH,6.0,147.5,True,4,0,True,False,False,True
양서후,10867,2,16,3,2,5,PENALTY_AREA,PENALTY_AREA,8,PENALTY_STROKE,LOST_BALL_PENALTY_RESTART,PENALTY_RESTART,117.8,0.0,False,5,2,False,True,True,
양서후,10867,2,16,3,3,8,PENALTY_STROKE,LOST_BALL_PENALTY_RESTART,3,GREEN,GREEN,PENALTY_RESTART,13.6,117.8,False,5,2,False,True,True,
양서후,10867,2,17,4,2,2,ROUGH,ROUGH,12,FRINGE,FRINGE,RECOVERY,22.1,138.1,False,4,0,True,False,False,False
양서후,10867,2,17,4,3,12,FRINGE,FRINGE,3,GREEN,GREEN,SHORT_GAME,1.7,22.1,False,4,0,True,False,False,False
양서후,10867,2,18,5,2,2,ROUGH,ROUGH,1,FAIRWAY,FAIRWAY,RECOVERY,151.3,293.7,False,6,1,False,True,False,False
양서후,10867,2,18,5,3,1,FAIRWAY,FAIRWAY,2,ROUGH,ROUGH,ADVANCE_LAYUP,9.6,151.3,False,6,1,False,True,False,False
양서후,10867,2,18,5,4,2,ROUGH,ROUGH,12,FRINGE,FRINGE,RECOVERY,6.8,9.6,False,6,1,False,True,False,False
양서후,10867,2,18,5,5,12,FRINGE,FRINGE,3,GREEN,GREEN,SHORT_GAME,1.4,6.8,False,6,1,False,True,False,False
이세영,11040,1,1,4,2,6,BUNKER,BUNKER,2,ROUGH,ROUGH,RECOVERY,49.5,154.0,False,5,1,False,True,False,False
이세영,11040,1,1,4,3,2,ROUGH,ROUGH,3,GREEN,GREEN,RECOVERY,9.0,49.5,False,5,1,False,True,False,False
이세영,11040,1,2,3,2,5,PENALTY_AREA,PENALTY_AREA,3,GREEN,GREEN,PENALTY_RESTART,2.5,9.2,False,4,1,False,True,False,
이세영,11040,1,3,4,2,1,FAIRWAY,FAIRWAY,3,GREEN,GREEN,NORMAL_APPROACH,4.2,161.7,True,4,0,True,False,False,True
이세영,11040,1,4,5,2,1,FAIRWAY,FAIRWAY,1,FAIRWAY,FAIRWAY,ADVANCE_LAYUP,70.8,281.5,True,5,0,True,False,False,True
이세영,11040,1,4,5,3,1,FAIRWAY,FAIRWAY,3,GREEN,GREEN,NORMAL_APPROACH,3.1,70.8,True,5,0,True,False,False,True
이세영,11040,1,5,3,2,2,ROUGH,ROUGH,3,GREEN,GREEN,RECOVERY,6.5,10.6,False,4,1,False,True,False,
이세영,11040,1,6,4,2,1,FAIRWAY,FAIRWAY,9,GREENSIDE_BUNKER,GREENSIDE_BUNKER,OTHER_UNRESOLVED,15.0,152.0,False,5,1,False,True,False,True
이세영,11040,1,6,4,3,9,GREENSIDE_BUNKER,GREENSIDE_BUNKER,3,GREEN,GREEN,RECOVERY,9.1,15.0,False,5,1,False,True,False,True
이세영,11040,1,7,5,2,1,FAIRWAY,FAIRWAY,1,FAIRWAY,FAIRWAY,ADVANCE_LAYUP,81.8,261.5,True,4,-1,True,False,False,True
이세영,11040,1,7,5,3,1,FAIRWAY,FAIRWAY,3,GREEN,GREEN,NORMAL_APPROACH,3.2,81.8,True,4,-1,True,False,False,True
이세영,11040,1,8,4,2,1,FAIRWAY,FAIRWAY,3,GREEN,GREEN,NORMAL_APPROACH,7.2,150.4,True,4,0,True,False,False,True
이세영,11040,1,9,4,2,2,ROUGH,ROUGH,1,FAIRWAY,FAIRWAY,RECOVERY,98.6,121.8,False,6,2,False,True,True,False
이세영,11040,1,9,4,3,1,FAIRWAY,FAIRWAY,2,ROUGH,ROUGH,OTHER_UNRESOLVED,8.0,98.6,False,6,2,False,True,True,False
이세영,11040,1,9,4,4,2,ROUGH,ROUGH,3,GREEN,GREEN,RECOVERY,2.3,8.0,False,6,2,False,True,True,False
이세영,11040,1,10,5,2,2,ROUGH,ROUGH,2,ROUGH,ROUGH,RECOVERY,126.1,308.3,False,5,0,True,False,False,False
이세영,11040,1,10,5,3,2,ROUGH,ROUGH,2,ROUGH,ROUGH,RECOVERY,8.7,126.1,False,5,0,True,False,False,False
이세영,11040,1,10,5,4,2,ROUGH,ROUGH,3,GREEN,GREEN,RECOVERY,1.8,8.7,False,5,0,True,False,False,False
이세영,11040,1,12,4,2,2,ROUGH,ROUGH,3,GREEN,GREEN,RECOVERY,5.9,151.3,True,4,0,True,False,False,False
이세영,11040,1,13,4,2,1,FAIRWAY,FAIRWAY,3,GREEN,GREEN,NORMAL_APPROACH,14.0,132.8,True,4,0,True,False,False,True
이세영,11040,1,14,4,2,2,ROUGH,ROUGH,3,GREEN,GREEN,RECOVERY,9.3,120.7,True,4,0,True,False,False,False
이세영,11040,1,15,4,2,2,ROUGH,ROUGH,3,GREEN,GREEN,RECOVERY,12.9,145.1,True,5,1,False,True,False,False
이세영,11040,1,17,4,2,2,ROUGH,ROUGH,1,FAIRWAY,FAIRWAY,RECOVERY,127.4,145.7,False,5,1,False,True,False,False
이세영,11040,1,17,4,3,1,FAIRWAY,FAIRWAY,3,GREEN,GREEN,NORMAL_APPROACH,1.8,127.4,False,5,1,False,True,False,False
이세영,11040,1,18,5,2,1,FAIRWAY,FAIRWAY,1,FAIRWAY,FAIRWAY,ADVANCE_LAYUP,79.2,268.0,True,6,1,False,True,False,True
이세영,11040,1,18,5,3,1,FAIRWAY,FAIRWAY,3,GREEN,GREEN,NORMAL_APPROACH,6.8,79.2,True,6,1,False,True,False,True
이세영,11040,2,1,4,2,1,FAIRWAY,FAIRWAY,2,ROUGH,ROUGH,OTHER_UNRESOLVED,7.5,141.9,False,4,0,True,False,False,True
이세영,11040,2,1,4,3,2,ROUGH,ROUGH,3,GREEN,GREEN,RECOVERY,0.7,7.5,False,4,0,True,False,False,True
이세영,11040,2,3,4,2,2,ROUGH,ROUGH,3,GREEN,GREEN,RECOVERY,13.6,190.3,True,4,0,True,False,False,False
이세영,11040,2,4,5,2,6,BUNKER,BUNKER,2,ROUGH,ROUGH,RECOVERY,119.2,291.1,True,6,1,False,True,False,False
이세영,11040,2,4,5,3,2,ROUGH,ROUGH,3,GREEN,GREEN,RECOVERY,13.4,119.2,True,6,1,False,True,False,False
이세영,11040,2,6,4,2,1,FAIRWAY,FAIRWAY,12,FRINGE,FRINGE,NORMAL_APPROACH,4.5,123.5,False,4,0,True,False,False,True
이세영,11040,2,6,4,3,12,FRINGE,FRINGE,3,GREEN,GREEN,SHORT_GAME,0.5,4.5,False,4,0,True,False,False,True
이세영,11040,2,7,5,2,1,FAIRWAY,FAIRWAY,1,FAIRWAY,FAIRWAY,ADVANCE_LAYUP,121.3,280.1,True,5,0,True,False,False,True
이세영,11040,2,7,5,3,1,FAIRWAY,FAIRWAY,3,GREEN,GREEN,NORMAL_APPROACH,1.5,121.3,True,5,0,True,False,False,True
이세영,11040,2,8,4,2,2,ROUGH,ROUGH,1,FAIRWAY,FAIRWAY,RECOVERY,99.2,141.6,False,4,0,True,False,False,False
이세영,11040,2,8,4,3,1,FAIRWAY,FAIRWAY,3,GREEN,GREEN,NORMAL_APPROACH,2.0,99.2,False,4,0,True,False,False,False
이세영,11040,2,9,4,2,2,ROUGH,ROUGH,2,ROUGH,ROUGH,RECOVERY,22.5,136.2,False,5,1,False,True,False,False
이세영,11040,2,9,4,3,2,ROUGH,ROUGH,12,FRINGE,FRINGE,RECOVERY,8.6,22.5,False,5,1,False,True,False,False
이세영,11040,2,9,4,4,12,FRINGE,FRINGE,3,GREEN,GREEN,SHORT_GAME,0.3,8.6,False,5,1,False,True,False,False
이세영,11040,2,10,5,2,2,ROUGH,ROUGH,1,FAIRWAY,FAIRWAY,RECOVERY,155.3,313.1,True,6,1,False,True,False,False
이세영,11040,2,10,5,3,1,FAIRWAY,FAIRWAY,3,GREEN,GREEN,NORMAL_APPROACH,23.2,155.3,True,6,1,False,True,False,False
이세영,11040,2,10,5,5,12,FRINGE,FRINGE,3,GREEN,GREEN,SHORT_GAME,0.5,5.3,True,6,1,False,True,False,False
이세영,11040,2,11,3,2,2,ROUGH,ROUGH,2,ROUGH,ROUGH,RECOVERY,12.0,15.1,False,5,2,False,True,True,
이세영,11040,2,11,3,3,2,ROUGH,ROUGH,3,GREEN,GREEN,RECOVERY,3.6,12.0,False,5,2,False,True,True,
이세영,11040,2,12,4,2,2,ROUGH,ROUGH,12,FRINGE,FRINGE,RECOVERY,27.4,174.8,False,4,0,True,False,False,False
이세영,11040,2,12,4,3,12,FRINGE,FRINGE,3,GREEN,GREEN,SHORT_GAME,1.2,27.4,False,4,0,True,False,False,False
이세영,11040,2,13,4,2,5,PENALTY_AREA,PENALTY_AREA,8,PENALTY_STROKE,LOST_BALL_PENALTY_RESTART,PENALTY_RESTART,136.6,0.0,False,5,1,False,True,False,False
이세영,11040,2,13,4,3,8,PENALTY_STROKE,LOST_BALL_PENALTY_RESTART,3,GREEN,GREEN,PENALTY_RESTART,4.6,136.6,False,5,1,False,True,False,False
이세영,11040,2,14,4,2,1,FAIRWAY,FAIRWAY,3,GREEN,GREEN,NORMAL_APPROACH,7.4,160.1,True,4,0,True,False,False,True
이세영,11040,2,15,4,2,2,ROUGH,ROUGH,3,GREEN,GREEN,RECOVERY,11.2,128.9,True,3,-1,True,False,False,False
이세영,11040,2,16,3,2,5,PENALTY_AREA,PENALTY_AREA,3,GREEN,GREEN,PENALTY_RESTART,1.3,18.7,False,4,1,False,True,False,
이세영,11040,2,17,4,2,2,ROUGH,ROUGH,2,ROUGH,ROUGH,RECOVERY,14.7,136.0,False,4,0,True,False,False,False
이세영,11040,2,17,4,3,2,ROUGH,ROUGH,3,GREEN,GREEN,RECOVERY,4.5,14.7,False,4,0,True,False,False,False
이세영,11040,2,18,5,2,2,ROUGH,ROUGH,2,ROUGH,ROUGH,RECOVERY,106.0,264.3,True,5,0,True,False,False,False
이세영,11040,2,18,5,3,2,ROUGH,ROUGH,3,GREEN,GREEN,RECOVERY,8.1,106.0,True,5,0,True,False,False,False
홍현지,11042,1,1,4,2,2,ROUGH,ROUGH,3,GREEN,GREEN,RECOVERY,15.8,168.0,True,4,0,True,False,False,False
홍현지,11042,1,3,4,2,1,FAIRWAY,FAIRWAY,12,FRINGE,FRINGE,NORMAL_APPROACH,7.7,182.6,False,4,0,True,False,False,True
홍현지,11042,1,3,4,3,12,FRINGE,FRINGE,3,GREEN,GREEN,SHORT_GAME,1.2,7.7,False,4,0,True,False,False,True
홍현지,11042,1,4,5,2,1,FAIRWAY,FAIRWAY,1,FAIRWAY,FAIRWAY,ADVANCE_LAYUP,110.0,295.2,False,5,0,True,False,False,True
홍현지,11042,1,4,5,3,1,FAIRWAY,FAIRWAY,2,ROUGH,ROUGH,ADVANCE_LAYUP,10.6,110.0,False,5,0,True,False,False,True
홍현지,11042,1,4,5,4,2,ROUGH,ROUGH,3,GREEN,GREEN,RECOVERY,0.1,10.6,False,5,0,True,False,False,True
홍현지,11042,1,5,3,2,12,FRINGE,FRINGE,3,GREEN,GREEN,SHORT_GAME,2.7,8.6,False,3,0,True,False,False,
홍현지,11042,1,6,4,2,1,FAIRWAY,FAIRWAY,3,GREEN,GREEN,NORMAL_APPROACH,17.2,172.9,True,4,0,True,False,False,True
홍현지,11042,1,7,5,2,1,FAIRWAY,FAIRWAY,2,ROUGH,ROUGH,ADVANCE_LAYUP,91.9,292.5,False,5,0,True,False,False,True
홍현지,11042,1,7,5,3,2,ROUGH,ROUGH,2,ROUGH,ROUGH,RECOVERY,13.5,91.9,False,5,0,True,False,False,True
홍현지,11042,1,7,5,4,2,ROUGH,ROUGH,3,GREEN,GREEN,RECOVERY,3.3,13.5,False,5,0,True,False,False,True
홍현지,11042,1,8,4,2,2,ROUGH,ROUGH,2,ROUGH,ROUGH,RECOVERY,34.1,174.5,False,4,0,True,False,False,False
홍현지,11042,1,8,4,3,2,ROUGH,ROUGH,3,GREEN,GREEN,RECOVERY,3.1,34.1,False,4,0,True,False,False,False
홍현지,11042,1,9,4,2,2,ROUGH,ROUGH,1,FAIRWAY,FAIRWAY,RECOVERY,79.1,126.5,False,5,1,False,True,False,False
홍현지,11042,1,9,4,3,1,FAIRWAY,FAIRWAY,3,GREEN,GREEN,NORMAL_APPROACH,3.2,79.1,False,5,1,False,True,False,False
홍현지,11042,1,10,5,2,1,FAIRWAY,FAIRWAY,1,FAIRWAY,FAIRWAY,ADVANCE_LAYUP,129.8,312.3,False,6,1,False,True,False,True
홍현지,11042,1,10,5,3,1,FAIRWAY,FAIRWAY,2,ROUGH,ROUGH,ADVANCE_LAYUP,26.3,129.8,False,6,1,False,True,False,True
홍현지,11042,1,10,5,4,2,ROUGH,ROUGH,12,FRINGE,FRINGE,RECOVERY,7.9,26.3,False,6,1,False,True,False,True
홍현지,11042,1,10,5,5,12,FRINGE,FRINGE,3,GREEN,GREEN,SHORT_GAME,0.4,7.9,False,6,1,False,True,False,True
홍현지,11042,1,12,4,2,2,ROUGH,ROUGH,1,FAIRWAY,FAIRWAY,RECOVERY,95.4,207.0,False,4,0,True,False,False,False
홍현지,11042,1,12,4,3,1,FAIRWAY,FAIRWAY,3,GREEN,GREEN,NORMAL_APPROACH,1.7,95.4,False,4,0,True,False,False,False
홍현지,11042,1,13,4,2,6,BUNKER,BUNKER,9,GREENSIDE_BUNKER,GREENSIDE_BUNKER,RECOVERY,14.1,102.8,False,5,1,False,True,False,False
홍현지,11042,1,13,4,3,9,GREENSIDE_BUNKER,GREENSIDE_BUNKER,3,GREEN,GREEN,RECOVERY,16.3,14.1,False,5,1,False,True,False,False
홍현지,11042,1,14,4,2,1,FAIRWAY,FAIRWAY,3,GREEN,GREEN,NORMAL_APPROACH,8.7,141.7,True,4,0,True,False,False,True
홍현지,11042,1,15,4,2,1,FAIRWAY,FAIRWAY,3,GREEN,GREEN,NORMAL_APPROACH,12.1,149.0,True,4,0,True,False,False,True
홍현지,11042,1,16,3,2,12,FRINGE,FRINGE,3,GREEN,GREEN,SHORT_GAME,1.3,8.1,False,3,0,True,False,False,
홍현지,11042,1,17,4,2,2,ROUGH,ROUGH,3,GREEN,GREEN,RECOVERY,28.2,144.2,True,5,1,False,True,False,False
홍현지,11042,1,18,5,2,1,FAIRWAY,FAIRWAY,1,FAIRWAY,FAIRWAY,ADVANCE_LAYUP,111.8,285.2,True,5,0,True,False,False,True
홍현지,11042,1,18,5,3,1,FAIRWAY,FAIRWAY,3,GREEN,GREEN,NORMAL_APPROACH,6.1,111.8,True,5,0,True,False,False,True
홍현지,11042,2,1,4,2,1,FAIRWAY,FAIRWAY,9,GREENSIDE_BUNKER,GREENSIDE_BUNKER,OTHER_UNRESOLVED,14.2,156.2,False,4,0,True,False,False,True
홍현지,11042,2,1,4,3,9,GREENSIDE_BUNKER,GREENSIDE_BUNKER,3,GREEN,GREEN,RECOVERY,1.4,14.2,False,4,0,True,False,False,True
홍현지,11042,2,3,4,2,1,FAIRWAY,FAIRWAY,3,GREEN,GREEN,NORMAL_APPROACH,9.0,180.4,True,4,0,True,False,False,True
홍현지,11042,2,4,5,2,2,ROUGH,ROUGH,1,FAIRWAY,FAIRWAY,RECOVERY,131.9,310.2,True,4,-1,True,False,False,False
홍현지,11042,2,4,5,3,1,FAIRWAY,FAIRWAY,3,GREEN,GREEN,NORMAL_APPROACH,2.3,131.9,True,4,-1,True,False,False,False
홍현지,11042,2,6,4,2,1,FAIRWAY,FAIRWAY,3,GREEN,GREEN,NORMAL_APPROACH,6.2,154.0,True,4,0,True,False,False,True
홍현지,11042,2,7,5,2,6,BUNKER,BUNKER,1,FAIRWAY,FAIRWAY,RECOVERY,187.9,279.2,False,5,0,True,False,False,False
홍현지,11042,2,7,5,3,1,FAIRWAY,FAIRWAY,2,ROUGH,ROUGH,ADVANCE_LAYUP,21.9,187.9,False,5,0,True,False,False,False
홍현지,11042,2,7,5,4,2,ROUGH,ROUGH,3,GREEN,GREEN,RECOVERY,7.8,21.9,False,5,0,True,False,False,False
홍현지,11042,2,8,4,2,2,ROUGH,ROUGH,1,FAIRWAY,FAIRWAY,RECOVERY,110.5,138.1,False,5,1,False,True,False,False
홍현지,11042,2,8,4,3,1,FAIRWAY,FAIRWAY,3,GREEN,GREEN,NORMAL_APPROACH,10.7,110.5,False,5,1,False,True,False,False
홍현지,11042,2,9,4,2,2,ROUGH,ROUGH,12,FRINGE,FRINGE,RECOVERY,20.6,146.8,False,5,1,False,True,False,False
홍현지,11042,2,9,4,3,12,FRINGE,FRINGE,12,FRINGE,FRINGE,SHORT_GAME,9.4,20.6,False,5,1,False,True,False,False
홍현지,11042,2,9,4,4,12,FRINGE,FRINGE,3,GREEN,GREEN,SHORT_GAME,0.4,9.4,False,5,1,False,True,False,False
홍현지,11042,2,10,5,2,1,FAIRWAY,FAIRWAY,1,FAIRWAY,FAIRWAY,ADVANCE_LAYUP,123.3,332.9,False,5,0,True,False,False,True
홍현지,11042,2,10,5,3,1,FAIRWAY,FAIRWAY,12,FRINGE,FRINGE,NORMAL_APPROACH,5.1,123.3,False,5,0,True,False,False,True
홍현지,11042,2,10,5,4,12,FRINGE,FRINGE,3,GREEN,GREEN,SHORT_GAME,0.5,5.1,False,5,0,True,False,False,True
홍현지,11042,2,11,3,2,2,ROUGH,ROUGH,3,GREEN,GREEN,RECOVERY,3.6,14.2,False,3,0,True,False,False,
홍현지,11042,2,12,4,2,1,FAIRWAY,FAIRWAY,2,ROUGH,ROUGH,OTHER_UNRESOLVED,19.6,160.3,False,5,1,False,True,False,True
홍현지,11042,2,12,4,3,2,ROUGH,ROUGH,3,GREEN,GREEN,RECOVERY,11.8,19.6,False,5,1,False,True,False,True
홍현지,11042,2,13,4,2,1,FAIRWAY,FAIRWAY,3,GREEN,GREEN,NORMAL_APPROACH,7.3,92.1,True,4,0,True,False,False,True
홍현지,11042,2,14,4,2,1,FAIRWAY,FAIRWAY,3,GREEN,GREEN,NORMAL_APPROACH,22.0,158.6,True,4,0,True,False,False,True
홍현지,11042,2,15,4,2,1,FAIRWAY,FAIRWAY,2,ROUGH,ROUGH,OTHER_UNRESOLVED,18.4,161.7,False,5,1,False,True,False,True
홍현지,11042,2,15,4,3,2,ROUGH,ROUGH,3,GREEN,GREEN,RECOVERY,2.6,18.4,False,5,1,False,True,False,True
홍현지,11042,2,17,4,2,1,FAIRWAY,FAIRWAY,2,ROUGH,ROUGH,OTHER_UNRESOLVED,23.1,150.7,False,6,2,False,True,True,True
홍현지,11042,2,17,4,3,2,ROUGH,ROUGH,3,GREEN,GREEN,RECOVERY,8.8,23.1,False,6,2,False,True,True,True
홍현지,11042,2,18,5,2,2,ROUGH,ROUGH,2,ROUGH,ROUGH,RECOVERY,123.9,270.8,True,5,0,True,False,False,False
홍현지,11042,2,18,5,3,2,ROUGH,ROUGH,3,GREEN,GREEN,RECOVERY,7.3,123.9,True,5,0,True,False,False,False
홍현지,11042,3,1,4,2,2,ROUGH,ROUGH,3,GREEN,GREEN,RECOVERY,13.2,162.2,True,4,0,True,False,False,False
홍현지,11042,3,2,3,2,2,ROUGH,ROUGH,2,ROUGH,ROUGH,RECOVERY,7.7,15.4,False,3,0,True,False,False,
홍현지,11042,3,2,3,3,2,ROUGH,ROUGH,10,HOLED,HOLED,RECOVERY,0.0,7.7,False,3,0,True,False,False,
홍현지,11042,3,3,4,2,2,ROUGH,ROUGH,3,GREEN,GREEN,RECOVERY,21.4,193.8,True,4,0,True,False,False,False
홍현지,11042,3,4,5,2,2,ROUGH,ROUGH,2,ROUGH,ROUGH,RECOVERY,156.0,292.6,True,5,0,True,False,False,False
홍현지,11042,3,4,5,3,2,ROUGH,ROUGH,3,GREEN,GREEN,RECOVERY,18.6,156.0,True,5,0,True,False,False,False
홍현지,11042,3,6,4,2,2,ROUGH,ROUGH,9,GREENSIDE_BUNKER,GREENSIDE_BUNKER,RECOVERY,33.6,178.5,False,4,0,True,False,False,False
홍현지,11042,3,6,4,3,9,GREENSIDE_BUNKER,GREENSIDE_BUNKER,3,GREEN,GREEN,RECOVERY,7.2,33.6,False,4,0,True,False,False,False
홍현지,11042,3,7,5,2,1,FAIRWAY,FAIRWAY,1,FAIRWAY,FAIRWAY,ADVANCE_LAYUP,92.0,293.0,True,5,0,True,False,False,True
홍현지,11042,3,7,5,3,1,FAIRWAY,FAIRWAY,3,GREEN,GREEN,NORMAL_APPROACH,5.9,92.0,True,5,0,True,False,False,True
홍현지,11042,3,8,4,2,1,FAIRWAY,FAIRWAY,12,FRINGE,FRINGE,NORMAL_APPROACH,18.4,135.6,False,5,1,False,True,False,True
홍현지,11042,3,8,4,3,12,FRINGE,FRINGE,3,GREEN,GREEN,SHORT_GAME,3.3,18.4,False,5,1,False,True,False,True
홍현지,11042,3,9,4,2,1,FAIRWAY,FAIRWAY,3,GREEN,GREEN,NORMAL_APPROACH,9.8,113.1,True,4,0,True,False,False,True
홍현지,11042,3,10,5,2,1,FAIRWAY,FAIRWAY,2,ROUGH,ROUGH,ADVANCE_LAYUP,113.0,313.1,True,5,0,True,False,False,True
홍현지,11042,3,10,5,3,2,ROUGH,ROUGH,3,GREEN,GREEN,RECOVERY,14.1,113.0,True,5,0,True,False,False,True
홍현지,11042,3,11,3,2,12,FRINGE,FRINGE,3,GREEN,GREEN,SHORT_GAME,0.8,9.2,False,3,0,True,False,False,
홍현지,11042,3,12,4,2,1,FAIRWAY,FAIRWAY,12,FRINGE,FRINGE,NORMAL_APPROACH,10.2,148.4,False,5,1,False,True,False,True
홍현지,11042,3,12,4,3,12,FRINGE,FRINGE,3,GREEN,GREEN,SHORT_GAME,0.9,10.2,False,5,1,False,True,False,True
홍현지,11042,3,13,4,2,2,ROUGH,ROUGH,3,GREEN,GREEN,RECOVERY,6.4,141.2,True,4,0,True,False,False,False
홍현지,11042,3,14,4,2,1,FAIRWAY,FAIRWAY,3,GREEN,GREEN,NORMAL_APPROACH,8.6,142.9,True,4,0,True,False,False,True
홍현지,11042,3,15,4,2,2,ROUGH,ROUGH,3,GREEN,GREEN,RECOVERY,2.3,197.0,True,3,-1,True,False,False,False
홍현지,11042,3,17,4,2,1,FAIRWAY,FAIRWAY,9,GREENSIDE_BUNKER,GREENSIDE_BUNKER,OTHER_UNRESOLVED,15.5,132.7,False,4,0,True,False,False,True
홍현지,11042,3,17,4,3,9,GREENSIDE_BUNKER,GREENSIDE_BUNKER,3,GREEN,GREEN,RECOVERY,6.8,15.5,False,4,0,True,False,False,True
홍현지,11042,3,18,5,2,2,ROUGH,ROUGH,2,ROUGH,ROUGH,RECOVERY,111.2,283.3,False,5,0,True,False,False,False
홍현지,11042,3,18,5,3,2,ROUGH,ROUGH,12,FRINGE,FRINGE,RECOVERY,23.5,111.2,False,5,0,True,False,False,False
홍현지,11042,3,18,5,4,12,FRINGE,FRINGE,3,GREEN,GREEN,SHORT_GAME,1.9,23.5,False,5,0,True,False,False,False
홍현지,11042,4,1,4,2,6,BUNKER,BUNKER,1,FAIRWAY,FAIRWAY,RECOVERY,86.4,168.0,False,5,1,False,True,False,False
홍현지,11042,4,1,4,3,1,FAIRWAY,FAIRWAY,3,GREEN,GREEN,NORMAL_APPROACH,6.2,86.4,False,5,1,False,True,False,False
홍현지,11042,4,3,4,2,1,FAIRWAY,FAIRWAY,3,GREEN,GREEN,NORMAL_APPROACH,3.2,187.1,True,4,0,True,False,False,True
홍현지,11042,4,4,5,2,2,ROUGH,ROUGH,2,ROUGH,ROUGH,RECOVERY,140.5,303.8,True,5,0,True,False,False,False
홍현지,11042,4,4,5,3,2,ROUGH,ROUGH,3,GREEN,GREEN,RECOVERY,8.7,140.5,True,5,0,True,False,False,False
홍현지,11042,4,5,3,2,12,FRINGE,FRINGE,3,GREEN,GREEN,SHORT_GAME,0.5,9.2,False,3,0,True,False,False,
홍현지,11042,4,6,4,2,1,FAIRWAY,FAIRWAY,3,GREEN,GREEN,NORMAL_APPROACH,3.2,145.1,True,4,0,True,False,False,True
홍현지,11042,4,7,5,2,1,FAIRWAY,FAIRWAY,1,FAIRWAY,FAIRWAY,ADVANCE_LAYUP,104.7,297.2,True,5,0,True,False,False,True
홍현지,11042,4,7,5,3,1,FAIRWAY,FAIRWAY,3,GREEN,GREEN,NORMAL_APPROACH,5.4,104.7,True,5,0,True,False,False,True
홍현지,11042,4,8,4,2,1,FAIRWAY,FAIRWAY,3,GREEN,GREEN,NORMAL_APPROACH,6.9,123.0,True,4,0,True,False,False,True
홍현지,11042,4,9,4,2,1,FAIRWAY,FAIRWAY,3,GREEN,GREEN,NORMAL_APPROACH,5.2,97.1,True,4,0,True,False,False,True
홍현지,11042,4,10,5,2,1,FAIRWAY,FAIRWAY,1,FAIRWAY,FAIRWAY,ADVANCE_LAYUP,100.5,300.3,True,5,0,True,False,False,True
홍현지,11042,4,10,5,3,1,FAIRWAY,FAIRWAY,3,GREEN,GREEN,NORMAL_APPROACH,15.7,100.5,True,5,0,True,False,False,True
홍현지,11042,4,12,4,2,1,FAIRWAY,FAIRWAY,3,GREEN,GREEN,NORMAL_APPROACH,4.9,136.4,True,4,0,True,False,False,True
홍현지,11042,4,13,4,2,2,ROUGH,ROUGH,2,ROUGH,ROUGH,RECOVERY,10.7,142.1,False,5,1,False,True,False,False
홍현지,11042,4,13,4,3,2,ROUGH,ROUGH,3,GREEN,GREEN,RECOVERY,3.6,10.7,False,5,1,False,True,False,False
홍현지,11042,4,14,4,2,2,ROUGH,ROUGH,3,GREEN,GREEN,RECOVERY,2.4,126.3,True,3,-1,True,False,False,False
홍현지,11042,4,15,4,2,2,ROUGH,ROUGH,2,ROUGH,ROUGH,RECOVERY,17.7,170.4,False,5,1,False,True,False,False
홍현지,11042,4,15,4,3,2,ROUGH,ROUGH,3,GREEN,GREEN,RECOVERY,2.3,17.7,False,5,1,False,True,False,False
홍현지,11042,4,17,4,2,2,ROUGH,ROUGH,2,ROUGH,ROUGH,RECOVERY,25.7,139.8,False,4,0,True,False,False,False
홍현지,11042,4,17,4,3,2,ROUGH,ROUGH,3,GREEN,GREEN,RECOVERY,1.3,25.7,False,4,0,True,False,False,False
홍현지,11042,4,18,5,2,2,ROUGH,ROUGH,2,ROUGH,ROUGH,RECOVERY,93.7,288.5,True,5,0,True,False,False,False
홍현지,11042,4,18,5,3,2,ROUGH,ROUGH,3,GREEN,GREEN,RECOVERY,4.5,93.7,True,5,0,True,False,False,False
양효진,11045,1,1,4,2,2,ROUGH,ROUGH,3,GREEN,GREEN,RECOVERY,4.3,167.0,True,3,-1,True,False,False,False
양효진,11045,1,3,4,2,1,FAIRWAY,FAIRWAY,3,GREEN,GREEN,NORMAL_APPROACH,1.5,175.0,True,3,-1,True,False,False,True
양효진,11045,1,4,5,2,1,FAIRWAY,FAIRWAY,1,FAIRWAY,FAIRWAY,ADVANCE_LAYUP,73.7,282.8,False,6,1,False,True,False,True
양효진,11045,1,4,5,3,1,FAIRWAY,FAIRWAY,12,FRINGE,FRINGE,NORMAL_APPROACH,8.9,73.7,False,6,1,False,True,False,True
양효진,11045,1,4,5,4,12,FRINGE,FRINGE,3,GREEN,GREEN,SHORT_GAME,4.5,8.9,False,6,1,False,True,False,True
양효진,11045,1,5,3,2,12,FRINGE,FRINGE,3,GREEN,GREEN,SHORT_GAME,0.3,8.6,False,3,0,True,False,False,
양효진,11045,1,6,4,2,1,FAIRWAY,FAIRWAY,3,GREEN,GREEN,NORMAL_APPROACH,5.9,152.3,True,4,0,True,False,False,True
양효진,11045,1,7,5,2,2,ROUGH,ROUGH,1,FAIRWAY,FAIRWAY,RECOVERY,60.1,274.5,True,5,0,True,False,False,False
양효진,11045,1,7,5,3,1,FAIRWAY,FAIRWAY,3,GREEN,GREEN,NORMAL_APPROACH,3.2,60.1,True,5,0,True,False,False,False
양효진,11045,1,8,4,2,1,FAIRWAY,FAIRWAY,5,PENALTY_AREA,PENALTY_AREA,OTHER_UNRESOLVED,19.8,139.8,False,7,3,False,True,True,True
양효진,11045,1,8,4,3,5,PENALTY_AREA,PENALTY_AREA,5,PENALTY_AREA,PENALTY_AREA,PENALTY_RESTART,25.2,19.8,False,7,3,False,True,True,True
양효진,11045,1,8,4,4,5,PENALTY_AREA,PENALTY_AREA,2,ROUGH,ROUGH,PENALTY_RESTART,9.4,25.2,False,7,3,False,True,True,True
양효진,11045,1,8,4,5,2,ROUGH,ROUGH,12,FRINGE,FRINGE,RECOVERY,6.4,9.4,False,7,3,False,True,True,True
양효진,11045,1,8,4,6,12,FRINGE,FRINGE,3,GREEN,GREEN,SHORT_GAME,0.4,6.4,False,7,3,False,True,True,True
양효진,11045,1,9,4,2,2,ROUGH,ROUGH,12,FRINGE,FRINGE,RECOVERY,21.9,142.6,False,5,1,False,True,False,False
양효진,11045,1,9,4,3,12,FRINGE,FRINGE,12,FRINGE,FRINGE,SHORT_GAME,7.2,21.9,False,5,1,False,True,False,False
양효진,11045,1,9,4,4,12,FRINGE,FRINGE,3,GREEN,GREEN,SHORT_GAME,0.5,7.2,False,5,1,False,True,False,False
양효진,11045,1,10,5,2,1,FAIRWAY,FAIRWAY,2,ROUGH,ROUGH,ADVANCE_LAYUP,123.0,288.8,True,5,0,True,False,False,True
양효진,11045,1,10,5,3,2,ROUGH,ROUGH,3,GREEN,GREEN,RECOVERY,23.7,123.0,True,5,0,True,False,False,True
양효진,11045,1,12,4,2,2,ROUGH,ROUGH,2,ROUGH,ROUGH,RECOVERY,19.2,149.4,False,5,1,False,True,False,False
양효진,11045,1,12,4,3,2,ROUGH,ROUGH,12,FRINGE,FRINGE,RECOVERY,13.5,19.2,False,5,1,False,True,False,False
양효진,11045,1,12,4,4,12,FRINGE,FRINGE,3,GREEN,GREEN,SHORT_GAME,1.4,13.5,False,5,1,False,True,False,False
양효진,11045,1,13,4,2,1,FAIRWAY,FAIRWAY,3,GREEN,GREEN,NORMAL_APPROACH,6.9,117.9,True,5,1,False,True,False,True
양효진,11045,1,14,4,2,1,FAIRWAY,FAIRWAY,12,FRINGE,FRINGE,NORMAL_APPROACH,15.9,158.3,False,5,1,False,True,False,True
양효진,11045,1,14,4,3,12,FRINGE,FRINGE,3,GREEN,GREEN,SHORT_GAME,8.6,15.9,False,5,1,False,True,False,True
양효진,11045,1,15,4,2,1,FAIRWAY,FAIRWAY,5,PENALTY_AREA,PENALTY_AREA,OTHER_UNRESOLVED,0.0,140.4,False,6,2,False,True,True,True
양효진,11045,1,15,4,3,5,PENALTY_AREA,PENALTY_AREA,8,PENALTY_STROKE,LOST_BALL_PENALTY_RESTART,PENALTY_RESTART,16.4,0.0,False,6,2,False,True,True,True
양효진,11045,1,15,4,4,8,PENALTY_STROKE,LOST_BALL_PENALTY_RESTART,3,GREEN,GREEN,PENALTY_RESTART,1.3,16.4,False,6,2,False,True,True,True
양효진,11045,1,17,4,2,2,ROUGH,ROUGH,3,GREEN,GREEN,RECOVERY,11.0,146.4,True,4,0,True,False,False,False
양효진,11045,1,18,5,2,2,ROUGH,ROUGH,2,ROUGH,ROUGH,RECOVERY,104.0,266.8,True,5,0,True,False,False,False
양효진,11045,1,18,5,3,2,ROUGH,ROUGH,3,GREEN,GREEN,RECOVERY,23.3,104.0,True,5,0,True,False,False,False
양효진,11045,2,1,4,2,1,FAIRWAY,FAIRWAY,2,ROUGH,ROUGH,OTHER_UNRESOLVED,20.1,147.8,False,5,1,False,True,False,True
양효진,11045,2,1,4,3,2,ROUGH,ROUGH,3,GREEN,GREEN,RECOVERY,4.1,20.1,False,5,1,False,True,False,True
양효진,11045,2,2,3,2,5,PENALTY_AREA,PENALTY_AREA,8,PENALTY_STROKE,LOST_BALL_PENALTY_RESTART,PENALTY_RESTART,64.6,0.0,False,5,2,False,True,True,
양효진,11045,2,2,3,3,8,PENALTY_STROKE,LOST_BALL_PENALTY_RESTART,3,GREEN,GREEN,PENALTY_RESTART,11.0,64.6,False,5,2,False,True,True,
양효진,11045,2,3,4,2,1,FAIRWAY,FAIRWAY,3,GREEN,GREEN,NORMAL_APPROACH,11.5,174.7,True,4,0,True,False,False,True
양효진,11045,2,4,5,2,2,ROUGH,ROUGH,2,ROUGH,ROUGH,RECOVERY,117.2,294.4,True,5,0,True,False,False,False
양효진,11045,2,4,5,3,2,ROUGH,ROUGH,3,GREEN,GREEN,RECOVERY,18.8,117.2,True,5,0,True,False,False,False
양효진,11045,2,5,3,2,2,ROUGH,ROUGH,3,GREEN,GREEN,RECOVERY,2.1,15.3,False,3,0,True,False,False,
양효진,11045,2,6,4,2,2,ROUGH,ROUGH,12,FRINGE,FRINGE,RECOVERY,5.3,154.5,False,4,0,True,False,False,False
양효진,11045,2,6,4,3,12,FRINGE,FRINGE,3,GREEN,GREEN,SHORT_GAME,0.4,5.3,False,4,0,True,False,False,False
양효진,11045,2,7,5,2,1,FAIRWAY,FAIRWAY,9,GREENSIDE_BUNKER,GREENSIDE_BUNKER,ADVANCE_LAYUP,47.2,266.9,False,5,0,True,False,False,True
양효진,11045,2,7,5,3,9,GREENSIDE_BUNKER,GREENSIDE_BUNKER,2,ROUGH,ROUGH,RECOVERY,6.2,47.2,False,5,0,True,False,False,True
양효진,11045,2,7,5,4,2,ROUGH,ROUGH,3,GREEN,GREEN,RECOVERY,1.6,6.2,False,5,0,True,False,False,True
양효진,11045,2,8,4,2,1,FAIRWAY,FAIRWAY,3,GREEN,GREEN,NORMAL_APPROACH,1.6,120.8,True,5,1,False,True,False,True
양효진,11045,2,9,4,2,2,ROUGH,ROUGH,3,GREEN,GREEN,RECOVERY,15.4,131.2,True,4,0,True,False,False,False
양효진,11045,2,10,5,2,1,FAIRWAY,FAIRWAY,1,FAIRWAY,FAIRWAY,ADVANCE_LAYUP,104.0,315.8,False,5,0,True,False,False,True
양효진,11045,2,10,5,3,1,FAIRWAY,FAIRWAY,12,FRINGE,FRINGE,NORMAL_APPROACH,4.3,104.0,False,5,0,True,False,False,True
양효진,11045,2,10,5,4,12,FRINGE,FRINGE,3,GREEN,GREEN,SHORT_GAME,1.4,4.3,False,5,0,True,False,False,True
양효진,11045,2,11,3,2,12,FRINGE,FRINGE,3,GREEN,GREEN,SHORT_GAME,3.2,7.7,False,4,1,False,True,False,
양효진,11045,2,12,4,2,2,ROUGH,ROUGH,2,ROUGH,ROUGH,RECOVERY,161.6,162.0,False,6,2,False,True,True,False
양효진,11045,2,12,4,3,2,ROUGH,ROUGH,12,FRINGE,FRINGE,RECOVERY,9.8,161.6,False,6,2,False,True,True,False
양효진,11045,2,12,4,4,12,FRINGE,FRINGE,3,GREEN,GREEN,SHORT_GAME,4.4,9.8,False,6,2,False,True,True,False
양효진,11045,2,13,4,2,1,FAIRWAY,FAIRWAY,3,GREEN,GREEN,NORMAL_APPROACH,4.6,105.7,True,4,0,True,False,False,True
양효진,11045,2,14,4,2,1,FAIRWAY,FAIRWAY,12,FRINGE,FRINGE,NORMAL_APPROACH,34.8,180.3,False,5,1,False,True,False,True
양효진,11045,2,14,4,3,12,FRINGE,FRINGE,3,GREEN,GREEN,SHORT_GAME,2.5,34.8,False,5,1,False,True,False,True
양효진,11045,2,15,4,2,2,ROUGH,ROUGH,2,ROUGH,ROUGH,RECOVERY,11.9,144.0,False,4,0,True,False,False,False
양효진,11045,2,15,4,3,2,ROUGH,ROUGH,3,GREEN,GREEN,RECOVERY,1.1,11.9,False,4,0,True,False,False,False
양효진,11045,2,17,4,2,6,BUNKER,BUNKER,3,GREEN,GREEN,RECOVERY,3.8,117.4,True,4,0,True,False,False,False
양효진,11045,2,18,5,2,1,FAIRWAY,FAIRWAY,1,FAIRWAY,FAIRWAY,ADVANCE_LAYUP,87.7,267.5,True,5,0,True,False,False,True
양효진,11045,2,18,5,3,1,FAIRWAY,FAIRWAY,3,GREEN,GREEN,NORMAL_APPROACH,7.3,87.7,True,5,0,True,False,False,True
박예지,11056,1,1,4,2,1,FAIRWAY,FAIRWAY,12,FRINGE,FRINGE,NORMAL_APPROACH,9.4,171.5,False,4,0,True,False,False,True
박예지,11056,1,1,4,3,12,FRINGE,FRINGE,3,GREEN,GREEN,SHORT_GAME,0.7,9.4,False,4,0,True,False,False,True
박예지,11056,1,3,4,2,1,FAIRWAY,FAIRWAY,3,GREEN,GREEN,NORMAL_APPROACH,13.6,172.1,True,4,0,True,False,False,True
박예지,11056,1,4,5,2,2,ROUGH,ROUGH,1,FAIRWAY,FAIRWAY,RECOVERY,262.9,293.1,False,5,0,True,False,False,False
박예지,11056,1,4,5,3,1,FAIRWAY,FAIRWAY,1,FAIRWAY,FAIRWAY,ADVANCE_LAYUP,77.2,262.9,False,5,0,True,False,False,False
박예지,11056,1,4,5,4,1,FAIRWAY,FAIRWAY,3,GREEN,GREEN,NORMAL_APPROACH,4.9,77.2,False,5,0,True,False,False,False
박예지,11056,1,6,4,2,2,ROUGH,ROUGH,9,GREENSIDE_BUNKER,GREENSIDE_BUNKER,RECOVERY,26.3,168.6,False,5,1,False,True,False,False
박예지,11056,1,6,4,3,9,GREENSIDE_BUNKER,GREENSIDE_BUNKER,3,GREEN,GREEN,RECOVERY,3.4,26.3,False,5,1,False,True,False,False
박예지,11056,1,7,5,2,2,ROUGH,ROUGH,1,FAIRWAY,FAIRWAY,RECOVERY,101.5,283.0,True,5,0,True,False,False,False
박예지,11056,1,7,5,3,1,FAIRWAY,FAIRWAY,3,GREEN,GREEN,NORMAL_APPROACH,4.1,101.5,True,5,0,True,False,False,False
박예지,11056,1,8,4,2,2,ROUGH,ROUGH,2,ROUGH,ROUGH,RECOVERY,19.2,141.5,False,4,0,True,False,False,False
박예지,11056,1,8,4,3,2,ROUGH,ROUGH,3,GREEN,GREEN,RECOVERY,4.7,19.2,False,4,0,True,False,False,False
박예지,11056,1,9,4,2,1,FAIRWAY,FAIRWAY,3,GREEN,GREEN,NORMAL_APPROACH,5.3,126.9,True,5,1,False,True,False,True
박예지,11056,1,10,5,2,2,ROUGH,ROUGH,2,ROUGH,ROUGH,RECOVERY,144.0,307.6,False,7,2,False,True,True,False
박예지,11056,1,10,5,3,2,ROUGH,ROUGH,2,ROUGH,ROUGH,RECOVERY,17.0,144.0,False,7,2,False,True,True,False
박예지,11056,1,10,5,4,2,ROUGH,ROUGH,2,ROUGH,ROUGH,RECOVERY,9.0,17.0,False,7,2,False,True,True,False
박예지,11056,1,10,5,5,2,ROUGH,ROUGH,3,GREEN,GREEN,RECOVERY,1.3,9.0,False,7,2,False,True,True,False
박예지,11056,1,12,4,2,2,ROUGH,ROUGH,2,ROUGH,ROUGH,RECOVERY,12.9,116.7,False,5,1,False,True,False,False
박예지,11056,1,12,4,3,2,ROUGH,ROUGH,3,GREEN,GREEN,RECOVERY,5.4,12.9,False,5,1,False,True,False,False
박예지,11056,1,13,4,2,1,FAIRWAY,FAIRWAY,3,GREEN,GREEN,NORMAL_APPROACH,12.4,96.6,True,4,0,True,False,False,True
박예지,11056,1,14,4,2,1,FAIRWAY,FAIRWAY,3,GREEN,GREEN,NORMAL_APPROACH,8.9,165.3,True,4,0,True,False,False,True
박예지,11056,1,15,4,2,2,ROUGH,ROUGH,12,FRINGE,FRINGE,RECOVERY,28.6,140.0,False,5,1,False,True,False,False
박예지,11056,1,15,4,3,12,FRINGE,FRINGE,3,GREEN,GREEN,SHORT_GAME,1.7,28.6,False,5,1,False,True,False,False
박예지,11056,1,16,3,2,12,FRINGE,FRINGE,3,GREEN,GREEN,SHORT_GAME,1.5,7.7,False,3,0,True,False,False,
박예지,11056,1,17,4,2,2,ROUGH,ROUGH,3,GREEN,GREEN,RECOVERY,25.5,142.0,True,4,0,True,False,False,False
박예지,11056,1,18,5,2,2,ROUGH,ROUGH,1,FAIRWAY,FAIRWAY,RECOVERY,98.4,270.2,True,5,0,True,False,False,False
박예지,11056,1,18,5,3,1,FAIRWAY,FAIRWAY,3,GREEN,GREEN,NORMAL_APPROACH,9.0,98.4,True,5,0,True,False,False,False
박예지,11056,2,1,4,2,1,FAIRWAY,FAIRWAY,2,ROUGH,ROUGH,OTHER_UNRESOLVED,16.1,147.0,False,4,0,True,False,False,True
박예지,11056,2,1,4,3,2,ROUGH,ROUGH,3,GREEN,GREEN,RECOVERY,1.5,16.1,False,4,0,True,False,False,True
박예지,11056,2,3,4,2,1,FAIRWAY,FAIRWAY,2,ROUGH,ROUGH,OTHER_UNRESOLVED,32.5,177.5,False,4,0,True,False,False,True
박예지,11056,2,3,4,3,2,ROUGH,ROUGH,3,GREEN,GREEN,RECOVERY,1.0,32.5,False,4,0,True,False,False,True
박예지,11056,2,4,5,2,1,FAIRWAY,FAIRWAY,1,FAIRWAY,FAIRWAY,ADVANCE_LAYUP,106.2,298.8,True,5,0,True,False,False,True
박예지,11056,2,4,5,3,1,FAIRWAY,FAIRWAY,3,GREEN,GREEN,NORMAL_APPROACH,2.8,106.2,True,5,0,True,False,False,True
박예지,11056,2,5,3,2,2,ROUGH,ROUGH,3,GREEN,GREEN,RECOVERY,0.3,10.3,False,3,0,True,False,False,
박예지,11056,2,6,4,2,2,ROUGH,ROUGH,9,GREENSIDE_BUNKER,GREENSIDE_BUNKER,RECOVERY,16.2,154.2,False,5,1,False,True,False,False
박예지,11056,2,6,4,3,9,GREENSIDE_BUNKER,GREENSIDE_BUNKER,3,GREEN,GREEN,RECOVERY,8.0,16.2,False,5,1,False,True,False,False
박예지,11056,2,7,5,2,1,FAIRWAY,FAIRWAY,1,FAIRWAY,FAIRWAY,ADVANCE_LAYUP,87.6,298.5,True,5,0,True,False,False,True
박예지,11056,2,7,5,3,1,FAIRWAY,FAIRWAY,3,GREEN,GREEN,NORMAL_APPROACH,3.7,87.6,True,5,0,True,False,False,True
박예지,11056,2,8,4,2,7,LOST_BALL,LOST_BALL_PENALTY_RESTART,8,PENALTY_STROKE,LOST_BALL_PENALTY_RESTART,PENALTY_RESTART,357.8,357.8,False,6,2,False,True,True,False
박예지,11056,2,8,4,3,8,PENALTY_STROKE,LOST_BALL_PENALTY_RESTART,1,FAIRWAY,FAIRWAY,PENALTY_RESTART,137.7,357.8,False,6,2,False,True,True,False
박예지,11056,2,8,4,4,1,FAIRWAY,FAIRWAY,3,GREEN,GREEN,NORMAL_APPROACH,9.2,137.7,False,6,2,False,True,True,False
박예지,11056,2,9,4,2,2,ROUGH,ROUGH,2,ROUGH,ROUGH,RECOVERY,13.6,102.4,False,5,1,False,True,False,False
박예지,11056,2,9,4,3,2,ROUGH,ROUGH,12,FRINGE,FRINGE,RECOVERY,6.5,13.6,False,5,1,False,True,False,False
박예지,11056,2,9,4,4,12,FRINGE,FRINGE,3,GREEN,GREEN,SHORT_GAME,0.3,6.5,False,5,1,False,True,False,False
박예지,11056,2,10,5,2,1,FAIRWAY,FAIRWAY,1,FAIRWAY,FAIRWAY,ADVANCE_LAYUP,135.4,325.0,True,6,1,False,True,False,True
박예지,11056,2,10,5,3,1,FAIRWAY,FAIRWAY,3,GREEN,GREEN,NORMAL_APPROACH,9.0,135.4,True,6,1,False,True,False,True
박예지,11056,2,11,3,2,5,PENALTY_AREA,PENALTY_AREA,8,PENALTY_STROKE,LOST_BALL_PENALTY_RESTART,PENALTY_RESTART,111.8,0.0,False,4,1,False,True,False,
박예지,11056,2,11,3,3,8,PENALTY_STROKE,LOST_BALL_PENALTY_RESTART,3,GREEN,GREEN,PENALTY_RESTART,0.6,111.8,False,4,1,False,True,False,
박예지,11056,2,12,4,2,1,FAIRWAY,FAIRWAY,3,GREEN,GREEN,NORMAL_APPROACH,10.7,158.2,True,4,0,True,False,False,True
박예지,11056,2,13,4,2,1,FAIRWAY,FAIRWAY,3,GREEN,GREEN,NORMAL_APPROACH,7.8,114.8,True,4,0,True,False,False,True
박예지,11056,2,14,4,2,1,FAIRWAY,FAIRWAY,2,ROUGH,ROUGH,OTHER_UNRESOLVED,23.5,166.9,False,6,2,False,True,True,True
박예지,11056,2,14,4,3,2,ROUGH,ROUGH,3,GREEN,GREEN,RECOVERY,4.0,23.5,False,6,2,False,True,True,True
박예지,11056,2,15,4,2,1,FAIRWAY,FAIRWAY,2,ROUGH,ROUGH,OTHER_UNRESOLVED,12.5,140.3,False,5,1,False,True,False,True
박예지,11056,2,15,4,3,2,ROUGH,ROUGH,3,GREEN,GREEN,RECOVERY,1.3,12.5,False,5,1,False,True,False,True
박예지,11056,2,16,3,2,5,PENALTY_AREA,PENALTY_AREA,3,GREEN,GREEN,PENALTY_RESTART,0.9,13.1,False,3,0,True,False,False,
박예지,11056,2,17,4,2,1,FAIRWAY,FAIRWAY,3,GREEN,GREEN,NORMAL_APPROACH,9.1,138.6,True,4,0,True,False,False,True
박예지,11056,2,18,5,2,2,ROUGH,ROUGH,2,ROUGH,ROUGH,RECOVERY,260.0,276.7,False,8,3,False,True,True,False
박예지,11056,2,18,5,3,2,ROUGH,ROUGH,2,ROUGH,ROUGH,RECOVERY,144.4,260.0,False,8,3,False,True,True,False
박예지,11056,2,18,5,4,2,ROUGH,ROUGH,2,ROUGH,ROUGH,RECOVERY,95.4,144.4,False,8,3,False,True,True,False
박예지,11056,2,18,5,5,2,ROUGH,ROUGH,3,GREEN,GREEN,RECOVERY,14.0,95.4,False,8,3,False,True,True,False
송은아,11057,1,1,4,2,2,ROUGH,ROUGH,3,GREEN,GREEN,RECOVERY,5.8,152.3,True,4,0,True,False,False,False
송은아,11057,1,3,4,2,2,ROUGH,ROUGH,2,ROUGH,ROUGH,RECOVERY,8.9,184.2,False,4,0,True,False,False,False
송은아,11057,1,3,4,3,2,ROUGH,ROUGH,3,GREEN,GREEN,RECOVERY,3.6,8.9,False,4,0,True,False,False,False
송은아,11057,1,4,5,2,1,FAIRWAY,FAIRWAY,2,ROUGH,ROUGH,ADVANCE_LAYUP,102.6,294.4,False,6,1,False,True,False,True
송은아,11057,1,4,5,3,2,ROUGH,ROUGH,12,FRINGE,FRINGE,RECOVERY,8.0,102.6,False,6,1,False,True,False,True
송은아,11057,1,4,5,4,12,FRINGE,FRINGE,3,GREEN,GREEN,SHORT_GAME,1.4,8.0,False,6,1,False,True,False,True
송은아,11057,1,5,3,2,2,ROUGH,ROUGH,2,ROUGH,ROUGH,RECOVERY,10.5,18.8,False,4,1,False,True,False,
송은아,11057,1,5,3,3,2,ROUGH,ROUGH,3,GREEN,GREEN,RECOVERY,1.0,10.5,False,4,1,False,True,False,
송은아,11057,1,6,4,2,2,ROUGH,ROUGH,2,ROUGH,ROUGH,RECOVERY,14.4,163.6,False,5,1,False,True,False,False
송은아,11057,1,6,4,3,2,ROUGH,ROUGH,3,GREEN,GREEN,RECOVERY,2.7,14.4,False,5,1,False,True,False,False
송은아,11057,1,7,5,2,1,FAIRWAY,FAIRWAY,9,GREENSIDE_BUNKER,GREENSIDE_BUNKER,ADVANCE_LAYUP,28.8,244.9,True,5,0,True,False,False,True
송은아,11057,1,7,5,3,9,GREENSIDE_BUNKER,GREENSIDE_BUNKER,3,GREEN,GREEN,RECOVERY,3.6,28.8,True,5,0,True,False,False,True
송은아,11057,1,8,4,2,2,ROUGH,ROUGH,5,PENALTY_AREA,PENALTY_AREA,RECOVERY,0.0,125.5,False,7,3,False,True,True,False
송은아,11057,1,8,4,3,5,PENALTY_AREA,PENALTY_AREA,8,PENALTY_STROKE,LOST_BALL_PENALTY_RESTART,PENALTY_RESTART,70.8,0.0,False,7,3,False,True,True,False
송은아,11057,1,8,4,4,8,PENALTY_STROKE,LOST_BALL_PENALTY_RESTART,12,FRINGE,FRINGE,PENALTY_RESTART,16.3,70.8,False,7,3,False,True,True,False
송은아,11057,1,8,4,5,12,FRINGE,FRINGE,3,GREEN,GREEN,SHORT_GAME,3.0,16.3,False,7,3,False,True,True,False
송은아,11057,1,9,4,2,2,ROUGH,ROUGH,3,GREEN,GREEN,RECOVERY,21.4,156.7,True,5,1,False,True,False,False
송은아,11057,1,10,5,2,2,ROUGH,ROUGH,1,FAIRWAY,FAIRWAY,RECOVERY,105.0,289.1,False,5,0,True,False,False,False
송은아,11057,1,10,5,3,1,FAIRWAY,FAIRWAY,12,FRINGE,FRINGE,NORMAL_APPROACH,4.2,105.0,False,5,0,True,False,False,False
송은아,11057,1,10,5,4,12,FRINGE,FRINGE,3,GREEN,GREEN,SHORT_GAME,1.3,4.2,False,5,0,True,False,False,False
송은아,11057,1,12,4,2,1,FAIRWAY,FAIRWAY,2,ROUGH,ROUGH,OTHER_UNRESOLVED,10.0,133.3,False,5,1,False,True,False,True
송은아,11057,1,12,4,3,2,ROUGH,ROUGH,12,FRINGE,FRINGE,RECOVERY,6.1,10.0,False,5,1,False,True,False,True
송은아,11057,1,12,4,4,12,FRINGE,FRINGE,3,GREEN,GREEN,SHORT_GAME,0.9,6.1,False,5,1,False,True,False,True
송은아,11057,1,13,4,2,2,ROUGH,ROUGH,2,ROUGH,ROUGH,RECOVERY,31.0,115.6,False,4,0,True,False,False,False
송은아,11057,1,13,4,3,2,ROUGH,ROUGH,3,GREEN,GREEN,RECOVERY,7.5,31.0,False,4,0,True,False,False,False
송은아,11057,1,14,4,2,1,FAIRWAY,FAIRWAY,3,GREEN,GREEN,NORMAL_APPROACH,8.1,149.0,True,4,0,True,False,False,True
송은아,11057,1,15,4,2,1,FAIRWAY,FAIRWAY,3,GREEN,GREEN,NORMAL_APPROACH,5.8,136.1,True,4,0,True,False,False,True
송은아,11057,1,17,4,2,2,ROUGH,ROUGH,3,GREEN,GREEN,RECOVERY,3.8,116.0,True,3,-1,True,False,False,False
송은아,11057,1,18,5,2,2,ROUGH,ROUGH,1,FAIRWAY,FAIRWAY,RECOVERY,70.9,275.3,False,5,0,True,False,False,False
송은아,11057,1,18,5,3,1,FAIRWAY,FAIRWAY,2,ROUGH,ROUGH,ADVANCE_LAYUP,8.9,70.9,False,5,0,True,False,False,False
송은아,11057,1,18,5,4,2,ROUGH,ROUGH,3,GREEN,GREEN,RECOVERY,0.9,8.9,False,5,0,True,False,False,False
송은아,11057,2,1,4,2,2,ROUGH,ROUGH,3,GREEN,GREEN,RECOVERY,10.1,141.6,True,4,0,True,False,False,False
송은아,11057,2,3,4,2,1,FAIRWAY,FAIRWAY,12,FRINGE,FRINGE,NORMAL_APPROACH,19.4,167.6,False,5,1,False,True,False,True
송은아,11057,2,3,4,3,12,FRINGE,FRINGE,3,GREEN,GREEN,SHORT_GAME,3.1,19.4,False,5,1,False,True,False,True
송은아,11057,2,4,5,2,2,ROUGH,ROUGH,1,FAIRWAY,FAIRWAY,RECOVERY,87.9,282.3,True,4,-1,True,False,False,False
송은아,11057,2,4,5,3,1,FAIRWAY,FAIRWAY,3,GREEN,GREEN,NORMAL_APPROACH,6.3,87.9,True,4,-1,True,False,False,False
송은아,11057,2,5,3,2,9,GREENSIDE_BUNKER,GREENSIDE_BUNKER,12,FRINGE,FRINGE,RECOVERY,5.8,17.7,False,3,0,True,False,False,
송은아,11057,2,5,3,3,12,FRINGE,FRINGE,10,HOLED,HOLED,SHORT_GAME,0.0,5.8,False,3,0,True,False,False,
송은아,11057,2,6,4,2,1,FAIRWAY,FAIRWAY,9,GREENSIDE_BUNKER,GREENSIDE_BUNKER,OTHER_UNRESOLVED,22.0,138.7,False,5,1,False,True,False,True
송은아,11057,2,6,4,3,9,GREENSIDE_BUNKER,GREENSIDE_BUNKER,12,FRINGE,FRINGE,RECOVERY,4.2,22.0,False,5,1,False,True,False,True
송은아,11057,2,6,4,4,12,FRINGE,FRINGE,3,GREEN,GREEN,SHORT_GAME,1.3,4.2,False,5,1,False,True,False,True
송은아,11057,2,7,5,2,2,ROUGH,ROUGH,2,ROUGH,ROUGH,RECOVERY,198.7,276.9,True,5,0,True,False,False,False
송은아,11057,2,7,5,3,2,ROUGH,ROUGH,3,GREEN,GREEN,RECOVERY,19.4,198.7,True,5,0,True,False,False,False
송은아,11057,2,8,4,2,1,FAIRWAY,FAIRWAY,3,GREEN,GREEN,NORMAL_APPROACH,2.1,114.1,True,3,-1,True,False,False,True
송은아,11057,2,9,4,2,2,ROUGH,ROUGH,3,GREEN,GREEN,RECOVERY,15.7,159.8,True,4,0,True,False,False,False
송은아,11057,2,10,5,2,1,FAIRWAY,FAIRWAY,2,ROUGH,ROUGH,ADVANCE_LAYUP,103.6,307.2,False,5,0,True,False,False,True
송은아,11057,2,10,5,3,2,ROUGH,ROUGH,12,FRINGE,FRINGE,RECOVERY,20.8,103.6,False,5,0,True,False,False,True
송은아,11057,2,10,5,4,12,FRINGE,FRINGE,3,GREEN,GREEN,SHORT_GAME,1.7,20.8,False,5,0,True,False,False,True
송은아,11057,2,11,3,2,2,ROUGH,ROUGH,3,GREEN,GREEN,RECOVERY,0.3,15.1,False,3,0,True,False,False,
송은아,11057,2,12,4,2,1,FAIRWAY,FAIRWAY,9,GREENSIDE_BUNKER,GREENSIDE_BUNKER,OTHER_UNRESOLVED,36.0,172.6,False,5,1,False,True,False,True
송은아,11057,2,12,4,3,9,GREENSIDE_BUNKER,GREENSIDE_BUNKER,3,GREEN,GREEN,RECOVERY,13.1,36.0,False,5,1,False,True,False,True
송은아,11057,2,13,4,2,6,BUNKER,BUNKER,12,FRINGE,FRINGE,RECOVERY,15.3,74.9,False,4,0,True,False,False,False
송은아,11057,2,13,4,3,12,FRINGE,FRINGE,3,GREEN,GREEN,SHORT_GAME,2.6,15.3,False,4,0,True,False,False,False
송은아,11057,2,14,4,2,2,ROUGH,ROUGH,2,ROUGH,ROUGH,RECOVERY,88.4,144.6,False,6,2,False,True,True,False
송은아,11057,2,14,4,3,2,ROUGH,ROUGH,1,FAIRWAY,FAIRWAY,RECOVERY,70.5,88.4,False,6,2,False,True,True,False
송은아,11057,2,14,4,4,1,FAIRWAY,FAIRWAY,3,GREEN,GREEN,NORMAL_APPROACH,10.4,70.5,False,6,2,False,True,True,False
송은아,11057,2,15,4,2,1,FAIRWAY,FAIRWAY,3,GREEN,GREEN,NORMAL_APPROACH,4.5,131.8,True,4,0,True,False,False,True
송은아,11057,2,17,4,2,2,ROUGH,ROUGH,1,FAIRWAY,FAIRWAY,RECOVERY,84.0,156.3,False,5,1,False,True,False,False
송은아,11057,2,17,4,3,1,FAIRWAY,FAIRWAY,3,GREEN,GREEN,NORMAL_APPROACH,12.3,84.0,False,5,1,False,True,False,False
송은아,11057,2,18,5,2,1,FAIRWAY,FAIRWAY,1,FAIRWAY,FAIRWAY,ADVANCE_LAYUP,83.5,250.8,True,5,0,True,False,False,True
송은아,11057,2,18,5,3,1,FAIRWAY,FAIRWAY,3,GREEN,GREEN,NORMAL_APPROACH,5.3,83.5,True,5,0,True,False,False,True
안재희,11060,1,1,4,2,6,BUNKER,BUNKER,2,ROUGH,ROUGH,RECOVERY,58.6,176.0,False,5,1,False,True,False,False
안재희,11060,1,1,4,3,2,ROUGH,ROUGH,3,GREEN,GREEN,RECOVERY,6.5,58.6,False,5,1,False,True,False,False
안재희,11060,1,3,4,2,2,ROUGH,ROUGH,2,ROUGH,ROUGH,RECOVERY,46.4,181.9,False,4,0,True,False,False,False
안재희,11060,1,3,4,3,2,ROUGH,ROUGH,3,GREEN,GREEN,RECOVERY,0.5,46.4,False,4,0,True,False,False,False
안재희,11060,1,4,5,2,2,ROUGH,ROUGH,2,ROUGH,ROUGH,RECOVERY,101.2,286.6,False,5,0,True,False,False,False
안재희,11060,1,4,5,3,2,ROUGH,ROUGH,2,ROUGH,ROUGH,RECOVERY,12.1,101.2,False,5,0,True,False,False,False
안재희,11060,1,4,5,4,2,ROUGH,ROUGH,3,GREEN,GREEN,RECOVERY,3.3,12.1,False,5,0,True,False,False,False
안재희,11060,1,5,3,2,9,GREENSIDE_BUNKER,GREENSIDE_BUNKER,3,GREEN,GREEN,RECOVERY,0.9,15.5,False,3,0,True,False,False,
안재희,11060,1,6,4,2,1,FAIRWAY,FAIRWAY,3,GREEN,GREEN,NORMAL_APPROACH,7.4,152.0,True,4,0,True,False,False,True
안재희,11060,1,7,5,2,6,BUNKER,BUNKER,1,FAIRWAY,FAIRWAY,RECOVERY,122.6,266.9,True,5,0,True,False,False,False
안재희,11060,1,7,5,3,1,FAIRWAY,FAIRWAY,3,GREEN,GREEN,NORMAL_APPROACH,3.6,122.6,True,5,0,True,False,False,False
안재희,11060,1,8,4,2,2,ROUGH,ROUGH,2,ROUGH,ROUGH,RECOVERY,161.5,174.9,False,5,1,False,True,False,False
안재희,11060,1,8,4,3,2,ROUGH,ROUGH,3,GREEN,GREEN,RECOVERY,7.1,161.5,False,5,1,False,True,False,False
안재희,11060,1,9,4,2,1,FAIRWAY,FAIRWAY,3,GREEN,GREEN,NORMAL_APPROACH,8.1,140.3,True,4,0,True,False,False,True
안재희,11060,1,10,5,2,2,ROUGH,ROUGH,2,ROUGH,ROUGH,RECOVERY,133.4,300.2,True,4,-1,True,False,False,False
안재희,11060,1,10,5,3,2,ROUGH,ROUGH,3,GREEN,GREEN,RECOVERY,6.7,133.4,True,4,-1,True,False,False,False
안재희,11060,1,12,4,2,2,ROUGH,ROUGH,2,ROUGH,ROUGH,RECOVERY,100.0,133.6,False,5,1,False,True,False,False
안재희,11060,1,12,4,3,2,ROUGH,ROUGH,3,GREEN,GREEN,RECOVERY,10.7,100.0,False,5,1,False,True,False,False
안재희,11060,1,13,4,2,2,ROUGH,ROUGH,3,GREEN,GREEN,RECOVERY,14.2,113.1,True,4,0,True,False,False,False
안재희,11060,1,14,4,2,1,FAIRWAY,FAIRWAY,3,GREEN,GREEN,NORMAL_APPROACH,12.7,135.6,True,4,0,True,False,False,True
안재희,11060,1,15,4,2,2,ROUGH,ROUGH,3,GREEN,GREEN,RECOVERY,12.0,152.8,True,4,0,True,False,False,False
안재희,11060,1,16,3,2,2,ROUGH,ROUGH,3,GREEN,GREEN,RECOVERY,2.1,12.8,False,4,1,False,True,False,
안재희,11060,1,17,4,2,2,ROUGH,ROUGH,3,GREEN,GREEN,RECOVERY,8.2,136.5,True,4,0,True,False,False,False
안재희,11060,1,18,5,2,1,FAIRWAY,FAIRWAY,1,FAIRWAY,FAIRWAY,ADVANCE_LAYUP,98.6,279.6,True,5,0,True,False,False,True
안재희,11060,1,18,5,3,1,FAIRWAY,FAIRWAY,3,GREEN,GREEN,NORMAL_APPROACH,8.4,98.6,True,5,0,True,False,False,True
안재희,11060,2,1,4,2,2,ROUGH,ROUGH,2,ROUGH,ROUGH,RECOVERY,27.8,150.0,False,5,1,False,True,False,False
안재희,11060,2,1,4,3,2,ROUGH,ROUGH,3,GREEN,GREEN,RECOVERY,5.1,27.8,False,5,1,False,True,False,False
안재희,11060,2,2,3,2,5,PENALTY_AREA,PENALTY_AREA,8,PENALTY_STROKE,LOST_BALL_PENALTY_RESTART,PENALTY_RESTART,68.1,0.0,False,5,2,False,True,True,
안재희,11060,2,2,3,3,8,PENALTY_STROKE,LOST_BALL_PENALTY_RESTART,3,GREEN,GREEN,PENALTY_RESTART,11.6,68.1,False,5,2,False,True,True,
안재희,11060,2,3,4,2,1,FAIRWAY,FAIRWAY,3,GREEN,GREEN,NORMAL_APPROACH,16.2,182.4,True,4,0,True,False,False,True
안재희,11060,2,4,5,2,2,ROUGH,ROUGH,1,FAIRWAY,FAIRWAY,RECOVERY,129.1,299.4,True,5,0,True,False,False,False
안재희,11060,2,4,5,3,1,FAIRWAY,FAIRWAY,3,GREEN,GREEN,NORMAL_APPROACH,7.2,129.1,True,5,0,True,False,False,False
안재희,11060,2,6,4,2,1,FAIRWAY,FAIRWAY,3,GREEN,GREEN,NORMAL_APPROACH,2.3,143.6,True,3,-1,True,False,False,True
안재희,11060,2,7,5,2,1,FAIRWAY,FAIRWAY,2,ROUGH,ROUGH,ADVANCE_LAYUP,92.9,286.3,True,5,0,True,False,False,True
안재희,11060,2,7,5,3,2,ROUGH,ROUGH,3,GREEN,GREEN,RECOVERY,19.3,92.9,True,5,0,True,False,False,True
안재희,11060,2,8,4,2,1,FAIRWAY,FAIRWAY,5,PENALTY_AREA,PENALTY_AREA,OTHER_UNRESOLVED,0.0,131.5,False,6,2,False,True,True,True
안재희,11060,2,8,4,3,5,PENALTY_AREA,PENALTY_AREA,8,PENALTY_STROKE,LOST_BALL_PENALTY_RESTART,PENALTY_RESTART,93.3,0.0,False,6,2,False,True,True,True
안재희,11060,2,8,4,4,8,PENALTY_STROKE,LOST_BALL_PENALTY_RESTART,12,FRINGE,FRINGE,PENALTY_RESTART,4.5,93.3,False,6,2,False,True,True,True
안재희,11060,2,8,4,5,12,FRINGE,FRINGE,3,GREEN,GREEN,SHORT_GAME,0.8,4.5,False,6,2,False,True,True,True
안재희,11060,2,9,4,2,2,ROUGH,ROUGH,2,ROUGH,ROUGH,RECOVERY,92.4,121.2,False,5,1,False,True,False,False
안재희,11060,2,9,4,3,2,ROUGH,ROUGH,3,GREEN,GREEN,RECOVERY,13.7,92.4,False,5,1,False,True,False,False
안재희,11060,2,10,5,2,2,ROUGH,ROUGH,1,FAIRWAY,FAIRWAY,RECOVERY,149.4,320.6,True,5,0,True,False,False,False
안재희,11060,2,10,5,3,1,FAIRWAY,FAIRWAY,3,GREEN,GREEN,NORMAL_APPROACH,7.9,149.4,True,5,0,True,False,False,False
안재희,11060,2,12,4,2,2,ROUGH,ROUGH,1,FAIRWAY,FAIRWAY,RECOVERY,129.5,220.5,False,5,1,False,True,False,False
안재희,11060,2,12,4,3,1,FAIRWAY,FAIRWAY,3,GREEN,GREEN,NORMAL_APPROACH,11.9,129.5,False,5,1,False,True,False,False
안재희,11060,2,13,4,2,1,FAIRWAY,FAIRWAY,3,GREEN,GREEN,NORMAL_APPROACH,1.5,91.0,True,3,-1,True,False,False,True
안재희,11060,2,14,4,2,2,ROUGH,ROUGH,2,ROUGH,ROUGH,RECOVERY,43.8,151.1,False,4,0,True,False,False,False
안재희,11060,2,14,4,3,2,ROUGH,ROUGH,3,GREEN,GREEN,RECOVERY,3.7,43.8,False,4,0,True,False,False,False
안재희,11060,2,15,4,2,1,FAIRWAY,FAIRWAY,12,FRINGE,FRINGE,NORMAL_APPROACH,10.9,148.7,False,4,0,True,False,False,True
안재희,11060,2,15,4,3,12,FRINGE,FRINGE,3,GREEN,GREEN,SHORT_GAME,0.7,10.9,False,4,0,True,False,False,True
안재희,11060,2,17,4,2,2,ROUGH,ROUGH,2,ROUGH,ROUGH,RECOVERY,25.8,144.7,False,5,1,False,True,False,False
안재희,11060,2,17,4,3,2,ROUGH,ROUGH,3,GREEN,GREEN,RECOVERY,2.0,25.8,False,5,1,False,True,False,False
안재희,11060,2,18,5,2,1,FAIRWAY,FAIRWAY,2,ROUGH,ROUGH,ADVANCE_LAYUP,79.9,263.8,True,5,0,True,False,False,True
안재희,11060,2,18,5,3,2,ROUGH,ROUGH,3,GREEN,GREEN,RECOVERY,6.9,79.9,True,5,0,True,False,False,True
안재희,11060,3,1,4,2,1,FAIRWAY,FAIRWAY,3,GREEN,GREEN,NORMAL_APPROACH,9.6,174.9,True,5,1,False,True,False,True
안재희,11060,3,3,4,2,1,FAIRWAY,FAIRWAY,3,GREEN,GREEN,NORMAL_APPROACH,12.3,200.0,True,4,0,True,False,False,True
안재희,11060,3,4,5,2,1,FAIRWAY,FAIRWAY,2,ROUGH,ROUGH,ADVANCE_LAYUP,102.8,295.0,True,5,0,True,False,False,True
안재희,11060,3,4,5,3,2,ROUGH,ROUGH,3,GREEN,GREEN,RECOVERY,4.1,102.8,True,5,0,True,False,False,True
안재희,11060,3,5,3,2,12,FRINGE,FRINGE,3,GREEN,GREEN,SHORT_GAME,0.3,6.1,False,3,0,True,False,False,
안재희,11060,3,6,4,2,1,FAIRWAY,FAIRWAY,3,GREEN,GREEN,NORMAL_APPROACH,8.7,168.8,True,4,0,True,False,False,True
안재희,11060,3,7,5,2,1,FAIRWAY,FAIRWAY,1,FAIRWAY,FAIRWAY,ADVANCE_LAYUP,91.9,300.1,True,5,0,True,False,False,True
안재희,11060,3,7,5,3,1,FAIRWAY,FAIRWAY,3,GREEN,GREEN,NORMAL_APPROACH,5.4,91.9,True,5,0,True,False,False,True
안재희,11060,3,8,4,2,1,FAIRWAY,FAIRWAY,3,GREEN,GREEN,NORMAL_APPROACH,4.9,131.1,True,3,-1,True,False,False,True
안재희,11060,3,9,4,2,2,ROUGH,ROUGH,2,ROUGH,ROUGH,RECOVERY,48.0,114.4,False,5,1,False,True,False,False
안재희,11060,3,9,4,3,2,ROUGH,ROUGH,3,GREEN,GREEN,RECOVERY,10.1,48.0,False,5,1,False,True,False,False
안재희,11060,3,10,5,2,1,FAIRWAY,FAIRWAY,2,ROUGH,ROUGH,ADVANCE_LAYUP,113.4,303.9,True,6,1,False,True,False,True
안재희,11060,3,10,5,3,2,ROUGH,ROUGH,3,GREEN,GREEN,RECOVERY,10.7,113.4,True,6,1,False,True,False,True
안재희,11060,3,11,3,2,2,ROUGH,ROUGH,3,GREEN,GREEN,RECOVERY,1.7,13.2,False,4,1,False,True,False,
안재희,11060,3,12,4,2,1,FAIRWAY,FAIRWAY,3,GREEN,GREEN,NORMAL_APPROACH,4.8,152.4,True,4,0,True,False,False,True
안재희,11060,3,13,4,2,2,ROUGH,ROUGH,2,ROUGH,ROUGH,RECOVERY,12.6,137.8,False,4,0,True,False,False,False
안재희,11060,3,13,4,3,2,ROUGH,ROUGH,3,GREEN,GREEN,RECOVERY,1.1,12.6,False,4,0,True,False,False,False
안재희,11060,3,14,4,2,1,FAIRWAY,FAIRWAY,3,GREEN,GREEN,NORMAL_APPROACH,11.3,142.7,True,4,0,True,False,False,True
안재희,11060,3,15,4,2,1,FAIRWAY,FAIRWAY,12,FRINGE,FRINGE,NORMAL_APPROACH,15.7,167.8,False,5,1,False,True,False,True
안재희,11060,3,15,4,3,12,FRINGE,FRINGE,3,GREEN,GREEN,SHORT_GAME,0.8,15.7,False,5,1,False,True,False,True
안재희,11060,3,17,4,2,2,ROUGH,ROUGH,9,GREENSIDE_BUNKER,GREENSIDE_BUNKER,RECOVERY,15.1,129.6,False,5,1,False,True,False,False
안재희,11060,3,17,4,3,9,GREENSIDE_BUNKER,GREENSIDE_BUNKER,3,GREEN,GREEN,RECOVERY,10.3,15.1,False,5,1,False,True,False,False
안재희,11060,3,18,5,2,1,FAIRWAY,FAIRWAY,1,FAIRWAY,FAIRWAY,ADVANCE_LAYUP,98.7,272.4,True,5,0,True,False,False,True
안재희,11060,3,18,5,3,1,FAIRWAY,FAIRWAY,3,GREEN,GREEN,NORMAL_APPROACH,7.6,98.7,True,5,0,True,False,False,True
안재희,11060,4,1,4,2,2,ROUGH,ROUGH,3,GREEN,GREEN,RECOVERY,14.8,166.2,True,4,0,True,False,False,False
안재희,11060,4,3,4,2,2,ROUGH,ROUGH,2,ROUGH,ROUGH,RECOVERY,21.5,183.2,False,6,2,False,True,True,False
안재희,11060,4,3,4,3,2,ROUGH,ROUGH,9,GREENSIDE_BUNKER,GREENSIDE_BUNKER,RECOVERY,20.9,21.5,False,6,2,False,True,True,False
안재희,11060,4,3,4,4,9,GREENSIDE_BUNKER,GREENSIDE_BUNKER,3,GREEN,GREEN,RECOVERY,3.5,20.9,False,6,2,False,True,True,False
안재희,11060,4,4,5,2,1,FAIRWAY,FAIRWAY,2,ROUGH,ROUGH,ADVANCE_LAYUP,91.5,292.6,True,5,0,True,False,False,True
안재희,11060,4,4,5,3,2,ROUGH,ROUGH,3,GREEN,GREEN,RECOVERY,11.1,91.5,True,5,0,True,False,False,True
안재희,11060,4,6,4,2,2,ROUGH,ROUGH,3,GREEN,GREEN,RECOVERY,17.7,144.5,True,4,0,True,False,False,False
안재희,11060,4,7,5,2,1,FAIRWAY,FAIRWAY,1,FAIRWAY,FAIRWAY,ADVANCE_LAYUP,83.1,284.7,True,5,0,True,False,False,True
안재희,11060,4,7,5,3,1,FAIRWAY,FAIRWAY,3,GREEN,GREEN,NORMAL_APPROACH,2.5,83.1,True,5,0,True,False,False,True
안재희,11060,4,8,4,2,2,ROUGH,ROUGH,2,ROUGH,ROUGH,RECOVERY,17.7,150.1,False,4,0,True,False,False,False
안재희,11060,4,8,4,3,2,ROUGH,ROUGH,3,GREEN,GREEN,RECOVERY,0.4,17.7,False,4,0,True,False,False,False
안재희,11060,4,9,4,2,1,FAIRWAY,FAIRWAY,3,GREEN,GREEN,NORMAL_APPROACH,8.3,91.2,True,4,0,True,False,False,True
안재희,11060,4,10,5,2,1,FAIRWAY,FAIRWAY,2,ROUGH,ROUGH,ADVANCE_LAYUP,120.4,295.6,True,5,0,True,False,False,True
안재희,11060,4,10,5,3,2,ROUGH,ROUGH,3,GREEN,GREEN,RECOVERY,13.6,120.4,True,5,0,True,False,False,True
안재희,11060,4,12,4,2,2,ROUGH,ROUGH,2,ROUGH,ROUGH,RECOVERY,14.4,145.0,False,5,1,False,True,False,False
안재희,11060,4,12,4,3,2,ROUGH,ROUGH,3,GREEN,GREEN,RECOVERY,2.4,14.4,False,5,1,False,True,False,False
안재희,11060,4,13,4,2,2,ROUGH,ROUGH,12,FRINGE,FRINGE,RECOVERY,15.9,123.4,False,5,1,False,True,False,False
안재희,11060,4,13,4,3,12,FRINGE,FRINGE,3,GREEN,GREEN,SHORT_GAME,1.7,15.9,False,5,1,False,True,False,False
안재희,11060,4,14,4,2,2,ROUGH,ROUGH,2,ROUGH,ROUGH,RECOVERY,123.6,164.2,False,4,0,True,False,False,False
안재희,11060,4,14,4,3,2,ROUGH,ROUGH,12,FRINGE,FRINGE,RECOVERY,13.2,123.6,False,4,0,True,False,False,False
안재희,11060,4,14,4,4,12,FRINGE,FRINGE,10,HOLED,HOLED,SHORT_GAME,0.0,13.2,False,4,0,True,False,False,False
안재희,11060,4,15,4,2,1,FAIRWAY,FAIRWAY,2,ROUGH,ROUGH,OTHER_UNRESOLVED,19.4,170.3,False,4,0,True,False,False,True
안재희,11060,4,15,4,3,2,ROUGH,ROUGH,3,GREEN,GREEN,RECOVERY,0.2,19.4,False,4,0,True,False,False,True
안재희,11060,4,17,4,2,1,FAIRWAY,FAIRWAY,3,GREEN,GREEN,NORMAL_APPROACH,0.5,112.8,True,3,-1,True,False,False,True
안재희,11060,4,18,5,2,2,ROUGH,ROUGH,1,FAIRWAY,FAIRWAY,RECOVERY,97.0,280.2,True,5,0,True,False,False,False
안재희,11060,4,18,5,3,1,FAIRWAY,FAIRWAY,3,GREEN,GREEN,NORMAL_APPROACH,5.4,97.0,True,5,0,True,False,False,False
유서연2,11066,1,1,4,2,1,FAIRWAY,FAIRWAY,2,ROUGH,ROUGH,OTHER_UNRESOLVED,13.1,185.8,False,4,0,True,False,False,True
유서연2,11066,1,1,4,3,2,ROUGH,ROUGH,3,GREEN,GREEN,RECOVERY,1.4,13.1,False,4,0,True,False,False,True
유서연2,11066,1,3,4,2,1,FAIRWAY,FAIRWAY,2,ROUGH,ROUGH,OTHER_UNRESOLVED,14.2,190.3,False,4,0,True,False,False,True
유서연2,11066,1,3,4,3,2,ROUGH,ROUGH,3,GREEN,GREEN,RECOVERY,0.4,14.2,False,4,0,True,False,False,True
유서연2,11066,1,4,5,2,1,FAIRWAY,FAIRWAY,2,ROUGH,ROUGH,ADVANCE_LAYUP,87.8,295.5,True,4,-1,True,False,False,True
유서연2,11066,1,4,5,3,2,ROUGH,ROUGH,3,GREEN,GREEN,RECOVERY,1.8,87.8,True,4,-1,True,False,False,True
유서연2,11066,1,6,4,2,2,ROUGH,ROUGH,9,GREENSIDE_BUNKER,GREENSIDE_BUNKER,RECOVERY,31.4,168.7,False,7,3,False,True,True,False
유서연2,11066,1,6,4,3,9,GREENSIDE_BUNKER,GREENSIDE_BUNKER,7,LOST_BALL,LOST_BALL_PENALTY_RESTART,RECOVERY,31.4,31.4,False,7,3,False,True,True,False
유서연2,11066,1,6,4,4,7,LOST_BALL,LOST_BALL_PENALTY_RESTART,8,PENALTY_STROKE,LOST_BALL_PENALTY_RESTART,PENALTY_RESTART,31.4,31.4,False,7,3,False,True,True,False
유서연2,11066,1,6,4,5,8,PENALTY_STROKE,LOST_BALL_PENALTY_RESTART,3,GREEN,GREEN,PENALTY_RESTART,11.3,31.4,False,7,3,False,True,True,False
유서연2,11066,1,7,5,2,1,FAIRWAY,FAIRWAY,2,ROUGH,ROUGH,ADVANCE_LAYUP,69.6,276.2,True,5,0,True,False,False,True
유서연2,11066,1,7,5,3,2,ROUGH,ROUGH,3,GREEN,GREEN,RECOVERY,7.0,69.6,True,5,0,True,False,False,True
유서연2,11066,1,8,4,2,1,FAIRWAY,FAIRWAY,3,GREEN,GREEN,NORMAL_APPROACH,22.7,161.8,True,4,0,True,False,False,True
유서연2,11066,1,9,4,2,1,FAIRWAY,FAIRWAY,12,FRINGE,FRINGE,NORMAL_APPROACH,12.8,140.4,False,4,0,True,False,False,True
유서연2,11066,1,9,4,3,12,FRINGE,FRINGE,3,GREEN,GREEN,SHORT_GAME,0.3,12.8,False,4,0,True,False,False,True
유서연2,11066,1,10,5,2,4,OB,LOST_BALL_PENALTY_RESTART,8,PENALTY_STROKE,LOST_BALL_PENALTY_RESTART,PENALTY_RESTART,542.2,0.0,False,7,2,False,True,True,False
유서연2,11066,1,10,5,3,8,PENALTY_STROKE,LOST_BALL_PENALTY_RESTART,1,FAIRWAY,FAIRWAY,PENALTY_RESTART,318.3,542.2,False,7,2,False,True,True,False
유서연2,11066,1,10,5,4,1,FAIRWAY,FAIRWAY,2,ROUGH,ROUGH,ADVANCE_LAYUP,117.6,318.3,False,7,2,False,True,True,False
유서연2,11066,1,10,5,5,2,ROUGH,ROUGH,3,GREEN,GREEN,RECOVERY,23.3,117.6,False,7,2,False,True,True,False
유서연2,11066,1,12,4,2,2,ROUGH,ROUGH,2,ROUGH,ROUGH,RECOVERY,11.8,138.1,False,4,0,True,False,False,False
유서연2,11066,1,12,4,3,2,ROUGH,ROUGH,3,GREEN,GREEN,RECOVERY,2.8,11.8,False,4,0,True,False,False,False
유서연2,11066,1,13,4,2,1,FAIRWAY,FAIRWAY,3,GREEN,GREEN,NORMAL_APPROACH,7.9,121.1,True,4,0,True,False,False,True
유서연2,11066,1,14,4,2,1,FAIRWAY,FAIRWAY,3,GREEN,GREEN,NORMAL_APPROACH,6.7,128.5,True,4,0,True,False,False,True
유서연2,11066,1,15,4,2,1,FAIRWAY,FAIRWAY,3,GREEN,GREEN,NORMAL_APPROACH,23.1,150.9,True,4,0,True,False,False,True
유서연2,11066,1,17,4,2,2,ROUGH,ROUGH,2,ROUGH,ROUGH,RECOVERY,13.5,155.3,False,5,1,False,True,False,False
유서연2,11066,1,17,4,3,2,ROUGH,ROUGH,3,GREEN,GREEN,RECOVERY,4.0,13.5,False,5,1,False,True,False,False
유서연2,11066,1,18,5,2,2,ROUGH,ROUGH,1,FAIRWAY,FAIRWAY,RECOVERY,117.0,298.7,True,4,-1,True,False,False,False
유서연2,11066,1,18,5,3,1,FAIRWAY,FAIRWAY,3,GREEN,GREEN,NORMAL_APPROACH,6.4,117.0,True,4,-1,True,False,False,False
유서연2,11066,2,1,4,2,2,ROUGH,ROUGH,9,GREENSIDE_BUNKER,GREENSIDE_BUNKER,RECOVERY,21.7,195.9,False,5,1,False,True,False,False
유서연2,11066,2,1,4,3,9,GREENSIDE_BUNKER,GREENSIDE_BUNKER,3,GREEN,GREEN,RECOVERY,19.7,21.7,False,5,1,False,True,False,False
유서연2,11066,2,3,4,2,1,FAIRWAY,FAIRWAY,9,GREENSIDE_BUNKER,GREENSIDE_BUNKER,OTHER_UNRESOLVED,22.5,191.9,False,5,1,False,True,False,True
유서연2,11066,2,3,4,3,9,GREENSIDE_BUNKER,GREENSIDE_BUNKER,9,GREENSIDE_BUNKER,GREENSIDE_BUNKER,RECOVERY,24.8,22.5,False,5,1,False,True,False,True
유서연2,11066,2,3,4,4,9,GREENSIDE_BUNKER,GREENSIDE_BUNKER,3,GREEN,GREEN,RECOVERY,3.5,24.8,False,5,1,False,True,False,True
유서연2,11066,2,4,5,2,1,FAIRWAY,FAIRWAY,1,FAIRWAY,FAIRWAY,ADVANCE_LAYUP,102.4,297.9,True,5,0,True,False,False,True
유서연2,11066,2,4,5,3,1,FAIRWAY,FAIRWAY,3,GREEN,GREEN,NORMAL_APPROACH,5.9,102.4,True,5,0,True,False,False,True
유서연2,11066,2,6,4,2,2,ROUGH,ROUGH,2,ROUGH,ROUGH,RECOVERY,26.0,158.9,False,5,1,False,True,False,False
유서연2,11066,2,6,4,3,2,ROUGH,ROUGH,3,GREEN,GREEN,RECOVERY,3.3,26.0,False,5,1,False,True,False,False
유서연2,11066,2,7,5,2,2,ROUGH,ROUGH,1,FAIRWAY,FAIRWAY,RECOVERY,96.5,291.4,True,4,-1,True,False,False,False
유서연2,11066,2,7,5,3,1,FAIRWAY,FAIRWAY,3,GREEN,GREEN,NORMAL_APPROACH,4.2,96.5,True,4,-1,True,False,False,False
유서연2,11066,2,8,4,2,1,FAIRWAY,FAIRWAY,3,GREEN,GREEN,NORMAL_APPROACH,7.5,134.0,True,4,0,True,False,False,True
유서연2,11066,2,9,4,2,2,ROUGH,ROUGH,3,GREEN,GREEN,RECOVERY,6.7,128.5,True,3,-1,True,False,False,False
유서연2,11066,2,10,5,2,2,ROUGH,ROUGH,1,FAIRWAY,FAIRWAY,RECOVERY,138.4,324.9,False,6,1,False,True,False,False
유서연2,11066,2,10,5,3,1,FAIRWAY,FAIRWAY,12,FRINGE,FRINGE,NORMAL_APPROACH,14.9,138.4,False,6,1,False,True,False,False
유서연2,11066,2,10,5,4,12,FRINGE,FRINGE,3,GREEN,GREEN,SHORT_GAME,2.7,14.9,False,6,1,False,True,False,False
유서연2,11066,2,12,4,2,2,ROUGH,ROUGH,3,GREEN,GREEN,RECOVERY,13.6,169.0,True,5,1,False,True,False,False
유서연2,11066,2,13,4,2,1,FAIRWAY,FAIRWAY,3,GREEN,GREEN,NORMAL_APPROACH,3.7,105.4,True,4,0,True,False,False,True
유서연2,11066,2,14,4,2,2,ROUGH,ROUGH,3,GREEN,GREEN,RECOVERY,7.9,145.4,True,4,0,True,False,False,False
유서연2,11066,2,15,4,2,1,FAIRWAY,FAIRWAY,2,ROUGH,ROUGH,OTHER_UNRESOLVED,13.5,155.9,False,4,0,True,False,False,True
유서연2,11066,2,15,4,3,2,ROUGH,ROUGH,3,GREEN,GREEN,RECOVERY,1.2,13.5,False,4,0,True,False,False,True
유서연2,11066,2,17,4,2,2,ROUGH,ROUGH,3,GREEN,GREEN,RECOVERY,9.2,165.4,True,4,0,True,False,False,False
유서연2,11066,2,18,5,2,1,FAIRWAY,FAIRWAY,2,ROUGH,ROUGH,ADVANCE_LAYUP,132.5,287.5,False,6,1,False,True,False,True
유서연2,11066,2,18,5,3,2,ROUGH,ROUGH,1,FAIRWAY,FAIRWAY,RECOVERY,78.1,132.5,False,6,1,False,True,False,True
유서연2,11066,2,18,5,4,1,FAIRWAY,FAIRWAY,2,ROUGH,ROUGH,ADVANCE_LAYUP,9.6,78.1,False,6,1,False,True,False,True
유서연2,11066,2,18,5,5,2,ROUGH,ROUGH,3,GREEN,GREEN,RECOVERY,1.3,9.6,False,6,1,False,True,False,True
유서연2,11066,3,1,4,2,1,FAIRWAY,FAIRWAY,3,GREEN,GREEN,NORMAL_APPROACH,23.1,180.5,True,4,0,True,False,False,True
유서연2,11066,3,3,4,2,1,FAIRWAY,FAIRWAY,3,GREEN,GREEN,NORMAL_APPROACH,6.2,199.8,True,3,-1,True,False,False,True
유서연2,11066,3,4,5,2,1,FAIRWAY,FAIRWAY,1,FAIRWAY,FAIRWAY,ADVANCE_LAYUP,112.7,310.8,True,5,0,True,False,False,True
유서연2,11066,3,4,5,3,1,FAIRWAY,FAIRWAY,3,GREEN,GREEN,NORMAL_APPROACH,2.2,112.7,True,5,0,True,False,False,True
유서연2,11066,3,6,4,2,1,FAIRWAY,FAIRWAY,12,FRINGE,FRINGE,NORMAL_APPROACH,14.4,181.5,False,4,0,True,False,False,True
유서연2,11066,3,6,4,3,12,FRINGE,FRINGE,3,GREEN,GREEN,SHORT_GAME,1.3,14.4,False,4,0,True,False,False,True
유서연2,11066,3,7,5,2,1,FAIRWAY,FAIRWAY,1,FAIRWAY,FAIRWAY,ADVANCE_LAYUP,100.8,317.4,True,4,-1,True,False,False,True
유서연2,11066,3,7,5,3,1,FAIRWAY,FAIRWAY,3,GREEN,GREEN,NORMAL_APPROACH,1.6,100.8,True,4,-1,True,False,False,True
유서연2,11066,3,8,4,2,2,ROUGH,ROUGH,1,FAIRWAY,FAIRWAY,RECOVERY,120.8,154.7,False,5,1,False,True,False,False
유서연2,11066,3,8,4,3,1,FAIRWAY,FAIRWAY,3,GREEN,GREEN,NORMAL_APPROACH,3.3,120.8,False,5,1,False,True,False,False
유서연2,11066,3,9,4,2,1,FAIRWAY,FAIRWAY,3,GREEN,GREEN,NORMAL_APPROACH,9.3,132.2,True,4,0,True,False,False,True
유서연2,11066,3,10,5,2,1,FAIRWAY,FAIRWAY,1,FAIRWAY,FAIRWAY,ADVANCE_LAYUP,138.6,316.2,True,5,0,True,False,False,True
유서연2,11066,3,10,5,3,1,FAIRWAY,FAIRWAY,3,GREEN,GREEN,NORMAL_APPROACH,7.6,138.6,True,5,0,True,False,False,True
유서연2,11066,3,12,4,2,1,FAIRWAY,FAIRWAY,3,GREEN,GREEN,NORMAL_APPROACH,4.5,142.9,True,3,-1,True,False,False,True
유서연2,11066,3,13,4,2,1,FAIRWAY,FAIRWAY,12,FRINGE,FRINGE,NORMAL_APPROACH,9.3,129.7,False,4,0,True,False,False,True
유서연2,11066,3,13,4,3,12,FRINGE,FRINGE,3,GREEN,GREEN,SHORT_GAME,0.2,9.3,False,4,0,True,False,False,True
유서연2,11066,3,14,4,2,1,FAIRWAY,FAIRWAY,3,GREEN,GREEN,NORMAL_APPROACH,9.8,133.4,True,4,0,True,False,False,True
유서연2,11066,3,15,4,2,1,FAIRWAY,FAIRWAY,3,GREEN,GREEN,NORMAL_APPROACH,8.6,186.5,True,3,-1,True,False,False,True
유서연2,11066,3,17,4,2,2,ROUGH,ROUGH,2,ROUGH,ROUGH,RECOVERY,20.9,150.0,False,5,1,False,True,False,False
유서연2,11066,3,17,4,3,2,ROUGH,ROUGH,12,FRINGE,FRINGE,RECOVERY,6.4,20.9,False,5,1,False,True,False,False
유서연2,11066,3,17,4,4,12,FRINGE,FRINGE,3,GREEN,GREEN,SHORT_GAME,1.2,6.4,False,5,1,False,True,False,False
유서연2,11066,3,18,5,2,1,FAIRWAY,FAIRWAY,1,FAIRWAY,FAIRWAY,ADVANCE_LAYUP,106.3,289.9,True,4,-1,True,False,False,True
유서연2,11066,3,18,5,3,1,FAIRWAY,FAIRWAY,3,GREEN,GREEN,NORMAL_APPROACH,3.8,106.3,True,4,-1,True,False,False,True
유서연2,11066,4,1,4,2,2,ROUGH,ROUGH,2,ROUGH,ROUGH,RECOVERY,20.1,185.9,False,5,1,False,True,False,False
유서연2,11066,4,1,4,3,2,ROUGH,ROUGH,3,GREEN,GREEN,RECOVERY,6.2,20.1,False,5,1,False,True,False,False
유서연2,11066,4,3,4,2,1,FAIRWAY,FAIRWAY,12,FRINGE,FRINGE,NORMAL_APPROACH,11.6,192.5,False,4,0,True,False,False,True
유서연2,11066,4,3,4,3,12,FRINGE,FRINGE,3,GREEN,GREEN,SHORT_GAME,0.8,11.6,False,4,0,True,False,False,True
유서연2,11066,4,4,5,2,1,FAIRWAY,FAIRWAY,1,FAIRWAY,FAIRWAY,ADVANCE_LAYUP,104.5,305.3,True,5,0,True,False,False,True
유서연2,11066,4,4,5,3,1,FAIRWAY,FAIRWAY,3,GREEN,GREEN,NORMAL_APPROACH,2.5,104.5,True,5,0,True,False,False,True
유서연2,11066,4,6,4,2,1,FAIRWAY,FAIRWAY,3,GREEN,GREEN,NORMAL_APPROACH,4.0,134.4,True,4,0,True,False,False,True
유서연2,11066,4,7,5,2,2,ROUGH,ROUGH,1,FAIRWAY,FAIRWAY,RECOVERY,138.9,304.9,True,4,-1,True,False,False,False
유서연2,11066,4,7,5,3,1,FAIRWAY,FAIRWAY,3,GREEN,GREEN,NORMAL_APPROACH,5.2,138.9,True,4,-1,True,False,False,False
유서연2,11066,4,8,4,2,1,FAIRWAY,FAIRWAY,3,GREEN,GREEN,NORMAL_APPROACH,4.1,140.4,True,4,0,True,False,False,True
유서연2,11066,4,9,4,2,2,ROUGH,ROUGH,3,GREEN,GREEN,RECOVERY,13.6,95.8,True,5,1,False,True,False,False
유서연2,11066,4,10,5,2,1,FAIRWAY,FAIRWAY,2,ROUGH,ROUGH,ADVANCE_LAYUP,107.9,312.2,True,5,0,True,False,False,True
유서연2,11066,4,10,5,3,2,ROUGH,ROUGH,3,GREEN,GREEN,RECOVERY,7.2,107.9,True,5,0,True,False,False,True
유서연2,11066,4,12,4,2,2,ROUGH,ROUGH,2,ROUGH,ROUGH,RECOVERY,9.8,145.5,False,5,1,False,True,False,False
유서연2,11066,4,12,4,3,2,ROUGH,ROUGH,3,GREEN,GREEN,RECOVERY,7.1,9.8,False,5,1,False,True,False,False
유서연2,11066,4,13,4,2,1,FAIRWAY,FAIRWAY,12,FRINGE,FRINGE,NORMAL_APPROACH,9.1,134.8,False,4,0,True,False,False,True
유서연2,11066,4,13,4,3,12,FRINGE,FRINGE,3,GREEN,GREEN,SHORT_GAME,1.3,9.1,False,4,0,True,False,False,True
유서연2,11066,4,14,4,2,2,ROUGH,ROUGH,2,ROUGH,ROUGH,RECOVERY,21.6,126.1,False,4,0,True,False,False,False
유서연2,11066,4,14,4,3,2,ROUGH,ROUGH,3,GREEN,GREEN,RECOVERY,1.0,21.6,False,4,0,True,False,False,False
유서연2,11066,4,15,4,2,2,ROUGH,ROUGH,2,ROUGH,ROUGH,RECOVERY,40.2,191.5,False,4,0,True,False,False,False
유서연2,11066,4,15,4,3,2,ROUGH,ROUGH,3,GREEN,GREEN,RECOVERY,3.9,40.2,False,4,0,True,False,False,False
유서연2,11066,4,17,4,2,1,FAIRWAY,FAIRWAY,3,GREEN,GREEN,NORMAL_APPROACH,11.7,138.5,True,5,1,False,True,False,True
유서연2,11066,4,18,5,2,1,FAIRWAY,FAIRWAY,2,ROUGH,ROUGH,ADVANCE_LAYUP,109.4,290.8,False,5,0,True,False,False,True
유서연2,11066,4,18,5,3,2,ROUGH,ROUGH,12,FRINGE,FRINGE,RECOVERY,8.1,109.4,False,5,0,True,False,False,True
유서연2,11066,4,18,5,4,12,FRINGE,FRINGE,3,GREEN,GREEN,SHORT_GAME,0.5,8.1,False,5,0,True,False,False,True
최정원,11073,1,1,4,2,1,FAIRWAY,FAIRWAY,3,GREEN,GREEN,NORMAL_APPROACH,18.2,181.2,True,5,1,False,True,False,True
최정원,11073,1,2,3,2,5,PENALTY_AREA,PENALTY_AREA,8,PENALTY_STROKE,LOST_BALL_PENALTY_RESTART,PENALTY_RESTART,42.4,0.0,False,5,2,False,True,True,
최정원,11073,1,2,3,3,8,PENALTY_STROKE,LOST_BALL_PENALTY_RESTART,3,GREEN,GREEN,PENALTY_RESTART,9.0,42.4,False,5,2,False,True,True,
최정원,11073,1,3,4,2,1,FAIRWAY,FAIRWAY,9,GREENSIDE_BUNKER,GREENSIDE_BUNKER,OTHER_UNRESOLVED,17.2,180.4,False,5,1,False,True,False,True
최정원,11073,1,3,4,3,9,GREENSIDE_BUNKER,GREENSIDE_BUNKER,3,GREEN,GREEN,RECOVERY,10.1,17.2,False,5,1,False,True,False,True
최정원,11073,1,4,5,2,2,ROUGH,ROUGH,2,ROUGH,ROUGH,RECOVERY,168.9,301.4,False,7,2,False,True,True,False
최정원,11073,1,4,5,3,2,ROUGH,ROUGH,1,FAIRWAY,FAIRWAY,RECOVERY,51.7,168.9,False,7,2,False,True,True,False
최정원,11073,1,4,5,4,1,FAIRWAY,FAIRWAY,3,GREEN,GREEN,NORMAL_APPROACH,5.7,51.7,False,7,2,False,True,True,False
최정원,11073,1,5,3,2,2,ROUGH,ROUGH,3,GREEN,GREEN,RECOVERY,4.9,14.0,False,3,0,True,False,False,
최정원,11073,1,6,4,2,1,FAIRWAY,FAIRWAY,3,GREEN,GREEN,NORMAL_APPROACH,10.2,171.2,True,4,0,True,False,False,True
최정원,11073,1,7,5,2,1,FAIRWAY,FAIRWAY,2,ROUGH,ROUGH,ADVANCE_LAYUP,81.3,275.2,True,5,0,True,False,False,True
최정원,11073,1,7,5,3,2,ROUGH,ROUGH,3,GREEN,GREEN,RECOVERY,7.9,81.3,True,5,0,True,False,False,True
최정원,11073,1,8,4,2,2,ROUGH,ROUGH,2,ROUGH,ROUGH,RECOVERY,11.0,139.5,False,4,0,True,False,False,False
최정원,11073,1,8,4,3,2,ROUGH,ROUGH,3,GREEN,GREEN,RECOVERY,3.0,11.0,False,4,0,True,False,False,False
최정원,11073,1,9,4,2,2,ROUGH,ROUGH,3,GREEN,GREEN,RECOVERY,13.0,130.0,True,4,0,True,False,False,False
최정원,11073,1,10,5,2,2,ROUGH,ROUGH,2,ROUGH,ROUGH,RECOVERY,112.1,304.1,False,5,0,True,False,False,False
최정원,11073,1,10,5,3,2,ROUGH,ROUGH,2,ROUGH,ROUGH,RECOVERY,8.7,112.1,False,5,0,True,False,False,False
최정원,11073,1,10,5,4,2,ROUGH,ROUGH,3,GREEN,GREEN,RECOVERY,2.3,8.7,False,5,0,True,False,False,False
최정원,11073,1,12,4,2,1,FAIRWAY,FAIRWAY,3,GREEN,GREEN,NORMAL_APPROACH,7.9,129.5,True,5,1,False,True,False,True
최정원,11073,1,13,4,2,1,FAIRWAY,FAIRWAY,12,FRINGE,FRINGE,NORMAL_APPROACH,12.6,117.9,False,4,0,True,False,False,True
최정원,11073,1,13,4,3,12,FRINGE,FRINGE,3,GREEN,GREEN,SHORT_GAME,0.3,12.6,False,4,0,True,False,False,True
최정원,11073,1,14,4,2,2,ROUGH,ROUGH,3,GREEN,GREEN,RECOVERY,8.0,138.6,True,4,0,True,False,False,False
최정원,11073,1,15,4,2,2,ROUGH,ROUGH,3,GREEN,GREEN,RECOVERY,12.0,138.1,True,5,1,False,True,False,False
최정원,11073,1,17,4,2,1,FAIRWAY,FAIRWAY,3,GREEN,GREEN,NORMAL_APPROACH,12.6,137.4,True,4,0,True,False,False,True
최정원,11073,1,18,5,2,1,FAIRWAY,FAIRWAY,2,ROUGH,ROUGH,ADVANCE_LAYUP,140.3,273.9,False,6,1,False,True,False,True
최정원,11073,1,18,5,3,2,ROUGH,ROUGH,2,ROUGH,ROUGH,RECOVERY,33.8,140.3,False,6,1,False,True,False,True
최정원,11073,1,18,5,4,2,ROUGH,ROUGH,3,GREEN,GREEN,RECOVERY,12.5,33.8,False,6,1,False,True,False,True
최정원,11073,2,1,4,2,2,ROUGH,ROUGH,12,FRINGE,FRINGE,RECOVERY,17.6,157.2,False,5,1,False,True,False,False
최정원,11073,2,1,4,3,12,FRINGE,FRINGE,3,GREEN,GREEN,SHORT_GAME,1.7,17.6,False,5,1,False,True,False,False
최정원,11073,2,3,4,2,1,FAIRWAY,FAIRWAY,9,GREENSIDE_BUNKER,GREENSIDE_BUNKER,OTHER_UNRESOLVED,15.8,197.8,False,5,1,False,True,False,True
최정원,11073,2,3,4,3,9,GREENSIDE_BUNKER,GREENSIDE_BUNKER,12,FRINGE,FRINGE,RECOVERY,6.9,15.8,False,5,1,False,True,False,True
최정원,11073,2,3,4,4,12,FRINGE,FRINGE,3,GREEN,GREEN,SHORT_GAME,1.4,6.9,False,5,1,False,True,False,True
최정원,11073,2,4,5,2,1,FAIRWAY,FAIRWAY,1,FAIRWAY,FAIRWAY,ADVANCE_LAYUP,116.0,299.4,False,6,1,False,True,False,True
최정원,11073,2,4,5,3,1,FAIRWAY,FAIRWAY,12,FRINGE,FRINGE,NORMAL_APPROACH,5.2,116.0,False,6,1,False,True,False,True
최정원,11073,2,4,5,4,12,FRINGE,FRINGE,3,GREEN,GREEN,SHORT_GAME,1.3,5.2,False,6,1,False,True,False,True
최정원,11073,2,6,4,2,1,FAIRWAY,FAIRWAY,2,ROUGH,ROUGH,OTHER_UNRESOLVED,19.8,162.9,False,5,1,False,True,False,True
최정원,11073,2,6,4,3,2,ROUGH,ROUGH,3,GREEN,GREEN,RECOVERY,3.1,19.8,False,5,1,False,True,False,True
최정원,11073,2,7,5,2,6,BUNKER,BUNKER,1,FAIRWAY,FAIRWAY,RECOVERY,126.0,280.5,True,5,0,True,False,False,False
최정원,11073,2,7,5,3,1,FAIRWAY,FAIRWAY,3,GREEN,GREEN,NORMAL_APPROACH,6.6,126.0,True,5,0,True,False,False,False
최정원,11073,2,8,4,2,2,ROUGH,ROUGH,1,FAIRWAY,FAIRWAY,RECOVERY,116.9,136.6,False,5,1,False,True,False,False
최정원,11073,2,8,4,3,1,FAIRWAY,FAIRWAY,12,FRINGE,FRINGE,NORMAL_APPROACH,10.2,116.9,False,5,1,False,True,False,False
최정원,11073,2,8,4,4,12,FRINGE,FRINGE,3,GREEN,GREEN,SHORT_GAME,0.4,10.2,False,5,1,False,True,False,False
최정원,11073,2,9,4,2,2,ROUGH,ROUGH,2,ROUGH,ROUGH,RECOVERY,51.7,110.2,False,4,0,True,False,False,False
최정원,11073,2,9,4,3,2,ROUGH,ROUGH,3,GREEN,GREEN,RECOVERY,7.2,51.7,False,4,0,True,False,False,False
최정원,11073,2,10,5,2,1,FAIRWAY,FAIRWAY,1,FAIRWAY,FAIRWAY,ADVANCE_LAYUP,153.9,328.7,False,5,0,True,False,False,True
최정원,11073,2,10,5,3,1,FAIRWAY,FAIRWAY,12,FRINGE,FRINGE,NORMAL_APPROACH,6.6,153.9,False,5,0,True,False,False,True
최정원,11073,2,10,5,4,12,FRINGE,FRINGE,3,GREEN,GREEN,SHORT_GAME,0.2,6.6,False,5,0,True,False,False,True
최정원,11073,2,11,3,2,2,ROUGH,ROUGH,12,FRINGE,FRINGE,RECOVERY,7.9,24.7,False,5,2,False,True,True,
최정원,11073,2,11,3,3,12,FRINGE,FRINGE,3,GREEN,GREEN,SHORT_GAME,3.6,7.9,False,5,2,False,True,True,
최정원,11073,2,12,4,2,1,FAIRWAY,FAIRWAY,3,GREEN,GREEN,NORMAL_APPROACH,16.5,153.7,True,4,0,True,False,False,True
최정원,11073,2,13,4,2,1,FAIRWAY,FAIRWAY,2,ROUGH,ROUGH,OTHER_UNRESOLVED,15.7,120.5,False,4,0,True,False,False,True
최정원,11073,2,13,4,3,2,ROUGH,ROUGH,3,GREEN,GREEN,RECOVERY,2.6,15.7,False,4,0,True,False,False,True
최정원,11073,2,14,4,2,1,FAIRWAY,FAIRWAY,2,ROUGH,ROUGH,OTHER_UNRESOLVED,40.5,181.5,False,5,1,False,True,False,True
최정원,11073,2,14,4,3,2,ROUGH,ROUGH,3,GREEN,GREEN,RECOVERY,2.5,40.5,False,5,1,False,True,False,True
최정원,11073,2,15,4,2,1,FAIRWAY,FAIRWAY,2,ROUGH,ROUGH,OTHER_UNRESOLVED,12.9,162.7,False,4,0,True,False,False,True
최정원,11073,2,15,4,3,2,ROUGH,ROUGH,3,GREEN,GREEN,RECOVERY,0.3,12.9,False,4,0,True,False,False,True
최정원,11073,2,17,4,2,1,FAIRWAY,FAIRWAY,2,ROUGH,ROUGH,OTHER_UNRESOLVED,24.8,145.2,False,5,1,False,True,False,True
최정원,11073,2,17,4,3,2,ROUGH,ROUGH,3,GREEN,GREEN,RECOVERY,3.3,24.8,False,5,1,False,True,False,True
최정원,11073,2,18,5,2,2,ROUGH,ROUGH,1,FAIRWAY,FAIRWAY,RECOVERY,76.2,272.0,True,5,0,True,False,False,False
최정원,11073,2,18,5,3,1,FAIRWAY,FAIRWAY,3,GREEN,GREEN,NORMAL_APPROACH,4.8,76.2,True,5,0,True,False,False,False
조하리,11076,1,1,4,2,2,ROUGH,ROUGH,9,GREENSIDE_BUNKER,GREENSIDE_BUNKER,RECOVERY,35.7,176.4,False,5,1,False,True,False,False
조하리,11076,1,1,4,3,9,GREENSIDE_BUNKER,GREENSIDE_BUNKER,3,GREEN,GREEN,RECOVERY,11.8,35.7,False,5,1,False,True,False,False
조하리,11076,1,3,4,2,2,ROUGH,ROUGH,3,GREEN,GREEN,RECOVERY,9.1,176.6,True,4,0,True,False,False,False
조하리,11076,1,4,5,2,2,ROUGH,ROUGH,1,FAIRWAY,FAIRWAY,RECOVERY,151.0,305.1,False,6,1,False,True,False,False
조하리,11076,1,4,5,3,1,FAIRWAY,FAIRWAY,2,ROUGH,ROUGH,ADVANCE_LAYUP,22.8,151.0,False,6,1,False,True,False,False
조하리,11076,1,4,5,4,2,ROUGH,ROUGH,3,GREEN,GREEN,RECOVERY,6.7,22.8,False,6,1,False,True,False,False
조하리,11076,1,6,4,2,2,ROUGH,ROUGH,2,ROUGH,ROUGH,RECOVERY,28.4,185.5,False,5,1,False,True,False,False
조하리,11076,1,6,4,3,2,ROUGH,ROUGH,3,GREEN,GREEN,RECOVERY,8.3,28.4,False,5,1,False,True,False,False
조하리,11076,1,7,5,2,1,FAIRWAY,FAIRWAY,1,FAIRWAY,FAIRWAY,ADVANCE_LAYUP,60.2,268.8,False,6,1,False,True,False,True
조하리,11076,1,7,5,3,1,FAIRWAY,FAIRWAY,9,GREENSIDE_BUNKER,GREENSIDE_BUNKER,ADVANCE_LAYUP,12.0,60.2,False,6,1,False,True,False,True
조하리,11076,1,7,5,4,9,GREENSIDE_BUNKER,GREENSIDE_BUNKER,3,GREEN,GREEN,RECOVERY,7.1,12.0,False,6,1,False,True,False,True
조하리,11076,1,8,4,2,2,ROUGH,ROUGH,5,PENALTY_AREA,PENALTY_AREA,RECOVERY,0.0,180.5,False,6,2,False,True,True,False
조하리,11076,1,8,4,3,5,PENALTY_AREA,PENALTY_AREA,8,PENALTY_STROKE,LOST_BALL_PENALTY_RESTART,PENALTY_RESTART,49.7,0.0,False,6,2,False,True,True,False
조하리,11076,1,8,4,4,8,PENALTY_STROKE,LOST_BALL_PENALTY_RESTART,3,GREEN,GREEN,PENALTY_RESTART,7.6,49.7,False,6,2,False,True,True,False
조하리,11076,1,9,4,2,2,ROUGH,ROUGH,5,PENALTY_AREA,PENALTY_AREA,RECOVERY,39.7,147.9,False,6,2,False,True,True,False
조하리,11076,1,9,4,3,5,PENALTY_AREA,PENALTY_AREA,12,FRINGE,FRINGE,PENALTY_RESTART,22.9,39.7,False,6,2,False,True,True,False
조하리,11076,1,9,4,4,12,FRINGE,FRINGE,12,FRINGE,FRINGE,SHORT_GAME,6.2,22.9,False,6,2,False,True,True,False
조하리,11076,1,9,4,5,12,FRINGE,FRINGE,3,GREEN,GREEN,SHORT_GAME,0.3,6.2,False,6,2,False,True,True,False
조하리,11076,1,10,5,2,2,ROUGH,ROUGH,1,FAIRWAY,FAIRWAY,RECOVERY,177.9,309.1,False,7,2,False,True,True,False
조하리,11076,1,10,5,3,1,FAIRWAY,FAIRWAY,2,ROUGH,ROUGH,ADVANCE_LAYUP,33.3,177.9,False,7,2,False,True,True,False
조하리,11076,1,10,5,4,2,ROUGH,ROUGH,2,ROUGH,ROUGH,RECOVERY,11.3,33.3,False,7,2,False,True,True,False
조하리,11076,1,10,5,5,2,ROUGH,ROUGH,3,GREEN,GREEN,RECOVERY,1.2,11.3,False,7,2,False,True,True,False
조하리,11076,1,12,4,2,6,BUNKER,BUNKER,1,FAIRWAY,FAIRWAY,RECOVERY,62.6,173.2,False,4,0,True,False,False,False
조하리,11076,1,12,4,3,1,FAIRWAY,FAIRWAY,3,GREEN,GREEN,NORMAL_APPROACH,0.6,62.6,False,4,0,True,False,False,False
조하리,11076,1,13,4,2,6,BUNKER,BUNKER,2,ROUGH,ROUGH,RECOVERY,45.1,111.7,False,5,1,False,True,False,False
조하리,11076,1,13,4,3,2,ROUGH,ROUGH,3,GREEN,GREEN,RECOVERY,5.1,45.1,False,5,1,False,True,False,False
조하리,11076,1,14,4,2,2,ROUGH,ROUGH,1,FAIRWAY,FAIRWAY,RECOVERY,150.3,144.2,False,5,1,False,True,False,False
조하리,11076,1,14,4,3,1,FAIRWAY,FAIRWAY,2,ROUGH,ROUGH,OTHER_UNRESOLVED,20.3,150.3,False,5,1,False,True,False,False
조하리,11076,1,14,4,4,2,ROUGH,ROUGH,3,GREEN,GREEN,RECOVERY,0.3,20.3,False,5,1,False,True,False,False
조하리,11076,1,15,4,2,1,FAIRWAY,FAIRWAY,3,GREEN,GREEN,NORMAL_APPROACH,14.7,149.3,True,5,1,False,True,False,True
조하리,11076,1,16,3,2,2,ROUGH,ROUGH,3,GREEN,GREEN,RECOVERY,2.7,23.7,False,4,1,False,True,False,
조하리,11076,1,17,4,2,2,ROUGH,ROUGH,3,GREEN,GREEN,RECOVERY,13.9,120.4,True,4,0,True,False,False,False
조하리,11076,1,18,5,2,1,FAIRWAY,FAIRWAY,1,FAIRWAY,FAIRWAY,ADVANCE_LAYUP,87.0,278.3,True,6,1,False,True,False,True
조하리,11076,1,18,5,3,1,FAIRWAY,FAIRWAY,3,GREEN,GREEN,NORMAL_APPROACH,14.7,87.0,True,6,1,False,True,False,True
서교림,11134,1,1,4,2,1,FAIRWAY,FAIRWAY,12,FRINGE,FRINGE,NORMAL_APPROACH,10.8,162.4,False,5,1,False,True,False,True
서교림,11134,1,1,4,3,12,FRINGE,FRINGE,3,GREEN,GREEN,SHORT_GAME,1.2,10.8,False,5,1,False,True,False,True
서교림,11134,1,3,4,2,1,FAIRWAY,FAIRWAY,2,ROUGH,ROUGH,OTHER_UNRESOLVED,12.8,162.0,False,5,1,False,True,False,True
서교림,11134,1,3,4,3,2,ROUGH,ROUGH,12,FRINGE,FRINGE,RECOVERY,5.6,12.8,False,5,1,False,True,False,True
서교림,11134,1,3,4,4,12,FRINGE,FRINGE,3,GREEN,GREEN,SHORT_GAME,0.8,5.6,False,5,1,False,True,False,True
서교림,11134,1,4,5,2,1,FAIRWAY,FAIRWAY,2,ROUGH,ROUGH,ADVANCE_LAYUP,108.0,284.6,False,5,0,True,False,False,True
서교림,11134,1,4,5,3,2,ROUGH,ROUGH,2,ROUGH,ROUGH,RECOVERY,12.6,108.0,False,5,0,True,False,False,True
서교림,11134,1,4,5,4,2,ROUGH,ROUGH,3,GREEN,GREEN,RECOVERY,0.8,12.6,False,5,0,True,False,False,True
서교림,11134,1,6,4,2,2,ROUGH,ROUGH,12,FRINGE,FRINGE,RECOVERY,17.2,152.3,False,4,0,True,False,False,False
서교림,11134,1,6,4,3,12,FRINGE,FRINGE,3,GREEN,GREEN,SHORT_GAME,1.3,17.2,False,4,0,True,False,False,False
서교림,11134,1,7,5,2,1,FAIRWAY,FAIRWAY,1,FAIRWAY,FAIRWAY,ADVANCE_LAYUP,81.4,263.9,True,4,-1,True,False,False,True
서교림,11134,1,7,5,3,1,FAIRWAY,FAIRWAY,3,GREEN,GREEN,NORMAL_APPROACH,2.3,81.4,True,4,-1,True,False,False,True
서교림,11134,1,8,4,2,1,FAIRWAY,FAIRWAY,3,GREEN,GREEN,NORMAL_APPROACH,12.2,140.7,True,4,0,True,False,False,True
서교림,11134,1,9,4,2,1,FAIRWAY,FAIRWAY,3,GREEN,GREEN,NORMAL_APPROACH,14.8,132.7,True,4,0,True,False,False,True
서교림,11134,1,10,5,2,1,FAIRWAY,FAIRWAY,2,ROUGH,ROUGH,ADVANCE_LAYUP,111.2,302.8,True,5,0,True,False,False,True
서교림,11134,1,10,5,3,2,ROUGH,ROUGH,3,GREEN,GREEN,RECOVERY,5.7,111.2,True,5,0,True,False,False,True
서교림,11134,1,12,4,2,2,ROUGH,ROUGH,3,GREEN,GREEN,RECOVERY,30.6,157.6,True,4,0,True,False,False,False
서교림,11134,1,13,4,2,1,FAIRWAY,FAIRWAY,3,GREEN,GREEN,NORMAL_APPROACH,6.3,122.8,True,4,0,True,False,False,True
서교림,11134,1,14,4,2,2,ROUGH,ROUGH,3,GREEN,GREEN,RECOVERY,4.4,128.4,True,4,0,True,False,False,False
서교림,11134,1,15,4,2,1,FAIRWAY,FAIRWAY,2,ROUGH,ROUGH,OTHER_UNRESOLVED,13.9,134.7,False,4,0,True,False,False,True
서교림,11134,1,15,4,3,2,ROUGH,ROUGH,3,GREEN,GREEN,RECOVERY,1.5,13.9,False,4,0,True,False,False,True
서교림,11134,1,16,3,2,5,PENALTY_AREA,PENALTY_AREA,8,PENALTY_STROKE,LOST_BALL_PENALTY_RESTART,PENALTY_RESTART,117.4,0.0,False,5,2,False,True,True,
서교림,11134,1,16,3,3,8,PENALTY_STROKE,LOST_BALL_PENALTY_RESTART,3,GREEN,GREEN,PENALTY_RESTART,6.3,117.4,False,5,2,False,True,True,
서교림,11134,1,17,4,2,1,FAIRWAY,FAIRWAY,3,GREEN,GREEN,NORMAL_APPROACH,6.5,117.7,True,4,0,True,False,False,True
서교림,11134,1,18,5,2,1,FAIRWAY,FAIRWAY,2,ROUGH,ROUGH,ADVANCE_LAYUP,100.7,271.5,True,4,-1,True,False,False,True
서교림,11134,1,18,5,3,2,ROUGH,ROUGH,3,GREEN,GREEN,RECOVERY,0.2,100.7,True,4,-1,True,False,False,True
서교림,11134,2,1,4,2,1,FAIRWAY,FAIRWAY,12,FRINGE,FRINGE,NORMAL_APPROACH,15.4,144.3,False,4,0,True,False,False,True
서교림,11134,2,1,4,3,12,FRINGE,FRINGE,3,GREEN,GREEN,SHORT_GAME,2.4,15.4,False,4,0,True,False,False,True
서교림,11134,2,3,4,2,1,FAIRWAY,FAIRWAY,3,GREEN,GREEN,NORMAL_APPROACH,7.3,175.1,True,4,0,True,False,False,True
서교림,11134,2,4,5,2,1,FAIRWAY,FAIRWAY,2,ROUGH,ROUGH,ADVANCE_LAYUP,110.1,294.9,True,5,0,True,False,False,True
서교림,11134,2,4,5,3,2,ROUGH,ROUGH,3,GREEN,GREEN,RECOVERY,15.3,110.1,True,5,0,True,False,False,True
서교림,11134,2,6,4,2,1,FAIRWAY,FAIRWAY,3,GREEN,GREEN,NORMAL_APPROACH,8.7,138.2,True,4,0,True,False,False,True
서교림,11134,2,7,5,2,2,ROUGH,ROUGH,1,FAIRWAY,FAIRWAY,RECOVERY,79.9,277.9,True,4,-1,True,False,False,False
서교림,11134,2,7,5,3,1,FAIRWAY,FAIRWAY,3,GREEN,GREEN,NORMAL_APPROACH,1.2,79.9,True,4,-1,True,False,False,False
서교림,11134,2,8,4,2,2,ROUGH,ROUGH,5,PENALTY_AREA,PENALTY_AREA,RECOVERY,0.0,98.6,False,6,2,False,True,True,False
서교림,11134,2,8,4,3,5,PENALTY_AREA,PENALTY_AREA,8,PENALTY_STROKE,LOST_BALL_PENALTY_RESTART,PENALTY_RESTART,95.5,0.0,False,6,2,False,True,True,False
서교림,11134,2,8,4,4,8,PENALTY_STROKE,LOST_BALL_PENALTY_RESTART,3,GREEN,GREEN,PENALTY_RESTART,8.5,95.5,False,6,2,False,True,True,False
서교림,11134,2,9,4,2,2,ROUGH,ROUGH,12,FRINGE,FRINGE,RECOVERY,9.8,125.6,False,3,-1,True,False,False,False
서교림,11134,2,9,4,3,12,FRINGE,FRINGE,10,HOLED,HOLED,SHORT_GAME,0.0,9.8,False,3,-1,True,False,False,False
서교림,11134,2,10,5,2,2,ROUGH,ROUGH,1,FAIRWAY,FAIRWAY,RECOVERY,172.8,312.6,True,5,0,True,False,False,False
서교림,11134,2,10,5,3,1,FAIRWAY,FAIRWAY,3,GREEN,GREEN,NORMAL_APPROACH,3.3,172.8,True,5,0,True,False,False,False
서교림,11134,2,12,4,2,2,ROUGH,ROUGH,2,ROUGH,ROUGH,RECOVERY,74.3,160.3,False,6,2,False,True,True,False
서교림,11134,2,12,4,3,2,ROUGH,ROUGH,3,GREEN,GREEN,RECOVERY,13.1,74.3,False,6,2,False,True,True,False
서교림,11134,2,13,4,2,1,FAIRWAY,FAIRWAY,3,GREEN,GREEN,NORMAL_APPROACH,5.7,100.4,True,4,0,True,False,False,True
서교림,11134,2,14,4,2,2,ROUGH,ROUGH,3,GREEN,GREEN,RECOVERY,2.9,140.4,True,4,0,True,False,False,False
서교림,11134,2,15,4,2,2,ROUGH,ROUGH,3,GREEN,GREEN,RECOVERY,26.5,100.7,True,4,0,True,False,False,False
서교림,11134,2,17,4,2,1,FAIRWAY,FAIRWAY,2,ROUGH,ROUGH,OTHER_UNRESOLVED,17.1,138.5,False,5,1,False,True,False,True
서교림,11134,2,17,4,3,2,ROUGH,ROUGH,3,GREEN,GREEN,RECOVERY,3.0,17.1,False,5,1,False,True,False,True
서교림,11134,2,18,5,2,1,FAIRWAY,FAIRWAY,1,FAIRWAY,FAIRWAY,ADVANCE_LAYUP,70.2,254.1,True,4,-1,True,False,False,True
서교림,11134,2,18,5,3,1,FAIRWAY,FAIRWAY,3,GREEN,GREEN,NORMAL_APPROACH,0.7,70.2,True,4,-1,True,False,False,True
서교림,11134,3,1,4,2,1,FAIRWAY,FAIRWAY,3,GREEN,GREEN,NORMAL_APPROACH,4.0,154.2,True,4,0,True,False,False,True
서교림,11134,3,3,4,2,1,FAIRWAY,FAIRWAY,3,GREEN,GREEN,NORMAL_APPROACH,10.1,183.3,True,4,0,True,False,False,True
서교림,11134,3,4,5,2,2,ROUGH,ROUGH,1,FAIRWAY,FAIRWAY,RECOVERY,104.9,291.8,True,5,0,True,False,False,False
서교림,11134,3,4,5,3,1,FAIRWAY,FAIRWAY,3,GREEN,GREEN,NORMAL_APPROACH,6.8,104.9,True,5,0,True,False,False,False
서교림,11134,3,6,4,2,2,ROUGH,ROUGH,3,GREEN,GREEN,RECOVERY,6.4,160.8,True,4,0,True,False,False,False
서교림,11134,3,7,5,2,2,ROUGH,ROUGH,2,ROUGH,ROUGH,RECOVERY,306.6,303.8,False,6,1,False,True,False,False
서교림,11134,3,7,5,3,2,ROUGH,ROUGH,1,FAIRWAY,FAIRWAY,RECOVERY,98.3,306.6,False,6,1,False,True,False,False
서교림,11134,3,7,5,4,1,FAIRWAY,FAIRWAY,3,GREEN,GREEN,NORMAL_APPROACH,2.0,98.3,False,6,1,False,True,False,False
서교림,11134,3,8,4,2,1,FAIRWAY,FAIRWAY,3,GREEN,GREEN,NORMAL_APPROACH,6.0,127.4,True,3,-1,True,False,False,True
서교림,11134,3,9,4,2,1,FAIRWAY,FAIRWAY,3,GREEN,GREEN,NORMAL_APPROACH,12.9,112.5,True,4,0,True,False,False,True
서교림,11134,3,10,5,2,1,FAIRWAY,FAIRWAY,2,ROUGH,ROUGH,ADVANCE_LAYUP,101.9,299.6,True,5,0,True,False,False,True
서교림,11134,3,10,5,3,2,ROUGH,ROUGH,3,GREEN,GREEN,RECOVERY,13.6,101.9,True,5,0,True,False,False,True
서교림,11134,3,12,4,2,2,ROUGH,ROUGH,2,ROUGH,ROUGH,RECOVERY,15.9,159.9,False,5,1,False,True,False,False
서교림,11134,3,12,4,3,2,ROUGH,ROUGH,3,GREEN,GREEN,RECOVERY,2.2,15.9,False,5,1,False,True,False,False
서교림,11134,3,13,4,2,1,FAIRWAY,FAIRWAY,3,GREEN,GREEN,NORMAL_APPROACH,5.2,117.9,True,5,1,False,True,False,True
서교림,11134,3,14,4,2,1,FAIRWAY,FAIRWAY,3,GREEN,GREEN,NORMAL_APPROACH,11.0,140.0,True,4,0,True,False,False,True
서교림,11134,3,15,4,2,1,FAIRWAY,FAIRWAY,12,FRINGE,FRINGE,NORMAL_APPROACH,16.1,160.2,False,4,0,True,False,False,True
서교림,11134,3,15,4,3,12,FRINGE,FRINGE,3,GREEN,GREEN,SHORT_GAME,0.4,16.1,False,4,0,True,False,False,True
서교림,11134,3,17,4,2,2,ROUGH,ROUGH,2,ROUGH,ROUGH,RECOVERY,14.7,140.7,False,4,0,True,False,False,False
서교림,11134,3,17,4,3,2,ROUGH,ROUGH,3,GREEN,GREEN,RECOVERY,1.0,14.7,False,4,0,True,False,False,False
서교림,11134,3,18,5,2,1,FAIRWAY,FAIRWAY,1,FAIRWAY,FAIRWAY,ADVANCE_LAYUP,77.2,269.0,True,4,-1,True,False,False,True
서교림,11134,3,18,5,3,1,FAIRWAY,FAIRWAY,3,GREEN,GREEN,NORMAL_APPROACH,5.3,77.2,True,4,-1,True,False,False,True
서교림,11134,4,1,4,2,2,ROUGH,ROUGH,3,GREEN,GREEN,RECOVERY,4.0,156.5,True,4,0,True,False,False,False
서교림,11134,4,3,4,2,1,FAIRWAY,FAIRWAY,9,GREENSIDE_BUNKER,GREENSIDE_BUNKER,OTHER_UNRESOLVED,19.7,194.8,False,4,0,True,False,False,True
서교림,11134,4,3,4,3,9,GREENSIDE_BUNKER,GREENSIDE_BUNKER,3,GREEN,GREEN,RECOVERY,0.9,19.7,False,4,0,True,False,False,True
서교림,11134,4,4,5,2,2,ROUGH,ROUGH,2,ROUGH,ROUGH,RECOVERY,103.0,279.8,True,5,0,True,False,False,False
서교림,11134,4,4,5,3,2,ROUGH,ROUGH,3,GREEN,GREEN,RECOVERY,7.1,103.0,True,5,0,True,False,False,False
서교림,11134,4,6,4,2,2,ROUGH,ROUGH,3,GREEN,GREEN,RECOVERY,4.3,133.7,True,4,0,True,False,False,False
서교림,11134,4,7,5,2,1,FAIRWAY,FAIRWAY,2,ROUGH,ROUGH,ADVANCE_LAYUP,84.7,271.5,True,5,0,True,False,False,True
서교림,11134,4,7,5,3,2,ROUGH,ROUGH,3,GREEN,GREEN,RECOVERY,12.2,84.7,True,5,0,True,False,False,True
서교림,11134,4,8,4,2,2,ROUGH,ROUGH,3,GREEN,GREEN,RECOVERY,7.3,94.5,True,4,0,True,False,False,False
서교림,11134,4,9,4,2,2,ROUGH,ROUGH,3,GREEN,GREEN,RECOVERY,8.9,89.3,True,4,0,True,False,False,False
서교림,11134,4,10,5,2,1,FAIRWAY,FAIRWAY,1,FAIRWAY,FAIRWAY,ADVANCE_LAYUP,107.2,301.3,True,5,0,True,False,False,True
서교림,11134,4,10,5,3,1,FAIRWAY,FAIRWAY,3,GREEN,GREEN,NORMAL_APPROACH,7.0,107.2,True,5,0,True,False,False,True
서교림,11134,4,12,4,2,1,FAIRWAY,FAIRWAY,2,ROUGH,ROUGH,OTHER_UNRESOLVED,9.8,153.2,False,4,0,True,False,False,True
서교림,11134,4,12,4,3,2,ROUGH,ROUGH,3,GREEN,GREEN,RECOVERY,1.2,9.8,False,4,0,True,False,False,True
서교림,11134,4,13,4,2,2,ROUGH,ROUGH,3,GREEN,GREEN,RECOVERY,13.3,145.8,True,4,0,True,False,False,False
서교림,11134,4,14,4,2,1,FAIRWAY,FAIRWAY,3,GREEN,GREEN,NORMAL_APPROACH,3.9,136.3,True,4,0,True,False,False,True
서교림,11134,4,15,4,2,1,FAIRWAY,FAIRWAY,3,GREEN,GREEN,NORMAL_APPROACH,10.2,165.4,True,4,0,True,False,False,True
서교림,11134,4,17,4,2,1,FAIRWAY,FAIRWAY,3,GREEN,GREEN,NORMAL_APPROACH,15.2,113.3,True,4,0,True,False,False,True
서교림,11134,4,18,5,2,2,ROUGH,ROUGH,1,FAIRWAY,FAIRWAY,RECOVERY,90.2,272.4,True,5,0,True,False,False,False
서교림,11134,4,18,5,3,1,FAIRWAY,FAIRWAY,3,GREEN,GREEN,NORMAL_APPROACH,7.6,90.2,True,5,0,True,False,False,False
김시현,11143,1,1,4,2,1,FAIRWAY,FAIRWAY,3,GREEN,GREEN,NORMAL_APPROACH,4.6,173.1,True,3,-1,True,False,False,True
김시현,11143,1,3,4,2,1,FAIRWAY,FAIRWAY,2,ROUGH,ROUGH,OTHER_UNRESOLVED,20.0,174.0,False,4,0,True,False,False,True
김시현,11143,1,3,4,3,2,ROUGH,ROUGH,3,GREEN,GREEN,RECOVERY,1.0,20.0,False,4,0,True,False,False,True
김시현,11143,1,4,5,2,1,FAIRWAY,FAIRWAY,2,ROUGH,ROUGH,ADVANCE_LAYUP,59.5,280.9,True,4,-1,True,False,False,True
김시현,11143,1,4,5,3,2,ROUGH,ROUGH,3,GREEN,GREEN,RECOVERY,1.0,59.5,True,4,-1,True,False,False,True
김시현,11143,1,5,3,2,12,FRINGE,FRINGE,3,GREEN,GREEN,SHORT_GAME,1.2,9.5,False,4,1,False,True,False,
김시현,11143,1,6,4,2,2,ROUGH,ROUGH,12,FRINGE,FRINGE,RECOVERY,13.6,173.5,False,4,0,True,False,False,False
김시현,11143,1,6,4,3,12,FRINGE,FRINGE,3,GREEN,GREEN,SHORT_GAME,1.3,13.6,False,4,0,True,False,False,False
김시현,11143,1,7,5,2,1,FAIRWAY,FAIRWAY,2,ROUGH,ROUGH,ADVANCE_LAYUP,55.0,249.3,False,5,0,True,False,False,True
김시현,11143,1,7,5,3,2,ROUGH,ROUGH,2,ROUGH,ROUGH,RECOVERY,38.9,55.0,False,5,0,True,False,False,True
김시현,11143,1,7,5,4,2,ROUGH,ROUGH,3,GREEN,GREEN,RECOVERY,5.3,38.9,False,5,0,True,False,False,True
김시현,11143,1,8,4,2,2,ROUGH,ROUGH,12,FRINGE,FRINGE,RECOVERY,17.6,126.7,False,5,1,False,True,False,False
김시현,11143,1,8,4,3,12,FRINGE,FRINGE,3,GREEN,GREEN,SHORT_GAME,1.0,17.6,False,5,1,False,True,False,False
김시현,11143,1,9,4,2,2,ROUGH,ROUGH,3,GREEN,GREEN,RECOVERY,13.4,120.9,True,4,0,True,False,False,False
김시현,11143,1,10,5,2,2,ROUGH,ROUGH,1,FAIRWAY,FAIRWAY,RECOVERY,114.1,298.5,False,5,0,True,False,False,False
김시현,11143,1,10,5,3,1,FAIRWAY,FAIRWAY,2,ROUGH,ROUGH,ADVANCE_LAYUP,5.8,114.1,False,5,0,True,False,False,False
김시현,11143,1,10,5,4,2,ROUGH,ROUGH,3,GREEN,GREEN,RECOVERY,1.2,5.8,False,5,0,True,False,False,False
김시현,11143,1,11,3,2,12,FRINGE,FRINGE,3,GREEN,GREEN,SHORT_GAME,0.7,16.9,False,3,0,True,False,False,
김시현,11143,1,12,4,2,2,ROUGH,ROUGH,2,ROUGH,ROUGH,RECOVERY,20.0,155.8,False,6,2,False,True,True,False
김시현,11143,1,12,4,3,2,ROUGH,ROUGH,2,ROUGH,ROUGH,RECOVERY,8.2,20.0,False,6,2,False,True,True,False
김시현,11143,1,12,4,4,2,ROUGH,ROUGH,3,GREEN,GREEN,RECOVERY,5.1,8.2,False,6,2,False,True,True,False
김시현,11143,1,13,4,2,1,FAIRWAY,FAIRWAY,3,GREEN,GREEN,NORMAL_APPROACH,0.9,105.3,True,3,-1,True,False,False,True
김시현,11143,1,14,4,2,2,ROUGH,ROUGH,12,FRINGE,FRINGE,RECOVERY,26.5,151.4,False,4,0,True,False,False,False
김시현,11143,1,14,4,3,12,FRINGE,FRINGE,3,GREEN,GREEN,SHORT_GAME,2.4,26.5,False,4,0,True,False,False,False
김시현,11143,1,15,4,2,1,FAIRWAY,FAIRWAY,12,FRINGE,FRINGE,NORMAL_APPROACH,18.5,145.1,False,5,1,False,True,False,True
김시현,11143,1,15,4,3,12,FRINGE,FRINGE,3,GREEN,GREEN,SHORT_GAME,1.4,18.5,False,5,1,False,True,False,True
김시현,11143,1,17,4,2,2,ROUGH,ROUGH,3,GREEN,GREEN,RECOVERY,14.1,131.0,True,5,1,False,True,False,False
김시현,11143,1,18,5,2,2,ROUGH,ROUGH,2,ROUGH,ROUGH,RECOVERY,203.7,299.2,True,5,0,True,False,False,False
김시현,11143,1,18,5,3,2,ROUGH,ROUGH,3,GREEN,GREEN,RECOVERY,18.6,203.7,True,5,0,True,False,False,False
김시현,11143,2,1,4,2,6,BUNKER,BUNKER,3,GREEN,GREEN,RECOVERY,4.1,139.9,True,3,-1,True,False,False,False
김시현,11143,2,3,4,2,2,ROUGH,ROUGH,2,ROUGH,ROUGH,RECOVERY,24.2,165.2,False,4,0,True,False,False,False
김시현,11143,2,3,4,3,2,ROUGH,ROUGH,3,GREEN,GREEN,RECOVERY,3.3,24.2,False,4,0,True,False,False,False
김시현,11143,2,4,5,2,2,ROUGH,ROUGH,1,FAIRWAY,FAIRWAY,RECOVERY,136.3,302.0,True,4,-1,True,False,False,False
김시현,11143,2,4,5,3,1,FAIRWAY,FAIRWAY,3,GREEN,GREEN,NORMAL_APPROACH,5.5,136.3,True,4,-1,True,False,False,False
김시현,11143,2,6,4,2,2,ROUGH,ROUGH,2,ROUGH,ROUGH,RECOVERY,8.0,159.9,False,4,0,True,False,False,False
김시현,11143,2,6,4,3,2,ROUGH,ROUGH,3,GREEN,GREEN,RECOVERY,0.3,8.0,False,4,0,True,False,False,False
김시현,11143,2,7,5,2,2,ROUGH,ROUGH,1,FAIRWAY,FAIRWAY,RECOVERY,110.1,280.0,True,5,0,True,False,False,False
김시현,11143,2,7,5,3,1,FAIRWAY,FAIRWAY,3,GREEN,GREEN,NORMAL_APPROACH,16.4,110.1,True,5,0,True,False,False,False
김시현,11143,2,8,4,2,2,ROUGH,ROUGH,5,PENALTY_AREA,PENALTY_AREA,RECOVERY,0.0,121.6,False,6,2,False,True,True,False
김시현,11143,2,8,4,3,5,PENALTY_AREA,PENALTY_AREA,8,PENALTY_STROKE,LOST_BALL_PENALTY_RESTART,PENALTY_RESTART,93.3,0.0,False,6,2,False,True,True,False
김시현,11143,2,8,4,4,8,PENALTY_STROKE,LOST_BALL_PENALTY_RESTART,3,GREEN,GREEN,PENALTY_RESTART,8.9,93.3,False,6,2,False,True,True,False
김시현,11143,2,9,4,2,2,ROUGH,ROUGH,3,GREEN,GREEN,RECOVERY,5.5,95.8,True,4,0,True,False,False,False
김시현,11143,2,10,5,2,1,FAIRWAY,FAIRWAY,1,FAIRWAY,FAIRWAY,ADVANCE_LAYUP,101.2,317.9,True,5,0,True,False,False,True
김시현,11143,2,10,5,3,1,FAIRWAY,FAIRWAY,3,GREEN,GREEN,NORMAL_APPROACH,2.3,101.2,True,5,0,True,False,False,True
김시현,11143,2,11,3,2,2,ROUGH,ROUGH,2,ROUGH,ROUGH,RECOVERY,14.5,10.2,False,4,1,False,True,False,
김시현,11143,2,11,3,3,2,ROUGH,ROUGH,3,GREEN,GREEN,RECOVERY,0.7,14.5,False,4,1,False,True,False,
김시현,11143,2,12,4,2,2,ROUGH,ROUGH,2,ROUGH,ROUGH,RECOVERY,11.8,158.6,False,4,0,True,False,False,False
김시현,11143,2,12,4,3,2,ROUGH,ROUGH,3,GREEN,GREEN,RECOVERY,1.3,11.8,False,4,0,True,False,False,False
김시현,11143,2,13,4,2,1,FAIRWAY,FAIRWAY,3,GREEN,GREEN,NORMAL_APPROACH,1.2,88.8,True,3,-1,True,False,False,True
김시현,11143,2,14,4,2,1,FAIRWAY,FAIRWAY,12,FRINGE,FRINGE,NORMAL_APPROACH,11.6,166.9,False,4,0,True,False,False,True
김시현,11143,2,14,4,3,12,FRINGE,FRINGE,3,GREEN,GREEN,SHORT_GAME,1.3,11.6,False,4,0,True,False,False,True
김시현,11143,2,15,4,2,1,FAIRWAY,FAIRWAY,3,GREEN,GREEN,NORMAL_APPROACH,3.7,142.9,True,4,0,True,False,False,True
김시현,11143,2,17,4,2,2,ROUGH,ROUGH,2,ROUGH,ROUGH,RECOVERY,12.2,143.9,False,4,0,True,False,False,False
김시현,11143,2,17,4,3,2,ROUGH,ROUGH,3,GREEN,GREEN,RECOVERY,3.6,12.2,False,4,0,True,False,False,False
김시현,11143,2,18,5,2,1,FAIRWAY,FAIRWAY,1,FAIRWAY,FAIRWAY,ADVANCE_LAYUP,59.5,259.1,True,5,0,True,False,False,True
김시현,11143,2,18,5,3,1,FAIRWAY,FAIRWAY,3,GREEN,GREEN,NORMAL_APPROACH,6.9,59.5,True,5,0,True,False,False,True
김시현,11143,3,1,4,2,1,FAIRWAY,FAIRWAY,2,ROUGH,ROUGH,OTHER_UNRESOLVED,14.3,156.3,False,5,1,False,True,False,True
김시현,11143,3,1,4,3,2,ROUGH,ROUGH,3,GREEN,GREEN,RECOVERY,5.0,14.3,False,5,1,False,True,False,True
김시현,11143,3,2,3,2,12,FRINGE,FRINGE,3,GREEN,GREEN,SHORT_GAME,0.7,11.7,False,3,0,True,False,False,
김시현,11143,3,3,4,2,1,FAIRWAY,FAIRWAY,12,FRINGE,FRINGE,NORMAL_APPROACH,9.5,198.2,False,4,0,True,False,False,True
김시현,11143,3,3,4,3,12,FRINGE,FRINGE,3,GREEN,GREEN,SHORT_GAME,0.3,9.5,False,4,0,True,False,False,True
김시현,11143,3,4,5,2,1,FAIRWAY,FAIRWAY,1,FAIRWAY,FAIRWAY,ADVANCE_LAYUP,73.8,286.1,True,5,0,True,False,False,True
김시현,11143,3,4,5,3,1,FAIRWAY,FAIRWAY,3,GREEN,GREEN,NORMAL_APPROACH,6.9,73.8,True,5,0,True,False,False,True
김시현,11143,3,6,4,2,2,ROUGH,ROUGH,1,FAIRWAY,FAIRWAY,RECOVERY,78.9,180.8,False,5,1,False,True,False,False
김시현,11143,3,6,4,3,1,FAIRWAY,FAIRWAY,12,FRINGE,FRINGE,NORMAL_APPROACH,8.2,78.9,False,5,1,False,True,False,False
김시현,11143,3,6,4,4,12,FRINGE,FRINGE,3,GREEN,GREEN,SHORT_GAME,0.3,8.2,False,5,1,False,True,False,False
김시현,11143,3,7,5,2,6,BUNKER,BUNKER,1,FAIRWAY,FAIRWAY,RECOVERY,137.6,289.2,False,5,0,True,False,False,False
김시현,11143,3,7,5,3,1,FAIRWAY,FAIRWAY,12,FRINGE,FRINGE,NORMAL_APPROACH,8.6,137.6,False,5,0,True,False,False,False
김시현,11143,3,7,5,4,12,FRINGE,FRINGE,3,GREEN,GREEN,SHORT_GAME,1.2,8.6,False,5,0,True,False,False,False
김시현,11143,3,8,4,2,2,ROUGH,ROUGH,5,PENALTY_AREA,PENALTY_AREA,RECOVERY,0.0,162.9,False,5,1,False,True,False,False
김시현,11143,3,8,4,3,5,PENALTY_AREA,PENALTY_AREA,8,PENALTY_STROKE,LOST_BALL_PENALTY_RESTART,PENALTY_RESTART,113.9,0.0,False,5,1,False,True,False,False
김시현,11143,3,8,4,4,8,PENALTY_STROKE,LOST_BALL_PENALTY_RESTART,3,GREEN,GREEN,PENALTY_RESTART,0.5,113.9,False,5,1,False,True,False,False
김시현,11143,3,9,4,2,1,FAIRWAY,FAIRWAY,3,GREEN,GREEN,NORMAL_APPROACH,1.2,90.5,True,3,-1,True,False,False,True
김시현,11143,3,10,5,2,1,FAIRWAY,FAIRWAY,1,FAIRWAY,FAIRWAY,ADVANCE_LAYUP,102.5,297.8,True,5,0,True,False,False,True
김시현,11143,3,10,5,3,1,FAIRWAY,FAIRWAY,3,GREEN,GREEN,NORMAL_APPROACH,8.3,102.5,True,5,0,True,False,False,True
김시현,11143,3,12,4,2,1,FAIRWAY,FAIRWAY,3,GREEN,GREEN,NORMAL_APPROACH,6.4,125.8,True,4,0,True,False,False,True
김시현,11143,3,13,4,2,6,BUNKER,BUNKER,12,FRINGE,FRINGE,RECOVERY,25.3,101.0,False,5,1,False,True,False,False
김시현,11143,3,13,4,3,12,FRINGE,FRINGE,3,GREEN,GREEN,SHORT_GAME,0.8,25.3,False,5,1,False,True,False,False
김시현,11143,3,14,4,2,1,FAIRWAY,FAIRWAY,3,GREEN,GREEN,NORMAL_APPROACH,15.0,145.6,True,4,0,True,False,False,True
김시현,11143,3,15,4,2,2,ROUGH,ROUGH,12,FRINGE,FRINGE,RECOVERY,10.6,175.6,False,5,1,False,True,False,False
김시현,11143,3,15,4,3,12,FRINGE,FRINGE,3,GREEN,GREEN,SHORT_GAME,0.4,10.6,False,5,1,False,True,False,False
김시현,11143,3,17,4,2,1,FAIRWAY,FAIRWAY,3,GREEN,GREEN,NORMAL_APPROACH,3.5,127.2,True,4,0,True,False,False,True
김시현,11143,3,18,5,2,2,ROUGH,ROUGH,1,FAIRWAY,FAIRWAY,RECOVERY,112.4,269.6,True,6,1,False,True,False,False
김시현,11143,3,18,5,3,1,FAIRWAY,FAIRWAY,3,GREEN,GREEN,NORMAL_APPROACH,2.0,112.4,True,6,1,False,True,False,False
김시현,11143,4,1,4,2,6,BUNKER,BUNKER,3,GREEN,GREEN,RECOVERY,0.2,151.8,True,3,-1,True,False,False,False
김시현,11143,4,3,4,2,2,ROUGH,ROUGH,2,ROUGH,ROUGH,RECOVERY,36.8,191.9,False,4,0,True,False,False,False
김시현,11143,4,3,4,3,2,ROUGH,ROUGH,3,GREEN,GREEN,RECOVERY,4.2,36.8,False,4,0,True,False,False,False
김시현,11143,4,4,5,2,2,ROUGH,ROUGH,1,FAIRWAY,FAIRWAY,RECOVERY,142.7,285.0,True,5,0,True,False,False,False
김시현,11143,4,4,5,3,1,FAIRWAY,FAIRWAY,3,GREEN,GREEN,NORMAL_APPROACH,7.8,142.7,True,5,0,True,False,False,False
김시현,11143,4,6,4,2,1,FAIRWAY,FAIRWAY,3,GREEN,GREEN,NORMAL_APPROACH,5.2,132.9,True,4,0,True,False,False,True
김시현,11143,4,7,5,2,1,FAIRWAY,FAIRWAY,1,FAIRWAY,FAIRWAY,ADVANCE_LAYUP,118.6,283.5,True,4,-1,True,False,False,True
김시현,11143,4,7,5,3,1,FAIRWAY,FAIRWAY,3,GREEN,GREEN,NORMAL_APPROACH,7.3,118.6,True,4,-1,True,False,False,True
김시현,11143,4,8,4,2,1,FAIRWAY,FAIRWAY,3,GREEN,GREEN,NORMAL_APPROACH,4.5,130.7,True,4,0,True,False,False,True
김시현,11143,4,9,4,2,1,FAIRWAY,FAIRWAY,3,GREEN,GREEN,NORMAL_APPROACH,2.1,92.5,True,3,-1,True,False,False,True
김시현,11143,4,10,5,2,2,ROUGH,ROUGH,1,FAIRWAY,FAIRWAY,RECOVERY,152.8,293.4,True,5,0,True,False,False,False
김시현,11143,4,10,5,3,1,FAIRWAY,FAIRWAY,3,GREEN,GREEN,NORMAL_APPROACH,13.2,152.8,True,5,0,True,False,False,False
김시현,11143,4,12,4,2,1,FAIRWAY,FAIRWAY,2,ROUGH,ROUGH,OTHER_UNRESOLVED,14.6,137.3,False,5,1,False,True,False,True
김시현,11143,4,12,4,3,2,ROUGH,ROUGH,3,GREEN,GREEN,RECOVERY,7.2,14.6,False,5,1,False,True,False,True
김시현,11143,4,13,4,2,1,FAIRWAY,FAIRWAY,12,FRINGE,FRINGE,NORMAL_APPROACH,8.5,126.9,False,4,0,True,False,False,True
김시현,11143,4,13,4,3,12,FRINGE,FRINGE,3,GREEN,GREEN,SHORT_GAME,0.3,8.5,False,4,0,True,False,False,True
김시현,11143,4,14,4,2,1,FAIRWAY,FAIRWAY,3,GREEN,GREEN,NORMAL_APPROACH,2.7,129.2,True,4,0,True,False,False,True
김시현,11143,4,15,4,2,2,ROUGH,ROUGH,2,ROUGH,ROUGH,RECOVERY,27.6,177.7,False,4,0,True,False,False,False
김시현,11143,4,15,4,3,2,ROUGH,ROUGH,3,GREEN,GREEN,RECOVERY,2.4,27.6,False,4,0,True,False,False,False
김시현,11143,4,17,4,2,1,FAIRWAY,FAIRWAY,3,GREEN,GREEN,NORMAL_APPROACH,0.8,119.3,True,3,-1,True,False,False,True
김시현,11143,4,18,5,2,1,FAIRWAY,FAIRWAY,1,FAIRWAY,FAIRWAY,ADVANCE_LAYUP,89.9,264.8,True,5,0,True,False,False,True
김시현,11143,4,18,5,3,1,FAIRWAY,FAIRWAY,3,GREEN,GREEN,NORMAL_APPROACH,5.1,89.9,True,5,0,True,False,False,True
김지윤2,11216,1,1,4,2,6,BUNKER,BUNKER,1,FAIRWAY,FAIRWAY,RECOVERY,96.6,176.6,False,5,1,False,True,False,False
김지윤2,11216,1,1,4,3,1,FAIRWAY,FAIRWAY,3,GREEN,GREEN,NORMAL_APPROACH,3.7,96.6,False,5,1,False,True,False,False
김지윤2,11216,1,2,3,2,2,ROUGH,ROUGH,3,GREEN,GREEN,RECOVERY,5.4,27.5,False,4,1,False,True,False,
김지윤2,11216,1,3,4,2,1,FAIRWAY,FAIRWAY,9,GREENSIDE_BUNKER,GREENSIDE_BUNKER,OTHER_UNRESOLVED,18.9,172.3,False,5,1,False,True,False,True
김지윤2,11216,1,3,4,3,9,GREENSIDE_BUNKER,GREENSIDE_BUNKER,3,GREEN,GREEN,RECOVERY,3.3,18.9,False,5,1,False,True,False,True
김지윤2,11216,1,4,5,2,1,FAIRWAY,FAIRWAY,1,FAIRWAY,FAIRWAY,ADVANCE_LAYUP,101.8,296.3,True,5,0,True,False,False,True
김지윤2,11216,1,4,5,3,1,FAIRWAY,FAIRWAY,3,GREEN,GREEN,NORMAL_APPROACH,5.7,101.8,True,5,0,True,False,False,True
김지윤2,11216,1,5,3,2,9,GREENSIDE_BUNKER,GREENSIDE_BUNKER,3,GREEN,GREEN,RECOVERY,6.6,37.1,False,4,1,False,True,False,
김지윤2,11216,1,6,4,2,2,ROUGH,ROUGH,9,GREENSIDE_BUNKER,GREENSIDE_BUNKER,RECOVERY,22.5,184.8,False,4,0,True,False,False,False
김지윤2,11216,1,6,4,3,9,GREENSIDE_BUNKER,GREENSIDE_BUNKER,3,GREEN,GREEN,RECOVERY,2.7,22.5,False,4,0,True,False,False,False
김지윤2,11216,1,7,5,2,1,FAIRWAY,FAIRWAY,1,FAIRWAY,FAIRWAY,ADVANCE_LAYUP,106.1,265.5,True,5,0,True,False,False,True
김지윤2,11216,1,7,5,3,1,FAIRWAY,FAIRWAY,3,GREEN,GREEN,NORMAL_APPROACH,3.2,106.1,True,5,0,True,False,False,True
김지윤2,11216,1,8,4,2,1,FAIRWAY,FAIRWAY,5,PENALTY_AREA,PENALTY_AREA,OTHER_UNRESOLVED,17.7,155.3,False,5,1,False,True,False,True
김지윤2,11216,1,8,4,3,5,PENALTY_AREA,PENALTY_AREA,3,GREEN,GREEN,PENALTY_RESTART,4.6,17.7,False,5,1,False,True,False,True
김지윤2,11216,1,9,4,2,2,ROUGH,ROUGH,1,FAIRWAY,FAIRWAY,RECOVERY,102.0,129.7,False,5,1,False,True,False,False
김지윤2,11216,1,9,4,3,1,FAIRWAY,FAIRWAY,3,GREEN,GREEN,NORMAL_APPROACH,8.6,102.0,False,5,1,False,True,False,False
김지윤2,11216,1,10,5,2,2,ROUGH,ROUGH,1,FAIRWAY,FAIRWAY,RECOVERY,124.4,303.5,False,5,0,True,False,False,False
김지윤2,11216,1,10,5,3,1,FAIRWAY,FAIRWAY,2,ROUGH,ROUGH,ADVANCE_LAYUP,9.1,124.4,False,5,0,True,False,False,False
김지윤2,11216,1,10,5,4,2,ROUGH,ROUGH,3,GREEN,GREEN,RECOVERY,2.8,9.1,False,5,0,True,False,False,False
김지윤2,11216,1,11,3,2,2,ROUGH,ROUGH,3,GREEN,GREEN,RECOVERY,4.3,18.2,False,4,1,False,True,False,
김지윤2,11216,1,12,4,2,1,FAIRWAY,FAIRWAY,3,GREEN,GREEN,NORMAL_APPROACH,10.6,150.6,True,4,0,True,False,False,True
김지윤2,11216,1,13,4,2,1,FAIRWAY,FAIRWAY,3,GREEN,GREEN,NORMAL_APPROACH,12.3,123.8,True,4,0,True,False,False,True
김지윤2,11216,1,14,4,2,2,ROUGH,ROUGH,12,FRINGE,FRINGE,RECOVERY,15.6,127.9,False,5,1,False,True,False,False
김지윤2,11216,1,14,4,3,12,FRINGE,FRINGE,3,GREEN,GREEN,SHORT_GAME,2.8,15.6,False,5,1,False,True,False,False
김지윤2,11216,1,15,4,2,2,ROUGH,ROUGH,2,ROUGH,ROUGH,RECOVERY,32.9,156.0,False,5,1,False,True,False,False
김지윤2,11216,1,15,4,3,2,ROUGH,ROUGH,3,GREEN,GREEN,RECOVERY,6.4,32.9,False,5,1,False,True,False,False
김지윤2,11216,1,17,4,2,2,ROUGH,ROUGH,3,GREEN,GREEN,RECOVERY,20.7,139.6,True,5,1,False,True,False,False
김지윤2,11216,1,18,5,2,1,FAIRWAY,FAIRWAY,1,FAIRWAY,FAIRWAY,ADVANCE_LAYUP,103.3,286.5,True,5,0,True,False,False,True
김지윤2,11216,1,18,5,3,1,FAIRWAY,FAIRWAY,3,GREEN,GREEN,NORMAL_APPROACH,4.6,103.3,True,5,0,True,False,False,True
김지윤2,11216,2,1,4,2,2,ROUGH,ROUGH,3,GREEN,GREEN,RECOVERY,21.7,158.0,True,5,1,False,True,False,False
김지윤2,11216,2,2,3,2,12,FRINGE,FRINGE,3,GREEN,GREEN,SHORT_GAME,2.4,14.3,False,4,1,False,True,False,
김지윤2,11216,2,3,4,2,1,FAIRWAY,FAIRWAY,2,ROUGH,ROUGH,OTHER_UNRESOLVED,27.3,203.2,False,4,0,True,False,False,True
김지윤2,11216,2,3,4,3,2,ROUGH,ROUGH,3,GREEN,GREEN,RECOVERY,1.5,27.3,False,4,0,True,False,False,True
김지윤2,11216,2,4,5,2,2,ROUGH,ROUGH,1,FAIRWAY,FAIRWAY,RECOVERY,190.3,305.2,True,6,1,False,True,False,False
김지윤2,11216,2,4,5,3,1,FAIRWAY,FAIRWAY,3,GREEN,GREEN,NORMAL_APPROACH,11.7,190.3,True,6,1,False,True,False,False
김지윤2,11216,2,6,4,2,2,ROUGH,ROUGH,9,GREENSIDE_BUNKER,GREENSIDE_BUNKER,RECOVERY,17.1,176.2,False,5,1,False,True,False,False
김지윤2,11216,2,6,4,3,9,GREENSIDE_BUNKER,GREENSIDE_BUNKER,3,GREEN,GREEN,RECOVERY,7.6,17.1,False,5,1,False,True,False,False
김지윤2,11216,2,7,5,2,1,FAIRWAY,FAIRWAY,2,ROUGH,ROUGH,ADVANCE_LAYUP,79.3,295.4,True,5,0,True,False,False,True
김지윤2,11216,2,7,5,3,2,ROUGH,ROUGH,3,GREEN,GREEN,RECOVERY,11.1,79.3,True,5,0,True,False,False,True
김지윤2,11216,2,8,4,2,2,ROUGH,ROUGH,1,FAIRWAY,FAIRWAY,RECOVERY,107.1,150.3,False,5,1,False,True,False,False
김지윤2,11216,2,8,4,3,1,FAIRWAY,FAIRWAY,12,FRINGE,FRINGE,NORMAL_APPROACH,7.3,107.1,False,5,1,False,True,False,False
김지윤2,11216,2,8,4,4,12,FRINGE,FRINGE,3,GREEN,GREEN,SHORT_GAME,0.3,7.3,False,5,1,False,True,False,False
김지윤2,11216,2,9,4,2,1,FAIRWAY,FAIRWAY,3,GREEN,GREEN,NORMAL_APPROACH,6.7,119.3,True,4,0,True,False,False,True
김지윤2,11216,2,10,5,2,2,ROUGH,ROUGH,2,ROUGH,ROUGH,RECOVERY,209.5,344.1,False,6,1,False,True,False,False
김지윤2,11216,2,10,5,3,2,ROUGH,ROUGH,1,FAIRWAY,FAIRWAY,RECOVERY,115.4,209.5,False,6,1,False,True,False,False
김지윤2,11216,2,10,5,4,1,FAIRWAY,FAIRWAY,3,GREEN,GREEN,NORMAL_APPROACH,7.8,115.4,False,6,1,False,True,False,False
김지윤2,11216,2,11,3,2,2,ROUGH,ROUGH,2,ROUGH,ROUGH,RECOVERY,11.9,16.1,False,4,1,False,True,False,
김지윤2,11216,2,11,3,3,2,ROUGH,ROUGH,3,GREEN,GREEN,RECOVERY,2.5,11.9,False,4,1,False,True,False,
김지윤2,11216,2,12,4,2,2,ROUGH,ROUGH,3,GREEN,GREEN,RECOVERY,12.9,162.4,True,4,0,True,False,False,False
김지윤2,11216,2,13,4,2,2,ROUGH,ROUGH,3,GREEN,GREEN,RECOVERY,3.4,152.9,True,4,0,True,False,False,False
김지윤2,11216,2,14,4,2,1,FAIRWAY,FAIRWAY,2,ROUGH,ROUGH,OTHER_UNRESOLVED,24.6,153.2,False,5,1,False,True,False,True
김지윤2,11216,2,14,4,3,2,ROUGH,ROUGH,3,GREEN,GREEN,RECOVERY,3.7,24.6,False,5,1,False,True,False,True
김지윤2,11216,2,15,4,2,1,FAIRWAY,FAIRWAY,2,ROUGH,ROUGH,OTHER_UNRESOLVED,17.4,159.0,False,4,0,True,False,False,True
김지윤2,11216,2,15,4,3,2,ROUGH,ROUGH,3,GREEN,GREEN,RECOVERY,0.9,17.4,False,4,0,True,False,False,True
김지윤2,11216,2,17,4,2,1,FAIRWAY,FAIRWAY,3,GREEN,GREEN,NORMAL_APPROACH,6.3,156.4,True,4,0,True,False,False,True
김지윤2,11216,2,18,5,2,1,FAIRWAY,FAIRWAY,1,FAIRWAY,FAIRWAY,ADVANCE_LAYUP,92.5,284.8,False,3,-2,True,False,False,True
김지윤2,11216,2,18,5,3,1,FAIRWAY,FAIRWAY,10,HOLED,HOLED,ADVANCE_LAYUP,0.0,92.5,False,3,-2,True,False,False,True
한아름,11447,1,1,4,2,1,FAIRWAY,FAIRWAY,3,GREEN,GREEN,NORMAL_APPROACH,8.0,180.3,True,4,0,True,False,False,True
한아름,11447,1,3,4,2,1,FAIRWAY,FAIRWAY,3,GREEN,GREEN,NORMAL_APPROACH,15.6,163.7,True,4,0,True,False,False,True
한아름,11447,1,4,5,2,2,ROUGH,ROUGH,2,ROUGH,ROUGH,RECOVERY,152.8,307.7,False,5,0,True,False,False,False
한아름,11447,1,4,5,3,2,ROUGH,ROUGH,12,FRINGE,FRINGE,RECOVERY,7.5,152.8,False,5,0,True,False,False,False
한아름,11447,1,4,5,4,12,FRINGE,FRINGE,3,GREEN,GREEN,SHORT_GAME,0.3,7.5,False,5,0,True,False,False,False
한아름,11447,1,5,3,2,9,GREENSIDE_BUNKER,GREENSIDE_BUNKER,12,FRINGE,FRINGE,RECOVERY,6.2,13.7,False,5,2,False,True,True,
한아름,11447,1,5,3,3,12,FRINGE,FRINGE,3,GREEN,GREEN,SHORT_GAME,1.1,6.2,False,5,2,False,True,True,
한아름,11447,1,6,4,2,1,FAIRWAY,FAIRWAY,2,ROUGH,ROUGH,OTHER_UNRESOLVED,25.3,160.4,False,5,1,False,True,False,True
한아름,11447,1,6,4,3,2,ROUGH,ROUGH,3,GREEN,GREEN,RECOVERY,9.3,25.3,False,5,1,False,True,False,True
한아름,11447,1,7,5,2,6,BUNKER,BUNKER,1,FAIRWAY,FAIRWAY,RECOVERY,128.8,266.7,False,5,0,True,False,False,False
한아름,11447,1,7,5,3,1,FAIRWAY,FAIRWAY,9,GREENSIDE_BUNKER,GREENSIDE_BUNKER,ADVANCE_LAYUP,12.9,128.8,False,5,0,True,False,False,False
한아름,11447,1,7,5,4,9,GREENSIDE_BUNKER,GREENSIDE_BUNKER,3,GREEN,GREEN,RECOVERY,1.1,12.9,False,5,0,True,False,False,False
한아름,11447,1,8,4,2,2,ROUGH,ROUGH,1,FAIRWAY,FAIRWAY,RECOVERY,151.0,156.3,False,4,0,True,False,False,False
한아름,11447,1,8,4,3,1,FAIRWAY,FAIRWAY,3,GREEN,GREEN,NORMAL_APPROACH,9.1,151.0,False,4,0,True,False,False,False
한아름,11447,1,9,4,2,2,ROUGH,ROUGH,12,FRINGE,FRINGE,RECOVERY,14.1,131.2,False,4,0,True,False,False,False
한아름,11447,1,9,4,3,12,FRINGE,FRINGE,3,GREEN,GREEN,SHORT_GAME,5.9,14.1,False,4,0,True,False,False,False
한아름,11447,1,10,5,2,2,ROUGH,ROUGH,1,FAIRWAY,FAIRWAY,RECOVERY,132.9,316.8,True,5,0,True,False,False,False
한아름,11447,1,10,5,3,1,FAIRWAY,FAIRWAY,3,GREEN,GREEN,NORMAL_APPROACH,4.8,132.9,True,5,0,True,False,False,False
한아름,11447,1,12,4,2,1,FAIRWAY,FAIRWAY,3,GREEN,GREEN,NORMAL_APPROACH,5.4,132.1,True,4,0,True,False,False,True
한아름,11447,1,13,4,2,1,FAIRWAY,FAIRWAY,12,FRINGE,FRINGE,NORMAL_APPROACH,8.1,112.1,False,4,0,True,False,False,True
한아름,11447,1,13,4,3,12,FRINGE,FRINGE,3,GREEN,GREEN,SHORT_GAME,1.0,8.1,False,4,0,True,False,False,True
한아름,11447,1,14,4,2,1,FAIRWAY,FAIRWAY,12,FRINGE,FRINGE,NORMAL_APPROACH,16.8,156.1,False,5,1,False,True,False,True
한아름,11447,1,14,4,3,12,FRINGE,FRINGE,3,GREEN,GREEN,SHORT_GAME,2.0,16.8,False,5,1,False,True,False,True
한아름,11447,1,15,4,2,1,FAIRWAY,FAIRWAY,3,GREEN,GREEN,NORMAL_APPROACH,3.8,159.4,True,4,0,True,False,False,True
한아름,11447,1,17,4,2,1,FAIRWAY,FAIRWAY,3,GREEN,GREEN,NORMAL_APPROACH,8.1,118.1,True,4,0,True,False,False,True
한아름,11447,1,18,5,2,6,BUNKER,BUNKER,1,FAIRWAY,FAIRWAY,RECOVERY,155.7,319.5,True,6,1,False,True,False,False
한아름,11447,1,18,5,3,1,FAIRWAY,FAIRWAY,3,GREEN,GREEN,NORMAL_APPROACH,19.0,155.7,True,6,1,False,True,False,False
한아름,11447,2,1,4,2,1,FAIRWAY,FAIRWAY,3,GREEN,GREEN,NORMAL_APPROACH,1.6,163.3,True,3,-1,True,False,False,True
한아름,11447,2,3,4,2,1,FAIRWAY,FAIRWAY,3,GREEN,GREEN,NORMAL_APPROACH,5.2,174.7,True,4,0,True,False,False,True
한아름,11447,2,4,5,2,2,ROUGH,ROUGH,6,BUNKER,BUNKER,RECOVERY,103.0,254.8,True,5,0,True,False,False,False
한아름,11447,2,4,5,3,6,BUNKER,BUNKER,3,GREEN,GREEN,RECOVERY,4.0,103.0,True,5,0,True,False,False,False
한아름,11447,2,6,4,2,1,FAIRWAY,FAIRWAY,12,FRINGE,FRINGE,NORMAL_APPROACH,6.2,152.8,False,4,0,True,False,False,True
한아름,11447,2,6,4,3,12,FRINGE,FRINGE,3,GREEN,GREEN,SHORT_GAME,0.3,6.2,False,4,0,True,False,False,True
한아름,11447,2,7,5,2,1,FAIRWAY,FAIRWAY,2,ROUGH,ROUGH,ADVANCE_LAYUP,83.6,282.5,True,4,-1,True,False,False,True
한아름,11447,2,7,5,3,2,ROUGH,ROUGH,3,GREEN,GREEN,RECOVERY,4.2,83.6,True,4,-1,True,False,False,True
한아름,11447,2,8,4,2,2,ROUGH,ROUGH,3,GREEN,GREEN,RECOVERY,8.0,151.5,True,3,-1,True,False,False,False
한아름,11447,2,9,4,2,2,ROUGH,ROUGH,3,GREEN,GREEN,RECOVERY,17.2,145.9,True,4,0,True,False,False,False
한아름,11447,2,10,5,2,2,ROUGH,ROUGH,1,FAIRWAY,FAIRWAY,RECOVERY,336.9,366.1,False,7,2,False,True,True,False
한아름,11447,2,10,5,3,1,FAIRWAY,FAIRWAY,1,FAIRWAY,FAIRWAY,ADVANCE_LAYUP,143.8,336.9,False,7,2,False,True,True,False
한아름,11447,2,10,5,4,1,FAIRWAY,FAIRWAY,3,GREEN,GREEN,NORMAL_APPROACH,8.2,143.8,False,7,2,False,True,True,False
한아름,11447,2,12,4,2,2,ROUGH,ROUGH,3,GREEN,GREEN,RECOVERY,9.8,170.9,True,5,1,False,True,False,False
한아름,11447,2,13,4,2,1,FAIRWAY,FAIRWAY,3,GREEN,GREEN,NORMAL_APPROACH,1.5,104.3,True,3,-1,True,False,False,True
한아름,11447,2,14,4,2,1,FAIRWAY,FAIRWAY,3,GREEN,GREEN,NORMAL_APPROACH,1.2,167.4,True,3,-1,True,False,False,True
한아름,11447,2,15,4,2,2,ROUGH,ROUGH,2,ROUGH,ROUGH,RECOVERY,20.5,161.0,False,4,0,True,False,False,False
한아름,11447,2,15,4,3,2,ROUGH,ROUGH,3,GREEN,GREEN,RECOVERY,2.8,20.5,False,4,0,True,False,False,False
한아름,11447,2,17,4,2,6,BUNKER,BUNKER,3,GREEN,GREEN,RECOVERY,3.5,122.7,True,4,0,True,False,False,False
한아름,11447,2,18,5,2,2,ROUGH,ROUGH,2,ROUGH,ROUGH,RECOVERY,187.5,285.0,False,6,1,False,True,False,False
한아름,11447,2,18,5,3,2,ROUGH,ROUGH,1,FAIRWAY,FAIRWAY,RECOVERY,73.4,187.5,False,6,1,False,True,False,False
한아름,11447,2,18,5,4,1,FAIRWAY,FAIRWAY,3,GREEN,GREEN,NORMAL_APPROACH,5.0,73.4,False,6,1,False,True,False,False
한아름,11447,3,1,4,2,2,ROUGH,ROUGH,3,GREEN,GREEN,RECOVERY,14.4,170.7,True,4,0,True,False,False,False
한아름,11447,3,3,4,2,2,ROUGH,ROUGH,2,ROUGH,ROUGH,RECOVERY,102.8,217.1,False,6,2,False,True,True,False
한아름,11447,3,3,4,3,2,ROUGH,ROUGH,12,FRINGE,FRINGE,RECOVERY,11.0,102.8,False,6,2,False,True,True,False
한아름,11447,3,3,4,4,12,FRINGE,FRINGE,3,GREEN,GREEN,SHORT_GAME,1.3,11.0,False,6,2,False,True,True,False
한아름,11447,3,4,5,2,2,ROUGH,ROUGH,1,FAIRWAY,FAIRWAY,RECOVERY,137.4,279.1,False,5,0,True,False,False,False
한아름,11447,3,4,5,3,1,FAIRWAY,FAIRWAY,12,FRINGE,FRINGE,NORMAL_APPROACH,11.9,137.4,False,5,0,True,False,False,False
한아름,11447,3,4,5,4,12,FRINGE,FRINGE,3,GREEN,GREEN,SHORT_GAME,0.3,11.9,False,5,0,True,False,False,False
한아름,11447,3,6,4,2,1,FAIRWAY,FAIRWAY,3,GREEN,GREEN,NORMAL_APPROACH,13.0,181.0,True,4,0,True,False,False,True
한아름,11447,3,7,5,2,7,LOST_BALL,LOST_BALL_PENALTY_RESTART,8,PENALTY_STROKE,LOST_BALL_PENALTY_RESTART,PENALTY_RESTART,507.9,507.9,False,7,2,False,True,True,False
한아름,11447,3,7,5,3,8,PENALTY_STROKE,LOST_BALL_PENALTY_RESTART,1,FAIRWAY,FAIRWAY,PENALTY_RESTART,302.8,507.9,False,7,2,False,True,True,False
한아름,11447,3,7,5,4,1,FAIRWAY,FAIRWAY,2,ROUGH,ROUGH,ADVANCE_LAYUP,94.3,302.8,False,7,2,False,True,True,False
한아름,11447,3,7,5,5,2,ROUGH,ROUGH,3,GREEN,GREEN,RECOVERY,7.4,94.3,False,7,2,False,True,True,False
한아름,11447,3,8,4,2,2,ROUGH,ROUGH,12,FRINGE,FRINGE,RECOVERY,29.5,168.0,False,4,0,True,False,False,False
한아름,11447,3,8,4,3,12,FRINGE,FRINGE,3,GREEN,GREEN,SHORT_GAME,1.0,29.5,False,4,0,True,False,False,False
한아름,11447,3,9,4,2,1,FAIRWAY,FAIRWAY,12,FRINGE,FRINGE,NORMAL_APPROACH,4.5,105.3,False,4,0,True,False,False,True
한아름,11447,3,9,4,3,12,FRINGE,FRINGE,3,GREEN,GREEN,SHORT_GAME,0.7,4.5,False,4,0,True,False,False,True
한아름,11447,3,10,5,2,2,ROUGH,ROUGH,1,FAIRWAY,FAIRWAY,RECOVERY,117.2,319.2,True,5,0,True,False,False,False
한아름,11447,3,10,5,3,1,FAIRWAY,FAIRWAY,3,GREEN,GREEN,NORMAL_APPROACH,4.7,117.2,True,5,0,True,False,False,False
한아름,11447,3,11,3,2,2,ROUGH,ROUGH,3,GREEN,GREEN,RECOVERY,1.0,13.8,False,4,1,False,True,False,
한아름,11447,3,12,4,2,1,FAIRWAY,FAIRWAY,3,GREEN,GREEN,NORMAL_APPROACH,10.9,149.5,True,4,0,True,False,False,True
한아름,11447,3,13,4,2,2,ROUGH,ROUGH,2,ROUGH,ROUGH,RECOVERY,8.1,143.5,False,5,1,False,True,False,False
한아름,11447,3,13,4,3,2,ROUGH,ROUGH,3,GREEN,GREEN,RECOVERY,5.6,8.1,False,5,1,False,True,False,False
한아름,11447,3,14,4,2,1,FAIRWAY,FAIRWAY,3,GREEN,GREEN,NORMAL_APPROACH,2.2,141.6,True,4,0,True,False,False,True
한아름,11447,3,15,4,2,2,ROUGH,ROUGH,2,ROUGH,ROUGH,RECOVERY,16.6,145.5,False,4,0,True,False,False,False
한아름,11447,3,15,4,3,2,ROUGH,ROUGH,3,GREEN,GREEN,RECOVERY,0.4,16.6,False,4,0,True,False,False,False
한아름,11447,3,17,4,2,1,FAIRWAY,FAIRWAY,3,GREEN,GREEN,NORMAL_APPROACH,2.1,136.4,True,3,-1,True,False,False,True
한아름,11447,3,18,5,2,6,BUNKER,BUNKER,1,FAIRWAY,FAIRWAY,RECOVERY,162.8,303.3,True,5,0,True,False,False,False
한아름,11447,3,18,5,3,1,FAIRWAY,FAIRWAY,3,GREEN,GREEN,NORMAL_APPROACH,5.4,162.8,True,5,0,True,False,False,False
한아름,11447,4,1,4,2,1,FAIRWAY,FAIRWAY,3,GREEN,GREEN,NORMAL_APPROACH,9.1,171.0,True,4,0,True,False,False,True
한아름,11447,4,2,3,2,2,ROUGH,ROUGH,3,GREEN,GREEN,RECOVERY,0.4,11.7,False,3,0,True,False,False,
한아름,11447,4,3,4,2,1,FAIRWAY,FAIRWAY,2,ROUGH,ROUGH,OTHER_UNRESOLVED,13.2,195.8,False,5,1,False,True,False,True
한아름,11447,4,3,4,3,2,ROUGH,ROUGH,3,GREEN,GREEN,RECOVERY,3.0,13.2,False,5,1,False,True,False,True
한아름,11447,4,4,5,2,1,FAIRWAY,FAIRWAY,2,ROUGH,ROUGH,ADVANCE_LAYUP,78.8,287.4,True,5,0,True,False,False,True
한아름,11447,4,4,5,3,2,ROUGH,ROUGH,3,GREEN,GREEN,RECOVERY,9.9,78.8,True,5,0,True,False,False,True
한아름,11447,4,6,4,2,1,FAIRWAY,FAIRWAY,9,GREENSIDE_BUNKER,GREENSIDE_BUNKER,OTHER_UNRESOLVED,13.4,148.2,False,5,1,False,True,False,True
한아름,11447,4,6,4,3,9,GREENSIDE_BUNKER,GREENSIDE_BUNKER,3,GREEN,GREEN,RECOVERY,2.6,13.4,False,5,1,False,True,False,True
한아름,11447,4,7,5,2,6,BUNKER,BUNKER,1,FAIRWAY,FAIRWAY,RECOVERY,171.6,291.7,False,5,0,True,False,False,False
한아름,11447,4,7,5,3,1,FAIRWAY,FAIRWAY,12,FRINGE,FRINGE,NORMAL_APPROACH,7.3,171.6,False,5,0,True,False,False,False
한아름,11447,4,7,5,4,12,FRINGE,FRINGE,3,GREEN,GREEN,SHORT_GAME,1.1,7.3,False,5,0,True,False,False,False
한아름,11447,4,8,4,2,2,ROUGH,ROUGH,1,FAIRWAY,FAIRWAY,RECOVERY,111.1,155.7,False,5,1,False,True,False,False
한아름,11447,4,8,4,3,1,FAIRWAY,FAIRWAY,3,GREEN,GREEN,NORMAL_APPROACH,3.9,111.1,False,5,1,False,True,False,False
한아름,11447,4,9,4,2,1,FAIRWAY,FAIRWAY,3,GREEN,GREEN,NORMAL_APPROACH,4.7,117.7,True,4,0,True,False,False,True
한아름,11447,4,10,5,2,1,FAIRWAY,FAIRWAY,1,FAIRWAY,FAIRWAY,ADVANCE_LAYUP,111.8,308.7,True,5,0,True,False,False,True
한아름,11447,4,10,5,3,1,FAIRWAY,FAIRWAY,3,GREEN,GREEN,NORMAL_APPROACH,5.1,111.8,True,5,0,True,False,False,True
한아름,11447,4,12,4,2,2,ROUGH,ROUGH,3,GREEN,GREEN,RECOVERY,11.2,150.4,True,5,1,False,True,False,False
한아름,11447,4,13,4,2,6,BUNKER,BUNKER,12,FRINGE,FRINGE,RECOVERY,29.3,115.5,False,5,1,False,True,False,False
한아름,11447,4,13,4,3,12,FRINGE,FRINGE,3,GREEN,GREEN,SHORT_GAME,4.2,29.3,False,5,1,False,True,False,False
한아름,11447,4,14,4,2,1,FAIRWAY,FAIRWAY,12,FRINGE,FRINGE,NORMAL_APPROACH,12.1,141.3,False,4,0,True,False,False,True
한아름,11447,4,14,4,3,12,FRINGE,FRINGE,3,GREEN,GREEN,SHORT_GAME,1.1,12.1,False,4,0,True,False,False,True
한아름,11447,4,15,4,2,1,FAIRWAY,FAIRWAY,3,GREEN,GREEN,NORMAL_APPROACH,9.6,176.2,True,4,0,True,False,False,True
한아름,11447,4,17,4,2,1,FAIRWAY,FAIRWAY,3,GREEN,GREEN,NORMAL_APPROACH,4.2,124.5,True,4,0,True,False,False,True
한아름,11447,4,18,5,2,1,FAIRWAY,FAIRWAY,5,PENALTY_AREA,PENALTY_AREA,ADVANCE_LAYUP,0.0,291.0,False,5,0,True,False,False,True
한아름,11447,4,18,5,3,5,PENALTY_AREA,PENALTY_AREA,8,PENALTY_STROKE,LOST_BALL_PENALTY_RESTART,PENALTY_RESTART,111.6,0.0,False,5,0,True,False,False,True
한아름,11447,4,18,5,4,8,PENALTY_STROKE,LOST_BALL_PENALTY_RESTART,3,GREEN,GREEN,PENALTY_RESTART,4.3,111.6,False,5,0,True,False,False,True
이윤서,11469,1,1,4,2,1,FAIRWAY,FAIRWAY,3,GREEN,GREEN,NORMAL_APPROACH,10.5,186.2,True,4,0,True,False,False,True
이윤서,11469,1,3,4,2,2,ROUGH,ROUGH,9,GREENSIDE_BUNKER,GREENSIDE_BUNKER,RECOVERY,26.2,188.6,False,5,1,False,True,False,False
이윤서,11469,1,3,4,3,9,GREENSIDE_BUNKER,GREENSIDE_BUNKER,12,FRINGE,FRINGE,RECOVERY,5.2,26.2,False,5,1,False,True,False,False
이윤서,11469,1,3,4,4,12,FRINGE,FRINGE,3,GREEN,GREEN,SHORT_GAME,0.8,5.2,False,5,1,False,True,False,False
이윤서,11469,1,4,5,2,1,FAIRWAY,FAIRWAY,2,ROUGH,ROUGH,ADVANCE_LAYUP,89.7,296.8,False,6,1,False,True,False,True
이윤서,11469,1,4,5,3,2,ROUGH,ROUGH,12,FRINGE,FRINGE,RECOVERY,13.2,89.7,False,6,1,False,True,False,True
이윤서,11469,1,4,5,4,12,FRINGE,FRINGE,3,GREEN,GREEN,SHORT_GAME,2.4,13.2,False,6,1,False,True,False,True
이윤서,11469,1,5,3,2,2,ROUGH,ROUGH,3,GREEN,GREEN,RECOVERY,1.6,11.7,False,3,0,True,False,False,
이윤서,11469,1,6,4,2,1,FAIRWAY,FAIRWAY,9,GREENSIDE_BUNKER,GREENSIDE_BUNKER,OTHER_UNRESOLVED,11.8,171.2,False,5,1,False,True,False,True
이윤서,11469,1,6,4,3,9,GREENSIDE_BUNKER,GREENSIDE_BUNKER,12,FRINGE,FRINGE,RECOVERY,4.5,11.8,False,5,1,False,True,False,True
이윤서,11469,1,6,4,4,12,FRINGE,FRINGE,3,GREEN,GREEN,SHORT_GAME,0.2,4.5,False,5,1,False,True,False,True
이윤서,11469,1,7,5,2,2,ROUGH,ROUGH,1,FAIRWAY,FAIRWAY,RECOVERY,121.9,301.5,True,5,0,True,False,False,False
이윤서,11469,1,7,5,3,1,FAIRWAY,FAIRWAY,3,GREEN,GREEN,NORMAL_APPROACH,5.2,121.9,True,5,0,True,False,False,False
이윤서,11469,1,8,4,2,2,ROUGH,ROUGH,1,FAIRWAY,FAIRWAY,RECOVERY,132.7,173.6,False,5,1,False,True,False,False
이윤서,11469,1,8,4,3,1,FAIRWAY,FAIRWAY,3,GREEN,GREEN,NORMAL_APPROACH,9.6,132.7,False,5,1,False,True,False,False
이윤서,11469,1,9,4,2,1,FAIRWAY,FAIRWAY,12,FRINGE,FRINGE,NORMAL_APPROACH,20.3,153.0,False,5,1,False,True,False,True
이윤서,11469,1,9,4,3,12,FRINGE,FRINGE,3,GREEN,GREEN,SHORT_GAME,3.2,20.3,False,5,1,False,True,False,True
이윤서,11469,1,10,5,2,2,ROUGH,ROUGH,2,ROUGH,ROUGH,RECOVERY,211.6,337.5,False,8,3,False,True,True,False
이윤서,11469,1,10,5,3,2,ROUGH,ROUGH,7,LOST_BALL,LOST_BALL_PENALTY_RESTART,RECOVERY,211.6,211.6,False,8,3,False,True,True,False
이윤서,11469,1,10,5,4,7,LOST_BALL,LOST_BALL_PENALTY_RESTART,8,PENALTY_STROKE,LOST_BALL_PENALTY_RESTART,PENALTY_RESTART,211.6,211.6,False,8,3,False,True,True,False
이윤서,11469,1,10,5,5,8,PENALTY_STROKE,LOST_BALL_PENALTY_RESTART,2,ROUGH,ROUGH,PENALTY_RESTART,42.4,211.6,False,8,3,False,True,True,False
이윤서,11469,1,10,5,6,2,ROUGH,ROUGH,3,GREEN,GREEN,RECOVERY,4.5,42.4,False,8,3,False,True,True,False
이윤서,11469,1,12,4,2,2,ROUGH,ROUGH,3,GREEN,GREEN,RECOVERY,25.2,171.0,True,4,0,True,False,False,False
이윤서,11469,1,13,4,2,2,ROUGH,ROUGH,2,ROUGH,ROUGH,RECOVERY,8.4,113.4,False,4,0,True,False,False,False
이윤서,11469,1,13,4,3,2,ROUGH,ROUGH,3,GREEN,GREEN,RECOVERY,0.6,8.4,False,4,0,True,False,False,False
이윤서,11469,1,14,4,2,1,FAIRWAY,FAIRWAY,3,GREEN,GREEN,NORMAL_APPROACH,8.5,152.3,True,5,1,False,True,False,True
이윤서,11469,1,15,4,2,2,ROUGH,ROUGH,3,GREEN,GREEN,RECOVERY,5.4,151.1,True,4,0,True,False,False,False
이윤서,11469,1,16,3,2,12,FRINGE,FRINGE,3,GREEN,GREEN,SHORT_GAME,0.4,8.1,False,3,0,True,False,False,
이윤서,11469,1,17,4,2,1,FAIRWAY,FAIRWAY,3,GREEN,GREEN,NORMAL_APPROACH,7.1,115.0,True,4,0,True,False,False,True
이윤서,11469,1,18,5,2,1,FAIRWAY,FAIRWAY,1,FAIRWAY,FAIRWAY,ADVANCE_LAYUP,131.4,298.1,False,5,0,True,False,False,True
이윤서,11469,1,18,5,3,1,FAIRWAY,FAIRWAY,2,ROUGH,ROUGH,ADVANCE_LAYUP,6.0,131.4,False,5,0,True,False,False,True
이윤서,11469,1,18,5,4,2,ROUGH,ROUGH,3,GREEN,GREEN,RECOVERY,1.3,6.0,False,5,0,True,False,False,True
이윤서,11469,2,1,4,2,2,ROUGH,ROUGH,2,ROUGH,ROUGH,RECOVERY,30.9,153.0,False,5,1,False,True,False,False
이윤서,11469,2,1,4,3,2,ROUGH,ROUGH,3,GREEN,GREEN,RECOVERY,7.9,30.9,False,5,1,False,True,False,False
이윤서,11469,2,3,4,2,1,FAIRWAY,FAIRWAY,2,ROUGH,ROUGH,OTHER_UNRESOLVED,22.0,186.3,False,4,0,True,False,False,True
이윤서,11469,2,3,4,3,2,ROUGH,ROUGH,3,GREEN,GREEN,RECOVERY,1.1,22.0,False,4,0,True,False,False,True
이윤서,11469,2,4,5,2,1,FAIRWAY,FAIRWAY,1,FAIRWAY,FAIRWAY,ADVANCE_LAYUP,93.7,308.7,True,5,0,True,False,False,True
이윤서,11469,2,4,5,3,1,FAIRWAY,FAIRWAY,3,GREEN,GREEN,NORMAL_APPROACH,4.0,93.7,True,5,0,True,False,False,True
이윤서,11469,2,6,4,2,1,FAIRWAY,FAIRWAY,2,ROUGH,ROUGH,OTHER_UNRESOLVED,9.3,164.2,False,4,0,True,False,False,True
이윤서,11469,2,6,4,3,2,ROUGH,ROUGH,3,GREEN,GREEN,RECOVERY,1.3,9.3,False,4,0,True,False,False,True
이윤서,11469,2,7,5,2,1,FAIRWAY,FAIRWAY,1,FAIRWAY,FAIRWAY,ADVANCE_LAYUP,102.4,300.3,True,4,-1,True,False,False,True
이윤서,11469,2,7,5,3,1,FAIRWAY,FAIRWAY,3,GREEN,GREEN,NORMAL_APPROACH,1.1,102.4,True,4,-1,True,False,False,True
이윤서,11469,2,8,4,2,1,FAIRWAY,FAIRWAY,3,GREEN,GREEN,NORMAL_APPROACH,7.9,147.7,True,4,0,True,False,False,True
이윤서,11469,2,9,4,2,1,FAIRWAY,FAIRWAY,3,GREEN,GREEN,NORMAL_APPROACH,11.1,131.6,True,4,0,True,False,False,True
이윤서,11469,2,10,5,2,2,ROUGH,ROUGH,2,ROUGH,ROUGH,RECOVERY,329.5,345.9,False,7,2,False,True,True,False
이윤서,11469,2,10,5,3,2,ROUGH,ROUGH,2,ROUGH,ROUGH,RECOVERY,312.1,329.5,False,7,2,False,True,True,False
이윤서,11469,2,10,5,4,2,ROUGH,ROUGH,1,FAIRWAY,FAIRWAY,RECOVERY,140.1,312.1,False,7,2,False,True,True,False
이윤서,11469,2,10,5,5,1,FAIRWAY,FAIRWAY,12,FRINGE,FRINGE,NORMAL_APPROACH,5.0,140.1,False,7,2,False,True,True,False
이윤서,11469,2,10,5,6,12,FRINGE,FRINGE,3,GREEN,GREEN,SHORT_GAME,0.5,5.0,False,7,2,False,True,True,False
이윤서,11469,2,11,3,2,12,FRINGE,FRINGE,3,GREEN,GREEN,SHORT_GAME,3.4,8.4,False,4,1,False,True,False,
이윤서,11469,2,12,4,2,1,FAIRWAY,FAIRWAY,12,FRINGE,FRINGE,NORMAL_APPROACH,24.0,168.3,False,5,1,False,True,False,True
이윤서,11469,2,12,4,3,12,FRINGE,FRINGE,3,GREEN,GREEN,SHORT_GAME,4.2,24.0,False,5,1,False,True,False,True
이윤서,11469,2,13,4,2,1,FAIRWAY,FAIRWAY,12,FRINGE,FRINGE,NORMAL_APPROACH,14.2,112.8,False,4,0,True,False,False,True
이윤서,11469,2,13,4,3,12,FRINGE,FRINGE,3,GREEN,GREEN,SHORT_GAME,1.3,14.2,False,4,0,True,False,False,True
이윤서,11469,2,14,4,2,1,FAIRWAY,FAIRWAY,2,ROUGH,ROUGH,OTHER_UNRESOLVED,9.4,176.5,False,5,1,False,True,False,True
이윤서,11469,2,14,4,3,2,ROUGH,ROUGH,3,GREEN,GREEN,RECOVERY,6.5,9.4,False,5,1,False,True,False,True
이윤서,11469,2,15,4,2,1,FAIRWAY,FAIRWAY,3,GREEN,GREEN,NORMAL_APPROACH,2.2,150.8,True,4,0,True,False,False,True
이윤서,11469,2,17,4,2,1,FAIRWAY,FAIRWAY,3,GREEN,GREEN,NORMAL_APPROACH,3.5,134.0,True,4,0,True,False,False,True
이윤서,11469,2,18,5,2,1,FAIRWAY,FAIRWAY,1,FAIRWAY,FAIRWAY,ADVANCE_LAYUP,68.1,276.0,True,5,0,True,False,False,True
이윤서,11469,2,18,5,3,1,FAIRWAY,FAIRWAY,3,GREEN,GREEN,NORMAL_APPROACH,4.3,68.1,True,5,0,True,False,False,True
성아진,11640,1,1,4,2,2,ROUGH,ROUGH,3,GREEN,GREEN,RECOVERY,7.4,149.0,True,4,0,True,False,False,False
성아진,11640,1,2,3,2,2,ROUGH,ROUGH,3,GREEN,GREEN,RECOVERY,8.7,8.1,False,4,1,False,True,False,
성아진,11640,1,3,4,2,1,FAIRWAY,FAIRWAY,2,ROUGH,ROUGH,OTHER_UNRESOLVED,8.6,157.3,False,5,1,False,True,False,True
성아진,11640,1,3,4,3,2,ROUGH,ROUGH,3,GREEN,GREEN,RECOVERY,2.8,8.6,False,5,1,False,True,False,True
성아진,11640,1,4,5,2,2,ROUGH,ROUGH,2,ROUGH,ROUGH,RECOVERY,115.0,279.3,True,5,0,True,False,False,False
성아진,11640,1,4,5,3,2,ROUGH,ROUGH,3,GREEN,GREEN,RECOVERY,4.1,115.0,True,5,0,True,False,False,False
성아진,11640,1,6,4,2,2,ROUGH,ROUGH,2,ROUGH,ROUGH,RECOVERY,21.4,150.1,False,4,0,True,False,False,False
성아진,11640,1,6,4,3,2,ROUGH,ROUGH,3,GREEN,GREEN,RECOVERY,1.5,21.4,False,4,0,True,False,False,False
성아진,11640,1,7,5,2,1,FAIRWAY,FAIRWAY,1,FAIRWAY,FAIRWAY,ADVANCE_LAYUP,107.9,241.6,True,5,0,True,False,False,True
성아진,11640,1,7,5,3,1,FAIRWAY,FAIRWAY,3,GREEN,GREEN,NORMAL_APPROACH,3.4,107.9,True,5,0,True,False,False,True
성아진,11640,1,8,4,2,1,FAIRWAY,FAIRWAY,3,GREEN,GREEN,NORMAL_APPROACH,7.7,125.3,True,4,0,True,False,False,True
성아진,11640,1,9,4,2,2,ROUGH,ROUGH,12,FRINGE,FRINGE,RECOVERY,19.9,134.2,False,4,0,True,False,False,False
성아진,11640,1,9,4,3,12,FRINGE,FRINGE,3,GREEN,GREEN,SHORT_GAME,2.0,19.9,False,4,0,True,False,False,False
성아진,11640,1,10,5,2,2,ROUGH,ROUGH,2,ROUGH,ROUGH,RECOVERY,167.2,287.9,False,7,2,False,True,True,False
성아진,11640,1,10,5,3,2,ROUGH,ROUGH,1,FAIRWAY,FAIRWAY,RECOVERY,164.6,167.2,False,7,2,False,True,True,False
성아진,11640,1,10,5,4,1,FAIRWAY,FAIRWAY,3,GREEN,GREEN,NORMAL_APPROACH,8.2,164.6,False,7,2,False,True,True,False
성아진,11640,1,12,4,2,2,ROUGH,ROUGH,3,GREEN,GREEN,RECOVERY,10.7,147.0,True,4,0,True,False,False,False
성아진,11640,1,13,4,2,1,FAIRWAY,FAIRWAY,3,GREEN,GREEN,NORMAL_APPROACH,7.5,104.1,True,4,0,True,False,False,True
성아진,11640,1,14,4,2,1,FAIRWAY,FAIRWAY,12,FRINGE,FRINGE,NORMAL_APPROACH,20.5,143.2,False,5,1,False,True,False,True
성아진,11640,1,14,4,3,12,FRINGE,FRINGE,3,GREEN,GREEN,SHORT_GAME,3.5,20.5,False,5,1,False,True,False,True
성아진,11640,1,15,4,2,1,FAIRWAY,FAIRWAY,3,GREEN,GREEN,NORMAL_APPROACH,7.9,139.9,True,4,0,True,False,False,True
성아진,11640,1,17,4,2,1,FAIRWAY,FAIRWAY,2,ROUGH,ROUGH,OTHER_UNRESOLVED,11.9,115.8,False,4,0,True,False,False,True
성아진,11640,1,17,4,3,2,ROUGH,ROUGH,3,GREEN,GREEN,RECOVERY,0.9,11.9,False,4,0,True,False,False,True
성아진,11640,1,18,5,2,1,FAIRWAY,FAIRWAY,2,ROUGH,ROUGH,ADVANCE_LAYUP,106.3,248.2,True,6,1,False,True,False,True
성아진,11640,1,18,5,3,2,ROUGH,ROUGH,3,GREEN,GREEN,RECOVERY,17.9,106.3,True,6,1,False,True,False,True
성아진,11640,2,1,4,2,2,ROUGH,ROUGH,9,GREENSIDE_BUNKER,GREENSIDE_BUNKER,RECOVERY,27.3,139.9,False,5,1,False,True,False,False
성아진,11640,2,1,4,3,9,GREENSIDE_BUNKER,GREENSIDE_BUNKER,3,GREEN,GREEN,RECOVERY,4.6,27.3,False,5,1,False,True,False,False
성아진,11640,2,3,4,2,2,ROUGH,ROUGH,3,GREEN,GREEN,RECOVERY,5.0,173.1,True,4,0,True,False,False,False
성아진,11640,2,4,5,2,1,FAIRWAY,FAIRWAY,1,FAIRWAY,FAIRWAY,ADVANCE_LAYUP,85.3,278.8,True,5,0,True,False,False,True
성아진,11640,2,4,5,3,1,FAIRWAY,FAIRWAY,3,GREEN,GREEN,NORMAL_APPROACH,3.2,85.3,True,5,0,True,False,False,True
성아진,11640,2,6,4,2,1,FAIRWAY,FAIRWAY,3,GREEN,GREEN,NORMAL_APPROACH,5.5,132.7,True,4,0,True,False,False,True
성아진,11640,2,7,5,2,1,FAIRWAY,FAIRWAY,1,FAIRWAY,FAIRWAY,ADVANCE_LAYUP,90.0,256.4,True,4,-1,True,False,False,True
성아진,11640,2,7,5,3,1,FAIRWAY,FAIRWAY,3,GREEN,GREEN,NORMAL_APPROACH,0.2,90.0,True,4,-1,True,False,False,True
성아진,11640,2,8,4,2,1,FAIRWAY,FAIRWAY,3,GREEN,GREEN,NORMAL_APPROACH,10.1,105.3,True,4,0,True,False,False,True
성아진,11640,2,9,4,2,2,ROUGH,ROUGH,2,ROUGH,ROUGH,RECOVERY,114.5,125.2,False,5,1,False,True,False,False
성아진,11640,2,9,4,3,2,ROUGH,ROUGH,3,GREEN,GREEN,RECOVERY,16.1,114.5,False,5,1,False,True,False,False
성아진,11640,2,9,4,5,12,FRINGE,FRINGE,10,HOLED,HOLED,SHORT_GAME,0.0,6.6,False,5,1,False,True,False,False
성아진,11640,2,10,5,2,1,FAIRWAY,FAIRWAY,1,FAIRWAY,FAIRWAY,ADVANCE_LAYUP,149.4,308.7,False,5,0,True,False,False,True
성아진,11640,2,10,5,3,1,FAIRWAY,FAIRWAY,12,FRINGE,FRINGE,NORMAL_APPROACH,7.7,149.4,False,5,0,True,False,False,True
성아진,11640,2,10,5,4,12,FRINGE,FRINGE,3,GREEN,GREEN,SHORT_GAME,0.3,7.7,False,5,0,True,False,False,True
성아진,11640,2,11,3,2,2,ROUGH,ROUGH,3,GREEN,GREEN,RECOVERY,1.0,12.9,False,3,0,True,False,False,
성아진,11640,2,12,4,2,1,FAIRWAY,FAIRWAY,3,GREEN,GREEN,NORMAL_APPROACH,10.3,185.2,True,4,0,True,False,False,True
성아진,11640,2,13,4,2,1,FAIRWAY,FAIRWAY,3,GREEN,GREEN,NORMAL_APPROACH,1.2,101.2,True,3,-1,True,False,False,True
성아진,11640,2,14,4,2,1,FAIRWAY,FAIRWAY,3,GREEN,GREEN,NORMAL_APPROACH,4.9,176.3,True,3,-1,True,False,False,True
성아진,11640,2,15,4,2,1,FAIRWAY,FAIRWAY,2,ROUGH,ROUGH,OTHER_UNRESOLVED,11.6,140.1,False,4,0,True,False,False,True
성아진,11640,2,15,4,3,2,ROUGH,ROUGH,3,GREEN,GREEN,RECOVERY,0.5,11.6,False,4,0,True,False,False,True
성아진,11640,2,16,3,2,5,PENALTY_AREA,PENALTY_AREA,8,PENALTY_STROKE,LOST_BALL_PENALTY_RESTART,PENALTY_RESTART,105.8,0.0,False,4,1,False,True,False,
성아진,11640,2,16,3,3,8,PENALTY_STROKE,LOST_BALL_PENALTY_RESTART,3,GREEN,GREEN,PENALTY_RESTART,6.5,105.8,False,4,1,False,True,False,
성아진,11640,2,17,4,2,1,FAIRWAY,FAIRWAY,3,GREEN,GREEN,NORMAL_APPROACH,12.5,141.7,True,4,0,True,False,False,True
성아진,11640,2,18,5,2,1,FAIRWAY,FAIRWAY,1,FAIRWAY,FAIRWAY,ADVANCE_LAYUP,91.5,231.0,True,5,0,True,False,False,True
성아진,11640,2,18,5,3,1,FAIRWAY,FAIRWAY,3,GREEN,GREEN,NORMAL_APPROACH,11.9,91.5,True,5,0,True,False,False,True
성아진,11640,3,1,4,2,2,ROUGH,ROUGH,2,ROUGH,ROUGH,RECOVERY,20.8,176.9,False,4,0,True,False,False,False
성아진,11640,3,1,4,3,2,ROUGH,ROUGH,3,GREEN,GREEN,RECOVERY,1.1,20.8,False,4,0,True,False,False,False
성아진,11640,3,3,4,2,1,FAIRWAY,FAIRWAY,9,GREENSIDE_BUNKER,GREENSIDE_BUNKER,OTHER_UNRESOLVED,25.8,170.7,False,5,1,False,True,False,True
성아진,11640,3,3,4,3,9,GREENSIDE_BUNKER,GREENSIDE_BUNKER,9,GREENSIDE_BUNKER,GREENSIDE_BUNKER,RECOVERY,28.4,25.8,False,5,1,False,True,False,True
성아진,11640,3,3,4,4,9,GREENSIDE_BUNKER,GREENSIDE_BUNKER,3,GREEN,GREEN,RECOVERY,0.2,28.4,False,5,1,False,True,False,True
성아진,11640,3,4,5,2,1,FAIRWAY,FAIRWAY,1,FAIRWAY,FAIRWAY,ADVANCE_LAYUP,105.6,286.9,True,5,0,True,False,False,True
성아진,11640,3,4,5,3,1,FAIRWAY,FAIRWAY,3,GREEN,GREEN,NORMAL_APPROACH,6.9,105.6,True,5,0,True,False,False,True
성아진,11640,3,6,4,2,2,ROUGH,ROUGH,1,FAIRWAY,FAIRWAY,RECOVERY,109.1,252.6,False,5,1,False,True,False,False
성아진,11640,3,6,4,3,1,FAIRWAY,FAIRWAY,3,GREEN,GREEN,NORMAL_APPROACH,3.4,109.1,False,5,1,False,True,False,False
성아진,11640,3,7,5,2,2,ROUGH,ROUGH,1,FAIRWAY,FAIRWAY,RECOVERY,100.8,276.0,False,5,0,True,False,False,False
성아진,11640,3,7,5,3,1,FAIRWAY,FAIRWAY,12,FRINGE,FRINGE,NORMAL_APPROACH,8.5,100.8,False,5,0,True,False,False,False
성아진,11640,3,7,5,4,12,FRINGE,FRINGE,3,GREEN,GREEN,SHORT_GAME,1.5,8.5,False,5,0,True,False,False,False
성아진,11640,3,8,4,2,1,FAIRWAY,FAIRWAY,3,GREEN,GREEN,NORMAL_APPROACH,4.7,112.4,True,3,-1,True,False,False,True
성아진,11640,3,9,4,2,1,FAIRWAY,FAIRWAY,3,GREEN,GREEN,NORMAL_APPROACH,3.2,87.2,True,3,-1,True,False,False,True
성아진,11640,3,10,5,2,1,FAIRWAY,FAIRWAY,2,ROUGH,ROUGH,ADVANCE_LAYUP,127.3,304.5,False,6,1,False,True,False,True
성아진,11640,3,10,5,3,2,ROUGH,ROUGH,2,ROUGH,ROUGH,RECOVERY,13.6,127.3,False,6,1,False,True,False,True
성아진,11640,3,10,5,4,2,ROUGH,ROUGH,3,GREEN,GREEN,RECOVERY,5.1,13.6,False,6,1,False,True,False,True
성아진,11640,3,11,3,2,2,ROUGH,ROUGH,3,GREEN,GREEN,RECOVERY,1.2,20.0,False,3,0,True,False,False,
성아진,11640,3,12,4,2,1,FAIRWAY,FAIRWAY,2,ROUGH,ROUGH,OTHER_UNRESOLVED,15.0,180.4,False,4,0,True,False,False,True
성아진,11640,3,12,4,3,2,ROUGH,ROUGH,3,GREEN,GREEN,RECOVERY,0.7,15.0,False,4,0,True,False,False,True
성아진,11640,3,13,4,2,1,FAIRWAY,FAIRWAY,3,GREEN,GREEN,NORMAL_APPROACH,4.6,103.3,True,3,-1,True,False,False,True
성아진,11640,3,14,4,2,1,FAIRWAY,FAIRWAY,3,GREEN,GREEN,NORMAL_APPROACH,14.6,150.9,True,5,1,False,True,False,True
성아진,11640,3,15,4,2,2,ROUGH,ROUGH,3,GREEN,GREEN,RECOVERY,5.5,156.9,True,5,1,False,True,False,False
성아진,11640,3,17,4,2,6,BUNKER,BUNKER,2,ROUGH,ROUGH,RECOVERY,25.4,123.2,False,4,0,True,False,False,False
성아진,11640,3,17,4,3,2,ROUGH,ROUGH,3,GREEN,GREEN,RECOVERY,4.8,25.4,False,4,0,True,False,False,False
성아진,11640,3,18,5,2,2,ROUGH,ROUGH,1,FAIRWAY,FAIRWAY,RECOVERY,132.1,251.2,True,5,0,True,False,False,False
성아진,11640,3,18,5,3,1,FAIRWAY,FAIRWAY,3,GREEN,GREEN,NORMAL_APPROACH,8.2,132.1,True,5,0,True,False,False,False
성아진,11640,4,1,4,2,1,FAIRWAY,FAIRWAY,3,GREEN,GREEN,NORMAL_APPROACH,7.8,140.6,True,4,0,True,False,False,True
성아진,11640,4,3,4,2,1,FAIRWAY,FAIRWAY,3,GREEN,GREEN,NORMAL_APPROACH,9.0,162.1,True,4,0,True,False,False,True
성아진,11640,4,4,5,2,1,FAIRWAY,FAIRWAY,1,FAIRWAY,FAIRWAY,ADVANCE_LAYUP,105.5,281.3,True,6,1,False,True,False,True
성아진,11640,4,4,5,3,1,FAIRWAY,FAIRWAY,3,GREEN,GREEN,NORMAL_APPROACH,13.3,105.5,True,6,1,False,True,False,True
성아진,11640,4,6,4,2,2,ROUGH,ROUGH,9,GREENSIDE_BUNKER,GREENSIDE_BUNKER,RECOVERY,13.1,125.3,False,4,0,True,False,False,False
성아진,11640,4,6,4,3,9,GREENSIDE_BUNKER,GREENSIDE_BUNKER,3,GREEN,GREEN,RECOVERY,3.0,13.1,False,4,0,True,False,False,False
성아진,11640,4,7,5,2,2,ROUGH,ROUGH,2,ROUGH,ROUGH,RECOVERY,119.5,289.1,True,5,0,True,False,False,False
성아진,11640,4,7,5,3,2,ROUGH,ROUGH,3,GREEN,GREEN,RECOVERY,12.9,119.5,True,5,0,True,False,False,False
성아진,11640,4,8,4,2,1,FAIRWAY,FAIRWAY,3,GREEN,GREEN,NORMAL_APPROACH,6.9,108.0,True,4,0,True,False,False,True
성아진,11640,4,9,4,2,1,FAIRWAY,FAIRWAY,3,GREEN,GREEN,NORMAL_APPROACH,9.2,74.7,True,4,0,True,False,False,True
성아진,11640,4,10,5,2,1,FAIRWAY,FAIRWAY,2,ROUGH,ROUGH,ADVANCE_LAYUP,113.3,273.1,False,5,0,True,False,False,True
성아진,11640,4,10,5,3,2,ROUGH,ROUGH,12,FRINGE,FRINGE,RECOVERY,11.4,113.3,False,5,0,True,False,False,True
성아진,11640,4,10,5,4,12,FRINGE,FRINGE,3,GREEN,GREEN,SHORT_GAME,1.4,11.4,False,5,0,True,False,False,True
성아진,11640,4,12,4,2,1,FAIRWAY,FAIRWAY,3,GREEN,GREEN,NORMAL_APPROACH,11.0,161.7,True,4,0,True,False,False,True
성아진,11640,4,13,4,2,1,FAIRWAY,FAIRWAY,3,GREEN,GREEN,NORMAL_APPROACH,7.6,102.6,True,4,0,True,False,False,True
성아진,11640,4,14,4,2,1,FAIRWAY,FAIRWAY,3,GREEN,GREEN,NORMAL_APPROACH,4.7,150.2,True,5,1,False,True,False,True
성아진,11640,4,15,4,2,2,ROUGH,ROUGH,2,ROUGH,ROUGH,RECOVERY,18.5,160.9,False,4,0,True,False,False,False
성아진,11640,4,15,4,3,2,ROUGH,ROUGH,3,GREEN,GREEN,RECOVERY,3.5,18.5,False,4,0,True,False,False,False
성아진,11640,4,17,4,2,2,ROUGH,ROUGH,3,GREEN,GREEN,RECOVERY,19.6,120.3,True,4,0,True,False,False,False
성아진,11640,4,18,5,2,6,BUNKER,BUNKER,1,FAIRWAY,FAIRWAY,RECOVERY,178.5,247.5,True,5,0,True,False,False,False
성아진,11640,4,18,5,3,1,FAIRWAY,FAIRWAY,3,GREEN,GREEN,NORMAL_APPROACH,8.5,178.5,True,5,0,True,False,False,False
짜라위 분짠(I),11770,1,1,4,2,1,FAIRWAY,FAIRWAY,2,ROUGH,ROUGH,OTHER_UNRESOLVED,13.5,165.3,False,5,1,False,True,False,True
짜라위 분짠(I),11770,1,1,4,3,2,ROUGH,ROUGH,3,GREEN,GREEN,RECOVERY,1.1,13.5,False,5,1,False,True,False,True
짜라위 분짠(I),11770,1,2,3,2,12,FRINGE,FRINGE,3,GREEN,GREEN,SHORT_GAME,0.6,16.8,False,3,0,True,False,False,
짜라위 분짠(I),11770,1,3,4,2,1,FAIRWAY,FAIRWAY,3,GREEN,GREEN,NORMAL_APPROACH,4.0,172.2,True,3,-1,True,False,False,True
짜라위 분짠(I),11770,1,4,5,2,1,FAIRWAY,FAIRWAY,1,FAIRWAY,FAIRWAY,ADVANCE_LAYUP,98.5,282.7,True,5,0,True,False,False,True
짜라위 분짠(I),11770,1,4,5,3,1,FAIRWAY,FAIRWAY,3,GREEN,GREEN,NORMAL_APPROACH,9.3,98.5,True,5,0,True,False,False,True
짜라위 분짠(I),11770,1,5,3,2,2,ROUGH,ROUGH,3,GREEN,GREEN,RECOVERY,2.8,16.2,False,3,0,True,False,False,
짜라위 분짠(I),11770,1,6,4,2,1,FAIRWAY,FAIRWAY,3,GREEN,GREEN,NORMAL_APPROACH,6.4,156.6,True,4,0,True,False,False,True
짜라위 분짠(I),11770,1,7,5,2,2,ROUGH,ROUGH,2,ROUGH,ROUGH,RECOVERY,84.5,262.6,False,6,1,False,True,False,False
짜라위 분짠(I),11770,1,7,5,3,2,ROUGH,ROUGH,9,GREENSIDE_BUNKER,GREENSIDE_BUNKER,RECOVERY,10.8,84.5,False,6,1,False,True,False,False
짜라위 분짠(I),11770,1,7,5,4,9,GREENSIDE_BUNKER,GREENSIDE_BUNKER,12,FRINGE,FRINGE,RECOVERY,6.6,10.8,False,6,1,False,True,False,False
짜라위 분짠(I),11770,1,7,5,5,12,FRINGE,FRINGE,3,GREEN,GREEN,SHORT_GAME,0.7,6.6,False,6,1,False,True,False,False
짜라위 분짠(I),11770,1,8,4,2,1,FAIRWAY,FAIRWAY,3,GREEN,GREEN,NORMAL_APPROACH,5.1,138.1,True,4,0,True,False,False,True
짜라위 분짠(I),11770,1,9,4,2,1,FAIRWAY,FAIRWAY,3,GREEN,GREEN,NORMAL_APPROACH,8.0,123.2,True,4,0,True,False,False,True
짜라위 분짠(I),11770,1,10,5,2,1,FAIRWAY,FAIRWAY,2,ROUGH,ROUGH,ADVANCE_LAYUP,111.2,304.3,False,7,2,False,True,True,True
짜라위 분짠(I),11770,1,10,5,3,2,ROUGH,ROUGH,2,ROUGH,ROUGH,RECOVERY,9.8,111.2,False,7,2,False,True,True,True
짜라위 분짠(I),11770,1,10,5,4,2,ROUGH,ROUGH,3,GREEN,GREEN,RECOVERY,2.7,9.8,False,7,2,False,True,True,True
짜라위 분짠(I),11770,1,11,3,2,2,ROUGH,ROUGH,3,GREEN,GREEN,RECOVERY,3.3,21.6,False,4,1,False,True,False,
짜라위 분짠(I),11770,1,12,4,2,2,ROUGH,ROUGH,12,FRINGE,FRINGE,RECOVERY,8.8,147.9,False,5,1,False,True,False,False
짜라위 분짠(I),11770,1,12,4,3,12,FRINGE,FRINGE,3,GREEN,GREEN,SHORT_GAME,2.0,8.8,False,5,1,False,True,False,False
짜라위 분짠(I),11770,1,13,4,2,1,FAIRWAY,FAIRWAY,3,GREEN,GREEN,NORMAL_APPROACH,2.7,118.4,True,3,-1,True,False,False,True
짜라위 분짠(I),11770,1,14,4,2,1,FAIRWAY,FAIRWAY,3,GREEN,GREEN,NORMAL_APPROACH,9.8,149.1,True,4,0,True,False,False,True
짜라위 분짠(I),11770,1,15,4,2,2,ROUGH,ROUGH,12,FRINGE,FRINGE,RECOVERY,14.5,147.0,False,4,0,True,False,False,False
짜라위 분짠(I),11770,1,15,4,3,12,FRINGE,FRINGE,3,GREEN,GREEN,SHORT_GAME,1.2,14.5,False,4,0,True,False,False,False
짜라위 분짠(I),11770,1,17,4,2,2,ROUGH,ROUGH,9,GREENSIDE_BUNKER,GREENSIDE_BUNKER,RECOVERY,21.3,126.6,False,5,1,False,True,False,False
짜라위 분짠(I),11770,1,17,4,3,9,GREENSIDE_BUNKER,GREENSIDE_BUNKER,12,FRINGE,FRINGE,RECOVERY,8.6,21.3,False,5,1,False,True,False,False
짜라위 분짠(I),11770,1,17,4,4,12,FRINGE,FRINGE,3,GREEN,GREEN,SHORT_GAME,1.4,8.6,False,5,1,False,True,False,False
짜라위 분짠(I),11770,1,18,5,2,2,ROUGH,ROUGH,1,FAIRWAY,FAIRWAY,RECOVERY,113.3,274.6,True,5,0,True,False,False,False
짜라위 분짠(I),11770,1,18,5,3,1,FAIRWAY,FAIRWAY,3,GREEN,GREEN,NORMAL_APPROACH,8.8,113.3,True,5,0,True,False,False,False
짜라위 분짠(I),11770,2,1,4,2,2,ROUGH,ROUGH,12,FRINGE,FRINGE,RECOVERY,22.5,155.8,False,5,1,False,True,False,False
짜라위 분짠(I),11770,2,1,4,3,12,FRINGE,FRINGE,3,GREEN,GREEN,SHORT_GAME,3.2,22.5,False,5,1,False,True,False,False
짜라위 분짠(I),11770,2,3,4,2,1,FAIRWAY,FAIRWAY,3,GREEN,GREEN,NORMAL_APPROACH,6.1,174.3,True,4,0,True,False,False,True
짜라위 분짠(I),11770,2,4,5,2,1,FAIRWAY,FAIRWAY,1,FAIRWAY,FAIRWAY,ADVANCE_LAYUP,104.1,291.5,True,5,0,True,False,False,True
짜라위 분짠(I),11770,2,4,5,3,1,FAIRWAY,FAIRWAY,3,GREEN,GREEN,NORMAL_APPROACH,5.4,104.1,True,5,0,True,False,False,True
짜라위 분짠(I),11770,2,6,4,2,1,FAIRWAY,FAIRWAY,2,ROUGH,ROUGH,OTHER_UNRESOLVED,6.1,136.7,False,4,0,True,False,False,True
짜라위 분짠(I),11770,2,6,4,3,2,ROUGH,ROUGH,3,GREEN,GREEN,RECOVERY,0.3,6.1,False,4,0,True,False,False,True
짜라위 분짠(I),11770,2,7,5,2,1,FAIRWAY,FAIRWAY,1,FAIRWAY,FAIRWAY,ADVANCE_LAYUP,106.7,291.1,True,5,0,True,False,False,True
짜라위 분짠(I),11770,2,7,5,3,1,FAIRWAY,FAIRWAY,3,GREEN,GREEN,NORMAL_APPROACH,6.7,106.7,True,5,0,True,False,False,True
짜라위 분짠(I),11770,2,8,4,2,1,FAIRWAY,FAIRWAY,3,GREEN,GREEN,NORMAL_APPROACH,9.1,116.4,True,4,0,True,False,False,True
짜라위 분짠(I),11770,2,9,4,2,1,FAIRWAY,FAIRWAY,3,GREEN,GREEN,NORMAL_APPROACH,4.7,109.4,True,3,-1,True,False,False,True
짜라위 분짠(I),11770,2,10,5,2,2,ROUGH,ROUGH,1,FAIRWAY,FAIRWAY,RECOVERY,144.7,314.5,False,4,-1,True,False,False,False
짜라위 분짠(I),11770,2,10,5,3,1,FAIRWAY,FAIRWAY,2,ROUGH,ROUGH,ADVANCE_LAYUP,6.4,144.7,False,4,-1,True,False,False,False
짜라위 분짠(I),11770,2,10,5,4,2,ROUGH,ROUGH,10,HOLED,HOLED,RECOVERY,0.0,6.4,False,4,-1,True,False,False,False
짜라위 분짠(I),11770,2,11,3,2,2,ROUGH,ROUGH,3,GREEN,GREEN,RECOVERY,0.3,12.8,False,3,0,True,False,False,
짜라위 분짠(I),11770,2,12,4,2,1,FAIRWAY,FAIRWAY,3,GREEN,GREEN,NORMAL_APPROACH,12.7,165.4,True,4,0,True,False,False,True
짜라위 분짠(I),11770,2,13,4,2,1,FAIRWAY,FAIRWAY,3,GREEN,GREEN,NORMAL_APPROACH,6.9,82.7,True,4,0,True,False,False,True
짜라위 분짠(I),11770,2,14,4,2,2,ROUGH,ROUGH,9,GREENSIDE_BUNKER,GREENSIDE_BUNKER,RECOVERY,31.0,145.6,False,5,1,False,True,False,False
짜라위 분짠(I),11770,2,14,4,3,9,GREENSIDE_BUNKER,GREENSIDE_BUNKER,3,GREEN,GREEN,RECOVERY,11.8,31.0,False,5,1,False,True,False,False
짜라위 분짠(I),11770,2,15,4,2,1,FAIRWAY,FAIRWAY,3,GREEN,GREEN,NORMAL_APPROACH,7.9,138.0,True,4,0,True,False,False,True
짜라위 분짠(I),11770,2,17,4,2,2,ROUGH,ROUGH,3,GREEN,GREEN,RECOVERY,5.2,156.6,True,4,0,True,False,False,False
짜라위 분짠(I),11770,2,18,5,2,1,FAIRWAY,FAIRWAY,2,ROUGH,ROUGH,ADVANCE_LAYUP,99.3,258.3,True,5,0,True,False,False,True
짜라위 분짠(I),11770,2,18,5,3,2,ROUGH,ROUGH,3,GREEN,GREEN,RECOVERY,2.9,99.3,True,5,0,True,False,False,True
짜라위 분짠(I),11770,3,1,4,2,2,ROUGH,ROUGH,3,GREEN,GREEN,RECOVERY,16.4,159.3,True,4,0,True,False,False,False
짜라위 분짠(I),11770,3,3,4,2,1,FAIRWAY,FAIRWAY,2,ROUGH,ROUGH,OTHER_UNRESOLVED,29.9,201.1,False,4,0,True,False,False,True
짜라위 분짠(I),11770,3,3,4,3,2,ROUGH,ROUGH,3,GREEN,GREEN,RECOVERY,3.3,29.9,False,4,0,True,False,False,True
짜라위 분짠(I),11770,3,4,5,2,1,FAIRWAY,FAIRWAY,1,FAIRWAY,FAIRWAY,ADVANCE_LAYUP,108.5,292.5,True,4,-1,True,False,False,True
짜라위 분짠(I),11770,3,4,5,3,1,FAIRWAY,FAIRWAY,3,GREEN,GREEN,NORMAL_APPROACH,1.1,108.5,True,4,-1,True,False,False,True
짜라위 분짠(I),11770,3,6,4,2,2,ROUGH,ROUGH,9,GREENSIDE_BUNKER,GREENSIDE_BUNKER,RECOVERY,13.9,171.6,False,6,2,False,True,True,False
짜라위 분짠(I),11770,3,6,4,3,9,GREENSIDE_BUNKER,GREENSIDE_BUNKER,2,ROUGH,ROUGH,RECOVERY,8.6,13.9,False,6,2,False,True,True,False
짜라위 분짠(I),11770,3,6,4,4,2,ROUGH,ROUGH,12,FRINGE,FRINGE,RECOVERY,7.1,8.6,False,6,2,False,True,True,False
짜라위 분짠(I),11770,3,6,4,5,12,FRINGE,FRINGE,3,GREEN,GREEN,SHORT_GAME,0.3,7.1,False,6,2,False,True,True,False
짜라위 분짠(I),11770,3,7,5,2,1,FAIRWAY,FAIRWAY,1,FAIRWAY,FAIRWAY,ADVANCE_LAYUP,99.9,291.4,True,4,-1,True,False,False,True
짜라위 분짠(I),11770,3,7,5,3,1,FAIRWAY,FAIRWAY,3,GREEN,GREEN,NORMAL_APPROACH,10.9,99.9,True,4,-1,True,False,False,True
짜라위 분짠(I),11770,3,8,4,2,2,ROUGH,ROUGH,12,FRINGE,FRINGE,RECOVERY,32.4,131.7,False,5,1,False,True,False,False
짜라위 분짠(I),11770,3,8,4,3,12,FRINGE,FRINGE,3,GREEN,GREEN,SHORT_GAME,2.6,32.4,False,5,1,False,True,False,False
짜라위 분짠(I),11770,3,9,4,2,1,FAIRWAY,FAIRWAY,12,FRINGE,FRINGE,NORMAL_APPROACH,10.1,113.3,False,4,0,True,False,False,True
짜라위 분짠(I),11770,3,9,4,3,12,FRINGE,FRINGE,3,GREEN,GREEN,SHORT_GAME,0.5,10.1,False,4,0,True,False,False,True
짜라위 분짠(I),11770,3,10,5,2,1,FAIRWAY,FAIRWAY,2,ROUGH,ROUGH,ADVANCE_LAYUP,117.5,301.8,True,5,0,True,False,False,True
짜라위 분짠(I),11770,3,10,5,3,2,ROUGH,ROUGH,3,GREEN,GREEN,RECOVERY,9.3,117.5,True,5,0,True,False,False,True
짜라위 분짠(I),11770,3,12,4,2,2,ROUGH,ROUGH,2,ROUGH,ROUGH,RECOVERY,166.1,171.0,False,8,4,False,True,True,False
짜라위 분짠(I),11770,3,12,4,3,2,ROUGH,ROUGH,2,ROUGH,ROUGH,RECOVERY,107.1,166.1,False,8,4,False,True,True,False
짜라위 분짠(I),11770,3,12,4,4,2,ROUGH,ROUGH,8,PENALTY_STROKE,LOST_BALL_PENALTY_RESTART,RECOVERY,107.7,107.1,False,8,4,False,True,True,False
짜라위 분짠(I),11770,3,12,4,5,8,PENALTY_STROKE,LOST_BALL_PENALTY_RESTART,2,ROUGH,ROUGH,PENALTY_RESTART,11.9,107.7,False,8,4,False,True,True,False
짜라위 분짠(I),11770,3,12,4,6,2,ROUGH,ROUGH,3,GREEN,GREEN,RECOVERY,2.3,11.9,False,8,4,False,True,True,False
짜라위 분짠(I),11770,3,13,4,2,2,ROUGH,ROUGH,2,ROUGH,ROUGH,RECOVERY,12.5,130.6,False,4,0,True,False,False,False
짜라위 분짠(I),11770,3,13,4,3,2,ROUGH,ROUGH,3,GREEN,GREEN,RECOVERY,0.3,12.5,False,4,0,True,False,False,False
짜라위 분짠(I),11770,3,14,4,2,1,FAIRWAY,FAIRWAY,2,ROUGH,ROUGH,OTHER_UNRESOLVED,24.5,164.0,False,5,1,False,True,False,True
짜라위 분짠(I),11770,3,14,4,3,2,ROUGH,ROUGH,3,GREEN,GREEN,RECOVERY,7.1,24.5,False,5,1,False,True,False,True
짜라위 분짠(I),11770,3,15,4,2,1,FAIRWAY,FAIRWAY,3,GREEN,GREEN,NORMAL_APPROACH,7.7,234.6,True,4,0,True,False,False,True
짜라위 분짠(I),11770,3,17,4,2,1,FAIRWAY,FAIRWAY,3,GREEN,GREEN,NORMAL_APPROACH,5.6,128.4,True,4,0,True,False,False,True
짜라위 분짠(I),11770,3,18,5,2,2,ROUGH,ROUGH,1,FAIRWAY,FAIRWAY,RECOVERY,98.8,272.3,True,4,-1,True,False,False,False
짜라위 분짠(I),11770,3,18,5,3,1,FAIRWAY,FAIRWAY,3,GREEN,GREEN,NORMAL_APPROACH,1.1,98.8,True,4,-1,True,False,False,False
짜라위 분짠(I),11770,4,1,4,2,2,ROUGH,ROUGH,2,ROUGH,ROUGH,RECOVERY,84.3,211.6,False,5,1,False,True,False,False
짜라위 분짠(I),11770,4,1,4,3,2,ROUGH,ROUGH,3,GREEN,GREEN,RECOVERY,7.1,84.3,False,5,1,False,True,False,False
짜라위 분짠(I),11770,4,3,4,2,1,FAIRWAY,FAIRWAY,3,GREEN,GREEN,NORMAL_APPROACH,3.3,182.1,True,4,0,True,False,False,True
짜라위 분짠(I),11770,4,4,5,2,2,ROUGH,ROUGH,1,FAIRWAY,FAIRWAY,RECOVERY,167.0,287.5,True,6,1,False,True,False,False
짜라위 분짠(I),11770,4,4,5,3,1,FAIRWAY,FAIRWAY,3,GREEN,GREEN,NORMAL_APPROACH,15.3,167.0,True,6,1,False,True,False,False
짜라위 분짠(I),11770,4,6,4,2,1,FAIRWAY,FAIRWAY,9,GREENSIDE_BUNKER,GREENSIDE_BUNKER,OTHER_UNRESOLVED,13.6,136.5,False,5,1,False,True,False,True
짜라위 분짠(I),11770,4,6,4,3,9,GREENSIDE_BUNKER,GREENSIDE_BUNKER,3,GREEN,GREEN,RECOVERY,2.4,13.6,False,5,1,False,True,False,True
짜라위 분짠(I),11770,4,7,5,2,1,FAIRWAY,FAIRWAY,1,FAIRWAY,FAIRWAY,ADVANCE_LAYUP,105.1,289.5,True,5,0,True,False,False,True
짜라위 분짠(I),11770,4,7,5,3,1,FAIRWAY,FAIRWAY,3,GREEN,GREEN,NORMAL_APPROACH,7.0,105.1,True,5,0,True,False,False,True
짜라위 분짠(I),11770,4,8,4,2,1,FAIRWAY,FAIRWAY,3,GREEN,GREEN,NORMAL_APPROACH,8.6,129.8,True,4,0,True,False,False,True
짜라위 분짠(I),11770,4,9,4,2,2,ROUGH,ROUGH,3,GREEN,GREEN,RECOVERY,7.7,106.2,True,4,0,True,False,False,False
짜라위 분짠(I),11770,4,10,5,2,2,ROUGH,ROUGH,1,FAIRWAY,FAIRWAY,RECOVERY,131.8,302.3,True,5,0,True,False,False,False
짜라위 분짠(I),11770,4,10,5,3,1,FAIRWAY,FAIRWAY,3,GREEN,GREEN,NORMAL_APPROACH,9.7,131.8,True,5,0,True,False,False,False
짜라위 분짠(I),11770,4,12,4,2,1,FAIRWAY,FAIRWAY,3,GREEN,GREEN,NORMAL_APPROACH,4.3,130.3,True,4,0,True,False,False,True
짜라위 분짠(I),11770,4,13,4,2,1,FAIRWAY,FAIRWAY,3,GREEN,GREEN,NORMAL_APPROACH,11.5,117.6,True,4,0,True,False,False,True
짜라위 분짠(I),11770,4,14,4,2,2,ROUGH,ROUGH,2,ROUGH,ROUGH,RECOVERY,20.1,126.9,False,5,1,False,True,False,False
짜라위 분짠(I),11770,4,14,4,3,2,ROUGH,ROUGH,3,GREEN,GREEN,RECOVERY,3.0,20.1,False,5,1,False,True,False,False
짜라위 분짠(I),11770,4,15,4,2,2,ROUGH,ROUGH,12,FRINGE,FRINGE,RECOVERY,24.0,178.9,False,4,0,True,False,False,False
짜라위 분짠(I),11770,4,15,4,3,12,FRINGE,FRINGE,3,GREEN,GREEN,SHORT_GAME,3.8,24.0,False,4,0,True,False,False,False
짜라위 분짠(I),11770,4,17,4,2,6,BUNKER,BUNKER,3,GREEN,GREEN,RECOVERY,6.6,118.3,True,4,0,True,False,False,False
짜라위 분짠(I),11770,4,18,5,2,1,FAIRWAY,FAIRWAY,1,FAIRWAY,FAIRWAY,ADVANCE_LAYUP,93.1,279.2,True,5,0,True,False,False,True
짜라위 분짠(I),11770,4,18,5,3,1,FAIRWAY,FAIRWAY,3,GREEN,GREEN,NORMAL_APPROACH,7.4,93.1,True,5,0,True,False,False,True
이수민 0906(A),11978,1,1,4,2,2,ROUGH,ROUGH,12,FRINGE,FRINGE,RECOVERY,30.8,202.3,False,5,1,False,True,False,False
이수민 0906(A),11978,1,1,4,3,12,FRINGE,FRINGE,3,GREEN,GREEN,SHORT_GAME,8.4,30.8,False,5,1,False,True,False,False
이수민 0906(A),11978,1,3,4,2,1,FAIRWAY,FAIRWAY,2,ROUGH,ROUGH,OTHER_UNRESOLVED,29.5,218.3,False,5,1,False,True,False,True
이수민 0906(A),11978,1,3,4,3,2,ROUGH,ROUGH,3,GREEN,GREEN,RECOVERY,7.2,29.5,False,5,1,False,True,False,True
이수민 0906(A),11978,1,4,5,2,2,ROUGH,ROUGH,2,ROUGH,ROUGH,RECOVERY,193.7,332.2,False,6,1,False,True,False,False
이수민 0906(A),11978,1,4,5,3,2,ROUGH,ROUGH,2,ROUGH,ROUGH,RECOVERY,35.1,193.7,False,6,1,False,True,False,False
이수민 0906(A),11978,1,4,5,4,2,ROUGH,ROUGH,2,ROUGH,ROUGH,RECOVERY,13.6,35.1,False,6,1,False,True,False,False
이수민 0906(A),11978,1,4,5,5,2,ROUGH,ROUGH,3,GREEN,GREEN,RECOVERY,0.2,13.6,False,6,1,False,True,False,False
이수민 0906(A),11978,1,6,4,2,2,ROUGH,ROUGH,1,FAIRWAY,FAIRWAY,RECOVERY,97.8,223.3,False,6,2,False,True,True,False
이수민 0906(A),11978,1,6,4,3,1,FAIRWAY,FAIRWAY,3,GREEN,GREEN,NORMAL_APPROACH,12.5,97.8,False,6,2,False,True,True,False
이수민 0906(A),11978,1,7,5,2,1,FAIRWAY,FAIRWAY,2,ROUGH,ROUGH,ADVANCE_LAYUP,148.4,309.6,False,6,1,False,True,False,True
이수민 0906(A),11978,1,7,5,3,2,ROUGH,ROUGH,9,GREENSIDE_BUNKER,GREENSIDE_BUNKER,RECOVERY,15.7,148.4,False,6,1,False,True,False,True
이수민 0906(A),11978,1,7,5,4,9,GREENSIDE_BUNKER,GREENSIDE_BUNKER,3,GREEN,GREEN,RECOVERY,2.5,15.7,False,6,1,False,True,False,True
이수민 0906(A),11978,1,8,4,2,2,ROUGH,ROUGH,2,ROUGH,ROUGH,RECOVERY,45.6,155.9,False,5,1,False,True,False,False
이수민 0906(A),11978,1,8,4,3,2,ROUGH,ROUGH,3,GREEN,GREEN,RECOVERY,4.9,45.6,False,5,1,False,True,False,False
이수민 0906(A),11978,1,9,4,2,2,ROUGH,ROUGH,2,ROUGH,ROUGH,RECOVERY,20.4,166.5,False,5,1,False,True,False,False
이수민 0906(A),11978,1,9,4,3,2,ROUGH,ROUGH,3,GREEN,GREEN,RECOVERY,11.2,20.4,False,5,1,False,True,False,False
이수민 0906(A),11978,1,10,5,2,4,OB,LOST_BALL_PENALTY_RESTART,8,PENALTY_STROKE,LOST_BALL_PENALTY_RESTART,PENALTY_RESTART,542.2,0.0,False,7,2,False,True,True,False
이수민 0906(A),11978,1,10,5,3,8,PENALTY_STROKE,LOST_BALL_PENALTY_RESTART,1,FAIRWAY,FAIRWAY,PENALTY_RESTART,339.2,542.2,False,7,2,False,True,True,False
이수민 0906(A),11978,1,10,5,4,1,FAIRWAY,FAIRWAY,1,FAIRWAY,FAIRWAY,ADVANCE_LAYUP,152.7,339.2,False,7,2,False,True,True,False
이수민 0906(A),11978,1,10,5,5,1,FAIRWAY,FAIRWAY,3,GREEN,GREEN,NORMAL_APPROACH,16.6,152.7,False,7,2,False,True,True,False
이수민 0906(A),11978,1,12,4,2,1,FAIRWAY,FAIRWAY,3,GREEN,GREEN,NORMAL_APPROACH,5.9,188.5,True,4,0,True,False,False,True
이수민 0906(A),11978,1,13,4,2,2,ROUGH,ROUGH,3,GREEN,GREEN,RECOVERY,13.0,132.2,True,6,2,False,True,True,False
이수민 0906(A),11978,1,13,4,4,12,FRINGE,FRINGE,3,GREEN,GREEN,SHORT_GAME,2.5,10.0,True,6,2,False,True,True,False
이수민 0906(A),11978,1,14,4,2,2,ROUGH,ROUGH,2,ROUGH,ROUGH,RECOVERY,10.2,158.3,False,5,1,False,True,False,False
이수민 0906(A),11978,1,14,4,3,2,ROUGH,ROUGH,3,GREEN,GREEN,RECOVERY,3.9,10.2,False,5,1,False,True,False,False
이수민 0906(A),11978,1,15,4,2,2,ROUGH,ROUGH,2,ROUGH,ROUGH,RECOVERY,32.4,200.9,False,5,1,False,True,False,False
이수민 0906(A),11978,1,15,4,3,2,ROUGH,ROUGH,3,GREEN,GREEN,RECOVERY,4.3,32.4,False,5,1,False,True,False,False
이수민 0906(A),11978,1,16,3,2,2,ROUGH,ROUGH,3,GREEN,GREEN,RECOVERY,5.5,37.5,False,4,1,False,True,False,
이수민 0906(A),11978,1,17,4,2,1,FAIRWAY,FAIRWAY,9,GREENSIDE_BUNKER,GREENSIDE_BUNKER,OTHER_UNRESOLVED,10.2,157.4,False,5,1,False,True,False,True
이수민 0906(A),11978,1,17,4,3,9,GREENSIDE_BUNKER,GREENSIDE_BUNKER,3,GREEN,GREEN,RECOVERY,3.8,10.2,False,5,1,False,True,False,True
이수민 0906(A),11978,1,18,5,2,1,FAIRWAY,FAIRWAY,1,FAIRWAY,FAIRWAY,ADVANCE_LAYUP,139.9,328.1,True,5,0,True,False,False,True
이수민 0906(A),11978,1,18,5,3,1,FAIRWAY,FAIRWAY,3,GREEN,GREEN,NORMAL_APPROACH,4.4,139.9,True,5,0,True,False,False,True
이지민,12038,1,1,4,2,6,BUNKER,BUNKER,9,GREENSIDE_BUNKER,GREENSIDE_BUNKER,RECOVERY,32.5,160.3,False,4,0,True,False,False,False
이지민,12038,1,1,4,3,9,GREENSIDE_BUNKER,GREENSIDE_BUNKER,3,GREEN,GREEN,RECOVERY,0.9,32.5,False,4,0,True,False,False,False
이지민,12038,1,3,4,2,1,FAIRWAY,FAIRWAY,2,ROUGH,ROUGH,OTHER_UNRESOLVED,10.1,180.2,False,4,0,True,False,False,True
이지민,12038,1,3,4,3,2,ROUGH,ROUGH,3,GREEN,GREEN,RECOVERY,4.8,10.1,False,4,0,True,False,False,True
이지민,12038,1,4,5,2,1,FAIRWAY,FAIRWAY,2,ROUGH,ROUGH,ADVANCE_LAYUP,110.3,290.2,False,8,3,False,True,True,True
이지민,12038,1,4,5,3,2,ROUGH,ROUGH,2,ROUGH,ROUGH,RECOVERY,107.3,110.3,False,8,3,False,True,True,True
이지민,12038,1,4,5,4,2,ROUGH,ROUGH,2,ROUGH,ROUGH,RECOVERY,13.7,107.3,False,8,3,False,True,True,True
이지민,12038,1,4,5,5,2,ROUGH,ROUGH,12,FRINGE,FRINGE,RECOVERY,9.2,13.7,False,8,3,False,True,True,True
이지민,12038,1,4,5,6,12,FRINGE,FRINGE,3,GREEN,GREEN,SHORT_GAME,5.0,9.2,False,8,3,False,True,True,True
이지민,12038,1,5,3,2,2,ROUGH,ROUGH,2,ROUGH,ROUGH,RECOVERY,19.7,17.9,False,4,1,False,True,False,
이지민,12038,1,5,3,3,2,ROUGH,ROUGH,3,GREEN,GREEN,RECOVERY,2.9,19.7,False,4,1,False,True,False,
이지민,12038,1,6,4,2,2,ROUGH,ROUGH,1,FAIRWAY,FAIRWAY,RECOVERY,89.1,173.4,False,5,1,False,True,False,False
이지민,12038,1,6,4,3,1,FAIRWAY,FAIRWAY,3,GREEN,GREEN,NORMAL_APPROACH,8.3,89.1,False,5,1,False,True,False,False
이지민,12038,1,7,5,2,2,ROUGH,ROUGH,1,FAIRWAY,FAIRWAY,RECOVERY,280.5,306.2,False,5,0,True,False,False,False
이지민,12038,1,7,5,3,1,FAIRWAY,FAIRWAY,1,FAIRWAY,FAIRWAY,ADVANCE_LAYUP,75.8,280.5,False,5,0,True,False,False,False
이지민,12038,1,7,5,4,1,FAIRWAY,FAIRWAY,3,GREEN,GREEN,NORMAL_APPROACH,1.1,75.8,False,5,0,True,False,False,False
이지민,12038,1,8,4,2,2,ROUGH,ROUGH,2,ROUGH,ROUGH,RECOVERY,31.5,158.2,False,4,0,True,False,False,False
이지민,12038,1,8,4,3,2,ROUGH,ROUGH,3,GREEN,GREEN,RECOVERY,5.2,31.5,False,4,0,True,False,False,False
이지민,12038,1,9,4,2,2,ROUGH,ROUGH,2,ROUGH,ROUGH,RECOVERY,131.7,142.3,False,6,2,False,True,True,False
이지민,12038,1,9,4,3,2,ROUGH,ROUGH,2,ROUGH,ROUGH,RECOVERY,6.4,131.7,False,6,2,False,True,True,False
이지민,12038,1,9,4,4,2,ROUGH,ROUGH,3,GREEN,GREEN,RECOVERY,7.2,6.4,False,6,2,False,True,True,False
이지민,12038,1,10,5,2,1,FAIRWAY,FAIRWAY,1,FAIRWAY,FAIRWAY,ADVANCE_LAYUP,108.4,310.0,True,5,0,True,False,False,True
이지민,12038,1,10,5,3,1,FAIRWAY,FAIRWAY,3,GREEN,GREEN,NORMAL_APPROACH,3.0,108.4,True,5,0,True,False,False,True
이지민,12038,1,11,3,2,2,ROUGH,ROUGH,3,GREEN,GREEN,RECOVERY,5.7,12.9,False,4,1,False,True,False,
이지민,12038,1,12,4,2,1,FAIRWAY,FAIRWAY,3,GREEN,GREEN,NORMAL_APPROACH,7.5,138.8,True,4,0,True,False,False,True
이지민,12038,1,13,4,2,1,FAIRWAY,FAIRWAY,3,GREEN,GREEN,NORMAL_APPROACH,4.2,115.5,True,4,0,True,False,False,True
이지민,12038,1,14,4,2,1,FAIRWAY,FAIRWAY,3,GREEN,GREEN,NORMAL_APPROACH,10.4,135.3,True,4,0,True,False,False,True
이지민,12038,1,15,4,2,1,FAIRWAY,FAIRWAY,3,GREEN,GREEN,NORMAL_APPROACH,19.8,147.0,True,3,-1,True,False,False,True
이지민,12038,1,16,3,2,2,ROUGH,ROUGH,3,GREEN,GREEN,RECOVERY,4.7,12.5,False,4,1,False,True,False,
이지민,12038,1,17,4,2,2,ROUGH,ROUGH,3,GREEN,GREEN,RECOVERY,10.3,139.5,True,4,0,True,False,False,False
이지민,12038,1,18,5,2,1,FAIRWAY,FAIRWAY,2,ROUGH,ROUGH,ADVANCE_LAYUP,141.2,282.5,False,5,0,True,False,False,True
이지민,12038,1,18,5,3,2,ROUGH,ROUGH,2,ROUGH,ROUGH,RECOVERY,135.1,141.2,False,5,0,True,False,False,True
이지민,12038,1,18,5,4,2,ROUGH,ROUGH,3,GREEN,GREEN,RECOVERY,4.8,135.1,False,5,0,True,False,False,True
이지민,12038,2,1,4,2,1,FAIRWAY,FAIRWAY,3,GREEN,GREEN,NORMAL_APPROACH,4.1,156.8,True,3,-1,True,False,False,True
이지민,12038,2,2,3,2,12,FRINGE,FRINGE,3,GREEN,GREEN,SHORT_GAME,2.3,6.0,False,4,1,False,True,False,
이지민,12038,2,3,4,2,1,FAIRWAY,FAIRWAY,3,GREEN,GREEN,NORMAL_APPROACH,8.4,182.5,True,5,1,False,True,False,True
이지민,12038,2,4,5,2,2,ROUGH,ROUGH,2,ROUGH,ROUGH,RECOVERY,138.1,308.7,False,6,1,False,True,False,False
이지민,12038,2,4,5,3,2,ROUGH,ROUGH,2,ROUGH,ROUGH,RECOVERY,23.3,138.1,False,6,1,False,True,False,False
이지민,12038,2,4,5,4,2,ROUGH,ROUGH,12,FRINGE,FRINGE,RECOVERY,8.0,23.3,False,6,1,False,True,False,False
이지민,12038,2,4,5,5,12,FRINGE,FRINGE,3,GREEN,GREEN,SHORT_GAME,0.5,8.0,False,6,1,False,True,False,False
이지민,12038,2,6,4,2,2,ROUGH,ROUGH,2,ROUGH,ROUGH,RECOVERY,10.1,158.0,False,5,1,False,True,False,False
이지민,12038,2,6,4,3,2,ROUGH,ROUGH,3,GREEN,GREEN,RECOVERY,6.2,10.1,False,5,1,False,True,False,False
이지민,12038,2,7,5,2,1,FAIRWAY,FAIRWAY,2,ROUGH,ROUGH,ADVANCE_LAYUP,89.2,289.9,False,5,0,True,False,False,True
이지민,12038,2,7,5,3,2,ROUGH,ROUGH,12,FRINGE,FRINGE,RECOVERY,19.4,89.2,False,5,0,True,False,False,True
이지민,12038,2,7,5,4,12,FRINGE,FRINGE,3,GREEN,GREEN,SHORT_GAME,1.4,19.4,False,5,0,True,False,False,True
이지민,12038,2,8,4,2,1,FAIRWAY,FAIRWAY,3,GREEN,GREEN,NORMAL_APPROACH,6.2,128.3,True,4,0,True,False,False,True
이지민,12038,2,9,4,2,1,FAIRWAY,FAIRWAY,3,GREEN,GREEN,NORMAL_APPROACH,9.4,139.3,True,4,0,True,False,False,True
이지민,12038,2,10,5,2,2,ROUGH,ROUGH,1,FAIRWAY,FAIRWAY,RECOVERY,179.6,321.7,False,5,0,True,False,False,False
이지민,12038,2,10,5,3,1,FAIRWAY,FAIRWAY,9,GREENSIDE_BUNKER,GREENSIDE_BUNKER,ADVANCE_LAYUP,21.3,179.6,False,5,0,True,False,False,False
이지민,12038,2,10,5,4,9,GREENSIDE_BUNKER,GREENSIDE_BUNKER,3,GREEN,GREEN,RECOVERY,0.5,21.3,False,5,0,True,False,False,False
이지민,12038,2,12,4,2,1,FAIRWAY,FAIRWAY,2,ROUGH,ROUGH,OTHER_UNRESOLVED,28.6,147.6,False,5,1,False,True,False,True
이지민,12038,2,12,4,3,2,ROUGH,ROUGH,3,GREEN,GREEN,RECOVERY,2.6,28.6,False,5,1,False,True,False,True
이지민,12038,2,13,4,2,1,FAIRWAY,FAIRWAY,3,GREEN,GREEN,NORMAL_APPROACH,6.3,113.5,True,4,0,True,False,False,True
이지민,12038,2,14,4,2,1,FAIRWAY,FAIRWAY,3,GREEN,GREEN,NORMAL_APPROACH,11.2,162.9,True,4,0,True,False,False,True
이지민,12038,2,15,4,2,1,FAIRWAY,FAIRWAY,2,ROUGH,ROUGH,OTHER_UNRESOLVED,25.9,151.1,False,5,1,False,True,False,True
이지민,12038,2,15,4,3,2,ROUGH,ROUGH,3,GREEN,GREEN,RECOVERY,4.6,25.9,False,5,1,False,True,False,True
이지민,12038,2,17,4,2,2,ROUGH,ROUGH,9,GREENSIDE_BUNKER,GREENSIDE_BUNKER,RECOVERY,24.4,147.3,False,5,1,False,True,False,False
이지민,12038,2,17,4,3,9,GREENSIDE_BUNKER,GREENSIDE_BUNKER,3,GREEN,GREEN,RECOVERY,8.9,24.4,False,5,1,False,True,False,False
이지민,12038,2,18,5,2,1,FAIRWAY,FAIRWAY,2,ROUGH,ROUGH,ADVANCE_LAYUP,91.1,274.3,True,5,0,True,False,False,True
이지민,12038,2,18,5,3,2,ROUGH,ROUGH,3,GREEN,GREEN,RECOVERY,15.5,91.1,True,5,0,True,False,False,True
임선아 1108(A),12078,1,1,4,2,6,BUNKER,BUNKER,12,FRINGE,FRINGE,RECOVERY,12.8,165.7,False,5,1,False,True,False,False
임선아 1108(A),12078,1,1,4,3,12,FRINGE,FRINGE,3,GREEN,GREEN,SHORT_GAME,1.5,12.8,False,5,1,False,True,False,False
임선아 1108(A),12078,1,3,4,2,1,FAIRWAY,FAIRWAY,7,LOST_BALL,LOST_BALL_PENALTY_RESTART,OTHER_UNRESOLVED,170.2,170.2,False,6,2,False,True,True,True
임선아 1108(A),12078,1,3,4,3,7,LOST_BALL,LOST_BALL_PENALTY_RESTART,8,PENALTY_STROKE,LOST_BALL_PENALTY_RESTART,PENALTY_RESTART,170.2,170.2,False,6,2,False,True,True,True
임선아 1108(A),12078,1,3,4,4,8,PENALTY_STROKE,LOST_BALL_PENALTY_RESTART,3,GREEN,GREEN,PENALTY_RESTART,11.7,170.2,False,6,2,False,True,True,True
임선아 1108(A),12078,1,4,5,2,2,ROUGH,ROUGH,1,FAIRWAY,FAIRWAY,RECOVERY,165.3,297.1,False,6,1,False,True,False,False
임선아 1108(A),12078,1,4,5,3,1,FAIRWAY,FAIRWAY,2,ROUGH,ROUGH,ADVANCE_LAYUP,12.6,165.3,False,6,1,False,True,False,False
임선아 1108(A),12078,1,4,5,4,2,ROUGH,ROUGH,3,GREEN,GREEN,RECOVERY,4.8,12.6,False,6,1,False,True,False,False
임선아 1108(A),12078,1,5,3,2,9,GREENSIDE_BUNKER,GREENSIDE_BUNKER,3,GREEN,GREEN,RECOVERY,3.3,15.1,False,4,1,False,True,False,
임선아 1108(A),12078,1,6,4,2,2,ROUGH,ROUGH,2,ROUGH,ROUGH,RECOVERY,30.0,174.7,False,5,1,False,True,False,False
임선아 1108(A),12078,1,6,4,3,2,ROUGH,ROUGH,12,FRINGE,FRINGE,RECOVERY,5.0,30.0,False,5,1,False,True,False,False
임선아 1108(A),12078,1,6,4,4,12,FRINGE,FRINGE,3,GREEN,GREEN,SHORT_GAME,1.4,5.0,False,5,1,False,True,False,False
임선아 1108(A),12078,1,7,5,2,1,FAIRWAY,FAIRWAY,1,FAIRWAY,FAIRWAY,ADVANCE_LAYUP,64.8,278.2,True,5,0,True,False,False,True
임선아 1108(A),12078,1,7,5,3,1,FAIRWAY,FAIRWAY,3,GREEN,GREEN,NORMAL_APPROACH,1.6,64.8,True,5,0,True,False,False,True
임선아 1108(A),12078,1,8,4,2,2,ROUGH,ROUGH,3,GREEN,GREEN,RECOVERY,11.2,135.1,True,5,1,False,True,False,False
임선아 1108(A),12078,1,9,4,2,2,ROUGH,ROUGH,1,FAIRWAY,FAIRWAY,RECOVERY,119.4,152.3,False,5,1,False,True,False,False
임선아 1108(A),12078,1,9,4,3,1,FAIRWAY,FAIRWAY,3,GREEN,GREEN,NORMAL_APPROACH,9.1,119.4,False,5,1,False,True,False,False
임선아 1108(A),12078,1,10,5,2,2,ROUGH,ROUGH,1,FAIRWAY,FAIRWAY,RECOVERY,189.7,316.1,False,8,3,False,True,True,False
임선아 1108(A),12078,1,10,5,3,1,FAIRWAY,FAIRWAY,9,GREENSIDE_BUNKER,GREENSIDE_BUNKER,ADVANCE_LAYUP,20.0,189.7,False,8,3,False,True,True,False
임선아 1108(A),12078,1,10,5,4,9,GREENSIDE_BUNKER,GREENSIDE_BUNKER,2,ROUGH,ROUGH,RECOVERY,27.2,20.0,False,8,3,False,True,True,False
임선아 1108(A),12078,1,10,5,5,2,ROUGH,ROUGH,9,GREENSIDE_BUNKER,GREENSIDE_BUNKER,RECOVERY,13.8,27.2,False,8,3,False,True,True,False
임선아 1108(A),12078,1,10,5,6,9,GREENSIDE_BUNKER,GREENSIDE_BUNKER,12,FRINGE,FRINGE,RECOVERY,7.4,13.8,False,8,3,False,True,True,False
임선아 1108(A),12078,1,10,5,7,12,FRINGE,FRINGE,3,GREEN,GREEN,SHORT_GAME,0.8,7.4,False,8,3,False,True,True,False
임선아 1108(A),12078,1,11,3,2,2,ROUGH,ROUGH,3,GREEN,GREEN,RECOVERY,3.2,17.0,False,4,1,False,True,False,
임선아 1108(A),12078,1,12,4,2,2,ROUGH,ROUGH,3,GREEN,GREEN,RECOVERY,31.0,168.6,True,4,0,True,False,False,False
임선아 1108(A),12078,1,13,4,2,2,ROUGH,ROUGH,2,ROUGH,ROUGH,RECOVERY,33.0,148.2,False,4,0,True,False,False,False
임선아 1108(A),12078,1,13,4,3,2,ROUGH,ROUGH,3,GREEN,GREEN,RECOVERY,1.6,33.0,False,4,0,True,False,False,False
임선아 1108(A),12078,1,14,4,2,1,FAIRWAY,FAIRWAY,2,ROUGH,ROUGH,OTHER_UNRESOLVED,23.6,153.6,False,6,2,False,True,True,True
임선아 1108(A),12078,1,14,4,3,2,ROUGH,ROUGH,12,FRINGE,FRINGE,RECOVERY,18.8,23.6,False,6,2,False,True,True,True
임선아 1108(A),12078,1,14,4,4,12,FRINGE,FRINGE,3,GREEN,GREEN,SHORT_GAME,5.6,18.8,False,6,2,False,True,True,True
임선아 1108(A),12078,1,15,4,2,1,FAIRWAY,FAIRWAY,3,GREEN,GREEN,NORMAL_APPROACH,8.7,149.3,True,4,0,True,False,False,True
임선아 1108(A),12078,1,17,4,2,1,FAIRWAY,FAIRWAY,3,GREEN,GREEN,NORMAL_APPROACH,8.7,123.8,True,5,1,False,True,False,True
임선아 1108(A),12078,1,18,5,2,2,ROUGH,ROUGH,1,FAIRWAY,FAIRWAY,RECOVERY,74.4,267.3,True,5,0,True,False,False,False
임선아 1108(A),12078,1,18,5,3,1,FAIRWAY,FAIRWAY,3,GREEN,GREEN,NORMAL_APPROACH,6.6,74.4,True,5,0,True,False,False,False
임선아 1108(A),12078,2,1,4,2,1,FAIRWAY,FAIRWAY,9,GREENSIDE_BUNKER,GREENSIDE_BUNKER,OTHER_UNRESOLVED,15.4,142.0,False,5,1,False,True,False,True
임선아 1108(A),12078,2,1,4,3,9,GREENSIDE_BUNKER,GREENSIDE_BUNKER,3,GREEN,GREEN,RECOVERY,12.9,15.4,False,5,1,False,True,False,True
임선아 1108(A),12078,2,2,3,2,12,FRINGE,FRINGE,3,GREEN,GREEN,SHORT_GAME,2.3,10.8,False,3,0,True,False,False,
임선아 1108(A),12078,2,3,4,2,2,ROUGH,ROUGH,12,FRINGE,FRINGE,RECOVERY,17.3,189.4,False,5,1,False,True,False,False
임선아 1108(A),12078,2,3,4,3,12,FRINGE,FRINGE,3,GREEN,GREEN,SHORT_GAME,6.5,17.3,False,5,1,False,True,False,False
임선아 1108(A),12078,2,4,5,2,2,ROUGH,ROUGH,2,ROUGH,ROUGH,RECOVERY,111.9,314.5,True,5,0,True,False,False,False
임선아 1108(A),12078,2,4,5,3,2,ROUGH,ROUGH,3,GREEN,GREEN,RECOVERY,9.2,111.9,True,5,0,True,False,False,False
임선아 1108(A),12078,2,5,3,2,2,ROUGH,ROUGH,3,GREEN,GREEN,RECOVERY,5.0,22.9,False,4,1,False,True,False,
임선아 1108(A),12078,2,6,4,2,2,ROUGH,ROUGH,9,GREENSIDE_BUNKER,GREENSIDE_BUNKER,RECOVERY,14.1,149.1,False,4,0,True,False,False,False
임선아 1108(A),12078,2,6,4,3,9,GREENSIDE_BUNKER,GREENSIDE_BUNKER,3,GREEN,GREEN,RECOVERY,1.6,14.1,False,4,0,True,False,False,False
임선아 1108(A),12078,2,7,5,2,1,FAIRWAY,FAIRWAY,1,FAIRWAY,FAIRWAY,ADVANCE_LAYUP,89.9,285.1,True,5,0,True,False,False,True
임선아 1108(A),12078,2,7,5,3,1,FAIRWAY,FAIRWAY,3,GREEN,GREEN,NORMAL_APPROACH,4.9,89.9,True,5,0,True,False,False,True
임선아 1108(A),12078,2,8,4,2,1,FAIRWAY,FAIRWAY,2,ROUGH,ROUGH,OTHER_UNRESOLVED,13.2,121.7,False,4,0,True,False,False,True
임선아 1108(A),12078,2,8,4,3,2,ROUGH,ROUGH,3,GREEN,GREEN,RECOVERY,1.4,13.2,False,4,0,True,False,False,True
임선아 1108(A),12078,2,9,4,2,2,ROUGH,ROUGH,2,ROUGH,ROUGH,RECOVERY,22.1,144.4,False,5,1,False,True,False,False
임선아 1108(A),12078,2,9,4,3,2,ROUGH,ROUGH,12,FRINGE,FRINGE,RECOVERY,6.3,22.1,False,5,1,False,True,False,False
임선아 1108(A),12078,2,9,4,4,12,FRINGE,FRINGE,3,GREEN,GREEN,SHORT_GAME,0.5,6.3,False,5,1,False,True,False,False
임선아 1108(A),12078,2,10,5,2,2,ROUGH,ROUGH,1,FAIRWAY,FAIRWAY,RECOVERY,188.6,326.7,False,8,3,False,True,True,False
임선아 1108(A),12078,2,10,5,3,1,FAIRWAY,FAIRWAY,4,OB,LOST_BALL_PENALTY_RESTART,ADVANCE_LAYUP,0.0,188.6,False,8,3,False,True,True,False
임선아 1108(A),12078,2,10,5,4,4,OB,LOST_BALL_PENALTY_RESTART,8,PENALTY_STROKE,LOST_BALL_PENALTY_RESTART,PENALTY_RESTART,189.3,0.0,False,8,3,False,True,True,False
임선아 1108(A),12078,2,10,5,5,8,PENALTY_STROKE,LOST_BALL_PENALTY_RESTART,12,FRINGE,FRINGE,PENALTY_RESTART,8.8,189.3,False,8,3,False,True,True,False
임선아 1108(A),12078,2,10,5,6,12,FRINGE,FRINGE,3,GREEN,GREEN,SHORT_GAME,1.3,8.8,False,8,3,False,True,True,False
임선아 1108(A),12078,2,11,3,2,2,ROUGH,ROUGH,2,ROUGH,ROUGH,RECOVERY,14.6,15.9,False,4,1,False,True,False,
임선아 1108(A),12078,2,11,3,3,2,ROUGH,ROUGH,3,GREEN,GREEN,RECOVERY,0.6,14.6,False,4,1,False,True,False,
임선아 1108(A),12078,2,12,4,2,2,ROUGH,ROUGH,2,ROUGH,ROUGH,RECOVERY,13.6,173.1,False,5,1,False,True,False,False
임선아 1108(A),12078,2,12,4,3,2,ROUGH,ROUGH,3,GREEN,GREEN,RECOVERY,13.1,13.6,False,5,1,False,True,False,False
임선아 1108(A),12078,2,13,4,2,1,FAIRWAY,FAIRWAY,3,GREEN,GREEN,NORMAL_APPROACH,3.5,114.3,True,4,0,True,False,False,True
임선아 1108(A),12078,2,14,4,2,1,FAIRWAY,FAIRWAY,2,ROUGH,ROUGH,OTHER_UNRESOLVED,46.3,195.9,False,5,1,False,True,False,True
임선아 1108(A),12078,2,14,4,3,2,ROUGH,ROUGH,12,FRINGE,FRINGE,RECOVERY,4.6,46.3,False,5,1,False,True,False,True
임선아 1108(A),12078,2,14,4,4,12,FRINGE,FRINGE,3,GREEN,GREEN,SHORT_GAME,1.5,4.6,False,5,1,False,True,False,True
임선아 1108(A),12078,2,15,4,2,2,ROUGH,ROUGH,2,ROUGH,ROUGH,RECOVERY,13.3,149.2,False,5,1,False,True,False,False
임선아 1108(A),12078,2,15,4,3,2,ROUGH,ROUGH,3,GREEN,GREEN,RECOVERY,6.6,13.3,False,5,1,False,True,False,False
임선아 1108(A),12078,2,16,3,2,12,FRINGE,FRINGE,3,GREEN,GREEN,SHORT_GAME,5.0,15.0,False,3,0,True,False,False,
임선아 1108(A),12078,2,17,4,2,1,FAIRWAY,FAIRWAY,3,GREEN,GREEN,NORMAL_APPROACH,16.3,142.6,True,5,1,False,True,False,True
임선아 1108(A),12078,2,18,5,2,1,FAIRWAY,FAIRWAY,1,FAIRWAY,FAIRWAY,ADVANCE_LAYUP,86.3,253.1,True,5,0,True,False,False,True
임선아 1108(A),12078,2,18,5,3,1,FAIRWAY,FAIRWAY,3,GREEN,GREEN,NORMAL_APPROACH,3.7,86.3,True,5,0,True,False,False,True
양아연 1012(A),12080,1,1,4,2,2,ROUGH,ROUGH,12,FRINGE,FRINGE,RECOVERY,12.9,181.7,False,4,0,True,False,False,False
양아연 1012(A),12080,1,1,4,3,12,FRINGE,FRINGE,3,GREEN,GREEN,SHORT_GAME,1.2,12.9,False,4,0,True,False,False,False
양아연 1012(A),12080,1,3,4,2,1,FAIRWAY,FAIRWAY,2,ROUGH,ROUGH,OTHER_UNRESOLVED,19.3,175.1,False,5,1,False,True,False,True
양아연 1012(A),12080,1,3,4,3,2,ROUGH,ROUGH,12,FRINGE,FRINGE,RECOVERY,6.0,19.3,False,5,1,False,True,False,True
양아연 1012(A),12080,1,3,4,4,12,FRINGE,FRINGE,3,GREEN,GREEN,SHORT_GAME,0.7,6.0,False,5,1,False,True,False,True
양아연 1012(A),12080,1,4,5,2,2,ROUGH,ROUGH,1,FAIRWAY,FAIRWAY,RECOVERY,138.1,287.5,False,6,1,False,True,False,False
양아연 1012(A),12080,1,4,5,3,1,FAIRWAY,FAIRWAY,2,ROUGH,ROUGH,ADVANCE_LAYUP,15.5,138.1,False,6,1,False,True,False,False
양아연 1012(A),12080,1,4,5,4,2,ROUGH,ROUGH,3,GREEN,GREEN,RECOVERY,3.2,15.5,False,6,1,False,True,False,False
양아연 1012(A),12080,1,5,3,2,9,GREENSIDE_BUNKER,GREENSIDE_BUNKER,3,GREEN,GREEN,RECOVERY,3.4,14.8,False,4,1,False,True,False,
양아연 1012(A),12080,1,6,4,2,1,FAIRWAY,FAIRWAY,9,GREENSIDE_BUNKER,GREENSIDE_BUNKER,OTHER_UNRESOLVED,27.7,171.0,False,4,0,True,False,False,True
양아연 1012(A),12080,1,6,4,3,9,GREENSIDE_BUNKER,GREENSIDE_BUNKER,3,GREEN,GREEN,RECOVERY,1.5,27.7,False,4,0,True,False,False,True
양아연 1012(A),12080,1,7,5,2,2,ROUGH,ROUGH,1,FAIRWAY,FAIRWAY,RECOVERY,76.2,277.9,True,5,0,True,False,False,False
양아연 1012(A),12080,1,7,5,3,1,FAIRWAY,FAIRWAY,3,GREEN,GREEN,NORMAL_APPROACH,3.5,76.2,True,5,0,True,False,False,False
양아연 1012(A),12080,1,8,4,2,2,ROUGH,ROUGH,5,PENALTY_AREA,PENALTY_AREA,RECOVERY,0.0,167.5,False,6,2,False,True,True,False
양아연 1012(A),12080,1,8,4,3,5,PENALTY_AREA,PENALTY_AREA,8,PENALTY_STROKE,LOST_BALL_PENALTY_RESTART,PENALTY_RESTART,118.2,0.0,False,6,2,False,True,True,False
양아연 1012(A),12080,1,8,4,4,8,PENALTY_STROKE,LOST_BALL_PENALTY_RESTART,3,GREEN,GREEN,PENALTY_RESTART,5.9,118.2,False,6,2,False,True,True,False
양아연 1012(A),12080,1,9,4,2,2,ROUGH,ROUGH,1,FAIRWAY,FAIRWAY,RECOVERY,77.1,142.1,False,4,0,True,False,False,False
양아연 1012(A),12080,1,9,4,3,1,FAIRWAY,FAIRWAY,3,GREEN,GREEN,NORMAL_APPROACH,0.7,77.1,False,4,0,True,False,False,False
양아연 1012(A),12080,1,10,5,2,2,ROUGH,ROUGH,2,ROUGH,ROUGH,RECOVERY,168.0,321.7,False,7,2,False,True,True,False
양아연 1012(A),12080,1,10,5,3,2,ROUGH,ROUGH,2,ROUGH,ROUGH,RECOVERY,49.4,168.0,False,7,2,False,True,True,False
양아연 1012(A),12080,1,10,5,4,2,ROUGH,ROUGH,2,ROUGH,ROUGH,RECOVERY,7.7,49.4,False,7,2,False,True,True,False
양아연 1012(A),12080,1,10,5,5,2,ROUGH,ROUGH,3,GREEN,GREEN,RECOVERY,3.3,7.7,False,7,2,False,True,True,False
양아연 1012(A),12080,1,11,3,2,2,ROUGH,ROUGH,3,GREEN,GREEN,RECOVERY,4.8,10.5,False,4,1,False,True,False,
양아연 1012(A),12080,1,12,4,2,1,FAIRWAY,FAIRWAY,3,GREEN,GREEN,NORMAL_APPROACH,7.9,140.1,True,4,0,True,False,False,True
양아연 1012(A),12080,1,13,4,2,1,FAIRWAY,FAIRWAY,3,GREEN,GREEN,NORMAL_APPROACH,4.5,100.2,True,4,0,True,False,False,True
양아연 1012(A),12080,1,14,4,2,2,ROUGH,ROUGH,3,GREEN,GREEN,RECOVERY,12.3,141.0,True,4,0,True,False,False,False
양아연 1012(A),12080,1,15,4,2,1,FAIRWAY,FAIRWAY,3,GREEN,GREEN,NORMAL_APPROACH,12.3,164.9,True,4,0,True,False,False,True
양아연 1012(A),12080,1,17,4,2,2,ROUGH,ROUGH,2,ROUGH,ROUGH,RECOVERY,120.1,154.5,False,5,1,False,True,False,False
양아연 1012(A),12080,1,17,4,3,2,ROUGH,ROUGH,3,GREEN,GREEN,RECOVERY,9.7,120.1,False,5,1,False,True,False,False
양아연 1012(A),12080,1,18,5,2,1,FAIRWAY,FAIRWAY,1,FAIRWAY,FAIRWAY,ADVANCE_LAYUP,99.1,276.0,True,4,-1,True,False,False,True
양아연 1012(A),12080,1,18,5,3,1,FAIRWAY,FAIRWAY,3,GREEN,GREEN,NORMAL_APPROACH,3.1,99.1,True,4,-1,True,False,False,True
양아연 1012(A),12080,2,1,4,2,1,FAIRWAY,FAIRWAY,12,FRINGE,FRINGE,NORMAL_APPROACH,5.4,152.0,False,4,0,True,False,False,True
양아연 1012(A),12080,2,1,4,3,12,FRINGE,FRINGE,3,GREEN,GREEN,SHORT_GAME,1.3,5.4,False,4,0,True,False,False,True
양아연 1012(A),12080,2,2,3,2,5,PENALTY_AREA,PENALTY_AREA,8,PENALTY_STROKE,LOST_BALL_PENALTY_RESTART,PENALTY_RESTART,88.5,0.0,False,6,3,False,True,True,
양아연 1012(A),12080,2,2,3,3,8,PENALTY_STROKE,LOST_BALL_PENALTY_RESTART,3,GREEN,GREEN,PENALTY_RESTART,8.9,88.5,False,6,3,False,True,True,
양아연 1012(A),12080,2,3,4,2,1,FAIRWAY,FAIRWAY,3,GREEN,GREEN,NORMAL_APPROACH,2.5,179.5,True,4,0,True,False,False,True
양아연 1012(A),12080,2,4,5,2,1,FAIRWAY,FAIRWAY,1,FAIRWAY,FAIRWAY,ADVANCE_LAYUP,79.2,295.4,True,4,-1,True,False,False,True
양아연 1012(A),12080,2,4,5,3,1,FAIRWAY,FAIRWAY,3,GREEN,GREEN,NORMAL_APPROACH,8.8,79.2,True,4,-1,True,False,False,True
양아연 1012(A),12080,2,6,4,2,2,ROUGH,ROUGH,2,ROUGH,ROUGH,RECOVERY,19.7,150.2,False,4,0,True,False,False,False
양아연 1012(A),12080,2,6,4,3,2,ROUGH,ROUGH,3,GREEN,GREEN,RECOVERY,2.6,19.7,False,4,0,True,False,False,False
양아연 1012(A),12080,2,7,5,2,1,FAIRWAY,FAIRWAY,1,FAIRWAY,FAIRWAY,ADVANCE_LAYUP,76.7,266.3,True,5,0,True,False,False,True
양아연 1012(A),12080,2,7,5,3,1,FAIRWAY,FAIRWAY,3,GREEN,GREEN,NORMAL_APPROACH,1.4,76.7,True,5,0,True,False,False,True
양아연 1012(A),12080,2,8,4,2,1,FAIRWAY,FAIRWAY,3,GREEN,GREEN,NORMAL_APPROACH,5.1,124.2,True,4,0,True,False,False,True
양아연 1012(A),12080,2,9,4,2,1,FAIRWAY,FAIRWAY,3,GREEN,GREEN,NORMAL_APPROACH,7.2,120.6,True,4,0,True,False,False,True
양아연 1012(A),12080,2,10,5,2,2,ROUGH,ROUGH,1,FAIRWAY,FAIRWAY,RECOVERY,176.1,341.6,False,5,0,True,False,False,False
양아연 1012(A),12080,2,10,5,3,1,FAIRWAY,FAIRWAY,2,ROUGH,ROUGH,ADVANCE_LAYUP,5.6,176.1,False,5,0,True,False,False,False
양아연 1012(A),12080,2,10,5,4,2,ROUGH,ROUGH,3,GREEN,GREEN,RECOVERY,1.2,5.6,False,5,0,True,False,False,False
양아연 1012(A),12080,2,12,4,2,2,ROUGH,ROUGH,3,GREEN,GREEN,RECOVERY,3.7,165.7,True,4,0,True,False,False,False
양아연 1012(A),12080,2,13,4,2,2,ROUGH,ROUGH,3,GREEN,GREEN,RECOVERY,13.7,117.3,True,4,0,True,False,False,False
양아연 1012(A),12080,2,14,4,2,1,FAIRWAY,FAIRWAY,3,GREEN,GREEN,NORMAL_APPROACH,10.8,154.6,True,5,1,False,True,False,True
양아연 1012(A),12080,2,15,4,2,1,FAIRWAY,FAIRWAY,2,ROUGH,ROUGH,OTHER_UNRESOLVED,19.5,152.8,False,4,0,True,False,False,True
양아연 1012(A),12080,2,15,4,3,2,ROUGH,ROUGH,3,GREEN,GREEN,RECOVERY,0.7,19.5,False,4,0,True,False,False,True
양아연 1012(A),12080,2,17,4,2,2,ROUGH,ROUGH,3,GREEN,GREEN,RECOVERY,2.6,145.9,True,3,-1,True,False,False,False
양아연 1012(A),12080,2,18,5,2,1,FAIRWAY,FAIRWAY,1,FAIRWAY,FAIRWAY,ADVANCE_LAYUP,88.0,276.2,True,6,1,False,True,False,True
양아연 1012(A),12080,2,18,5,3,1,FAIRWAY,FAIRWAY,3,GREEN,GREEN,NORMAL_APPROACH,6.9,88.0,True,6,1,False,True,False,True
에리카 윤 스미스(I),13386,1,1,4,2,1,FAIRWAY,FAIRWAY,2,ROUGH,ROUGH,OTHER_UNRESOLVED,14.2,165.1,False,4,0,True,False,False,True
에리카 윤 스미스(I),13386,1,1,4,3,2,ROUGH,ROUGH,3,GREEN,GREEN,RECOVERY,3.5,14.2,False,4,0,True,False,False,True
에리카 윤 스미스(I),13386,1,3,4,2,1,FAIRWAY,FAIRWAY,12,FRINGE,FRINGE,NORMAL_APPROACH,7.4,165.0,False,4,0,True,False,False,True
에리카 윤 스미스(I),13386,1,3,4,3,12,FRINGE,FRINGE,3,GREEN,GREEN,SHORT_GAME,0.5,7.4,False,4,0,True,False,False,True
에리카 윤 스미스(I),13386,1,4,5,2,1,FAIRWAY,FAIRWAY,2,ROUGH,ROUGH,ADVANCE_LAYUP,102.2,285.3,False,5,0,True,False,False,True
에리카 윤 스미스(I),13386,1,4,5,3,2,ROUGH,ROUGH,2,ROUGH,ROUGH,RECOVERY,13.4,102.2,False,5,0,True,False,False,True
에리카 윤 스미스(I),13386,1,4,5,4,2,ROUGH,ROUGH,3,GREEN,GREEN,RECOVERY,0.9,13.4,False,5,0,True,False,False,True
에리카 윤 스미스(I),13386,1,5,3,2,2,ROUGH,ROUGH,3,GREEN,GREEN,RECOVERY,0.4,15.6,False,3,0,True,False,False,
에리카 윤 스미스(I),13386,1,6,4,2,2,ROUGH,ROUGH,3,GREEN,GREEN,RECOVERY,4.6,165.9,True,5,1,False,True,False,False
에리카 윤 스미스(I),13386,1,7,5,2,2,ROUGH,ROUGH,2,ROUGH,ROUGH,RECOVERY,58.1,267.1,True,5,0,True,False,False,False
에리카 윤 스미스(I),13386,1,7,5,3,2,ROUGH,ROUGH,3,GREEN,GREEN,RECOVERY,10.4,58.1,True,5,0,True,False,False,False
에리카 윤 스미스(I),13386,1,8,4,2,7,LOST_BALL,LOST_BALL_PENALTY_RESTART,8,PENALTY_STROKE,LOST_BALL_PENALTY_RESTART,PENALTY_RESTART,372.9,372.9,False,6,2,False,True,True,False
에리카 윤 스미스(I),13386,1,8,4,3,8,PENALTY_STROKE,LOST_BALL_PENALTY_RESTART,2,ROUGH,ROUGH,PENALTY_RESTART,143.8,372.9,False,6,2,False,True,True,False
에리카 윤 스미스(I),13386,1,8,4,4,2,ROUGH,ROUGH,2,ROUGH,ROUGH,RECOVERY,11.8,143.8,False,6,2,False,True,True,False
에리카 윤 스미스(I),13386,1,8,4,5,2,ROUGH,ROUGH,3,GREEN,GREEN,RECOVERY,1.3,11.8,False,6,2,False,True,True,False
에리카 윤 스미스(I),13386,1,9,4,2,1,FAIRWAY,FAIRWAY,3,GREEN,GREEN,NORMAL_APPROACH,12.2,115.5,True,6,2,False,True,True,True
에리카 윤 스미스(I),13386,1,10,5,2,2,ROUGH,ROUGH,1,FAIRWAY,FAIRWAY,RECOVERY,145.4,294.4,False,5,0,True,False,False,False
에리카 윤 스미스(I),13386,1,10,5,3,1,FAIRWAY,FAIRWAY,2,ROUGH,ROUGH,ADVANCE_LAYUP,18.4,145.4,False,5,0,True,False,False,False
에리카 윤 스미스(I),13386,1,10,5,4,2,ROUGH,ROUGH,3,GREEN,GREEN,RECOVERY,2.8,18.4,False,5,0,True,False,False,False
에리카 윤 스미스(I),13386,1,11,3,2,2,ROUGH,ROUGH,3,GREEN,GREEN,RECOVERY,5.7,10.9,False,4,1,False,True,False,
에리카 윤 스미스(I),13386,1,12,4,2,1,FAIRWAY,FAIRWAY,3,GREEN,GREEN,NORMAL_APPROACH,6.6,199.4,True,4,0,True,False,False,True
에리카 윤 스미스(I),13386,1,13,4,2,1,FAIRWAY,FAIRWAY,3,GREEN,GREEN,NORMAL_APPROACH,9.0,117.2,True,4,0,True,False,False,True
에리카 윤 스미스(I),13386,1,14,4,2,1,FAIRWAY,FAIRWAY,3,GREEN,GREEN,NORMAL_APPROACH,13.6,138.4,True,4,0,True,False,False,True
에리카 윤 스미스(I),13386,1,15,4,2,2,ROUGH,ROUGH,2,ROUGH,ROUGH,RECOVERY,28.5,118.9,False,5,1,False,True,False,False
에리카 윤 스미스(I),13386,1,15,4,3,2,ROUGH,ROUGH,3,GREEN,GREEN,RECOVERY,5.8,28.5,False,5,1,False,True,False,False
에리카 윤 스미스(I),13386,1,17,4,2,2,ROUGH,ROUGH,3,GREEN,GREEN,RECOVERY,22.3,130.9,True,6,2,False,True,True,False
에리카 윤 스미스(I),13386,1,18,5,2,1,FAIRWAY,FAIRWAY,1,FAIRWAY,FAIRWAY,ADVANCE_LAYUP,101.1,273.3,True,5,0,True,False,False,True
에리카 윤 스미스(I),13386,1,18,5,3,1,FAIRWAY,FAIRWAY,3,GREEN,GREEN,NORMAL_APPROACH,10.4,101.1,True,5,0,True,False,False,True
에리카 윤 스미스(I),13386,2,1,4,2,1,FAIRWAY,FAIRWAY,9,GREENSIDE_BUNKER,GREENSIDE_BUNKER,OTHER_UNRESOLVED,12.6,146.9,False,5,1,False,True,False,True
에리카 윤 스미스(I),13386,2,1,4,3,9,GREENSIDE_BUNKER,GREENSIDE_BUNKER,9,GREENSIDE_BUNKER,GREENSIDE_BUNKER,RECOVERY,15.4,12.6,False,5,1,False,True,False,True
에리카 윤 스미스(I),13386,2,1,4,4,9,GREENSIDE_BUNKER,GREENSIDE_BUNKER,3,GREEN,GREEN,RECOVERY,1.7,15.4,False,5,1,False,True,False,True
에리카 윤 스미스(I),13386,2,3,4,2,2,ROUGH,ROUGH,2,ROUGH,ROUGH,RECOVERY,43.7,186.3,False,5,1,False,True,False,False
에리카 윤 스미스(I),13386,2,3,4,3,2,ROUGH,ROUGH,2,ROUGH,ROUGH,RECOVERY,21.2,43.7,False,5,1,False,True,False,False
에리카 윤 스미스(I),13386,2,3,4,4,2,ROUGH,ROUGH,3,GREEN,GREEN,RECOVERY,1.7,21.2,False,5,1,False,True,False,False
에리카 윤 스미스(I),13386,2,4,5,2,1,FAIRWAY,FAIRWAY,1,FAIRWAY,FAIRWAY,ADVANCE_LAYUP,94.3,291.5,True,5,0,True,False,False,True
에리카 윤 스미스(I),13386,2,4,5,3,1,FAIRWAY,FAIRWAY,3,GREEN,GREEN,NORMAL_APPROACH,2.2,94.3,True,5,0,True,False,False,True
에리카 윤 스미스(I),13386,2,6,4,2,2,ROUGH,ROUGH,9,GREENSIDE_BUNKER,GREENSIDE_BUNKER,RECOVERY,22.5,147.7,False,6,2,False,True,True,False
에리카 윤 스미스(I),13386,2,6,4,3,9,GREENSIDE_BUNKER,GREENSIDE_BUNKER,2,ROUGH,ROUGH,RECOVERY,5.9,22.5,False,6,2,False,True,True,False
에리카 윤 스미스(I),13386,2,6,4,4,2,ROUGH,ROUGH,3,GREEN,GREEN,RECOVERY,0.2,5.9,False,6,2,False,True,True,False
에리카 윤 스미스(I),13386,2,7,5,2,2,ROUGH,ROUGH,1,FAIRWAY,FAIRWAY,RECOVERY,103.0,276.9,True,5,0,True,False,False,False
에리카 윤 스미스(I),13386,2,7,5,3,1,FAIRWAY,FAIRWAY,3,GREEN,GREEN,NORMAL_APPROACH,12.3,103.0,True,5,0,True,False,False,False
에리카 윤 스미스(I),13386,2,8,4,2,2,ROUGH,ROUGH,3,GREEN,GREEN,RECOVERY,15.7,145.2,True,5,1,False,True,False,False
에리카 윤 스미스(I),13386,2,9,4,2,1,FAIRWAY,FAIRWAY,3,GREEN,GREEN,NORMAL_APPROACH,10.1,127.0,True,4,0,True,False,False,True
에리카 윤 스미스(I),13386,2,10,5,2,2,ROUGH,ROUGH,1,FAIRWAY,FAIRWAY,RECOVERY,214.9,315.5,False,5,0,True,False,False,False
에리카 윤 스미스(I),13386,2,10,5,3,1,FAIRWAY,FAIRWAY,12,FRINGE,FRINGE,NORMAL_APPROACH,16.3,214.9,False,5,0,True,False,False,False
에리카 윤 스미스(I),13386,2,10,5,4,12,FRINGE,FRINGE,3,GREEN,GREEN,SHORT_GAME,1.1,16.3,False,5,0,True,False,False,False
에리카 윤 스미스(I),13386,2,12,4,2,1,FAIRWAY,FAIRWAY,3,GREEN,GREEN,NORMAL_APPROACH,16.3,182.0,True,5,1,False,True,False,True
에리카 윤 스미스(I),13386,2,13,4,2,1,FAIRWAY,FAIRWAY,12,FRINGE,FRINGE,NORMAL_APPROACH,14.8,104.9,False,4,0,True,False,False,True
에리카 윤 스미스(I),13386,2,13,4,3,12,FRINGE,FRINGE,3,GREEN,GREEN,SHORT_GAME,1.1,14.8,False,4,0,True,False,False,True
에리카 윤 스미스(I),13386,2,14,4,2,1,FAIRWAY,FAIRWAY,3,GREEN,GREEN,NORMAL_APPROACH,14.2,153.7,True,4,0,True,False,False,True
에리카 윤 스미스(I),13386,2,15,4,2,1,FAIRWAY,FAIRWAY,12,FRINGE,FRINGE,NORMAL_APPROACH,8.0,140.9,False,4,0,True,False,False,True
에리카 윤 스미스(I),13386,2,15,4,3,12,FRINGE,FRINGE,3,GREEN,GREEN,SHORT_GAME,1.1,8.0,False,4,0,True,False,False,True
에리카 윤 스미스(I),13386,2,17,4,2,2,ROUGH,ROUGH,2,ROUGH,ROUGH,RECOVERY,13.2,141.4,False,5,1,False,True,False,False
에리카 윤 스미스(I),13386,2,17,4,3,2,ROUGH,ROUGH,12,FRINGE,FRINGE,RECOVERY,6.5,13.2,False,5,1,False,True,False,False
에리카 윤 스미스(I),13386,2,17,4,4,12,FRINGE,FRINGE,3,GREEN,GREEN,SHORT_GAME,2.2,6.5,False,5,1,False,True,False,False
에리카 윤 스미스(I),13386,2,18,5,2,2,ROUGH,ROUGH,1,FAIRWAY,FAIRWAY,RECOVERY,114.4,266.8,False,5,0,True,False,False,False
에리카 윤 스미스(I),13386,2,18,5,3,1,FAIRWAY,FAIRWAY,2,ROUGH,ROUGH,ADVANCE_LAYUP,12.0,114.4,False,5,0,True,False,False,False
에리카 윤 스미스(I),13386,2,18,5,4,2,ROUGH,ROUGH,3,GREEN,GREEN,RECOVERY,2.9,12.0,False,5,0,True,False,False,False
지한솔,1521,1,1,4,2,1,FAIRWAY,FAIRWAY,3,GREEN,GREEN,NORMAL_APPROACH,15.1,174.9,True,4,0,True,False,False,True
지한솔,1521,1,2,3,2,2,ROUGH,ROUGH,3,GREEN,GREEN,RECOVERY,1.3,18.9,False,3,0,True,False,False,
지한솔,1521,1,3,4,2,1,FAIRWAY,FAIRWAY,3,GREEN,GREEN,NORMAL_APPROACH,8.8,170.6,True,4,0,True,False,False,True
지한솔,1521,1,4,5,2,1,FAIRWAY,FAIRWAY,1,FAIRWAY,FAIRWAY,ADVANCE_LAYUP,93.9,281.9,True,5,0,True,False,False,True
지한솔,1521,1,4,5,3,1,FAIRWAY,FAIRWAY,3,GREEN,GREEN,NORMAL_APPROACH,10.9,93.9,True,5,0,True,False,False,True
지한솔,1521,1,6,4,2,2,ROUGH,ROUGH,2,ROUGH,ROUGH,RECOVERY,54.5,170.6,False,5,1,False,True,False,False
지한솔,1521,1,6,4,3,2,ROUGH,ROUGH,3,GREEN,GREEN,RECOVERY,1.6,54.5,False,5,1,False,True,False,False
지한솔,1521,1,7,5,2,2,ROUGH,ROUGH,1,FAIRWAY,FAIRWAY,RECOVERY,72.3,270.4,False,5,0,True,False,False,False
지한솔,1521,1,7,5,3,1,FAIRWAY,FAIRWAY,2,ROUGH,ROUGH,ADVANCE_LAYUP,7.1,72.3,False,5,0,True,False,False,False
지한솔,1521,1,7,5,4,2,ROUGH,ROUGH,3,GREEN,GREEN,RECOVERY,0.9,7.1,False,5,0,True,False,False,False
지한솔,1521,1,8,4,2,1,FAIRWAY,FAIRWAY,3,GREEN,GREEN,NORMAL_APPROACH,3.9,169.1,True,4,0,True,False,False,True
지한솔,1521,1,9,4,2,2,ROUGH,ROUGH,3,GREEN,GREEN,RECOVERY,8.5,137.2,True,4,0,True,False,False,False
지한솔,1521,1,10,5,2,1,FAIRWAY,FAIRWAY,2,ROUGH,ROUGH,ADVANCE_LAYUP,125.3,312.4,False,5,0,True,False,False,True
지한솔,1521,1,10,5,3,2,ROUGH,ROUGH,2,ROUGH,ROUGH,RECOVERY,7.3,125.3,False,5,0,True,False,False,True
지한솔,1521,1,10,5,4,2,ROUGH,ROUGH,3,GREEN,GREEN,RECOVERY,0.3,7.3,False,5,0,True,False,False,True
지한솔,1521,1,12,4,2,2,ROUGH,ROUGH,2,ROUGH,ROUGH,RECOVERY,38.0,147.1,False,4,0,True,False,False,False
지한솔,1521,1,12,4,3,2,ROUGH,ROUGH,3,GREEN,GREEN,RECOVERY,8.8,38.0,False,4,0,True,False,False,False
지한솔,1521,1,13,4,2,1,FAIRWAY,FAIRWAY,3,GREEN,GREEN,NORMAL_APPROACH,6.4,121.4,True,4,0,True,False,False,True
지한솔,1521,1,14,4,2,1,FAIRWAY,FAIRWAY,3,GREEN,GREEN,NORMAL_APPROACH,6.9,149.6,True,4,0,True,False,False,True
지한솔,1521,1,15,4,2,2,ROUGH,ROUGH,2,ROUGH,ROUGH,RECOVERY,32.0,177.6,False,4,0,True,False,False,False
지한솔,1521,1,15,4,3,2,ROUGH,ROUGH,3,GREEN,GREEN,RECOVERY,1.1,32.0,False,4,0,True,False,False,False
지한솔,1521,1,17,4,2,1,FAIRWAY,FAIRWAY,2,ROUGH,ROUGH,OTHER_UNRESOLVED,9.4,135.8,False,4,0,True,False,False,True
지한솔,1521,1,17,4,3,2,ROUGH,ROUGH,3,GREEN,GREEN,RECOVERY,1.5,9.4,False,4,0,True,False,False,True
지한솔,1521,1,18,5,2,2,ROUGH,ROUGH,2,ROUGH,ROUGH,RECOVERY,134.9,284.9,True,5,0,True,False,False,False
지한솔,1521,1,18,5,3,2,ROUGH,ROUGH,3,GREEN,GREEN,RECOVERY,10.0,134.9,True,5,0,True,False,False,False
지한솔,1521,2,1,4,2,1,FAIRWAY,FAIRWAY,9,GREENSIDE_BUNKER,GREENSIDE_BUNKER,OTHER_UNRESOLVED,17.4,176.0,False,5,1,False,True,False,True
지한솔,1521,2,1,4,3,9,GREENSIDE_BUNKER,GREENSIDE_BUNKER,3,GREEN,GREEN,RECOVERY,8.7,17.4,False,5,1,False,True,False,True
지한솔,1521,2,2,3,2,5,PENALTY_AREA,PENALTY_AREA,8,PENALTY_STROKE,LOST_BALL_PENALTY_RESTART,PENALTY_RESTART,65.0,0.0,False,5,2,False,True,True,
지한솔,1521,2,2,3,3,8,PENALTY_STROKE,LOST_BALL_PENALTY_RESTART,3,GREEN,GREEN,PENALTY_RESTART,4.1,65.0,False,5,2,False,True,True,
지한솔,1521,2,3,4,2,1,FAIRWAY,FAIRWAY,2,ROUGH,ROUGH,OTHER_UNRESOLVED,23.6,194.7,False,4,0,True,False,False,True
지한솔,1521,2,3,4,3,2,ROUGH,ROUGH,3,GREEN,GREEN,RECOVERY,1.7,23.6,False,4,0,True,False,False,True
지한솔,1521,2,4,5,2,1,FAIRWAY,FAIRWAY,2,ROUGH,ROUGH,ADVANCE_LAYUP,106.5,300.0,False,5,0,True,False,False,True
지한솔,1521,2,4,5,3,2,ROUGH,ROUGH,2,ROUGH,ROUGH,RECOVERY,15.9,106.5,False,5,0,True,False,False,True
지한솔,1521,2,4,5,4,2,ROUGH,ROUGH,3,GREEN,GREEN,RECOVERY,8.9,15.9,False,5,0,True,False,False,True
지한솔,1521,2,6,4,2,1,FAIRWAY,FAIRWAY,9,GREENSIDE_BUNKER,GREENSIDE_BUNKER,OTHER_UNRESOLVED,23.6,161.1,False,5,1,False,True,False,True
지한솔,1521,2,6,4,3,9,GREENSIDE_BUNKER,GREENSIDE_BUNKER,3,GREEN,GREEN,RECOVERY,4.0,23.6,False,5,1,False,True,False,True
지한솔,1521,2,7,5,2,1,FAIRWAY,FAIRWAY,1,FAIRWAY,FAIRWAY,ADVANCE_LAYUP,94.4,290.6,True,6,1,False,True,False,True
지한솔,1521,2,7,5,3,1,FAIRWAY,FAIRWAY,3,GREEN,GREEN,NORMAL_APPROACH,15.4,94.4,True,6,1,False,True,False,True
지한솔,1521,2,8,4,2,1,FAIRWAY,FAIRWAY,3,GREEN,GREEN,NORMAL_APPROACH,11.7,140.4,True,4,0,True,False,False,True
지한솔,1521,2,9,4,2,2,ROUGH,ROUGH,8,PENALTY_STROKE,LOST_BALL_PENALTY_RESTART,RECOVERY,154.7,155.1,False,5,1,False,True,False,False
지한솔,1521,2,9,4,3,8,PENALTY_STROKE,LOST_BALL_PENALTY_RESTART,2,ROUGH,ROUGH,PENALTY_RESTART,30.1,154.7,False,5,1,False,True,False,False
지한솔,1521,2,9,4,4,2,ROUGH,ROUGH,3,GREEN,GREEN,RECOVERY,0.2,30.1,False,5,1,False,True,False,False
지한솔,1521,2,10,5,2,1,FAIRWAY,FAIRWAY,2,ROUGH,ROUGH,ADVANCE_LAYUP,133.7,327.9,False,6,1,False,True,False,True
지한솔,1521,2,10,5,3,2,ROUGH,ROUGH,2,ROUGH,ROUGH,RECOVERY,59.1,133.7,False,6,1,False,True,False,True
지한솔,1521,2,10,5,4,2,ROUGH,ROUGH,3,GREEN,GREEN,RECOVERY,1.9,59.1,False,6,1,False,True,False,True
지한솔,1521,2,11,3,2,2,ROUGH,ROUGH,3,GREEN,GREEN,RECOVERY,0.8,11.3,False,3,0,True,False,False,
지한솔,1521,2,12,4,2,2,ROUGH,ROUGH,9,GREENSIDE_BUNKER,GREENSIDE_BUNKER,RECOVERY,17.6,168.7,False,4,0,True,False,False,False
지한솔,1521,2,12,4,3,9,GREENSIDE_BUNKER,GREENSIDE_BUNKER,3,GREEN,GREEN,RECOVERY,7.8,17.6,False,4,0,True,False,False,False
지한솔,1521,2,13,4,2,1,FAIRWAY,FAIRWAY,3,GREEN,GREEN,NORMAL_APPROACH,9.7,102.2,True,4,0,True,False,False,True
지한솔,1521,2,14,4,2,1,FAIRWAY,FAIRWAY,3,GREEN,GREEN,NORMAL_APPROACH,17.9,152.1,True,5,1,False,True,False,True
지한솔,1521,2,15,4,2,1,FAIRWAY,FAIRWAY,3,GREEN,GREEN,NORMAL_APPROACH,2.6,160.4,True,4,0,True,False,False,True
지한솔,1521,2,17,4,2,2,ROUGH,ROUGH,3,GREEN,GREEN,RECOVERY,14.0,146.1,True,4,0,True,False,False,False
지한솔,1521,2,18,5,2,2,ROUGH,ROUGH,1,FAIRWAY,FAIRWAY,RECOVERY,203.8,290.6,False,7,2,False,True,True,False
지한솔,1521,2,18,5,3,1,FAIRWAY,FAIRWAY,5,PENALTY_AREA,PENALTY_AREA,ADVANCE_LAYUP,0.0,203.8,False,7,2,False,True,True,False
지한솔,1521,2,18,5,4,5,PENALTY_AREA,PENALTY_AREA,8,PENALTY_STROKE,LOST_BALL_PENALTY_RESTART,PENALTY_RESTART,27.7,0.0,False,7,2,False,True,True,False
지한솔,1521,2,18,5,5,8,PENALTY_STROKE,LOST_BALL_PENALTY_RESTART,3,GREEN,GREEN,PENALTY_RESTART,3.2,27.7,False,7,2,False,True,True,False
안송이,6916,1,1,4,2,1,FAIRWAY,FAIRWAY,3,GREEN,GREEN,NORMAL_APPROACH,20.2,184.6,True,4,0,True,False,False,True
안송이,6916,1,2,3,2,2,ROUGH,ROUGH,3,GREEN,GREEN,RECOVERY,0.3,15.5,False,3,0,True,False,False,
안송이,6916,1,3,4,2,1,FAIRWAY,FAIRWAY,2,ROUGH,ROUGH,OTHER_UNRESOLVED,30.7,188.8,False,5,1,False,True,False,True
안송이,6916,1,3,4,3,2,ROUGH,ROUGH,3,GREEN,GREEN,RECOVERY,3.7,30.7,False,5,1,False,True,False,True
안송이,6916,1,4,5,2,1,FAIRWAY,FAIRWAY,2,ROUGH,ROUGH,ADVANCE_LAYUP,93.2,290.3,False,5,0,True,False,False,True
안송이,6916,1,4,5,3,2,ROUGH,ROUGH,12,FRINGE,FRINGE,RECOVERY,9.2,93.2,False,5,0,True,False,False,True
안송이,6916,1,4,5,4,12,FRINGE,FRINGE,3,GREEN,GREEN,SHORT_GAME,0.5,9.2,False,5,0,True,False,False,True
안송이,6916,1,5,3,2,2,ROUGH,ROUGH,12,FRINGE,FRINGE,RECOVERY,9.4,17.4,False,4,1,False,True,False,
안송이,6916,1,5,3,3,12,FRINGE,FRINGE,3,GREEN,GREEN,SHORT_GAME,1.2,9.4,False,4,1,False,True,False,
안송이,6916,1,6,4,2,1,FAIRWAY,FAIRWAY,3,GREEN,GREEN,NORMAL_APPROACH,13.7,170.4,True,4,0,True,False,False,True
안송이,6916,1,7,5,2,1,FAIRWAY,FAIRWAY,1,FAIRWAY,FAIRWAY,ADVANCE_LAYUP,80.4,281.5,True,4,-1,True,False,False,True
안송이,6916,1,7,5,3,1,FAIRWAY,FAIRWAY,3,GREEN,GREEN,NORMAL_APPROACH,3.8,80.4,True,4,-1,True,False,False,True
안송이,6916,1,8,4,2,1,FAIRWAY,FAIRWAY,5,PENALTY_AREA,PENALTY_AREA,OTHER_UNRESOLVED,0.0,156.3,False,6,2,False,True,True,True
안송이,6916,1,8,4,3,5,PENALTY_AREA,PENALTY_AREA,8,PENALTY_STROKE,LOST_BALL_PENALTY_RESTART,PENALTY_RESTART,114.2,0.0,False,6,2,False,True,True,True
안송이,6916,1,8,4,4,8,PENALTY_STROKE,LOST_BALL_PENALTY_RESTART,3,GREEN,GREEN,PENALTY_RESTART,3.4,114.2,False,6,2,False,True,True,True
안송이,6916,1,9,4,2,2,ROUGH,ROUGH,3,GREEN,GREEN,RECOVERY,14.6,118.2,True,4,0,True,False,False,False
안송이,6916,1,10,5,2,1,FAIRWAY,FAIRWAY,2,ROUGH,ROUGH,ADVANCE_LAYUP,118.2,305.6,False,5,0,True,False,False,True
안송이,6916,1,10,5,3,2,ROUGH,ROUGH,2,ROUGH,ROUGH,RECOVERY,7.2,118.2,False,5,0,True,False,False,True
안송이,6916,1,10,5,4,2,ROUGH,ROUGH,3,GREEN,GREEN,RECOVERY,1.1,7.2,False,5,0,True,False,False,True
안송이,6916,1,12,4,2,2,ROUGH,ROUGH,2,ROUGH,ROUGH,RECOVERY,72.4,174.1,False,5,1,False,True,False,False
안송이,6916,1,12,4,3,2,ROUGH,ROUGH,2,ROUGH,ROUGH,RECOVERY,6.7,72.4,False,5,1,False,True,False,False
안송이,6916,1,12,4,4,2,ROUGH,ROUGH,3,GREEN,GREEN,RECOVERY,1.2,6.7,False,5,1,False,True,False,False
안송이,6916,1,13,4,2,1,FAIRWAY,FAIRWAY,3,GREEN,GREEN,NORMAL_APPROACH,11.0,128.7,True,4,0,True,False,False,True
안송이,6916,1,14,4,2,1,FAIRWAY,FAIRWAY,3,GREEN,GREEN,NORMAL_APPROACH,7.0,142.9,True,4,0,True,False,False,True
안송이,6916,1,15,4,2,1,FAIRWAY,FAIRWAY,2,ROUGH,ROUGH,OTHER_UNRESOLVED,17.9,180.1,False,4,0,True,False,False,True
안송이,6916,1,15,4,3,2,ROUGH,ROUGH,3,GREEN,GREEN,RECOVERY,1.6,17.9,False,4,0,True,False,False,True
안송이,6916,1,16,3,2,12,FRINGE,FRINGE,3,GREEN,GREEN,SHORT_GAME,6.0,16.5,False,3,0,True,False,False,
안송이,6916,1,17,4,2,2,ROUGH,ROUGH,9,GREENSIDE_BUNKER,GREENSIDE_BUNKER,RECOVERY,22.7,144.2,False,5,1,False,True,False,False
안송이,6916,1,17,4,3,9,GREENSIDE_BUNKER,GREENSIDE_BUNKER,12,FRINGE,FRINGE,RECOVERY,6.7,22.7,False,5,1,False,True,False,False
안송이,6916,1,17,4,4,12,FRINGE,FRINGE,3,GREEN,GREEN,SHORT_GAME,0.4,6.7,False,5,1,False,True,False,False
안송이,6916,1,18,5,2,6,BUNKER,BUNKER,1,FAIRWAY,FAIRWAY,RECOVERY,152.6,319.8,True,5,0,True,False,False,False
안송이,6916,1,18,5,3,1,FAIRWAY,FAIRWAY,3,GREEN,GREEN,NORMAL_APPROACH,4.1,152.6,True,5,0,True,False,False,False
안송이,6916,2,1,4,2,1,FAIRWAY,FAIRWAY,2,ROUGH,ROUGH,OTHER_UNRESOLVED,28.6,176.2,False,4,0,True,False,False,True
안송이,6916,2,1,4,3,2,ROUGH,ROUGH,3,GREEN,GREEN,RECOVERY,1.4,28.6,False,4,0,True,False,False,True
안송이,6916,2,2,3,2,12,FRINGE,FRINGE,3,GREEN,GREEN,SHORT_GAME,3.4,25.2,False,4,1,False,True,False,
안송이,6916,2,3,4,2,1,FAIRWAY,FAIRWAY,2,ROUGH,ROUGH,OTHER_UNRESOLVED,32.8,186.9,False,5,1,False,True,False,True
안송이,6916,2,3,4,3,2,ROUGH,ROUGH,3,GREEN,GREEN,RECOVERY,2.4,32.8,False,5,1,False,True,False,True
안송이,6916,2,4,5,2,1,FAIRWAY,FAIRWAY,2,ROUGH,ROUGH,ADVANCE_LAYUP,115.3,297.5,True,5,0,True,False,False,True
안송이,6916,2,4,5,3,2,ROUGH,ROUGH,3,GREEN,GREEN,RECOVERY,9.3,115.3,True,5,0,True,False,False,True
안송이,6916,2,6,4,2,2,ROUGH,ROUGH,2,ROUGH,ROUGH,RECOVERY,7.0,157.6,False,4,0,True,False,False,False
안송이,6916,2,6,4,3,2,ROUGH,ROUGH,3,GREEN,GREEN,RECOVERY,0.8,7.0,False,4,0,True,False,False,False
안송이,6916,2,7,5,2,1,FAIRWAY,FAIRWAY,1,FAIRWAY,FAIRWAY,ADVANCE_LAYUP,89.5,296.4,True,5,0,True,False,False,True
안송이,6916,2,7,5,3,1,FAIRWAY,FAIRWAY,3,GREEN,GREEN,NORMAL_APPROACH,4.1,89.5,True,5,0,True,False,False,True
안송이,6916,2,8,4,2,1,FAIRWAY,FAIRWAY,3,GREEN,GREEN,NORMAL_APPROACH,8.4,135.3,True,4,0,True,False,False,True
안송이,6916,2,9,4,2,1,FAIRWAY,FAIRWAY,3,GREEN,GREEN,NORMAL_APPROACH,14.7,126.3,True,4,0,True,False,False,True
안송이,6916,2,10,5,2,1,FAIRWAY,FAIRWAY,1,FAIRWAY,FAIRWAY,ADVANCE_LAYUP,133.3,322.0,True,6,1,False,True,False,True
안송이,6916,2,10,5,3,1,FAIRWAY,FAIRWAY,3,GREEN,GREEN,NORMAL_APPROACH,13.6,133.3,True,6,1,False,True,False,True
안송이,6916,2,12,4,2,1,FAIRWAY,FAIRWAY,3,GREEN,GREEN,NORMAL_APPROACH,2.5,165.2,True,3,-1,True,False,False,True
안송이,6916,2,13,4,2,1,FAIRWAY,FAIRWAY,3,GREEN,GREEN,NORMAL_APPROACH,3.4,115.6,True,4,0,True,False,False,True
안송이,6916,2,14,4,2,1,FAIRWAY,FAIRWAY,2,ROUGH,ROUGH,OTHER_UNRESOLVED,11.5,154.8,False,5,1,False,True,False,True
안송이,6916,2,14,4,3,2,ROUGH,ROUGH,3,GREEN,GREEN,RECOVERY,2.9,11.5,False,5,1,False,True,False,True
안송이,6916,2,15,4,2,1,FAIRWAY,FAIRWAY,3,GREEN,GREEN,NORMAL_APPROACH,3.5,154.3,True,4,0,True,False,False,True
안송이,6916,2,16,3,2,5,PENALTY_AREA,PENALTY_AREA,8,PENALTY_STROKE,LOST_BALL_PENALTY_RESTART,PENALTY_RESTART,94.4,0.0,False,5,2,False,True,True,
안송이,6916,2,16,3,3,8,PENALTY_STROKE,LOST_BALL_PENALTY_RESTART,3,GREEN,GREEN,PENALTY_RESTART,6.5,94.4,False,5,2,False,True,True,
안송이,6916,2,17,4,2,1,FAIRWAY,FAIRWAY,3,GREEN,GREEN,NORMAL_APPROACH,7.7,142.3,True,4,0,True,False,False,True
안송이,6916,2,18,5,2,2,ROUGH,ROUGH,1,FAIRWAY,FAIRWAY,RECOVERY,146.7,281.7,True,5,0,True,False,False,False
안송이,6916,2,18,5,3,1,FAIRWAY,FAIRWAY,3,GREEN,GREEN,NORMAL_APPROACH,8.1,146.7,True,5,0,True,False,False,False
박성현,8179,1,1,4,2,2,ROUGH,ROUGH,3,GREEN,GREEN,RECOVERY,16.2,164.8,True,4,0,True,False,False,False
박성현,8179,1,3,4,2,1,FAIRWAY,FAIRWAY,3,GREEN,GREEN,NORMAL_APPROACH,10.4,165.3,True,4,0,True,False,False,True
박성현,8179,1,4,5,2,6,BUNKER,BUNKER,2,ROUGH,ROUGH,RECOVERY,166.7,272.5,False,6,1,False,True,False,False
박성현,8179,1,4,5,3,2,ROUGH,ROUGH,2,ROUGH,ROUGH,RECOVERY,36.8,166.7,False,6,1,False,True,False,False
박성현,8179,1,4,5,4,2,ROUGH,ROUGH,3,GREEN,GREEN,RECOVERY,9.3,36.8,False,6,1,False,True,False,False
박성현,8179,1,5,3,2,2,ROUGH,ROUGH,3,GREEN,GREEN,RECOVERY,0.8,14.1,False,3,0,True,False,False,
박성현,8179,1,6,4,2,2,ROUGH,ROUGH,12,FRINGE,FRINGE,RECOVERY,16.0,148.4,False,4,0,True,False,False,False
박성현,8179,1,6,4,3,12,FRINGE,FRINGE,3,GREEN,GREEN,SHORT_GAME,1.3,16.0,False,4,0,True,False,False,False
박성현,8179,1,7,5,2,2,ROUGH,ROUGH,1,FAIRWAY,FAIRWAY,RECOVERY,85.3,261.1,True,4,-1,True,False,False,False
박성현,8179,1,7,5,3,1,FAIRWAY,FAIRWAY,3,GREEN,GREEN,NORMAL_APPROACH,3.8,85.3,True,4,-1,True,False,False,False
박성현,8179,1,8,4,2,2,ROUGH,ROUGH,2,ROUGH,ROUGH,RECOVERY,17.5,138.1,False,6,2,False,True,True,False
박성현,8179,1,8,4,3,2,ROUGH,ROUGH,2,ROUGH,ROUGH,RECOVERY,14.4,17.5,False,6,2,False,True,True,False
박성현,8179,1,8,4,4,2,ROUGH,ROUGH,3,GREEN,GREEN,RECOVERY,4.4,14.4,False,6,2,False,True,True,False
박성현,8179,1,9,4,2,2,ROUGH,ROUGH,3,GREEN,GREEN,RECOVERY,10.3,111.7,True,4,0,True,False,False,False
박성현,8179,1,10,5,2,1,FAIRWAY,FAIRWAY,2,ROUGH,ROUGH,ADVANCE_LAYUP,111.6,303.4,True,6,1,False,True,False,True
박성현,8179,1,10,5,3,2,ROUGH,ROUGH,3,GREEN,GREEN,RECOVERY,7.6,111.6,True,6,1,False,True,False,True
박성현,8179,1,12,4,2,1,FAIRWAY,FAIRWAY,2,ROUGH,ROUGH,OTHER_UNRESOLVED,12.6,148.6,False,5,1,False,True,False,True
박성현,8179,1,12,4,3,2,ROUGH,ROUGH,3,GREEN,GREEN,RECOVERY,4.9,12.6,False,5,1,False,True,False,True
박성현,8179,1,13,4,2,6,BUNKER,BUNKER,12,FRINGE,FRINGE,RECOVERY,10.9,109.0,False,4,0,True,False,False,False
박성현,8179,1,13,4,3,12,FRINGE,FRINGE,3,GREEN,GREEN,SHORT_GAME,1.0,10.9,False,4,0,True,False,False,False
박성현,8179,1,14,4,2,2,ROUGH,ROUGH,2,ROUGH,ROUGH,RECOVERY,32.7,169.2,False,5,1,False,True,False,False
박성현,8179,1,14,4,3,2,ROUGH,ROUGH,12,FRINGE,FRINGE,RECOVERY,15.3,32.7,False,5,1,False,True,False,False
박성현,8179,1,14,4,4,12,FRINGE,FRINGE,3,GREEN,GREEN,SHORT_GAME,0.5,15.3,False,5,1,False,True,False,False
박성현,8179,1,15,4,2,2,ROUGH,ROUGH,2,ROUGH,ROUGH,RECOVERY,20.5,145.7,False,4,0,True,False,False,False
박성현,8179,1,15,4,3,2,ROUGH,ROUGH,3,GREEN,GREEN,RECOVERY,5.3,20.5,False,4,0,True,False,False,False
박성현,8179,1,17,4,2,1,FAIRWAY,FAIRWAY,2,ROUGH,ROUGH,OTHER_UNRESOLVED,16.6,137.6,False,4,0,True,False,False,True
박성현,8179,1,17,4,3,2,ROUGH,ROUGH,3,GREEN,GREEN,RECOVERY,1.1,16.6,False,4,0,True,False,False,True
박성현,8179,1,18,5,2,2,ROUGH,ROUGH,1,FAIRWAY,FAIRWAY,RECOVERY,102.3,279.4,True,5,0,True,False,False,False
박성현,8179,1,18,5,3,1,FAIRWAY,FAIRWAY,3,GREEN,GREEN,NORMAL_APPROACH,11.8,102.3,True,5,0,True,False,False,False
박성현,8179,2,1,4,2,1,FAIRWAY,FAIRWAY,3,GREEN,GREEN,NORMAL_APPROACH,10.4,166.9,True,4,0,True,False,False,True
박성현,8179,2,3,4,2,1,FAIRWAY,FAIRWAY,3,GREEN,GREEN,NORMAL_APPROACH,10.4,161.5,True,3,-1,True,False,False,True
박성현,8179,2,4,5,2,2,ROUGH,ROUGH,2,ROUGH,ROUGH,RECOVERY,146.9,277.4,False,5,0,True,False,False,False
박성현,8179,2,4,5,3,2,ROUGH,ROUGH,2,ROUGH,ROUGH,RECOVERY,24.8,146.9,False,5,0,True,False,False,False
박성현,8179,2,4,5,4,2,ROUGH,ROUGH,3,GREEN,GREEN,RECOVERY,3.0,24.8,False,5,0,True,False,False,False
박성현,8179,2,6,4,2,1,FAIRWAY,FAIRWAY,3,GREEN,GREEN,NORMAL_APPROACH,13.3,138.6,True,4,0,True,False,False,True
박성현,8179,2,7,5,2,1,FAIRWAY,FAIRWAY,1,FAIRWAY,FAIRWAY,ADVANCE_LAYUP,81.6,263.7,True,4,-1,True,False,False,True
박성현,8179,2,7,5,3,1,FAIRWAY,FAIRWAY,3,GREEN,GREEN,NORMAL_APPROACH,6.5,81.6,True,4,-1,True,False,False,True
박성현,8179,2,8,4,2,2,ROUGH,ROUGH,3,GREEN,GREEN,RECOVERY,11.5,127.8,True,4,0,True,False,False,False
박성현,8179,2,9,4,2,1,FAIRWAY,FAIRWAY,3,GREEN,GREEN,NORMAL_APPROACH,4.4,99.9,True,3,-1,True,False,False,True
박성현,8179,2,10,5,2,2,ROUGH,ROUGH,1,FAIRWAY,FAIRWAY,RECOVERY,212.6,331.5,False,5,0,True,False,False,False
박성현,8179,2,10,5,3,1,FAIRWAY,FAIRWAY,12,FRINGE,FRINGE,NORMAL_APPROACH,17.9,212.6,False,5,0,True,False,False,False
박성현,8179,2,10,5,4,12,FRINGE,FRINGE,3,GREEN,GREEN,SHORT_GAME,1.7,17.9,False,5,0,True,False,False,False
박성현,8179,2,12,4,2,2,ROUGH,ROUGH,2,ROUGH,ROUGH,RECOVERY,82.7,161.1,False,5,1,False,True,False,False
박성현,8179,2,12,4,3,2,ROUGH,ROUGH,3,GREEN,GREEN,RECOVERY,10.5,82.7,False,5,1,False,True,False,False
박성현,8179,2,13,4,2,2,ROUGH,ROUGH,3,GREEN,GREEN,RECOVERY,27.3,113.0,True,5,1,False,True,False,False
박성현,8179,2,14,4,2,1,FAIRWAY,FAIRWAY,3,GREEN,GREEN,NORMAL_APPROACH,14.9,160.5,True,4,0,True,False,False,True
박성현,8179,2,15,4,2,2,ROUGH,ROUGH,3,GREEN,GREEN,RECOVERY,22.7,147.4,True,4,0,True,False,False,False
박성현,8179,2,17,4,2,2,ROUGH,ROUGH,2,ROUGH,ROUGH,RECOVERY,17.6,164.1,False,5,1,False,True,False,False
박성현,8179,2,17,4,3,2,ROUGH,ROUGH,3,GREEN,GREEN,RECOVERY,12.0,17.6,False,5,1,False,True,False,False
박성현,8179,2,18,5,2,2,ROUGH,ROUGH,1,FAIRWAY,FAIRWAY,RECOVERY,91.5,267.6,True,4,-1,True,False,False,False
박성현,8179,2,18,5,3,1,FAIRWAY,FAIRWAY,3,GREEN,GREEN,NORMAL_APPROACH,7.5,91.5,True,4,-1,True,False,False,False
박성현,8179,3,1,4,2,1,FAIRWAY,FAIRWAY,3,GREEN,GREEN,NORMAL_APPROACH,19.5,171.0,True,4,0,True,False,False,True
박성현,8179,3,3,4,2,1,FAIRWAY,FAIRWAY,9,GREENSIDE_BUNKER,GREENSIDE_BUNKER,OTHER_UNRESOLVED,24.2,186.2,False,5,1,False,True,False,True
박성현,8179,3,3,4,3,9,GREENSIDE_BUNKER,GREENSIDE_BUNKER,12,FRINGE,FRINGE,RECOVERY,5.9,24.2,False,5,1,False,True,False,True
박성현,8179,3,3,4,4,12,FRINGE,FRINGE,3,GREEN,GREEN,SHORT_GAME,0.3,5.9,False,5,1,False,True,False,True
박성현,8179,3,4,5,2,2,ROUGH,ROUGH,1,FAIRWAY,FAIRWAY,RECOVERY,135.0,289.5,True,5,0,True,False,False,False
박성현,8179,3,4,5,3,1,FAIRWAY,FAIRWAY,3,GREEN,GREEN,NORMAL_APPROACH,9.5,135.0,True,5,0,True,False,False,False
박성현,8179,3,5,3,2,9,GREENSIDE_BUNKER,GREENSIDE_BUNKER,3,GREEN,GREEN,RECOVERY,3.4,19.8,False,3,0,True,False,False,
박성현,8179,3,6,4,2,1,FAIRWAY,FAIRWAY,3,GREEN,GREEN,NORMAL_APPROACH,14.5,158.2,True,4,0,True,False,False,True
박성현,8179,3,7,5,2,1,FAIRWAY,FAIRWAY,1,FAIRWAY,FAIRWAY,ADVANCE_LAYUP,110.1,288.2,False,5,0,True,False,False,True
박성현,8179,3,7,5,3,1,FAIRWAY,FAIRWAY,12,FRINGE,FRINGE,NORMAL_APPROACH,11.0,110.1,False,5,0,True,False,False,True
박성현,8179,3,7,5,4,12,FRINGE,FRINGE,3,GREEN,GREEN,SHORT_GAME,1.3,11.0,False,5,0,True,False,False,True
박성현,8179,3,8,4,2,1,FAIRWAY,FAIRWAY,3,GREEN,GREEN,NORMAL_APPROACH,7.3,120.1,True,4,0,True,False,False,True
박성현,8179,3,9,4,2,2,ROUGH,ROUGH,3,GREEN,GREEN,RECOVERY,14.1,100.7,True,4,0,True,False,False,False
박성현,8179,3,10,5,2,1,FAIRWAY,FAIRWAY,2,ROUGH,ROUGH,ADVANCE_LAYUP,116.6,305.8,True,5,0,True,False,False,True
박성현,8179,3,10,5,3,2,ROUGH,ROUGH,3,GREEN,GREEN,RECOVERY,7.6,116.6,True,5,0,True,False,False,True
박성현,8179,3,11,3,2,2,ROUGH,ROUGH,2,ROUGH,ROUGH,RECOVERY,11.6,11.8,False,6,3,False,True,True,
박성현,8179,3,11,3,3,2,ROUGH,ROUGH,3,GREEN,GREEN,RECOVERY,17.7,11.6,False,6,3,False,True,True,
박성현,8179,3,12,4,2,1,FAIRWAY,FAIRWAY,3,GREEN,GREEN,NORMAL_APPROACH,4.9,148.5,True,4,0,True,False,False,True
박성현,8179,3,13,4,2,6,BUNKER,BUNKER,2,ROUGH,ROUGH,RECOVERY,47.2,98.2,False,4,0,True,False,False,False
박성현,8179,3,13,4,3,2,ROUGH,ROUGH,3,GREEN,GREEN,RECOVERY,7.9,47.2,False,4,0,True,False,False,False
박성현,8179,3,14,4,2,1,FAIRWAY,FAIRWAY,3,GREEN,GREEN,NORMAL_APPROACH,10.0,160.5,True,4,0,True,False,False,True
박성현,8179,3,15,4,2,2,ROUGH,ROUGH,2,ROUGH,ROUGH,RECOVERY,18.0,160.2,False,4,0,True,False,False,False
박성현,8179,3,15,4,3,2,ROUGH,ROUGH,3,GREEN,GREEN,RECOVERY,1.4,18.0,False,4,0,True,False,False,False
박성현,8179,3,17,4,2,1,FAIRWAY,FAIRWAY,2,ROUGH,ROUGH,OTHER_UNRESOLVED,7.1,135.1,False,4,0,True,False,False,True
박성현,8179,3,17,4,3,2,ROUGH,ROUGH,3,GREEN,GREEN,RECOVERY,1.4,7.1,False,4,0,True,False,False,True
박성현,8179,3,18,5,2,2,ROUGH,ROUGH,1,FAIRWAY,FAIRWAY,RECOVERY,103.5,265.1,True,4,-1,True,False,False,False
박성현,8179,3,18,5,3,1,FAIRWAY,FAIRWAY,3,GREEN,GREEN,NORMAL_APPROACH,1.8,103.5,True,4,-1,True,False,False,False
박성현,8179,4,1,4,2,1,FAIRWAY,FAIRWAY,12,FRINGE,FRINGE,NORMAL_APPROACH,1.1,163.9,False,4,0,True,False,False,True
박성현,8179,4,1,4,3,12,FRINGE,FRINGE,3,GREEN,GREEN,SHORT_GAME,17.9,1.1,False,4,0,True,False,False,True
박성현,8179,4,3,4,2,1,FAIRWAY,FAIRWAY,3,GREEN,GREEN,NORMAL_APPROACH,11.4,176.5,True,4,0,True,False,False,True
박성현,8179,4,4,5,2,2,ROUGH,ROUGH,1,FAIRWAY,FAIRWAY,RECOVERY,117.7,286.1,True,5,0,True,False,False,False
박성현,8179,4,4,5,3,1,FAIRWAY,FAIRWAY,3,GREEN,GREEN,NORMAL_APPROACH,13.8,117.7,True,5,0,True,False,False,False
박성현,8179,4,5,3,2,2,ROUGH,ROUGH,3,GREEN,GREEN,RECOVERY,5.0,28.1,False,4,1,False,True,False,
박성현,8179,4,6,4,2,1,FAIRWAY,FAIRWAY,3,GREEN,GREEN,NORMAL_APPROACH,6.2,141.3,True,4,0,True,False,False,True
박성현,8179,4,7,5,2,1,FAIRWAY,FAIRWAY,1,FAIRWAY,FAIRWAY,ADVANCE_LAYUP,124.1,306.0,True,5,0,True,False,False,True
박성현,8179,4,7,5,3,1,FAIRWAY,FAIRWAY,3,GREEN,GREEN,NORMAL_APPROACH,12.1,124.1,True,5,0,True,False,False,True
박성현,8179,4,8,4,2,2,ROUGH,ROUGH,3,GREEN,GREEN,RECOVERY,4.9,117.7,True,4,0,True,False,False,False
박성현,8179,4,9,4,2,2,ROUGH,ROUGH,3,GREEN,GREEN,RECOVERY,13.9,105.6,True,5,1,False,True,False,False
박성현,8179,4,10,5,2,2,ROUGH,ROUGH,2,ROUGH,ROUGH,RECOVERY,119.2,285.2,True,5,0,True,False,False,False
박성현,8179,4,10,5,3,2,ROUGH,ROUGH,3,GREEN,GREEN,RECOVERY,11.6,119.2,True,5,0,True,False,False,False
박성현,8179,4,12,4,2,2,ROUGH,ROUGH,2,ROUGH,ROUGH,RECOVERY,100.9,139.9,False,5,1,False,True,False,False
박성현,8179,4,12,4,3,2,ROUGH,ROUGH,3,GREEN,GREEN,RECOVERY,3.3,100.9,False,5,1,False,True,False,False
박성현,8179,4,13,4,2,6,BUNKER,BUNKER,2,ROUGH,ROUGH,RECOVERY,16.6,107.2,False,5,1,False,True,False,False
박성현,8179,4,13,4,3,2,ROUGH,ROUGH,3,GREEN,GREEN,RECOVERY,11.4,16.6,False,5,1,False,True,False,False
박성현,8179,4,14,4,2,1,FAIRWAY,FAIRWAY,3,GREEN,GREEN,NORMAL_APPROACH,2.5,148.3,True,3,-1,True,False,False,True
박성현,8179,4,15,4,2,2,ROUGH,ROUGH,12,FRINGE,FRINGE,RECOVERY,17.3,166.4,False,4,0,True,False,False,False
박성현,8179,4,15,4,3,12,FRINGE,FRINGE,3,GREEN,GREEN,SHORT_GAME,0.2,17.3,False,4,0,True,False,False,False
박성현,8179,4,17,4,2,1,FAIRWAY,FAIRWAY,3,GREEN,GREEN,NORMAL_APPROACH,5.5,125.3,True,3,-1,True,False,False,True
박성현,8179,4,18,5,2,2,ROUGH,ROUGH,8,PENALTY_STROKE,LOST_BALL_PENALTY_RESTART,RECOVERY,270.3,272.8,False,5,0,True,False,False,False
박성현,8179,4,18,5,3,8,PENALTY_STROKE,LOST_BALL_PENALTY_RESTART,2,ROUGH,ROUGH,PENALTY_RESTART,116.7,270.3,False,5,0,True,False,False,False
박성현,8179,4,18,5,4,2,ROUGH,ROUGH,3,GREEN,GREEN,RECOVERY,0.6,116.7,False,5,0,True,False,False,False
이주미,8234,1,1,4,2,2,ROUGH,ROUGH,3,GREEN,GREEN,RECOVERY,6.1,164.8,True,3,-1,True,False,False,False
이주미,8234,1,3,4,2,1,FAIRWAY,FAIRWAY,2,ROUGH,ROUGH,OTHER_UNRESOLVED,20.3,190.7,False,4,0,True,False,False,True
이주미,8234,1,3,4,3,2,ROUGH,ROUGH,3,GREEN,GREEN,RECOVERY,4.9,20.3,False,4,0,True,False,False,True
이주미,8234,1,4,5,2,1,FAIRWAY,FAIRWAY,2,ROUGH,ROUGH,ADVANCE_LAYUP,92.9,288.1,False,6,1,False,True,False,True
이주미,8234,1,4,5,3,2,ROUGH,ROUGH,2,ROUGH,ROUGH,RECOVERY,15.1,92.9,False,6,1,False,True,False,True
이주미,8234,1,4,5,4,2,ROUGH,ROUGH,12,FRINGE,FRINGE,RECOVERY,5.0,15.1,False,6,1,False,True,False,True
이주미,8234,1,4,5,5,12,FRINGE,FRINGE,3,GREEN,GREEN,SHORT_GAME,0.4,5.0,False,6,1,False,True,False,True
이주미,8234,1,5,3,2,5,PENALTY_AREA,PENALTY_AREA,8,PENALTY_STROKE,LOST_BALL_PENALTY_RESTART,PENALTY_RESTART,23.7,0.0,False,4,1,False,True,False,
이주미,8234,1,5,3,3,8,PENALTY_STROKE,LOST_BALL_PENALTY_RESTART,2,ROUGH,ROUGH,PENALTY_RESTART,10.9,23.7,False,4,1,False,True,False,
이주미,8234,1,5,3,4,2,ROUGH,ROUGH,10,HOLED,HOLED,RECOVERY,0.0,10.9,False,4,1,False,True,False,
이주미,8234,1,6,4,2,1,FAIRWAY,FAIRWAY,3,GREEN,GREEN,NORMAL_APPROACH,8.5,171.4,True,4,0,True,False,False,True
이주미,8234,1,7,5,2,1,FAIRWAY,FAIRWAY,1,FAIRWAY,FAIRWAY,ADVANCE_LAYUP,54.9,265.6,True,4,-1,True,False,False,True
이주미,8234,1,7,5,3,1,FAIRWAY,FAIRWAY,3,GREEN,GREEN,NORMAL_APPROACH,1.6,54.9,True,4,-1,True,False,False,True
이주미,8234,1,8,4,2,1,FAIRWAY,FAIRWAY,3,GREEN,GREEN,NORMAL_APPROACH,7.6,150.7,True,5,1,False,True,False,True
이주미,8234,1,9,4,2,2,ROUGH,ROUGH,3,GREEN,GREEN,RECOVERY,13.7,102.1,True,4,0,True,False,False,False
이주미,8234,1,10,5,2,1,FAIRWAY,FAIRWAY,2,ROUGH,ROUGH,ADVANCE_LAYUP,120.3,306.9,False,5,0,True,False,False,True
이주미,8234,1,10,5,3,2,ROUGH,ROUGH,12,FRINGE,FRINGE,RECOVERY,9.3,120.3,False,5,0,True,False,False,True
이주미,8234,1,10,5,4,12,FRINGE,FRINGE,3,GREEN,GREEN,SHORT_GAME,1.1,9.3,False,5,0,True,False,False,True
이주미,8234,1,12,4,2,2,ROUGH,ROUGH,3,GREEN,GREEN,RECOVERY,29.9,167.3,True,4,0,True,False,False,False
이주미,8234,1,13,4,2,1,FAIRWAY,FAIRWAY,3,GREEN,GREEN,NORMAL_APPROACH,13.5,113.1,True,4,0,True,False,False,True
이주미,8234,1,14,4,2,2,ROUGH,ROUGH,9,GREENSIDE_BUNKER,GREENSIDE_BUNKER,RECOVERY,18.5,136.5,False,5,1,False,True,False,False
이주미,8234,1,14,4,3,9,GREENSIDE_BUNKER,GREENSIDE_BUNKER,3,GREEN,GREEN,RECOVERY,6.8,18.5,False,5,1,False,True,False,False
이주미,8234,1,15,4,2,1,FAIRWAY,FAIRWAY,2,ROUGH,ROUGH,OTHER_UNRESOLVED,27.1,159.4,False,4,0,True,False,False,True
이주미,8234,1,15,4,3,2,ROUGH,ROUGH,3,GREEN,GREEN,RECOVERY,2.9,27.1,False,4,0,True,False,False,True
이주미,8234,1,17,4,2,2,ROUGH,ROUGH,2,ROUGH,ROUGH,RECOVERY,31.0,133.1,False,4,0,True,False,False,False
이주미,8234,1,17,4,3,2,ROUGH,ROUGH,3,GREEN,GREEN,RECOVERY,1.4,31.0,False,4,0,True,False,False,False
이주미,8234,1,18,5,2,2,ROUGH,ROUGH,2,ROUGH,ROUGH,RECOVERY,182.1,325.4,False,7,2,False,True,True,False
이주미,8234,1,18,5,3,2,ROUGH,ROUGH,9,GREENSIDE_BUNKER,GREENSIDE_BUNKER,RECOVERY,18.3,182.1,False,7,2,False,True,True,False
이주미,8234,1,18,5,4,9,GREENSIDE_BUNKER,GREENSIDE_BUNKER,2,ROUGH,ROUGH,RECOVERY,12.8,18.3,False,7,2,False,True,True,False
이주미,8234,1,18,5,5,2,ROUGH,ROUGH,12,FRINGE,FRINGE,RECOVERY,9.7,12.8,False,7,2,False,True,True,False
이주미,8234,1,18,5,6,12,FRINGE,FRINGE,3,GREEN,GREEN,SHORT_GAME,1.1,9.7,False,7,2,False,True,True,False
이주미,8234,2,1,4,2,1,FAIRWAY,FAIRWAY,2,ROUGH,ROUGH,OTHER_UNRESOLVED,17.3,161.4,False,5,1,False,True,False,True
이주미,8234,2,1,4,3,2,ROUGH,ROUGH,3,GREEN,GREEN,RECOVERY,2.3,17.3,False,5,1,False,True,False,True
이주미,8234,2,3,4,2,1,FAIRWAY,FAIRWAY,2,ROUGH,ROUGH,OTHER_UNRESOLVED,35.8,185.0,False,5,1,False,True,False,True
이주미,8234,2,3,4,3,2,ROUGH,ROUGH,3,GREEN,GREEN,RECOVERY,10.8,35.8,False,5,1,False,True,False,True
이주미,8234,2,4,5,2,1,FAIRWAY,FAIRWAY,2,ROUGH,ROUGH,ADVANCE_LAYUP,94.4,303.9,True,5,0,True,False,False,True
이주미,8234,2,4,5,3,2,ROUGH,ROUGH,3,GREEN,GREEN,RECOVERY,8.4,94.4,True,5,0,True,False,False,True
이주미,8234,2,6,4,2,2,ROUGH,ROUGH,2,ROUGH,ROUGH,RECOVERY,10.8,156.3,False,5,1,False,True,False,False
이주미,8234,2,6,4,3,2,ROUGH,ROUGH,3,GREEN,GREEN,RECOVERY,10.1,10.8,False,5,1,False,True,False,False
이주미,8234,2,7,5,2,1,FAIRWAY,FAIRWAY,2,ROUGH,ROUGH,ADVANCE_LAYUP,92.8,293.2,True,5,0,True,False,False,True
이주미,8234,2,7,5,3,2,ROUGH,ROUGH,3,GREEN,GREEN,RECOVERY,13.3,92.8,True,5,0,True,False,False,True
이주미,8234,2,8,4,2,7,LOST_BALL,LOST_BALL_PENALTY_RESTART,8,PENALTY_STROKE,LOST_BALL_PENALTY_RESTART,PENALTY_RESTART,357.8,357.8,False,6,2,False,True,True,False
이주미,8234,2,8,4,3,8,PENALTY_STROKE,LOST_BALL_PENALTY_RESTART,1,FAIRWAY,FAIRWAY,PENALTY_RESTART,122.2,357.8,False,6,2,False,True,True,False
이주미,8234,2,8,4,4,1,FAIRWAY,FAIRWAY,3,GREEN,GREEN,NORMAL_APPROACH,7.0,122.2,False,6,2,False,True,True,False
이주미,8234,2,9,4,2,2,ROUGH,ROUGH,3,GREEN,GREEN,RECOVERY,10.8,129.1,True,4,0,True,False,False,False
이주미,8234,2,10,5,2,2,ROUGH,ROUGH,2,ROUGH,ROUGH,RECOVERY,180.3,335.1,True,5,0,True,False,False,False
이주미,8234,2,10,5,3,2,ROUGH,ROUGH,3,GREEN,GREEN,RECOVERY,4.4,180.3,True,5,0,True,False,False,False
이주미,8234,2,12,4,2,1,FAIRWAY,FAIRWAY,3,GREEN,GREEN,NORMAL_APPROACH,21.3,195.5,True,4,0,True,False,False,True
이주미,8234,2,13,4,2,1,FAIRWAY,FAIRWAY,3,GREEN,GREEN,NORMAL_APPROACH,3.6,108.6,True,3,-1,True,False,False,True
이주미,8234,2,14,4,2,2,ROUGH,ROUGH,1,FAIRWAY,FAIRWAY,RECOVERY,168.6,177.9,False,5,1,False,True,False,False
이주미,8234,2,14,4,3,1,FAIRWAY,FAIRWAY,12,FRINGE,FRINGE,NORMAL_APPROACH,16.9,168.6,False,5,1,False,True,False,False
이주미,8234,2,14,4,4,12,FRINGE,FRINGE,3,GREEN,GREEN,SHORT_GAME,0.4,16.9,False,5,1,False,True,False,False
이주미,8234,2,15,4,2,1,FAIRWAY,FAIRWAY,2,ROUGH,ROUGH,OTHER_UNRESOLVED,11.4,153.1,False,4,0,True,False,False,True
이주미,8234,2,15,4,3,2,ROUGH,ROUGH,3,GREEN,GREEN,RECOVERY,1.3,11.4,False,4,0,True,False,False,True
이주미,8234,2,17,4,2,2,ROUGH,ROUGH,2,ROUGH,ROUGH,RECOVERY,9.0,149.8,False,5,1,False,True,False,False
이주미,8234,2,17,4,3,2,ROUGH,ROUGH,3,GREEN,GREEN,RECOVERY,8.0,9.0,False,5,1,False,True,False,False
이주미,8234,2,18,5,2,1,FAIRWAY,FAIRWAY,1,FAIRWAY,FAIRWAY,ADVANCE_LAYUP,84.0,269.5,True,5,0,True,False,False,True
이주미,8234,2,18,5,3,1,FAIRWAY,FAIRWAY,3,GREEN,GREEN,NORMAL_APPROACH,10.7,84.0,True,5,0,True,False,False,True
황정미,8240,1,1,4,2,1,FAIRWAY,FAIRWAY,3,GREEN,GREEN,NORMAL_APPROACH,10.6,185.3,True,4,0,True,False,False,True
황정미,8240,1,2,3,2,5,PENALTY_AREA,PENALTY_AREA,8,PENALTY_STROKE,LOST_BALL_PENALTY_RESTART,PENALTY_RESTART,42.7,0.0,False,5,2,False,True,True,
황정미,8240,1,2,3,3,8,PENALTY_STROKE,LOST_BALL_PENALTY_RESTART,3,GREEN,GREEN,PENALTY_RESTART,5.3,42.7,False,5,2,False,True,True,
황정미,8240,1,3,4,2,1,FAIRWAY,FAIRWAY,2,ROUGH,ROUGH,OTHER_UNRESOLVED,11.5,186.1,False,4,0,True,False,False,True
황정미,8240,1,3,4,3,2,ROUGH,ROUGH,3,GREEN,GREEN,RECOVERY,0.4,11.5,False,4,0,True,False,False,True
황정미,8240,1,4,5,2,1,FAIRWAY,FAIRWAY,1,FAIRWAY,FAIRWAY,ADVANCE_LAYUP,106.1,300.9,True,5,0,True,False,False,True
황정미,8240,1,4,5,3,1,FAIRWAY,FAIRWAY,3,GREEN,GREEN,NORMAL_APPROACH,2.5,106.1,True,5,0,True,False,False,True
황정미,8240,1,5,3,2,2,ROUGH,ROUGH,3,GREEN,GREEN,RECOVERY,1.1,11.6,False,4,1,False,True,False,
황정미,8240,1,6,4,2,2,ROUGH,ROUGH,9,GREENSIDE_BUNKER,GREENSIDE_BUNKER,RECOVERY,9.6,181.4,False,4,0,True,False,False,False
황정미,8240,1,6,4,3,9,GREENSIDE_BUNKER,GREENSIDE_BUNKER,3,GREEN,GREEN,RECOVERY,1.6,9.6,False,4,0,True,False,False,False
황정미,8240,1,7,5,2,2,ROUGH,ROUGH,2,ROUGH,ROUGH,RECOVERY,210.3,275.2,False,6,1,False,True,False,False
황정미,8240,1,7,5,3,2,ROUGH,ROUGH,1,FAIRWAY,FAIRWAY,RECOVERY,90.6,210.3,False,6,1,False,True,False,False
황정미,8240,1,7,5,4,1,FAIRWAY,FAIRWAY,3,GREEN,GREEN,NORMAL_APPROACH,2.7,90.6,False,6,1,False,True,False,False
황정미,8240,1,8,4,2,2,ROUGH,ROUGH,2,ROUGH,ROUGH,RECOVERY,26.5,160.6,False,5,1,False,True,False,False
황정미,8240,1,8,4,3,2,ROUGH,ROUGH,3,GREEN,GREEN,RECOVERY,9.5,26.5,False,5,1,False,True,False,False
황정미,8240,1,9,4,2,1,FAIRWAY,FAIRWAY,2,ROUGH,ROUGH,OTHER_UNRESOLVED,29.0,138.3,False,4,0,True,False,False,True
황정미,8240,1,9,4,3,2,ROUGH,ROUGH,3,GREEN,GREEN,RECOVERY,1.1,29.0,False,4,0,True,False,False,True
황정미,8240,1,10,5,2,1,FAIRWAY,FAIRWAY,2,ROUGH,ROUGH,ADVANCE_LAYUP,127.8,316.6,False,5,0,True,False,False,True
황정미,8240,1,10,5,3,2,ROUGH,ROUGH,2,ROUGH,ROUGH,RECOVERY,11.8,127.8,False,5,0,True,False,False,True
황정미,8240,1,10,5,4,2,ROUGH,ROUGH,3,GREEN,GREEN,RECOVERY,1.4,11.8,False,5,0,True,False,False,True
황정미,8240,1,12,4,2,2,ROUGH,ROUGH,12,FRINGE,FRINGE,RECOVERY,9.9,173.0,False,4,0,True,False,False,False
황정미,8240,1,12,4,3,12,FRINGE,FRINGE,3,GREEN,GREEN,SHORT_GAME,2.4,9.9,False,4,0,True,False,False,False
황정미,8240,1,13,4,2,1,FAIRWAY,FAIRWAY,3,GREEN,GREEN,NORMAL_APPROACH,6.6,125.4,True,4,0,True,False,False,True
황정미,8240,1,14,4,2,1,FAIRWAY,FAIRWAY,3,GREEN,GREEN,NORMAL_APPROACH,10.7,132.9,True,4,0,True,False,False,True
황정미,8240,1,15,4,2,1,FAIRWAY,FAIRWAY,3,GREEN,GREEN,NORMAL_APPROACH,13.1,149.2,True,4,0,True,False,False,True
황정미,8240,1,17,4,2,1,FAIRWAY,FAIRWAY,2,ROUGH,ROUGH,OTHER_UNRESOLVED,30.2,152.0,False,4,0,True,False,False,True
황정미,8240,1,17,4,3,2,ROUGH,ROUGH,3,GREEN,GREEN,RECOVERY,1.7,30.2,False,4,0,True,False,False,True
황정미,8240,1,18,5,2,2,ROUGH,ROUGH,1,FAIRWAY,FAIRWAY,RECOVERY,218.4,295.4,False,6,1,False,True,False,False
황정미,8240,1,18,5,3,1,FAIRWAY,FAIRWAY,1,FAIRWAY,FAIRWAY,ADVANCE_LAYUP,91.7,218.4,False,6,1,False,True,False,False
황정미,8240,1,18,5,4,1,FAIRWAY,FAIRWAY,3,GREEN,GREEN,NORMAL_APPROACH,4.3,91.7,False,6,1,False,True,False,False
장은수,8243,1,1,4,2,2,ROUGH,ROUGH,3,GREEN,GREEN,RECOVERY,21.5,173.7,True,4,0,True,False,False,False
장은수,8243,1,3,4,2,2,ROUGH,ROUGH,2,ROUGH,ROUGH,RECOVERY,20.8,189.6,False,5,1,False,True,False,False
장은수,8243,1,3,4,3,2,ROUGH,ROUGH,3,GREEN,GREEN,RECOVERY,9.7,20.8,False,5,1,False,True,False,False
장은수,8243,1,4,5,2,2,ROUGH,ROUGH,1,FAIRWAY,FAIRWAY,RECOVERY,113.7,296.6,True,4,-1,True,False,False,False
장은수,8243,1,4,5,3,1,FAIRWAY,FAIRWAY,3,GREEN,GREEN,NORMAL_APPROACH,4.2,113.7,True,4,-1,True,False,False,False
장은수,8243,1,6,4,2,1,FAIRWAY,FAIRWAY,9,GREENSIDE_BUNKER,GREENSIDE_BUNKER,OTHER_UNRESOLVED,27.5,176.2,False,5,1,False,True,False,True
장은수,8243,1,6,4,3,9,GREENSIDE_BUNKER,GREENSIDE_BUNKER,3,GREEN,GREEN,RECOVERY,4.2,27.5,False,5,1,False,True,False,True
장은수,8243,1,7,5,2,1,FAIRWAY,FAIRWAY,2,ROUGH,ROUGH,ADVANCE_LAYUP,95.2,275.2,True,4,-1,True,False,False,True
장은수,8243,1,7,5,3,2,ROUGH,ROUGH,3,GREEN,GREEN,RECOVERY,3.1,95.2,True,4,-1,True,False,False,True
장은수,8243,1,8,4,2,1,FAIRWAY,FAIRWAY,2,ROUGH,ROUGH,OTHER_UNRESOLVED,7.0,164.6,False,5,1,False,True,False,True
장은수,8243,1,8,4,3,2,ROUGH,ROUGH,3,GREEN,GREEN,RECOVERY,3.2,7.0,False,5,1,False,True,False,True
장은수,8243,1,9,4,2,2,ROUGH,ROUGH,2,ROUGH,ROUGH,RECOVERY,13.9,114.2,False,4,0,True,False,False,False
장은수,8243,1,9,4,3,2,ROUGH,ROUGH,3,GREEN,GREEN,RECOVERY,0.4,13.9,False,4,0,True,False,False,False
장은수,8243,1,10,5,2,1,FAIRWAY,FAIRWAY,1,FAIRWAY,FAIRWAY,ADVANCE_LAYUP,124.6,309.6,True,5,0,True,False,False,True
장은수,8243,1,10,5,3,1,FAIRWAY,FAIRWAY,3,GREEN,GREEN,NORMAL_APPROACH,5.3,124.6,True,5,0,True,False,False,True
장은수,8243,1,11,3,2,2,ROUGH,ROUGH,3,GREEN,GREEN,RECOVERY,0.7,13.0,False,3,0,True,False,False,
장은수,8243,1,12,4,2,2,ROUGH,ROUGH,2,ROUGH,ROUGH,RECOVERY,11.2,142.6,False,5,1,False,True,False,False
장은수,8243,1,12,4,3,2,ROUGH,ROUGH,3,GREEN,GREEN,RECOVERY,6.2,11.2,False,5,1,False,True,False,False
장은수,8243,1,13,4,2,1,FAIRWAY,FAIRWAY,3,GREEN,GREEN,NORMAL_APPROACH,7.8,128.0,True,4,0,True,False,False,True
장은수,8243,1,14,4,2,2,ROUGH,ROUGH,3,GREEN,GREEN,RECOVERY,4.6,147.5,True,3,-1,True,False,False,False
장은수,8243,1,15,4,2,1,FAIRWAY,FAIRWAY,3,GREEN,GREEN,NORMAL_APPROACH,11.2,141.0,True,4,0,True,False,False,True
장은수,8243,1,16,3,2,5,PENALTY_AREA,PENALTY_AREA,8,PENALTY_STROKE,LOST_BALL_PENALTY_RESTART,PENALTY_RESTART,116.1,0.0,False,5,2,False,True,True,
장은수,8243,1,16,3,3,8,PENALTY_STROKE,LOST_BALL_PENALTY_RESTART,3,GREEN,GREEN,PENALTY_RESTART,3.7,116.1,False,5,2,False,True,True,
장은수,8243,1,17,4,2,1,FAIRWAY,FAIRWAY,2,ROUGH,ROUGH,OTHER_UNRESOLVED,15.0,126.7,False,6,2,False,True,True,True
장은수,8243,1,17,4,3,2,ROUGH,ROUGH,9,GREENSIDE_BUNKER,GREENSIDE_BUNKER,RECOVERY,12.0,15.0,False,6,2,False,True,True,True
장은수,8243,1,17,4,4,9,GREENSIDE_BUNKER,GREENSIDE_BUNKER,3,GREEN,GREEN,RECOVERY,3.9,12.0,False,6,2,False,True,True,True
장은수,8243,1,18,5,2,1,FAIRWAY,FAIRWAY,1,FAIRWAY,FAIRWAY,ADVANCE_LAYUP,105.4,289.0,True,4,-1,True,False,False,True
장은수,8243,1,18,5,3,1,FAIRWAY,FAIRWAY,3,GREEN,GREEN,NORMAL_APPROACH,2.8,105.4,True,4,-1,True,False,False,True
장은수,8243,2,1,4,2,2,ROUGH,ROUGH,2,ROUGH,ROUGH,RECOVERY,19.1,163.3,False,4,0,True,False,False,False
장은수,8243,2,1,4,3,2,ROUGH,ROUGH,3,GREEN,GREEN,RECOVERY,0.9,19.1,False,4,0,True,False,False,False
장은수,8243,2,3,4,2,1,FAIRWAY,FAIRWAY,3,GREEN,GREEN,NORMAL_APPROACH,9.8,185.2,True,4,0,True,False,False,True
장은수,8243,2,4,5,2,1,FAIRWAY,FAIRWAY,1,FAIRWAY,FAIRWAY,ADVANCE_LAYUP,137.0,313.1,True,6,1,False,True,False,True
장은수,8243,2,4,5,3,1,FAIRWAY,FAIRWAY,3,GREEN,GREEN,NORMAL_APPROACH,18.7,137.0,True,6,1,False,True,False,True
장은수,8243,2,4,5,5,12,FRINGE,FRINGE,3,GREEN,GREEN,SHORT_GAME,0.3,5.1,True,6,1,False,True,False,True
장은수,8243,2,5,3,2,12,FRINGE,FRINGE,3,GREEN,GREEN,SHORT_GAME,0.5,18.0,False,3,0,True,False,False,
장은수,8243,2,6,4,2,1,FAIRWAY,FAIRWAY,3,GREEN,GREEN,NORMAL_APPROACH,3.1,161.1,True,4,0,True,False,False,True
장은수,8243,2,7,5,2,1,FAIRWAY,FAIRWAY,1,FAIRWAY,FAIRWAY,ADVANCE_LAYUP,121.9,320.0,True,5,0,True,False,False,True
장은수,8243,2,7,5,3,1,FAIRWAY,FAIRWAY,3,GREEN,GREEN,NORMAL_APPROACH,8.3,121.9,True,5,0,True,False,False,True
장은수,8243,2,8,4,2,1,FAIRWAY,FAIRWAY,5,PENALTY_AREA,PENALTY_AREA,OTHER_UNRESOLVED,0.0,140.0,False,5,1,False,True,False,True
장은수,8243,2,8,4,3,5,PENALTY_AREA,PENALTY_AREA,8,PENALTY_STROKE,LOST_BALL_PENALTY_RESTART,PENALTY_RESTART,95.0,0.0,False,5,1,False,True,False,True
장은수,8243,2,8,4,4,8,PENALTY_STROKE,LOST_BALL_PENALTY_RESTART,12,FRINGE,FRINGE,PENALTY_RESTART,3.6,95.0,False,5,1,False,True,False,True
장은수,8243,2,8,4,5,12,FRINGE,FRINGE,10,HOLED,HOLED,SHORT_GAME,0.0,3.6,False,5,1,False,True,False,True
장은수,8243,2,9,4,2,2,ROUGH,ROUGH,1,FAIRWAY,FAIRWAY,RECOVERY,67.4,128.4,False,5,1,False,True,False,False
장은수,8243,2,9,4,3,1,FAIRWAY,FAIRWAY,3,GREEN,GREEN,NORMAL_APPROACH,4.9,67.4,False,5,1,False,True,False,False
장은수,8243,2,10,5,2,2,ROUGH,ROUGH,2,ROUGH,ROUGH,RECOVERY,162.4,339.6,False,5,0,True,False,False,False
장은수,8243,2,10,5,3,2,ROUGH,ROUGH,12,FRINGE,FRINGE,RECOVERY,17.1,162.4,False,5,0,True,False,False,False
장은수,8243,2,10,5,4,12,FRINGE,FRINGE,3,GREEN,GREEN,SHORT_GAME,0.3,17.1,False,5,0,True,False,False,False
장은수,8243,2,12,4,2,2,ROUGH,ROUGH,2,ROUGH,ROUGH,RECOVERY,19.4,177.6,False,5,1,False,True,False,False
장은수,8243,2,12,4,3,2,ROUGH,ROUGH,3,GREEN,GREEN,RECOVERY,15.3,19.4,False,5,1,False,True,False,False
장은수,8243,2,13,4,2,1,FAIRWAY,FAIRWAY,3,GREEN,GREEN,NORMAL_APPROACH,7.7,119.4,True,4,0,True,False,False,True
장은수,8243,2,14,4,2,2,ROUGH,ROUGH,12,FRINGE,FRINGE,RECOVERY,18.2,161.9,False,4,0,True,False,False,False
장은수,8243,2,14,4,3,12,FRINGE,FRINGE,3,GREEN,GREEN,SHORT_GAME,0.9,18.2,False,4,0,True,False,False,False
장은수,8243,2,15,4,2,1,FAIRWAY,FAIRWAY,2,ROUGH,ROUGH,OTHER_UNRESOLVED,22.3,159.3,False,4,0,True,False,False,True
장은수,8243,2,15,4,3,2,ROUGH,ROUGH,12,FRINGE,FRINGE,RECOVERY,7.3,22.3,False,4,0,True,False,False,True
장은수,8243,2,15,4,4,12,FRINGE,FRINGE,10,HOLED,HOLED,SHORT_GAME,0.0,7.3,False,4,0,True,False,False,True
장은수,8243,2,17,4,2,1,FAIRWAY,FAIRWAY,3,GREEN,GREEN,NORMAL_APPROACH,8.9,145.8,True,4,0,True,False,False,True
장은수,8243,2,18,5,2,2,ROUGH,ROUGH,2,ROUGH,ROUGH,RECOVERY,141.7,286.1,False,6,1,False,True,False,False
장은수,8243,2,18,5,3,2,ROUGH,ROUGH,2,ROUGH,ROUGH,RECOVERY,29.0,141.7,False,6,1,False,True,False,False
장은수,8243,2,18,5,4,2,ROUGH,ROUGH,3,GREEN,GREEN,RECOVERY,5.6,29.0,False,6,1,False,True,False,False
장은수,8243,3,1,4,2,1,FAIRWAY,FAIRWAY,3,GREEN,GREEN,NORMAL_APPROACH,12.3,174.0,True,4,0,True,False,False,True
장은수,8243,3,2,3,2,12,FRINGE,FRINGE,3,GREEN,GREEN,SHORT_GAME,1.9,9.4,False,3,0,True,False,False,
장은수,8243,3,3,4,2,2,ROUGH,ROUGH,9,GREENSIDE_BUNKER,GREENSIDE_BUNKER,RECOVERY,26.3,196.3,False,4,0,True,False,False,False
장은수,8243,3,3,4,3,9,GREENSIDE_BUNKER,GREENSIDE_BUNKER,3,GREEN,GREEN,RECOVERY,3.8,26.3,False,4,0,True,False,False,False
장은수,8243,3,4,5,2,2,ROUGH,ROUGH,1,FAIRWAY,FAIRWAY,RECOVERY,122.9,307.9,True,5,0,True,False,False,False
장은수,8243,3,4,5,3,1,FAIRWAY,FAIRWAY,3,GREEN,GREEN,NORMAL_APPROACH,6.4,122.9,True,5,0,True,False,False,False
장은수,8243,3,6,4,2,1,FAIRWAY,FAIRWAY,3,GREEN,GREEN,NORMAL_APPROACH,6.7,181.7,True,4,0,True,False,False,True
장은수,8243,3,7,5,2,1,FAIRWAY,FAIRWAY,1,FAIRWAY,FAIRWAY,ADVANCE_LAYUP,105.3,305.6,True,5,0,True,False,False,True
장은수,8243,3,7,5,3,1,FAIRWAY,FAIRWAY,3,GREEN,GREEN,NORMAL_APPROACH,2.0,105.3,True,5,0,True,False,False,True
장은수,8243,3,8,4,2,1,FAIRWAY,FAIRWAY,5,PENALTY_AREA,PENALTY_AREA,OTHER_UNRESOLVED,0.0,153.5,False,6,2,False,True,True,True
장은수,8243,3,8,4,3,5,PENALTY_AREA,PENALTY_AREA,8,PENALTY_STROKE,LOST_BALL_PENALTY_RESTART,PENALTY_RESTART,102.8,0.0,False,6,2,False,True,True,True
장은수,8243,3,8,4,4,8,PENALTY_STROKE,LOST_BALL_PENALTY_RESTART,3,GREEN,GREEN,PENALTY_RESTART,10.9,102.8,False,6,2,False,True,True,True
장은수,8243,3,9,4,2,1,FAIRWAY,FAIRWAY,12,FRINGE,FRINGE,NORMAL_APPROACH,11.4,117.6,False,4,0,True,False,False,True
장은수,8243,3,9,4,3,12,FRINGE,FRINGE,3,GREEN,GREEN,SHORT_GAME,0.8,11.4,False,4,0,True,False,False,True
장은수,8243,3,10,5,2,1,FAIRWAY,FAIRWAY,1,FAIRWAY,FAIRWAY,ADVANCE_LAYUP,114.6,317.4,True,5,0,True,False,False,True
장은수,8243,3,10,5,3,1,FAIRWAY,FAIRWAY,3,GREEN,GREEN,NORMAL_APPROACH,9.0,114.6,True,5,0,True,False,False,True
장은수,8243,3,12,4,2,2,ROUGH,ROUGH,2,ROUGH,ROUGH,RECOVERY,14.1,156.0,False,4,0,True,False,False,False
장은수,8243,3,12,4,3,2,ROUGH,ROUGH,3,GREEN,GREEN,RECOVERY,1.2,14.1,False,4,0,True,False,False,False
장은수,8243,3,13,4,2,1,FAIRWAY,FAIRWAY,2,ROUGH,ROUGH,OTHER_UNRESOLVED,11.1,135.0,False,4,0,True,False,False,True
장은수,8243,3,13,4,3,2,ROUGH,ROUGH,3,GREEN,GREEN,RECOVERY,0.8,11.1,False,4,0,True,False,False,True
장은수,8243,3,14,4,2,2,ROUGH,ROUGH,3,GREEN,GREEN,RECOVERY,17.3,145.0,True,4,0,True,False,False,False
장은수,8243,3,15,4,2,1,FAIRWAY,FAIRWAY,2,ROUGH,ROUGH,OTHER_UNRESOLVED,37.8,182.8,False,5,1,False,True,False,True
장은수,8243,3,15,4,3,2,ROUGH,ROUGH,3,GREEN,GREEN,RECOVERY,4.8,37.8,False,5,1,False,True,False,True
장은수,8243,3,17,4,2,1,FAIRWAY,FAIRWAY,3,GREEN,GREEN,NORMAL_APPROACH,10.6,129.4,True,4,0,True,False,False,True
장은수,8243,3,18,5,2,1,FAIRWAY,FAIRWAY,1,FAIRWAY,FAIRWAY,ADVANCE_LAYUP,92.6,276.4,False,5,0,True,False,False,True
장은수,8243,3,18,5,3,1,FAIRWAY,FAIRWAY,12,FRINGE,FRINGE,NORMAL_APPROACH,12.1,92.6,False,5,0,True,False,False,True
장은수,8243,3,18,5,4,12,FRINGE,FRINGE,3,GREEN,GREEN,SHORT_GAME,1.3,12.1,False,5,0,True,False,False,True
장은수,8243,4,1,4,2,1,FAIRWAY,FAIRWAY,3,GREEN,GREEN,NORMAL_APPROACH,5.5,179.1,True,4,0,True,False,False,True
장은수,8243,4,3,4,2,1,FAIRWAY,FAIRWAY,3,GREEN,GREEN,NORMAL_APPROACH,10.6,194.6,True,4,0,True,False,False,True
장은수,8243,4,4,5,2,1,FAIRWAY,FAIRWAY,1,FAIRWAY,FAIRWAY,ADVANCE_LAYUP,93.0,299.5,True,5,0,True,False,False,True
장은수,8243,4,4,5,3,1,FAIRWAY,FAIRWAY,3,GREEN,GREEN,NORMAL_APPROACH,7.0,93.0,True,5,0,True,False,False,True
장은수,8243,4,6,4,2,2,ROUGH,ROUGH,9,GREENSIDE_BUNKER,GREENSIDE_BUNKER,RECOVERY,14.5,152.8,False,5,1,False,True,False,False
장은수,8243,4,6,4,3,9,GREENSIDE_BUNKER,GREENSIDE_BUNKER,3,GREEN,GREEN,RECOVERY,14.6,14.5,False,5,1,False,True,False,False
장은수,8243,4,7,5,2,1,FAIRWAY,FAIRWAY,1,FAIRWAY,FAIRWAY,ADVANCE_LAYUP,108.8,302.3,True,5,0,True,False,False,True
장은수,8243,4,7,5,3,1,FAIRWAY,FAIRWAY,3,GREEN,GREEN,NORMAL_APPROACH,6.0,108.8,True,5,0,True,False,False,True
장은수,8243,4,8,4,2,2,ROUGH,ROUGH,3,GREEN,GREEN,RECOVERY,6.4,145.2,True,4,0,True,False,False,False
장은수,8243,4,9,4,2,2,ROUGH,ROUGH,3,GREEN,GREEN,RECOVERY,17.9,119.7,True,4,0,True,False,False,False
장은수,8243,4,10,5,2,2,ROUGH,ROUGH,1,FAIRWAY,FAIRWAY,RECOVERY,139.9,315.2,False,6,1,False,True,False,False
장은수,8243,4,10,5,3,1,FAIRWAY,FAIRWAY,12,FRINGE,FRINGE,NORMAL_APPROACH,7.7,139.9,False,6,1,False,True,False,False
장은수,8243,4,10,5,4,12,FRINGE,FRINGE,3,GREEN,GREEN,SHORT_GAME,1.6,7.7,False,6,1,False,True,False,False
장은수,8243,4,12,4,2,1,FAIRWAY,FAIRWAY,3,GREEN,GREEN,NORMAL_APPROACH,1.5,141.4,True,4,0,True,False,False,True
장은수,8243,4,13,4,2,1,FAIRWAY,FAIRWAY,3,GREEN,GREEN,NORMAL_APPROACH,9.8,128.8,True,4,0,True,False,False,True
장은수,8243,4,14,4,2,1,FAIRWAY,FAIRWAY,3,GREEN,GREEN,NORMAL_APPROACH,5.8,132.6,True,4,0,True,False,False,True
장은수,8243,4,15,4,2,1,FAIRWAY,FAIRWAY,3,GREEN,GREEN,NORMAL_APPROACH,10.0,178.4,True,4,0,True,False,False,True
장은수,8243,4,17,4,2,2,ROUGH,ROUGH,12,FRINGE,FRINGE,RECOVERY,14.9,148.7,False,5,1,False,True,False,False
장은수,8243,4,17,4,3,12,FRINGE,FRINGE,3,GREEN,GREEN,SHORT_GAME,4.8,14.9,False,5,1,False,True,False,False
장은수,8243,4,18,5,2,1,FAIRWAY,FAIRWAY,1,FAIRWAY,FAIRWAY,ADVANCE_LAYUP,91.0,271.9,True,6,1,False,True,False,True
장은수,8243,4,18,5,3,1,FAIRWAY,FAIRWAY,3,GREEN,GREEN,NORMAL_APPROACH,4.4,91.0,True,6,1,False,True,False,True
이소영,8246,1,1,4,2,6,BUNKER,BUNKER,1,FAIRWAY,FAIRWAY,RECOVERY,125.0,177.1,False,4,0,True,False,False,False
이소영,8246,1,1,4,3,1,FAIRWAY,FAIRWAY,3,GREEN,GREEN,NORMAL_APPROACH,9.6,125.0,False,4,0,True,False,False,False
이소영,8246,1,2,3,2,2,ROUGH,ROUGH,2,ROUGH,ROUGH,RECOVERY,16.2,13.5,False,4,1,False,True,False,
이소영,8246,1,2,3,3,2,ROUGH,ROUGH,3,GREEN,GREEN,RECOVERY,0.5,16.2,False,4,1,False,True,False,
이소영,8246,1,3,4,2,1,FAIRWAY,FAIRWAY,3,GREEN,GREEN,NORMAL_APPROACH,12.6,185.6,True,4,0,True,False,False,True
이소영,8246,1,4,5,2,2,ROUGH,ROUGH,1,FAIRWAY,FAIRWAY,RECOVERY,173.4,304.6,False,6,1,False,True,False,False
이소영,8246,1,4,5,3,1,FAIRWAY,FAIRWAY,2,ROUGH,ROUGH,ADVANCE_LAYUP,21.1,173.4,False,6,1,False,True,False,False
이소영,8246,1,4,5,4,2,ROUGH,ROUGH,12,FRINGE,FRINGE,RECOVERY,6.2,21.1,False,6,1,False,True,False,False
이소영,8246,1,4,5,5,12,FRINGE,FRINGE,3,GREEN,GREEN,SHORT_GAME,0.5,6.2,False,6,1,False,True,False,False
이소영,8246,1,6,4,2,1,FAIRWAY,FAIRWAY,2,ROUGH,ROUGH,OTHER_UNRESOLVED,19.7,167.7,False,7,3,False,True,True,True
이소영,8246,1,6,4,3,2,ROUGH,ROUGH,12,FRINGE,FRINGE,RECOVERY,5.7,19.7,False,7,3,False,True,True,True
이소영,8246,1,6,4,4,12,FRINGE,FRINGE,3,GREEN,GREEN,SHORT_GAME,12.4,5.7,False,7,3,False,True,True,True
이소영,8246,1,7,5,2,1,FAIRWAY,FAIRWAY,1,FAIRWAY,FAIRWAY,ADVANCE_LAYUP,95.1,273.2,True,5,0,True,False,False,True
이소영,8246,1,7,5,3,1,FAIRWAY,FAIRWAY,3,GREEN,GREEN,NORMAL_APPROACH,1.8,95.1,True,5,0,True,False,False,True
이소영,8246,1,8,4,2,1,FAIRWAY,FAIRWAY,2,ROUGH,ROUGH,OTHER_UNRESOLVED,18.6,158.0,False,5,1,False,True,False,True
이소영,8246,1,8,4,3,2,ROUGH,ROUGH,3,GREEN,GREEN,RECOVERY,7.7,18.6,False,5,1,False,True,False,True
이소영,8246,1,9,4,2,2,ROUGH,ROUGH,3,GREEN,GREEN,RECOVERY,11.4,116.0,True,4,0,True,False,False,False
이소영,8246,1,10,5,2,4,OB,LOST_BALL_PENALTY_RESTART,8,PENALTY_STROKE,LOST_BALL_PENALTY_RESTART,PENALTY_RESTART,542.2,0.0,False,9,4,False,True,True,False
이소영,8246,1,10,5,3,8,PENALTY_STROKE,LOST_BALL_PENALTY_RESTART,2,ROUGH,ROUGH,PENALTY_RESTART,315.1,542.2,False,9,4,False,True,True,False
이소영,8246,1,10,5,4,2,ROUGH,ROUGH,1,FAIRWAY,FAIRWAY,RECOVERY,155.7,315.1,False,9,4,False,True,True,False
이소영,8246,1,10,5,5,1,FAIRWAY,FAIRWAY,9,GREENSIDE_BUNKER,GREENSIDE_BUNKER,ADVANCE_LAYUP,13.1,155.7,False,9,4,False,True,True,False
이소영,8246,1,10,5,6,9,GREENSIDE_BUNKER,GREENSIDE_BUNKER,2,ROUGH,ROUGH,RECOVERY,6.0,13.1,False,9,4,False,True,True,False
이소영,8246,1,10,5,7,2,ROUGH,ROUGH,3,GREEN,GREEN,RECOVERY,2.7,6.0,False,9,4,False,True,True,False
이소영,8246,1,11,3,2,2,ROUGH,ROUGH,3,GREEN,GREEN,RECOVERY,0.5,19.4,False,3,0,True,False,False,
이소영,8246,1,12,4,2,2,ROUGH,ROUGH,2,ROUGH,ROUGH,RECOVERY,11.7,159.9,False,4,0,True,False,False,False
이소영,8246,1,12,4,3,2,ROUGH,ROUGH,3,GREEN,GREEN,RECOVERY,0.3,11.7,False,4,0,True,False,False,False
이소영,8246,1,13,4,2,1,FAIRWAY,FAIRWAY,3,GREEN,GREEN,NORMAL_APPROACH,8.2,119.1,True,4,0,True,False,False,True
이소영,8246,1,14,4,2,2,ROUGH,ROUGH,2,ROUGH,ROUGH,RECOVERY,25.7,139.0,False,4,0,True,False,False,False
이소영,8246,1,14,4,3,2,ROUGH,ROUGH,3,GREEN,GREEN,RECOVERY,1.3,25.7,False,4,0,True,False,False,False
이소영,8246,1,15,4,2,2,ROUGH,ROUGH,9,GREENSIDE_BUNKER,GREENSIDE_BUNKER,RECOVERY,39.7,168.8,False,5,1,False,True,False,False
이소영,8246,1,15,4,3,9,GREENSIDE_BUNKER,GREENSIDE_BUNKER,3,GREEN,GREEN,RECOVERY,14.0,39.7,False,5,1,False,True,False,False
이소영,8246,1,16,3,2,5,PENALTY_AREA,PENALTY_AREA,8,PENALTY_STROKE,LOST_BALL_PENALTY_RESTART,PENALTY_RESTART,94.0,0.0,False,5,2,False,True,True,
이소영,8246,1,16,3,3,8,PENALTY_STROKE,LOST_BALL_PENALTY_RESTART,3,GREEN,GREEN,PENALTY_RESTART,20.3,94.0,False,5,2,False,True,True,
이소영,8246,1,17,4,2,1,FAIRWAY,FAIRWAY,2,ROUGH,ROUGH,OTHER_UNRESOLVED,16.7,133.5,False,4,0,True,False,False,True
이소영,8246,1,17,4,3,2,ROUGH,ROUGH,3,GREEN,GREEN,RECOVERY,3.7,16.7,False,4,0,True,False,False,True
이소영,8246,1,18,5,2,7,LOST_BALL,LOST_BALL_PENALTY_RESTART,8,PENALTY_STROKE,LOST_BALL_PENALTY_RESTART,PENALTY_RESTART,522.1,522.1,False,8,3,False,True,True,False
이소영,8246,1,18,5,3,8,PENALTY_STROKE,LOST_BALL_PENALTY_RESTART,1,FAIRWAY,FAIRWAY,PENALTY_RESTART,293.0,522.1,False,8,3,False,True,True,False
이소영,8246,1,18,5,4,1,FAIRWAY,FAIRWAY,5,PENALTY_AREA,PENALTY_AREA,ADVANCE_LAYUP,0.0,293.0,False,8,3,False,True,True,False
이소영,8246,1,18,5,5,5,PENALTY_AREA,PENALTY_AREA,8,PENALTY_STROKE,LOST_BALL_PENALTY_RESTART,PENALTY_RESTART,155.2,0.0,False,8,3,False,True,True,False
이소영,8246,1,18,5,6,8,PENALTY_STROKE,LOST_BALL_PENALTY_RESTART,3,GREEN,GREEN,PENALTY_RESTART,12.0,155.2,False,8,3,False,True,True,False
최민경,8277,1,1,4,2,6,BUNKER,BUNKER,12,FRINGE,FRINGE,RECOVERY,13.6,169.4,False,4,0,True,False,False,False
최민경,8277,1,1,4,3,12,FRINGE,FRINGE,3,GREEN,GREEN,SHORT_GAME,0.3,13.6,False,4,0,True,False,False,False
최민경,8277,1,3,4,2,1,FAIRWAY,FAIRWAY,3,GREEN,GREEN,NORMAL_APPROACH,0.5,184.5,True,4,0,True,False,False,True
최민경,8277,1,4,5,2,1,FAIRWAY,FAIRWAY,1,FAIRWAY,FAIRWAY,ADVANCE_LAYUP,95.0,285.2,True,5,0,True,False,False,True
최민경,8277,1,4,5,3,1,FAIRWAY,FAIRWAY,3,GREEN,GREEN,NORMAL_APPROACH,1.4,95.0,True,5,0,True,False,False,True
최민경,8277,1,5,3,2,12,FRINGE,FRINGE,3,GREEN,GREEN,SHORT_GAME,0.4,5.2,False,3,0,True,False,False,
최민경,8277,1,6,4,2,2,ROUGH,ROUGH,3,GREEN,GREEN,RECOVERY,10.6,182.9,True,4,0,True,False,False,False
최민경,8277,1,7,5,2,2,ROUGH,ROUGH,1,FAIRWAY,FAIRWAY,RECOVERY,134.6,298.6,True,5,0,True,False,False,False
최민경,8277,1,7,5,3,1,FAIRWAY,FAIRWAY,3,GREEN,GREEN,NORMAL_APPROACH,2.2,134.6,True,5,0,True,False,False,False
최민경,8277,1,8,4,2,1,FAIRWAY,FAIRWAY,3,GREEN,GREEN,NORMAL_APPROACH,5.9,162.0,True,4,0,True,False,False,True
최민경,8277,1,9,4,2,2,ROUGH,ROUGH,1,FAIRWAY,FAIRWAY,RECOVERY,98.4,133.3,False,4,0,True,False,False,False
최민경,8277,1,9,4,3,1,FAIRWAY,FAIRWAY,3,GREEN,GREEN,NORMAL_APPROACH,2.6,98.4,False,4,0,True,False,False,False
최민경,8277,1,10,5,2,1,FAIRWAY,FAIRWAY,1,FAIRWAY,FAIRWAY,ADVANCE_LAYUP,117.0,313.2,True,5,0,True,False,False,True
최민경,8277,1,10,5,3,1,FAIRWAY,FAIRWAY,3,GREEN,GREEN,NORMAL_APPROACH,3.0,117.0,True,5,0,True,False,False,True
최민경,8277,1,11,3,2,2,ROUGH,ROUGH,3,GREEN,GREEN,RECOVERY,8.8,16.6,False,4,1,False,True,False,
최민경,8277,1,12,4,2,1,FAIRWAY,FAIRWAY,3,GREEN,GREEN,NORMAL_APPROACH,7.2,162.2,True,4,0,True,False,False,True
최민경,8277,1,13,4,2,2,ROUGH,ROUGH,2,ROUGH,ROUGH,RECOVERY,11.2,98.3,False,5,1,False,True,False,False
최민경,8277,1,13,4,3,2,ROUGH,ROUGH,3,GREEN,GREEN,RECOVERY,2.7,11.2,False,5,1,False,True,False,False
최민경,8277,1,14,4,2,2,ROUGH,ROUGH,1,FAIRWAY,FAIRWAY,RECOVERY,133.2,132.7,False,5,1,False,True,False,False
최민경,8277,1,14,4,3,1,FAIRWAY,FAIRWAY,3,GREEN,GREEN,NORMAL_APPROACH,2.1,133.2,False,5,1,False,True,False,False
최민경,8277,1,15,4,2,1,FAIRWAY,FAIRWAY,3,GREEN,GREEN,NORMAL_APPROACH,15.6,141.6,True,4,0,True,False,False,True
최민경,8277,1,16,3,2,2,ROUGH,ROUGH,3,GREEN,GREEN,RECOVERY,2.0,16.7,False,3,0,True,False,False,
최민경,8277,1,17,4,2,2,ROUGH,ROUGH,2,ROUGH,ROUGH,RECOVERY,14.0,138.8,False,5,1,False,True,False,False
최민경,8277,1,17,4,3,2,ROUGH,ROUGH,3,GREEN,GREEN,RECOVERY,5.3,14.0,False,5,1,False,True,False,False
최민경,8277,1,18,5,2,1,FAIRWAY,FAIRWAY,2,ROUGH,ROUGH,ADVANCE_LAYUP,106.5,278.4,True,5,0,True,False,False,True
최민경,8277,1,18,5,3,2,ROUGH,ROUGH,3,GREEN,GREEN,RECOVERY,7.9,106.5,True,5,0,True,False,False,True
최민경,8277,2,1,4,2,1,FAIRWAY,FAIRWAY,3,GREEN,GREEN,NORMAL_APPROACH,15.8,161.1,True,5,1,False,True,False,True
최민경,8277,2,3,4,2,1,FAIRWAY,FAIRWAY,2,ROUGH,ROUGH,OTHER_UNRESOLVED,18.2,190.7,False,4,0,True,False,False,True
최민경,8277,2,3,4,3,2,ROUGH,ROUGH,3,GREEN,GREEN,RECOVERY,1.1,18.2,False,4,0,True,False,False,True
최민경,8277,2,4,5,2,1,FAIRWAY,FAIRWAY,2,ROUGH,ROUGH,ADVANCE_LAYUP,109.1,298.7,True,5,0,True,False,False,True
최민경,8277,2,4,5,3,2,ROUGH,ROUGH,3,GREEN,GREEN,RECOVERY,13.0,109.1,True,5,0,True,False,False,True
최민경,8277,2,6,4,2,2,ROUGH,ROUGH,2,ROUGH,ROUGH,RECOVERY,13.8,191.5,False,4,0,True,False,False,False
최민경,8277,2,6,4,3,2,ROUGH,ROUGH,3,GREEN,GREEN,RECOVERY,0.4,13.8,False,4,0,True,False,False,False
최민경,8277,2,7,5,2,2,ROUGH,ROUGH,1,FAIRWAY,FAIRWAY,RECOVERY,131.6,298.0,True,5,0,True,False,False,False
최민경,8277,2,7,5,3,1,FAIRWAY,FAIRWAY,3,GREEN,GREEN,NORMAL_APPROACH,13.4,131.6,True,5,0,True,False,False,False
최민경,8277,2,8,4,2,2,ROUGH,ROUGH,1,FAIRWAY,FAIRWAY,RECOVERY,134.1,147.8,False,5,1,False,True,False,False
최민경,8277,2,8,4,3,1,FAIRWAY,FAIRWAY,2,ROUGH,ROUGH,OTHER_UNRESOLVED,13.0,134.1,False,5,1,False,True,False,False
최민경,8277,2,8,4,4,2,ROUGH,ROUGH,3,GREEN,GREEN,RECOVERY,1.1,13.0,False,5,1,False,True,False,False
최민경,8277,2,9,4,2,2,ROUGH,ROUGH,3,GREEN,GREEN,RECOVERY,2.8,134.8,True,3,-1,True,False,False,False
최민경,8277,2,10,5,2,2,ROUGH,ROUGH,1,FAIRWAY,FAIRWAY,RECOVERY,177.3,348.9,True,5,0,True,False,False,False
최민경,8277,2,10,5,3,1,FAIRWAY,FAIRWAY,3,GREEN,GREEN,NORMAL_APPROACH,8.6,177.3,True,5,0,True,False,False,False
최민경,8277,2,12,4,2,2,ROUGH,ROUGH,2,ROUGH,ROUGH,RECOVERY,9.7,181.2,False,6,2,False,True,True,False
최민경,8277,2,12,4,3,2,ROUGH,ROUGH,3,GREEN,GREEN,RECOVERY,13.6,9.7,False,6,2,False,True,True,False
최민경,8277,2,13,4,2,1,FAIRWAY,FAIRWAY,12,FRINGE,FRINGE,NORMAL_APPROACH,14.6,105.8,False,4,0,True,False,False,True
최민경,8277,2,13,4,3,12,FRINGE,FRINGE,3,GREEN,GREEN,SHORT_GAME,1.2,14.6,False,4,0,True,False,False,True
최민경,8277,2,14,4,2,2,ROUGH,ROUGH,12,FRINGE,FRINGE,RECOVERY,33.9,184.7,False,4,0,True,False,False,False
최민경,8277,2,14,4,3,12,FRINGE,FRINGE,3,GREEN,GREEN,SHORT_GAME,1.3,33.9,False,4,0,True,False,False,False
최민경,8277,2,15,4,2,2,ROUGH,ROUGH,2,ROUGH,ROUGH,RECOVERY,12.0,157.0,False,4,0,True,False,False,False
최민경,8277,2,15,4,3,2,ROUGH,ROUGH,3,GREEN,GREEN,RECOVERY,1.0,12.0,False,4,0,True,False,False,False
최민경,8277,2,17,4,2,1,FAIRWAY,FAIRWAY,3,GREEN,GREEN,NORMAL_APPROACH,9.5,153.3,True,4,0,True,False,False,True
최민경,8277,2,18,5,2,2,ROUGH,ROUGH,2,ROUGH,ROUGH,RECOVERY,155.1,279.5,False,7,2,False,True,True,False
최민경,8277,2,18,5,3,2,ROUGH,ROUGH,1,FAIRWAY,FAIRWAY,RECOVERY,109.8,155.1,False,7,2,False,True,True,False
최민경,8277,2,18,5,4,1,FAIRWAY,FAIRWAY,3,GREEN,GREEN,NORMAL_APPROACH,9.2,109.8,False,7,2,False,True,True,False
최민경,8277,3,1,4,2,6,BUNKER,BUNKER,6,BUNKER,BUNKER,RECOVERY,136.5,163.8,False,5,1,False,True,False,False
최민경,8277,3,1,4,3,6,BUNKER,BUNKER,3,GREEN,GREEN,RECOVERY,22.9,136.5,False,5,1,False,True,False,False
최민경,8277,3,3,4,2,2,ROUGH,ROUGH,2,ROUGH,ROUGH,RECOVERY,33.6,195.9,False,5,1,False,True,False,False
최민경,8277,3,3,4,3,2,ROUGH,ROUGH,3,GREEN,GREEN,RECOVERY,2.2,33.6,False,5,1,False,True,False,False
최민경,8277,3,4,5,2,2,ROUGH,ROUGH,2,ROUGH,ROUGH,RECOVERY,156.0,299.4,True,5,0,True,False,False,False
최민경,8277,3,4,5,3,2,ROUGH,ROUGH,3,GREEN,GREEN,RECOVERY,9.8,156.0,True,5,0,True,False,False,False
최민경,8277,3,5,3,2,12,FRINGE,FRINGE,3,GREEN,GREEN,SHORT_GAME,0.5,17.0,False,3,0,True,False,False,
최민경,8277,3,6,4,2,1,FAIRWAY,FAIRWAY,3,GREEN,GREEN,NORMAL_APPROACH,2.8,170.1,True,4,0,True,False,False,True
최민경,8277,3,7,5,2,2,ROUGH,ROUGH,2,ROUGH,ROUGH,RECOVERY,325.1,326.8,False,7,2,False,True,True,False
최민경,8277,3,7,5,3,2,ROUGH,ROUGH,2,ROUGH,ROUGH,RECOVERY,315.2,325.1,False,7,2,False,True,True,False
최민경,8277,3,7,5,4,2,ROUGH,ROUGH,1,FAIRWAY,FAIRWAY,RECOVERY,137.3,315.2,False,7,2,False,True,True,False
최민경,8277,3,7,5,5,1,FAIRWAY,FAIRWAY,2,ROUGH,ROUGH,ADVANCE_LAYUP,11.1,137.3,False,7,2,False,True,True,False
최민경,8277,3,7,5,6,2,ROUGH,ROUGH,3,GREEN,GREEN,RECOVERY,0.5,11.1,False,7,2,False,True,True,False
최민경,8277,3,8,4,2,2,ROUGH,ROUGH,1,FAIRWAY,FAIRWAY,RECOVERY,112.8,130.0,False,5,1,False,True,False,False
최민경,8277,3,8,4,3,1,FAIRWAY,FAIRWAY,3,GREEN,GREEN,NORMAL_APPROACH,16.1,112.8,False,5,1,False,True,False,False
최민경,8277,3,9,4,2,2,ROUGH,ROUGH,2,ROUGH,ROUGH,RECOVERY,53.7,114.6,False,5,1,False,True,False,False
최민경,8277,3,9,4,3,2,ROUGH,ROUGH,3,GREEN,GREEN,RECOVERY,4.1,53.7,False,5,1,False,True,False,False
최민경,8277,3,10,5,2,2,ROUGH,ROUGH,2,ROUGH,ROUGH,RECOVERY,133.3,318.0,True,4,-1,True,False,False,False
최민경,8277,3,10,5,3,2,ROUGH,ROUGH,3,GREEN,GREEN,RECOVERY,2.1,133.3,True,4,-1,True,False,False,False
최민경,8277,3,11,3,2,2,ROUGH,ROUGH,3,GREEN,GREEN,RECOVERY,4.1,20.4,False,4,1,False,True,False,
최민경,8277,3,12,4,2,6,BUNKER,BUNKER,1,FAIRWAY,FAIRWAY,RECOVERY,104.8,173.1,False,5,1,False,True,False,False
최민경,8277,3,12,4,3,1,FAIRWAY,FAIRWAY,3,GREEN,GREEN,NORMAL_APPROACH,2.1,104.8,False,5,1,False,True,False,False
최민경,8277,3,13,4,2,2,ROUGH,ROUGH,12,FRINGE,FRINGE,RECOVERY,6.2,143.1,False,3,-1,True,False,False,False
최민경,8277,3,13,4,3,12,FRINGE,FRINGE,10,HOLED,HOLED,SHORT_GAME,0.0,6.2,False,3,-1,True,False,False,False
최민경,8277,3,14,4,2,2,ROUGH,ROUGH,3,GREEN,GREEN,RECOVERY,6.8,133.1,True,4,0,True,False,False,False
최민경,8277,3,15,4,2,1,FAIRWAY,FAIRWAY,2,ROUGH,ROUGH,OTHER_UNRESOLVED,17.1,175.4,False,5,1,False,True,False,True
최민경,8277,3,15,4,3,2,ROUGH,ROUGH,3,GREEN,GREEN,RECOVERY,5.7,17.1,False,5,1,False,True,False,True
최민경,8277,3,16,3,2,2,ROUGH,ROUGH,3,GREEN,GREEN,RECOVERY,1.7,23.6,False,4,1,False,True,False,
최민경,8277,3,17,4,2,2,ROUGH,ROUGH,3,GREEN,GREEN,RECOVERY,3.9,129.5,True,3,-1,True,False,False,False
최민경,8277,3,18,5,2,2,ROUGH,ROUGH,2,ROUGH,ROUGH,RECOVERY,131.9,279.9,False,5,0,True,False,False,False
최민경,8277,3,18,5,3,2,ROUGH,ROUGH,2,ROUGH,ROUGH,RECOVERY,16.4,131.9,False,5,0,True,False,False,False
최민경,8277,3,18,5,4,2,ROUGH,ROUGH,3,GREEN,GREEN,RECOVERY,1.7,16.4,False,5,0,True,False,False,False
최민경,8277,4,1,4,2,2,ROUGH,ROUGH,1,FAIRWAY,FAIRWAY,RECOVERY,94.4,164.8,False,5,1,False,True,False,False
최민경,8277,4,1,4,3,1,FAIRWAY,FAIRWAY,3,GREEN,GREEN,NORMAL_APPROACH,7.6,94.4,False,5,1,False,True,False,False
최민경,8277,4,3,4,2,1,FAIRWAY,FAIRWAY,2,ROUGH,ROUGH,OTHER_UNRESOLVED,17.1,187.3,False,4,0,True,False,False,True
최민경,8277,4,3,4,3,2,ROUGH,ROUGH,3,GREEN,GREEN,RECOVERY,1.2,17.1,False,4,0,True,False,False,True
최민경,8277,4,4,5,2,2,ROUGH,ROUGH,1,FAIRWAY,FAIRWAY,RECOVERY,113.2,307.4,True,5,0,True,False,False,False
최민경,8277,4,4,5,3,1,FAIRWAY,FAIRWAY,3,GREEN,GREEN,NORMAL_APPROACH,10.8,113.2,True,5,0,True,False,False,False
최민경,8277,4,6,4,2,1,FAIRWAY,FAIRWAY,3,GREEN,GREEN,NORMAL_APPROACH,2.7,139.4,True,3,-1,True,False,False,True
최민경,8277,4,7,5,2,2,ROUGH,ROUGH,1,FAIRWAY,FAIRWAY,RECOVERY,109.2,309.4,True,5,0,True,False,False,False
최민경,8277,4,7,5,3,1,FAIRWAY,FAIRWAY,3,GREEN,GREEN,NORMAL_APPROACH,5.9,109.2,True,5,0,True,False,False,False
최민경,8277,4,8,4,2,2,ROUGH,ROUGH,3,GREEN,GREEN,RECOVERY,4.0,119.2,True,4,0,True,False,False,False
최민경,8277,4,9,4,2,1,FAIRWAY,FAIRWAY,3,GREEN,GREEN,NORMAL_APPROACH,6.3,105.2,True,4,0,True,False,False,True
최민경,8277,4,10,5,2,2,ROUGH,ROUGH,1,FAIRWAY,FAIRWAY,RECOVERY,286.6,324.2,False,6,1,False,True,False,False
최민경,8277,4,10,5,3,1,FAIRWAY,FAIRWAY,2,ROUGH,ROUGH,ADVANCE_LAYUP,119.2,286.6,False,6,1,False,True,False,False
최민경,8277,4,10,5,4,2,ROUGH,ROUGH,2,ROUGH,ROUGH,RECOVERY,15.2,119.2,False,6,1,False,True,False,False
최민경,8277,4,10,5,5,2,ROUGH,ROUGH,3,GREEN,GREEN,RECOVERY,3.0,15.2,False,6,1,False,True,False,False
최민경,8277,4,12,4,2,1,FAIRWAY,FAIRWAY,2,ROUGH,ROUGH,OTHER_UNRESOLVED,17.0,168.3,False,5,1,False,True,False,True
최민경,8277,4,12,4,3,2,ROUGH,ROUGH,3,GREEN,GREEN,RECOVERY,3.5,17.0,False,5,1,False,True,False,True
최민경,8277,4,13,4,2,1,FAIRWAY,FAIRWAY,3,GREEN,GREEN,NORMAL_APPROACH,7.2,133.1,True,4,0,True,False,False,True
최민경,8277,4,14,4,2,1,FAIRWAY,FAIRWAY,3,GREEN,GREEN,NORMAL_APPROACH,17.8,150.2,True,4,0,True,False,False,True
최민경,8277,4,15,4,2,2,ROUGH,ROUGH,3,GREEN,GREEN,RECOVERY,16.4,164.3,True,4,0,True,False,False,False
최민경,8277,4,17,4,2,1,FAIRWAY,FAIRWAY,3,GREEN,GREEN,NORMAL_APPROACH,9.1,137.4,True,4,0,True,False,False,True
최민경,8277,4,18,5,2,2,ROUGH,ROUGH,1,FAIRWAY,FAIRWAY,RECOVERY,122.5,287.1,True,5,0,True,False,False,False
최민경,8277,4,18,5,3,1,FAIRWAY,FAIRWAY,3,GREEN,GREEN,NORMAL_APPROACH,6.8,122.5,True,5,0,True,False,False,False
최예림,8284,1,1,4,2,1,FAIRWAY,FAIRWAY,2,ROUGH,ROUGH,OTHER_UNRESOLVED,13.8,176.3,False,5,1,False,True,False,True
최예림,8284,1,1,4,3,2,ROUGH,ROUGH,3,GREEN,GREEN,RECOVERY,3.3,13.8,False,5,1,False,True,False,True
최예림,8284,1,3,4,2,1,FAIRWAY,FAIRWAY,3,GREEN,GREEN,NORMAL_APPROACH,8.6,180.2,True,4,0,True,False,False,True
최예림,8284,1,4,5,2,1,FAIRWAY,FAIRWAY,1,FAIRWAY,FAIRWAY,ADVANCE_LAYUP,119.3,296.2,True,5,0,True,False,False,True
최예림,8284,1,4,5,3,1,FAIRWAY,FAIRWAY,3,GREEN,GREEN,NORMAL_APPROACH,7.7,119.3,True,5,0,True,False,False,True
최예림,8284,1,5,3,2,2,ROUGH,ROUGH,3,GREEN,GREEN,RECOVERY,1.5,8.4,False,3,0,True,False,False,
최예림,8284,1,6,4,2,2,ROUGH,ROUGH,2,ROUGH,ROUGH,RECOVERY,59.2,227.7,False,5,1,False,True,False,False
최예림,8284,1,6,4,3,2,ROUGH,ROUGH,3,GREEN,GREEN,RECOVERY,10.4,59.2,False,5,1,False,True,False,False
최예림,8284,1,7,5,2,1,FAIRWAY,FAIRWAY,1,FAIRWAY,FAIRWAY,ADVANCE_LAYUP,90.2,272.7,True,5,0,True,False,False,True
최예림,8284,1,7,5,3,1,FAIRWAY,FAIRWAY,3,GREEN,GREEN,NORMAL_APPROACH,5.6,90.2,True,5,0,True,False,False,True
최예림,8284,1,8,4,2,2,ROUGH,ROUGH,12,FRINGE,FRINGE,RECOVERY,26.1,165.3,False,4,0,True,False,False,False
최예림,8284,1,8,4,3,12,FRINGE,FRINGE,3,GREEN,GREEN,SHORT_GAME,1.3,26.1,False,4,0,True,False,False,False
최예림,8284,1,9,4,2,1,FAIRWAY,FAIRWAY,3,GREEN,GREEN,NORMAL_APPROACH,10.5,147.9,True,4,0,True,False,False,True
최예림,8284,1,10,5,2,1,FAIRWAY,FAIRWAY,1,FAIRWAY,FAIRWAY,ADVANCE_LAYUP,113.4,299.0,False,5,0,True,False,False,True
최예림,8284,1,10,5,3,1,FAIRWAY,FAIRWAY,2,ROUGH,ROUGH,ADVANCE_LAYUP,9.8,113.4,False,5,0,True,False,False,True
최예림,8284,1,10,5,4,2,ROUGH,ROUGH,3,GREEN,GREEN,RECOVERY,1.1,9.8,False,5,0,True,False,False,True
최예림,8284,1,12,4,2,1,FAIRWAY,FAIRWAY,3,GREEN,GREEN,NORMAL_APPROACH,9.2,147.1,True,4,0,True,False,False,True
최예림,8284,1,13,4,2,1,FAIRWAY,FAIRWAY,3,GREEN,GREEN,NORMAL_APPROACH,7.9,112.2,True,4,0,True,False,False,True
최예림,8284,1,14,4,2,2,ROUGH,ROUGH,3,GREEN,GREEN,RECOVERY,2.5,131.3,True,4,0,True,False,False,False
최예림,8284,1,15,4,2,1,FAIRWAY,FAIRWAY,12,FRINGE,FRINGE,NORMAL_APPROACH,17.2,155.7,False,4,0,True,False,False,True
최예림,8284,1,15,4,3,12,FRINGE,FRINGE,3,GREEN,GREEN,SHORT_GAME,3.0,17.2,False,4,0,True,False,False,True
최예림,8284,1,17,4,2,1,FAIRWAY,FAIRWAY,12,FRINGE,FRINGE,NORMAL_APPROACH,11.7,134.8,False,4,0,True,False,False,True
최예림,8284,1,17,4,3,12,FRINGE,FRINGE,3,GREEN,GREEN,SHORT_GAME,1.3,11.7,False,4,0,True,False,False,True
최예림,8284,1,18,5,2,1,FAIRWAY,FAIRWAY,1,FAIRWAY,FAIRWAY,ADVANCE_LAYUP,103.3,279.1,True,4,-1,True,False,False,True
최예림,8284,1,18,5,3,1,FAIRWAY,FAIRWAY,3,GREEN,GREEN,NORMAL_APPROACH,3.2,103.3,True,4,-1,True,False,False,True
최예림,8284,2,1,4,2,6,BUNKER,BUNKER,1,FAIRWAY,FAIRWAY,RECOVERY,93.8,156.4,False,5,1,False,True,False,False
최예림,8284,2,1,4,3,1,FAIRWAY,FAIRWAY,12,FRINGE,FRINGE,NORMAL_APPROACH,6.3,93.8,False,5,1,False,True,False,False
최예림,8284,2,1,4,4,12,FRINGE,FRINGE,3,GREEN,GREEN,SHORT_GAME,0.3,6.3,False,5,1,False,True,False,False
최예림,8284,2,3,4,2,1,FAIRWAY,FAIRWAY,2,ROUGH,ROUGH,OTHER_UNRESOLVED,21.6,189.9,False,4,0,True,False,False,True
최예림,8284,2,3,4,3,2,ROUGH,ROUGH,3,GREEN,GREEN,RECOVERY,1.5,21.6,False,4,0,True,False,False,True
최예림,8284,2,4,5,2,1,FAIRWAY,FAIRWAY,1,FAIRWAY,FAIRWAY,ADVANCE_LAYUP,106.2,308.7,True,5,0,True,False,False,True
최예림,8284,2,4,5,3,1,FAIRWAY,FAIRWAY,3,GREEN,GREEN,NORMAL_APPROACH,4.4,106.2,True,5,0,True,False,False,True
최예림,8284,2,6,4,2,1,FAIRWAY,FAIRWAY,2,ROUGH,ROUGH,OTHER_UNRESOLVED,24.6,175.6,False,5,1,False,True,False,True
최예림,8284,2,6,4,3,2,ROUGH,ROUGH,3,GREEN,GREEN,RECOVERY,11.6,24.6,False,5,1,False,True,False,True
최예림,8284,2,7,5,2,1,FAIRWAY,FAIRWAY,1,FAIRWAY,FAIRWAY,ADVANCE_LAYUP,79.7,287.6,True,5,0,True,False,False,True
최예림,8284,2,7,5,3,1,FAIRWAY,FAIRWAY,3,GREEN,GREEN,NORMAL_APPROACH,5.3,79.7,True,5,0,True,False,False,True
최예림,8284,2,8,4,2,1,FAIRWAY,FAIRWAY,2,ROUGH,ROUGH,OTHER_UNRESOLVED,12.7,118.1,False,3,-1,True,False,False,True
최예림,8284,2,8,4,3,2,ROUGH,ROUGH,10,HOLED,HOLED,RECOVERY,0.0,12.7,False,3,-1,True,False,False,True
최예림,8284,2,9,4,2,2,ROUGH,ROUGH,2,ROUGH,ROUGH,RECOVERY,18.0,136.6,False,5,1,False,True,False,False
최예림,8284,2,9,4,3,2,ROUGH,ROUGH,3,GREEN,GREEN,RECOVERY,2.1,18.0,False,5,1,False,True,False,False
최예림,8284,2,10,5,2,1,FAIRWAY,FAIRWAY,1,FAIRWAY,FAIRWAY,ADVANCE_LAYUP,123.1,332.6,True,5,0,True,False,False,True
최예림,8284,2,10,5,3,1,FAIRWAY,FAIRWAY,3,GREEN,GREEN,NORMAL_APPROACH,3.4,123.1,True,5,0,True,False,False,True
최예림,8284,2,12,4,2,2,ROUGH,ROUGH,3,GREEN,GREEN,RECOVERY,13.7,161.3,True,3,-1,True,False,False,False
최예림,8284,2,13,4,2,1,FAIRWAY,FAIRWAY,3,GREEN,GREEN,NORMAL_APPROACH,3.5,100.6,True,4,0,True,False,False,True
최예림,8284,2,14,4,2,1,FAIRWAY,FAIRWAY,2,ROUGH,ROUGH,OTHER_UNRESOLVED,25.3,161.6,False,5,1,False,True,False,True
최예림,8284,2,14,4,3,2,ROUGH,ROUGH,3,GREEN,GREEN,RECOVERY,4.0,25.3,False,5,1,False,True,False,True
최예림,8284,2,15,4,2,2,ROUGH,ROUGH,2,ROUGH,ROUGH,RECOVERY,29.7,184.0,False,6,2,False,True,True,False
최예림,8284,2,15,4,3,2,ROUGH,ROUGH,3,GREEN,GREEN,RECOVERY,3.3,29.7,False,6,2,False,True,True,False
최예림,8284,2,17,4,2,1,FAIRWAY,FAIRWAY,3,GREEN,GREEN,NORMAL_APPROACH,9.0,141.3,True,4,0,True,False,False,True
최예림,8284,2,18,5,2,1,FAIRWAY,FAIRWAY,1,FAIRWAY,FAIRWAY,ADVANCE_LAYUP,71.3,271.0,True,5,0,True,False,False,True
최예림,8284,2,18,5,3,1,FAIRWAY,FAIRWAY,3,GREEN,GREEN,NORMAL_APPROACH,3.1,71.3,True,5,0,True,False,False,True
최예림,8284,3,1,4,2,2,ROUGH,ROUGH,2,ROUGH,ROUGH,RECOVERY,40.8,172.5,False,4,0,True,False,False,False
최예림,8284,3,1,4,3,2,ROUGH,ROUGH,3,GREEN,GREEN,RECOVERY,1.4,40.8,False,4,0,True,False,False,False
최예림,8284,3,3,4,2,1,FAIRWAY,FAIRWAY,2,ROUGH,ROUGH,OTHER_UNRESOLVED,10.9,197.8,False,4,0,True,False,False,True
최예림,8284,3,3,4,3,2,ROUGH,ROUGH,3,GREEN,GREEN,RECOVERY,1.5,10.9,False,4,0,True,False,False,True
최예림,8284,3,4,5,2,1,FAIRWAY,FAIRWAY,1,FAIRWAY,FAIRWAY,ADVANCE_LAYUP,117.4,309.4,True,5,0,True,False,False,True
최예림,8284,3,4,5,3,1,FAIRWAY,FAIRWAY,3,GREEN,GREEN,NORMAL_APPROACH,6.4,117.4,True,5,0,True,False,False,True
최예림,8284,3,6,4,2,1,FAIRWAY,FAIRWAY,3,GREEN,GREEN,NORMAL_APPROACH,10.2,178.2,True,4,0,True,False,False,True
최예림,8284,3,7,5,2,1,FAIRWAY,FAIRWAY,2,ROUGH,ROUGH,ADVANCE_LAYUP,108.4,318.6,False,5,0,True,False,False,True
최예림,8284,3,7,5,3,2,ROUGH,ROUGH,12,FRINGE,FRINGE,RECOVERY,12.8,108.4,False,5,0,True,False,False,True
최예림,8284,3,7,5,4,12,FRINGE,FRINGE,3,GREEN,GREEN,SHORT_GAME,1.4,12.8,False,5,0,True,False,False,True
최예림,8284,3,8,4,2,2,ROUGH,ROUGH,2,ROUGH,ROUGH,RECOVERY,33.7,164.9,False,5,1,False,True,False,False
최예림,8284,3,8,4,3,2,ROUGH,ROUGH,3,GREEN,GREEN,RECOVERY,4.4,33.7,False,5,1,False,True,False,False
최예림,8284,3,9,4,2,2,ROUGH,ROUGH,3,GREEN,GREEN,RECOVERY,16.0,130.7,True,3,-1,True,False,False,False
최예림,8284,3,10,5,2,2,ROUGH,ROUGH,2,ROUGH,ROUGH,RECOVERY,150.4,306.1,False,5,0,True,False,False,False
최예림,8284,3,10,5,3,2,ROUGH,ROUGH,2,ROUGH,ROUGH,RECOVERY,10.2,150.4,False,5,0,True,False,False,False
최예림,8284,3,10,5,4,2,ROUGH,ROUGH,3,GREEN,GREEN,RECOVERY,0.3,10.2,False,5,0,True,False,False,False
최예림,8284,3,12,4,2,1,FAIRWAY,FAIRWAY,3,GREEN,GREEN,NORMAL_APPROACH,10.3,148.3,True,4,0,True,False,False,True
최예림,8284,3,13,4,2,5,PENALTY_AREA,PENALTY_AREA,8,PENALTY_STROKE,LOST_BALL_PENALTY_RESTART,PENALTY_RESTART,155.9,0.0,False,6,2,False,True,True,False
최예림,8284,3,13,4,3,8,PENALTY_STROKE,LOST_BALL_PENALTY_RESTART,2,ROUGH,ROUGH,PENALTY_RESTART,13.2,155.9,False,6,2,False,True,True,False
최예림,8284,3,13,4,4,2,ROUGH,ROUGH,3,GREEN,GREEN,RECOVERY,2.0,13.2,False,6,2,False,True,True,False
최예림,8284,3,14,4,2,2,ROUGH,ROUGH,2,ROUGH,ROUGH,RECOVERY,33.2,155.0,False,5,1,False,True,False,False
최예림,8284,3,14,4,3,2,ROUGH,ROUGH,3,GREEN,GREEN,RECOVERY,7.3,33.2,False,5,1,False,True,False,False
최예림,8284,3,15,4,2,2,ROUGH,ROUGH,2,ROUGH,ROUGH,RECOVERY,52.1,196.7,False,5,1,False,True,False,False
최예림,8284,3,15,4,3,2,ROUGH,ROUGH,3,GREEN,GREEN,RECOVERY,12.4,52.1,False,5,1,False,True,False,False
최예림,8284,3,17,4,2,2,ROUGH,ROUGH,2,ROUGH,ROUGH,RECOVERY,23.5,132.8,False,5,1,False,True,False,False
최예림,8284,3,17,4,3,2,ROUGH,ROUGH,3,GREEN,GREEN,RECOVERY,3.5,23.5,False,5,1,False,True,False,False
최예림,8284,3,18,5,2,1,FAIRWAY,FAIRWAY,1,FAIRWAY,FAIRWAY,ADVANCE_LAYUP,100.8,281.8,True,4,-1,True,False,False,True
최예림,8284,3,18,5,3,1,FAIRWAY,FAIRWAY,3,GREEN,GREEN,NORMAL_APPROACH,2.0,100.8,True,4,-1,True,False,False,True
최예림,8284,4,1,4,2,1,FAIRWAY,FAIRWAY,9,GREENSIDE_BUNKER,GREENSIDE_BUNKER,OTHER_UNRESOLVED,17.0,172.0,False,4,0,True,False,False,True
최예림,8284,4,1,4,3,9,GREENSIDE_BUNKER,GREENSIDE_BUNKER,3,GREEN,GREEN,RECOVERY,0.6,17.0,False,4,0,True,False,False,True
최예림,8284,4,3,4,2,1,FAIRWAY,FAIRWAY,2,ROUGH,ROUGH,OTHER_UNRESOLVED,15.4,186.2,False,4,0,True,False,False,True
최예림,8284,4,3,4,3,2,ROUGH,ROUGH,3,GREEN,GREEN,RECOVERY,2.2,15.4,False,4,0,True,False,False,True
최예림,8284,4,4,5,2,1,FAIRWAY,FAIRWAY,1,FAIRWAY,FAIRWAY,ADVANCE_LAYUP,83.3,293.5,True,5,0,True,False,False,True
최예림,8284,4,4,5,3,1,FAIRWAY,FAIRWAY,3,GREEN,GREEN,NORMAL_APPROACH,6.1,83.3,True,5,0,True,False,False,True
최예림,8284,4,6,4,2,2,ROUGH,ROUGH,1,FAIRWAY,FAIRWAY,RECOVERY,78.1,164.7,False,4,0,True,False,False,False
최예림,8284,4,6,4,3,1,FAIRWAY,FAIRWAY,3,GREEN,GREEN,NORMAL_APPROACH,4.0,78.1,False,4,0,True,False,False,False
최예림,8284,4,7,5,2,2,ROUGH,ROUGH,1,FAIRWAY,FAIRWAY,RECOVERY,96.1,303.5,True,4,-1,True,False,False,False
최예림,8284,4,7,5,3,1,FAIRWAY,FAIRWAY,3,GREEN,GREEN,NORMAL_APPROACH,3.0,96.1,True,4,-1,True,False,False,False
최예림,8284,4,8,4,2,1,FAIRWAY,FAIRWAY,2,ROUGH,ROUGH,OTHER_UNRESOLVED,14.1,126.5,False,4,0,True,False,False,True
최예림,8284,4,8,4,3,2,ROUGH,ROUGH,3,GREEN,GREEN,RECOVERY,0.6,14.1,False,4,0,True,False,False,True
최예림,8284,4,9,4,2,2,ROUGH,ROUGH,3,GREEN,GREEN,RECOVERY,14.4,119.5,True,3,-1,True,False,False,False
최예림,8284,4,10,5,2,1,FAIRWAY,FAIRWAY,2,ROUGH,ROUGH,ADVANCE_LAYUP,135.3,320.8,True,6,1,False,True,False,True
최예림,8284,4,10,5,3,2,ROUGH,ROUGH,3,GREEN,GREEN,RECOVERY,22.0,135.3,True,6,1,False,True,False,True
최예림,8284,4,12,4,2,2,ROUGH,ROUGH,3,GREEN,GREEN,RECOVERY,3.3,152.9,True,4,0,True,False,False,False
최예림,8284,4,13,4,2,1,FAIRWAY,FAIRWAY,3,GREEN,GREEN,NORMAL_APPROACH,10.1,129.8,True,4,0,True,False,False,True
최예림,8284,4,14,4,2,1,FAIRWAY,FAIRWAY,2,ROUGH,ROUGH,OTHER_UNRESOLVED,9.9,139.4,False,6,2,False,True,True,True
최예림,8284,4,14,4,3,2,ROUGH,ROUGH,3,GREEN,GREEN,RECOVERY,0.9,9.9,False,6,2,False,True,True,True
최예림,8284,4,15,4,2,2,ROUGH,ROUGH,2,ROUGH,ROUGH,RECOVERY,20.0,191.7,False,4,0,True,False,False,False
최예림,8284,4,15,4,3,2,ROUGH,ROUGH,3,GREEN,GREEN,RECOVERY,3.6,20.0,False,4,0,True,False,False,False
최예림,8284,4,17,4,2,1,FAIRWAY,FAIRWAY,3,GREEN,GREEN,NORMAL_APPROACH,6.3,138.1,True,3,-1,True,False,False,True
최예림,8284,4,18,5,2,1,FAIRWAY,FAIRWAY,2,ROUGH,ROUGH,ADVANCE_LAYUP,99.9,291.4,True,5,0,True,False,False,True
최예림,8284,4,18,5,3,2,ROUGH,ROUGH,3,GREEN,GREEN,RECOVERY,11.2,99.9,True,5,0,True,False,False,True
김수지,8300,1,1,4,2,1,FAIRWAY,FAIRWAY,3,GREEN,GREEN,NORMAL_APPROACH,11.6,158.6,True,4,0,True,False,False,True
김수지,8300,1,3,4,2,1,FAIRWAY,FAIRWAY,3,GREEN,GREEN,NORMAL_APPROACH,6.6,169.9,True,4,0,True,False,False,True
김수지,8300,1,4,5,2,2,ROUGH,ROUGH,2,ROUGH,ROUGH,RECOVERY,231.7,286.2,False,5,0,True,False,False,False
김수지,8300,1,4,5,3,2,ROUGH,ROUGH,1,FAIRWAY,FAIRWAY,RECOVERY,72.0,231.7,False,5,0,True,False,False,False
김수지,8300,1,4,5,4,1,FAIRWAY,FAIRWAY,12,FRINGE,FRINGE,NORMAL_APPROACH,5.4,72.0,False,5,0,True,False,False,False
김수지,8300,1,4,5,5,12,FRINGE,FRINGE,10,HOLED,HOLED,SHORT_GAME,0.0,5.4,False,5,0,True,False,False,False
김수지,8300,1,5,3,2,9,GREENSIDE_BUNKER,GREENSIDE_BUNKER,3,GREEN,GREEN,RECOVERY,2.5,38.9,False,3,0,True,False,False,
김수지,8300,1,6,4,2,1,FAIRWAY,FAIRWAY,2,ROUGH,ROUGH,OTHER_UNRESOLVED,15.0,165.5,False,5,1,False,True,False,True
김수지,8300,1,6,4,3,2,ROUGH,ROUGH,3,GREEN,GREEN,RECOVERY,4.5,15.0,False,5,1,False,True,False,True
김수지,8300,1,7,5,2,1,FAIRWAY,FAIRWAY,9,GREENSIDE_BUNKER,GREENSIDE_BUNKER,ADVANCE_LAYUP,13.2,244.8,True,5,0,True,False,False,True
김수지,8300,1,7,5,3,9,GREENSIDE_BUNKER,GREENSIDE_BUNKER,3,GREEN,GREEN,RECOVERY,5.2,13.2,True,5,0,True,False,False,True
김수지,8300,1,8,4,2,2,ROUGH,ROUGH,2,ROUGH,ROUGH,RECOVERY,6.7,146.3,False,4,0,True,False,False,False
김수지,8300,1,8,4,3,2,ROUGH,ROUGH,3,GREEN,GREEN,RECOVERY,2.2,6.7,False,4,0,True,False,False,False
김수지,8300,1,9,4,2,1,FAIRWAY,FAIRWAY,3,GREEN,GREEN,NORMAL_APPROACH,6.9,111.7,True,4,0,True,False,False,True
김수지,8300,1,10,5,2,1,FAIRWAY,FAIRWAY,2,ROUGH,ROUGH,ADVANCE_LAYUP,109.0,299.1,False,5,0,True,False,False,True
김수지,8300,1,10,5,3,2,ROUGH,ROUGH,2,ROUGH,ROUGH,RECOVERY,9.5,109.0,False,5,0,True,False,False,True
김수지,8300,1,10,5,4,2,ROUGH,ROUGH,3,GREEN,GREEN,RECOVERY,0.4,9.5,False,5,0,True,False,False,True
김수지,8300,1,11,3,2,2,ROUGH,ROUGH,3,GREEN,GREEN,RECOVERY,0.4,11.8,False,3,0,True,False,False,
김수지,8300,1,12,4,2,1,FAIRWAY,FAIRWAY,3,GREEN,GREEN,NORMAL_APPROACH,23.3,145.2,True,4,0,True,False,False,True
김수지,8300,1,13,4,2,1,FAIRWAY,FAIRWAY,3,GREEN,GREEN,NORMAL_APPROACH,2.8,117.8,True,4,0,True,False,False,True
김수지,8300,1,14,4,2,1,FAIRWAY,FAIRWAY,3,GREEN,GREEN,NORMAL_APPROACH,10.5,155.1,True,4,0,True,False,False,True
김수지,8300,1,15,4,2,2,ROUGH,ROUGH,3,GREEN,GREEN,RECOVERY,12.8,138.8,True,4,0,True,False,False,False
김수지,8300,1,17,4,2,1,FAIRWAY,FAIRWAY,3,GREEN,GREEN,NORMAL_APPROACH,7.6,129.4,True,4,0,True,False,False,True
김수지,8300,1,18,5,2,2,ROUGH,ROUGH,1,FAIRWAY,FAIRWAY,RECOVERY,91.5,280.4,True,5,0,True,False,False,False
김수지,8300,1,18,5,3,1,FAIRWAY,FAIRWAY,3,GREEN,GREEN,NORMAL_APPROACH,2.4,91.5,True,5,0,True,False,False,False
김수지,8300,2,1,4,2,6,BUNKER,BUNKER,12,FRINGE,FRINGE,RECOVERY,16.4,156.3,False,4,0,True,False,False,False
김수지,8300,2,1,4,3,12,FRINGE,FRINGE,3,GREEN,GREEN,SHORT_GAME,1.2,16.4,False,4,0,True,False,False,False
김수지,8300,2,3,4,2,1,FAIRWAY,FAIRWAY,3,GREEN,GREEN,NORMAL_APPROACH,12.9,184.6,True,4,0,True,False,False,True
김수지,8300,2,4,5,2,2,ROUGH,ROUGH,2,ROUGH,ROUGH,RECOVERY,209.5,301.1,False,5,0,True,False,False,False
김수지,8300,2,4,5,3,2,ROUGH,ROUGH,2,ROUGH,ROUGH,RECOVERY,32.0,209.5,False,5,0,True,False,False,False
김수지,8300,2,4,5,4,2,ROUGH,ROUGH,3,GREEN,GREEN,RECOVERY,2.2,32.0,False,5,0,True,False,False,False
김수지,8300,2,6,4,2,1,FAIRWAY,FAIRWAY,3,GREEN,GREEN,NORMAL_APPROACH,10.2,160.3,True,4,0,True,False,False,True
김수지,8300,2,7,5,2,2,ROUGH,ROUGH,1,FAIRWAY,FAIRWAY,RECOVERY,91.8,294.4,True,5,0,True,False,False,False
김수지,8300,2,7,5,3,1,FAIRWAY,FAIRWAY,3,GREEN,GREEN,NORMAL_APPROACH,11.1,91.8,True,5,0,True,False,False,False
김수지,8300,2,8,4,2,1,FAIRWAY,FAIRWAY,3,GREEN,GREEN,NORMAL_APPROACH,9.7,120.3,True,4,0,True,False,False,True
김수지,8300,2,9,4,2,1,FAIRWAY,FAIRWAY,3,GREEN,GREEN,NORMAL_APPROACH,6.9,109.2,True,4,0,True,False,False,True
김수지,8300,2,10,5,2,2,ROUGH,ROUGH,1,FAIRWAY,FAIRWAY,RECOVERY,156.7,317.6,True,4,-1,True,False,False,False
김수지,8300,2,10,5,3,1,FAIRWAY,FAIRWAY,3,GREEN,GREEN,NORMAL_APPROACH,1.2,156.7,True,4,-1,True,False,False,False
김수지,8300,2,12,4,2,2,ROUGH,ROUGH,1,FAIRWAY,FAIRWAY,RECOVERY,170.8,185.9,False,5,1,False,True,False,False
김수지,8300,2,12,4,3,1,FAIRWAY,FAIRWAY,3,GREEN,GREEN,NORMAL_APPROACH,18.4,170.8,False,5,1,False,True,False,False
김수지,8300,2,13,4,2,2,ROUGH,ROUGH,2,ROUGH,ROUGH,RECOVERY,20.9,119.7,False,4,0,True,False,False,False
김수지,8300,2,13,4,3,2,ROUGH,ROUGH,3,GREEN,GREEN,RECOVERY,0.3,20.9,False,4,0,True,False,False,False
김수지,8300,2,14,4,2,1,FAIRWAY,FAIRWAY,3,GREEN,GREEN,NORMAL_APPROACH,4.4,150.7,True,4,0,True,False,False,True
김수지,8300,2,15,4,2,2,ROUGH,ROUGH,12,FRINGE,FRINGE,RECOVERY,9.5,120.2,False,4,0,True,False,False,False
김수지,8300,2,15,4,3,12,FRINGE,FRINGE,3,GREEN,GREEN,SHORT_GAME,1.1,9.5,False,4,0,True,False,False,False
김수지,8300,2,17,4,2,6,BUNKER,BUNKER,9,GREENSIDE_BUNKER,GREENSIDE_BUNKER,RECOVERY,24.8,128.5,False,5,1,False,True,False,False
김수지,8300,2,17,4,3,9,GREENSIDE_BUNKER,GREENSIDE_BUNKER,3,GREEN,GREEN,RECOVERY,3.1,24.8,False,5,1,False,True,False,False
김수지,8300,2,18,5,2,2,ROUGH,ROUGH,1,FAIRWAY,FAIRWAY,RECOVERY,99.1,265.2,True,5,0,True,False,False,False
김수지,8300,2,18,5,3,1,FAIRWAY,FAIRWAY,3,GREEN,GREEN,NORMAL_APPROACH,12.1,99.1,True,5,0,True,False,False,False
김수지,8300,3,1,4,2,2,ROUGH,ROUGH,12,FRINGE,FRINGE,RECOVERY,9.0,174.5,False,5,1,False,True,False,False
김수지,8300,3,1,4,3,12,FRINGE,FRINGE,3,GREEN,GREEN,SHORT_GAME,2.3,9.0,False,5,1,False,True,False,False
김수지,8300,3,3,4,2,1,FAIRWAY,FAIRWAY,12,FRINGE,FRINGE,NORMAL_APPROACH,17.4,180.6,False,4,0,True,False,False,True
김수지,8300,3,3,4,3,12,FRINGE,FRINGE,3,GREEN,GREEN,SHORT_GAME,0.7,17.4,False,4,0,True,False,False,True
김수지,8300,3,4,5,2,2,ROUGH,ROUGH,1,FAIRWAY,FAIRWAY,RECOVERY,95.2,292.4,True,5,0,True,False,False,False
김수지,8300,3,4,5,3,1,FAIRWAY,FAIRWAY,3,GREEN,GREEN,NORMAL_APPROACH,4.2,95.2,True,5,0,True,False,False,False
김수지,8300,3,6,4,2,1,FAIRWAY,FAIRWAY,3,GREEN,GREEN,NORMAL_APPROACH,4.6,169.6,True,4,0,True,False,False,True
김수지,8300,3,7,5,2,2,ROUGH,ROUGH,1,FAIRWAY,FAIRWAY,RECOVERY,113.7,294.3,False,6,1,False,True,False,False
김수지,8300,3,7,5,3,1,FAIRWAY,FAIRWAY,12,FRINGE,FRINGE,NORMAL_APPROACH,7.3,113.7,False,6,1,False,True,False,False
김수지,8300,3,7,5,4,12,FRINGE,FRINGE,3,GREEN,GREEN,SHORT_GAME,1.2,7.3,False,6,1,False,True,False,False
김수지,8300,3,8,4,2,1,FAIRWAY,FAIRWAY,3,GREEN,GREEN,NORMAL_APPROACH,14.0,128.4,True,4,0,True,False,False,True
김수지,8300,3,9,4,2,1,FAIRWAY,FAIRWAY,3,GREEN,GREEN,NORMAL_APPROACH,1.3,86.0,True,3,-1,True,False,False,True
김수지,8300,3,10,5,2,2,ROUGH,ROUGH,2,ROUGH,ROUGH,RECOVERY,123.1,302.4,False,5,0,True,False,False,False
김수지,8300,3,10,5,3,2,ROUGH,ROUGH,12,FRINGE,FRINGE,RECOVERY,20.2,123.1,False,5,0,True,False,False,False
김수지,8300,3,10,5,4,12,FRINGE,FRINGE,3,GREEN,GREEN,SHORT_GAME,5.0,20.2,False,5,0,True,False,False,False
김수지,8300,3,12,4,2,1,FAIRWAY,FAIRWAY,2,ROUGH,ROUGH,OTHER_UNRESOLVED,13.6,156.3,False,5,1,False,True,False,True
김수지,8300,3,12,4,3,2,ROUGH,ROUGH,3,GREEN,GREEN,RECOVERY,3.4,13.6,False,5,1,False,True,False,True
김수지,8300,3,13,4,2,1,FAIRWAY,FAIRWAY,3,GREEN,GREEN,NORMAL_APPROACH,9.0,126.9,True,4,0,True,False,False,True
김수지,8300,3,14,4,2,2,ROUGH,ROUGH,12,FRINGE,FRINGE,RECOVERY,20.6,130.6,False,4,0,True,False,False,False
김수지,8300,3,14,4,3,12,FRINGE,FRINGE,3,GREEN,GREEN,SHORT_GAME,2.4,20.6,False,4,0,True,False,False,False
김수지,8300,3,15,4,2,1,FAIRWAY,FAIRWAY,2,ROUGH,ROUGH,OTHER_UNRESOLVED,29.9,172.5,False,4,0,True,False,False,True
김수지,8300,3,15,4,3,2,ROUGH,ROUGH,3,GREEN,GREEN,RECOVERY,8.8,29.9,False,4,0,True,False,False,True
김수지,8300,3,17,4,2,2,ROUGH,ROUGH,12,FRINGE,FRINGE,RECOVERY,24.1,126.7,False,5,1,False,True,False,False
김수지,8300,3,17,4,3,12,FRINGE,FRINGE,3,GREEN,GREEN,SHORT_GAME,1.3,24.1,False,5,1,False,True,False,False
김수지,8300,3,18,5,2,2,ROUGH,ROUGH,1,FAIRWAY,FAIRWAY,RECOVERY,93.6,261.0,True,4,-1,True,False,False,False
김수지,8300,3,18,5,3,1,FAIRWAY,FAIRWAY,3,GREEN,GREEN,NORMAL_APPROACH,2.7,93.6,True,4,-1,True,False,False,False
김수지,8300,4,1,4,2,1,FAIRWAY,FAIRWAY,3,GREEN,GREEN,NORMAL_APPROACH,8.9,156.5,True,5,1,False,True,False,True
김수지,8300,4,3,4,2,1,FAIRWAY,FAIRWAY,3,GREEN,GREEN,NORMAL_APPROACH,19.9,180.2,True,5,1,False,True,False,True
김수지,8300,4,4,5,2,1,FAIRWAY,FAIRWAY,1,FAIRWAY,FAIRWAY,ADVANCE_LAYUP,96.6,283.8,True,5,0,True,False,False,True
김수지,8300,4,4,5,3,1,FAIRWAY,FAIRWAY,3,GREEN,GREEN,NORMAL_APPROACH,6.9,96.6,True,5,0,True,False,False,True
김수지,8300,4,6,4,2,1,FAIRWAY,FAIRWAY,3,GREEN,GREEN,NORMAL_APPROACH,2.5,135.7,True,4,0,True,False,False,True
김수지,8300,4,7,5,2,1,FAIRWAY,FAIRWAY,1,FAIRWAY,FAIRWAY,ADVANCE_LAYUP,82.8,284.6,True,5,0,True,False,False,True
김수지,8300,4,7,5,3,1,FAIRWAY,FAIRWAY,3,GREEN,GREEN,NORMAL_APPROACH,4.0,82.8,True,5,0,True,False,False,True
김수지,8300,4,8,4,2,1,FAIRWAY,FAIRWAY,3,GREEN,GREEN,NORMAL_APPROACH,3.2,114.0,True,4,0,True,False,False,True
김수지,8300,4,9,4,2,1,FAIRWAY,FAIRWAY,3,GREEN,GREEN,NORMAL_APPROACH,2.6,101.2,True,3,-1,True,False,False,True
김수지,8300,4,10,5,2,1,FAIRWAY,FAIRWAY,1,FAIRWAY,FAIRWAY,ADVANCE_LAYUP,108.7,291.8,True,5,0,True,False,False,True
김수지,8300,4,10,5,3,1,FAIRWAY,FAIRWAY,3,GREEN,GREEN,NORMAL_APPROACH,12.8,108.7,True,5,0,True,False,False,True
김수지,8300,4,12,4,2,2,ROUGH,ROUGH,2,ROUGH,ROUGH,RECOVERY,165.2,176.4,False,5,1,False,True,False,False
김수지,8300,4,12,4,3,2,ROUGH,ROUGH,2,ROUGH,ROUGH,RECOVERY,29.5,165.2,False,5,1,False,True,False,False
김수지,8300,4,12,4,4,2,ROUGH,ROUGH,3,GREEN,GREEN,RECOVERY,3.9,29.5,False,5,1,False,True,False,False
김수지,8300,4,13,4,2,1,FAIRWAY,FAIRWAY,3,GREEN,GREEN,NORMAL_APPROACH,3.4,109.0,True,4,0,True,False,False,True
김수지,8300,4,14,4,2,1,FAIRWAY,FAIRWAY,12,FRINGE,FRINGE,NORMAL_APPROACH,13.0,127.3,False,4,0,True,False,False,True
김수지,8300,4,14,4,3,12,FRINGE,FRINGE,3,GREEN,GREEN,SHORT_GAME,0.7,13.0,False,4,0,True,False,False,True
김수지,8300,4,15,4,2,1,FAIRWAY,FAIRWAY,3,GREEN,GREEN,NORMAL_APPROACH,12.9,162.1,True,4,0,True,False,False,True
김수지,8300,4,17,4,2,2,ROUGH,ROUGH,12,FRINGE,FRINGE,RECOVERY,14.1,136.2,False,4,0,True,False,False,False
김수지,8300,4,17,4,3,12,FRINGE,FRINGE,3,GREEN,GREEN,SHORT_GAME,0.8,14.1,False,4,0,True,False,False,False
김수지,8300,4,18,5,2,2,ROUGH,ROUGH,2,ROUGH,ROUGH,RECOVERY,140.9,283.0,False,5,0,True,False,False,False
김수지,8300,4,18,5,3,2,ROUGH,ROUGH,2,ROUGH,ROUGH,RECOVERY,21.9,140.9,False,5,0,True,False,False,False
김수지,8300,4,18,5,4,2,ROUGH,ROUGH,3,GREEN,GREEN,RECOVERY,0.3,21.9,False,5,0,True,False,False,False
박단유,8318,1,1,4,2,2,ROUGH,ROUGH,2,ROUGH,ROUGH,RECOVERY,40.6,202.9,False,4,0,True,False,False,False
박단유,8318,1,1,4,3,2,ROUGH,ROUGH,3,GREEN,GREEN,RECOVERY,3.0,40.6,False,4,0,True,False,False,False
박단유,8318,1,3,4,2,1,FAIRWAY,FAIRWAY,2,ROUGH,ROUGH,OTHER_UNRESOLVED,16.2,183.7,False,5,1,False,True,False,True
박단유,8318,1,3,4,3,2,ROUGH,ROUGH,12,FRINGE,FRINGE,RECOVERY,6.1,16.2,False,5,1,False,True,False,True
박단유,8318,1,3,4,4,12,FRINGE,FRINGE,3,GREEN,GREEN,SHORT_GAME,0.3,6.1,False,5,1,False,True,False,True
박단유,8318,1,4,5,2,1,FAIRWAY,FAIRWAY,2,ROUGH,ROUGH,ADVANCE_LAYUP,110.6,296.4,False,6,1,False,True,False,True
박단유,8318,1,4,5,3,2,ROUGH,ROUGH,2,ROUGH,ROUGH,RECOVERY,10.1,110.6,False,6,1,False,True,False,True
박단유,8318,1,4,5,4,2,ROUGH,ROUGH,3,GREEN,GREEN,RECOVERY,6.1,10.1,False,6,1,False,True,False,True
박단유,8318,1,5,3,2,2,ROUGH,ROUGH,3,GREEN,GREEN,RECOVERY,8.8,19.0,False,5,2,False,True,True,
박단유,8318,1,6,4,2,1,FAIRWAY,FAIRWAY,9,GREENSIDE_BUNKER,GREENSIDE_BUNKER,OTHER_UNRESOLVED,10.9,161.3,False,5,1,False,True,False,True
박단유,8318,1,6,4,3,9,GREENSIDE_BUNKER,GREENSIDE_BUNKER,3,GREEN,GREEN,RECOVERY,10.1,10.9,False,5,1,False,True,False,True
박단유,8318,1,7,5,2,1,FAIRWAY,FAIRWAY,2,ROUGH,ROUGH,ADVANCE_LAYUP,76.8,260.6,False,5,0,True,False,False,True
박단유,8318,1,7,5,3,2,ROUGH,ROUGH,2,ROUGH,ROUGH,RECOVERY,10.8,76.8,False,5,0,True,False,False,True
박단유,8318,1,7,5,4,2,ROUGH,ROUGH,3,GREEN,GREEN,RECOVERY,0.2,10.8,False,5,0,True,False,False,True
박단유,8318,1,8,4,2,1,FAIRWAY,FAIRWAY,2,ROUGH,ROUGH,OTHER_UNRESOLVED,18.2,159.5,False,5,1,False,True,False,True
박단유,8318,1,8,4,3,2,ROUGH,ROUGH,3,GREEN,GREEN,RECOVERY,29.1,18.2,False,5,1,False,True,False,True
박단유,8318,1,9,4,2,1,FAIRWAY,FAIRWAY,3,GREEN,GREEN,NORMAL_APPROACH,14.7,139.5,True,4,0,True,False,False,True
박단유,8318,1,10,5,2,1,FAIRWAY,FAIRWAY,2,ROUGH,ROUGH,ADVANCE_LAYUP,135.7,319.0,False,5,0,True,False,False,True
박단유,8318,1,10,5,3,2,ROUGH,ROUGH,12,FRINGE,FRINGE,RECOVERY,29.7,135.7,False,5,0,True,False,False,True
박단유,8318,1,10,5,4,12,FRINGE,FRINGE,3,GREEN,GREEN,SHORT_GAME,4.8,29.7,False,5,0,True,False,False,True
박단유,8318,1,11,3,2,9,GREENSIDE_BUNKER,GREENSIDE_BUNKER,2,ROUGH,ROUGH,RECOVERY,16.5,18.5,False,4,1,False,True,False,
박단유,8318,1,11,3,3,2,ROUGH,ROUGH,3,GREEN,GREEN,RECOVERY,10.2,16.5,False,4,1,False,True,False,
박단유,8318,1,12,4,2,1,FAIRWAY,FAIRWAY,3,GREEN,GREEN,NORMAL_APPROACH,6.8,146.3,True,4,0,True,False,False,True
박단유,8318,1,13,4,2,2,ROUGH,ROUGH,6,BUNKER,BUNKER,RECOVERY,86.8,107.0,False,5,1,False,True,False,False
박단유,8318,1,13,4,3,6,BUNKER,BUNKER,12,FRINGE,FRINGE,RECOVERY,12.3,86.8,False,5,1,False,True,False,False
박단유,8318,1,13,4,4,12,FRINGE,FRINGE,3,GREEN,GREEN,SHORT_GAME,0.2,12.3,False,5,1,False,True,False,False
박단유,8318,1,14,4,2,1,FAIRWAY,FAIRWAY,3,GREEN,GREEN,NORMAL_APPROACH,16.9,139.8,True,4,0,True,False,False,True
박단유,8318,1,15,4,2,1,FAIRWAY,FAIRWAY,3,GREEN,GREEN,NORMAL_APPROACH,13.7,159.8,True,5,1,False,True,False,True
박단유,8318,1,17,4,2,2,ROUGH,ROUGH,2,ROUGH,ROUGH,RECOVERY,32.5,127.3,False,5,1,False,True,False,False
박단유,8318,1,17,4,3,2,ROUGH,ROUGH,3,GREEN,GREEN,RECOVERY,7.9,32.5,False,5,1,False,True,False,False
박단유,8318,1,18,5,2,2,ROUGH,ROUGH,1,FAIRWAY,FAIRWAY,RECOVERY,209.4,297.7,True,5,0,True,False,False,False
박단유,8318,1,18,5,3,1,FAIRWAY,FAIRWAY,3,GREEN,GREEN,NORMAL_APPROACH,9.5,209.4,True,5,0,True,False,False,False
박단유,8318,2,1,4,2,2,ROUGH,ROUGH,3,GREEN,GREEN,RECOVERY,16.7,150.9,True,4,0,True,False,False,False
박단유,8318,2,3,4,2,1,FAIRWAY,FAIRWAY,3,GREEN,GREEN,NORMAL_APPROACH,9.8,185.7,True,4,0,True,False,False,True
박단유,8318,2,4,5,2,2,ROUGH,ROUGH,1,FAIRWAY,FAIRWAY,RECOVERY,141.1,300.8,True,5,0,True,False,False,False
박단유,8318,2,4,5,3,1,FAIRWAY,FAIRWAY,3,GREEN,GREEN,NORMAL_APPROACH,7.6,141.1,True,5,0,True,False,False,False
박단유,8318,2,6,4,2,2,ROUGH,ROUGH,2,ROUGH,ROUGH,RECOVERY,8.3,156.2,False,4,0,True,False,False,False
박단유,8318,2,6,4,3,2,ROUGH,ROUGH,3,GREEN,GREEN,RECOVERY,0.4,8.3,False,4,0,True,False,False,False
박단유,8318,2,7,5,2,1,FAIRWAY,FAIRWAY,1,FAIRWAY,FAIRWAY,ADVANCE_LAYUP,94.8,277.2,True,5,0,True,False,False,True
박단유,8318,2,7,5,3,1,FAIRWAY,FAIRWAY,3,GREEN,GREEN,NORMAL_APPROACH,6.8,94.8,True,5,0,True,False,False,True
박단유,8318,2,8,4,2,1,FAIRWAY,FAIRWAY,3,GREEN,GREEN,NORMAL_APPROACH,13.7,122.0,True,4,0,True,False,False,True
박단유,8318,2,9,4,2,2,ROUGH,ROUGH,2,ROUGH,ROUGH,RECOVERY,31.0,128.6,False,5,1,False,True,False,False
박단유,8318,2,9,4,3,2,ROUGH,ROUGH,3,GREEN,GREEN,RECOVERY,7.3,31.0,False,5,1,False,True,False,False
박단유,8318,2,10,5,2,1,FAIRWAY,FAIRWAY,2,ROUGH,ROUGH,ADVANCE_LAYUP,168.9,320.9,False,7,2,False,True,True,True
박단유,8318,2,10,5,3,2,ROUGH,ROUGH,5,PENALTY_AREA,PENALTY_AREA,RECOVERY,0.0,168.9,False,7,2,False,True,True,True
박단유,8318,2,10,5,4,5,PENALTY_AREA,PENALTY_AREA,8,PENALTY_STROKE,LOST_BALL_PENALTY_RESTART,PENALTY_RESTART,37.2,0.0,False,7,2,False,True,True,True
박단유,8318,2,10,5,5,8,PENALTY_STROKE,LOST_BALL_PENALTY_RESTART,12,FRINGE,FRINGE,PENALTY_RESTART,3.9,37.2,False,7,2,False,True,True,True
박단유,8318,2,10,5,6,12,FRINGE,FRINGE,3,GREEN,GREEN,SHORT_GAME,0.2,3.9,False,7,2,False,True,True,True
박단유,8318,2,11,3,2,2,ROUGH,ROUGH,3,GREEN,GREEN,RECOVERY,6.3,15.9,False,4,1,False,True,False,
박단유,8318,2,12,4,2,1,FAIRWAY,FAIRWAY,3,GREEN,GREEN,NORMAL_APPROACH,12.9,146.4,True,5,1,False,True,False,True
박단유,8318,2,13,4,2,1,FAIRWAY,FAIRWAY,3,GREEN,GREEN,NORMAL_APPROACH,6.7,134.3,True,4,0,True,False,False,True
박단유,8318,2,14,4,2,2,ROUGH,ROUGH,2,ROUGH,ROUGH,RECOVERY,44.1,144.0,False,5,1,False,True,False,False
박단유,8318,2,14,4,3,2,ROUGH,ROUGH,12,FRINGE,FRINGE,RECOVERY,6.1,44.1,False,5,1,False,True,False,False
박단유,8318,2,14,4,4,12,FRINGE,FRINGE,3,GREEN,GREEN,SHORT_GAME,0.5,6.1,False,5,1,False,True,False,False
박단유,8318,2,15,4,2,2,ROUGH,ROUGH,2,ROUGH,ROUGH,RECOVERY,12.5,161.3,False,5,1,False,True,False,False
박단유,8318,2,15,4,3,2,ROUGH,ROUGH,3,GREEN,GREEN,RECOVERY,1.5,12.5,False,5,1,False,True,False,False
박단유,8318,2,17,4,2,1,FAIRWAY,FAIRWAY,9,GREENSIDE_BUNKER,GREENSIDE_BUNKER,OTHER_UNRESOLVED,29.1,141.4,False,4,0,True,False,False,True
박단유,8318,2,17,4,3,9,GREENSIDE_BUNKER,GREENSIDE_BUNKER,3,GREEN,GREEN,RECOVERY,1.1,29.1,False,4,0,True,False,False,True
박단유,8318,2,18,5,2,1,FAIRWAY,FAIRWAY,1,FAIRWAY,FAIRWAY,ADVANCE_LAYUP,97.9,267.6,True,5,0,True,False,False,True
박단유,8318,2,18,5,3,1,FAIRWAY,FAIRWAY,3,GREEN,GREEN,NORMAL_APPROACH,7.6,97.9,True,5,0,True,False,False,True
김새로미,8380,1,1,4,2,2,ROUGH,ROUGH,9,GREENSIDE_BUNKER,GREENSIDE_BUNKER,RECOVERY,32.5,175.5,False,5,1,False,True,False,False
김새로미,8380,1,1,4,3,9,GREENSIDE_BUNKER,GREENSIDE_BUNKER,3,GREEN,GREEN,RECOVERY,3.9,32.5,False,5,1,False,True,False,False
김새로미,8380,1,3,4,2,2,ROUGH,ROUGH,9,GREENSIDE_BUNKER,GREENSIDE_BUNKER,RECOVERY,24.7,188.6,False,4,0,True,False,False,False
김새로미,8380,1,3,4,3,9,GREENSIDE_BUNKER,GREENSIDE_BUNKER,3,GREEN,GREEN,RECOVERY,1.0,24.7,False,4,0,True,False,False,False
김새로미,8380,1,4,5,2,1,FAIRWAY,FAIRWAY,2,ROUGH,ROUGH,ADVANCE_LAYUP,119.2,294.2,True,5,0,True,False,False,True
김새로미,8380,1,4,5,3,2,ROUGH,ROUGH,3,GREEN,GREEN,RECOVERY,9.2,119.2,True,5,0,True,False,False,True
김새로미,8380,1,6,4,2,1,FAIRWAY,FAIRWAY,9,GREENSIDE_BUNKER,GREENSIDE_BUNKER,OTHER_UNRESOLVED,12.7,163.8,False,5,1,False,True,False,True
김새로미,8380,1,6,4,3,9,GREENSIDE_BUNKER,GREENSIDE_BUNKER,3,GREEN,GREEN,RECOVERY,3.0,12.7,False,5,1,False,True,False,True
김새로미,8380,1,7,5,2,1,FAIRWAY,FAIRWAY,1,FAIRWAY,FAIRWAY,ADVANCE_LAYUP,86.4,278.6,True,4,-1,True,False,False,True
김새로미,8380,1,7,5,3,1,FAIRWAY,FAIRWAY,3,GREEN,GREEN,NORMAL_APPROACH,5.0,86.4,True,4,-1,True,False,False,True
김새로미,8380,1,8,4,2,2,ROUGH,ROUGH,2,ROUGH,ROUGH,RECOVERY,8.3,176.1,False,5,1,False,True,False,False
김새로미,8380,1,8,4,3,2,ROUGH,ROUGH,3,GREEN,GREEN,RECOVERY,2.3,8.3,False,5,1,False,True,False,False
김새로미,8380,1,9,4,2,2,ROUGH,ROUGH,3,GREEN,GREEN,RECOVERY,14.9,125.7,True,4,0,True,False,False,False
김새로미,8380,1,10,5,2,2,ROUGH,ROUGH,1,FAIRWAY,FAIRWAY,RECOVERY,128.8,318.3,True,5,0,True,False,False,False
김새로미,8380,1,10,5,3,1,FAIRWAY,FAIRWAY,3,GREEN,GREEN,NORMAL_APPROACH,9.8,128.8,True,5,0,True,False,False,False
김새로미,8380,1,11,3,2,2,ROUGH,ROUGH,3,GREEN,GREEN,RECOVERY,2.7,17.5,False,4,1,False,True,False,
김새로미,8380,1,12,4,2,2,ROUGH,ROUGH,2,ROUGH,ROUGH,RECOVERY,30.0,149.5,False,5,1,False,True,False,False
김새로미,8380,1,12,4,3,2,ROUGH,ROUGH,2,ROUGH,ROUGH,RECOVERY,9.0,30.0,False,5,1,False,True,False,False
김새로미,8380,1,12,4,4,2,ROUGH,ROUGH,3,GREEN,GREEN,RECOVERY,0.8,9.0,False,5,1,False,True,False,False
김새로미,8380,1,13,4,2,1,FAIRWAY,FAIRWAY,12,FRINGE,FRINGE,NORMAL_APPROACH,23.6,125.7,False,4,0,True,False,False,True
김새로미,8380,1,13,4,3,12,FRINGE,FRINGE,3,GREEN,GREEN,SHORT_GAME,2.2,23.6,False,4,0,True,False,False,True
김새로미,8380,1,14,4,2,1,FAIRWAY,FAIRWAY,3,GREEN,GREEN,NORMAL_APPROACH,4.9,130.0,True,4,0,True,False,False,True
김새로미,8380,1,15,4,2,2,ROUGH,ROUGH,3,GREEN,GREEN,RECOVERY,3.1,122.9,True,4,0,True,False,False,False
김새로미,8380,1,17,4,2,1,FAIRWAY,FAIRWAY,3,GREEN,GREEN,NORMAL_APPROACH,12.1,135.0,True,4,0,True,False,False,True
김새로미,8380,1,18,5,2,2,ROUGH,ROUGH,2,ROUGH,ROUGH,RECOVERY,260.8,282.3,False,6,1,False,True,False,False
김새로미,8380,1,18,5,3,2,ROUGH,ROUGH,1,FAIRWAY,FAIRWAY,RECOVERY,107.0,260.8,False,6,1,False,True,False,False
김새로미,8380,1,18,5,4,1,FAIRWAY,FAIRWAY,3,GREEN,GREEN,NORMAL_APPROACH,1.6,107.0,False,6,1,False,True,False,False
김새로미,8380,2,1,4,2,2,ROUGH,ROUGH,2,ROUGH,ROUGH,RECOVERY,30.3,171.7,False,4,0,True,False,False,False
김새로미,8380,2,1,4,3,2,ROUGH,ROUGH,3,GREEN,GREEN,RECOVERY,2.1,30.3,False,4,0,True,False,False,False
김새로미,8380,2,3,4,2,1,FAIRWAY,FAIRWAY,3,GREEN,GREEN,NORMAL_APPROACH,17.5,193.2,True,4,0,True,False,False,True
김새로미,8380,2,4,5,2,2,ROUGH,ROUGH,1,FAIRWAY,FAIRWAY,RECOVERY,118.6,301.2,True,5,0,True,False,False,False
김새로미,8380,2,4,5,3,1,FAIRWAY,FAIRWAY,3,GREEN,GREEN,NORMAL_APPROACH,4.6,118.6,True,5,0,True,False,False,False
김새로미,8380,2,6,4,2,2,ROUGH,ROUGH,2,ROUGH,ROUGH,RECOVERY,18.1,142.1,False,4,0,True,False,False,False
김새로미,8380,2,6,4,3,2,ROUGH,ROUGH,3,GREEN,GREEN,RECOVERY,0.3,18.1,False,4,0,True,False,False,False
김새로미,8380,2,7,5,2,1,FAIRWAY,FAIRWAY,2,ROUGH,ROUGH,ADVANCE_LAYUP,87.3,268.9,True,4,-1,True,False,False,True
김새로미,8380,2,7,5,3,2,ROUGH,ROUGH,3,GREEN,GREEN,RECOVERY,1.7,87.3,True,4,-1,True,False,False,True
김새로미,8380,2,8,4,2,2,ROUGH,ROUGH,1,FAIRWAY,FAIRWAY,RECOVERY,100.8,130.6,False,5,1,False,True,False,False
김새로미,8380,2,8,4,3,1,FAIRWAY,FAIRWAY,3,GREEN,GREEN,NORMAL_APPROACH,9.8,100.8,False,5,1,False,True,False,False
김새로미,8380,2,9,4,2,2,ROUGH,ROUGH,2,ROUGH,ROUGH,RECOVERY,28.6,148.0,False,5,1,False,True,False,False
김새로미,8380,2,9,4,3,2,ROUGH,ROUGH,3,GREEN,GREEN,RECOVERY,6.6,28.6,False,5,1,False,True,False,False
김새로미,8380,2,10,5,2,2,ROUGH,ROUGH,1,FAIRWAY,FAIRWAY,RECOVERY,187.7,323.6,True,6,1,False,True,False,False
김새로미,8380,2,10,5,3,1,FAIRWAY,FAIRWAY,3,GREEN,GREEN,NORMAL_APPROACH,14.7,187.7,True,6,1,False,True,False,False
김새로미,8380,2,10,5,5,12,FRINGE,FRINGE,3,GREEN,GREEN,SHORT_GAME,0.9,5.6,True,6,1,False,True,False,False
김새로미,8380,2,12,4,2,1,FAIRWAY,FAIRWAY,3,GREEN,GREEN,NORMAL_APPROACH,10.9,167.3,True,5,1,False,True,False,True
김새로미,8380,2,13,4,2,1,FAIRWAY,FAIRWAY,3,GREEN,GREEN,NORMAL_APPROACH,6.5,109.2,True,4,0,True,False,False,True
김새로미,8380,2,14,4,2,1,FAIRWAY,FAIRWAY,3,GREEN,GREEN,NORMAL_APPROACH,1.0,168.0,True,3,-1,True,False,False,True
김새로미,8380,2,15,4,2,1,FAIRWAY,FAIRWAY,3,GREEN,GREEN,NORMAL_APPROACH,6.8,149.1,True,4,0,True,False,False,True
김새로미,8380,2,17,4,2,1,FAIRWAY,FAIRWAY,3,GREEN,GREEN,NORMAL_APPROACH,11.3,148.5,True,4,0,True,False,False,True
김새로미,8380,2,18,5,2,1,FAIRWAY,FAIRWAY,1,FAIRWAY,FAIRWAY,ADVANCE_LAYUP,85.7,261.2,True,4,-1,True,False,False,True
김새로미,8380,2,18,5,3,1,FAIRWAY,FAIRWAY,3,GREEN,GREEN,NORMAL_APPROACH,3.2,85.7,True,4,-1,True,False,False,True
김새로미,8380,3,1,4,2,1,FAIRWAY,FAIRWAY,2,ROUGH,ROUGH,OTHER_UNRESOLVED,14.8,171.8,False,6,2,False,True,True,True
김새로미,8380,3,1,4,3,2,ROUGH,ROUGH,12,FRINGE,FRINGE,RECOVERY,9.9,14.8,False,6,2,False,True,True,True
김새로미,8380,3,1,4,4,12,FRINGE,FRINGE,3,GREEN,GREEN,SHORT_GAME,3.4,9.9,False,6,2,False,True,True,True
김새로미,8380,3,2,3,2,2,ROUGH,ROUGH,3,GREEN,GREEN,RECOVERY,3.4,9.2,False,3,0,True,False,False,
김새로미,8380,3,3,4,2,1,FAIRWAY,FAIRWAY,3,GREEN,GREEN,NORMAL_APPROACH,7.5,193.5,True,4,0,True,False,False,True
김새로미,8380,3,4,5,2,1,FAIRWAY,FAIRWAY,1,FAIRWAY,FAIRWAY,ADVANCE_LAYUP,109.6,309.1,True,5,0,True,False,False,True
김새로미,8380,3,4,5,3,1,FAIRWAY,FAIRWAY,3,GREEN,GREEN,NORMAL_APPROACH,6.4,109.6,True,5,0,True,False,False,True
김새로미,8380,3,6,4,2,1,FAIRWAY,FAIRWAY,3,GREEN,GREEN,NORMAL_APPROACH,1.1,166.7,True,3,-1,True,False,False,True
김새로미,8380,3,7,5,2,1,FAIRWAY,FAIRWAY,2,ROUGH,ROUGH,ADVANCE_LAYUP,88.4,301.9,True,5,0,True,False,False,True
김새로미,8380,3,7,5,3,2,ROUGH,ROUGH,3,GREEN,GREEN,RECOVERY,5.3,88.4,True,5,0,True,False,False,True
김새로미,8380,3,8,4,2,2,ROUGH,ROUGH,2,ROUGH,ROUGH,RECOVERY,29.1,136.0,False,5,1,False,True,False,False
김새로미,8380,3,8,4,3,2,ROUGH,ROUGH,12,FRINGE,FRINGE,RECOVERY,4.9,29.1,False,5,1,False,True,False,False
김새로미,8380,3,8,4,4,12,FRINGE,FRINGE,3,GREEN,GREEN,SHORT_GAME,0.4,4.9,False,5,1,False,True,False,False
김새로미,8380,3,9,4,2,2,ROUGH,ROUGH,2,ROUGH,ROUGH,RECOVERY,37.8,83.6,False,5,1,False,True,False,False
김새로미,8380,3,9,4,3,2,ROUGH,ROUGH,2,ROUGH,ROUGH,RECOVERY,15.9,37.8,False,5,1,False,True,False,False
김새로미,8380,3,9,4,4,2,ROUGH,ROUGH,3,GREEN,GREEN,RECOVERY,1.6,15.9,False,5,1,False,True,False,False
김새로미,8380,3,10,5,2,1,FAIRWAY,FAIRWAY,1,FAIRWAY,FAIRWAY,ADVANCE_LAYUP,133.0,309.4,False,5,0,True,False,False,True
김새로미,8380,3,10,5,3,1,FAIRWAY,FAIRWAY,12,FRINGE,FRINGE,NORMAL_APPROACH,11.6,133.0,False,5,0,True,False,False,True
김새로미,8380,3,10,5,4,12,FRINGE,FRINGE,3,GREEN,GREEN,SHORT_GAME,0.5,11.6,False,5,0,True,False,False,True
김새로미,8380,3,12,4,2,2,ROUGH,ROUGH,2,ROUGH,ROUGH,RECOVERY,33.7,163.0,False,5,1,False,True,False,False
김새로미,8380,3,12,4,3,2,ROUGH,ROUGH,3,GREEN,GREEN,RECOVERY,7.9,33.7,False,5,1,False,True,False,False
김새로미,8380,3,13,4,2,2,ROUGH,ROUGH,2,ROUGH,ROUGH,RECOVERY,14.9,120.0,False,4,0,True,False,False,False
김새로미,8380,3,13,4,3,2,ROUGH,ROUGH,3,GREEN,GREEN,RECOVERY,3.6,14.9,False,4,0,True,False,False,False
김새로미,8380,3,14,4,2,1,FAIRWAY,FAIRWAY,3,GREEN,GREEN,NORMAL_APPROACH,9.3,142.8,True,4,0,True,False,False,True
김새로미,8380,3,15,4,2,1,FAIRWAY,FAIRWAY,12,FRINGE,FRINGE,NORMAL_APPROACH,14.5,179.3,False,4,0,True,False,False,True
김새로미,8380,3,15,4,3,12,FRINGE,FRINGE,3,GREEN,GREEN,SHORT_GAME,0.4,14.5,False,4,0,True,False,False,True
김새로미,8380,3,16,3,2,5,PENALTY_AREA,PENALTY_AREA,8,PENALTY_STROKE,LOST_BALL_PENALTY_RESTART,PENALTY_RESTART,122.1,0.0,False,4,1,False,True,False,
김새로미,8380,3,16,3,3,8,PENALTY_STROKE,LOST_BALL_PENALTY_RESTART,3,GREEN,GREEN,PENALTY_RESTART,2.5,122.1,False,4,1,False,True,False,
김새로미,8380,3,17,4,2,1,FAIRWAY,FAIRWAY,3,GREEN,GREEN,NORMAL_APPROACH,2.6,132.1,True,3,-1,True,False,False,True
김새로미,8380,3,18,5,2,1,FAIRWAY,FAIRWAY,2,ROUGH,ROUGH,ADVANCE_LAYUP,127.9,274.0,True,5,0,True,False,False,True
김새로미,8380,3,18,5,3,2,ROUGH,ROUGH,3,GREEN,GREEN,RECOVERY,11.2,127.9,True,5,0,True,False,False,True
김새로미,8380,4,1,4,2,2,ROUGH,ROUGH,2,ROUGH,ROUGH,RECOVERY,30.8,179.4,False,5,1,False,True,False,False
김새로미,8380,4,1,4,3,2,ROUGH,ROUGH,3,GREEN,GREEN,RECOVERY,7.5,30.8,False,5,1,False,True,False,False
김새로미,8380,4,2,3,2,5,PENALTY_AREA,PENALTY_AREA,8,PENALTY_STROKE,LOST_BALL_PENALTY_RESTART,PENALTY_RESTART,120.7,0.0,False,5,2,False,True,True,
김새로미,8380,4,2,3,3,8,PENALTY_STROKE,LOST_BALL_PENALTY_RESTART,3,GREEN,GREEN,PENALTY_RESTART,5.4,120.7,False,5,2,False,True,True,
김새로미,8380,4,3,4,2,1,FAIRWAY,FAIRWAY,3,GREEN,GREEN,NORMAL_APPROACH,17.3,179.3,True,4,0,True,False,False,True
김새로미,8380,4,4,5,2,1,FAIRWAY,FAIRWAY,2,ROUGH,ROUGH,ADVANCE_LAYUP,116.5,292.9,True,5,0,True,False,False,True
김새로미,8380,4,4,5,3,2,ROUGH,ROUGH,3,GREEN,GREEN,RECOVERY,8.7,116.5,True,5,0,True,False,False,True
김새로미,8380,4,6,4,2,2,ROUGH,ROUGH,3,GREEN,GREEN,RECOVERY,14.9,141.3,True,4,0,True,False,False,False
김새로미,8380,4,7,5,2,2,ROUGH,ROUGH,2,ROUGH,ROUGH,RECOVERY,119.2,289.6,True,5,0,True,False,False,False
김새로미,8380,4,7,5,3,2,ROUGH,ROUGH,3,GREEN,GREEN,RECOVERY,10.3,119.2,True,5,0,True,False,False,False
김새로미,8380,4,8,4,2,1,FAIRWAY,FAIRWAY,3,GREEN,GREEN,NORMAL_APPROACH,4.8,142.0,True,4,0,True,False,False,True
김새로미,8380,4,9,4,2,1,FAIRWAY,FAIRWAY,3,GREEN,GREEN,NORMAL_APPROACH,7.8,102.0,True,4,0,True,False,False,True
김새로미,8380,4,10,5,2,2,ROUGH,ROUGH,2,ROUGH,ROUGH,RECOVERY,145.4,311.1,True,6,1,False,True,False,False
김새로미,8380,4,10,5,3,2,ROUGH,ROUGH,3,GREEN,GREEN,RECOVERY,12.5,145.4,True,6,1,False,True,False,False
김새로미,8380,4,11,3,2,2,ROUGH,ROUGH,12,FRINGE,FRINGE,RECOVERY,9.0,30.4,False,4,1,False,True,False,
김새로미,8380,4,11,3,3,12,FRINGE,FRINGE,3,GREEN,GREEN,SHORT_GAME,1.3,9.0,False,4,1,False,True,False,
김새로미,8380,4,12,4,2,2,ROUGH,ROUGH,2,ROUGH,ROUGH,RECOVERY,11.3,137.1,False,4,0,True,False,False,False
김새로미,8380,4,12,4,3,2,ROUGH,ROUGH,3,GREEN,GREEN,RECOVERY,0.4,11.3,False,4,0,True,False,False,False
김새로미,8380,4,13,4,2,1,FAIRWAY,FAIRWAY,3,GREEN,GREEN,NORMAL_APPROACH,1.8,118.3,True,4,0,True,False,False,True
김새로미,8380,4,14,4,2,1,FAIRWAY,FAIRWAY,12,FRINGE,FRINGE,NORMAL_APPROACH,12.2,150.8,False,4,0,True,False,False,True
김새로미,8380,4,14,4,3,12,FRINGE,FRINGE,3,GREEN,GREEN,SHORT_GAME,0.8,12.2,False,4,0,True,False,False,True
김새로미,8380,4,15,4,2,2,ROUGH,ROUGH,5,PENALTY_AREA,PENALTY_AREA,RECOVERY,0.0,156.6,False,6,2,False,True,True,False
김새로미,8380,4,15,4,3,5,PENALTY_AREA,PENALTY_AREA,8,PENALTY_STROKE,LOST_BALL_PENALTY_RESTART,PENALTY_RESTART,25.4,0.0,False,6,2,False,True,True,False
김새로미,8380,4,15,4,4,8,PENALTY_STROKE,LOST_BALL_PENALTY_RESTART,3,GREEN,GREEN,PENALTY_RESTART,6.3,25.4,False,6,2,False,True,True,False
김새로미,8380,4,17,4,2,1,FAIRWAY,FAIRWAY,3,GREEN,GREEN,NORMAL_APPROACH,7.6,132.4,True,3,-1,True,False,False,True
김새로미,8380,4,18,5,2,2,ROUGH,ROUGH,2,ROUGH,ROUGH,RECOVERY,115.8,294.1,False,6,1,False,True,False,False
김새로미,8380,4,18,5,3,2,ROUGH,ROUGH,12,FRINGE,FRINGE,RECOVERY,14.4,115.8,False,6,1,False,True,False,False
김새로미,8380,4,18,5,4,12,FRINGE,FRINGE,3,GREEN,GREEN,SHORT_GAME,2.3,14.4,False,6,1,False,True,False,False
성은정,8386,1,1,4,2,2,ROUGH,ROUGH,2,ROUGH,ROUGH,RECOVERY,107.3,208.4,False,5,1,False,True,False,False
성은정,8386,1,1,4,3,2,ROUGH,ROUGH,2,ROUGH,ROUGH,RECOVERY,7.2,107.3,False,5,1,False,True,False,False
성은정,8386,1,1,4,4,2,ROUGH,ROUGH,3,GREEN,GREEN,RECOVERY,0.3,7.2,False,5,1,False,True,False,False
성은정,8386,1,3,4,2,2,ROUGH,ROUGH,12,FRINGE,FRINGE,RECOVERY,12.8,180.7,False,4,0,True,False,False,False
성은정,8386,1,3,4,3,12,FRINGE,FRINGE,3,GREEN,GREEN,SHORT_GAME,1.5,12.8,False,4,0,True,False,False,False
성은정,8386,1,4,5,2,2,ROUGH,ROUGH,2,ROUGH,ROUGH,RECOVERY,108.3,297.9,False,5,0,True,False,False,False
성은정,8386,1,4,5,3,2,ROUGH,ROUGH,2,ROUGH,ROUGH,RECOVERY,34.9,108.3,False,5,0,True,False,False,False
성은정,8386,1,4,5,4,2,ROUGH,ROUGH,3,GREEN,GREEN,RECOVERY,3.6,34.9,False,5,0,True,False,False,False
성은정,8386,1,5,3,2,2,ROUGH,ROUGH,3,GREEN,GREEN,RECOVERY,4.0,20.8,False,4,1,False,True,False,
성은정,8386,1,6,4,2,1,FAIRWAY,FAIRWAY,5,PENALTY_AREA,PENALTY_AREA,OTHER_UNRESOLVED,0.0,149.3,False,7,3,False,True,True,True
성은정,8386,1,6,4,3,5,PENALTY_AREA,PENALTY_AREA,8,PENALTY_STROKE,LOST_BALL_PENALTY_RESTART,PENALTY_RESTART,22.4,0.0,False,7,3,False,True,True,True
성은정,8386,1,6,4,4,8,PENALTY_STROKE,LOST_BALL_PENALTY_RESTART,2,ROUGH,ROUGH,PENALTY_RESTART,17.5,22.4,False,7,3,False,True,True,True
성은정,8386,1,6,4,5,2,ROUGH,ROUGH,3,GREEN,GREEN,RECOVERY,8.8,17.5,False,7,3,False,True,True,True
성은정,8386,1,7,5,2,2,ROUGH,ROUGH,1,FAIRWAY,FAIRWAY,RECOVERY,133.1,272.0,True,4,-1,True,False,False,False
성은정,8386,1,7,5,3,1,FAIRWAY,FAIRWAY,3,GREEN,GREEN,NORMAL_APPROACH,3.4,133.1,True,4,-1,True,False,False,False
성은정,8386,1,8,4,2,1,FAIRWAY,FAIRWAY,3,GREEN,GREEN,NORMAL_APPROACH,1.5,164.8,True,4,0,True,False,False,True
성은정,8386,1,9,4,2,1,FAIRWAY,FAIRWAY,2,ROUGH,ROUGH,OTHER_UNRESOLVED,10.2,106.8,False,6,2,False,True,True,True
성은정,8386,1,9,4,3,2,ROUGH,ROUGH,3,GREEN,GREEN,RECOVERY,11.9,10.2,False,6,2,False,True,True,True
성은정,8386,1,10,5,2,2,ROUGH,ROUGH,1,FAIRWAY,FAIRWAY,RECOVERY,246.4,362.2,False,5,0,True,False,False,False
성은정,8386,1,10,5,3,1,FAIRWAY,FAIRWAY,2,ROUGH,ROUGH,ADVANCE_LAYUP,46.7,246.4,False,5,0,True,False,False,False
성은정,8386,1,10,5,4,2,ROUGH,ROUGH,3,GREEN,GREEN,RECOVERY,2.1,46.7,False,5,0,True,False,False,False
성은정,8386,1,12,4,2,1,FAIRWAY,FAIRWAY,2,ROUGH,ROUGH,OTHER_UNRESOLVED,10.6,195.0,False,5,1,False,True,False,True
성은정,8386,1,12,4,3,2,ROUGH,ROUGH,3,GREEN,GREEN,RECOVERY,2.9,10.6,False,5,1,False,True,False,True
성은정,8386,1,13,4,2,1,FAIRWAY,FAIRWAY,3,GREEN,GREEN,NORMAL_APPROACH,8.4,100.8,True,4,0,True,False,False,True
성은정,8386,1,14,4,2,1,FAIRWAY,FAIRWAY,2,ROUGH,ROUGH,OTHER_UNRESOLVED,14.4,137.0,False,4,0,True,False,False,True
성은정,8386,1,14,4,3,2,ROUGH,ROUGH,3,GREEN,GREEN,RECOVERY,2.7,14.4,False,4,0,True,False,False,True
성은정,8386,1,15,4,2,1,FAIRWAY,FAIRWAY,3,GREEN,GREEN,NORMAL_APPROACH,5.3,148.0,True,3,-1,True,False,False,True
성은정,8386,1,16,3,2,5,PENALTY_AREA,PENALTY_AREA,8,PENALTY_STROKE,LOST_BALL_PENALTY_RESTART,PENALTY_RESTART,113.7,0.0,False,5,2,False,True,True,
성은정,8386,1,16,3,3,8,PENALTY_STROKE,LOST_BALL_PENALTY_RESTART,3,GREEN,GREEN,PENALTY_RESTART,5.3,113.7,False,5,2,False,True,True,
성은정,8386,1,17,4,2,1,FAIRWAY,FAIRWAY,3,GREEN,GREEN,NORMAL_APPROACH,8.5,115.1,True,4,0,True,False,False,True
성은정,8386,1,18,5,2,2,ROUGH,ROUGH,2,ROUGH,ROUGH,RECOVERY,122.3,287.3,True,4,-1,True,False,False,False
성은정,8386,1,18,5,3,2,ROUGH,ROUGH,3,GREEN,GREEN,RECOVERY,3.0,122.3,True,4,-1,True,False,False,False
성은정,8386,2,1,4,2,1,FAIRWAY,FAIRWAY,9,GREENSIDE_BUNKER,GREENSIDE_BUNKER,OTHER_UNRESOLVED,10.8,145.4,False,4,0,True,False,False,True
성은정,8386,2,1,4,3,9,GREENSIDE_BUNKER,GREENSIDE_BUNKER,3,GREEN,GREEN,RECOVERY,1.3,10.8,False,4,0,True,False,False,True
성은정,8386,2,3,4,2,1,FAIRWAY,FAIRWAY,2,ROUGH,ROUGH,OTHER_UNRESOLVED,50.1,222.6,False,6,2,False,True,True,True
성은정,8386,2,3,4,3,2,ROUGH,ROUGH,9,GREENSIDE_BUNKER,GREENSIDE_BUNKER,RECOVERY,25.2,50.1,False,6,2,False,True,True,True
성은정,8386,2,3,4,4,9,GREENSIDE_BUNKER,GREENSIDE_BUNKER,3,GREEN,GREEN,RECOVERY,2.4,25.2,False,6,2,False,True,True,True
성은정,8386,2,4,5,2,1,FAIRWAY,FAIRWAY,2,ROUGH,ROUGH,ADVANCE_LAYUP,76.5,286.5,False,6,1,False,True,False,True
성은정,8386,2,4,5,3,2,ROUGH,ROUGH,9,GREENSIDE_BUNKER,GREENSIDE_BUNKER,RECOVERY,30.8,76.5,False,6,1,False,True,False,True
성은정,8386,2,4,5,4,9,GREENSIDE_BUNKER,GREENSIDE_BUNKER,12,FRINGE,FRINGE,RECOVERY,7.8,30.8,False,6,1,False,True,False,True
성은정,8386,2,4,5,5,12,FRINGE,FRINGE,3,GREEN,GREEN,SHORT_GAME,1.4,7.8,False,6,1,False,True,False,True
성은정,8386,2,6,4,2,2,ROUGH,ROUGH,3,GREEN,GREEN,RECOVERY,10.7,156.7,True,4,0,True,False,False,False
성은정,8386,2,7,5,2,6,BUNKER,BUNKER,1,FAIRWAY,FAIRWAY,RECOVERY,268.5,281.4,False,5,0,True,False,False,False
성은정,8386,2,7,5,3,1,FAIRWAY,FAIRWAY,2,ROUGH,ROUGH,ADVANCE_LAYUP,34.7,268.5,False,5,0,True,False,False,False
성은정,8386,2,7,5,4,2,ROUGH,ROUGH,3,GREEN,GREEN,RECOVERY,4.0,34.7,False,5,0,True,False,False,False
성은정,8386,2,8,4,2,1,FAIRWAY,FAIRWAY,3,GREEN,GREEN,NORMAL_APPROACH,12.7,148.1,True,5,1,False,True,False,True
성은정,8386,2,9,4,2,1,FAIRWAY,FAIRWAY,3,GREEN,GREEN,NORMAL_APPROACH,7.6,122.6,True,3,-1,True,False,False,True
성은정,8386,2,10,5,2,2,ROUGH,ROUGH,1,FAIRWAY,FAIRWAY,RECOVERY,129.9,321.9,True,5,0,True,False,False,False
성은정,8386,2,10,5,3,1,FAIRWAY,FAIRWAY,3,GREEN,GREEN,NORMAL_APPROACH,6.2,129.9,True,5,0,True,False,False,False
성은정,8386,2,11,3,2,12,FRINGE,FRINGE,3,GREEN,GREEN,SHORT_GAME,0.7,8.3,False,3,0,True,False,False,
성은정,8386,2,12,4,2,2,ROUGH,ROUGH,2,ROUGH,ROUGH,RECOVERY,205.8,233.4,False,5,1,False,True,False,False
성은정,8386,2,12,4,3,2,ROUGH,ROUGH,2,ROUGH,ROUGH,RECOVERY,34.4,205.8,False,5,1,False,True,False,False
성은정,8386,2,12,4,4,2,ROUGH,ROUGH,3,GREEN,GREEN,RECOVERY,2.9,34.4,False,5,1,False,True,False,False
성은정,8386,2,13,4,2,6,BUNKER,BUNKER,2,ROUGH,ROUGH,RECOVERY,29.9,101.7,False,5,1,False,True,False,False
성은정,8386,2,13,4,3,2,ROUGH,ROUGH,3,GREEN,GREEN,RECOVERY,3.0,29.9,False,5,1,False,True,False,False
성은정,8386,2,14,4,2,2,ROUGH,ROUGH,12,FRINGE,FRINGE,RECOVERY,5.9,161.4,False,4,0,True,False,False,False
성은정,8386,2,14,4,3,12,FRINGE,FRINGE,3,GREEN,GREEN,SHORT_GAME,1.1,5.9,False,4,0,True,False,False,False
성은정,8386,2,15,4,2,1,FAIRWAY,FAIRWAY,3,GREEN,GREEN,NORMAL_APPROACH,3.4,140.1,True,4,0,True,False,False,True
성은정,8386,2,17,4,2,2,ROUGH,ROUGH,2,ROUGH,ROUGH,RECOVERY,17.4,144.3,False,4,0,True,False,False,False
성은정,8386,2,17,4,3,2,ROUGH,ROUGH,3,GREEN,GREEN,RECOVERY,0.3,17.4,False,4,0,True,False,False,False
성은정,8386,2,18,5,2,2,ROUGH,ROUGH,2,ROUGH,ROUGH,RECOVERY,120.3,266.3,True,5,0,True,False,False,False
성은정,8386,2,18,5,3,2,ROUGH,ROUGH,3,GREEN,GREEN,RECOVERY,25.5,120.3,True,5,0,True,False,False,False
이다연,8392,1,1,4,2,1,FAIRWAY,FAIRWAY,3,GREEN,GREEN,NORMAL_APPROACH,29.0,175.1,True,5,1,False,True,False,True
이다연,8392,1,3,4,2,1,FAIRWAY,FAIRWAY,3,GREEN,GREEN,NORMAL_APPROACH,1.2,173.0,True,3,-1,True,False,False,True
이다연,8392,1,4,5,2,1,FAIRWAY,FAIRWAY,1,FAIRWAY,FAIRWAY,ADVANCE_LAYUP,94.5,292.6,True,5,0,True,False,False,True
이다연,8392,1,4,5,3,1,FAIRWAY,FAIRWAY,3,GREEN,GREEN,NORMAL_APPROACH,8.0,94.5,True,5,0,True,False,False,True
이다연,8392,1,6,4,2,2,ROUGH,ROUGH,2,ROUGH,ROUGH,RECOVERY,15.8,174.2,False,5,1,False,True,False,False
이다연,8392,1,6,4,3,2,ROUGH,ROUGH,8,PENALTY_STROKE,LOST_BALL_PENALTY_RESTART,RECOVERY,16.1,15.8,False,5,1,False,True,False,False
이다연,8392,1,6,4,4,8,PENALTY_STROKE,LOST_BALL_PENALTY_RESTART,3,GREEN,GREEN,PENALTY_RESTART,1.3,16.1,False,5,1,False,True,False,False
이다연,8392,1,7,5,2,6,BUNKER,BUNKER,1,FAIRWAY,FAIRWAY,RECOVERY,116.8,263.3,True,5,0,True,False,False,False
이다연,8392,1,7,5,3,1,FAIRWAY,FAIRWAY,3,GREEN,GREEN,NORMAL_APPROACH,5.4,116.8,True,5,0,True,False,False,False
이다연,8392,1,8,4,2,1,FAIRWAY,FAIRWAY,3,GREEN,GREEN,NORMAL_APPROACH,5.3,161.9,True,4,0,True,False,False,True
이다연,8392,1,9,4,2,1,FAIRWAY,FAIRWAY,3,GREEN,GREEN,NORMAL_APPROACH,1.9,125.7,True,4,0,True,False,False,True
이다연,8392,1,10,5,2,1,FAIRWAY,FAIRWAY,2,ROUGH,ROUGH,ADVANCE_LAYUP,98.1,291.6,False,5,0,True,False,False,True
이다연,8392,1,10,5,3,2,ROUGH,ROUGH,2,ROUGH,ROUGH,RECOVERY,11.3,98.1,False,5,0,True,False,False,True
이다연,8392,1,10,5,4,2,ROUGH,ROUGH,3,GREEN,GREEN,RECOVERY,0.9,11.3,False,5,0,True,False,False,True
이다연,8392,1,12,4,2,2,ROUGH,ROUGH,2,ROUGH,ROUGH,RECOVERY,18.9,154.7,False,5,1,False,True,False,False
이다연,8392,1,12,4,3,2,ROUGH,ROUGH,3,GREEN,GREEN,RECOVERY,5.6,18.9,False,5,1,False,True,False,False
이다연,8392,1,13,4,2,1,FAIRWAY,FAIRWAY,3,GREEN,GREEN,NORMAL_APPROACH,14.1,118.9,True,4,0,True,False,False,True
이다연,8392,1,14,4,2,2,ROUGH,ROUGH,2,ROUGH,ROUGH,RECOVERY,29.2,144.8,False,4,0,True,False,False,False
이다연,8392,1,14,4,3,2,ROUGH,ROUGH,3,GREEN,GREEN,RECOVERY,1.7,29.2,False,4,0,True,False,False,False
이다연,8392,1,15,4,2,2,ROUGH,ROUGH,3,GREEN,GREEN,RECOVERY,18.7,142.5,True,4,0,True,False,False,False
이다연,8392,1,16,3,2,12,FRINGE,FRINGE,3,GREEN,GREEN,SHORT_GAME,1.6,16.2,False,3,0,True,False,False,
이다연,8392,1,17,4,2,1,FAIRWAY,FAIRWAY,12,FRINGE,FRINGE,NORMAL_APPROACH,7.2,117.8,False,4,0,True,False,False,True
이다연,8392,1,17,4,3,12,FRINGE,FRINGE,3,GREEN,GREEN,SHORT_GAME,1.3,7.2,False,4,0,True,False,False,True
이다연,8392,1,18,5,2,2,ROUGH,ROUGH,2,ROUGH,ROUGH,RECOVERY,101.6,270.0,True,5,0,True,False,False,False
이다연,8392,1,18,5,3,2,ROUGH,ROUGH,3,GREEN,GREEN,RECOVERY,9.1,101.6,True,5,0,True,False,False,False
이다연,8392,2,1,4,2,2,ROUGH,ROUGH,3,GREEN,GREEN,RECOVERY,3.0,146.9,True,3,-1,True,False,False,False
이다연,8392,2,2,3,2,5,PENALTY_AREA,PENALTY_AREA,8,PENALTY_STROKE,LOST_BALL_PENALTY_RESTART,PENALTY_RESTART,64.4,0.0,False,5,2,False,True,True,
이다연,8392,2,2,3,3,8,PENALTY_STROKE,LOST_BALL_PENALTY_RESTART,3,GREEN,GREEN,PENALTY_RESTART,6.9,64.4,False,5,2,False,True,True,
이다연,8392,2,3,4,2,2,ROUGH,ROUGH,9,GREENSIDE_BUNKER,GREENSIDE_BUNKER,RECOVERY,26.9,177.3,False,4,0,True,False,False,False
이다연,8392,2,3,4,3,9,GREENSIDE_BUNKER,GREENSIDE_BUNKER,3,GREEN,GREEN,RECOVERY,0.7,26.9,False,4,0,True,False,False,False
이다연,8392,2,4,5,2,1,FAIRWAY,FAIRWAY,2,ROUGH,ROUGH,ADVANCE_LAYUP,130.1,293.9,False,6,1,False,True,False,True
이다연,8392,2,4,5,3,2,ROUGH,ROUGH,2,ROUGH,ROUGH,RECOVERY,112.2,130.1,False,6,1,False,True,False,True
이다연,8392,2,4,5,4,2,ROUGH,ROUGH,3,GREEN,GREEN,RECOVERY,9.8,112.2,False,6,1,False,True,False,True
이다연,8392,2,6,4,2,2,ROUGH,ROUGH,12,FRINGE,FRINGE,RECOVERY,15.9,165.0,False,5,1,False,True,False,False
이다연,8392,2,6,4,3,12,FRINGE,FRINGE,3,GREEN,GREEN,SHORT_GAME,2.4,15.9,False,5,1,False,True,False,False
이다연,8392,2,7,5,2,1,FAIRWAY,FAIRWAY,1,FAIRWAY,FAIRWAY,ADVANCE_LAYUP,84.2,288.2,True,5,0,True,False,False,True
이다연,8392,2,7,5,3,1,FAIRWAY,FAIRWAY,3,GREEN,GREEN,NORMAL_APPROACH,6.3,84.2,True,5,0,True,False,False,True
이다연,8392,2,8,4,2,1,FAIRWAY,FAIRWAY,5,PENALTY_AREA,PENALTY_AREA,OTHER_UNRESOLVED,0.0,133.0,False,6,2,False,True,True,True
이다연,8392,2,8,4,3,5,PENALTY_AREA,PENALTY_AREA,8,PENALTY_STROKE,LOST_BALL_PENALTY_RESTART,PENALTY_RESTART,12.9,0.0,False,6,2,False,True,True,True
이다연,8392,2,8,4,4,8,PENALTY_STROKE,LOST_BALL_PENALTY_RESTART,3,GREEN,GREEN,PENALTY_RESTART,7.9,12.9,False,6,2,False,True,True,True
이다연,8392,2,9,4,2,1,FAIRWAY,FAIRWAY,3,GREEN,GREEN,NORMAL_APPROACH,7.9,112.2,True,4,0,True,False,False,True
이다연,8392,2,10,5,2,2,ROUGH,ROUGH,1,FAIRWAY,FAIRWAY,RECOVERY,125.5,317.7,True,5,0,True,False,False,False
이다연,8392,2,10,5,3,1,FAIRWAY,FAIRWAY,3,GREEN,GREEN,NORMAL_APPROACH,6.9,125.5,True,5,0,True,False,False,False
이다연,8392,2,12,4,2,2,ROUGH,ROUGH,3,GREEN,GREEN,RECOVERY,2.1,174.9,True,3,-1,True,False,False,False
이다연,8392,2,13,4,2,1,FAIRWAY,FAIRWAY,3,GREEN,GREEN,NORMAL_APPROACH,14.0,105.7,True,4,0,True,False,False,True
이다연,8392,2,14,4,2,1,FAIRWAY,FAIRWAY,3,GREEN,GREEN,NORMAL_APPROACH,8.1,152.4,True,4,0,True,False,False,True
이다연,8392,2,15,4,2,2,ROUGH,ROUGH,2,ROUGH,ROUGH,RECOVERY,10.7,157.5,False,4,0,True,False,False,False
이다연,8392,2,15,4,3,2,ROUGH,ROUGH,3,GREEN,GREEN,RECOVERY,1.2,10.7,False,4,0,True,False,False,False
이다연,8392,2,17,4,2,2,ROUGH,ROUGH,3,GREEN,GREEN,RECOVERY,9.6,141.6,True,4,0,True,False,False,False
이다연,8392,2,18,5,2,1,FAIRWAY,FAIRWAY,1,FAIRWAY,FAIRWAY,ADVANCE_LAYUP,87.6,255.7,True,5,0,True,False,False,True
이다연,8392,2,18,5,3,1,FAIRWAY,FAIRWAY,3,GREEN,GREEN,NORMAL_APPROACH,7.2,87.6,True,5,0,True,False,False,True
이다연,8392,3,1,4,2,1,FAIRWAY,FAIRWAY,3,GREEN,GREEN,NORMAL_APPROACH,12.6,178.9,True,5,1,False,True,False,True
이다연,8392,3,2,3,2,2,ROUGH,ROUGH,3,GREEN,GREEN,RECOVERY,2.3,9.2,False,3,0,True,False,False,
이다연,8392,3,3,4,2,1,FAIRWAY,FAIRWAY,3,GREEN,GREEN,NORMAL_APPROACH,1.4,182.1,True,3,-1,True,False,False,True
이다연,8392,3,4,5,2,1,FAIRWAY,FAIRWAY,2,ROUGH,ROUGH,ADVANCE_LAYUP,103.6,310.5,False,5,0,True,False,False,True
이다연,8392,3,4,5,3,2,ROUGH,ROUGH,2,ROUGH,ROUGH,RECOVERY,30.8,103.6,False,5,0,True,False,False,True
이다연,8392,3,4,5,4,2,ROUGH,ROUGH,3,GREEN,GREEN,RECOVERY,3.9,30.8,False,5,0,True,False,False,True
이다연,8392,3,6,4,2,2,ROUGH,ROUGH,2,ROUGH,ROUGH,RECOVERY,31.1,176.0,False,4,0,True,False,False,False
이다연,8392,3,6,4,3,2,ROUGH,ROUGH,3,GREEN,GREEN,RECOVERY,1.6,31.1,False,4,0,True,False,False,False
이다연,8392,3,7,5,2,1,FAIRWAY,FAIRWAY,2,ROUGH,ROUGH,ADVANCE_LAYUP,81.7,290.2,True,4,-1,True,False,False,True
이다연,8392,3,7,5,3,2,ROUGH,ROUGH,3,GREEN,GREEN,RECOVERY,4.4,81.7,True,4,-1,True,False,False,True
이다연,8392,3,8,4,2,1,FAIRWAY,FAIRWAY,12,FRINGE,FRINGE,NORMAL_APPROACH,18.5,137.5,False,5,1,False,True,False,True
이다연,8392,3,8,4,3,12,FRINGE,FRINGE,3,GREEN,GREEN,SHORT_GAME,4.0,18.5,False,5,1,False,True,False,True
이다연,8392,3,9,4,2,1,FAIRWAY,FAIRWAY,3,GREEN,GREEN,NORMAL_APPROACH,5.0,95.7,True,5,1,False,True,False,True
이다연,8392,3,10,5,2,1,FAIRWAY,FAIRWAY,1,FAIRWAY,FAIRWAY,ADVANCE_LAYUP,134.1,310.9,False,6,1,False,True,False,True
이다연,8392,3,10,5,3,1,FAIRWAY,FAIRWAY,12,FRINGE,FRINGE,NORMAL_APPROACH,7.4,134.1,False,6,1,False,True,False,True
이다연,8392,3,10,5,4,12,FRINGE,FRINGE,3,GREEN,GREEN,SHORT_GAME,2.2,7.4,False,6,1,False,True,False,True
이다연,8392,3,11,3,2,2,ROUGH,ROUGH,3,GREEN,GREEN,RECOVERY,1.1,21.7,False,3,0,True,False,False,
이다연,8392,3,12,4,2,2,ROUGH,ROUGH,1,FAIRWAY,FAIRWAY,RECOVERY,112.8,167.9,False,5,1,False,True,False,False
이다연,8392,3,12,4,3,1,FAIRWAY,FAIRWAY,3,GREEN,GREEN,NORMAL_APPROACH,4.1,112.8,False,5,1,False,True,False,False
이다연,8392,3,13,4,2,2,ROUGH,ROUGH,2,ROUGH,ROUGH,RECOVERY,10.9,143.2,False,4,0,True,False,False,False
이다연,8392,3,13,4,3,2,ROUGH,ROUGH,3,GREEN,GREEN,RECOVERY,2.0,10.9,False,4,0,True,False,False,False
이다연,8392,3,14,4,2,2,ROUGH,ROUGH,12,FRINGE,FRINGE,RECOVERY,18.8,134.8,False,5,1,False,True,False,False
이다연,8392,3,14,4,3,12,FRINGE,FRINGE,3,GREEN,GREEN,SHORT_GAME,4.2,18.8,False,5,1,False,True,False,False
이다연,8392,3,15,4,2,2,ROUGH,ROUGH,3,GREEN,GREEN,RECOVERY,19.9,173.4,True,5,1,False,True,False,False
이다연,8392,3,17,4,2,1,FAIRWAY,FAIRWAY,3,GREEN,GREEN,NORMAL_APPROACH,1.4,126.1,True,3,-1,True,False,False,True
이다연,8392,3,18,5,2,2,ROUGH,ROUGH,1,FAIRWAY,FAIRWAY,RECOVERY,115.3,286.4,True,4,-1,True,False,False,False
이다연,8392,3,18,5,3,1,FAIRWAY,FAIRWAY,3,GREEN,GREEN,NORMAL_APPROACH,2.5,115.3,True,4,-1,True,False,False,False
이다연,8392,4,1,4,2,2,ROUGH,ROUGH,3,GREEN,GREEN,RECOVERY,11.2,173.5,True,5,1,False,True,False,False
이다연,8392,4,3,4,2,2,ROUGH,ROUGH,3,GREEN,GREEN,RECOVERY,19.7,182.3,True,5,1,False,True,False,False
이다연,8392,4,4,5,2,1,FAIRWAY,FAIRWAY,1,FAIRWAY,FAIRWAY,ADVANCE_LAYUP,75.8,288.7,True,4,-1,True,False,False,True
이다연,8392,4,4,5,3,1,FAIRWAY,FAIRWAY,3,GREEN,GREEN,NORMAL_APPROACH,2.8,75.8,True,4,-1,True,False,False,True
이다연,8392,4,6,4,2,1,FAIRWAY,FAIRWAY,3,GREEN,GREEN,NORMAL_APPROACH,4.0,137.0,True,4,0,True,False,False,True
이다연,8392,4,7,5,2,1,FAIRWAY,FAIRWAY,1,FAIRWAY,FAIRWAY,ADVANCE_LAYUP,96.6,291.8,True,5,0,True,False,False,True
이다연,8392,4,7,5,3,1,FAIRWAY,FAIRWAY,3,GREEN,GREEN,NORMAL_APPROACH,5.6,96.6,True,5,0,True,False,False,True
이다연,8392,4,8,4,2,1,FAIRWAY,FAIRWAY,3,GREEN,GREEN,NORMAL_APPROACH,4.4,109.7,True,3,-1,True,False,False,True
이다연,8392,4,9,4,2,1,FAIRWAY,FAIRWAY,3,GREEN,GREEN,NORMAL_APPROACH,4.9,99.1,True,4,0,True,False,False,True
이다연,8392,4,10,5,2,1,FAIRWAY,FAIRWAY,1,FAIRWAY,FAIRWAY,ADVANCE_LAYUP,97.7,301.2,True,4,-1,True,False,False,True
이다연,8392,4,10,5,3,1,FAIRWAY,FAIRWAY,3,GREEN,GREEN,NORMAL_APPROACH,0.4,97.7,True,4,-1,True,False,False,True
이다연,8392,4,12,4,2,1,FAIRWAY,FAIRWAY,3,GREEN,GREEN,NORMAL_APPROACH,5.2,149.2,True,3,-1,True,False,False,True
이다연,8392,4,13,4,2,1,FAIRWAY,FAIRWAY,3,GREEN,GREEN,NORMAL_APPROACH,7.8,122.1,True,4,0,True,False,False,True
이다연,8392,4,14,4,2,2,ROUGH,ROUGH,3,GREEN,GREEN,RECOVERY,5.7,133.7,True,4,0,True,False,False,False
이다연,8392,4,15,4,2,1,FAIRWAY,FAIRWAY,3,GREEN,GREEN,NORMAL_APPROACH,8.0,156.7,True,4,0,True,False,False,True
이다연,8392,4,17,4,2,1,FAIRWAY,FAIRWAY,3,GREEN,GREEN,NORMAL_APPROACH,5.7,124.4,True,3,-1,True,False,False,True
이다연,8392,4,18,5,2,1,FAIRWAY,FAIRWAY,2,ROUGH,ROUGH,ADVANCE_LAYUP,81.2,277.2,True,5,0,True,False,False,True
이다연,8392,4,18,5,3,2,ROUGH,ROUGH,3,GREEN,GREEN,RECOVERY,2.5,81.2,True,5,0,True,False,False,True
조은채,8430,1,1,4,2,1,FAIRWAY,FAIRWAY,3,GREEN,GREEN,NORMAL_APPROACH,10.3,185.5,True,4,0,True,False,False,True
조은채,8430,1,2,3,2,5,PENALTY_AREA,PENALTY_AREA,8,PENALTY_STROKE,LOST_BALL_PENALTY_RESTART,PENALTY_RESTART,42.7,0.0,False,5,2,False,True,True,
조은채,8430,1,2,3,3,8,PENALTY_STROKE,LOST_BALL_PENALTY_RESTART,3,GREEN,GREEN,PENALTY_RESTART,9.4,42.7,False,5,2,False,True,True,
조은채,8430,1,3,4,2,2,ROUGH,ROUGH,2,ROUGH,ROUGH,RECOVERY,54.6,197.6,False,6,2,False,True,True,False
조은채,8430,1,3,4,3,2,ROUGH,ROUGH,2,ROUGH,ROUGH,RECOVERY,23.5,54.6,False,6,2,False,True,True,False
조은채,8430,1,3,4,4,2,ROUGH,ROUGH,3,GREEN,GREEN,RECOVERY,1.7,23.5,False,6,2,False,True,True,False
조은채,8430,1,4,5,2,2,ROUGH,ROUGH,1,FAIRWAY,FAIRWAY,RECOVERY,119.0,295.6,False,6,1,False,True,False,False
조은채,8430,1,4,5,3,1,FAIRWAY,FAIRWAY,12,FRINGE,FRINGE,NORMAL_APPROACH,7.6,119.0,False,6,1,False,True,False,False
조은채,8430,1,4,5,4,12,FRINGE,FRINGE,3,GREEN,GREEN,SHORT_GAME,6.7,7.6,False,6,1,False,True,False,False
조은채,8430,1,6,4,2,1,FAIRWAY,FAIRWAY,9,GREENSIDE_BUNKER,GREENSIDE_BUNKER,OTHER_UNRESOLVED,26.4,186.6,False,5,1,False,True,False,True
조은채,8430,1,6,4,3,9,GREENSIDE_BUNKER,GREENSIDE_BUNKER,3,GREEN,GREEN,RECOVERY,1.2,26.4,False,5,1,False,True,False,True
조은채,8430,1,7,5,2,1,FAIRWAY,FAIRWAY,2,ROUGH,ROUGH,ADVANCE_LAYUP,90.4,277.4,True,4,-1,True,False,False,True
조은채,8430,1,7,5,3,2,ROUGH,ROUGH,3,GREEN,GREEN,RECOVERY,26.6,90.4,True,4,-1,True,False,False,True
조은채,8430,1,8,4,2,2,ROUGH,ROUGH,2,ROUGH,ROUGH,RECOVERY,38.6,184.0,False,4,0,True,False,False,False
조은채,8430,1,8,4,3,2,ROUGH,ROUGH,3,GREEN,GREEN,RECOVERY,0.8,38.6,False,4,0,True,False,False,False
조은채,8430,1,9,4,2,1,FAIRWAY,FAIRWAY,3,GREEN,GREEN,NORMAL_APPROACH,9.4,153.4,True,3,-1,True,False,False,True
조은채,8430,1,10,5,2,2,ROUGH,ROUGH,2,ROUGH,ROUGH,RECOVERY,144.0,310.6,False,7,2,False,True,True,False
조은채,8430,1,10,5,3,2,ROUGH,ROUGH,1,FAIRWAY,FAIRWAY,RECOVERY,107.8,144.0,False,7,2,False,True,True,False
조은채,8430,1,10,5,4,1,FAIRWAY,FAIRWAY,3,GREEN,GREEN,NORMAL_APPROACH,17.4,107.8,False,7,2,False,True,True,False
조은채,8430,1,12,4,2,1,FAIRWAY,FAIRWAY,3,GREEN,GREEN,NORMAL_APPROACH,5.4,147.8,True,4,0,True,False,False,True
조은채,8430,1,13,4,2,1,FAIRWAY,FAIRWAY,12,FRINGE,FRINGE,NORMAL_APPROACH,12.9,120.3,False,4,0,True,False,False,True
조은채,8430,1,13,4,3,12,FRINGE,FRINGE,3,GREEN,GREEN,SHORT_GAME,0.4,12.9,False,4,0,True,False,False,True
조은채,8430,1,14,4,2,1,FAIRWAY,FAIRWAY,12,FRINGE,FRINGE,NORMAL_APPROACH,16.9,145.3,False,5,1,False,True,False,True
조은채,8430,1,14,4,3,12,FRINGE,FRINGE,3,GREEN,GREEN,SHORT_GAME,1.0,16.9,False,5,1,False,True,False,True
조은채,8430,1,15,4,2,1,FAIRWAY,FAIRWAY,3,GREEN,GREEN,NORMAL_APPROACH,22.1,146.8,True,4,0,True,False,False,True
조은채,8430,1,16,3,2,5,PENALTY_AREA,PENALTY_AREA,3,GREEN,GREEN,PENALTY_RESTART,0.6,24.9,False,3,0,True,False,False,
조은채,8430,1,17,4,2,1,FAIRWAY,FAIRWAY,3,GREEN,GREEN,NORMAL_APPROACH,5.2,132.9,True,3,-1,True,False,False,True
조은채,8430,1,18,5,2,1,FAIRWAY,FAIRWAY,1,FAIRWAY,FAIRWAY,ADVANCE_LAYUP,86.5,288.1,True,5,0,True,False,False,True
조은채,8430,1,18,5,3,1,FAIRWAY,FAIRWAY,3,GREEN,GREEN,NORMAL_APPROACH,14.1,86.5,True,5,0,True,False,False,True
조은채,8430,2,1,4,2,2,ROUGH,ROUGH,2,ROUGH,ROUGH,RECOVERY,21.7,158.8,False,4,0,True,False,False,False
조은채,8430,2,1,4,3,2,ROUGH,ROUGH,3,GREEN,GREEN,RECOVERY,1.2,21.7,False,4,0,True,False,False,False
조은채,8430,2,3,4,2,1,FAIRWAY,FAIRWAY,3,GREEN,GREEN,NORMAL_APPROACH,5.1,196.2,True,4,0,True,False,False,True
조은채,8430,2,4,5,2,1,FAIRWAY,FAIRWAY,1,FAIRWAY,FAIRWAY,ADVANCE_LAYUP,105.1,300.1,False,5,0,True,False,False,True
조은채,8430,2,4,5,3,1,FAIRWAY,FAIRWAY,12,FRINGE,FRINGE,NORMAL_APPROACH,15.9,105.1,False,5,0,True,False,False,True
조은채,8430,2,4,5,4,12,FRINGE,FRINGE,3,GREEN,GREEN,SHORT_GAME,0.3,15.9,False,5,0,True,False,False,True
조은채,8430,2,6,4,2,2,ROUGH,ROUGH,2,ROUGH,ROUGH,RECOVERY,8.9,157.4,False,4,0,True,False,False,False
조은채,8430,2,6,4,3,2,ROUGH,ROUGH,3,GREEN,GREEN,RECOVERY,2.2,8.9,False,4,0,True,False,False,False
조은채,8430,2,7,5,2,2,ROUGH,ROUGH,2,ROUGH,ROUGH,RECOVERY,77.1,299.5,False,5,0,True,False,False,False
조은채,8430,2,7,5,3,2,ROUGH,ROUGH,2,ROUGH,ROUGH,RECOVERY,24.6,77.1,False,5,0,True,False,False,False
조은채,8430,2,7,5,4,2,ROUGH,ROUGH,3,GREEN,GREEN,RECOVERY,2.1,24.6,False,5,0,True,False,False,False
조은채,8430,2,8,4,2,2,ROUGH,ROUGH,3,GREEN,GREEN,RECOVERY,22.1,142.6,True,4,0,True,False,False,False
조은채,8430,2,9,4,2,2,ROUGH,ROUGH,2,ROUGH,ROUGH,RECOVERY,19.8,164.2,False,5,1,False,True,False,False
조은채,8430,2,9,4,3,2,ROUGH,ROUGH,3,GREEN,GREEN,RECOVERY,1.6,19.8,False,5,1,False,True,False,False
조은채,8430,2,10,5,2,1,FAIRWAY,FAIRWAY,1,FAIRWAY,FAIRWAY,ADVANCE_LAYUP,135.3,320.6,True,5,0,True,False,False,True
조은채,8430,2,10,5,3,1,FAIRWAY,FAIRWAY,3,GREEN,GREEN,NORMAL_APPROACH,5.3,135.3,True,5,0,True,False,False,True
조은채,8430,2,11,3,2,2,ROUGH,ROUGH,3,GREEN,GREEN,RECOVERY,0.7,14.3,False,3,0,True,False,False,
조은채,8430,2,12,4,2,2,ROUGH,ROUGH,2,ROUGH,ROUGH,RECOVERY,10.7,183.3,False,6,2,False,True,True,False
조은채,8430,2,12,4,3,2,ROUGH,ROUGH,2,ROUGH,ROUGH,RECOVERY,10.1,10.7,False,6,2,False,True,True,False
조은채,8430,2,12,4,4,2,ROUGH,ROUGH,3,GREEN,GREEN,RECOVERY,15.2,10.1,False,6,2,False,True,True,False
조은채,8430,2,13,4,2,1,FAIRWAY,FAIRWAY,2,ROUGH,ROUGH,OTHER_UNRESOLVED,7.9,107.9,False,5,1,False,True,False,True
조은채,8430,2,13,4,3,2,ROUGH,ROUGH,3,GREEN,GREEN,RECOVERY,4.2,7.9,False,5,1,False,True,False,True
조은채,8430,2,14,4,2,1,FAIRWAY,FAIRWAY,3,GREEN,GREEN,NORMAL_APPROACH,13.5,177.4,True,4,0,True,False,False,True
조은채,8430,2,15,4,2,2,ROUGH,ROUGH,3,GREEN,GREEN,RECOVERY,3.6,144.9,True,4,0,True,False,False,False
조은채,8430,2,17,4,2,1,FAIRWAY,FAIRWAY,3,GREEN,GREEN,NORMAL_APPROACH,23.9,152.9,True,4,0,True,False,False,True
조은채,8430,2,18,5,2,1,FAIRWAY,FAIRWAY,1,FAIRWAY,FAIRWAY,ADVANCE_LAYUP,101.7,270.8,True,4,-1,True,False,False,True
조은채,8430,2,18,5,3,1,FAIRWAY,FAIRWAY,3,GREEN,GREEN,NORMAL_APPROACH,4.2,101.7,True,4,-1,True,False,False,True
김지영2,8434,1,1,4,2,6,BUNKER,BUNKER,3,GREEN,GREEN,RECOVERY,11.0,172.1,True,4,0,True,False,False,False
김지영2,8434,1,3,4,2,2,ROUGH,ROUGH,2,ROUGH,ROUGH,RECOVERY,23.4,198.5,False,4,0,True,False,False,False
김지영2,8434,1,3,4,3,2,ROUGH,ROUGH,3,GREEN,GREEN,RECOVERY,5.3,23.4,False,4,0,True,False,False,False
김지영2,8434,1,4,5,2,1,FAIRWAY,FAIRWAY,2,ROUGH,ROUGH,ADVANCE_LAYUP,133.1,291.3,False,6,1,False,True,False,True
김지영2,8434,1,4,5,3,2,ROUGH,ROUGH,2,ROUGH,ROUGH,RECOVERY,22.0,133.1,False,6,1,False,True,False,True
김지영2,8434,1,4,5,4,2,ROUGH,ROUGH,3,GREEN,GREEN,RECOVERY,4.1,22.0,False,6,1,False,True,False,True
김지영2,8434,1,6,4,2,2,ROUGH,ROUGH,9,GREENSIDE_BUNKER,GREENSIDE_BUNKER,RECOVERY,32.3,168.6,False,4,0,True,False,False,False
김지영2,8434,1,6,4,3,9,GREENSIDE_BUNKER,GREENSIDE_BUNKER,3,GREEN,GREEN,RECOVERY,9.9,32.3,False,4,0,True,False,False,False
김지영2,8434,1,7,5,2,1,FAIRWAY,FAIRWAY,2,ROUGH,ROUGH,ADVANCE_LAYUP,89.2,277.0,False,5,0,True,False,False,True
김지영2,8434,1,7,5,3,2,ROUGH,ROUGH,9,GREENSIDE_BUNKER,GREENSIDE_BUNKER,RECOVERY,14.6,89.2,False,5,0,True,False,False,True
김지영2,8434,1,7,5,4,9,GREENSIDE_BUNKER,GREENSIDE_BUNKER,3,GREEN,GREEN,RECOVERY,4.4,14.6,False,5,0,True,False,False,True
김지영2,8434,1,8,4,2,1,FAIRWAY,FAIRWAY,3,GREEN,GREEN,NORMAL_APPROACH,14.3,147.7,True,4,0,True,False,False,True
김지영2,8434,1,9,4,2,1,FAIRWAY,FAIRWAY,3,GREEN,GREEN,NORMAL_APPROACH,9.9,130.9,True,4,0,True,False,False,True
김지영2,8434,1,10,5,2,7,LOST_BALL,LOST_BALL_PENALTY_RESTART,8,PENALTY_STROKE,LOST_BALL_PENALTY_RESTART,PENALTY_RESTART,542.2,542.2,False,8,3,False,True,True,False
김지영2,8434,1,10,5,3,8,PENALTY_STROKE,LOST_BALL_PENALTY_RESTART,2,ROUGH,ROUGH,PENALTY_RESTART,384.3,542.2,False,8,3,False,True,True,False
김지영2,8434,1,10,5,4,2,ROUGH,ROUGH,2,ROUGH,ROUGH,RECOVERY,215.0,384.3,False,8,3,False,True,True,False
김지영2,8434,1,10,5,5,2,ROUGH,ROUGH,2,ROUGH,ROUGH,RECOVERY,91.6,215.0,False,8,3,False,True,True,False
김지영2,8434,1,10,5,6,2,ROUGH,ROUGH,3,GREEN,GREEN,RECOVERY,6.0,91.6,False,8,3,False,True,True,False
김지영2,8434,1,11,3,2,5,PENALTY_AREA,PENALTY_AREA,8,PENALTY_STROKE,LOST_BALL_PENALTY_RESTART,PENALTY_RESTART,121.1,0.0,False,5,2,False,True,True,
김지영2,8434,1,11,3,3,8,PENALTY_STROKE,LOST_BALL_PENALTY_RESTART,3,GREEN,GREEN,PENALTY_RESTART,9.2,121.1,False,5,2,False,True,True,
김지영2,8434,1,12,4,2,1,FAIRWAY,FAIRWAY,2,ROUGH,ROUGH,OTHER_UNRESOLVED,12.6,141.1,False,4,0,True,False,False,True
김지영2,8434,1,12,4,3,2,ROUGH,ROUGH,3,GREEN,GREEN,RECOVERY,0.8,12.6,False,4,0,True,False,False,True
김지영2,8434,1,13,4,2,1,FAIRWAY,FAIRWAY,3,GREEN,GREEN,NORMAL_APPROACH,13.1,127.6,True,4,0,True,False,False,True
김지영2,8434,1,14,4,2,1,FAIRWAY,FAIRWAY,2,ROUGH,ROUGH,OTHER_UNRESOLVED,14.5,149.5,False,5,1,False,True,False,True
김지영2,8434,1,14,4,3,2,ROUGH,ROUGH,3,GREEN,GREEN,RECOVERY,2.9,14.5,False,5,1,False,True,False,True
김지영2,8434,1,15,4,2,1,FAIRWAY,FAIRWAY,3,GREEN,GREEN,NORMAL_APPROACH,8.9,151.2,True,4,0,True,False,False,True
김지영2,8434,1,17,4,2,2,ROUGH,ROUGH,2,ROUGH,ROUGH,RECOVERY,28.3,143.0,False,4,0,True,False,False,False
김지영2,8434,1,17,4,3,2,ROUGH,ROUGH,3,GREEN,GREEN,RECOVERY,1.7,28.3,False,4,0,True,False,False,False
김지영2,8434,1,18,5,2,1,FAIRWAY,FAIRWAY,1,FAIRWAY,FAIRWAY,ADVANCE_LAYUP,97.0,275.9,True,5,0,True,False,False,True
김지영2,8434,1,18,5,3,1,FAIRWAY,FAIRWAY,3,GREEN,GREEN,NORMAL_APPROACH,11.0,97.0,True,5,0,True,False,False,True
김지영2,8434,2,1,4,2,2,ROUGH,ROUGH,2,ROUGH,ROUGH,RECOVERY,27.3,164.6,False,5,1,False,True,False,False
김지영2,8434,2,1,4,3,2,ROUGH,ROUGH,3,GREEN,GREEN,RECOVERY,2.9,27.3,False,5,1,False,True,False,False
김지영2,8434,2,3,4,2,1,FAIRWAY,FAIRWAY,1,FAIRWAY,FAIRWAY,OTHER_UNRESOLVED,93.7,188.4,False,5,1,False,True,False,True
김지영2,8434,2,3,4,3,1,FAIRWAY,FAIRWAY,3,GREEN,GREEN,NORMAL_APPROACH,5.2,93.7,False,5,1,False,True,False,True
김지영2,8434,2,4,5,2,1,FAIRWAY,FAIRWAY,2,ROUGH,ROUGH,ADVANCE_LAYUP,109.8,302.0,False,5,0,True,False,False,True
김지영2,8434,2,4,5,3,2,ROUGH,ROUGH,2,ROUGH,ROUGH,RECOVERY,43.3,109.8,False,5,0,True,False,False,True
김지영2,8434,2,4,5,4,2,ROUGH,ROUGH,3,GREEN,GREEN,RECOVERY,3.5,43.3,False,5,0,True,False,False,True
김지영2,8434,2,5,3,2,2,ROUGH,ROUGH,3,GREEN,GREEN,RECOVERY,1.2,35.4,False,4,1,False,True,False,
김지영2,8434,2,6,4,2,1,FAIRWAY,FAIRWAY,9,GREENSIDE_BUNKER,GREENSIDE_BUNKER,OTHER_UNRESOLVED,27.8,150.6,False,5,1,False,True,False,True
김지영2,8434,2,6,4,3,9,GREENSIDE_BUNKER,GREENSIDE_BUNKER,3,GREEN,GREEN,RECOVERY,2.3,27.8,False,5,1,False,True,False,True
김지영2,8434,2,7,5,2,1,FAIRWAY,FAIRWAY,1,FAIRWAY,FAIRWAY,ADVANCE_LAYUP,93.5,282.6,True,5,0,True,False,False,True
김지영2,8434,2,7,5,3,1,FAIRWAY,FAIRWAY,3,GREEN,GREEN,NORMAL_APPROACH,9.7,93.5,True,5,0,True,False,False,True
김지영2,8434,2,8,4,2,2,ROUGH,ROUGH,2,ROUGH,ROUGH,RECOVERY,26.7,124.7,False,4,0,True,False,False,False
김지영2,8434,2,8,4,3,2,ROUGH,ROUGH,3,GREEN,GREEN,RECOVERY,1.3,26.7,False,4,0,True,False,False,False
김지영2,8434,2,9,4,2,2,ROUGH,ROUGH,3,GREEN,GREEN,RECOVERY,21.3,139.7,True,4,0,True,False,False,False
김지영2,8434,2,10,5,2,2,ROUGH,ROUGH,1,FAIRWAY,FAIRWAY,RECOVERY,233.1,323.1,False,7,2,False,True,True,False
김지영2,8434,2,10,5,3,1,FAIRWAY,FAIRWAY,2,ROUGH,ROUGH,ADVANCE_LAYUP,62.2,233.1,False,7,2,False,True,True,False
김지영2,8434,2,10,5,4,2,ROUGH,ROUGH,3,GREEN,GREEN,RECOVERY,10.5,62.2,False,7,2,False,True,True,False
김지영2,8434,2,11,3,2,5,PENALTY_AREA,PENALTY_AREA,8,PENALTY_STROKE,LOST_BALL_PENALTY_RESTART,PENALTY_RESTART,114.8,0.0,False,6,3,False,True,True,
김지영2,8434,2,11,3,3,8,PENALTY_STROKE,LOST_BALL_PENALTY_RESTART,2,ROUGH,ROUGH,PENALTY_RESTART,10.6,114.8,False,6,3,False,True,True,
김지영2,8434,2,11,3,4,2,ROUGH,ROUGH,3,GREEN,GREEN,RECOVERY,4.9,10.6,False,6,3,False,True,True,
김지영2,8434,2,12,4,2,2,ROUGH,ROUGH,2,ROUGH,ROUGH,RECOVERY,13.2,180.9,False,4,0,True,False,False,False
김지영2,8434,2,12,4,3,2,ROUGH,ROUGH,3,GREEN,GREEN,RECOVERY,1.3,13.2,False,4,0,True,False,False,False
김지영2,8434,2,13,4,2,2,ROUGH,ROUGH,2,ROUGH,ROUGH,RECOVERY,39.6,162.7,False,4,0,True,False,False,False
김지영2,8434,2,13,4,3,2,ROUGH,ROUGH,3,GREEN,GREEN,RECOVERY,1.3,39.6,False,4,0,True,False,False,False
김지영2,8434,2,14,4,2,1,FAIRWAY,FAIRWAY,3,GREEN,GREEN,NORMAL_APPROACH,26.8,172.3,True,4,0,True,False,False,True
김지영2,8434,2,15,4,2,2,ROUGH,ROUGH,1,FAIRWAY,FAIRWAY,RECOVERY,118.9,199.3,False,5,1,False,True,False,False
김지영2,8434,2,15,4,3,1,FAIRWAY,FAIRWAY,3,GREEN,GREEN,NORMAL_APPROACH,5.4,118.9,False,5,1,False,True,False,False
김지영2,8434,2,16,3,2,5,PENALTY_AREA,PENALTY_AREA,8,PENALTY_STROKE,LOST_BALL_PENALTY_RESTART,PENALTY_RESTART,106.5,0.0,False,5,2,False,True,True,
김지영2,8434,2,16,3,3,8,PENALTY_STROKE,LOST_BALL_PENALTY_RESTART,3,GREEN,GREEN,PENALTY_RESTART,8.4,106.5,False,5,2,False,True,True,
김지영2,8434,2,17,4,2,2,ROUGH,ROUGH,3,GREEN,GREEN,RECOVERY,6.1,148.5,True,4,0,True,False,False,False
김지영2,8434,2,18,5,2,1,FAIRWAY,FAIRWAY,2,ROUGH,ROUGH,ADVANCE_LAYUP,96.1,268.8,True,5,0,True,False,False,True
김지영2,8434,2,18,5,3,2,ROUGH,ROUGH,3,GREEN,GREEN,RECOVERY,13.9,96.1,True,5,0,True,False,False,True
배소현,8589,1,1,4,2,2,ROUGH,ROUGH,2,ROUGH,ROUGH,RECOVERY,18.3,155.2,False,7,3,False,True,True,False
배소현,8589,1,1,4,3,2,ROUGH,ROUGH,8,PENALTY_STROKE,LOST_BALL_PENALTY_RESTART,RECOVERY,17.1,18.3,False,7,3,False,True,True,False
배소현,8589,1,1,4,4,8,PENALTY_STROKE,LOST_BALL_PENALTY_RESTART,2,ROUGH,ROUGH,PENALTY_RESTART,13.1,17.1,False,7,3,False,True,True,False
배소현,8589,1,1,4,5,2,ROUGH,ROUGH,3,GREEN,GREEN,RECOVERY,2.3,13.1,False,7,3,False,True,True,False
배소현,8589,1,3,4,2,1,FAIRWAY,FAIRWAY,3,GREEN,GREEN,NORMAL_APPROACH,12.1,156.6,True,4,0,True,False,False,True
배소현,8589,1,4,5,2,6,BUNKER,BUNKER,6,BUNKER,BUNKER,RECOVERY,272.1,272.9,False,7,2,False,True,True,False
배소현,8589,1,4,5,3,6,BUNKER,BUNKER,2,ROUGH,ROUGH,RECOVERY,165.3,272.1,False,7,2,False,True,True,False
배소현,8589,1,4,5,4,2,ROUGH,ROUGH,2,ROUGH,ROUGH,RECOVERY,29.3,165.3,False,7,2,False,True,True,False
배소현,8589,1,4,5,5,2,ROUGH,ROUGH,3,GREEN,GREEN,RECOVERY,6.7,29.3,False,7,2,False,True,True,False
배소현,8589,1,5,3,2,2,ROUGH,ROUGH,3,GREEN,GREEN,RECOVERY,7.5,19.6,False,4,1,False,True,False,
배소현,8589,1,6,4,2,2,ROUGH,ROUGH,9,GREENSIDE_BUNKER,GREENSIDE_BUNKER,RECOVERY,11.8,147.4,False,4,0,True,False,False,False
배소현,8589,1,6,4,3,9,GREENSIDE_BUNKER,GREENSIDE_BUNKER,3,GREEN,GREEN,RECOVERY,1.8,11.8,False,4,0,True,False,False,False
배소현,8589,1,7,5,2,1,FAIRWAY,FAIRWAY,2,ROUGH,ROUGH,ADVANCE_LAYUP,20.8,226.5,True,5,0,True,False,False,True
배소현,8589,1,7,5,3,2,ROUGH,ROUGH,3,GREEN,GREEN,RECOVERY,4.7,20.8,True,5,0,True,False,False,True
배소현,8589,1,8,4,2,2,ROUGH,ROUGH,2,ROUGH,ROUGH,RECOVERY,122.5,152.4,False,6,2,False,True,True,False
배소현,8589,1,8,4,3,2,ROUGH,ROUGH,2,ROUGH,ROUGH,RECOVERY,11.0,122.5,False,6,2,False,True,True,False
배소현,8589,1,8,4,4,2,ROUGH,ROUGH,3,GREEN,GREEN,RECOVERY,9.5,11.0,False,6,2,False,True,True,False
배소현,8589,1,9,4,2,2,ROUGH,ROUGH,2,ROUGH,ROUGH,RECOVERY,17.1,114.6,False,5,1,False,True,False,False
배소현,8589,1,9,4,3,2,ROUGH,ROUGH,3,GREEN,GREEN,RECOVERY,1.1,17.1,False,5,1,False,True,False,False
배소현,8589,1,10,5,2,4,OB,LOST_BALL_PENALTY_RESTART,8,PENALTY_STROKE,LOST_BALL_PENALTY_RESTART,PENALTY_RESTART,542.2,0.0,False,7,2,False,True,True,False
배소현,8589,1,10,5,3,8,PENALTY_STROKE,LOST_BALL_PENALTY_RESTART,1,FAIRWAY,FAIRWAY,PENALTY_RESTART,288.4,542.2,False,7,2,False,True,True,False
배소현,8589,1,10,5,4,1,FAIRWAY,FAIRWAY,2,ROUGH,ROUGH,ADVANCE_LAYUP,95.0,288.4,False,7,2,False,True,True,False
배소현,8589,1,10,5,5,2,ROUGH,ROUGH,3,GREEN,GREEN,RECOVERY,5.5,95.0,False,7,2,False,True,True,False
배소현,8589,1,11,3,2,12,FRINGE,FRINGE,3,GREEN,GREEN,SHORT_GAME,2.3,15.2,False,3,0,True,False,False,
배소현,8589,1,12,4,2,1,FAIRWAY,FAIRWAY,3,GREEN,GREEN,NORMAL_APPROACH,9.5,163.0,True,4,0,True,False,False,True
배소현,8589,1,13,4,2,6,BUNKER,BUNKER,3,GREEN,GREEN,RECOVERY,1.8,90.6,True,3,-1,True,False,False,False
배소현,8589,1,14,4,2,1,FAIRWAY,FAIRWAY,3,GREEN,GREEN,NORMAL_APPROACH,10.8,137.5,True,4,0,True,False,False,True
배소현,8589,1,15,4,2,2,ROUGH,ROUGH,2,ROUGH,ROUGH,RECOVERY,24.2,137.0,False,5,1,False,True,False,False
배소현,8589,1,15,4,3,2,ROUGH,ROUGH,3,GREEN,GREEN,RECOVERY,4.9,24.2,False,5,1,False,True,False,False
배소현,8589,1,17,4,2,2,ROUGH,ROUGH,3,GREEN,GREEN,RECOVERY,13.4,125.5,True,4,0,True,False,False,False
배소현,8589,1,18,5,2,1,FAIRWAY,FAIRWAY,1,FAIRWAY,FAIRWAY,ADVANCE_LAYUP,84.5,261.0,True,4,-1,True,False,False,True
배소현,8589,1,18,5,3,1,FAIRWAY,FAIRWAY,3,GREEN,GREEN,NORMAL_APPROACH,3.1,84.5,True,4,-1,True,False,False,True
배소현,8589,2,1,4,2,6,BUNKER,BUNKER,3,GREEN,GREEN,RECOVERY,15.9,138.6,True,4,0,True,False,False,False
배소현,8589,2,2,3,2,2,ROUGH,ROUGH,3,GREEN,GREEN,RECOVERY,3.5,12.3,False,4,1,False,True,False,
배소현,8589,2,3,4,2,1,FAIRWAY,FAIRWAY,3,GREEN,GREEN,NORMAL_APPROACH,15.8,159.5,True,4,0,True,False,False,True
배소현,8589,2,4,5,2,1,FAIRWAY,FAIRWAY,6,BUNKER,BUNKER,ADVANCE_LAYUP,107.6,282.7,True,4,-1,True,False,False,True
배소현,8589,2,4,5,3,6,BUNKER,BUNKER,3,GREEN,GREEN,RECOVERY,9.5,107.6,True,4,-1,True,False,False,True
배소현,8589,2,6,4,2,1,FAIRWAY,FAIRWAY,2,ROUGH,ROUGH,OTHER_UNRESOLVED,15.8,135.6,False,4,0,True,False,False,True
배소현,8589,2,6,4,3,2,ROUGH,ROUGH,3,GREEN,GREEN,RECOVERY,1.4,15.8,False,4,0,True,False,False,True
배소현,8589,2,7,5,2,2,ROUGH,ROUGH,1,FAIRWAY,FAIRWAY,RECOVERY,97.8,272.8,True,5,0,True,False,False,False
배소현,8589,2,7,5,3,1,FAIRWAY,FAIRWAY,3,GREEN,GREEN,NORMAL_APPROACH,2.8,97.8,True,5,0,True,False,False,False
배소현,8589,2,8,4,2,1,FAIRWAY,FAIRWAY,12,FRINGE,FRINGE,NORMAL_APPROACH,4.8,108.7,False,4,0,True,False,False,True
배소현,8589,2,8,4,3,12,FRINGE,FRINGE,3,GREEN,GREEN,SHORT_GAME,0.4,4.8,False,4,0,True,False,False,True
배소현,8589,2,9,4,2,1,FAIRWAY,FAIRWAY,3,GREEN,GREEN,NORMAL_APPROACH,9.5,95.0,True,4,0,True,False,False,True
배소현,8589,2,10,5,2,1,FAIRWAY,FAIRWAY,1,FAIRWAY,FAIRWAY,ADVANCE_LAYUP,131.3,315.6,True,4,-1,True,False,False,True
배소현,8589,2,10,5,3,1,FAIRWAY,FAIRWAY,3,GREEN,GREEN,NORMAL_APPROACH,2.7,131.3,True,4,-1,True,False,False,True
배소현,8589,2,11,3,2,2,ROUGH,ROUGH,3,GREEN,GREEN,RECOVERY,0.8,15.3,False,3,0,True,False,False,
배소현,8589,2,12,4,2,1,FAIRWAY,FAIRWAY,3,GREEN,GREEN,NORMAL_APPROACH,16.1,160.5,True,4,0,True,False,False,True
배소현,8589,2,13,4,2,1,FAIRWAY,FAIRWAY,12,FRINGE,FRINGE,NORMAL_APPROACH,13.7,89.1,False,4,0,True,False,False,True
배소현,8589,2,13,4,3,12,FRINGE,FRINGE,3,GREEN,GREEN,SHORT_GAME,1.9,13.7,False,4,0,True,False,False,True
배소현,8589,2,14,4,2,1,FAIRWAY,FAIRWAY,3,GREEN,GREEN,NORMAL_APPROACH,16.8,154.7,True,4,0,True,False,False,True
배소현,8589,2,15,4,2,1,FAIRWAY,FAIRWAY,3,GREEN,GREEN,NORMAL_APPROACH,8.8,130.2,True,4,0,True,False,False,True
배소현,8589,2,17,4,2,1,FAIRWAY,FAIRWAY,3,GREEN,GREEN,NORMAL_APPROACH,8.8,128.9,True,4,0,True,False,False,True
배소현,8589,2,18,5,2,2,ROUGH,ROUGH,2,ROUGH,ROUGH,RECOVERY,145.3,264.1,True,5,0,True,False,False,False
배소현,8589,2,18,5,3,2,ROUGH,ROUGH,3,GREEN,GREEN,RECOVERY,11.1,145.3,True,5,0,True,False,False,False
배소현,8589,3,1,4,2,1,FAIRWAY,FAIRWAY,3,GREEN,GREEN,NORMAL_APPROACH,1.3,166.5,True,3,-1,True,False,False,True
배소현,8589,3,2,3,2,2,ROUGH,ROUGH,3,GREEN,GREEN,RECOVERY,0.9,21.8,False,3,0,True,False,False,
배소현,8589,3,3,4,2,2,ROUGH,ROUGH,2,ROUGH,ROUGH,RECOVERY,29.4,192.6,False,4,0,True,False,False,False
배소현,8589,3,3,4,3,2,ROUGH,ROUGH,3,GREEN,GREEN,RECOVERY,0.8,29.4,False,4,0,True,False,False,False
배소현,8589,3,4,5,2,1,FAIRWAY,FAIRWAY,2,ROUGH,ROUGH,ADVANCE_LAYUP,70.8,286.9,True,5,0,True,False,False,True
배소현,8589,3,4,5,3,2,ROUGH,ROUGH,3,GREEN,GREEN,RECOVERY,4.3,70.8,True,5,0,True,False,False,True
배소현,8589,3,6,4,2,2,ROUGH,ROUGH,3,GREEN,GREEN,RECOVERY,5.9,162.2,True,4,0,True,False,False,False
배소현,8589,3,7,5,2,1,FAIRWAY,FAIRWAY,2,ROUGH,ROUGH,ADVANCE_LAYUP,48.1,265.6,True,4,-1,True,False,False,True
배소현,8589,3,7,5,3,2,ROUGH,ROUGH,3,GREEN,GREEN,RECOVERY,3.4,48.1,True,4,-1,True,False,False,True
배소현,8589,3,8,4,2,2,ROUGH,ROUGH,3,GREEN,GREEN,RECOVERY,13.8,138.6,True,4,0,True,False,False,False
배소현,8589,3,9,4,2,1,FAIRWAY,FAIRWAY,3,GREEN,GREEN,NORMAL_APPROACH,4.5,97.5,True,3,-1,True,False,False,True
배소현,8589,3,10,5,2,1,FAIRWAY,FAIRWAY,2,ROUGH,ROUGH,ADVANCE_LAYUP,111.0,296.3,True,5,0,True,False,False,True
배소현,8589,3,10,5,3,2,ROUGH,ROUGH,3,GREEN,GREEN,RECOVERY,15.6,111.0,True,5,0,True,False,False,True
배소현,8589,3,12,4,2,1,FAIRWAY,FAIRWAY,3,GREEN,GREEN,NORMAL_APPROACH,4.3,170.1,True,4,0,True,False,False,True
배소현,8589,3,13,4,2,1,FAIRWAY,FAIRWAY,12,FRINGE,FRINGE,NORMAL_APPROACH,10.4,128.2,False,4,0,True,False,False,True
배소현,8589,3,13,4,3,12,FRINGE,FRINGE,3,GREEN,GREEN,SHORT_GAME,0.3,10.4,False,4,0,True,False,False,True
배소현,8589,3,14,4,2,2,ROUGH,ROUGH,3,GREEN,GREEN,RECOVERY,13.9,133.5,True,4,0,True,False,False,False
배소현,8589,3,15,4,2,2,ROUGH,ROUGH,3,GREEN,GREEN,RECOVERY,12.9,144.3,True,4,0,True,False,False,False
배소현,8589,3,17,4,2,2,ROUGH,ROUGH,3,GREEN,GREEN,RECOVERY,0.9,127.4,True,3,-1,True,False,False,False
배소현,8589,3,18,5,2,1,FAIRWAY,FAIRWAY,1,FAIRWAY,FAIRWAY,ADVANCE_LAYUP,86.5,258.0,True,5,0,True,False,False,True
배소현,8589,3,18,5,3,1,FAIRWAY,FAIRWAY,3,GREEN,GREEN,NORMAL_APPROACH,6.0,86.5,True,5,0,True,False,False,True
배소현,8589,4,1,4,2,6,BUNKER,BUNKER,1,FAIRWAY,FAIRWAY,RECOVERY,83.6,151.1,False,5,1,False,True,False,False
배소현,8589,4,1,4,3,1,FAIRWAY,FAIRWAY,3,GREEN,GREEN,NORMAL_APPROACH,5.5,83.6,False,5,1,False,True,False,False
배소현,8589,4,3,4,2,1,FAIRWAY,FAIRWAY,3,GREEN,GREEN,NORMAL_APPROACH,9.3,165.9,True,4,0,True,False,False,True
배소현,8589,4,4,5,2,2,ROUGH,ROUGH,1,FAIRWAY,FAIRWAY,RECOVERY,79.1,281.6,True,5,0,True,False,False,False
배소현,8589,4,4,5,3,1,FAIRWAY,FAIRWAY,3,GREEN,GREEN,NORMAL_APPROACH,6.2,79.1,True,5,0,True,False,False,False
배소현,8589,4,5,3,2,2,ROUGH,ROUGH,3,GREEN,GREEN,RECOVERY,1.2,12.9,False,3,0,True,False,False,
배소현,8589,4,6,4,2,2,ROUGH,ROUGH,3,GREEN,GREEN,RECOVERY,16.1,120.0,True,4,0,True,False,False,False
배소현,8589,4,7,5,2,2,ROUGH,ROUGH,1,FAIRWAY,FAIRWAY,RECOVERY,92.5,288.4,True,4,-1,True,False,False,False
배소현,8589,4,7,5,3,1,FAIRWAY,FAIRWAY,3,GREEN,GREEN,NORMAL_APPROACH,2.5,92.5,True,4,-1,True,False,False,False
배소현,8589,4,8,4,2,1,FAIRWAY,FAIRWAY,3,GREEN,GREEN,NORMAL_APPROACH,4.9,102.4,True,4,0,True,False,False,True
배소현,8589,4,9,4,2,1,FAIRWAY,FAIRWAY,3,GREEN,GREEN,NORMAL_APPROACH,5.0,75.9,True,4,0,True,False,False,True
배소현,8589,4,10,5,2,1,FAIRWAY,FAIRWAY,2,ROUGH,ROUGH,ADVANCE_LAYUP,95.5,281.3,True,5,0,True,False,False,True
배소현,8589,4,10,5,3,2,ROUGH,ROUGH,3,GREEN,GREEN,RECOVERY,17.0,95.5,True,5,0,True,False,False,True
배소현,8589,4,12,4,2,2,ROUGH,ROUGH,3,GREEN,GREEN,RECOVERY,16.1,147.7,True,5,1,False,True,False,False
배소현,8589,4,13,4,2,1,FAIRWAY,FAIRWAY,3,GREEN,GREEN,NORMAL_APPROACH,9.7,112.1,True,4,0,True,False,False,True
배소현,8589,4,14,4,2,1,FAIRWAY,FAIRWAY,2,ROUGH,ROUGH,OTHER_UNRESOLVED,17.9,136.1,False,5,1,False,True,False,True
배소현,8589,4,14,4,3,2,ROUGH,ROUGH,3,GREEN,GREEN,RECOVERY,7.4,17.9,False,5,1,False,True,False,True
배소현,8589,4,15,4,2,1,FAIRWAY,FAIRWAY,12,FRINGE,FRINGE,NORMAL_APPROACH,18.8,166.5,False,4,0,True,False,False,True
배소현,8589,4,15,4,3,12,FRINGE,FRINGE,3,GREEN,GREEN,SHORT_GAME,3.5,18.8,False,4,0,True,False,False,True
배소현,8589,4,17,4,2,1,FAIRWAY,FAIRWAY,9,GREENSIDE_BUNKER,GREENSIDE_BUNKER,OTHER_UNRESOLVED,16.5,115.1,False,5,1,False,True,False,True
배소현,8589,4,17,4,3,9,GREENSIDE_BUNKER,GREENSIDE_BUNKER,3,GREEN,GREEN,RECOVERY,9.9,16.5,False,5,1,False,True,False,True
배소현,8589,4,18,5,2,6,BUNKER,BUNKER,1,FAIRWAY,FAIRWAY,RECOVERY,119.3,261.2,True,5,0,True,False,False,False
배소현,8589,4,18,5,3,1,FAIRWAY,FAIRWAY,3,GREEN,GREEN,NORMAL_APPROACH,6.1,119.3,True,5,0,True,False,False,False
조아연,8770,1,1,4,2,2,ROUGH,ROUGH,2,ROUGH,ROUGH,RECOVERY,11.4,171.7,False,4,0,True,False,False,False
조아연,8770,1,1,4,3,2,ROUGH,ROUGH,3,GREEN,GREEN,RECOVERY,0.4,11.4,False,4,0,True,False,False,False
조아연,8770,1,3,4,2,1,FAIRWAY,FAIRWAY,3,GREEN,GREEN,NORMAL_APPROACH,8.0,186.1,True,4,0,True,False,False,True
조아연,8770,1,4,5,2,1,FAIRWAY,FAIRWAY,1,FAIRWAY,FAIRWAY,ADVANCE_LAYUP,97.2,295.0,False,6,1,False,True,False,True
조아연,8770,1,4,5,3,1,FAIRWAY,FAIRWAY,2,ROUGH,ROUGH,ADVANCE_LAYUP,13.5,97.2,False,6,1,False,True,False,True
조아연,8770,1,4,5,4,2,ROUGH,ROUGH,3,GREEN,GREEN,RECOVERY,15.2,13.5,False,6,1,False,True,False,True
조아연,8770,1,6,4,2,2,ROUGH,ROUGH,1,FAIRWAY,FAIRWAY,RECOVERY,75.8,171.7,False,4,0,True,False,False,False
조아연,8770,1,6,4,3,1,FAIRWAY,FAIRWAY,3,GREEN,GREEN,NORMAL_APPROACH,4.1,75.8,False,4,0,True,False,False,False
조아연,8770,1,7,5,2,1,FAIRWAY,FAIRWAY,1,FAIRWAY,FAIRWAY,ADVANCE_LAYUP,82.8,277.8,True,5,0,True,False,False,True
조아연,8770,1,7,5,3,1,FAIRWAY,FAIRWAY,3,GREEN,GREEN,NORMAL_APPROACH,2.6,82.8,True,5,0,True,False,False,True
조아연,8770,1,8,4,2,2,ROUGH,ROUGH,12,FRINGE,FRINGE,RECOVERY,26.9,162.7,False,5,1,False,True,False,False
조아연,8770,1,8,4,3,12,FRINGE,FRINGE,3,GREEN,GREEN,SHORT_GAME,2.9,26.9,False,5,1,False,True,False,False
조아연,8770,1,9,4,2,2,ROUGH,ROUGH,3,GREEN,GREEN,RECOVERY,9.6,162.8,True,4,0,True,False,False,False
조아연,8770,1,10,5,2,2,ROUGH,ROUGH,1,FAIRWAY,FAIRWAY,RECOVERY,151.6,320.5,False,5,0,True,False,False,False
조아연,8770,1,10,5,3,1,FAIRWAY,FAIRWAY,2,ROUGH,ROUGH,ADVANCE_LAYUP,14.0,151.6,False,5,0,True,False,False,False
조아연,8770,1,10,5,4,2,ROUGH,ROUGH,3,GREEN,GREEN,RECOVERY,0.6,14.0,False,5,0,True,False,False,False
조아연,8770,1,11,3,2,2,ROUGH,ROUGH,3,GREEN,GREEN,RECOVERY,0.6,19.3,False,3,0,True,False,False,
조아연,8770,1,12,4,2,2,ROUGH,ROUGH,3,GREEN,GREEN,RECOVERY,21.9,171.5,True,4,0,True,False,False,False
조아연,8770,1,13,4,2,2,ROUGH,ROUGH,12,FRINGE,FRINGE,RECOVERY,25.1,109.3,False,5,1,False,True,False,False
조아연,8770,1,13,4,3,12,FRINGE,FRINGE,3,GREEN,GREEN,SHORT_GAME,2.5,25.1,False,5,1,False,True,False,False
조아연,8770,1,14,4,2,2,ROUGH,ROUGH,9,GREENSIDE_BUNKER,GREENSIDE_BUNKER,RECOVERY,17.4,167.0,False,5,1,False,True,False,False
조아연,8770,1,14,4,3,9,GREENSIDE_BUNKER,GREENSIDE_BUNKER,3,GREEN,GREEN,RECOVERY,3.5,17.4,False,5,1,False,True,False,False
조아연,8770,1,15,4,2,1,FAIRWAY,FAIRWAY,3,GREEN,GREEN,NORMAL_APPROACH,14.0,166.7,True,4,0,True,False,False,True
조아연,8770,1,16,3,2,12,FRINGE,FRINGE,3,GREEN,GREEN,SHORT_GAME,1.9,10.9,False,3,0,True,False,False,
조아연,8770,1,17,4,2,1,FAIRWAY,FAIRWAY,3,GREEN,GREEN,NORMAL_APPROACH,6.8,147.8,True,4,0,True,False,False,True
조아연,8770,1,18,5,2,1,FAIRWAY,FAIRWAY,2,ROUGH,ROUGH,ADVANCE_LAYUP,96.1,282.9,True,5,0,True,False,False,True
조아연,8770,1,18,5,3,2,ROUGH,ROUGH,3,GREEN,GREEN,RECOVERY,7.2,96.1,True,5,0,True,False,False,True
조아연,8770,2,1,4,2,2,ROUGH,ROUGH,2,ROUGH,ROUGH,RECOVERY,23.9,154.5,False,5,1,False,True,False,False
조아연,8770,2,1,4,3,2,ROUGH,ROUGH,3,GREEN,GREEN,RECOVERY,3.6,23.9,False,5,1,False,True,False,False
조아연,8770,2,3,4,2,1,FAIRWAY,FAIRWAY,9,GREENSIDE_BUNKER,GREENSIDE_BUNKER,OTHER_UNRESOLVED,25.7,189.6,False,5,1,False,True,False,True
조아연,8770,2,3,4,3,9,GREENSIDE_BUNKER,GREENSIDE_BUNKER,3,GREEN,GREEN,RECOVERY,4.6,25.7,False,5,1,False,True,False,True
조아연,8770,2,4,5,2,1,FAIRWAY,FAIRWAY,2,ROUGH,ROUGH,ADVANCE_LAYUP,107.8,305.6,True,5,0,True,False,False,True
조아연,8770,2,4,5,3,2,ROUGH,ROUGH,3,GREEN,GREEN,RECOVERY,7.2,107.8,True,5,0,True,False,False,True
조아연,8770,2,6,4,2,2,ROUGH,ROUGH,9,GREENSIDE_BUNKER,GREENSIDE_BUNKER,RECOVERY,17.2,165.9,False,5,1,False,True,False,False
조아연,8770,2,6,4,3,9,GREENSIDE_BUNKER,GREENSIDE_BUNKER,3,GREEN,GREEN,RECOVERY,3.7,17.2,False,5,1,False,True,False,False
조아연,8770,2,7,5,2,1,FAIRWAY,FAIRWAY,1,FAIRWAY,FAIRWAY,ADVANCE_LAYUP,74.7,291.6,True,5,0,True,False,False,True
조아연,8770,2,7,5,3,1,FAIRWAY,FAIRWAY,3,GREEN,GREEN,NORMAL_APPROACH,7.9,74.7,True,5,0,True,False,False,True
조아연,8770,2,8,4,2,2,ROUGH,ROUGH,2,ROUGH,ROUGH,RECOVERY,31.3,132.5,False,4,0,True,False,False,False
조아연,8770,2,8,4,3,2,ROUGH,ROUGH,3,GREEN,GREEN,RECOVERY,1.5,31.3,False,4,0,True,False,False,False
조아연,8770,2,9,4,2,2,ROUGH,ROUGH,3,GREEN,GREEN,RECOVERY,6.5,165.8,True,4,0,True,False,False,False
조아연,8770,2,10,5,2,2,ROUGH,ROUGH,1,FAIRWAY,FAIRWAY,RECOVERY,191.5,345.0,False,6,1,False,True,False,False
조아연,8770,2,10,5,3,1,FAIRWAY,FAIRWAY,9,GREENSIDE_BUNKER,GREENSIDE_BUNKER,ADVANCE_LAYUP,33.6,191.5,False,6,1,False,True,False,False
조아연,8770,2,10,5,4,9,GREENSIDE_BUNKER,GREENSIDE_BUNKER,12,FRINGE,FRINGE,RECOVERY,6.1,33.6,False,6,1,False,True,False,False
조아연,8770,2,10,5,5,12,FRINGE,FRINGE,3,GREEN,GREEN,SHORT_GAME,0.4,6.1,False,6,1,False,True,False,False
조아연,8770,2,11,3,2,2,ROUGH,ROUGH,12,FRINGE,FRINGE,RECOVERY,6.7,20.5,False,5,2,False,True,True,
조아연,8770,2,11,3,3,12,FRINGE,FRINGE,3,GREEN,GREEN,SHORT_GAME,1.3,6.7,False,5,2,False,True,True,
조아연,8770,2,12,4,2,1,FAIRWAY,FAIRWAY,3,GREEN,GREEN,NORMAL_APPROACH,6.7,155.8,True,4,0,True,False,False,True
조아연,8770,2,13,4,2,1,FAIRWAY,FAIRWAY,12,FRINGE,FRINGE,NORMAL_APPROACH,8.8,107.9,False,4,0,True,False,False,True
조아연,8770,2,13,4,3,12,FRINGE,FRINGE,3,GREEN,GREEN,SHORT_GAME,1.2,8.8,False,4,0,True,False,False,True
조아연,8770,2,14,4,2,2,ROUGH,ROUGH,3,GREEN,GREEN,RECOVERY,8.3,156.7,True,4,0,True,False,False,False
조아연,8770,2,15,4,2,1,FAIRWAY,FAIRWAY,2,ROUGH,ROUGH,OTHER_UNRESOLVED,19.0,193.8,False,4,0,True,False,False,True
조아연,8770,2,15,4,3,2,ROUGH,ROUGH,3,GREEN,GREEN,RECOVERY,0.4,19.0,False,4,0,True,False,False,True
조아연,8770,2,17,4,2,1,FAIRWAY,FAIRWAY,3,GREEN,GREEN,NORMAL_APPROACH,10.9,145.6,True,4,0,True,False,False,True
조아연,8770,2,18,5,2,2,ROUGH,ROUGH,1,FAIRWAY,FAIRWAY,RECOVERY,226.5,294.8,False,6,1,False,True,False,False
조아연,8770,2,18,5,3,1,FAIRWAY,FAIRWAY,1,FAIRWAY,FAIRWAY,ADVANCE_LAYUP,78.9,226.5,False,6,1,False,True,False,False
조아연,8770,2,18,5,4,1,FAIRWAY,FAIRWAY,3,GREEN,GREEN,NORMAL_APPROACH,7.9,78.9,False,6,1,False,True,False,False
박민지,8772,1,1,4,2,1,FAIRWAY,FAIRWAY,3,GREEN,GREEN,NORMAL_APPROACH,13.6,173.3,True,4,0,True,False,False,True
박민지,8772,1,3,4,2,1,FAIRWAY,FAIRWAY,2,ROUGH,ROUGH,OTHER_UNRESOLVED,10.4,182.8,False,4,0,True,False,False,True
박민지,8772,1,3,4,3,2,ROUGH,ROUGH,3,GREEN,GREEN,RECOVERY,2.5,10.4,False,4,0,True,False,False,True
박민지,8772,1,4,5,2,1,FAIRWAY,FAIRWAY,2,ROUGH,ROUGH,ADVANCE_LAYUP,108.7,296.7,False,5,0,True,False,False,True
박민지,8772,1,4,5,3,2,ROUGH,ROUGH,2,ROUGH,ROUGH,RECOVERY,12.5,108.7,False,5,0,True,False,False,True
박민지,8772,1,4,5,4,2,ROUGH,ROUGH,3,GREEN,GREEN,RECOVERY,0.7,12.5,False,5,0,True,False,False,True
박민지,8772,1,6,4,2,2,ROUGH,ROUGH,2,ROUGH,ROUGH,RECOVERY,244.3,255.5,False,6,2,False,True,True,False
박민지,8772,1,6,4,3,2,ROUGH,ROUGH,1,FAIRWAY,FAIRWAY,RECOVERY,97.4,244.3,False,6,2,False,True,True,False
박민지,8772,1,6,4,4,1,FAIRWAY,FAIRWAY,3,GREEN,GREEN,NORMAL_APPROACH,9.2,97.4,False,6,2,False,True,True,False
박민지,8772,1,7,5,2,1,FAIRWAY,FAIRWAY,1,FAIRWAY,FAIRWAY,ADVANCE_LAYUP,71.3,267.7,True,5,0,True,False,False,True
박민지,8772,1,7,5,3,1,FAIRWAY,FAIRWAY,3,GREEN,GREEN,NORMAL_APPROACH,1.6,71.3,True,5,0,True,False,False,True
박민지,8772,1,8,4,2,2,ROUGH,ROUGH,5,PENALTY_AREA,PENALTY_AREA,RECOVERY,16.3,145.0,False,4,0,True,False,False,False
박민지,8772,1,8,4,3,5,PENALTY_AREA,PENALTY_AREA,3,GREEN,GREEN,PENALTY_RESTART,2.2,16.3,False,4,0,True,False,False,False
박민지,8772,1,9,4,2,1,FAIRWAY,FAIRWAY,3,GREEN,GREEN,NORMAL_APPROACH,17.0,132.1,True,4,0,True,False,False,True
박민지,8772,1,10,5,2,1,FAIRWAY,FAIRWAY,1,FAIRWAY,FAIRWAY,ADVANCE_LAYUP,116.3,307.9,False,5,0,True,False,False,True
박민지,8772,1,10,5,3,1,FAIRWAY,FAIRWAY,2,ROUGH,ROUGH,ADVANCE_LAYUP,7.0,116.3,False,5,0,True,False,False,True
박민지,8772,1,10,5,4,2,ROUGH,ROUGH,3,GREEN,GREEN,RECOVERY,0.5,7.0,False,5,0,True,False,False,True
박민지,8772,1,12,4,2,1,FAIRWAY,FAIRWAY,2,ROUGH,ROUGH,OTHER_UNRESOLVED,11.8,139.7,False,4,0,True,False,False,True
박민지,8772,1,12,4,3,2,ROUGH,ROUGH,3,GREEN,GREEN,RECOVERY,2.7,11.8,False,4,0,True,False,False,True
박민지,8772,1,13,4,2,2,ROUGH,ROUGH,12,FRINGE,FRINGE,RECOVERY,13.3,125.8,False,5,1,False,True,False,False
박민지,8772,1,13,4,3,12,FRINGE,FRINGE,3,GREEN,GREEN,SHORT_GAME,2.3,13.3,False,5,1,False,True,False,False
박민지,8772,1,14,4,2,1,FAIRWAY,FAIRWAY,3,GREEN,GREEN,NORMAL_APPROACH,6.3,136.8,True,4,0,True,False,False,True
박민지,8772,1,15,4,2,1,FAIRWAY,FAIRWAY,3,GREEN,GREEN,NORMAL_APPROACH,18.9,151.8,True,4,0,True,False,False,True
박민지,8772,1,17,4,2,2,ROUGH,ROUGH,2,ROUGH,ROUGH,RECOVERY,32.4,134.2,False,4,0,True,False,False,False
박민지,8772,1,17,4,3,2,ROUGH,ROUGH,3,GREEN,GREEN,RECOVERY,2.3,32.4,False,4,0,True,False,False,False
박민지,8772,1,18,5,2,1,FAIRWAY,FAIRWAY,1,FAIRWAY,FAIRWAY,ADVANCE_LAYUP,93.9,281.9,True,5,0,True,False,False,True
박민지,8772,1,18,5,3,1,FAIRWAY,FAIRWAY,3,GREEN,GREEN,NORMAL_APPROACH,10.3,93.9,True,5,0,True,False,False,True
박민지,8772,2,1,4,2,6,BUNKER,BUNKER,1,FAIRWAY,FAIRWAY,RECOVERY,64.7,157.6,False,4,0,True,False,False,False
박민지,8772,2,1,4,3,1,FAIRWAY,FAIRWAY,3,GREEN,GREEN,NORMAL_APPROACH,1.0,64.7,False,4,0,True,False,False,False
박민지,8772,2,3,4,2,1,FAIRWAY,FAIRWAY,3,GREEN,GREEN,NORMAL_APPROACH,7.4,196.9,True,4,0,True,False,False,True
박민지,8772,2,4,5,2,1,FAIRWAY,FAIRWAY,1,FAIRWAY,FAIRWAY,ADVANCE_LAYUP,106.7,303.7,True,5,0,True,False,False,True
박민지,8772,2,4,5,3,1,FAIRWAY,FAIRWAY,3,GREEN,GREEN,NORMAL_APPROACH,7.0,106.7,True,5,0,True,False,False,True
박민지,8772,2,5,3,2,12,FRINGE,FRINGE,3,GREEN,GREEN,SHORT_GAME,0.3,10.4,False,3,0,True,False,False,
박민지,8772,2,6,4,2,1,FAIRWAY,FAIRWAY,3,GREEN,GREEN,NORMAL_APPROACH,4.0,162.4,True,4,0,True,False,False,True
박민지,8772,2,7,5,2,1,FAIRWAY,FAIRWAY,1,FAIRWAY,FAIRWAY,ADVANCE_LAYUP,70.9,289.3,True,4,-1,True,False,False,True
박민지,8772,2,7,5,3,1,FAIRWAY,FAIRWAY,3,GREEN,GREEN,NORMAL_APPROACH,1.4,70.9,True,4,-1,True,False,False,True
박민지,8772,2,8,4,2,1,FAIRWAY,FAIRWAY,2,ROUGH,ROUGH,OTHER_UNRESOLVED,12.0,138.9,False,4,0,True,False,False,True
박민지,8772,2,8,4,3,2,ROUGH,ROUGH,3,GREEN,GREEN,RECOVERY,0.3,12.0,False,4,0,True,False,False,True
박민지,8772,2,9,4,2,1,FAIRWAY,FAIRWAY,3,GREEN,GREEN,NORMAL_APPROACH,6.5,124.2,True,4,0,True,False,False,True
박민지,8772,2,10,5,2,1,FAIRWAY,FAIRWAY,1,FAIRWAY,FAIRWAY,ADVANCE_LAYUP,124.2,319.0,True,4,-1,True,False,False,True
박민지,8772,2,10,5,3,1,FAIRWAY,FAIRWAY,3,GREEN,GREEN,NORMAL_APPROACH,1.7,124.2,True,4,-1,True,False,False,True
박민지,8772,2,11,3,2,2,ROUGH,ROUGH,3,GREEN,GREEN,RECOVERY,4.2,12.0,False,4,1,False,True,False,
박민지,8772,2,12,4,2,2,ROUGH,ROUGH,3,GREEN,GREEN,RECOVERY,7.3,142.5,True,4,0,True,False,False,False
박민지,8772,2,13,4,2,1,FAIRWAY,FAIRWAY,3,GREEN,GREEN,NORMAL_APPROACH,10.6,112.7,True,4,0,True,False,False,True
박민지,8772,2,14,4,2,2,ROUGH,ROUGH,3,GREEN,GREEN,RECOVERY,18.3,147.2,True,4,0,True,False,False,False
박민지,8772,2,15,4,2,1,FAIRWAY,FAIRWAY,12,FRINGE,FRINGE,NORMAL_APPROACH,7.0,150.4,False,4,0,True,False,False,True
박민지,8772,2,15,4,3,12,FRINGE,FRINGE,3,GREEN,GREEN,SHORT_GAME,0.9,7.0,False,4,0,True,False,False,True
박민지,8772,2,16,3,2,5,PENALTY_AREA,PENALTY_AREA,8,PENALTY_STROKE,LOST_BALL_PENALTY_RESTART,PENALTY_RESTART,95.8,0.0,False,5,2,False,True,True,
박민지,8772,2,16,3,3,8,PENALTY_STROKE,LOST_BALL_PENALTY_RESTART,3,GREEN,GREEN,PENALTY_RESTART,5.9,95.8,False,5,2,False,True,True,
박민지,8772,2,17,4,2,1,FAIRWAY,FAIRWAY,3,GREEN,GREEN,NORMAL_APPROACH,11.8,160.8,True,4,0,True,False,False,True
박민지,8772,2,18,5,2,2,ROUGH,ROUGH,1,FAIRWAY,FAIRWAY,RECOVERY,97.5,276.8,True,5,0,True,False,False,False
박민지,8772,2,18,5,3,1,FAIRWAY,FAIRWAY,3,GREEN,GREEN,NORMAL_APPROACH,3.8,97.5,True,5,0,True,False,False,False
박민지,8772,3,1,4,2,1,FAIRWAY,FAIRWAY,2,ROUGH,ROUGH,OTHER_UNRESOLVED,27.5,181.6,False,5,1,False,True,False,True
박민지,8772,3,1,4,3,2,ROUGH,ROUGH,3,GREEN,GREEN,RECOVERY,3.5,27.5,False,5,1,False,True,False,True
박민지,8772,3,2,3,2,2,ROUGH,ROUGH,3,GREEN,GREEN,RECOVERY,1.3,9.5,False,3,0,True,False,False,
박민지,8772,3,3,4,2,1,FAIRWAY,FAIRWAY,3,GREEN,GREEN,NORMAL_APPROACH,5.8,194.2,True,4,0,True,False,False,True
박민지,8772,3,4,5,2,1,FAIRWAY,FAIRWAY,2,ROUGH,ROUGH,ADVANCE_LAYUP,108.5,301.6,False,6,1,False,True,False,True
박민지,8772,3,4,5,3,2,ROUGH,ROUGH,2,ROUGH,ROUGH,RECOVERY,18.1,108.5,False,6,1,False,True,False,True
박민지,8772,3,4,5,4,2,ROUGH,ROUGH,3,GREEN,GREEN,RECOVERY,1.6,18.1,False,6,1,False,True,False,True
박민지,8772,3,6,4,2,1,FAIRWAY,FAIRWAY,3,GREEN,GREEN,NORMAL_APPROACH,11.1,178.3,True,5,1,False,True,False,True
박민지,8772,3,7,5,2,1,FAIRWAY,FAIRWAY,1,FAIRWAY,FAIRWAY,ADVANCE_LAYUP,101.4,303.9,True,6,1,False,True,False,True
박민지,8772,3,7,5,3,1,FAIRWAY,FAIRWAY,3,GREEN,GREEN,NORMAL_APPROACH,9.0,101.4,True,6,1,False,True,False,True
박민지,8772,3,8,4,2,1,FAIRWAY,FAIRWAY,3,GREEN,GREEN,NORMAL_APPROACH,17.0,141.1,True,5,1,False,True,False,True
박민지,8772,3,9,4,2,2,ROUGH,ROUGH,3,GREEN,GREEN,RECOVERY,8.9,117.4,True,4,0,True,False,False,False
박민지,8772,3,10,5,2,1,FAIRWAY,FAIRWAY,1,FAIRWAY,FAIRWAY,ADVANCE_LAYUP,98.9,305.5,False,5,0,True,False,False,True
박민지,8772,3,10,5,3,1,FAIRWAY,FAIRWAY,12,FRINGE,FRINGE,NORMAL_APPROACH,15.8,98.9,False,5,0,True,False,False,True
박민지,8772,3,10,5,4,12,FRINGE,FRINGE,3,GREEN,GREEN,SHORT_GAME,0.3,15.8,False,5,0,True,False,False,True
박민지,8772,3,11,3,2,2,ROUGH,ROUGH,3,GREEN,GREEN,RECOVERY,0.2,10.0,False,3,0,True,False,False,
박민지,8772,3,12,4,2,1,FAIRWAY,FAIRWAY,12,FRINGE,FRINGE,NORMAL_APPROACH,13.1,147.1,False,4,0,True,False,False,True
박민지,8772,3,12,4,3,12,FRINGE,FRINGE,3,GREEN,GREEN,SHORT_GAME,1.2,13.1,False,4,0,True,False,False,True
박민지,8772,3,13,4,2,1,FAIRWAY,FAIRWAY,2,ROUGH,ROUGH,OTHER_UNRESOLVED,9.6,132.6,False,4,0,True,False,False,True
박민지,8772,3,13,4,3,2,ROUGH,ROUGH,3,GREEN,GREEN,RECOVERY,1.0,9.6,False,4,0,True,False,False,True
박민지,8772,3,14,4,2,2,ROUGH,ROUGH,3,GREEN,GREEN,RECOVERY,11.5,130.9,True,4,0,True,False,False,False
박민지,8772,3,15,4,2,1,FAIRWAY,FAIRWAY,3,GREEN,GREEN,NORMAL_APPROACH,17.2,178.8,True,6,2,False,True,True,True
박민지,8772,3,17,4,2,1,FAIRWAY,FAIRWAY,3,GREEN,GREEN,NORMAL_APPROACH,4.2,127.9,True,3,-1,True,False,False,True
박민지,8772,3,18,5,2,2,ROUGH,ROUGH,1,FAIRWAY,FAIRWAY,RECOVERY,158.4,276.1,True,5,0,True,False,False,False
박민지,8772,3,18,5,3,1,FAIRWAY,FAIRWAY,3,GREEN,GREEN,NORMAL_APPROACH,21.2,158.4,True,5,0,True,False,False,False
박민지,8772,4,1,4,2,2,ROUGH,ROUGH,2,ROUGH,ROUGH,RECOVERY,32.7,191.8,False,5,1,False,True,False,False
박민지,8772,4,1,4,3,2,ROUGH,ROUGH,3,GREEN,GREEN,RECOVERY,10.6,32.7,False,5,1,False,True,False,False
박민지,8772,4,3,4,2,1,FAIRWAY,FAIRWAY,3,GREEN,GREEN,NORMAL_APPROACH,11.1,187.9,True,5,1,False,True,False,True
박민지,8772,4,4,5,2,1,FAIRWAY,FAIRWAY,2,ROUGH,ROUGH,ADVANCE_LAYUP,85.8,290.1,True,5,0,True,False,False,True
박민지,8772,4,4,5,3,2,ROUGH,ROUGH,3,GREEN,GREEN,RECOVERY,7.0,85.8,True,5,0,True,False,False,True
박민지,8772,4,6,4,2,1,FAIRWAY,FAIRWAY,3,GREEN,GREEN,NORMAL_APPROACH,2.8,146.7,True,4,0,True,False,False,True
박민지,8772,4,7,5,2,1,FAIRWAY,FAIRWAY,1,FAIRWAY,FAIRWAY,ADVANCE_LAYUP,95.1,298.5,True,5,0,True,False,False,True
박민지,8772,4,7,5,3,1,FAIRWAY,FAIRWAY,3,GREEN,GREEN,NORMAL_APPROACH,3.2,95.1,True,5,0,True,False,False,True
박민지,8772,4,8,4,2,2,ROUGH,ROUGH,3,GREEN,GREEN,RECOVERY,3.3,145.2,True,3,-1,True,False,False,False
박민지,8772,4,9,4,2,2,ROUGH,ROUGH,3,GREEN,GREEN,RECOVERY,7.7,97.2,True,4,0,True,False,False,False
박민지,8772,4,10,5,2,2,ROUGH,ROUGH,1,FAIRWAY,FAIRWAY,RECOVERY,104.2,308.0,True,5,0,True,False,False,False
박민지,8772,4,10,5,3,1,FAIRWAY,FAIRWAY,3,GREEN,GREEN,NORMAL_APPROACH,2.9,104.2,True,5,0,True,False,False,False
박민지,8772,4,12,4,2,2,ROUGH,ROUGH,2,ROUGH,ROUGH,RECOVERY,31.8,148.5,False,6,2,False,True,True,False
박민지,8772,4,12,4,3,2,ROUGH,ROUGH,2,ROUGH,ROUGH,RECOVERY,8.9,31.8,False,6,2,False,True,True,False
박민지,8772,4,12,4,4,2,ROUGH,ROUGH,3,GREEN,GREEN,RECOVERY,1.5,8.9,False,6,2,False,True,True,False
박민지,8772,4,13,4,2,1,FAIRWAY,FAIRWAY,3,GREEN,GREEN,NORMAL_APPROACH,7.9,121.7,True,4,0,True,False,False,True
박민지,8772,4,14,4,2,1,FAIRWAY,FAIRWAY,3,GREEN,GREEN,NORMAL_APPROACH,4.0,129.0,True,4,0,True,False,False,True
박민지,8772,4,15,4,2,2,ROUGH,ROUGH,3,GREEN,GREEN,RECOVERY,13.8,184.0,True,4,0,True,False,False,False
박민지,8772,4,17,4,2,1,FAIRWAY,FAIRWAY,9,GREENSIDE_BUNKER,GREENSIDE_BUNKER,OTHER_UNRESOLVED,15.7,127.4,False,5,1,False,True,False,True
박민지,8772,4,17,4,3,9,GREENSIDE_BUNKER,GREENSIDE_BUNKER,3,GREEN,GREEN,RECOVERY,5.2,15.7,False,5,1,False,True,False,True
박민지,8772,4,18,5,2,1,FAIRWAY,FAIRWAY,2,ROUGH,ROUGH,ADVANCE_LAYUP,83.5,283.6,True,5,0,True,False,False,True
박민지,8772,4,18,5,3,2,ROUGH,ROUGH,3,GREEN,GREEN,RECOVERY,2.8,83.5,True,5,0,True,False,False,True
이채은2,8811,1,1,4,2,1,FAIRWAY,FAIRWAY,3,GREEN,GREEN,NORMAL_APPROACH,5.8,172.3,True,4,0,True,False,False,True
이채은2,8811,1,2,3,2,2,ROUGH,ROUGH,3,GREEN,GREEN,RECOVERY,2.8,7.0,False,4,1,False,True,False,
이채은2,8811,1,3,4,2,1,FAIRWAY,FAIRWAY,2,ROUGH,ROUGH,OTHER_UNRESOLVED,20.5,183.8,False,5,1,False,True,False,True
이채은2,8811,1,3,4,3,2,ROUGH,ROUGH,3,GREEN,GREEN,RECOVERY,4.1,20.5,False,5,1,False,True,False,True
이채은2,8811,1,4,5,2,1,FAIRWAY,FAIRWAY,1,FAIRWAY,FAIRWAY,ADVANCE_LAYUP,128.6,297.5,True,4,-1,True,False,False,True
이채은2,8811,1,4,5,3,1,FAIRWAY,FAIRWAY,3,GREEN,GREEN,NORMAL_APPROACH,2.5,128.6,True,4,-1,True,False,False,True
이채은2,8811,1,6,4,2,1,FAIRWAY,FAIRWAY,2,ROUGH,ROUGH,OTHER_UNRESOLVED,23.8,171.0,False,4,0,True,False,False,True
이채은2,8811,1,6,4,3,2,ROUGH,ROUGH,3,GREEN,GREEN,RECOVERY,3.9,23.8,False,4,0,True,False,False,True
이채은2,8811,1,7,5,2,1,FAIRWAY,FAIRWAY,2,ROUGH,ROUGH,ADVANCE_LAYUP,83.9,278.9,False,6,1,False,True,False,True
이채은2,8811,1,7,5,3,2,ROUGH,ROUGH,1,FAIRWAY,FAIRWAY,RECOVERY,52.1,83.9,False,6,1,False,True,False,True
이채은2,8811,1,7,5,4,1,FAIRWAY,FAIRWAY,3,GREEN,GREEN,NORMAL_APPROACH,15.1,52.1,False,6,1,False,True,False,True
이채은2,8811,1,8,4,2,2,ROUGH,ROUGH,2,ROUGH,ROUGH,RECOVERY,8.8,160.7,False,4,0,True,False,False,False
이채은2,8811,1,8,4,3,2,ROUGH,ROUGH,3,GREEN,GREEN,RECOVERY,2.3,8.8,False,4,0,True,False,False,False
이채은2,8811,1,9,4,2,2,ROUGH,ROUGH,5,PENALTY_AREA,PENALTY_AREA,RECOVERY,0.0,134.0,False,6,2,False,True,True,False
이채은2,8811,1,9,4,3,5,PENALTY_AREA,PENALTY_AREA,8,PENALTY_STROKE,LOST_BALL_PENALTY_RESTART,PENALTY_RESTART,39.3,0.0,False,6,2,False,True,True,False
이채은2,8811,1,9,4,4,8,PENALTY_STROKE,LOST_BALL_PENALTY_RESTART,3,GREEN,GREEN,PENALTY_RESTART,9.8,39.3,False,6,2,False,True,True,False
이채은2,8811,1,10,5,2,1,FAIRWAY,FAIRWAY,1,FAIRWAY,FAIRWAY,ADVANCE_LAYUP,114.4,301.9,False,6,1,False,True,False,True
이채은2,8811,1,10,5,3,1,FAIRWAY,FAIRWAY,9,GREENSIDE_BUNKER,GREENSIDE_BUNKER,ADVANCE_LAYUP,13.3,114.4,False,6,1,False,True,False,True
이채은2,8811,1,10,5,4,9,GREENSIDE_BUNKER,GREENSIDE_BUNKER,2,ROUGH,ROUGH,RECOVERY,6.8,13.3,False,6,1,False,True,False,True
이채은2,8811,1,10,5,5,2,ROUGH,ROUGH,3,GREEN,GREEN,RECOVERY,0.8,6.8,False,6,1,False,True,False,True
이채은2,8811,1,12,4,2,2,ROUGH,ROUGH,2,ROUGH,ROUGH,RECOVERY,11.1,144.5,False,4,0,True,False,False,False
이채은2,8811,1,12,4,3,2,ROUGH,ROUGH,3,GREEN,GREEN,RECOVERY,0.2,11.1,False,4,0,True,False,False,False
이채은2,8811,1,13,4,2,1,FAIRWAY,FAIRWAY,3,GREEN,GREEN,NORMAL_APPROACH,10.6,116.5,True,4,0,True,False,False,True
이채은2,8811,1,14,4,2,1,FAIRWAY,FAIRWAY,9,GREENSIDE_BUNKER,GREENSIDE_BUNKER,OTHER_UNRESOLVED,13.8,162.6,False,4,0,True,False,False,True
이채은2,8811,1,14,4,3,9,GREENSIDE_BUNKER,GREENSIDE_BUNKER,3,GREEN,GREEN,RECOVERY,6.9,13.8,False,4,0,True,False,False,True
이채은2,8811,1,15,4,2,2,ROUGH,ROUGH,2,ROUGH,ROUGH,RECOVERY,21.6,165.5,False,4,0,True,False,False,False
이채은2,8811,1,15,4,3,2,ROUGH,ROUGH,3,GREEN,GREEN,RECOVERY,1.3,21.6,False,4,0,True,False,False,False
이채은2,8811,1,16,3,2,2,ROUGH,ROUGH,3,GREEN,GREEN,RECOVERY,0.5,9.3,False,3,0,True,False,False,
이채은2,8811,1,17,4,2,2,ROUGH,ROUGH,2,ROUGH,ROUGH,RECOVERY,14.6,137.1,False,5,1,False,True,False,False
이채은2,8811,1,17,4,3,2,ROUGH,ROUGH,3,GREEN,GREEN,RECOVERY,2.0,14.6,False,5,1,False,True,False,False
이채은2,8811,1,18,5,2,1,FAIRWAY,FAIRWAY,1,FAIRWAY,FAIRWAY,ADVANCE_LAYUP,95.0,280.7,True,4,-1,True,False,False,True
이채은2,8811,1,18,5,3,1,FAIRWAY,FAIRWAY,3,GREEN,GREEN,NORMAL_APPROACH,1.7,95.0,True,4,-1,True,False,False,True
이채은2,8811,2,1,4,2,2,ROUGH,ROUGH,3,GREEN,GREEN,RECOVERY,19.9,162.4,True,4,0,True,False,False,False
이채은2,8811,2,3,4,2,1,FAIRWAY,FAIRWAY,2,ROUGH,ROUGH,OTHER_UNRESOLVED,34.8,192.9,False,5,1,False,True,False,True
이채은2,8811,2,3,4,3,2,ROUGH,ROUGH,3,GREEN,GREEN,RECOVERY,2.4,34.8,False,5,1,False,True,False,True
이채은2,8811,2,4,5,2,2,ROUGH,ROUGH,1,FAIRWAY,FAIRWAY,RECOVERY,173.4,310.8,True,5,0,True,False,False,False
이채은2,8811,2,4,5,3,1,FAIRWAY,FAIRWAY,3,GREEN,GREEN,NORMAL_APPROACH,13.7,173.4,True,5,0,True,False,False,False
이채은2,8811,2,6,4,2,2,ROUGH,ROUGH,12,FRINGE,FRINGE,RECOVERY,5.1,151.7,False,4,0,True,False,False,False
이채은2,8811,2,6,4,3,12,FRINGE,FRINGE,3,GREEN,GREEN,SHORT_GAME,0.4,5.1,False,4,0,True,False,False,False
이채은2,8811,2,7,5,2,6,BUNKER,BUNKER,2,ROUGH,ROUGH,RECOVERY,161.2,282.1,False,6,1,False,True,False,False
이채은2,8811,2,7,5,3,2,ROUGH,ROUGH,12,FRINGE,FRINGE,RECOVERY,25.2,161.2,False,6,1,False,True,False,False
이채은2,8811,2,7,5,4,12,FRINGE,FRINGE,3,GREEN,GREEN,SHORT_GAME,1.3,25.2,False,6,1,False,True,False,False
이채은2,8811,2,8,4,2,1,FAIRWAY,FAIRWAY,3,GREEN,GREEN,NORMAL_APPROACH,10.5,130.4,True,4,0,True,False,False,True
이채은2,8811,2,9,4,2,1,FAIRWAY,FAIRWAY,3,GREEN,GREEN,NORMAL_APPROACH,5.4,127.8,True,4,0,True,False,False,True
이채은2,8811,2,10,5,2,2,ROUGH,ROUGH,1,FAIRWAY,FAIRWAY,RECOVERY,195.7,329.9,False,6,1,False,True,False,False
이채은2,8811,2,10,5,3,1,FAIRWAY,FAIRWAY,2,ROUGH,ROUGH,ADVANCE_LAYUP,40.9,195.7,False,6,1,False,True,False,False
이채은2,8811,2,10,5,4,2,ROUGH,ROUGH,12,FRINGE,FRINGE,RECOVERY,4.7,40.9,False,6,1,False,True,False,False
이채은2,8811,2,10,5,5,12,FRINGE,FRINGE,3,GREEN,GREEN,SHORT_GAME,0.5,4.7,False,6,1,False,True,False,False
이채은2,8811,2,12,4,2,1,FAIRWAY,FAIRWAY,3,GREEN,GREEN,NORMAL_APPROACH,18.8,161.3,True,4,0,True,False,False,True
이채은2,8811,2,13,4,2,1,FAIRWAY,FAIRWAY,3,GREEN,GREEN,NORMAL_APPROACH,9.8,111.3,True,4,0,True,False,False,True
이채은2,8811,2,14,4,2,2,ROUGH,ROUGH,3,GREEN,GREEN,RECOVERY,18.6,147.2,True,4,0,True,False,False,False
이채은2,8811,2,15,4,2,1,FAIRWAY,FAIRWAY,2,ROUGH,ROUGH,OTHER_UNRESOLVED,18.8,157.5,False,5,1,False,True,False,True
이채은2,8811,2,15,4,3,2,ROUGH,ROUGH,3,GREEN,GREEN,RECOVERY,6.4,18.8,False,5,1,False,True,False,True
이채은2,8811,2,17,4,2,2,ROUGH,ROUGH,2,ROUGH,ROUGH,RECOVERY,53.5,144.2,False,5,1,False,True,False,False
이채은2,8811,2,17,4,3,2,ROUGH,ROUGH,3,GREEN,GREEN,RECOVERY,2.2,53.5,False,5,1,False,True,False,False
이채은2,8811,2,18,5,2,1,FAIRWAY,FAIRWAY,2,ROUGH,ROUGH,ADVANCE_LAYUP,87.2,266.5,True,5,0,True,False,False,True
이채은2,8811,2,18,5,3,2,ROUGH,ROUGH,3,GREEN,GREEN,RECOVERY,14.6,87.2,True,5,0,True,False,False,True
김우정,8838,1,1,4,2,2,ROUGH,ROUGH,2,ROUGH,ROUGH,RECOVERY,37.6,188.3,False,5,1,False,True,False,False
김우정,8838,1,1,4,3,2,ROUGH,ROUGH,3,GREEN,GREEN,RECOVERY,9.6,37.6,False,5,1,False,True,False,False
김우정,8838,1,3,4,2,1,FAIRWAY,FAIRWAY,3,GREEN,GREEN,NORMAL_APPROACH,6.6,178.1,True,4,0,True,False,False,True
김우정,8838,1,4,5,2,2,ROUGH,ROUGH,2,ROUGH,ROUGH,RECOVERY,144.1,301.0,False,6,1,False,True,False,False
김우정,8838,1,4,5,3,2,ROUGH,ROUGH,2,ROUGH,ROUGH,RECOVERY,16.7,144.1,False,6,1,False,True,False,False
김우정,8838,1,4,5,4,2,ROUGH,ROUGH,3,GREEN,GREEN,RECOVERY,1.9,16.7,False,6,1,False,True,False,False
김우정,8838,1,5,3,2,12,FRINGE,FRINGE,3,GREEN,GREEN,SHORT_GAME,2.2,10.4,False,4,1,False,True,False,
김우정,8838,1,6,4,2,1,FAIRWAY,FAIRWAY,9,GREENSIDE_BUNKER,GREENSIDE_BUNKER,OTHER_UNRESOLVED,13.9,160.8,False,5,1,False,True,False,True
김우정,8838,1,6,4,3,9,GREENSIDE_BUNKER,GREENSIDE_BUNKER,3,GREEN,GREEN,RECOVERY,5.2,13.9,False,5,1,False,True,False,True
김우정,8838,1,7,5,2,2,ROUGH,ROUGH,1,FAIRWAY,FAIRWAY,RECOVERY,116.4,296.8,True,5,0,True,False,False,False
김우정,8838,1,7,5,3,1,FAIRWAY,FAIRWAY,3,GREEN,GREEN,NORMAL_APPROACH,4.2,116.4,True,5,0,True,False,False,False
김우정,8838,1,8,4,2,1,FAIRWAY,FAIRWAY,3,GREEN,GREEN,NORMAL_APPROACH,8.5,148.0,True,4,0,True,False,False,True
김우정,8838,1,9,4,2,2,ROUGH,ROUGH,12,FRINGE,FRINGE,RECOVERY,6.9,163.9,False,4,0,True,False,False,False
김우정,8838,1,9,4,3,12,FRINGE,FRINGE,3,GREEN,GREEN,SHORT_GAME,0.4,6.9,False,4,0,True,False,False,False
김우정,8838,1,10,5,2,2,ROUGH,ROUGH,2,ROUGH,ROUGH,RECOVERY,118.8,324.6,False,5,0,True,False,False,False
김우정,8838,1,10,5,3,2,ROUGH,ROUGH,9,GREENSIDE_BUNKER,GREENSIDE_BUNKER,RECOVERY,13.8,118.8,False,5,0,True,False,False,False
김우정,8838,1,10,5,4,9,GREENSIDE_BUNKER,GREENSIDE_BUNKER,12,FRINGE,FRINGE,RECOVERY,6.8,13.8,False,5,0,True,False,False,False
김우정,8838,1,10,5,5,12,FRINGE,FRINGE,10,HOLED,HOLED,SHORT_GAME,0.0,6.8,False,5,0,True,False,False,False
김우정,8838,1,11,3,2,9,GREENSIDE_BUNKER,GREENSIDE_BUNKER,12,FRINGE,FRINGE,RECOVERY,6.9,20.6,False,4,1,False,True,False,
김우정,8838,1,11,3,3,12,FRINGE,FRINGE,3,GREEN,GREEN,SHORT_GAME,0.5,6.9,False,4,1,False,True,False,
김우정,8838,1,12,4,2,6,BUNKER,BUNKER,1,FAIRWAY,FAIRWAY,RECOVERY,117.1,171.6,False,4,0,True,False,False,False
김우정,8838,1,12,4,3,1,FAIRWAY,FAIRWAY,3,GREEN,GREEN,NORMAL_APPROACH,10.4,117.1,False,4,0,True,False,False,False
김우정,8838,1,13,4,2,1,FAIRWAY,FAIRWAY,3,GREEN,GREEN,NORMAL_APPROACH,13.2,116.7,True,4,0,True,False,False,True
김우정,8838,1,14,4,2,1,FAIRWAY,FAIRWAY,12,FRINGE,FRINGE,NORMAL_APPROACH,15.9,138.5,False,5,1,False,True,False,True
김우정,8838,1,14,4,3,12,FRINGE,FRINGE,3,GREEN,GREEN,SHORT_GAME,3.8,15.9,False,5,1,False,True,False,True
김우정,8838,1,15,4,2,2,ROUGH,ROUGH,2,ROUGH,ROUGH,RECOVERY,31.3,162.7,False,4,0,True,False,False,False
김우정,8838,1,15,4,3,2,ROUGH,ROUGH,3,GREEN,GREEN,RECOVERY,3.4,31.3,False,4,0,True,False,False,False
김우정,8838,1,16,3,2,12,FRINGE,FRINGE,3,GREEN,GREEN,SHORT_GAME,1.1,14.1,False,3,0,True,False,False,
김우정,8838,1,17,4,2,1,FAIRWAY,FAIRWAY,3,GREEN,GREEN,NORMAL_APPROACH,3.1,123.9,True,3,-1,True,False,False,True
김우정,8838,1,18,5,2,1,FAIRWAY,FAIRWAY,1,FAIRWAY,FAIRWAY,ADVANCE_LAYUP,97.0,274.5,True,5,0,True,False,False,True
김우정,8838,1,18,5,3,1,FAIRWAY,FAIRWAY,3,GREEN,GREEN,NORMAL_APPROACH,6.2,97.0,True,5,0,True,False,False,True
김우정,8838,2,1,4,2,1,FAIRWAY,FAIRWAY,3,GREEN,GREEN,NORMAL_APPROACH,5.4,164.1,True,4,0,True,False,False,True
김우정,8838,2,2,3,2,12,FRINGE,FRINGE,3,GREEN,GREEN,SHORT_GAME,0.8,14.3,False,3,0,True,False,False,
김우정,8838,2,3,4,2,2,ROUGH,ROUGH,2,ROUGH,ROUGH,RECOVERY,25.9,202.8,False,4,0,True,False,False,False
김우정,8838,2,3,4,3,2,ROUGH,ROUGH,3,GREEN,GREEN,RECOVERY,1.2,25.9,False,4,0,True,False,False,False
김우정,8838,2,4,5,2,2,ROUGH,ROUGH,2,ROUGH,ROUGH,RECOVERY,139.2,294.4,True,4,-1,True,False,False,False
김우정,8838,2,4,5,3,2,ROUGH,ROUGH,3,GREEN,GREEN,RECOVERY,0.8,139.2,True,4,-1,True,False,False,False
김우정,8838,2,6,4,2,1,FAIRWAY,FAIRWAY,12,FRINGE,FRINGE,NORMAL_APPROACH,8.8,146.9,False,4,0,True,False,False,True
김우정,8838,2,6,4,3,12,FRINGE,FRINGE,3,GREEN,GREEN,SHORT_GAME,0.2,8.8,False,4,0,True,False,False,True
김우정,8838,2,7,5,2,1,FAIRWAY,FAIRWAY,1,FAIRWAY,FAIRWAY,ADVANCE_LAYUP,95.9,298.6,True,5,0,True,False,False,True
김우정,8838,2,7,5,3,1,FAIRWAY,FAIRWAY,3,GREEN,GREEN,NORMAL_APPROACH,9.3,95.9,True,5,0,True,False,False,True
김우정,8838,2,8,4,2,2,ROUGH,ROUGH,1,FAIRWAY,FAIRWAY,RECOVERY,110.8,136.9,False,5,1,False,True,False,False
김우정,8838,2,8,4,3,1,FAIRWAY,FAIRWAY,3,GREEN,GREEN,NORMAL_APPROACH,7.6,110.8,False,5,1,False,True,False,False
김우정,8838,2,9,4,2,1,FAIRWAY,FAIRWAY,3,GREEN,GREEN,NORMAL_APPROACH,8.0,134.3,True,4,0,True,False,False,True
김우정,8838,2,10,5,2,2,ROUGH,ROUGH,1,FAIRWAY,FAIRWAY,RECOVERY,178.7,334.6,True,5,0,True,False,False,False
김우정,8838,2,10,5,3,1,FAIRWAY,FAIRWAY,3,GREEN,GREEN,NORMAL_APPROACH,13.5,178.7,True,5,0,True,False,False,False
김우정,8838,2,11,3,2,2,ROUGH,ROUGH,3,GREEN,GREEN,RECOVERY,1.1,13.3,False,3,0,True,False,False,
김우정,8838,2,12,4,2,1,FAIRWAY,FAIRWAY,3,GREEN,GREEN,NORMAL_APPROACH,4.6,167.9,True,4,0,True,False,False,True
김우정,8838,2,13,4,2,6,BUNKER,BUNKER,12,FRINGE,FRINGE,RECOVERY,14.8,98.5,False,5,1,False,True,False,False
김우정,8838,2,13,4,3,12,FRINGE,FRINGE,3,GREEN,GREEN,SHORT_GAME,2.2,14.8,False,5,1,False,True,False,False
김우정,8838,2,14,4,2,1,FAIRWAY,FAIRWAY,3,GREEN,GREEN,NORMAL_APPROACH,7.6,164.8,True,3,-1,True,False,False,True
김우정,8838,2,15,4,2,1,FAIRWAY,FAIRWAY,3,GREEN,GREEN,NORMAL_APPROACH,5.4,155.5,True,4,0,True,False,False,True
김우정,8838,2,17,4,2,1,FAIRWAY,FAIRWAY,3,GREEN,GREEN,NORMAL_APPROACH,10.8,137.9,True,4,0,True,False,False,True
김우정,8838,2,18,5,2,1,FAIRWAY,FAIRWAY,1,FAIRWAY,FAIRWAY,ADVANCE_LAYUP,87.9,272.3,False,5,0,True,False,False,True
김우정,8838,2,18,5,3,1,FAIRWAY,FAIRWAY,2,ROUGH,ROUGH,ADVANCE_LAYUP,9.1,87.9,False,5,0,True,False,False,True
김우정,8838,2,18,5,4,2,ROUGH,ROUGH,3,GREEN,GREEN,RECOVERY,2.4,9.1,False,5,0,True,False,False,True
김우정,8838,3,1,4,2,2,ROUGH,ROUGH,3,GREEN,GREEN,RECOVERY,18.3,163.4,True,5,1,False,True,False,False
김우정,8838,3,3,4,2,1,FAIRWAY,FAIRWAY,2,ROUGH,ROUGH,OTHER_UNRESOLVED,22.3,191.1,False,4,0,True,False,False,True
김우정,8838,3,3,4,3,2,ROUGH,ROUGH,3,GREEN,GREEN,RECOVERY,3.4,22.3,False,4,0,True,False,False,True
김우정,8838,3,4,5,2,1,FAIRWAY,FAIRWAY,1,FAIRWAY,FAIRWAY,ADVANCE_LAYUP,113.4,295.5,True,4,-1,True,False,False,True
김우정,8838,3,4,5,3,1,FAIRWAY,FAIRWAY,3,GREEN,GREEN,NORMAL_APPROACH,5.5,113.4,True,4,-1,True,False,False,True
김우정,8838,3,5,3,2,2,ROUGH,ROUGH,3,GREEN,GREEN,RECOVERY,1.4,19.3,False,4,1,False,True,False,
김우정,8838,3,6,4,2,1,FAIRWAY,FAIRWAY,3,GREEN,GREEN,NORMAL_APPROACH,8.2,178.5,True,4,0,True,False,False,True
김우정,8838,3,7,5,2,1,FAIRWAY,FAIRWAY,2,ROUGH,ROUGH,ADVANCE_LAYUP,119.8,301.1,True,5,0,True,False,False,True
김우정,8838,3,7,5,3,2,ROUGH,ROUGH,3,GREEN,GREEN,RECOVERY,5.2,119.8,True,5,0,True,False,False,True
김우정,8838,3,8,4,2,2,ROUGH,ROUGH,3,GREEN,GREEN,RECOVERY,8.6,128.5,True,4,0,True,False,False,False
김우정,8838,3,9,4,2,1,FAIRWAY,FAIRWAY,3,GREEN,GREEN,NORMAL_APPROACH,9.7,138.9,True,4,0,True,False,False,True
김우정,8838,3,10,5,2,1,FAIRWAY,FAIRWAY,1,FAIRWAY,FAIRWAY,ADVANCE_LAYUP,113.7,313.2,True,5,0,True,False,False,True
김우정,8838,3,10,5,3,1,FAIRWAY,FAIRWAY,3,GREEN,GREEN,NORMAL_APPROACH,4.4,113.7,True,5,0,True,False,False,True
김우정,8838,3,12,4,2,1,FAIRWAY,FAIRWAY,3,GREEN,GREEN,NORMAL_APPROACH,3.9,143.5,True,4,0,True,False,False,True
김우정,8838,3,13,4,2,2,ROUGH,ROUGH,2,ROUGH,ROUGH,RECOVERY,8.7,120.7,False,4,0,True,False,False,False
김우정,8838,3,13,4,3,2,ROUGH,ROUGH,3,GREEN,GREEN,RECOVERY,1.6,8.7,False,4,0,True,False,False,False
김우정,8838,3,14,4,2,2,ROUGH,ROUGH,2,ROUGH,ROUGH,RECOVERY,26.3,134.0,False,5,1,False,True,False,False
김우정,8838,3,14,4,3,2,ROUGH,ROUGH,3,GREEN,GREEN,RECOVERY,2.7,26.3,False,5,1,False,True,False,False
김우정,8838,3,15,4,2,1,FAIRWAY,FAIRWAY,2,ROUGH,ROUGH,OTHER_UNRESOLVED,19.3,163.3,False,5,1,False,True,False,True
김우정,8838,3,15,4,3,2,ROUGH,ROUGH,3,GREEN,GREEN,RECOVERY,4.6,19.3,False,5,1,False,True,False,True
김우정,8838,3,17,4,2,2,ROUGH,ROUGH,12,FRINGE,FRINGE,RECOVERY,5.9,134.2,False,3,-1,True,False,False,False
김우정,8838,3,17,4,3,12,FRINGE,FRINGE,10,HOLED,HOLED,SHORT_GAME,0.0,5.9,False,3,-1,True,False,False,False
김우정,8838,3,18,5,2,6,BUNKER,BUNKER,1,FAIRWAY,FAIRWAY,RECOVERY,254.6,302.2,False,6,1,False,True,False,False
김우정,8838,3,18,5,3,1,FAIRWAY,FAIRWAY,1,FAIRWAY,FAIRWAY,ADVANCE_LAYUP,90.9,254.6,False,6,1,False,True,False,False
김우정,8838,3,18,5,4,1,FAIRWAY,FAIRWAY,3,GREEN,GREEN,NORMAL_APPROACH,10.6,90.9,False,6,1,False,True,False,False
김우정,8838,4,1,4,2,1,FAIRWAY,FAIRWAY,9,GREENSIDE_BUNKER,GREENSIDE_BUNKER,OTHER_UNRESOLVED,17.1,179.6,False,5,1,False,True,False,True
김우정,8838,4,1,4,3,9,GREENSIDE_BUNKER,GREENSIDE_BUNKER,3,GREEN,GREEN,RECOVERY,4.2,17.1,False,5,1,False,True,False,True
김우정,8838,4,3,4,2,2,ROUGH,ROUGH,2,ROUGH,ROUGH,RECOVERY,106.8,207.5,False,6,2,False,True,True,False
김우정,8838,4,3,4,3,2,ROUGH,ROUGH,3,GREEN,GREEN,RECOVERY,15.8,106.8,False,6,2,False,True,True,False
김우정,8838,4,4,5,2,2,ROUGH,ROUGH,1,FAIRWAY,FAIRWAY,RECOVERY,110.4,299.9,True,4,-1,True,False,False,False
김우정,8838,4,4,5,3,1,FAIRWAY,FAIRWAY,3,GREEN,GREEN,NORMAL_APPROACH,0.2,110.4,True,4,-1,True,False,False,False
김우정,8838,4,5,3,2,12,FRINGE,FRINGE,3,GREEN,GREEN,SHORT_GAME,0.9,8.4,False,3,0,True,False,False,
김우정,8838,4,6,4,2,2,ROUGH,ROUGH,3,GREEN,GREEN,RECOVERY,5.5,132.2,True,4,0,True,False,False,False
김우정,8838,4,7,5,2,1,FAIRWAY,FAIRWAY,1,FAIRWAY,FAIRWAY,ADVANCE_LAYUP,93.2,305.1,True,5,0,True,False,False,True
김우정,8838,4,7,5,3,1,FAIRWAY,FAIRWAY,3,GREEN,GREEN,NORMAL_APPROACH,5.7,93.2,True,5,0,True,False,False,True
김우정,8838,4,8,4,2,1,FAIRWAY,FAIRWAY,3,GREEN,GREEN,NORMAL_APPROACH,7.7,141.4,True,4,0,True,False,False,True
김우정,8838,4,9,4,2,2,ROUGH,ROUGH,3,GREEN,GREEN,RECOVERY,21.3,131.1,True,4,0,True,False,False,False
김우정,8838,4,10,5,2,2,ROUGH,ROUGH,1,FAIRWAY,FAIRWAY,RECOVERY,101.5,301.5,True,5,0,True,False,False,False
김우정,8838,4,10,5,3,1,FAIRWAY,FAIRWAY,3,GREEN,GREEN,NORMAL_APPROACH,7.8,101.5,True,5,0,True,False,False,False
김우정,8838,4,12,4,2,1,FAIRWAY,FAIRWAY,3,GREEN,GREEN,NORMAL_APPROACH,18.8,141.1,True,4,0,True,False,False,True
김우정,8838,4,13,4,2,2,ROUGH,ROUGH,3,GREEN,GREEN,RECOVERY,21.0,113.7,True,4,0,True,False,False,False
김우정,8838,4,14,4,2,1,FAIRWAY,FAIRWAY,12,FRINGE,FRINGE,NORMAL_APPROACH,12.0,135.0,False,4,0,True,False,False,True
김우정,8838,4,14,4,3,12,FRINGE,FRINGE,3,GREEN,GREEN,SHORT_GAME,0.6,12.0,False,4,0,True,False,False,True
김우정,8838,4,15,4,2,1,FAIRWAY,FAIRWAY,3,GREEN,GREEN,NORMAL_APPROACH,8.2,160.7,True,3,-1,True,False,False,True
김우정,8838,4,17,4,2,2,ROUGH,ROUGH,2,ROUGH,ROUGH,RECOVERY,38.6,164.5,False,5,1,False,True,False,False
김우정,8838,4,17,4,3,2,ROUGH,ROUGH,3,GREEN,GREEN,RECOVERY,5.3,38.6,False,5,1,False,True,False,False
김우정,8838,4,18,5,2,2,ROUGH,ROUGH,2,ROUGH,ROUGH,RECOVERY,119.6,299.1,False,6,1,False,True,False,False
김우정,8838,4,18,5,3,2,ROUGH,ROUGH,2,ROUGH,ROUGH,RECOVERY,13.2,119.6,False,6,1,False,True,False,False
김우정,8838,4,18,5,4,2,ROUGH,ROUGH,3,GREEN,GREEN,RECOVERY,8.3,13.2,False,6,1,False,True,False,False
정수빈,8840,1,1,4,2,2,ROUGH,ROUGH,9,GREENSIDE_BUNKER,GREENSIDE_BUNKER,RECOVERY,33.1,195.6,False,6,2,False,True,True,False
정수빈,8840,1,1,4,3,9,GREENSIDE_BUNKER,GREENSIDE_BUNKER,3,GREEN,GREEN,RECOVERY,5.7,33.1,False,6,2,False,True,True,False
정수빈,8840,1,3,4,2,1,FAIRWAY,FAIRWAY,2,ROUGH,ROUGH,OTHER_UNRESOLVED,26.5,212.6,False,5,1,False,True,False,True
정수빈,8840,1,3,4,3,2,ROUGH,ROUGH,3,GREEN,GREEN,RECOVERY,3.8,26.5,False,5,1,False,True,False,True
정수빈,8840,1,4,5,2,2,ROUGH,ROUGH,2,ROUGH,ROUGH,RECOVERY,222.8,312.4,False,6,1,False,True,False,False
정수빈,8840,1,4,5,3,2,ROUGH,ROUGH,2,ROUGH,ROUGH,RECOVERY,27.5,222.8,False,6,1,False,True,False,False
정수빈,8840,1,4,5,4,2,ROUGH,ROUGH,3,GREEN,GREEN,RECOVERY,3.7,27.5,False,6,1,False,True,False,False
정수빈,8840,1,6,4,2,1,FAIRWAY,FAIRWAY,2,ROUGH,ROUGH,OTHER_UNRESOLVED,33.1,185.3,False,5,1,False,True,False,True
정수빈,8840,1,6,4,3,2,ROUGH,ROUGH,3,GREEN,GREEN,RECOVERY,10.5,33.1,False,5,1,False,True,False,True
정수빈,8840,1,7,5,2,2,ROUGH,ROUGH,1,FAIRWAY,FAIRWAY,RECOVERY,90.0,283.2,True,5,0,True,False,False,False
정수빈,8840,1,7,5,3,1,FAIRWAY,FAIRWAY,3,GREEN,GREEN,NORMAL_APPROACH,2.6,90.0,True,5,0,True,False,False,False
정수빈,8840,1,8,4,2,1,FAIRWAY,FAIRWAY,2,ROUGH,ROUGH,OTHER_UNRESOLVED,29.3,166.4,False,5,1,False,True,False,True
정수빈,8840,1,8,4,3,2,ROUGH,ROUGH,3,GREEN,GREEN,RECOVERY,2.1,29.3,False,5,1,False,True,False,True
정수빈,8840,1,9,4,2,2,ROUGH,ROUGH,3,GREEN,GREEN,RECOVERY,14.2,145.4,True,4,0,True,False,False,False
정수빈,8840,1,10,5,2,1,FAIRWAY,FAIRWAY,2,ROUGH,ROUGH,ADVANCE_LAYUP,132.9,323.6,False,5,0,True,False,False,True
정수빈,8840,1,10,5,3,2,ROUGH,ROUGH,2,ROUGH,ROUGH,RECOVERY,9.6,132.9,False,5,0,True,False,False,True
정수빈,8840,1,10,5,4,2,ROUGH,ROUGH,3,GREEN,GREEN,RECOVERY,0.6,9.6,False,5,0,True,False,False,True
정수빈,8840,1,11,3,2,2,ROUGH,ROUGH,2,ROUGH,ROUGH,RECOVERY,12.0,19.3,False,4,1,False,True,False,
정수빈,8840,1,11,3,3,2,ROUGH,ROUGH,3,GREEN,GREEN,RECOVERY,2.2,12.0,False,4,1,False,True,False,
정수빈,8840,1,12,4,2,2,ROUGH,ROUGH,3,GREEN,GREEN,RECOVERY,6.1,155.9,True,4,0,True,False,False,False
정수빈,8840,1,13,4,2,1,FAIRWAY,FAIRWAY,3,GREEN,GREEN,NORMAL_APPROACH,3.7,127.8,True,4,0,True,False,False,True
정수빈,8840,1,14,4,2,1,FAIRWAY,FAIRWAY,3,GREEN,GREEN,NORMAL_APPROACH,7.8,140.5,True,4,0,True,False,False,True
정수빈,8840,1,15,4,2,1,FAIRWAY,FAIRWAY,3,GREEN,GREEN,NORMAL_APPROACH,4.4,151.3,True,4,0,True,False,False,True
정수빈,8840,1,17,4,2,2,ROUGH,ROUGH,1,FAIRWAY,FAIRWAY,RECOVERY,91.4,161.2,False,5,1,False,True,False,False
정수빈,8840,1,17,4,3,1,FAIRWAY,FAIRWAY,3,GREEN,GREEN,NORMAL_APPROACH,8.6,91.4,False,5,1,False,True,False,False
정수빈,8840,1,18,5,2,1,FAIRWAY,FAIRWAY,1,FAIRWAY,FAIRWAY,ADVANCE_LAYUP,108.1,303.9,True,5,0,True,False,False,True
정수빈,8840,1,18,5,3,1,FAIRWAY,FAIRWAY,3,GREEN,GREEN,NORMAL_APPROACH,6.2,108.1,True,5,0,True,False,False,True
정수빈,8840,2,1,4,2,2,ROUGH,ROUGH,2,ROUGH,ROUGH,RECOVERY,52.7,186.8,False,5,1,False,True,False,False
정수빈,8840,2,1,4,3,2,ROUGH,ROUGH,2,ROUGH,ROUGH,RECOVERY,13.7,52.7,False,5,1,False,True,False,False
정수빈,8840,2,1,4,4,2,ROUGH,ROUGH,3,GREEN,GREEN,RECOVERY,0.4,13.7,False,5,1,False,True,False,False
정수빈,8840,2,3,4,2,1,FAIRWAY,FAIRWAY,2,ROUGH,ROUGH,OTHER_UNRESOLVED,21.3,186.5,False,4,0,True,False,False,True
정수빈,8840,2,3,4,3,2,ROUGH,ROUGH,3,GREEN,GREEN,RECOVERY,2.4,21.3,False,4,0,True,False,False,True
정수빈,8840,2,4,5,2,1,FAIRWAY,FAIRWAY,1,FAIRWAY,FAIRWAY,ADVANCE_LAYUP,104.7,298.2,True,4,-1,True,False,False,True
정수빈,8840,2,4,5,3,1,FAIRWAY,FAIRWAY,3,GREEN,GREEN,NORMAL_APPROACH,1.6,104.7,True,4,-1,True,False,False,True
정수빈,8840,2,6,4,2,1,FAIRWAY,FAIRWAY,9,GREENSIDE_BUNKER,GREENSIDE_BUNKER,OTHER_UNRESOLVED,23.1,159.3,False,5,1,False,True,False,True
정수빈,8840,2,6,4,3,9,GREENSIDE_BUNKER,GREENSIDE_BUNKER,12,FRINGE,FRINGE,RECOVERY,4.8,23.1,False,5,1,False,True,False,True
정수빈,8840,2,6,4,4,12,FRINGE,FRINGE,3,GREEN,GREEN,SHORT_GAME,0.6,4.8,False,5,1,False,True,False,True
정수빈,8840,2,7,5,2,1,FAIRWAY,FAIRWAY,1,FAIRWAY,FAIRWAY,ADVANCE_LAYUP,108.8,299.9,True,5,0,True,False,False,True
정수빈,8840,2,7,5,3,1,FAIRWAY,FAIRWAY,3,GREEN,GREEN,NORMAL_APPROACH,14.7,108.8,True,5,0,True,False,False,True
정수빈,8840,2,8,4,2,1,FAIRWAY,FAIRWAY,3,GREEN,GREEN,NORMAL_APPROACH,6.3,146.9,True,4,0,True,False,False,True
정수빈,8840,2,9,4,2,2,ROUGH,ROUGH,2,ROUGH,ROUGH,RECOVERY,28.2,145.0,False,6,2,False,True,True,False
정수빈,8840,2,9,4,3,2,ROUGH,ROUGH,12,FRINGE,FRINGE,RECOVERY,7.2,28.2,False,6,2,False,True,True,False
정수빈,8840,2,9,4,4,12,FRINGE,FRINGE,3,GREEN,GREEN,SHORT_GAME,2.4,7.2,False,6,2,False,True,True,False
정수빈,8840,2,10,5,2,1,FAIRWAY,FAIRWAY,2,ROUGH,ROUGH,ADVANCE_LAYUP,140.3,343.0,True,5,0,True,False,False,True
정수빈,8840,2,10,5,3,2,ROUGH,ROUGH,3,GREEN,GREEN,RECOVERY,5.8,140.3,True,5,0,True,False,False,True
정수빈,8840,2,11,3,2,5,PENALTY_AREA,PENALTY_AREA,8,PENALTY_STROKE,LOST_BALL_PENALTY_RESTART,PENALTY_RESTART,111.4,0.0,False,6,3,False,True,True,
정수빈,8840,2,11,3,3,8,PENALTY_STROKE,LOST_BALL_PENALTY_RESTART,2,ROUGH,ROUGH,PENALTY_RESTART,13.9,111.4,False,6,3,False,True,True,
정수빈,8840,2,11,3,4,2,ROUGH,ROUGH,3,GREEN,GREEN,RECOVERY,5.5,13.9,False,6,3,False,True,True,
정수빈,8840,2,12,4,2,6,BUNKER,BUNKER,1,FAIRWAY,FAIRWAY,RECOVERY,158.3,188.5,False,5,1,False,True,False,False
정수빈,8840,2,12,4,3,1,FAIRWAY,FAIRWAY,3,GREEN,GREEN,NORMAL_APPROACH,18.5,158.3,False,5,1,False,True,False,False
정수빈,8840,2,13,4,2,6,BUNKER,BUNKER,2,ROUGH,ROUGH,RECOVERY,19.5,103.0,False,4,0,True,False,False,False
정수빈,8840,2,13,4,3,2,ROUGH,ROUGH,3,GREEN,GREEN,RECOVERY,4.7,19.5,False,4,0,True,False,False,False
정수빈,8840,2,14,4,2,2,ROUGH,ROUGH,2,ROUGH,ROUGH,RECOVERY,52.3,180.9,False,5,1,False,True,False,False
정수빈,8840,2,14,4,3,2,ROUGH,ROUGH,3,GREEN,GREEN,RECOVERY,14.9,52.3,False,5,1,False,True,False,False
정수빈,8840,2,15,4,2,1,FAIRWAY,FAIRWAY,2,ROUGH,ROUGH,OTHER_UNRESOLVED,14.9,156.9,False,4,0,True,False,False,True
정수빈,8840,2,15,4,3,2,ROUGH,ROUGH,3,GREEN,GREEN,RECOVERY,2.1,14.9,False,4,0,True,False,False,True
정수빈,8840,2,16,3,2,5,PENALTY_AREA,PENALTY_AREA,8,PENALTY_STROKE,LOST_BALL_PENALTY_RESTART,PENALTY_RESTART,94.4,0.0,False,5,2,False,True,True,
정수빈,8840,2,16,3,3,8,PENALTY_STROKE,LOST_BALL_PENALTY_RESTART,3,GREEN,GREEN,PENALTY_RESTART,3.6,94.4,False,5,2,False,True,True,
정수빈,8840,2,17,4,2,1,FAIRWAY,FAIRWAY,3,GREEN,GREEN,NORMAL_APPROACH,5.2,148.6,True,5,1,False,True,False,True
정수빈,8840,2,18,5,2,1,FAIRWAY,FAIRWAY,2,ROUGH,ROUGH,ADVANCE_LAYUP,96.1,271.5,True,4,-1,True,False,False,True
정수빈,8840,2,18,5,3,2,ROUGH,ROUGH,3,GREEN,GREEN,RECOVERY,1.9,96.1,True,4,-1,True,False,False,True
이승연,8859,1,1,4,2,1,FAIRWAY,FAIRWAY,3,GREEN,GREEN,NORMAL_APPROACH,10.4,165.0,True,4,0,True,False,False,True
이승연,8859,1,3,4,2,1,FAIRWAY,FAIRWAY,3,GREEN,GREEN,NORMAL_APPROACH,11.4,169.0,True,4,0,True,False,False,True
이승연,8859,1,4,5,2,2,ROUGH,ROUGH,2,ROUGH,ROUGH,RECOVERY,87.3,274.2,True,5,0,True,False,False,False
이승연,8859,1,4,5,3,2,ROUGH,ROUGH,3,GREEN,GREEN,RECOVERY,3.4,87.3,True,5,0,True,False,False,False
이승연,8859,1,6,4,2,2,ROUGH,ROUGH,3,GREEN,GREEN,RECOVERY,4.3,169.0,True,4,0,True,False,False,False
이승연,8859,1,7,5,2,1,FAIRWAY,FAIRWAY,1,FAIRWAY,FAIRWAY,ADVANCE_LAYUP,58.5,255.0,True,5,0,True,False,False,True
이승연,8859,1,7,5,3,1,FAIRWAY,FAIRWAY,3,GREEN,GREEN,NORMAL_APPROACH,5.1,58.5,True,5,0,True,False,False,True
이승연,8859,1,8,4,2,1,FAIRWAY,FAIRWAY,12,FRINGE,FRINGE,NORMAL_APPROACH,6.2,153.4,False,4,0,True,False,False,True
이승연,8859,1,8,4,3,12,FRINGE,FRINGE,3,GREEN,GREEN,SHORT_GAME,0.7,6.2,False,4,0,True,False,False,True
이승연,8859,1,9,4,2,2,ROUGH,ROUGH,3,GREEN,GREEN,RECOVERY,25.7,134.6,True,4,0,True,False,False,False
이승연,8859,1,10,5,2,1,FAIRWAY,FAIRWAY,1,FAIRWAY,FAIRWAY,ADVANCE_LAYUP,123.0,307.3,True,5,0,True,False,False,True
이승연,8859,1,10,5,3,1,FAIRWAY,FAIRWAY,3,GREEN,GREEN,NORMAL_APPROACH,11.1,123.0,True,5,0,True,False,False,True
이승연,8859,1,12,4,2,2,ROUGH,ROUGH,1,FAIRWAY,FAIRWAY,RECOVERY,82.1,172.0,False,6,2,False,True,True,False
이승연,8859,1,12,4,3,1,FAIRWAY,FAIRWAY,12,FRINGE,FRINGE,NORMAL_APPROACH,8.0,82.1,False,6,2,False,True,True,False
이승연,8859,1,12,4,4,12,FRINGE,FRINGE,3,GREEN,GREEN,SHORT_GAME,1.7,8.0,False,6,2,False,True,True,False
이승연,8859,1,13,4,2,1,FAIRWAY,FAIRWAY,3,GREEN,GREEN,NORMAL_APPROACH,9.4,134.9,True,4,0,True,False,False,True
이승연,8859,1,14,4,2,1,FAIRWAY,FAIRWAY,12,FRINGE,FRINGE,NORMAL_APPROACH,16.0,154.8,False,4,0,True,False,False,True
이승연,8859,1,14,4,3,12,FRINGE,FRINGE,3,GREEN,GREEN,SHORT_GAME,1.5,16.0,False,4,0,True,False,False,True
이승연,8859,1,15,4,2,1,FAIRWAY,FAIRWAY,12,FRINGE,FRINGE,NORMAL_APPROACH,16.7,154.1,False,4,0,True,False,False,True
이승연,8859,1,15,4,3,12,FRINGE,FRINGE,3,GREEN,GREEN,SHORT_GAME,2.4,16.7,False,4,0,True,False,False,True
이승연,8859,1,17,4,2,2,ROUGH,ROUGH,3,GREEN,GREEN,RECOVERY,12.9,144.3,True,4,0,True,False,False,False
이승연,8859,1,18,5,2,1,FAIRWAY,FAIRWAY,1,FAIRWAY,FAIRWAY,ADVANCE_LAYUP,86.2,266.4,True,4,-1,True,False,False,True
이승연,8859,1,18,5,3,1,FAIRWAY,FAIRWAY,3,GREEN,GREEN,NORMAL_APPROACH,3.0,86.2,True,4,-1,True,False,False,True
이승연,8859,2,1,4,2,1,FAIRWAY,FAIRWAY,3,GREEN,GREEN,NORMAL_APPROACH,17.5,154.0,True,4,0,True,False,False,True
이승연,8859,2,3,4,2,2,ROUGH,ROUGH,9,GREENSIDE_BUNKER,GREENSIDE_BUNKER,RECOVERY,12.3,190.3,False,4,0,True,False,False,False
이승연,8859,2,3,4,3,9,GREENSIDE_BUNKER,GREENSIDE_BUNKER,3,GREEN,GREEN,RECOVERY,2.2,12.3,False,4,0,True,False,False,False
이승연,8859,2,4,5,2,1,FAIRWAY,FAIRWAY,1,FAIRWAY,FAIRWAY,ADVANCE_LAYUP,88.8,297.2,True,5,0,True,False,False,True
이승연,8859,2,4,5,3,1,FAIRWAY,FAIRWAY,3,GREEN,GREEN,NORMAL_APPROACH,6.0,88.8,True,5,0,True,False,False,True
이승연,8859,2,6,4,2,1,FAIRWAY,FAIRWAY,3,GREEN,GREEN,NORMAL_APPROACH,4.9,144.3,True,4,0,True,False,False,True
이승연,8859,2,7,5,2,2,ROUGH,ROUGH,1,FAIRWAY,FAIRWAY,RECOVERY,99.5,283.4,True,4,-1,True,False,False,False
이승연,8859,2,7,5,3,1,FAIRWAY,FAIRWAY,3,GREEN,GREEN,NORMAL_APPROACH,7.3,99.5,True,4,-1,True,False,False,False
이승연,8859,2,8,4,2,1,FAIRWAY,FAIRWAY,3,GREEN,GREEN,NORMAL_APPROACH,8.2,121.4,True,3,-1,True,False,False,True
이승연,8859,2,9,4,2,2,ROUGH,ROUGH,12,FRINGE,FRINGE,RECOVERY,6.9,117.5,False,4,0,True,False,False,False
이승연,8859,2,9,4,3,12,FRINGE,FRINGE,3,GREEN,GREEN,SHORT_GAME,0.4,6.9,False,4,0,True,False,False,False
이승연,8859,2,10,5,2,2,ROUGH,ROUGH,1,FAIRWAY,FAIRWAY,RECOVERY,296.3,325.2,False,4,-1,True,False,False,False
이승연,8859,2,10,5,3,1,FAIRWAY,FAIRWAY,1,FAIRWAY,FAIRWAY,ADVANCE_LAYUP,138.1,296.3,False,4,-1,True,False,False,False
이승연,8859,2,10,5,4,1,FAIRWAY,FAIRWAY,10,HOLED,HOLED,ADVANCE_LAYUP,0.0,138.1,False,4,-1,True,False,False,False
이승연,8859,2,12,4,2,2,ROUGH,ROUGH,3,GREEN,GREEN,RECOVERY,22.2,173.4,True,5,1,False,True,False,False
이승연,8859,2,13,4,2,1,FAIRWAY,FAIRWAY,3,GREEN,GREEN,NORMAL_APPROACH,21.1,129.9,True,5,1,False,True,False,True
이승연,8859,2,14,4,2,1,FAIRWAY,FAIRWAY,3,GREEN,GREEN,NORMAL_APPROACH,15.8,172.4,True,4,0,True,False,False,True
이승연,8859,2,15,4,2,1,FAIRWAY,FAIRWAY,3,GREEN,GREEN,NORMAL_APPROACH,26.7,151.7,True,4,0,True,False,False,True
이승연,8859,2,17,4,2,1,FAIRWAY,FAIRWAY,3,GREEN,GREEN,NORMAL_APPROACH,14.7,136.9,True,4,0,True,False,False,True
이승연,8859,2,18,5,2,1,FAIRWAY,FAIRWAY,1,FAIRWAY,FAIRWAY,ADVANCE_LAYUP,70.9,255.4,True,5,0,True,False,False,True
이승연,8859,2,18,5,3,1,FAIRWAY,FAIRWAY,3,GREEN,GREEN,NORMAL_APPROACH,5.3,70.9,True,5,0,True,False,False,True
이승연,8859,3,1,4,2,1,FAIRWAY,FAIRWAY,2,ROUGH,ROUGH,OTHER_UNRESOLVED,9.7,173.7,False,4,0,True,False,False,True
이승연,8859,3,1,4,3,2,ROUGH,ROUGH,3,GREEN,GREEN,RECOVERY,1.4,9.7,False,4,0,True,False,False,True
이승연,8859,3,3,4,2,1,FAIRWAY,FAIRWAY,3,GREEN,GREEN,NORMAL_APPROACH,11.8,188.1,True,4,0,True,False,False,True
이승연,8859,3,4,5,2,2,ROUGH,ROUGH,1,FAIRWAY,FAIRWAY,RECOVERY,147.2,293.2,True,5,0,True,False,False,False
이승연,8859,3,4,5,3,1,FAIRWAY,FAIRWAY,3,GREEN,GREEN,NORMAL_APPROACH,5.9,147.2,True,5,0,True,False,False,False
이승연,8859,3,6,4,2,1,FAIRWAY,FAIRWAY,3,GREEN,GREEN,NORMAL_APPROACH,10.3,158.1,True,4,0,True,False,False,True
이승연,8859,3,7,5,2,1,FAIRWAY,FAIRWAY,1,FAIRWAY,FAIRWAY,ADVANCE_LAYUP,89.0,297.8,True,4,-1,True,False,False,True
이승연,8859,3,7,5,3,1,FAIRWAY,FAIRWAY,3,GREEN,GREEN,NORMAL_APPROACH,2.2,89.0,True,4,-1,True,False,False,True
이승연,8859,3,8,4,2,1,FAIRWAY,FAIRWAY,3,GREEN,GREEN,NORMAL_APPROACH,8.4,132.1,True,5,1,False,True,False,True
이승연,8859,3,9,4,2,1,FAIRWAY,FAIRWAY,3,GREEN,GREEN,NORMAL_APPROACH,3.0,104.7,True,3,-1,True,False,False,True
이승연,8859,3,10,5,2,2,ROUGH,ROUGH,2,ROUGH,ROUGH,RECOVERY,115.3,301.2,False,6,1,False,True,False,False
이승연,8859,3,10,5,3,2,ROUGH,ROUGH,2,ROUGH,ROUGH,RECOVERY,14.6,115.3,False,6,1,False,True,False,False
이승연,8859,3,10,5,4,2,ROUGH,ROUGH,3,GREEN,GREEN,RECOVERY,7.7,14.6,False,6,1,False,True,False,False
이승연,8859,3,11,3,2,2,ROUGH,ROUGH,3,GREEN,GREEN,RECOVERY,3.5,20.6,False,4,1,False,True,False,
이승연,8859,3,12,4,2,2,ROUGH,ROUGH,2,ROUGH,ROUGH,RECOVERY,24.5,142.0,False,5,1,False,True,False,False
이승연,8859,3,12,4,3,2,ROUGH,ROUGH,3,GREEN,GREEN,RECOVERY,3.9,24.5,False,5,1,False,True,False,False
이승연,8859,3,13,4,2,1,FAIRWAY,FAIRWAY,3,GREEN,GREEN,NORMAL_APPROACH,6.8,126.6,True,4,0,True,False,False,True
이승연,8859,3,14,4,2,1,FAIRWAY,FAIRWAY,12,FRINGE,FRINGE,NORMAL_APPROACH,19.7,161.5,False,5,1,False,True,False,True
이승연,8859,3,14,4,3,12,FRINGE,FRINGE,3,GREEN,GREEN,SHORT_GAME,0.9,19.7,False,5,1,False,True,False,True
이승연,8859,3,15,4,2,1,FAIRWAY,FAIRWAY,2,ROUGH,ROUGH,OTHER_UNRESOLVED,20.6,172.3,False,6,2,False,True,True,True
이승연,8859,3,15,4,3,2,ROUGH,ROUGH,3,GREEN,GREEN,RECOVERY,14.5,20.6,False,6,2,False,True,True,True
이승연,8859,3,17,4,2,1,FAIRWAY,FAIRWAY,12,FRINGE,FRINGE,NORMAL_APPROACH,5.4,131.3,False,4,0,True,False,False,True
이승연,8859,3,17,4,3,12,FRINGE,FRINGE,3,GREEN,GREEN,SHORT_GAME,0.3,5.4,False,4,0,True,False,False,True
이승연,8859,3,18,5,2,2,ROUGH,ROUGH,1,FAIRWAY,FAIRWAY,RECOVERY,99.1,266.2,True,5,0,True,False,False,False
이승연,8859,3,18,5,3,1,FAIRWAY,FAIRWAY,3,GREEN,GREEN,NORMAL_APPROACH,9.3,99.1,True,5,0,True,False,False,False
이승연,8859,4,1,4,2,2,ROUGH,ROUGH,12,FRINGE,FRINGE,RECOVERY,8.9,168.8,False,4,0,True,False,False,False
이승연,8859,4,1,4,3,12,FRINGE,FRINGE,3,GREEN,GREEN,SHORT_GAME,0.4,8.9,False,4,0,True,False,False,False
이승연,8859,4,3,4,2,1,FAIRWAY,FAIRWAY,3,GREEN,GREEN,NORMAL_APPROACH,12.6,191.7,True,4,0,True,False,False,True
이승연,8859,4,4,5,2,1,FAIRWAY,FAIRWAY,2,ROUGH,ROUGH,ADVANCE_LAYUP,105.5,284.2,False,5,0,True,False,False,True
이승연,8859,4,4,5,3,2,ROUGH,ROUGH,2,ROUGH,ROUGH,RECOVERY,10.7,105.5,False,5,0,True,False,False,True
이승연,8859,4,4,5,4,2,ROUGH,ROUGH,3,GREEN,GREEN,RECOVERY,7.0,10.7,False,5,0,True,False,False,True
이승연,8859,4,6,4,2,1,FAIRWAY,FAIRWAY,3,GREEN,GREEN,NORMAL_APPROACH,8.1,134.5,True,4,0,True,False,False,True
이승연,8859,4,7,5,2,1,FAIRWAY,FAIRWAY,1,FAIRWAY,FAIRWAY,ADVANCE_LAYUP,91.3,303.1,True,5,0,True,False,False,True
이승연,8859,4,7,5,3,1,FAIRWAY,FAIRWAY,3,GREEN,GREEN,NORMAL_APPROACH,4.7,91.3,True,5,0,True,False,False,True
이승연,8859,4,8,4,2,1,FAIRWAY,FAIRWAY,3,GREEN,GREEN,NORMAL_APPROACH,1.0,112.1,True,4,0,True,False,False,True
이승연,8859,4,9,4,2,1,FAIRWAY,FAIRWAY,3,GREEN,GREEN,NORMAL_APPROACH,10.3,97.9,True,4,0,True,False,False,True
이승연,8859,4,10,5,2,2,ROUGH,ROUGH,8,PENALTY_STROKE,LOST_BALL_PENALTY_RESTART,RECOVERY,310.2,309.8,False,6,1,False,True,False,False
이승연,8859,4,10,5,3,8,PENALTY_STROKE,LOST_BALL_PENALTY_RESTART,1,FAIRWAY,FAIRWAY,PENALTY_RESTART,126.1,310.2,False,6,1,False,True,False,False
이승연,8859,4,10,5,4,1,FAIRWAY,FAIRWAY,3,GREEN,GREEN,NORMAL_APPROACH,4.9,126.1,False,6,1,False,True,False,False
이승연,8859,4,12,4,2,2,ROUGH,ROUGH,1,FAIRWAY,FAIRWAY,RECOVERY,120.4,154.4,False,5,1,False,True,False,False
이승연,8859,4,12,4,3,1,FAIRWAY,FAIRWAY,3,GREEN,GREEN,NORMAL_APPROACH,10.0,120.4,False,5,1,False,True,False,False
이승연,8859,4,13,4,2,1,FAIRWAY,FAIRWAY,3,GREEN,GREEN,NORMAL_APPROACH,6.0,115.7,True,4,0,True,False,False,True
이승연,8859,4,14,4,2,2,ROUGH,ROUGH,9,GREENSIDE_BUNKER,GREENSIDE_BUNKER,RECOVERY,18.1,129.6,False,5,1,False,True,False,False
이승연,8859,4,14,4,3,9,GREENSIDE_BUNKER,GREENSIDE_BUNKER,12,FRINGE,FRINGE,RECOVERY,11.2,18.1,False,5,1,False,True,False,False
이승연,8859,4,14,4,4,12,FRINGE,FRINGE,3,GREEN,GREEN,SHORT_GAME,0.5,11.2,False,5,1,False,True,False,False
이승연,8859,4,15,4,2,2,ROUGH,ROUGH,2,ROUGH,ROUGH,RECOVERY,29.2,165.0,False,5,1,False,True,False,False
이승연,8859,4,15,4,3,2,ROUGH,ROUGH,3,GREEN,GREEN,RECOVERY,5.7,29.2,False,5,1,False,True,False,False
이승연,8859,4,16,3,2,2,ROUGH,ROUGH,3,GREEN,GREEN,RECOVERY,3.2,14.9,False,4,1,False,True,False,
이승연,8859,4,17,4,2,2,ROUGH,ROUGH,2,ROUGH,ROUGH,RECOVERY,22.0,117.9,False,4,0,True,False,False,False
이승연,8859,4,17,4,3,2,ROUGH,ROUGH,3,GREEN,GREEN,RECOVERY,0.9,22.0,False,4,0,True,False,False,False
이승연,8859,4,18,5,2,2,ROUGH,ROUGH,1,FAIRWAY,FAIRWAY,RECOVERY,85.7,280.4,True,5,0,True,False,False,False
이승연,8859,4,18,5,3,1,FAIRWAY,FAIRWAY,3,GREEN,GREEN,NORMAL_APPROACH,4.9,85.7,True,5,0,True,False,False,False
성유진,8881,1,1,4,2,2,ROUGH,ROUGH,3,GREEN,GREEN,RECOVERY,8.2,172.7,True,3,-1,True,False,False,False
성유진,8881,1,3,4,2,1,FAIRWAY,FAIRWAY,3,GREEN,GREEN,NORMAL_APPROACH,7.1,181.3,True,4,0,True,False,False,True
성유진,8881,1,4,5,2,1,FAIRWAY,FAIRWAY,1,FAIRWAY,FAIRWAY,ADVANCE_LAYUP,117.1,294.9,True,5,0,True,False,False,True
성유진,8881,1,4,5,3,1,FAIRWAY,FAIRWAY,3,GREEN,GREEN,NORMAL_APPROACH,7.2,117.1,True,5,0,True,False,False,True
성유진,8881,1,6,4,2,1,FAIRWAY,FAIRWAY,3,GREEN,GREEN,NORMAL_APPROACH,9.5,168.2,True,4,0,True,False,False,True
성유진,8881,1,7,5,2,1,FAIRWAY,FAIRWAY,1,FAIRWAY,FAIRWAY,ADVANCE_LAYUP,86.9,278.2,True,5,0,True,False,False,True
성유진,8881,1,7,5,3,1,FAIRWAY,FAIRWAY,3,GREEN,GREEN,NORMAL_APPROACH,3.2,86.9,True,5,0,True,False,False,True
성유진,8881,1,8,4,2,2,ROUGH,ROUGH,3,GREEN,GREEN,RECOVERY,3.0,155.7,True,4,0,True,False,False,False
성유진,8881,1,9,4,2,2,ROUGH,ROUGH,2,ROUGH,ROUGH,RECOVERY,10.2,126.4,False,4,0,True,False,False,False
성유진,8881,1,9,4,3,2,ROUGH,ROUGH,3,GREEN,GREEN,RECOVERY,0.5,10.2,False,4,0,True,False,False,False
성유진,8881,1,10,5,2,4,OB,LOST_BALL_PENALTY_RESTART,8,PENALTY_STROKE,LOST_BALL_PENALTY_RESTART,PENALTY_RESTART,542.2,0.0,False,8,3,False,True,True,False
성유진,8881,1,10,5,3,8,PENALTY_STROKE,LOST_BALL_PENALTY_RESTART,1,FAIRWAY,FAIRWAY,PENALTY_RESTART,309.8,542.2,False,8,3,False,True,True,False
성유진,8881,1,10,5,4,1,FAIRWAY,FAIRWAY,2,ROUGH,ROUGH,ADVANCE_LAYUP,117.8,309.8,False,8,3,False,True,True,False
성유진,8881,1,10,5,5,2,ROUGH,ROUGH,2,ROUGH,ROUGH,RECOVERY,14.8,117.8,False,8,3,False,True,True,False
성유진,8881,1,10,5,6,2,ROUGH,ROUGH,3,GREEN,GREEN,RECOVERY,3.9,14.8,False,8,3,False,True,True,False
성유진,8881,1,12,4,2,1,FAIRWAY,FAIRWAY,3,GREEN,GREEN,NORMAL_APPROACH,16.3,174.1,True,5,1,False,True,False,True
성유진,8881,1,13,4,2,1,FAIRWAY,FAIRWAY,3,GREEN,GREEN,NORMAL_APPROACH,2.2,115.1,True,4,0,True,False,False,True
성유진,8881,1,14,4,2,2,ROUGH,ROUGH,2,ROUGH,ROUGH,RECOVERY,25.8,150.3,False,5,1,False,True,False,False
성유진,8881,1,14,4,3,2,ROUGH,ROUGH,3,GREEN,GREEN,RECOVERY,1.6,25.8,False,5,1,False,True,False,False
성유진,8881,1,15,4,2,1,FAIRWAY,FAIRWAY,3,GREEN,GREEN,NORMAL_APPROACH,6.9,146.4,True,4,0,True,False,False,True
성유진,8881,1,17,4,2,1,FAIRWAY,FAIRWAY,3,GREEN,GREEN,NORMAL_APPROACH,7.6,124.5,True,4,0,True,False,False,True
성유진,8881,1,18,5,2,2,ROUGH,ROUGH,1,FAIRWAY,FAIRWAY,RECOVERY,142.1,295.8,True,5,0,True,False,False,False
성유진,8881,1,18,5,3,1,FAIRWAY,FAIRWAY,3,GREEN,GREEN,NORMAL_APPROACH,8.0,142.1,True,5,0,True,False,False,False
성유진,8881,2,1,4,2,2,ROUGH,ROUGH,2,ROUGH,ROUGH,RECOVERY,34.2,161.7,False,5,1,False,True,False,False
성유진,8881,2,1,4,3,2,ROUGH,ROUGH,3,GREEN,GREEN,RECOVERY,2.4,34.2,False,5,1,False,True,False,False
성유진,8881,2,2,3,2,5,PENALTY_AREA,PENALTY_AREA,8,PENALTY_STROKE,LOST_BALL_PENALTY_RESTART,PENALTY_RESTART,62.1,0.0,False,5,2,False,True,True,
성유진,8881,2,2,3,3,8,PENALTY_STROKE,LOST_BALL_PENALTY_RESTART,12,FRINGE,FRINGE,PENALTY_RESTART,9.7,62.1,False,5,2,False,True,True,
성유진,8881,2,2,3,4,12,FRINGE,FRINGE,3,GREEN,GREEN,SHORT_GAME,0.5,9.7,False,5,2,False,True,True,
성유진,8881,2,3,4,2,1,FAIRWAY,FAIRWAY,2,ROUGH,ROUGH,OTHER_UNRESOLVED,23.4,197.8,False,5,1,False,True,False,True
성유진,8881,2,3,4,3,2,ROUGH,ROUGH,3,GREEN,GREEN,RECOVERY,1.2,23.4,False,5,1,False,True,False,True
성유진,8881,2,4,5,2,1,FAIRWAY,FAIRWAY,1,FAIRWAY,FAIRWAY,ADVANCE_LAYUP,128.8,302.5,True,5,0,True,False,False,True
성유진,8881,2,4,5,3,1,FAIRWAY,FAIRWAY,3,GREEN,GREEN,NORMAL_APPROACH,8.7,128.8,True,5,0,True,False,False,True
성유진,8881,2,5,3,2,9,GREENSIDE_BUNKER,GREENSIDE_BUNKER,12,FRINGE,FRINGE,RECOVERY,5.7,13.5,False,4,1,False,True,False,
성유진,8881,2,5,3,3,12,FRINGE,FRINGE,3,GREEN,GREEN,SHORT_GAME,1.2,5.7,False,4,1,False,True,False,
성유진,8881,2,6,4,2,1,FAIRWAY,FAIRWAY,3,GREEN,GREEN,NORMAL_APPROACH,8.5,155.6,True,4,0,True,False,False,True
성유진,8881,2,7,5,2,2,ROUGH,ROUGH,1,FAIRWAY,FAIRWAY,RECOVERY,126.3,307.6,True,5,0,True,False,False,False
성유진,8881,2,7,5,3,1,FAIRWAY,FAIRWAY,3,GREEN,GREEN,NORMAL_APPROACH,4.9,126.3,True,5,0,True,False,False,False
성유진,8881,2,8,4,2,2,ROUGH,ROUGH,12,FRINGE,FRINGE,RECOVERY,17.5,158.6,False,4,0,True,False,False,False
성유진,8881,2,8,4,3,12,FRINGE,FRINGE,3,GREEN,GREEN,SHORT_GAME,1.0,17.5,False,4,0,True,False,False,False
성유진,8881,2,9,4,2,1,FAIRWAY,FAIRWAY,3,GREEN,GREEN,NORMAL_APPROACH,3.6,138.8,True,4,0,True,False,False,True
성유진,8881,2,10,5,2,1,FAIRWAY,FAIRWAY,2,ROUGH,ROUGH,ADVANCE_LAYUP,134.0,315.6,True,5,0,True,False,False,True
성유진,8881,2,10,5,3,2,ROUGH,ROUGH,3,GREEN,GREEN,RECOVERY,9.8,134.0,True,5,0,True,False,False,True
성유진,8881,2,12,4,2,2,ROUGH,ROUGH,2,ROUGH,ROUGH,RECOVERY,249.3,250.5,False,6,2,False,True,True,False
성유진,8881,2,12,4,3,2,ROUGH,ROUGH,1,FAIRWAY,FAIRWAY,RECOVERY,100.5,249.3,False,6,2,False,True,True,False
성유진,8881,2,12,4,4,1,FAIRWAY,FAIRWAY,3,GREEN,GREEN,NORMAL_APPROACH,1.3,100.5,False,6,2,False,True,True,False
성유진,8881,2,13,4,2,1,FAIRWAY,FAIRWAY,3,GREEN,GREEN,NORMAL_APPROACH,4.8,107.8,True,3,-1,True,False,False,True
성유진,8881,2,14,4,2,1,FAIRWAY,FAIRWAY,3,GREEN,GREEN,NORMAL_APPROACH,4.4,164.4,True,3,-1,True,False,False,True
성유진,8881,2,15,4,2,1,FAIRWAY,FAIRWAY,12,FRINGE,FRINGE,NORMAL_APPROACH,8.7,140.4,False,4,0,True,False,False,True
성유진,8881,2,15,4,3,12,FRINGE,FRINGE,3,GREEN,GREEN,SHORT_GAME,1.1,8.7,False,4,0,True,False,False,True
성유진,8881,2,17,4,2,2,ROUGH,ROUGH,3,GREEN,GREEN,RECOVERY,7.8,157.2,True,4,0,True,False,False,False
성유진,8881,2,18,5,2,1,FAIRWAY,FAIRWAY,1,FAIRWAY,FAIRWAY,ADVANCE_LAYUP,78.5,264.2,True,5,0,True,False,False,True
성유진,8881,2,18,5,3,1,FAIRWAY,FAIRWAY,3,GREEN,GREEN,NORMAL_APPROACH,4.3,78.5,True,5,0,True,False,False,True
성유진,8881,3,1,4,2,2,ROUGH,ROUGH,2,ROUGH,ROUGH,RECOVERY,20.3,175.1,False,6,2,False,True,True,False
성유진,8881,3,1,4,3,2,ROUGH,ROUGH,3,GREEN,GREEN,RECOVERY,8.3,20.3,False,6,2,False,True,True,False
성유진,8881,3,2,3,3,12,FRINGE,FRINGE,3,GREEN,GREEN,SHORT_GAME,0.3,6.2,True,4,1,False,True,False,
성유진,8881,3,3,4,2,1,FAIRWAY,FAIRWAY,3,GREEN,GREEN,NORMAL_APPROACH,9.0,186.1,True,4,0,True,False,False,True
성유진,8881,3,4,5,2,1,FAIRWAY,FAIRWAY,1,FAIRWAY,FAIRWAY,ADVANCE_LAYUP,114.5,296.8,True,5,0,True,False,False,True
성유진,8881,3,4,5,3,1,FAIRWAY,FAIRWAY,3,GREEN,GREEN,NORMAL_APPROACH,12.7,114.5,True,5,0,True,False,False,True
성유진,8881,3,6,4,2,1,FAIRWAY,FAIRWAY,12,FRINGE,FRINGE,NORMAL_APPROACH,12.5,167.2,False,4,0,True,False,False,True
성유진,8881,3,6,4,3,12,FRINGE,FRINGE,3,GREEN,GREEN,SHORT_GAME,1.2,12.5,False,4,0,True,False,False,True
성유진,8881,3,7,5,2,1,FAIRWAY,FAIRWAY,1,FAIRWAY,FAIRWAY,ADVANCE_LAYUP,113.5,304.9,True,4,-1,True,False,False,True
성유진,8881,3,7,5,3,1,FAIRWAY,FAIRWAY,3,GREEN,GREEN,NORMAL_APPROACH,3.1,113.5,True,4,-1,True,False,False,True
성유진,8881,3,8,4,2,1,FAIRWAY,FAIRWAY,3,GREEN,GREEN,NORMAL_APPROACH,3.4,133.9,True,4,0,True,False,False,True
성유진,8881,3,9,4,2,1,FAIRWAY,FAIRWAY,5,PENALTY_AREA,PENALTY_AREA,OTHER_UNRESOLVED,14.2,115.4,False,5,1,False,True,False,True
성유진,8881,3,9,4,3,5,PENALTY_AREA,PENALTY_AREA,3,GREEN,GREEN,PENALTY_RESTART,3.9,14.2,False,5,1,False,True,False,True
성유진,8881,3,10,5,2,2,ROUGH,ROUGH,2,ROUGH,ROUGH,RECOVERY,141.3,315.9,False,6,1,False,True,False,False
성유진,8881,3,10,5,3,2,ROUGH,ROUGH,1,FAIRWAY,FAIRWAY,RECOVERY,86.0,141.3,False,6,1,False,True,False,False
성유진,8881,3,10,5,4,1,FAIRWAY,FAIRWAY,3,GREEN,GREEN,NORMAL_APPROACH,2.0,86.0,False,6,1,False,True,False,False
성유진,8881,3,12,4,2,2,ROUGH,ROUGH,1,FAIRWAY,FAIRWAY,RECOVERY,73.5,180.1,False,4,0,True,False,False,False
성유진,8881,3,12,4,3,1,FAIRWAY,FAIRWAY,3,GREEN,GREEN,NORMAL_APPROACH,0.5,73.5,False,4,0,True,False,False,False
성유진,8881,3,13,4,2,1,FAIRWAY,FAIRWAY,3,GREEN,GREEN,NORMAL_APPROACH,2.6,135.9,True,4,0,True,False,False,True
성유진,8881,3,14,4,2,1,FAIRWAY,FAIRWAY,2,ROUGH,ROUGH,OTHER_UNRESOLVED,21.7,145.1,False,4,0,True,False,False,True
성유진,8881,3,14,4,3,2,ROUGH,ROUGH,3,GREEN,GREEN,RECOVERY,1.7,21.7,False,4,0,True,False,False,True
성유진,8881,3,15,4,2,1,FAIRWAY,FAIRWAY,12,FRINGE,FRINGE,NORMAL_APPROACH,12.6,169.7,False,4,0,True,False,False,True
성유진,8881,3,15,4,3,12,FRINGE,FRINGE,3,GREEN,GREEN,SHORT_GAME,1.3,12.6,False,4,0,True,False,False,True
성유진,8881,3,17,4,2,2,ROUGH,ROUGH,3,GREEN,GREEN,RECOVERY,7.3,133.7,True,4,0,True,False,False,False
성유진,8881,3,18,5,2,1,FAIRWAY,FAIRWAY,1,FAIRWAY,FAIRWAY,ADVANCE_LAYUP,87.4,274.8,True,5,0,True,False,False,True
성유진,8881,3,18,5,3,1,FAIRWAY,FAIRWAY,3,GREEN,GREEN,NORMAL_APPROACH,4.6,87.4,True,5,0,True,False,False,True
성유진,8881,4,1,4,2,2,ROUGH,ROUGH,2,ROUGH,ROUGH,RECOVERY,20.5,173.9,False,4,0,True,False,False,False
성유진,8881,4,1,4,3,2,ROUGH,ROUGH,3,GREEN,GREEN,RECOVERY,3.1,20.5,False,4,0,True,False,False,False
성유진,8881,4,3,4,2,1,FAIRWAY,FAIRWAY,3,GREEN,GREEN,NORMAL_APPROACH,7.1,192.5,True,4,0,True,False,False,True
성유진,8881,4,4,5,2,1,FAIRWAY,FAIRWAY,1,FAIRWAY,FAIRWAY,ADVANCE_LAYUP,80.3,291.1,False,5,0,True,False,False,True
성유진,8881,4,4,5,3,1,FAIRWAY,FAIRWAY,12,FRINGE,FRINGE,NORMAL_APPROACH,11.0,80.3,False,5,0,True,False,False,True
성유진,8881,4,4,5,4,12,FRINGE,FRINGE,3,GREEN,GREEN,SHORT_GAME,0.5,11.0,False,5,0,True,False,False,True
성유진,8881,4,6,4,2,1,FAIRWAY,FAIRWAY,3,GREEN,GREEN,NORMAL_APPROACH,9.2,138.0,True,4,0,True,False,False,True
성유진,8881,4,7,5,2,1,FAIRWAY,FAIRWAY,1,FAIRWAY,FAIRWAY,ADVANCE_LAYUP,92.3,286.3,True,4,-1,True,False,False,True
성유진,8881,4,7,5,3,1,FAIRWAY,FAIRWAY,3,GREEN,GREEN,NORMAL_APPROACH,3.4,92.3,True,4,-1,True,False,False,True
성유진,8881,4,8,4,2,1,FAIRWAY,FAIRWAY,3,GREEN,GREEN,NORMAL_APPROACH,2.7,129.2,True,4,0,True,False,False,True
성유진,8881,4,9,4,2,1,FAIRWAY,FAIRWAY,3,GREEN,GREEN,NORMAL_APPROACH,7.0,104.4,True,3,-1,True,False,False,True
성유진,8881,4,10,5,2,2,ROUGH,ROUGH,1,FAIRWAY,FAIRWAY,RECOVERY,147.4,314.0,True,5,0,True,False,False,False
성유진,8881,4,10,5,3,1,FAIRWAY,FAIRWAY,3,GREEN,GREEN,NORMAL_APPROACH,7.3,147.4,True,5,0,True,False,False,False
성유진,8881,4,12,4,2,1,FAIRWAY,FAIRWAY,12,FRINGE,FRINGE,NORMAL_APPROACH,15.2,180.3,False,4,0,True,False,False,True
성유진,8881,4,12,4,3,12,FRINGE,FRINGE,3,GREEN,GREEN,SHORT_GAME,0.3,15.2,False,4,0,True,False,False,True
성유진,8881,4,13,4,2,1,FAIRWAY,FAIRWAY,3,GREEN,GREEN,NORMAL_APPROACH,13.0,133.9,True,4,0,True,False,False,True
성유진,8881,4,14,4,2,1,FAIRWAY,FAIRWAY,12,FRINGE,FRINGE,NORMAL_APPROACH,11.9,153.8,False,4,0,True,False,False,True
성유진,8881,4,14,4,3,12,FRINGE,FRINGE,3,GREEN,GREEN,SHORT_GAME,1.3,11.9,False,4,0,True,False,False,True
성유진,8881,4,15,4,2,1,FAIRWAY,FAIRWAY,2,ROUGH,ROUGH,OTHER_UNRESOLVED,19.3,180.9,False,4,0,True,False,False,True
성유진,8881,4,15,4,3,2,ROUGH,ROUGH,3,GREEN,GREEN,RECOVERY,1.2,19.3,False,4,0,True,False,False,True
성유진,8881,4,17,4,2,1,FAIRWAY,FAIRWAY,3,GREEN,GREEN,NORMAL_APPROACH,9.0,126.8,True,4,0,True,False,False,True
성유진,8881,4,18,5,2,1,FAIRWAY,FAIRWAY,1,FAIRWAY,FAIRWAY,ADVANCE_LAYUP,94.5,281.8,True,5,0,True,False,False,True
성유진,8881,4,18,5,3,1,FAIRWAY,FAIRWAY,3,GREEN,GREEN,NORMAL_APPROACH,2.3,94.5,True,5,0,True,False,False,True
이가영,8883,1,1,4,2,2,ROUGH,ROUGH,2,ROUGH,ROUGH,RECOVERY,14.2,181.0,False,5,1,False,True,False,False
이가영,8883,1,1,4,3,2,ROUGH,ROUGH,3,GREEN,GREEN,RECOVERY,6.2,14.2,False,5,1,False,True,False,False
이가영,8883,1,3,4,2,2,ROUGH,ROUGH,2,ROUGH,ROUGH,RECOVERY,38.6,196.9,False,4,0,True,False,False,False
이가영,8883,1,3,4,3,2,ROUGH,ROUGH,3,GREEN,GREEN,RECOVERY,2.8,38.6,False,4,0,True,False,False,False
이가영,8883,1,4,5,2,1,FAIRWAY,FAIRWAY,1,FAIRWAY,FAIRWAY,ADVANCE_LAYUP,80.1,295.3,True,4,-1,True,False,False,True
이가영,8883,1,4,5,3,1,FAIRWAY,FAIRWAY,3,GREEN,GREEN,NORMAL_APPROACH,1.3,80.1,True,4,-1,True,False,False,True
이가영,8883,1,6,4,2,1,FAIRWAY,FAIRWAY,3,GREEN,GREEN,NORMAL_APPROACH,7.5,163.3,True,4,0,True,False,False,True
이가영,8883,1,7,5,2,1,FAIRWAY,FAIRWAY,1,FAIRWAY,FAIRWAY,ADVANCE_LAYUP,74.4,288.5,True,4,-1,True,False,False,True
이가영,8883,1,7,5,3,1,FAIRWAY,FAIRWAY,3,GREEN,GREEN,NORMAL_APPROACH,0.8,74.4,True,4,-1,True,False,False,True
이가영,8883,1,8,4,2,1,FAIRWAY,FAIRWAY,3,GREEN,GREEN,NORMAL_APPROACH,21.6,165.3,True,4,0,True,False,False,True
이가영,8883,1,9,4,2,2,ROUGH,ROUGH,5,PENALTY_AREA,PENALTY_AREA,RECOVERY,40.9,151.9,False,5,1,False,True,False,False
이가영,8883,1,9,4,3,5,PENALTY_AREA,PENALTY_AREA,12,FRINGE,FRINGE,PENALTY_RESTART,22.8,40.9,False,5,1,False,True,False,False
이가영,8883,1,9,4,4,12,FRINGE,FRINGE,3,GREEN,GREEN,SHORT_GAME,1.5,22.8,False,5,1,False,True,False,False
이가영,8883,1,10,5,2,1,FAIRWAY,FAIRWAY,1,FAIRWAY,FAIRWAY,ADVANCE_LAYUP,106.4,317.2,True,5,0,True,False,False,True
이가영,8883,1,10,5,3,1,FAIRWAY,FAIRWAY,3,GREEN,GREEN,NORMAL_APPROACH,19.2,106.4,True,5,0,True,False,False,True
이가영,8883,1,12,4,2,2,ROUGH,ROUGH,12,FRINGE,FRINGE,RECOVERY,7.1,136.8,False,4,0,True,False,False,False
이가영,8883,1,12,4,3,12,FRINGE,FRINGE,3,GREEN,GREEN,SHORT_GAME,0.7,7.1,False,4,0,True,False,False,False
이가영,8883,1,13,4,2,2,ROUGH,ROUGH,2,ROUGH,ROUGH,RECOVERY,63.8,106.7,False,5,1,False,True,False,False
이가영,8883,1,13,4,3,2,ROUGH,ROUGH,3,GREEN,GREEN,RECOVERY,1.4,63.8,False,5,1,False,True,False,False
이가영,8883,1,14,4,2,1,FAIRWAY,FAIRWAY,3,GREEN,GREEN,NORMAL_APPROACH,6.2,140.4,True,4,0,True,False,False,True
이가영,8883,1,15,4,2,1,FAIRWAY,FAIRWAY,2,ROUGH,ROUGH,OTHER_UNRESOLVED,19.9,165.7,False,5,1,False,True,False,True
이가영,8883,1,15,4,3,2,ROUGH,ROUGH,3,GREEN,GREEN,RECOVERY,7.6,19.9,False,5,1,False,True,False,True
이가영,8883,1,17,4,2,2,ROUGH,ROUGH,3,GREEN,GREEN,RECOVERY,10.5,125.5,True,3,-1,True,False,False,False
이가영,8883,1,18,5,2,2,ROUGH,ROUGH,1,FAIRWAY,FAIRWAY,RECOVERY,115.0,300.9,True,4,-1,True,False,False,False
이가영,8883,1,18,5,3,1,FAIRWAY,FAIRWAY,3,GREEN,GREEN,NORMAL_APPROACH,1.2,115.0,True,4,-1,True,False,False,False
이가영,8883,2,1,4,2,6,BUNKER,BUNKER,6,BUNKER,BUNKER,RECOVERY,155.7,156.2,False,6,2,False,True,True,False
이가영,8883,2,1,4,3,6,BUNKER,BUNKER,1,FAIRWAY,FAIRWAY,RECOVERY,86.0,155.7,False,6,2,False,True,True,False
이가영,8883,2,1,4,4,1,FAIRWAY,FAIRWAY,12,FRINGE,FRINGE,NORMAL_APPROACH,7.4,86.0,False,6,2,False,True,True,False
이가영,8883,2,1,4,5,12,FRINGE,FRINGE,3,GREEN,GREEN,SHORT_GAME,0.4,7.4,False,6,2,False,True,True,False
이가영,8883,2,3,4,2,1,FAIRWAY,FAIRWAY,2,ROUGH,ROUGH,OTHER_UNRESOLVED,19.6,191.1,False,5,1,False,True,False,True
이가영,8883,2,3,4,3,2,ROUGH,ROUGH,3,GREEN,GREEN,RECOVERY,8.8,19.6,False,5,1,False,True,False,True
이가영,8883,2,4,5,2,1,FAIRWAY,FAIRWAY,2,ROUGH,ROUGH,ADVANCE_LAYUP,127.1,326.3,True,5,0,True,False,False,True
이가영,8883,2,4,5,3,2,ROUGH,ROUGH,3,GREEN,GREEN,RECOVERY,17.4,127.1,True,5,0,True,False,False,True
이가영,8883,2,6,4,2,7,LOST_BALL,LOST_BALL_PENALTY_RESTART,8,PENALTY_STROKE,LOST_BALL_PENALTY_RESTART,PENALTY_RESTART,389.9,389.9,False,9,5,False,True,True,False
이가영,8883,2,6,4,3,8,PENALTY_STROKE,LOST_BALL_PENALTY_RESTART,2,ROUGH,ROUGH,PENALTY_RESTART,230.4,389.9,False,9,5,False,True,True,False
이가영,8883,2,6,4,4,2,ROUGH,ROUGH,8,PENALTY_STROKE,LOST_BALL_PENALTY_RESTART,RECOVERY,393.2,230.4,False,9,5,False,True,True,False
이가영,8883,2,6,4,5,8,PENALTY_STROKE,LOST_BALL_PENALTY_RESTART,1,FAIRWAY,FAIRWAY,PENALTY_RESTART,162.3,393.2,False,9,5,False,True,True,False
이가영,8883,2,6,4,6,1,FAIRWAY,FAIRWAY,2,ROUGH,ROUGH,OTHER_UNRESOLVED,10.0,162.3,False,9,5,False,True,True,False
이가영,8883,2,6,4,7,2,ROUGH,ROUGH,12,FRINGE,FRINGE,RECOVERY,5.7,10.0,False,9,5,False,True,True,False
이가영,8883,2,6,4,8,12,FRINGE,FRINGE,3,GREEN,GREEN,SHORT_GAME,1.0,5.7,False,9,5,False,True,True,False
이가영,8883,2,7,5,2,1,FAIRWAY,FAIRWAY,1,FAIRWAY,FAIRWAY,ADVANCE_LAYUP,90.7,300.4,True,5,0,True,False,False,True
이가영,8883,2,7,5,3,1,FAIRWAY,FAIRWAY,3,GREEN,GREEN,NORMAL_APPROACH,2.4,90.7,True,5,0,True,False,False,True
이가영,8883,2,8,4,2,1,FAIRWAY,FAIRWAY,5,PENALTY_AREA,PENALTY_AREA,OTHER_UNRESOLVED,0.0,133.5,False,6,2,False,True,True,True
이가영,8883,2,8,4,3,5,PENALTY_AREA,PENALTY_AREA,8,PENALTY_STROKE,LOST_BALL_PENALTY_RESTART,PENALTY_RESTART,100.3,0.0,False,6,2,False,True,True,True
이가영,8883,2,8,4,4,8,PENALTY_STROKE,LOST_BALL_PENALTY_RESTART,3,GREEN,GREEN,PENALTY_RESTART,10.5,100.3,False,6,2,False,True,True,True
이가영,8883,2,9,4,2,2,ROUGH,ROUGH,3,GREEN,GREEN,RECOVERY,1.2,119.0,True,3,-1,True,False,False,False
이가영,8883,2,10,5,2,1,FAIRWAY,FAIRWAY,1,FAIRWAY,FAIRWAY,ADVANCE_LAYUP,120.1,334.4,True,4,-1,True,False,False,True
이가영,8883,2,10,5,3,1,FAIRWAY,FAIRWAY,3,GREEN,GREEN,NORMAL_APPROACH,0.8,120.1,True,4,-1,True,False,False,True
이가영,8883,2,11,3,2,12,FRINGE,FRINGE,3,GREEN,GREEN,SHORT_GAME,3.1,9.8,False,4,1,False,True,False,
이가영,8883,2,12,4,2,1,FAIRWAY,FAIRWAY,3,GREEN,GREEN,NORMAL_APPROACH,12.9,187.1,True,4,0,True,False,False,True
이가영,8883,2,13,4,2,1,FAIRWAY,FAIRWAY,3,GREEN,GREEN,NORMAL_APPROACH,7.7,110.4,True,4,0,True,False,False,True
이가영,8883,2,14,4,2,2,ROUGH,ROUGH,12,FRINGE,FRINGE,RECOVERY,6.6,145.9,False,4,0,True,False,False,False
이가영,8883,2,14,4,3,12,FRINGE,FRINGE,3,GREEN,GREEN,SHORT_GAME,0.4,6.6,False,4,0,True,False,False,False
이가영,8883,2,15,4,2,1,FAIRWAY,FAIRWAY,2,ROUGH,ROUGH,OTHER_UNRESOLVED,15.5,149.9,False,4,0,True,False,False,True
이가영,8883,2,15,4,3,2,ROUGH,ROUGH,3,GREEN,GREEN,RECOVERY,1.0,15.5,False,4,0,True,False,False,True
이가영,8883,2,17,4,2,2,ROUGH,ROUGH,12,FRINGE,FRINGE,RECOVERY,12.0,161.8,False,4,0,True,False,False,False
이가영,8883,2,17,4,3,12,FRINGE,FRINGE,3,GREEN,GREEN,SHORT_GAME,0.8,12.0,False,4,0,True,False,False,False
이가영,8883,2,18,5,2,2,ROUGH,ROUGH,2,ROUGH,ROUGH,RECOVERY,131.6,288.3,False,5,0,True,False,False,False
이가영,8883,2,18,5,3,2,ROUGH,ROUGH,12,FRINGE,FRINGE,RECOVERY,16.7,131.6,False,5,0,True,False,False,False
이가영,8883,2,18,5,4,12,FRINGE,FRINGE,3,GREEN,GREEN,SHORT_GAME,0.7,16.7,False,5,0,True,False,False,False
윤화영,8884,1,1,4,2,1,FAIRWAY,FAIRWAY,12,FRINGE,FRINGE,NORMAL_APPROACH,17.3,191.3,False,5,1,False,True,False,True
윤화영,8884,1,1,4,3,12,FRINGE,FRINGE,3,GREEN,GREEN,SHORT_GAME,3.5,17.3,False,5,1,False,True,False,True
윤화영,8884,1,3,4,2,1,FAIRWAY,FAIRWAY,2,ROUGH,ROUGH,OTHER_UNRESOLVED,24.2,194.8,False,5,1,False,True,False,True
윤화영,8884,1,3,4,3,2,ROUGH,ROUGH,3,GREEN,GREEN,RECOVERY,2.7,24.2,False,5,1,False,True,False,True
윤화영,8884,1,4,5,2,1,FAIRWAY,FAIRWAY,1,FAIRWAY,FAIRWAY,ADVANCE_LAYUP,110.4,303.2,True,5,0,True,False,False,True
윤화영,8884,1,4,5,3,1,FAIRWAY,FAIRWAY,3,GREEN,GREEN,NORMAL_APPROACH,5.9,110.4,True,5,0,True,False,False,True
윤화영,8884,1,5,3,2,12,FRINGE,FRINGE,3,GREEN,GREEN,SHORT_GAME,1.5,10.1,False,3,0,True,False,False,
윤화영,8884,1,6,4,2,2,ROUGH,ROUGH,2,ROUGH,ROUGH,RECOVERY,46.6,186.1,False,5,1,False,True,False,False
윤화영,8884,1,6,4,3,2,ROUGH,ROUGH,3,GREEN,GREEN,RECOVERY,9.7,46.6,False,5,1,False,True,False,False
윤화영,8884,1,7,5,2,1,FAIRWAY,FAIRWAY,1,FAIRWAY,FAIRWAY,ADVANCE_LAYUP,76.9,286.5,True,5,0,True,False,False,True
윤화영,8884,1,7,5,3,1,FAIRWAY,FAIRWAY,3,GREEN,GREEN,NORMAL_APPROACH,6.7,76.9,True,5,0,True,False,False,True
윤화영,8884,1,8,4,2,2,ROUGH,ROUGH,1,FAIRWAY,FAIRWAY,RECOVERY,128.4,183.1,False,5,1,False,True,False,False
윤화영,8884,1,8,4,3,1,FAIRWAY,FAIRWAY,3,GREEN,GREEN,NORMAL_APPROACH,7.8,128.4,False,5,1,False,True,False,False
윤화영,8884,1,9,4,2,2,ROUGH,ROUGH,2,ROUGH,ROUGH,RECOVERY,9.3,151.9,False,4,0,True,False,False,False
윤화영,8884,1,9,4,3,2,ROUGH,ROUGH,3,GREEN,GREEN,RECOVERY,2.5,9.3,False,4,0,True,False,False,False
윤화영,8884,1,10,5,2,1,FAIRWAY,FAIRWAY,1,FAIRWAY,FAIRWAY,ADVANCE_LAYUP,150.8,326.7,True,5,0,True,False,False,True
윤화영,8884,1,10,5,3,1,FAIRWAY,FAIRWAY,3,GREEN,GREEN,NORMAL_APPROACH,25.9,150.8,True,5,0,True,False,False,True
윤화영,8884,1,11,3,2,2,ROUGH,ROUGH,3,GREEN,GREEN,RECOVERY,10.1,21.1,False,4,1,False,True,False,
윤화영,8884,1,12,4,2,2,ROUGH,ROUGH,2,ROUGH,ROUGH,RECOVERY,28.8,156.0,False,5,1,False,True,False,False
윤화영,8884,1,12,4,3,2,ROUGH,ROUGH,3,GREEN,GREEN,RECOVERY,5.4,28.8,False,5,1,False,True,False,False
윤화영,8884,1,13,4,2,1,FAIRWAY,FAIRWAY,3,GREEN,GREEN,NORMAL_APPROACH,5.4,128.8,True,4,0,True,False,False,True
윤화영,8884,1,14,4,2,1,FAIRWAY,FAIRWAY,3,GREEN,GREEN,NORMAL_APPROACH,5.7,164.1,True,4,0,True,False,False,True
윤화영,8884,1,15,4,2,1,FAIRWAY,FAIRWAY,3,GREEN,GREEN,NORMAL_APPROACH,9.5,172.7,True,4,0,True,False,False,True
윤화영,8884,1,16,3,2,2,ROUGH,ROUGH,3,GREEN,GREEN,RECOVERY,3.0,22.9,False,3,0,True,False,False,
윤화영,8884,1,17,4,2,1,FAIRWAY,FAIRWAY,3,GREEN,GREEN,NORMAL_APPROACH,3.3,138.5,True,4,0,True,False,False,True
윤화영,8884,1,18,5,2,1,FAIRWAY,FAIRWAY,2,ROUGH,ROUGH,ADVANCE_LAYUP,107.8,310.5,True,5,0,True,False,False,True
윤화영,8884,1,18,5,3,2,ROUGH,ROUGH,3,GREEN,GREEN,RECOVERY,6.2,107.8,True,5,0,True,False,False,True
윤화영,8884,2,1,4,2,2,ROUGH,ROUGH,3,GREEN,GREEN,RECOVERY,19.9,167.2,True,5,1,False,True,False,False
윤화영,8884,2,3,4,2,1,FAIRWAY,FAIRWAY,2,ROUGH,ROUGH,OTHER_UNRESOLVED,18.3,191.4,False,5,1,False,True,False,True
윤화영,8884,2,3,4,3,2,ROUGH,ROUGH,3,GREEN,GREEN,RECOVERY,5.7,18.3,False,5,1,False,True,False,True
윤화영,8884,2,4,5,2,2,ROUGH,ROUGH,2,ROUGH,ROUGH,RECOVERY,126.6,312.1,True,4,-1,True,False,False,False
윤화영,8884,2,4,5,3,2,ROUGH,ROUGH,3,GREEN,GREEN,RECOVERY,3.6,126.6,True,4,-1,True,False,False,False
윤화영,8884,2,6,4,2,2,ROUGH,ROUGH,2,ROUGH,ROUGH,RECOVERY,42.1,176.5,False,5,1,False,True,False,False
윤화영,8884,2,6,4,3,2,ROUGH,ROUGH,3,GREEN,GREEN,RECOVERY,13.0,42.1,False,5,1,False,True,False,False
윤화영,8884,2,7,5,2,1,FAIRWAY,FAIRWAY,2,ROUGH,ROUGH,ADVANCE_LAYUP,114.7,297.1,False,6,1,False,True,False,True
윤화영,8884,2,7,5,3,2,ROUGH,ROUGH,2,ROUGH,ROUGH,RECOVERY,31.2,114.7,False,6,1,False,True,False,True
윤화영,8884,2,7,5,4,2,ROUGH,ROUGH,12,FRINGE,FRINGE,RECOVERY,7.1,31.2,False,6,1,False,True,False,True
윤화영,8884,2,7,5,5,12,FRINGE,FRINGE,3,GREEN,GREEN,SHORT_GAME,1.2,7.1,False,6,1,False,True,False,True
윤화영,8884,2,8,4,2,1,FAIRWAY,FAIRWAY,3,GREEN,GREEN,NORMAL_APPROACH,3.3,135.9,True,3,-1,True,False,False,True
윤화영,8884,2,9,4,2,1,FAIRWAY,FAIRWAY,3,GREEN,GREEN,NORMAL_APPROACH,10.9,142.1,True,4,0,True,False,False,True
윤화영,8884,2,10,5,2,2,ROUGH,ROUGH,1,FAIRWAY,FAIRWAY,RECOVERY,155.0,331.0,True,5,0,True,False,False,False
윤화영,8884,2,10,5,3,1,FAIRWAY,FAIRWAY,3,GREEN,GREEN,NORMAL_APPROACH,8.2,155.0,True,5,0,True,False,False,False
윤화영,8884,2,12,4,2,1,FAIRWAY,FAIRWAY,3,GREEN,GREEN,NORMAL_APPROACH,16.6,169.0,True,4,0,True,False,False,True
윤화영,8884,2,13,4,2,2,ROUGH,ROUGH,12,FRINGE,FRINGE,RECOVERY,15.9,117.5,False,5,1,False,True,False,False
윤화영,8884,2,13,4,3,12,FRINGE,FRINGE,3,GREEN,GREEN,SHORT_GAME,3.3,15.9,False,5,1,False,True,False,False
윤화영,8884,2,14,4,2,1,FAIRWAY,FAIRWAY,3,GREEN,GREEN,NORMAL_APPROACH,17.7,173.5,True,4,0,True,False,False,True
윤화영,8884,2,15,4,2,2,ROUGH,ROUGH,2,ROUGH,ROUGH,RECOVERY,20.8,161.5,False,5,1,False,True,False,False
윤화영,8884,2,15,4,3,2,ROUGH,ROUGH,3,GREEN,GREEN,RECOVERY,4.0,20.8,False,5,1,False,True,False,False
윤화영,8884,2,17,4,2,1,FAIRWAY,FAIRWAY,3,GREEN,GREEN,NORMAL_APPROACH,8.1,153.9,True,4,0,True,False,False,True
윤화영,8884,2,18,5,2,1,FAIRWAY,FAIRWAY,1,FAIRWAY,FAIRWAY,ADVANCE_LAYUP,78.6,281.4,True,4,-1,True,False,False,True
윤화영,8884,2,18,5,3,1,FAIRWAY,FAIRWAY,3,GREEN,GREEN,NORMAL_APPROACH,2.8,78.6,True,4,-1,True,False,False,True
윤화영,8884,3,1,4,2,1,FAIRWAY,FAIRWAY,12,FRINGE,FRINGE,NORMAL_APPROACH,6.0,184.1,False,4,0,True,False,False,True
윤화영,8884,3,1,4,3,12,FRINGE,FRINGE,3,GREEN,GREEN,SHORT_GAME,0.5,6.0,False,4,0,True,False,False,True
윤화영,8884,3,2,3,2,12,FRINGE,FRINGE,3,GREEN,GREEN,SHORT_GAME,5.3,23.1,False,4,1,False,True,False,
윤화영,8884,3,3,4,2,1,FAIRWAY,FAIRWAY,3,GREEN,GREEN,NORMAL_APPROACH,13.2,210.0,True,5,1,False,True,False,True
윤화영,8884,3,4,5,2,2,ROUGH,ROUGH,1,FAIRWAY,FAIRWAY,RECOVERY,129.5,296.8,True,4,-1,True,False,False,False
윤화영,8884,3,4,5,3,1,FAIRWAY,FAIRWAY,3,GREEN,GREEN,NORMAL_APPROACH,4.5,129.5,True,4,-1,True,False,False,False
윤화영,8884,3,6,4,2,1,FAIRWAY,FAIRWAY,3,GREEN,GREEN,NORMAL_APPROACH,2.3,175.1,True,4,0,True,False,False,True
윤화영,8884,3,7,5,2,2,ROUGH,ROUGH,1,FAIRWAY,FAIRWAY,RECOVERY,141.6,319.1,True,5,0,True,False,False,False
윤화영,8884,3,7,5,3,1,FAIRWAY,FAIRWAY,3,GREEN,GREEN,NORMAL_APPROACH,4.8,141.6,True,5,0,True,False,False,False
윤화영,8884,3,8,4,2,2,ROUGH,ROUGH,12,FRINGE,FRINGE,RECOVERY,30.5,154.2,False,5,1,False,True,False,False
윤화영,8884,3,8,4,3,12,FRINGE,FRINGE,3,GREEN,GREEN,SHORT_GAME,2.1,30.5,False,5,1,False,True,False,False
윤화영,8884,3,9,4,2,1,FAIRWAY,FAIRWAY,2,ROUGH,ROUGH,OTHER_UNRESOLVED,7.8,118.6,False,4,0,True,False,False,True
윤화영,8884,3,9,4,3,2,ROUGH,ROUGH,3,GREEN,GREEN,RECOVERY,0.4,7.8,False,4,0,True,False,False,True
윤화영,8884,3,10,5,2,2,ROUGH,ROUGH,1,FAIRWAY,FAIRWAY,RECOVERY,147.4,328.8,False,4,-1,True,False,False,False
윤화영,8884,3,10,5,3,1,FAIRWAY,FAIRWAY,2,ROUGH,ROUGH,ADVANCE_LAYUP,9.5,147.4,False,4,-1,True,False,False,False
윤화영,8884,3,10,5,4,2,ROUGH,ROUGH,10,HOLED,HOLED,RECOVERY,0.0,9.5,False,4,-1,True,False,False,False
윤화영,8884,3,12,4,2,1,FAIRWAY,FAIRWAY,3,GREEN,GREEN,NORMAL_APPROACH,7.2,159.4,True,4,0,True,False,False,True
윤화영,8884,3,13,4,2,1,FAIRWAY,FAIRWAY,3,GREEN,GREEN,NORMAL_APPROACH,3.1,148.2,True,4,0,True,False,False,True
윤화영,8884,3,14,4,2,1,FAIRWAY,FAIRWAY,2,ROUGH,ROUGH,OTHER_UNRESOLVED,21.1,158.1,False,4,0,True,False,False,True
윤화영,8884,3,14,4,3,2,ROUGH,ROUGH,3,GREEN,GREEN,RECOVERY,0.8,21.1,False,4,0,True,False,False,True
윤화영,8884,3,15,4,2,1,FAIRWAY,FAIRWAY,3,GREEN,GREEN,NORMAL_APPROACH,23.0,181.3,True,4,0,True,False,False,True
윤화영,8884,3,17,4,2,1,FAIRWAY,FAIRWAY,2,ROUGH,ROUGH,OTHER_UNRESOLVED,6.8,129.7,False,3,-1,True,False,False,True
윤화영,8884,3,17,4,3,2,ROUGH,ROUGH,10,HOLED,HOLED,RECOVERY,0.0,6.8,False,3,-1,True,False,False,True
윤화영,8884,3,18,5,2,1,FAIRWAY,FAIRWAY,2,ROUGH,ROUGH,ADVANCE_LAYUP,112.1,298.4,True,5,0,True,False,False,True
윤화영,8884,3,18,5,3,2,ROUGH,ROUGH,3,GREEN,GREEN,RECOVERY,8.9,112.1,True,5,0,True,False,False,True
윤화영,8884,4,1,4,2,1,FAIRWAY,FAIRWAY,9,GREENSIDE_BUNKER,GREENSIDE_BUNKER,OTHER_UNRESOLVED,23.8,189.6,False,5,1,False,True,False,True
윤화영,8884,4,1,4,3,9,GREENSIDE_BUNKER,GREENSIDE_BUNKER,3,GREEN,GREEN,RECOVERY,3.4,23.8,False,5,1,False,True,False,True
윤화영,8884,4,3,4,2,1,FAIRWAY,FAIRWAY,3,GREEN,GREEN,NORMAL_APPROACH,3.3,208.9,True,3,-1,True,False,False,True
윤화영,8884,4,4,5,2,1,FAIRWAY,FAIRWAY,1,FAIRWAY,FAIRWAY,ADVANCE_LAYUP,103.1,294.9,True,5,0,True,False,False,True
윤화영,8884,4,4,5,3,1,FAIRWAY,FAIRWAY,3,GREEN,GREEN,NORMAL_APPROACH,2.9,103.1,True,5,0,True,False,False,True
윤화영,8884,4,6,4,2,1,FAIRWAY,FAIRWAY,12,FRINGE,FRINGE,NORMAL_APPROACH,26.3,163.3,False,5,1,False,True,False,True
윤화영,8884,4,6,4,3,12,FRINGE,FRINGE,3,GREEN,GREEN,SHORT_GAME,1.3,26.3,False,5,1,False,True,False,True
윤화영,8884,4,7,5,2,2,ROUGH,ROUGH,2,ROUGH,ROUGH,RECOVERY,157.6,314.3,True,5,0,True,False,False,False
윤화영,8884,4,7,5,3,2,ROUGH,ROUGH,3,GREEN,GREEN,RECOVERY,20.6,157.6,True,5,0,True,False,False,False
윤화영,8884,4,8,4,2,1,FAIRWAY,FAIRWAY,12,FRINGE,FRINGE,NORMAL_APPROACH,20.7,133.7,False,5,1,False,True,False,True
윤화영,8884,4,8,4,3,12,FRINGE,FRINGE,3,GREEN,GREEN,SHORT_GAME,4.0,20.7,False,5,1,False,True,False,True
윤화영,8884,4,9,4,2,2,ROUGH,ROUGH,1,FAIRWAY,FAIRWAY,RECOVERY,114.8,133.0,False,6,2,False,True,True,False
윤화영,8884,4,9,4,3,1,FAIRWAY,FAIRWAY,3,GREEN,GREEN,NORMAL_APPROACH,11.2,114.8,False,6,2,False,True,True,False
윤화영,8884,4,10,5,2,2,ROUGH,ROUGH,1,FAIRWAY,FAIRWAY,RECOVERY,215.5,329.5,False,5,0,True,False,False,False
윤화영,8884,4,10,5,3,1,FAIRWAY,FAIRWAY,9,GREENSIDE_BUNKER,GREENSIDE_BUNKER,ADVANCE_LAYUP,20.5,215.5,False,5,0,True,False,False,False
윤화영,8884,4,10,5,4,9,GREENSIDE_BUNKER,GREENSIDE_BUNKER,3,GREEN,GREEN,RECOVERY,1.2,20.5,False,5,0,True,False,False,False
윤화영,8884,4,12,4,2,1,FAIRWAY,FAIRWAY,3,GREEN,GREEN,NORMAL_APPROACH,10.4,158.8,True,4,0,True,False,False,True
윤화영,8884,4,13,4,2,1,FAIRWAY,FAIRWAY,3,GREEN,GREEN,NORMAL_APPROACH,11.1,141.5,True,3,-1,True,False,False,True
윤화영,8884,4,14,4,2,1,FAIRWAY,FAIRWAY,2,ROUGH,ROUGH,OTHER_UNRESOLVED,10.4,161.4,False,6,2,False,True,True,True
윤화영,8884,4,14,4,3,2,ROUGH,ROUGH,2,ROUGH,ROUGH,RECOVERY,9.6,10.4,False,6,2,False,True,True,True
윤화영,8884,4,14,4,4,2,ROUGH,ROUGH,2,ROUGH,ROUGH,RECOVERY,8.6,9.6,False,6,2,False,True,True,True
윤화영,8884,4,14,4,5,2,ROUGH,ROUGH,3,GREEN,GREEN,RECOVERY,0.2,8.6,False,6,2,False,True,True,True
윤화영,8884,4,15,4,2,1,FAIRWAY,FAIRWAY,3,GREEN,GREEN,NORMAL_APPROACH,7.0,181.4,True,3,-1,True,False,False,True
윤화영,8884,4,17,4,2,1,FAIRWAY,FAIRWAY,3,GREEN,GREEN,NORMAL_APPROACH,1.2,129.0,True,3,-1,True,False,False,True
윤화영,8884,4,18,5,2,1,FAIRWAY,FAIRWAY,1,FAIRWAY,FAIRWAY,ADVANCE_LAYUP,96.7,300.1,True,5,0,True,False,False,True
윤화영,8884,4,18,5,3,1,FAIRWAY,FAIRWAY,3,GREEN,GREEN,NORMAL_APPROACH,2.7,96.7,True,5,0,True,False,False,True
조정민,8972,1,1,4,2,2,ROUGH,ROUGH,1,FAIRWAY,FAIRWAY,RECOVERY,136.0,191.4,False,5,1,False,True,False,False
조정민,8972,1,1,4,3,1,FAIRWAY,FAIRWAY,3,GREEN,GREEN,NORMAL_APPROACH,11.5,136.0,False,5,1,False,True,False,False
조정민,8972,1,3,4,2,1,FAIRWAY,FAIRWAY,2,ROUGH,ROUGH,OTHER_UNRESOLVED,15.8,191.2,False,4,0,True,False,False,True
조정민,8972,1,3,4,3,2,ROUGH,ROUGH,3,GREEN,GREEN,RECOVERY,0.4,15.8,False,4,0,True,False,False,True
조정민,8972,1,4,5,2,1,FAIRWAY,FAIRWAY,1,FAIRWAY,FAIRWAY,ADVANCE_LAYUP,94.2,290.5,True,5,0,True,False,False,True
조정민,8972,1,4,5,3,1,FAIRWAY,FAIRWAY,3,GREEN,GREEN,NORMAL_APPROACH,6.1,94.2,True,5,0,True,False,False,True
조정민,8972,1,5,3,2,12,FRINGE,FRINGE,3,GREEN,GREEN,SHORT_GAME,23.6,35.2,False,4,1,False,True,False,
조정민,8972,1,6,4,2,2,ROUGH,ROUGH,2,ROUGH,ROUGH,RECOVERY,90.0,239.7,False,5,1,False,True,False,False
조정민,8972,1,6,4,3,2,ROUGH,ROUGH,3,GREEN,GREEN,RECOVERY,5.9,90.0,False,5,1,False,True,False,False
조정민,8972,1,7,5,2,2,ROUGH,ROUGH,1,FAIRWAY,FAIRWAY,RECOVERY,106.2,289.4,True,4,-1,True,False,False,False
조정민,8972,1,7,5,3,1,FAIRWAY,FAIRWAY,3,GREEN,GREEN,NORMAL_APPROACH,2.3,106.2,True,4,-1,True,False,False,False
조정민,8972,1,8,4,2,1,FAIRWAY,FAIRWAY,2,ROUGH,ROUGH,OTHER_UNRESOLVED,18.0,155.9,False,5,1,False,True,False,True
조정민,8972,1,8,4,3,2,ROUGH,ROUGH,3,GREEN,GREEN,RECOVERY,1.6,18.0,False,5,1,False,True,False,True
조정민,8972,1,9,4,2,1,FAIRWAY,FAIRWAY,3,GREEN,GREEN,NORMAL_APPROACH,12.5,149.9,True,3,-1,True,False,False,True
조정민,8972,1,10,5,2,2,ROUGH,ROUGH,1,FAIRWAY,FAIRWAY,RECOVERY,218.2,331.0,False,6,1,False,True,False,False
조정민,8972,1,10,5,3,1,FAIRWAY,FAIRWAY,1,FAIRWAY,FAIRWAY,ADVANCE_LAYUP,82.6,218.2,False,6,1,False,True,False,False
조정민,8972,1,10,5,4,1,FAIRWAY,FAIRWAY,2,ROUGH,ROUGH,ADVANCE_LAYUP,9.3,82.6,False,6,1,False,True,False,False
조정민,8972,1,10,5,5,2,ROUGH,ROUGH,3,GREEN,GREEN,RECOVERY,0.7,9.3,False,6,1,False,True,False,False
조정민,8972,1,11,3,2,2,ROUGH,ROUGH,3,GREEN,GREEN,RECOVERY,2.8,17.4,False,4,1,False,True,False,
조정민,8972,1,12,4,2,1,FAIRWAY,FAIRWAY,3,GREEN,GREEN,NORMAL_APPROACH,9.8,152.9,True,4,0,True,False,False,True
조정민,8972,1,13,4,2,1,FAIRWAY,FAIRWAY,3,GREEN,GREEN,NORMAL_APPROACH,17.3,135.7,True,4,0,True,False,False,True
조정민,8972,1,14,4,2,1,FAIRWAY,FAIRWAY,12,FRINGE,FRINGE,NORMAL_APPROACH,16.0,145.2,False,4,0,True,False,False,True
조정민,8972,1,14,4,3,12,FRINGE,FRINGE,3,GREEN,GREEN,SHORT_GAME,2.4,16.0,False,4,0,True,False,False,True
조정민,8972,1,15,4,2,1,FAIRWAY,FAIRWAY,12,FRINGE,FRINGE,NORMAL_APPROACH,16.3,180.8,False,4,0,True,False,False,True
조정민,8972,1,15,4,3,12,FRINGE,FRINGE,3,GREEN,GREEN,SHORT_GAME,1.0,16.3,False,4,0,True,False,False,True
조정민,8972,1,16,3,2,2,ROUGH,ROUGH,3,GREEN,GREEN,RECOVERY,2.4,21.4,False,4,1,False,True,False,
조정민,8972,1,17,4,2,2,ROUGH,ROUGH,2,ROUGH,ROUGH,RECOVERY,27.0,137.6,False,4,0,True,False,False,False
조정민,8972,1,17,4,3,2,ROUGH,ROUGH,3,GREEN,GREEN,RECOVERY,2.6,27.0,False,4,0,True,False,False,False
조정민,8972,1,18,5,2,2,ROUGH,ROUGH,2,ROUGH,ROUGH,RECOVERY,201.9,297.1,False,6,1,False,True,False,False
조정민,8972,1,18,5,3,2,ROUGH,ROUGH,2,ROUGH,ROUGH,RECOVERY,31.8,201.9,False,6,1,False,True,False,False
조정민,8972,1,18,5,4,2,ROUGH,ROUGH,8,PENALTY_STROKE,LOST_BALL_PENALTY_RESTART,RECOVERY,32.1,31.8,False,6,1,False,True,False,False
조정민,8972,1,18,5,5,8,PENALTY_STROKE,LOST_BALL_PENALTY_RESTART,3,GREEN,GREEN,PENALTY_RESTART,0.4,32.1,False,6,1,False,True,False,False
조정민,8972,2,1,4,2,6,BUNKER,BUNKER,1,FAIRWAY,FAIRWAY,RECOVERY,70.3,156.4,False,5,1,False,True,False,False
조정민,8972,2,1,4,3,1,FAIRWAY,FAIRWAY,3,GREEN,GREEN,NORMAL_APPROACH,2.6,70.3,False,5,1,False,True,False,False
조정민,8972,2,3,4,2,2,ROUGH,ROUGH,2,ROUGH,ROUGH,RECOVERY,32.5,187.9,False,5,1,False,True,False,False
조정민,8972,2,3,4,3,2,ROUGH,ROUGH,3,GREEN,GREEN,RECOVERY,5.4,32.5,False,5,1,False,True,False,False
조정민,8972,2,4,5,2,2,ROUGH,ROUGH,1,FAIRWAY,FAIRWAY,RECOVERY,167.2,319.7,False,6,1,False,True,False,False
조정민,8972,2,4,5,3,1,FAIRWAY,FAIRWAY,7,LOST_BALL,LOST_BALL_PENALTY_RESTART,ADVANCE_LAYUP,167.2,167.2,False,6,1,False,True,False,False
조정민,8972,2,4,5,4,7,LOST_BALL,LOST_BALL_PENALTY_RESTART,8,PENALTY_STROKE,LOST_BALL_PENALTY_RESTART,PENALTY_RESTART,167.2,167.2,False,6,1,False,True,False,False
조정민,8972,2,4,5,5,8,PENALTY_STROKE,LOST_BALL_PENALTY_RESTART,3,GREEN,GREEN,PENALTY_RESTART,4.3,167.2,False,6,1,False,True,False,False
조정민,8972,2,5,3,2,2,ROUGH,ROUGH,3,GREEN,GREEN,RECOVERY,0.3,14.5,False,3,0,True,False,False,
조정민,8972,2,6,4,2,2,ROUGH,ROUGH,9,GREENSIDE_BUNKER,GREENSIDE_BUNKER,RECOVERY,21.8,192.2,False,5,1,False,True,False,False
조정민,8972,2,6,4,3,9,GREENSIDE_BUNKER,GREENSIDE_BUNKER,12,FRINGE,FRINGE,RECOVERY,5.1,21.8,False,5,1,False,True,False,False
조정민,8972,2,6,4,4,12,FRINGE,FRINGE,3,GREEN,GREEN,SHORT_GAME,0.2,5.1,False,5,1,False,True,False,False
조정민,8972,2,7,5,2,1,FAIRWAY,FAIRWAY,1,FAIRWAY,FAIRWAY,ADVANCE_LAYUP,91.4,297.6,True,5,0,True,False,False,True
조정민,8972,2,7,5,3,1,FAIRWAY,FAIRWAY,3,GREEN,GREEN,NORMAL_APPROACH,8.3,91.4,True,5,0,True,False,False,True
조정민,8972,2,8,4,2,1,FAIRWAY,FAIRWAY,5,PENALTY_AREA,PENALTY_AREA,OTHER_UNRESOLVED,0.0,129.3,False,5,1,False,True,False,True
조정민,8972,2,8,4,3,5,PENALTY_AREA,PENALTY_AREA,8,PENALTY_STROKE,LOST_BALL_PENALTY_RESTART,PENALTY_RESTART,92.6,0.0,False,5,1,False,True,False,True
조정민,8972,2,8,4,4,8,PENALTY_STROKE,LOST_BALL_PENALTY_RESTART,3,GREEN,GREEN,PENALTY_RESTART,1.5,92.6,False,5,1,False,True,False,True
조정민,8972,2,9,4,2,2,ROUGH,ROUGH,3,GREEN,GREEN,RECOVERY,9.8,152.5,True,3,-1,True,False,False,False
조정민,8972,2,10,5,2,1,FAIRWAY,FAIRWAY,1,FAIRWAY,FAIRWAY,ADVANCE_LAYUP,130.7,325.6,True,4,-1,True,False,False,True
조정민,8972,2,10,5,3,1,FAIRWAY,FAIRWAY,3,GREEN,GREEN,NORMAL_APPROACH,1.2,130.7,True,4,-1,True,False,False,True
조정민,8972,2,11,3,2,2,ROUGH,ROUGH,3,GREEN,GREEN,RECOVERY,1.4,10.2,False,3,0,True,False,False,
조정민,8972,2,12,4,2,1,FAIRWAY,FAIRWAY,2,ROUGH,ROUGH,OTHER_UNRESOLVED,22.2,167.8,False,4,0,True,False,False,True
조정민,8972,2,12,4,3,2,ROUGH,ROUGH,3,GREEN,GREEN,RECOVERY,1.3,22.2,False,4,0,True,False,False,True
조정민,8972,2,13,4,2,1,FAIRWAY,FAIRWAY,3,GREEN,GREEN,NORMAL_APPROACH,7.8,107.6,True,5,1,False,True,False,True
조정민,8972,2,14,4,2,1,FAIRWAY,FAIRWAY,2,ROUGH,ROUGH,OTHER_UNRESOLVED,21.5,151.5,False,4,0,True,False,False,True
조정민,8972,2,14,4,3,2,ROUGH,ROUGH,3,GREEN,GREEN,RECOVERY,1.0,21.5,False,4,0,True,False,False,True
조정민,8972,2,15,4,2,2,ROUGH,ROUGH,3,GREEN,GREEN,RECOVERY,15.0,127.7,True,4,0,True,False,False,False
조정민,8972,2,17,4,2,1,FAIRWAY,FAIRWAY,3,GREEN,GREEN,NORMAL_APPROACH,21.9,155.4,True,4,0,True,False,False,True
조정민,8972,2,18,5,2,1,FAIRWAY,FAIRWAY,1,FAIRWAY,FAIRWAY,ADVANCE_LAYUP,91.5,274.1,True,5,0,True,False,False,True
조정민,8972,2,18,5,3,1,FAIRWAY,FAIRWAY,3,GREEN,GREEN,NORMAL_APPROACH,9.5,91.5,True,5,0,True,False,False,True
김지수,9000,1,1,4,2,1,FAIRWAY,FAIRWAY,2,ROUGH,ROUGH,OTHER_UNRESOLVED,7.9,185.4,False,5,1,False,True,False,True
김지수,9000,1,1,4,3,2,ROUGH,ROUGH,3,GREEN,GREEN,RECOVERY,5.7,7.9,False,5,1,False,True,False,True
김지수,9000,1,3,4,2,1,FAIRWAY,FAIRWAY,3,GREEN,GREEN,NORMAL_APPROACH,4.2,191.7,True,3,-1,True,False,False,True
김지수,9000,1,4,5,2,2,ROUGH,ROUGH,1,FAIRWAY,FAIRWAY,RECOVERY,152.7,303.8,False,5,0,True,False,False,False
김지수,9000,1,4,5,3,1,FAIRWAY,FAIRWAY,12,FRINGE,FRINGE,NORMAL_APPROACH,7.8,152.7,False,5,0,True,False,False,False
김지수,9000,1,4,5,4,12,FRINGE,FRINGE,3,GREEN,GREEN,SHORT_GAME,2.9,7.8,False,5,0,True,False,False,False
김지수,9000,1,5,3,2,12,FRINGE,FRINGE,3,GREEN,GREEN,SHORT_GAME,0.3,9.8,False,3,0,True,False,False,
김지수,9000,1,6,4,2,1,FAIRWAY,FAIRWAY,9,GREENSIDE_BUNKER,GREENSIDE_BUNKER,OTHER_UNRESOLVED,25.8,169.0,False,5,1,False,True,False,True
김지수,9000,1,6,4,3,9,GREENSIDE_BUNKER,GREENSIDE_BUNKER,3,GREEN,GREEN,RECOVERY,3.9,25.8,False,5,1,False,True,False,True
김지수,9000,1,7,5,2,1,FAIRWAY,FAIRWAY,1,FAIRWAY,FAIRWAY,ADVANCE_LAYUP,76.7,286.8,True,4,-1,True,False,False,True
김지수,9000,1,7,5,3,1,FAIRWAY,FAIRWAY,3,GREEN,GREEN,NORMAL_APPROACH,3.6,76.7,True,4,-1,True,False,False,True
김지수,9000,1,8,4,2,2,ROUGH,ROUGH,5,PENALTY_AREA,PENALTY_AREA,RECOVERY,0.0,166.2,False,6,2,False,True,True,False
김지수,9000,1,8,4,3,5,PENALTY_AREA,PENALTY_AREA,8,PENALTY_STROKE,LOST_BALL_PENALTY_RESTART,PENALTY_RESTART,116.3,0.0,False,6,2,False,True,True,False
김지수,9000,1,8,4,4,8,PENALTY_STROKE,LOST_BALL_PENALTY_RESTART,3,GREEN,GREEN,PENALTY_RESTART,6.6,116.3,False,6,2,False,True,True,False
김지수,9000,1,9,4,2,1,FAIRWAY,FAIRWAY,3,GREEN,GREEN,NORMAL_APPROACH,6.2,112.7,True,4,0,True,False,False,True
김지수,9000,1,10,5,2,1,FAIRWAY,FAIRWAY,1,FAIRWAY,FAIRWAY,ADVANCE_LAYUP,132.1,320.8,True,5,0,True,False,False,True
김지수,9000,1,10,5,3,1,FAIRWAY,FAIRWAY,3,GREEN,GREEN,NORMAL_APPROACH,4.7,132.1,True,5,0,True,False,False,True
김지수,9000,1,11,3,2,12,FRINGE,FRINGE,3,GREEN,GREEN,SHORT_GAME,1.3,7.8,False,3,0,True,False,False,
김지수,9000,1,12,4,2,2,ROUGH,ROUGH,2,ROUGH,ROUGH,RECOVERY,14.0,147.9,False,4,0,True,False,False,False
김지수,9000,1,12,4,3,2,ROUGH,ROUGH,3,GREEN,GREEN,RECOVERY,0.3,14.0,False,4,0,True,False,False,False
김지수,9000,1,13,4,2,1,FAIRWAY,FAIRWAY,3,GREEN,GREEN,NORMAL_APPROACH,3.5,119.5,True,4,0,True,False,False,True
김지수,9000,1,14,4,2,1,FAIRWAY,FAIRWAY,3,GREEN,GREEN,NORMAL_APPROACH,9.8,159.6,True,4,0,True,False,False,True
김지수,9000,1,15,4,2,2,ROUGH,ROUGH,3,GREEN,GREEN,RECOVERY,7.2,121.8,True,3,-1,True,False,False,False
김지수,9000,1,17,4,2,2,ROUGH,ROUGH,3,GREEN,GREEN,RECOVERY,8.6,133.5,True,4,0,True,False,False,False
김지수,9000,1,18,5,2,2,ROUGH,ROUGH,1,FAIRWAY,FAIRWAY,RECOVERY,137.7,309.1,True,4,-1,True,False,False,False
김지수,9000,1,18,5,3,1,FAIRWAY,FAIRWAY,3,GREEN,GREEN,NORMAL_APPROACH,1.8,137.7,True,4,-1,True,False,False,False
김지수,9000,2,1,4,2,1,FAIRWAY,FAIRWAY,2,ROUGH,ROUGH,OTHER_UNRESOLVED,16.8,164.9,False,5,1,False,True,False,True
김지수,9000,2,1,4,3,2,ROUGH,ROUGH,3,GREEN,GREEN,RECOVERY,1.7,16.8,False,5,1,False,True,False,True
김지수,9000,2,3,4,2,1,FAIRWAY,FAIRWAY,9,GREENSIDE_BUNKER,GREENSIDE_BUNKER,OTHER_UNRESOLVED,26.7,191.2,False,5,1,False,True,False,True
김지수,9000,2,3,4,3,9,GREENSIDE_BUNKER,GREENSIDE_BUNKER,3,GREEN,GREEN,RECOVERY,6.6,26.7,False,5,1,False,True,False,True
김지수,9000,2,4,5,2,1,FAIRWAY,FAIRWAY,2,ROUGH,ROUGH,ADVANCE_LAYUP,123.9,302.8,True,5,0,True,False,False,True
김지수,9000,2,4,5,3,2,ROUGH,ROUGH,3,GREEN,GREEN,RECOVERY,9.5,123.9,True,5,0,True,False,False,True
김지수,9000,2,5,3,2,9,GREENSIDE_BUNKER,GREENSIDE_BUNKER,3,GREEN,GREEN,RECOVERY,0.8,13.1,False,3,0,True,False,False,
김지수,9000,2,6,4,2,1,FAIRWAY,FAIRWAY,12,FRINGE,FRINGE,NORMAL_APPROACH,7.0,152.2,False,4,0,True,False,False,True
김지수,9000,2,6,4,3,12,FRINGE,FRINGE,3,GREEN,GREEN,SHORT_GAME,0.8,7.0,False,4,0,True,False,False,True
김지수,9000,2,7,5,2,1,FAIRWAY,FAIRWAY,1,FAIRWAY,FAIRWAY,ADVANCE_LAYUP,99.2,303.0,True,5,0,True,False,False,True
김지수,9000,2,7,5,3,1,FAIRWAY,FAIRWAY,3,GREEN,GREEN,NORMAL_APPROACH,14.9,99.2,True,5,0,True,False,False,True
김지수,9000,2,8,4,2,1,FAIRWAY,FAIRWAY,2,ROUGH,ROUGH,OTHER_UNRESOLVED,18.3,130.7,False,5,1,False,True,False,True
김지수,9000,2,8,4,3,2,ROUGH,ROUGH,3,GREEN,GREEN,RECOVERY,1.4,18.3,False,5,1,False,True,False,True
김지수,9000,2,9,4,2,2,ROUGH,ROUGH,3,GREEN,GREEN,RECOVERY,3.4,125.7,True,4,0,True,False,False,False
김지수,9000,2,10,5,2,1,FAIRWAY,FAIRWAY,2,ROUGH,ROUGH,ADVANCE_LAYUP,124.7,322.6,True,5,0,True,False,False,True
김지수,9000,2,10,5,3,2,ROUGH,ROUGH,3,GREEN,GREEN,RECOVERY,4.8,124.7,True,5,0,True,False,False,True
김지수,9000,2,12,4,2,1,FAIRWAY,FAIRWAY,2,ROUGH,ROUGH,OTHER_UNRESOLVED,16.3,163.3,False,5,1,False,True,False,True
김지수,9000,2,12,4,3,2,ROUGH,ROUGH,3,GREEN,GREEN,RECOVERY,18.1,16.3,False,5,1,False,True,False,True
김지수,9000,2,13,4,2,1,FAIRWAY,FAIRWAY,3,GREEN,GREEN,NORMAL_APPROACH,8.9,110.6,True,4,0,True,False,False,True
김지수,9000,2,14,4,2,1,FAIRWAY,FAIRWAY,3,GREEN,GREEN,NORMAL_APPROACH,4.7,171.2,True,3,-1,True,False,False,True
김지수,9000,2,15,4,2,2,ROUGH,ROUGH,2,ROUGH,ROUGH,RECOVERY,17.0,177.5,False,5,1,False,True,False,False
김지수,9000,2,15,4,3,2,ROUGH,ROUGH,3,GREEN,GREEN,RECOVERY,5.1,17.0,False,5,1,False,True,False,False
김지수,9000,2,17,4,2,1,FAIRWAY,FAIRWAY,3,GREEN,GREEN,NORMAL_APPROACH,12.0,147.5,True,4,0,True,False,False,True
김지수,9000,2,18,5,2,2,ROUGH,ROUGH,1,FAIRWAY,FAIRWAY,RECOVERY,106.5,285.0,True,4,-1,True,False,False,False
김지수,9000,2,18,5,3,1,FAIRWAY,FAIRWAY,3,GREEN,GREEN,NORMAL_APPROACH,3.8,106.5,True,4,-1,True,False,False,False
김지수,9000,3,1,4,2,1,FAIRWAY,FAIRWAY,2,ROUGH,ROUGH,OTHER_UNRESOLVED,24.5,174.6,False,4,0,True,False,False,True
김지수,9000,3,1,4,3,2,ROUGH,ROUGH,3,GREEN,GREEN,RECOVERY,0.7,24.5,False,4,0,True,False,False,True
김지수,9000,3,3,4,2,1,FAIRWAY,FAIRWAY,3,GREEN,GREEN,NORMAL_APPROACH,13.0,200.1,True,4,0,True,False,False,True
김지수,9000,3,4,5,2,1,FAIRWAY,FAIRWAY,2,ROUGH,ROUGH,ADVANCE_LAYUP,106.4,302.3,False,5,0,True,False,False,True
김지수,9000,3,4,5,3,2,ROUGH,ROUGH,12,FRINGE,FRINGE,RECOVERY,14.7,106.4,False,5,0,True,False,False,True
김지수,9000,3,4,5,4,12,FRINGE,FRINGE,3,GREEN,GREEN,SHORT_GAME,1.3,14.7,False,5,0,True,False,False,True
김지수,9000,3,6,4,2,1,FAIRWAY,FAIRWAY,3,GREEN,GREEN,NORMAL_APPROACH,9.2,184.5,True,4,0,True,False,False,True
김지수,9000,3,7,5,2,1,FAIRWAY,FAIRWAY,1,FAIRWAY,FAIRWAY,ADVANCE_LAYUP,97.6,302.5,True,4,-1,True,False,False,True
김지수,9000,3,7,5,3,1,FAIRWAY,FAIRWAY,3,GREEN,GREEN,NORMAL_APPROACH,1.0,97.6,True,4,-1,True,False,False,True
김지수,9000,3,8,4,2,1,FAIRWAY,FAIRWAY,12,FRINGE,FRINGE,NORMAL_APPROACH,18.0,136.8,False,4,0,True,False,False,True
김지수,9000,3,8,4,3,12,FRINGE,FRINGE,3,GREEN,GREEN,SHORT_GAME,1.2,18.0,False,4,0,True,False,False,True
김지수,9000,3,9,4,2,2,ROUGH,ROUGH,1,FAIRWAY,FAIRWAY,RECOVERY,116.7,128.5,False,5,1,False,True,False,False
김지수,9000,3,9,4,3,1,FAIRWAY,FAIRWAY,2,ROUGH,ROUGH,OTHER_UNRESOLVED,16.4,116.7,False,5,1,False,True,False,False
김지수,9000,3,9,4,4,2,ROUGH,ROUGH,3,GREEN,GREEN,RECOVERY,0.9,16.4,False,5,1,False,True,False,False
김지수,9000,3,10,5,2,1,FAIRWAY,FAIRWAY,1,FAIRWAY,FAIRWAY,ADVANCE_LAYUP,123.8,311.6,True,5,0,True,False,False,True
김지수,9000,3,10,5,3,1,FAIRWAY,FAIRWAY,3,GREEN,GREEN,NORMAL_APPROACH,7.5,123.8,True,5,0,True,False,False,True
김지수,9000,3,12,4,2,1,FAIRWAY,FAIRWAY,3,GREEN,GREEN,NORMAL_APPROACH,3.5,148.5,True,3,-1,True,False,False,True
김지수,9000,3,13,4,2,1,FAIRWAY,FAIRWAY,2,ROUGH,ROUGH,OTHER_UNRESOLVED,8.5,136.3,False,4,0,True,False,False,True
김지수,9000,3,13,4,3,2,ROUGH,ROUGH,3,GREEN,GREEN,RECOVERY,1.1,8.5,False,4,0,True,False,False,True
김지수,9000,3,14,4,2,2,ROUGH,ROUGH,2,ROUGH,ROUGH,RECOVERY,23.5,143.8,False,5,1,False,True,False,False
김지수,9000,3,14,4,3,2,ROUGH,ROUGH,3,GREEN,GREEN,RECOVERY,10.0,23.5,False,5,1,False,True,False,False
김지수,9000,3,15,4,2,1,FAIRWAY,FAIRWAY,3,GREEN,GREEN,NORMAL_APPROACH,18.1,180.5,True,4,0,True,False,False,True
김지수,9000,3,17,4,2,2,ROUGH,ROUGH,2,ROUGH,ROUGH,RECOVERY,40.8,147.3,False,5,1,False,True,False,False
김지수,9000,3,17,4,3,2,ROUGH,ROUGH,3,GREEN,GREEN,RECOVERY,4.4,40.8,False,5,1,False,True,False,False
김지수,9000,3,18,5,2,2,ROUGH,ROUGH,2,ROUGH,ROUGH,RECOVERY,131.3,287.3,False,5,0,True,False,False,False
김지수,9000,3,18,5,3,2,ROUGH,ROUGH,1,FAIRWAY,FAIRWAY,RECOVERY,83.2,131.3,False,5,0,True,False,False,False
김지수,9000,3,18,5,4,1,FAIRWAY,FAIRWAY,3,GREEN,GREEN,NORMAL_APPROACH,1.1,83.2,False,5,0,True,False,False,False
김지수,9000,4,1,4,2,1,FAIRWAY,FAIRWAY,2,ROUGH,ROUGH,OTHER_UNRESOLVED,30.1,193.3,False,5,1,False,True,False,True
김지수,9000,4,1,4,3,2,ROUGH,ROUGH,3,GREEN,GREEN,RECOVERY,4.4,30.1,False,5,1,False,True,False,True
김지수,9000,4,3,4,2,1,FAIRWAY,FAIRWAY,3,GREEN,GREEN,NORMAL_APPROACH,0.9,190.7,True,3,-1,True,False,False,True
김지수,9000,4,4,5,2,1,FAIRWAY,FAIRWAY,1,FAIRWAY,FAIRWAY,ADVANCE_LAYUP,115.3,305.0,True,5,0,True,False,False,True
김지수,9000,4,4,5,3,1,FAIRWAY,FAIRWAY,3,GREEN,GREEN,NORMAL_APPROACH,4.8,115.3,True,5,0,True,False,False,True
김지수,9000,4,6,4,2,1,FAIRWAY,FAIRWAY,12,FRINGE,FRINGE,NORMAL_APPROACH,9.7,159.8,False,4,0,True,False,False,True
김지수,9000,4,6,4,3,12,FRINGE,FRINGE,3,GREEN,GREEN,SHORT_GAME,0.5,9.7,False,4,0,True,False,False,True
김지수,9000,4,7,5,2,1,FAIRWAY,FAIRWAY,1,FAIRWAY,FAIRWAY,ADVANCE_LAYUP,125.1,322.6,True,5,0,True,False,False,True
김지수,9000,4,7,5,3,1,FAIRWAY,FAIRWAY,3,GREEN,GREEN,NORMAL_APPROACH,6.2,125.1,True,5,0,True,False,False,True
김지수,9000,4,8,4,2,2,ROUGH,ROUGH,3,GREEN,GREEN,RECOVERY,9.3,122.6,True,4,0,True,False,False,False
김지수,9000,4,9,4,2,2,ROUGH,ROUGH,3,GREEN,GREEN,RECOVERY,16.1,111.4,True,4,0,True,False,False,False
김지수,9000,4,10,5,2,1,FAIRWAY,FAIRWAY,1,FAIRWAY,FAIRWAY,ADVANCE_LAYUP,130.2,315.4,True,5,0,True,False,False,True
김지수,9000,4,10,5,3,1,FAIRWAY,FAIRWAY,3,GREEN,GREEN,NORMAL_APPROACH,13.4,130.2,True,5,0,True,False,False,True
김지수,9000,4,12,4,2,1,FAIRWAY,FAIRWAY,2,ROUGH,ROUGH,OTHER_UNRESOLVED,17.7,153.0,False,4,0,True,False,False,True
김지수,9000,4,12,4,3,2,ROUGH,ROUGH,3,GREEN,GREEN,RECOVERY,2.0,17.7,False,4,0,True,False,False,True
김지수,9000,4,13,4,2,2,ROUGH,ROUGH,3,GREEN,GREEN,RECOVERY,16.2,130.9,True,4,0,True,False,False,False
김지수,9000,4,14,4,2,1,FAIRWAY,FAIRWAY,2,ROUGH,ROUGH,OTHER_UNRESOLVED,20.4,141.5,False,4,0,True,False,False,True
김지수,9000,4,14,4,3,2,ROUGH,ROUGH,3,GREEN,GREEN,RECOVERY,1.2,20.4,False,4,0,True,False,False,True
김지수,9000,4,15,4,2,2,ROUGH,ROUGH,2,ROUGH,ROUGH,RECOVERY,41.7,184.0,False,4,0,True,False,False,False
김지수,9000,4,15,4,3,2,ROUGH,ROUGH,3,GREEN,GREEN,RECOVERY,0.6,41.7,False,4,0,True,False,False,False
김지수,9000,4,16,3,2,5,PENALTY_AREA,PENALTY_AREA,8,PENALTY_STROKE,LOST_BALL_PENALTY_RESTART,PENALTY_RESTART,100.0,0.0,False,5,2,False,True,True,
김지수,9000,4,16,3,3,8,PENALTY_STROKE,LOST_BALL_PENALTY_RESTART,3,GREEN,GREEN,PENALTY_RESTART,4.9,100.0,False,5,2,False,True,True,
김지수,9000,4,17,4,2,1,FAIRWAY,FAIRWAY,3,GREEN,GREEN,NORMAL_APPROACH,11.8,130.4,True,4,0,True,False,False,True
김지수,9000,4,18,5,2,2,ROUGH,ROUGH,2,ROUGH,ROUGH,RECOVERY,136.0,300.2,False,6,1,False,True,False,False
김지수,9000,4,18,5,3,2,ROUGH,ROUGH,12,FRINGE,FRINGE,RECOVERY,12.6,136.0,False,6,1,False,True,False,False
김지수,9000,4,18,5,4,12,FRINGE,FRINGE,3,GREEN,GREEN,SHORT_GAME,1.4,12.6,False,6,1,False,True,False,False
전예성,9082,1,1,4,2,1,FAIRWAY,FAIRWAY,12,FRINGE,FRINGE,NORMAL_APPROACH,15.7,190.8,False,4,0,True,False,False,True
전예성,9082,1,1,4,3,12,FRINGE,FRINGE,3,GREEN,GREEN,SHORT_GAME,1.6,15.7,False,4,0,True,False,False,True
전예성,9082,1,3,4,2,1,FAIRWAY,FAIRWAY,9,GREENSIDE_BUNKER,GREENSIDE_BUNKER,OTHER_UNRESOLVED,10.7,187.7,False,4,0,True,False,False,True
전예성,9082,1,3,4,3,9,GREENSIDE_BUNKER,GREENSIDE_BUNKER,3,GREEN,GREEN,RECOVERY,1.2,10.7,False,4,0,True,False,False,True
전예성,9082,1,4,5,2,1,FAIRWAY,FAIRWAY,1,FAIRWAY,FAIRWAY,ADVANCE_LAYUP,114.9,305.2,True,4,-1,True,False,False,True
전예성,9082,1,4,5,3,1,FAIRWAY,FAIRWAY,3,GREEN,GREEN,NORMAL_APPROACH,1.7,114.9,True,4,-1,True,False,False,True
전예성,9082,1,5,3,2,9,GREENSIDE_BUNKER,GREENSIDE_BUNKER,3,GREEN,GREEN,RECOVERY,3.3,14.1,False,4,1,False,True,False,
전예성,9082,1,6,4,2,7,LOST_BALL,LOST_BALL_PENALTY_RESTART,8,PENALTY_STROKE,LOST_BALL_PENALTY_RESTART,PENALTY_RESTART,403.6,403.6,False,7,3,False,True,True,False
전예성,9082,1,6,4,3,8,PENALTY_STROKE,LOST_BALL_PENALTY_RESTART,1,FAIRWAY,FAIRWAY,PENALTY_RESTART,174.4,403.6,False,7,3,False,True,True,False
전예성,9082,1,6,4,4,1,FAIRWAY,FAIRWAY,2,ROUGH,ROUGH,OTHER_UNRESOLVED,25.2,174.4,False,7,3,False,True,True,False
전예성,9082,1,6,4,5,2,ROUGH,ROUGH,3,GREEN,GREEN,RECOVERY,1.9,25.2,False,7,3,False,True,True,False
전예성,9082,1,7,5,2,1,FAIRWAY,FAIRWAY,1,FAIRWAY,FAIRWAY,ADVANCE_LAYUP,77.1,280.5,True,5,0,True,False,False,True
전예성,9082,1,7,5,3,1,FAIRWAY,FAIRWAY,3,GREEN,GREEN,NORMAL_APPROACH,6.0,77.1,True,5,0,True,False,False,True
전예성,9082,1,8,4,2,2,ROUGH,ROUGH,2,ROUGH,ROUGH,RECOVERY,30.6,180.2,False,4,0,True,False,False,False
전예성,9082,1,8,4,3,2,ROUGH,ROUGH,3,GREEN,GREEN,RECOVERY,2.1,30.6,False,4,0,True,False,False,False
전예성,9082,1,9,4,2,1,FAIRWAY,FAIRWAY,3,GREEN,GREEN,NORMAL_APPROACH,7.0,139.3,True,4,0,True,False,False,True
전예성,9082,1,10,5,2,2,ROUGH,ROUGH,1,FAIRWAY,FAIRWAY,RECOVERY,312.4,349.8,False,6,1,False,True,False,False
전예성,9082,1,10,5,3,1,FAIRWAY,FAIRWAY,2,ROUGH,ROUGH,ADVANCE_LAYUP,117.7,312.4,False,6,1,False,True,False,False
전예성,9082,1,10,5,4,2,ROUGH,ROUGH,12,FRINGE,FRINGE,RECOVERY,7.5,117.7,False,6,1,False,True,False,False
전예성,9082,1,10,5,5,12,FRINGE,FRINGE,3,GREEN,GREEN,SHORT_GAME,0.5,7.5,False,6,1,False,True,False,False
전예성,9082,1,11,3,2,2,ROUGH,ROUGH,3,GREEN,GREEN,RECOVERY,0.3,15.2,False,3,0,True,False,False,
전예성,9082,1,12,4,2,1,FAIRWAY,FAIRWAY,3,GREEN,GREEN,NORMAL_APPROACH,22.4,152.0,True,4,0,True,False,False,True
전예성,9082,1,13,4,2,1,FAIRWAY,FAIRWAY,3,GREEN,GREEN,NORMAL_APPROACH,9.4,134.7,True,4,0,True,False,False,True
전예성,9082,1,14,4,2,1,FAIRWAY,FAIRWAY,2,ROUGH,ROUGH,OTHER_UNRESOLVED,13.2,139.7,False,4,0,True,False,False,True
전예성,9082,1,14,4,3,2,ROUGH,ROUGH,3,GREEN,GREEN,RECOVERY,1.4,13.2,False,4,0,True,False,False,True
전예성,9082,1,15,4,2,1,FAIRWAY,FAIRWAY,3,GREEN,GREEN,NORMAL_APPROACH,11.5,162.0,True,5,1,False,True,False,True
전예성,9082,1,17,4,2,1,FAIRWAY,FAIRWAY,3,GREEN,GREEN,NORMAL_APPROACH,7.2,153.9,True,3,-1,True,False,False,True
전예성,9082,1,18,5,2,1,FAIRWAY,FAIRWAY,1,FAIRWAY,FAIRWAY,ADVANCE_LAYUP,106.5,299.3,True,4,-1,True,False,False,True
전예성,9082,1,18,5,3,1,FAIRWAY,FAIRWAY,3,GREEN,GREEN,NORMAL_APPROACH,3.7,106.5,True,4,-1,True,False,False,True
전예성,9082,2,1,4,2,1,FAIRWAY,FAIRWAY,3,GREEN,GREEN,NORMAL_APPROACH,11.4,172.3,True,4,0,True,False,False,True
전예성,9082,2,3,4,2,1,FAIRWAY,FAIRWAY,3,GREEN,GREEN,NORMAL_APPROACH,17.4,194.9,True,4,0,True,False,False,True
전예성,9082,2,4,5,2,1,FAIRWAY,FAIRWAY,1,FAIRWAY,FAIRWAY,ADVANCE_LAYUP,122.7,311.7,True,5,0,True,False,False,True
전예성,9082,2,4,5,3,1,FAIRWAY,FAIRWAY,3,GREEN,GREEN,NORMAL_APPROACH,9.1,122.7,True,5,0,True,False,False,True
전예성,9082,2,6,4,2,1,FAIRWAY,FAIRWAY,3,GREEN,GREEN,NORMAL_APPROACH,9.8,168.7,True,4,0,True,False,False,True
전예성,9082,2,7,5,2,1,FAIRWAY,FAIRWAY,1,FAIRWAY,FAIRWAY,ADVANCE_LAYUP,120.7,302.9,True,5,0,True,False,False,True
전예성,9082,2,7,5,3,1,FAIRWAY,FAIRWAY,3,GREEN,GREEN,NORMAL_APPROACH,5.3,120.7,True,5,0,True,False,False,True
전예성,9082,2,8,4,2,1,FAIRWAY,FAIRWAY,2,ROUGH,ROUGH,OTHER_UNRESOLVED,11.0,147.1,False,4,0,True,False,False,True
전예성,9082,2,8,4,3,2,ROUGH,ROUGH,3,GREEN,GREEN,RECOVERY,0.7,11.0,False,4,0,True,False,False,True
전예성,9082,2,9,4,2,1,FAIRWAY,FAIRWAY,3,GREEN,GREEN,NORMAL_APPROACH,12.2,143.7,True,4,0,True,False,False,True
전예성,9082,2,10,5,2,1,FAIRWAY,FAIRWAY,1,FAIRWAY,FAIRWAY,ADVANCE_LAYUP,131.6,333.3,True,5,0,True,False,False,True
전예성,9082,2,10,5,3,1,FAIRWAY,FAIRWAY,3,GREEN,GREEN,NORMAL_APPROACH,4.7,131.6,True,5,0,True,False,False,True
전예성,9082,2,11,3,2,2,ROUGH,ROUGH,3,GREEN,GREEN,RECOVERY,3.0,15.6,False,4,1,False,True,False,
전예성,9082,2,12,4,2,2,ROUGH,ROUGH,12,FRINGE,FRINGE,RECOVERY,8.7,167.9,False,4,0,True,False,False,False
전예성,9082,2,12,4,3,12,FRINGE,FRINGE,3,GREEN,GREEN,SHORT_GAME,0.5,8.7,False,4,0,True,False,False,False
전예성,9082,2,13,4,2,6,BUNKER,BUNKER,3,GREEN,GREEN,RECOVERY,13.4,102.0,True,4,0,True,False,False,False
전예성,9082,2,14,4,2,1,FAIRWAY,FAIRWAY,2,ROUGH,ROUGH,OTHER_UNRESOLVED,25.6,160.9,False,5,1,False,True,False,True
전예성,9082,2,14,4,3,2,ROUGH,ROUGH,3,GREEN,GREEN,RECOVERY,4.0,25.6,False,5,1,False,True,False,True
전예성,9082,2,15,4,2,1,FAIRWAY,FAIRWAY,3,GREEN,GREEN,NORMAL_APPROACH,3.2,162.2,True,3,-1,True,False,False,True
전예성,9082,2,17,4,2,2,ROUGH,ROUGH,3,GREEN,GREEN,RECOVERY,9.0,164.8,True,4,0,True,False,False,False
전예성,9082,2,18,5,2,1,FAIRWAY,FAIRWAY,1,FAIRWAY,FAIRWAY,ADVANCE_LAYUP,86.6,290.7,True,5,0,True,False,False,True
전예성,9082,2,18,5,3,1,FAIRWAY,FAIRWAY,3,GREEN,GREEN,NORMAL_APPROACH,1.6,86.6,True,5,0,True,False,False,True
전예성,9082,3,1,4,2,2,ROUGH,ROUGH,3,GREEN,GREEN,RECOVERY,19.3,176.6,True,5,1,False,True,False,False
전예성,9082,3,3,4,2,1,FAIRWAY,FAIRWAY,2,ROUGH,ROUGH,OTHER_UNRESOLVED,28.6,228.1,False,4,0,True,False,False,True
전예성,9082,3,3,4,3,2,ROUGH,ROUGH,3,GREEN,GREEN,RECOVERY,2.1,28.6,False,4,0,True,False,False,True
전예성,9082,3,4,5,2,1,FAIRWAY,FAIRWAY,2,ROUGH,ROUGH,ADVANCE_LAYUP,128.8,311.2,True,5,0,True,False,False,True
전예성,9082,3,4,5,3,2,ROUGH,ROUGH,3,GREEN,GREEN,RECOVERY,29.4,128.8,True,5,0,True,False,False,True
전예성,9082,3,6,4,2,2,ROUGH,ROUGH,3,GREEN,GREEN,RECOVERY,7.9,184.2,True,4,0,True,False,False,False
전예성,9082,3,7,5,2,2,ROUGH,ROUGH,1,FAIRWAY,FAIRWAY,RECOVERY,150.9,307.6,False,5,0,True,False,False,False
전예성,9082,3,7,5,3,1,FAIRWAY,FAIRWAY,2,ROUGH,ROUGH,ADVANCE_LAYUP,9.0,150.9,False,5,0,True,False,False,False
전예성,9082,3,7,5,4,2,ROUGH,ROUGH,3,GREEN,GREEN,RECOVERY,1.1,9.0,False,5,0,True,False,False,False
전예성,9082,3,8,4,2,2,ROUGH,ROUGH,2,ROUGH,ROUGH,RECOVERY,24.6,154.5,False,5,1,False,True,False,False
전예성,9082,3,8,4,3,2,ROUGH,ROUGH,3,GREEN,GREEN,RECOVERY,8.1,24.6,False,5,1,False,True,False,False
전예성,9082,3,9,4,2,2,ROUGH,ROUGH,2,ROUGH,ROUGH,RECOVERY,17.6,127.1,False,4,0,True,False,False,False
전예성,9082,3,9,4,3,2,ROUGH,ROUGH,3,GREEN,GREEN,RECOVERY,0.8,17.6,False,4,0,True,False,False,False
전예성,9082,3,10,5,2,1,FAIRWAY,FAIRWAY,1,FAIRWAY,FAIRWAY,ADVANCE_LAYUP,126.4,329.6,True,4,-1,True,False,False,True
전예성,9082,3,10,5,3,1,FAIRWAY,FAIRWAY,3,GREEN,GREEN,NORMAL_APPROACH,2.8,126.4,True,4,-1,True,False,False,True
전예성,9082,3,12,4,2,1,FAIRWAY,FAIRWAY,3,GREEN,GREEN,NORMAL_APPROACH,2.6,160.4,True,3,-1,True,False,False,True
전예성,9082,3,13,4,2,1,FAIRWAY,FAIRWAY,12,FRINGE,FRINGE,NORMAL_APPROACH,7.5,131.1,False,4,0,True,False,False,True
전예성,9082,3,13,4,3,12,FRINGE,FRINGE,3,GREEN,GREEN,SHORT_GAME,1.2,7.5,False,4,0,True,False,False,True
전예성,9082,3,14,4,2,1,FAIRWAY,FAIRWAY,3,GREEN,GREEN,NORMAL_APPROACH,3.8,139.6,True,3,-1,True,False,False,True
전예성,9082,3,15,4,2,2,ROUGH,ROUGH,2,ROUGH,ROUGH,RECOVERY,29.5,190.8,False,5,1,False,True,False,False
전예성,9082,3,15,4,3,2,ROUGH,ROUGH,3,GREEN,GREEN,RECOVERY,9.5,29.5,False,5,1,False,True,False,False
전예성,9082,3,17,4,2,1,FAIRWAY,FAIRWAY,3,GREEN,GREEN,NORMAL_APPROACH,6.5,139.5,True,4,0,True,False,False,True
전예성,9082,3,18,5,2,2,ROUGH,ROUGH,1,FAIRWAY,FAIRWAY,RECOVERY,156.6,293.8,True,4,-1,True,False,False,False
전예성,9082,3,18,5,3,1,FAIRWAY,FAIRWAY,3,GREEN,GREEN,NORMAL_APPROACH,2.7,156.6,True,4,-1,True,False,False,False
전예성,9082,4,1,4,2,2,ROUGH,ROUGH,12,FRINGE,FRINGE,RECOVERY,21.9,195.3,False,5,1,False,True,False,False
전예성,9082,4,1,4,3,12,FRINGE,FRINGE,3,GREEN,GREEN,SHORT_GAME,8.0,21.9,False,5,1,False,True,False,False
전예성,9082,4,2,3,2,12,FRINGE,FRINGE,3,GREEN,GREEN,SHORT_GAME,1.0,9.1,False,3,0,True,False,False,
전예성,9082,4,3,4,2,1,FAIRWAY,FAIRWAY,3,GREEN,GREEN,NORMAL_APPROACH,18.5,203.2,True,4,0,True,False,False,True
전예성,9082,4,4,5,2,1,FAIRWAY,FAIRWAY,2,ROUGH,ROUGH,ADVANCE_LAYUP,135.2,300.9,False,6,1,False,True,False,True
전예성,9082,4,4,5,3,2,ROUGH,ROUGH,1,FAIRWAY,FAIRWAY,RECOVERY,84.5,135.2,False,6,1,False,True,False,True
전예성,9082,4,4,5,4,1,FAIRWAY,FAIRWAY,3,GREEN,GREEN,NORMAL_APPROACH,8.4,84.5,False,6,1,False,True,False,True
전예성,9082,4,6,4,2,1,FAIRWAY,FAIRWAY,3,GREEN,GREEN,NORMAL_APPROACH,7.0,156.4,True,4,0,True,False,False,True
전예성,9082,4,7,5,2,1,FAIRWAY,FAIRWAY,1,FAIRWAY,FAIRWAY,ADVANCE_LAYUP,100.3,306.4,True,5,0,True,False,False,True
전예성,9082,4,7,5,3,1,FAIRWAY,FAIRWAY,3,GREEN,GREEN,NORMAL_APPROACH,4.4,100.3,True,5,0,True,False,False,True
전예성,9082,4,8,4,2,1,FAIRWAY,FAIRWAY,3,GREEN,GREEN,NORMAL_APPROACH,20.7,141.6,True,5,1,False,True,False,True
전예성,9082,4,9,4,2,1,FAIRWAY,FAIRWAY,3,GREEN,GREEN,NORMAL_APPROACH,8.3,135.1,True,4,0,True,False,False,True
전예성,9082,4,10,5,2,1,FAIRWAY,FAIRWAY,1,FAIRWAY,FAIRWAY,ADVANCE_LAYUP,125.4,313.1,False,4,-1,True,False,False,True
전예성,9082,4,10,5,3,1,FAIRWAY,FAIRWAY,2,ROUGH,ROUGH,ADVANCE_LAYUP,15.2,125.4,False,4,-1,True,False,False,True
전예성,9082,4,10,5,4,2,ROUGH,ROUGH,10,HOLED,HOLED,RECOVERY,0.0,15.2,False,4,-1,True,False,False,True
전예성,9082,4,12,4,2,1,FAIRWAY,FAIRWAY,12,FRINGE,FRINGE,NORMAL_APPROACH,7.5,166.4,False,4,0,True,False,False,True
전예성,9082,4,12,4,3,12,FRINGE,FRINGE,3,GREEN,GREEN,SHORT_GAME,0.3,7.5,False,4,0,True,False,False,True
전예성,9082,4,13,4,2,1,FAIRWAY,FAIRWAY,12,FRINGE,FRINGE,NORMAL_APPROACH,20.8,149.5,False,5,1,False,True,False,True
전예성,9082,4,13,4,3,12,FRINGE,FRINGE,3,GREEN,GREEN,SHORT_GAME,2.7,20.8,False,5,1,False,True,False,True
전예성,9082,4,14,4,2,1,FAIRWAY,FAIRWAY,2,ROUGH,ROUGH,OTHER_UNRESOLVED,14.4,137.6,False,4,0,True,False,False,True
전예성,9082,4,14,4,3,2,ROUGH,ROUGH,3,GREEN,GREEN,RECOVERY,2.1,14.4,False,4,0,True,False,False,True
전예성,9082,4,15,4,2,1,FAIRWAY,FAIRWAY,3,GREEN,GREEN,NORMAL_APPROACH,16.7,188.2,True,4,0,True,False,False,True
전예성,9082,4,17,4,2,1,FAIRWAY,FAIRWAY,3,GREEN,GREEN,NORMAL_APPROACH,8.6,134.4,True,4,0,True,False,False,True
전예성,9082,4,18,5,2,1,FAIRWAY,FAIRWAY,1,FAIRWAY,FAIRWAY,ADVANCE_LAYUP,96.4,290.3,False,6,1,False,True,False,True
전예성,9082,4,18,5,3,1,FAIRWAY,FAIRWAY,2,ROUGH,ROUGH,ADVANCE_LAYUP,11.2,96.4,False,6,1,False,True,False,True
전예성,9082,4,18,5,4,2,ROUGH,ROUGH,3,GREEN,GREEN,RECOVERY,4.1,11.2,False,6,1,False,True,False,True
김소정,9089,1,1,4,2,1,FAIRWAY,FAIRWAY,2,ROUGH,ROUGH,OTHER_UNRESOLVED,10.3,165.4,False,4,0,True,False,False,True
김소정,9089,1,1,4,3,2,ROUGH,ROUGH,3,GREEN,GREEN,RECOVERY,1.3,10.3,False,4,0,True,False,False,True
김소정,9089,1,3,4,2,1,FAIRWAY,FAIRWAY,2,ROUGH,ROUGH,OTHER_UNRESOLVED,12.9,163.8,False,5,1,False,True,False,True
김소정,9089,1,3,4,3,2,ROUGH,ROUGH,3,GREEN,GREEN,RECOVERY,2.3,12.9,False,5,1,False,True,False,True
김소정,9089,1,4,5,2,2,ROUGH,ROUGH,2,ROUGH,ROUGH,RECOVERY,103.4,289.7,False,5,0,True,False,False,False
김소정,9089,1,4,5,3,2,ROUGH,ROUGH,2,ROUGH,ROUGH,RECOVERY,13.7,103.4,False,5,0,True,False,False,False
김소정,9089,1,4,5,4,2,ROUGH,ROUGH,3,GREEN,GREEN,RECOVERY,0.5,13.7,False,5,0,True,False,False,False
김소정,9089,1,5,3,2,12,FRINGE,FRINGE,3,GREEN,GREEN,SHORT_GAME,0.8,9.6,False,3,0,True,False,False,
김소정,9089,1,6,4,2,1,FAIRWAY,FAIRWAY,3,GREEN,GREEN,NORMAL_APPROACH,1.6,152.6,True,4,0,True,False,False,True
김소정,9089,1,7,5,2,1,FAIRWAY,FAIRWAY,1,FAIRWAY,FAIRWAY,ADVANCE_LAYUP,79.5,252.7,True,5,0,True,False,False,True
김소정,9089,1,7,5,3,1,FAIRWAY,FAIRWAY,3,GREEN,GREEN,NORMAL_APPROACH,11.3,79.5,True,5,0,True,False,False,True
김소정,9089,1,8,4,2,2,ROUGH,ROUGH,2,ROUGH,ROUGH,RECOVERY,15.2,155.7,False,5,1,False,True,False,False
김소정,9089,1,8,4,3,2,ROUGH,ROUGH,3,GREEN,GREEN,RECOVERY,8.3,15.2,False,5,1,False,True,False,False
김소정,9089,1,9,4,2,2,ROUGH,ROUGH,3,GREEN,GREEN,RECOVERY,6.7,117.1,True,4,0,True,False,False,False
김소정,9089,1,10,5,2,2,ROUGH,ROUGH,1,FAIRWAY,FAIRWAY,RECOVERY,148.4,313.2,True,5,0,True,False,False,False
김소정,9089,1,10,5,3,1,FAIRWAY,FAIRWAY,3,GREEN,GREEN,NORMAL_APPROACH,15.7,148.4,True,5,0,True,False,False,False
김소정,9089,1,12,4,2,2,ROUGH,ROUGH,2,ROUGH,ROUGH,RECOVERY,28.8,161.1,False,5,1,False,True,False,False
김소정,9089,1,12,4,3,2,ROUGH,ROUGH,2,ROUGH,ROUGH,RECOVERY,10.7,28.8,False,5,1,False,True,False,False
김소정,9089,1,12,4,4,2,ROUGH,ROUGH,3,GREEN,GREEN,RECOVERY,1.2,10.7,False,5,1,False,True,False,False
김소정,9089,1,13,4,2,2,ROUGH,ROUGH,3,GREEN,GREEN,RECOVERY,7.1,117.0,True,4,0,True,False,False,False
김소정,9089,1,14,4,2,2,ROUGH,ROUGH,3,GREEN,GREEN,RECOVERY,12.6,127.3,True,5,1,False,True,False,False
김소정,9089,1,15,4,2,1,FAIRWAY,FAIRWAY,3,GREEN,GREEN,NORMAL_APPROACH,12.9,155.4,True,4,0,True,False,False,True
김소정,9089,1,17,4,2,1,FAIRWAY,FAIRWAY,9,GREENSIDE_BUNKER,GREENSIDE_BUNKER,OTHER_UNRESOLVED,14.0,120.2,False,4,0,True,False,False,True
김소정,9089,1,17,4,3,9,GREENSIDE_BUNKER,GREENSIDE_BUNKER,3,GREEN,GREEN,RECOVERY,0.7,14.0,False,4,0,True,False,False,True
김소정,9089,1,18,5,2,1,FAIRWAY,FAIRWAY,1,FAIRWAY,FAIRWAY,ADVANCE_LAYUP,86.9,282.0,True,4,-1,True,False,False,True
김소정,9089,1,18,5,3,1,FAIRWAY,FAIRWAY,3,GREEN,GREEN,NORMAL_APPROACH,2.0,86.9,True,4,-1,True,False,False,True
김소정,9089,2,1,4,2,2,ROUGH,ROUGH,3,GREEN,GREEN,RECOVERY,15.9,154.6,True,4,0,True,False,False,False
김소정,9089,2,3,4,2,1,FAIRWAY,FAIRWAY,2,ROUGH,ROUGH,OTHER_UNRESOLVED,22.5,188.0,False,4,0,True,False,False,True
김소정,9089,2,3,4,3,2,ROUGH,ROUGH,3,GREEN,GREEN,RECOVERY,1.3,22.5,False,4,0,True,False,False,True
김소정,9089,2,4,5,2,1,FAIRWAY,FAIRWAY,1,FAIRWAY,FAIRWAY,ADVANCE_LAYUP,90.4,289.2,True,4,-1,True,False,False,True
김소정,9089,2,4,5,3,1,FAIRWAY,FAIRWAY,3,GREEN,GREEN,NORMAL_APPROACH,6.9,90.4,True,4,-1,True,False,False,True
김소정,9089,2,6,4,2,2,ROUGH,ROUGH,3,GREEN,GREEN,RECOVERY,6.2,138.0,True,4,0,True,False,False,False
김소정,9089,2,7,5,2,1,FAIRWAY,FAIRWAY,2,ROUGH,ROUGH,ADVANCE_LAYUP,104.0,282.2,False,6,1,False,True,False,True
김소정,9089,2,7,5,3,2,ROUGH,ROUGH,2,ROUGH,ROUGH,RECOVERY,14.6,104.0,False,6,1,False,True,False,True
김소정,9089,2,7,5,4,2,ROUGH,ROUGH,3,GREEN,GREEN,RECOVERY,3.7,14.6,False,6,1,False,True,False,True
김소정,9089,2,8,4,2,2,ROUGH,ROUGH,1,FAIRWAY,FAIRWAY,RECOVERY,116.6,132.0,False,5,1,False,True,False,False
김소정,9089,2,8,4,3,1,FAIRWAY,FAIRWAY,3,GREEN,GREEN,NORMAL_APPROACH,7.5,116.6,False,5,1,False,True,False,False
김소정,9089,2,9,4,2,1,FAIRWAY,FAIRWAY,3,GREEN,GREEN,NORMAL_APPROACH,1.4,92.0,True,3,-1,True,False,False,True
김소정,9089,2,10,5,2,1,FAIRWAY,FAIRWAY,6,BUNKER,BUNKER,ADVANCE_LAYUP,105.5,313.4,True,4,-1,True,False,False,True
김소정,9089,2,10,5,3,6,BUNKER,BUNKER,3,GREEN,GREEN,RECOVERY,6.3,105.5,True,4,-1,True,False,False,True
김소정,9089,2,12,4,2,2,ROUGH,ROUGH,2,ROUGH,ROUGH,RECOVERY,21.7,175.8,False,4,0,True,False,False,False
김소정,9089,2,12,4,3,2,ROUGH,ROUGH,3,GREEN,GREEN,RECOVERY,1.1,21.7,False,4,0,True,False,False,False
김소정,9089,2,13,4,2,1,FAIRWAY,FAIRWAY,3,GREEN,GREEN,NORMAL_APPROACH,7.5,105.0,True,4,0,True,False,False,True
김소정,9089,2,14,4,2,1,FAIRWAY,FAIRWAY,3,GREEN,GREEN,NORMAL_APPROACH,2.8,164.7,True,4,0,True,False,False,True
김소정,9089,2,15,4,2,1,FAIRWAY,FAIRWAY,3,GREEN,GREEN,NORMAL_APPROACH,15.0,138.2,True,5,1,False,True,False,True
김소정,9089,2,17,4,2,2,ROUGH,ROUGH,2,ROUGH,ROUGH,RECOVERY,12.4,140.4,False,5,1,False,True,False,False
김소정,9089,2,17,4,3,2,ROUGH,ROUGH,12,FRINGE,FRINGE,RECOVERY,7.7,12.4,False,5,1,False,True,False,False
김소정,9089,2,17,4,4,12,FRINGE,FRINGE,3,GREEN,GREEN,SHORT_GAME,1.1,7.7,False,5,1,False,True,False,False
김소정,9089,2,18,5,2,1,FAIRWAY,FAIRWAY,1,FAIRWAY,FAIRWAY,ADVANCE_LAYUP,76.3,246.7,True,5,0,True,False,False,True
김소정,9089,2,18,5,3,1,FAIRWAY,FAIRWAY,3,GREEN,GREEN,NORMAL_APPROACH,4.4,76.3,True,5,0,True,False,False,True
김소정,9089,3,1,4,2,2,ROUGH,ROUGH,3,GREEN,GREEN,RECOVERY,16.7,156.0,True,4,0,True,False,False,False
김소정,9089,3,3,4,2,2,ROUGH,ROUGH,3,GREEN,GREEN,RECOVERY,10.0,189.1,True,4,0,True,False,False,False
김소정,9089,3,4,5,2,1,FAIRWAY,FAIRWAY,1,FAIRWAY,FAIRWAY,ADVANCE_LAYUP,76.8,287.6,True,4,-1,True,False,False,True
김소정,9089,3,4,5,3,1,FAIRWAY,FAIRWAY,3,GREEN,GREEN,NORMAL_APPROACH,0.1,76.8,True,4,-1,True,False,False,True
김소정,9089,3,6,4,2,1,FAIRWAY,FAIRWAY,3,GREEN,GREEN,NORMAL_APPROACH,3.5,161.1,True,4,0,True,False,False,True
김소정,9089,3,7,5,2,6,BUNKER,BUNKER,1,FAIRWAY,FAIRWAY,RECOVERY,224.7,289.6,False,6,1,False,True,False,False
김소정,9089,3,7,5,3,1,FAIRWAY,FAIRWAY,12,FRINGE,FRINGE,NORMAL_APPROACH,14.8,224.7,False,6,1,False,True,False,False
김소정,9089,3,7,5,4,12,FRINGE,FRINGE,3,GREEN,GREEN,SHORT_GAME,2.3,14.8,False,6,1,False,True,False,False
김소정,9089,3,8,4,2,1,FAIRWAY,FAIRWAY,2,ROUGH,ROUGH,OTHER_UNRESOLVED,7.6,132.3,False,4,0,True,False,False,True
김소정,9089,3,8,4,3,2,ROUGH,ROUGH,3,GREEN,GREEN,RECOVERY,1.2,7.6,False,4,0,True,False,False,True
김소정,9089,3,9,4,2,1,FAIRWAY,FAIRWAY,3,GREEN,GREEN,NORMAL_APPROACH,17.0,102.2,True,4,0,True,False,False,True
김소정,9089,3,10,5,2,1,FAIRWAY,FAIRWAY,6,BUNKER,BUNKER,ADVANCE_LAYUP,80.9,289.7,True,6,1,False,True,False,True
김소정,9089,3,10,5,3,6,BUNKER,BUNKER,3,GREEN,GREEN,RECOVERY,17.7,80.9,True,6,1,False,True,False,True
김소정,9089,3,12,4,2,1,FAIRWAY,FAIRWAY,3,GREEN,GREEN,NORMAL_APPROACH,12.9,155.1,True,4,0,True,False,False,True
김소정,9089,3,13,4,2,1,FAIRWAY,FAIRWAY,3,GREEN,GREEN,NORMAL_APPROACH,2.5,101.6,True,4,0,True,False,False,True
김소정,9089,3,14,4,2,2,ROUGH,ROUGH,3,GREEN,GREEN,RECOVERY,13.8,146.9,True,5,1,False,True,False,False
김소정,9089,3,15,4,2,2,ROUGH,ROUGH,2,ROUGH,ROUGH,RECOVERY,38.3,179.3,False,5,1,False,True,False,False
김소정,9089,3,15,4,3,2,ROUGH,ROUGH,3,GREEN,GREEN,RECOVERY,9.5,38.3,False,5,1,False,True,False,False
김소정,9089,3,17,4,2,1,FAIRWAY,FAIRWAY,3,GREEN,GREEN,NORMAL_APPROACH,6.6,118.5,True,4,0,True,False,False,True
김소정,9089,3,18,5,2,2,ROUGH,ROUGH,1,FAIRWAY,FAIRWAY,RECOVERY,98.8,268.0,True,5,0,True,False,False,False
김소정,9089,3,18,5,3,1,FAIRWAY,FAIRWAY,3,GREEN,GREEN,NORMAL_APPROACH,13.9,98.8,True,5,0,True,False,False,False
김소정,9089,4,1,4,2,2,ROUGH,ROUGH,3,GREEN,GREEN,RECOVERY,19.7,169.0,True,4,0,True,False,False,False
김소정,9089,4,2,3,2,2,ROUGH,ROUGH,3,GREEN,GREEN,RECOVERY,3.2,14.3,False,4,1,False,True,False,
김소정,9089,4,3,4,2,1,FAIRWAY,FAIRWAY,12,FRINGE,FRINGE,NORMAL_APPROACH,18.1,180.6,False,4,0,True,False,False,True
김소정,9089,4,3,4,3,12,FRINGE,FRINGE,3,GREEN,GREEN,SHORT_GAME,1.0,18.1,False,4,0,True,False,False,True
김소정,9089,4,4,5,2,1,FAIRWAY,FAIRWAY,1,FAIRWAY,FAIRWAY,ADVANCE_LAYUP,84.5,279.6,True,5,0,True,False,False,True
김소정,9089,4,4,5,3,1,FAIRWAY,FAIRWAY,3,GREEN,GREEN,NORMAL_APPROACH,7.6,84.5,True,5,0,True,False,False,True
김소정,9089,4,5,3,2,2,ROUGH,ROUGH,3,GREEN,GREEN,RECOVERY,4.3,21.4,False,3,0,True,False,False,
김소정,9089,4,6,4,2,2,ROUGH,ROUGH,3,GREEN,GREEN,RECOVERY,16.0,136.0,True,4,0,True,False,False,False
김소정,9089,4,7,5,2,2,ROUGH,ROUGH,2,ROUGH,ROUGH,RECOVERY,72.0,277.9,True,4,-1,True,False,False,False
김소정,9089,4,7,5,3,2,ROUGH,ROUGH,3,GREEN,GREEN,RECOVERY,3.1,72.0,True,4,-1,True,False,False,False
김소정,9089,4,8,4,2,1,FAIRWAY,FAIRWAY,3,GREEN,GREEN,NORMAL_APPROACH,1.5,110.9,True,3,-1,True,False,False,True
김소정,9089,4,9,4,2,2,ROUGH,ROUGH,2,ROUGH,ROUGH,RECOVERY,12.3,114.0,False,4,0,True,False,False,False
김소정,9089,4,9,4,3,2,ROUGH,ROUGH,3,GREEN,GREEN,RECOVERY,0.8,12.3,False,4,0,True,False,False,False
김소정,9089,4,10,5,2,1,FAIRWAY,FAIRWAY,1,FAIRWAY,FAIRWAY,ADVANCE_LAYUP,98.9,301.3,True,5,0,True,False,False,True
김소정,9089,4,10,5,3,1,FAIRWAY,FAIRWAY,3,GREEN,GREEN,NORMAL_APPROACH,4.2,98.9,True,5,0,True,False,False,True
김소정,9089,4,12,4,2,1,FAIRWAY,FAIRWAY,3,GREEN,GREEN,NORMAL_APPROACH,9.1,147.9,True,4,0,True,False,False,True
김소정,9089,4,13,4,2,2,ROUGH,ROUGH,12,FRINGE,FRINGE,RECOVERY,15.3,106.3,False,4,0,True,False,False,False
김소정,9089,4,13,4,3,12,FRINGE,FRINGE,3,GREEN,GREEN,SHORT_GAME,2.4,15.3,False,4,0,True,False,False,False
김소정,9089,4,14,4,2,1,FAIRWAY,FAIRWAY,12,FRINGE,FRINGE,NORMAL_APPROACH,11.9,132.6,False,4,0,True,False,False,True
김소정,9089,4,14,4,3,12,FRINGE,FRINGE,3,GREEN,GREEN,SHORT_GAME,1.3,11.9,False,4,0,True,False,False,True
김소정,9089,4,15,4,2,1,FAIRWAY,FAIRWAY,12,FRINGE,FRINGE,NORMAL_APPROACH,17.2,158.8,False,4,0,True,False,False,True
김소정,9089,4,15,4,3,12,FRINGE,FRINGE,3,GREEN,GREEN,SHORT_GAME,1.2,17.2,False,4,0,True,False,False,True
김소정,9089,4,17,4,2,6,BUNKER,BUNKER,3,GREEN,GREEN,RECOVERY,4.6,121.8,True,4,0,True,False,False,False
김소정,9089,4,18,5,2,2,ROUGH,ROUGH,1,FAIRWAY,FAIRWAY,RECOVERY,114.7,279.9,True,4,-1,True,False,False,False
김소정,9089,4,18,5,3,1,FAIRWAY,FAIRWAY,3,GREEN,GREEN,NORMAL_APPROACH,3.3,114.7,True,4,-1,True,False,False,False
박서현,9111,1,1,4,2,1,FAIRWAY,FAIRWAY,3,GREEN,GREEN,NORMAL_APPROACH,7.7,183.1,True,3,-1,True,False,False,True
박서현,9111,1,3,4,2,1,FAIRWAY,FAIRWAY,9,GREENSIDE_BUNKER,GREENSIDE_BUNKER,OTHER_UNRESOLVED,12.5,191.9,False,6,2,False,True,True,True
박서현,9111,1,3,4,3,9,GREENSIDE_BUNKER,GREENSIDE_BUNKER,2,ROUGH,ROUGH,RECOVERY,7.4,12.5,False,6,2,False,True,True,True
박서현,9111,1,3,4,4,2,ROUGH,ROUGH,3,GREEN,GREEN,RECOVERY,3.4,7.4,False,6,2,False,True,True,True
박서현,9111,1,4,5,2,1,FAIRWAY,FAIRWAY,2,ROUGH,ROUGH,ADVANCE_LAYUP,99.4,298.5,True,5,0,True,False,False,True
박서현,9111,1,4,5,3,2,ROUGH,ROUGH,3,GREEN,GREEN,RECOVERY,5.9,99.4,True,5,0,True,False,False,True
박서현,9111,1,6,4,2,1,FAIRWAY,FAIRWAY,2,ROUGH,ROUGH,OTHER_UNRESOLVED,38.7,184.1,False,5,1,False,True,False,True
박서현,9111,1,6,4,3,2,ROUGH,ROUGH,3,GREEN,GREEN,RECOVERY,6.9,38.7,False,5,1,False,True,False,True
박서현,9111,1,7,5,2,1,FAIRWAY,FAIRWAY,1,FAIRWAY,FAIRWAY,ADVANCE_LAYUP,105.2,281.7,True,5,0,True,False,False,True
박서현,9111,1,7,5,3,1,FAIRWAY,FAIRWAY,3,GREEN,GREEN,NORMAL_APPROACH,9.4,105.2,True,5,0,True,False,False,True
박서현,9111,1,8,4,2,2,ROUGH,ROUGH,2,ROUGH,ROUGH,RECOVERY,32.4,159.0,False,5,1,False,True,False,False
박서현,9111,1,8,4,3,2,ROUGH,ROUGH,3,GREEN,GREEN,RECOVERY,2.0,32.4,False,5,1,False,True,False,False
박서현,9111,1,9,4,2,1,FAIRWAY,FAIRWAY,12,FRINGE,FRINGE,NORMAL_APPROACH,20.6,156.7,False,4,0,True,False,False,True
박서현,9111,1,9,4,3,12,FRINGE,FRINGE,3,GREEN,GREEN,SHORT_GAME,0.6,20.6,False,4,0,True,False,False,True
박서현,9111,1,10,5,2,2,ROUGH,ROUGH,1,FAIRWAY,FAIRWAY,RECOVERY,138.9,322.6,False,5,0,True,False,False,False
박서현,9111,1,10,5,3,1,FAIRWAY,FAIRWAY,2,ROUGH,ROUGH,ADVANCE_LAYUP,8.8,138.9,False,5,0,True,False,False,False
박서현,9111,1,10,5,4,2,ROUGH,ROUGH,3,GREEN,GREEN,RECOVERY,0.3,8.8,False,5,0,True,False,False,False
박서현,9111,1,12,4,2,2,ROUGH,ROUGH,2,ROUGH,ROUGH,RECOVERY,22.7,153.3,False,4,0,True,False,False,False
박서현,9111,1,12,4,3,2,ROUGH,ROUGH,12,FRINGE,FRINGE,RECOVERY,9.4,22.7,False,4,0,True,False,False,False
박서현,9111,1,12,4,4,12,FRINGE,FRINGE,10,HOLED,HOLED,SHORT_GAME,0.0,9.4,False,4,0,True,False,False,False
박서현,9111,1,13,4,2,6,BUNKER,BUNKER,2,ROUGH,ROUGH,RECOVERY,46.8,115.1,False,5,1,False,True,False,False
박서현,9111,1,13,4,3,2,ROUGH,ROUGH,3,GREEN,GREEN,RECOVERY,7.5,46.8,False,5,1,False,True,False,False
박서현,9111,1,14,4,2,1,FAIRWAY,FAIRWAY,3,GREEN,GREEN,NORMAL_APPROACH,4.3,137.8,True,4,0,True,False,False,True
박서현,9111,1,15,4,2,1,FAIRWAY,FAIRWAY,5,PENALTY_AREA,PENALTY_AREA,OTHER_UNRESOLVED,20.9,171.7,False,5,1,False,True,False,True
박서현,9111,1,15,4,3,5,PENALTY_AREA,PENALTY_AREA,3,GREEN,GREEN,PENALTY_RESTART,6.6,20.9,False,5,1,False,True,False,True
박서현,9111,1,17,4,2,1,FAIRWAY,FAIRWAY,3,GREEN,GREEN,NORMAL_APPROACH,4.8,139.6,True,4,0,True,False,False,True
박서현,9111,1,18,5,2,2,ROUGH,ROUGH,1,FAIRWAY,FAIRWAY,RECOVERY,126.3,290.1,True,4,-1,True,False,False,False
박서현,9111,1,18,5,3,1,FAIRWAY,FAIRWAY,3,GREEN,GREEN,NORMAL_APPROACH,9.4,126.3,True,4,-1,True,False,False,False
박서현,9111,2,1,4,2,1,FAIRWAY,FAIRWAY,3,GREEN,GREEN,NORMAL_APPROACH,7.8,171.5,True,4,0,True,False,False,True
박서현,9111,2,3,4,2,1,FAIRWAY,FAIRWAY,3,GREEN,GREEN,NORMAL_APPROACH,5.3,198.0,True,4,0,True,False,False,True
박서현,9111,2,4,5,2,2,ROUGH,ROUGH,1,FAIRWAY,FAIRWAY,RECOVERY,175.3,318.2,False,6,1,False,True,False,False
박서현,9111,2,4,5,3,1,FAIRWAY,FAIRWAY,2,ROUGH,ROUGH,ADVANCE_LAYUP,24.1,175.3,False,6,1,False,True,False,False
박서현,9111,2,4,5,4,2,ROUGH,ROUGH,3,GREEN,GREEN,RECOVERY,6.1,24.1,False,6,1,False,True,False,False
박서현,9111,2,5,3,2,12,FRINGE,FRINGE,3,GREEN,GREEN,SHORT_GAME,1.2,7.8,False,4,1,False,True,False,
박서현,9111,2,6,4,2,1,FAIRWAY,FAIRWAY,3,GREEN,GREEN,NORMAL_APPROACH,28.2,163.8,True,4,0,True,False,False,True
박서현,9111,2,7,5,2,2,ROUGH,ROUGH,1,FAIRWAY,FAIRWAY,RECOVERY,88.2,280.7,True,5,0,True,False,False,False
박서현,9111,2,7,5,3,1,FAIRWAY,FAIRWAY,3,GREEN,GREEN,NORMAL_APPROACH,9.4,88.2,True,5,0,True,False,False,False
박서현,9111,2,8,4,2,2,ROUGH,ROUGH,2,ROUGH,ROUGH,RECOVERY,28.8,129.7,False,4,0,True,False,False,False
박서현,9111,2,8,4,3,2,ROUGH,ROUGH,3,GREEN,GREEN,RECOVERY,3.3,28.8,False,4,0,True,False,False,False
박서현,9111,2,9,4,2,2,ROUGH,ROUGH,3,GREEN,GREEN,RECOVERY,20.8,135.3,True,4,0,True,False,False,False
박서현,9111,2,10,5,2,2,ROUGH,ROUGH,1,FAIRWAY,FAIRWAY,RECOVERY,131.8,330.9,True,5,0,True,False,False,False
박서현,9111,2,10,5,3,1,FAIRWAY,FAIRWAY,3,GREEN,GREEN,NORMAL_APPROACH,3.6,131.8,True,5,0,True,False,False,False
박서현,9111,2,11,3,2,2,ROUGH,ROUGH,2,ROUGH,ROUGH,RECOVERY,9.4,16.8,False,4,1,False,True,False,
박서현,9111,2,11,3,3,2,ROUGH,ROUGH,3,GREEN,GREEN,RECOVERY,1.5,9.4,False,4,1,False,True,False,
박서현,9111,2,12,4,2,2,ROUGH,ROUGH,2,ROUGH,ROUGH,RECOVERY,18.0,177.6,False,6,2,False,True,True,False
박서현,9111,2,12,4,3,2,ROUGH,ROUGH,3,GREEN,GREEN,RECOVERY,15.0,18.0,False,6,2,False,True,True,False
박서현,9111,2,13,4,2,6,BUNKER,BUNKER,12,FRINGE,FRINGE,RECOVERY,13.2,102.1,False,4,0,True,False,False,False
박서현,9111,2,13,4,3,12,FRINGE,FRINGE,3,GREEN,GREEN,SHORT_GAME,0.4,13.2,False,4,0,True,False,False,False
박서현,9111,2,14,4,2,1,FAIRWAY,FAIRWAY,12,FRINGE,FRINGE,NORMAL_APPROACH,12.3,152.7,False,5,1,False,True,False,True
박서현,9111,2,14,4,3,12,FRINGE,FRINGE,12,FRINGE,FRINGE,SHORT_GAME,18.4,12.3,False,5,1,False,True,False,True
박서현,9111,2,14,4,4,12,FRINGE,FRINGE,3,GREEN,GREEN,SHORT_GAME,1.0,18.4,False,5,1,False,True,False,True
박서현,9111,2,15,4,2,1,FAIRWAY,FAIRWAY,3,GREEN,GREEN,NORMAL_APPROACH,17.4,157.2,True,4,0,True,False,False,True
박서현,9111,2,17,4,2,2,ROUGH,ROUGH,3,GREEN,GREEN,RECOVERY,5.1,148.2,True,4,0,True,False,False,False
박서현,9111,2,18,5,2,2,ROUGH,ROUGH,1,FAIRWAY,FAIRWAY,RECOVERY,166.4,273.4,True,5,0,True,False,False,False
박서현,9111,2,18,5,3,1,FAIRWAY,FAIRWAY,3,GREEN,GREEN,NORMAL_APPROACH,12.2,166.4,True,5,0,True,False,False,False
박서현,9111,3,1,4,2,2,ROUGH,ROUGH,3,GREEN,GREEN,RECOVERY,5.6,170.9,True,4,0,True,False,False,False
박서현,9111,3,2,3,2,12,FRINGE,FRINGE,3,GREEN,GREEN,SHORT_GAME,1.4,11.1,False,3,0,True,False,False,
박서현,9111,3,3,4,2,1,FAIRWAY,FAIRWAY,2,ROUGH,ROUGH,OTHER_UNRESOLVED,9.9,208.9,False,5,1,False,True,False,True
박서현,9111,3,3,4,3,2,ROUGH,ROUGH,3,GREEN,GREEN,RECOVERY,12.5,9.9,False,5,1,False,True,False,True
박서현,9111,3,4,5,2,1,FAIRWAY,FAIRWAY,2,ROUGH,ROUGH,ADVANCE_LAYUP,98.8,306.7,True,5,0,True,False,False,True
박서현,9111,3,4,5,3,2,ROUGH,ROUGH,3,GREEN,GREEN,RECOVERY,4.6,98.8,True,5,0,True,False,False,True
박서현,9111,3,6,4,2,1,FAIRWAY,FAIRWAY,3,GREEN,GREEN,NORMAL_APPROACH,7.5,179.6,True,4,0,True,False,False,True
박서현,9111,3,7,5,2,1,FAIRWAY,FAIRWAY,1,FAIRWAY,FAIRWAY,ADVANCE_LAYUP,123.0,314.3,False,5,0,True,False,False,True
박서현,9111,3,7,5,3,1,FAIRWAY,FAIRWAY,12,FRINGE,FRINGE,NORMAL_APPROACH,10.3,123.0,False,5,0,True,False,False,True
박서현,9111,3,7,5,4,12,FRINGE,FRINGE,3,GREEN,GREEN,SHORT_GAME,0.5,10.3,False,5,0,True,False,False,True
박서현,9111,3,8,4,2,1,FAIRWAY,FAIRWAY,5,PENALTY_AREA,PENALTY_AREA,OTHER_UNRESOLVED,0.0,142.4,False,7,3,False,True,True,True
박서현,9111,3,8,4,3,5,PENALTY_AREA,PENALTY_AREA,8,PENALTY_STROKE,LOST_BALL_PENALTY_RESTART,PENALTY_RESTART,59.0,0.0,False,7,3,False,True,True,True
박서현,9111,3,8,4,4,8,PENALTY_STROKE,LOST_BALL_PENALTY_RESTART,2,ROUGH,ROUGH,PENALTY_RESTART,18.4,59.0,False,7,3,False,True,True,True
박서현,9111,3,8,4,5,2,ROUGH,ROUGH,12,FRINGE,FRINGE,RECOVERY,5.6,18.4,False,7,3,False,True,True,True
박서현,9111,3,8,4,6,12,FRINGE,FRINGE,3,GREEN,GREEN,SHORT_GAME,0.3,5.6,False,7,3,False,True,True,True
박서현,9111,3,9,4,2,1,FAIRWAY,FAIRWAY,5,PENALTY_AREA,PENALTY_AREA,OTHER_UNRESOLVED,0.0,124.7,False,6,2,False,True,True,True
박서현,9111,3,9,4,3,5,PENALTY_AREA,PENALTY_AREA,8,PENALTY_STROKE,LOST_BALL_PENALTY_RESTART,PENALTY_RESTART,21.6,0.0,False,6,2,False,True,True,True
박서현,9111,3,9,4,4,8,PENALTY_STROKE,LOST_BALL_PENALTY_RESTART,3,GREEN,GREEN,PENALTY_RESTART,4.3,21.6,False,6,2,False,True,True,True
박서현,9111,3,10,5,2,2,ROUGH,ROUGH,1,FAIRWAY,FAIRWAY,RECOVERY,152.3,320.9,True,6,1,False,True,False,False
박서현,9111,3,10,5,3,1,FAIRWAY,FAIRWAY,3,GREEN,GREEN,NORMAL_APPROACH,13.1,152.3,True,6,1,False,True,False,False
박서현,9111,3,11,3,2,2,ROUGH,ROUGH,3,GREEN,GREEN,RECOVERY,1.0,11.6,False,3,0,True,False,False,
박서현,9111,3,12,4,2,2,ROUGH,ROUGH,3,GREEN,GREEN,RECOVERY,8.2,162.7,True,4,0,True,False,False,False
박서현,9111,3,13,4,2,1,FAIRWAY,FAIRWAY,3,GREEN,GREEN,NORMAL_APPROACH,4.8,130.5,True,5,1,False,True,False,True
박서현,9111,3,14,4,2,1,FAIRWAY,FAIRWAY,3,GREEN,GREEN,NORMAL_APPROACH,5.4,154.8,True,4,0,True,False,False,True
박서현,9111,3,15,4,2,2,ROUGH,ROUGH,3,GREEN,GREEN,RECOVERY,25.0,188.2,True,5,1,False,True,False,False
박서현,9111,3,17,4,2,1,FAIRWAY,FAIRWAY,12,FRINGE,FRINGE,NORMAL_APPROACH,15.5,141.7,False,4,0,True,False,False,True
박서현,9111,3,17,4,3,12,FRINGE,FRINGE,3,GREEN,GREEN,SHORT_GAME,1.9,15.5,False,4,0,True,False,False,True
박서현,9111,3,18,5,2,2,ROUGH,ROUGH,1,FAIRWAY,FAIRWAY,RECOVERY,122.0,289.6,False,5,0,True,False,False,False
박서현,9111,3,18,5,3,1,FAIRWAY,FAIRWAY,2,ROUGH,ROUGH,ADVANCE_LAYUP,14.8,122.0,False,5,0,True,False,False,False
박서현,9111,3,18,5,4,2,ROUGH,ROUGH,3,GREEN,GREEN,RECOVERY,0.5,14.8,False,5,0,True,False,False,False
박서현,9111,4,1,4,2,1,FAIRWAY,FAIRWAY,3,GREEN,GREEN,NORMAL_APPROACH,7.1,180.2,True,4,0,True,False,False,True
박서현,9111,4,2,3,2,12,FRINGE,FRINGE,3,GREEN,GREEN,SHORT_GAME,0.2,8.8,False,3,0,True,False,False,
박서현,9111,4,3,4,2,1,FAIRWAY,FAIRWAY,3,GREEN,GREEN,NORMAL_APPROACH,22.3,191.7,True,5,1,False,True,False,True
박서현,9111,4,4,5,2,1,FAIRWAY,FAIRWAY,2,ROUGH,ROUGH,ADVANCE_LAYUP,97.7,296.2,True,6,1,False,True,False,True
박서현,9111,4,4,5,3,2,ROUGH,ROUGH,3,GREEN,GREEN,RECOVERY,23.5,97.7,True,6,1,False,True,False,True
박서현,9111,4,6,4,2,2,ROUGH,ROUGH,9,GREENSIDE_BUNKER,GREENSIDE_BUNKER,RECOVERY,15.4,158.8,False,4,0,True,False,False,False
박서현,9111,4,6,4,3,9,GREENSIDE_BUNKER,GREENSIDE_BUNKER,3,GREEN,GREEN,RECOVERY,3.8,15.4,False,4,0,True,False,False,False
박서현,9111,4,7,5,2,1,FAIRWAY,FAIRWAY,1,FAIRWAY,FAIRWAY,ADVANCE_LAYUP,86.8,304.5,True,4,-1,True,False,False,True
박서현,9111,4,7,5,3,1,FAIRWAY,FAIRWAY,3,GREEN,GREEN,NORMAL_APPROACH,6.2,86.8,True,4,-1,True,False,False,True
박서현,9111,4,8,4,2,1,FAIRWAY,FAIRWAY,3,GREEN,GREEN,NORMAL_APPROACH,7.6,130.4,True,4,0,True,False,False,True
박서현,9111,4,9,4,2,2,ROUGH,ROUGH,3,GREEN,GREEN,RECOVERY,18.9,138.4,True,6,2,False,True,True,False
박서현,9111,4,10,5,2,2,ROUGH,ROUGH,2,ROUGH,ROUGH,RECOVERY,135.1,315.3,False,6,1,False,True,False,False
박서현,9111,4,10,5,3,2,ROUGH,ROUGH,2,ROUGH,ROUGH,RECOVERY,15.0,135.1,False,6,1,False,True,False,False
박서현,9111,4,10,5,4,2,ROUGH,ROUGH,3,GREEN,GREEN,RECOVERY,5.5,15.0,False,6,1,False,True,False,False
박서현,9111,4,12,4,2,2,ROUGH,ROUGH,2,ROUGH,ROUGH,RECOVERY,23.0,149.1,False,5,1,False,True,False,False
박서현,9111,4,12,4,3,2,ROUGH,ROUGH,3,GREEN,GREEN,RECOVERY,1.9,23.0,False,5,1,False,True,False,False
박서현,9111,4,13,4,2,1,FAIRWAY,FAIRWAY,12,FRINGE,FRINGE,NORMAL_APPROACH,14.5,137.6,False,4,0,True,False,False,True
박서현,9111,4,13,4,3,12,FRINGE,FRINGE,3,GREEN,GREEN,SHORT_GAME,3.4,14.5,False,4,0,True,False,False,True
박서현,9111,4,14,4,2,2,ROUGH,ROUGH,12,FRINGE,FRINGE,RECOVERY,7.9,133.0,False,5,1,False,True,False,False
박서현,9111,4,14,4,3,12,FRINGE,FRINGE,3,GREEN,GREEN,SHORT_GAME,1.6,7.9,False,5,1,False,True,False,False
박서현,9111,4,15,4,2,1,FAIRWAY,FAIRWAY,3,GREEN,GREEN,NORMAL_APPROACH,29.4,190.6,True,4,0,True,False,False,True
박서현,9111,4,17,4,2,1,FAIRWAY,FAIRWAY,3,GREEN,GREEN,NORMAL_APPROACH,15.4,139.6,True,5,1,False,True,False,True
박서현,9111,4,18,5,2,2,ROUGH,ROUGH,1,FAIRWAY,FAIRWAY,RECOVERY,132.4,295.3,False,6,1,False,True,False,False
박서현,9111,4,18,5,3,1,FAIRWAY,FAIRWAY,2,ROUGH,ROUGH,ADVANCE_LAYUP,14.6,132.4,False,6,1,False,True,False,False
박서현,9111,4,18,5,4,2,ROUGH,ROUGH,3,GREEN,GREEN,RECOVERY,12.7,14.6,False,6,1,False,True,False,False
노승희,9113,1,1,4,2,1,FAIRWAY,FAIRWAY,3,GREEN,GREEN,NORMAL_APPROACH,9.5,187.1,True,4,0,True,False,False,True
노승희,9113,1,2,3,2,5,PENALTY_AREA,PENALTY_AREA,8,PENALTY_STROKE,LOST_BALL_PENALTY_RESTART,PENALTY_RESTART,42.0,0.0,False,4,1,False,True,False,
노승희,9113,1,2,3,3,8,PENALTY_STROKE,LOST_BALL_PENALTY_RESTART,3,GREEN,GREEN,PENALTY_RESTART,1.1,42.0,False,4,1,False,True,False,
노승희,9113,1,3,4,2,1,FAIRWAY,FAIRWAY,3,GREEN,GREEN,NORMAL_APPROACH,15.3,195.0,True,4,0,True,False,False,True
노승희,9113,1,4,5,2,1,FAIRWAY,FAIRWAY,2,ROUGH,ROUGH,ADVANCE_LAYUP,107.4,295.3,False,5,0,True,False,False,True
노승희,9113,1,4,5,3,2,ROUGH,ROUGH,2,ROUGH,ROUGH,RECOVERY,11.1,107.4,False,5,0,True,False,False,True
노승희,9113,1,4,5,4,2,ROUGH,ROUGH,3,GREEN,GREEN,RECOVERY,1.5,11.1,False,5,0,True,False,False,True
노승희,9113,1,5,3,2,2,ROUGH,ROUGH,2,ROUGH,ROUGH,RECOVERY,13.0,20.5,False,5,2,False,True,True,
노승희,9113,1,5,3,3,2,ROUGH,ROUGH,12,FRINGE,FRINGE,RECOVERY,6.6,13.0,False,5,2,False,True,True,
노승희,9113,1,5,3,4,12,FRINGE,FRINGE,3,GREEN,GREEN,SHORT_GAME,0.3,6.6,False,5,2,False,True,True,
노승희,9113,1,6,4,2,1,FAIRWAY,FAIRWAY,3,GREEN,GREEN,NORMAL_APPROACH,8.7,172.1,True,4,0,True,False,False,True
노승희,9113,1,7,5,2,1,FAIRWAY,FAIRWAY,1,FAIRWAY,FAIRWAY,ADVANCE_LAYUP,73.0,286.4,True,5,0,True,False,False,True
노승희,9113,1,7,5,3,1,FAIRWAY,FAIRWAY,3,GREEN,GREEN,NORMAL_APPROACH,7.5,73.0,True,5,0,True,False,False,True
노승희,9113,1,8,4,2,1,FAIRWAY,FAIRWAY,3,GREEN,GREEN,NORMAL_APPROACH,2.0,149.2,True,3,-1,True,False,False,True
노승희,9113,1,9,4,2,1,FAIRWAY,FAIRWAY,3,GREEN,GREEN,NORMAL_APPROACH,13.4,136.2,True,4,0,True,False,False,True
노승희,9113,1,10,5,2,2,ROUGH,ROUGH,1,FAIRWAY,FAIRWAY,RECOVERY,136.1,318.9,True,5,0,True,False,False,False
노승희,9113,1,10,5,3,1,FAIRWAY,FAIRWAY,3,GREEN,GREEN,NORMAL_APPROACH,2.0,136.1,True,5,0,True,False,False,False
노승희,9113,1,12,4,2,2,ROUGH,ROUGH,2,ROUGH,ROUGH,RECOVERY,23.5,149.6,False,5,1,False,True,False,False
노승희,9113,1,12,4,3,2,ROUGH,ROUGH,3,GREEN,GREEN,RECOVERY,11.3,23.5,False,5,1,False,True,False,False
노승희,9113,1,13,4,2,1,FAIRWAY,FAIRWAY,12,FRINGE,FRINGE,NORMAL_APPROACH,14.7,124.7,False,5,1,False,True,False,True
노승희,9113,1,13,4,3,12,FRINGE,FRINGE,3,GREEN,GREEN,SHORT_GAME,1.3,14.7,False,5,1,False,True,False,True
노승희,9113,1,14,4,2,2,ROUGH,ROUGH,2,ROUGH,ROUGH,RECOVERY,11.7,131.6,False,5,1,False,True,False,False
노승희,9113,1,14,4,3,2,ROUGH,ROUGH,3,GREEN,GREEN,RECOVERY,1.8,11.7,False,5,1,False,True,False,False
노승희,9113,1,15,4,2,2,ROUGH,ROUGH,2,ROUGH,ROUGH,RECOVERY,34.5,164.3,False,5,1,False,True,False,False
노승희,9113,1,15,4,3,2,ROUGH,ROUGH,3,GREEN,GREEN,RECOVERY,11.3,34.5,False,5,1,False,True,False,False
노승희,9113,1,17,4,2,1,FAIRWAY,FAIRWAY,9,GREENSIDE_BUNKER,GREENSIDE_BUNKER,OTHER_UNRESOLVED,12.0,147.6,False,4,0,True,False,False,True
노승희,9113,1,17,4,3,9,GREENSIDE_BUNKER,GREENSIDE_BUNKER,3,GREEN,GREEN,RECOVERY,3.0,12.0,False,4,0,True,False,False,True
노승희,9113,1,18,5,2,2,ROUGH,ROUGH,1,FAIRWAY,FAIRWAY,RECOVERY,115.9,289.4,True,4,-1,True,False,False,False
노승희,9113,1,18,5,3,1,FAIRWAY,FAIRWAY,3,GREEN,GREEN,NORMAL_APPROACH,5.0,115.9,True,4,-1,True,False,False,False
노승희,9113,2,1,4,2,2,ROUGH,ROUGH,3,GREEN,GREEN,RECOVERY,6.5,159.7,True,3,-1,True,False,False,False
노승희,9113,2,3,4,2,1,FAIRWAY,FAIRWAY,2,ROUGH,ROUGH,OTHER_UNRESOLVED,20.4,198.2,False,4,0,True,False,False,True
노승희,9113,2,3,4,3,2,ROUGH,ROUGH,3,GREEN,GREEN,RECOVERY,0.3,20.4,False,4,0,True,False,False,True
노승희,9113,2,4,5,2,2,ROUGH,ROUGH,2,ROUGH,ROUGH,RECOVERY,141.2,312.3,False,6,1,False,True,False,False
노승희,9113,2,4,5,3,2,ROUGH,ROUGH,2,ROUGH,ROUGH,RECOVERY,19.5,141.2,False,6,1,False,True,False,False
노승희,9113,2,4,5,4,2,ROUGH,ROUGH,3,GREEN,GREEN,RECOVERY,3.6,19.5,False,6,1,False,True,False,False
노승희,9113,2,6,4,2,1,FAIRWAY,FAIRWAY,2,ROUGH,ROUGH,OTHER_UNRESOLVED,16.9,164.4,False,5,1,False,True,False,True
노승희,9113,2,6,4,3,2,ROUGH,ROUGH,3,GREEN,GREEN,RECOVERY,3.2,16.9,False,5,1,False,True,False,True
노승희,9113,2,7,5,2,2,ROUGH,ROUGH,1,FAIRWAY,FAIRWAY,RECOVERY,112.6,294.4,True,5,0,True,False,False,False
노승희,9113,2,7,5,3,1,FAIRWAY,FAIRWAY,3,GREEN,GREEN,NORMAL_APPROACH,4.1,112.6,True,5,0,True,False,False,False
노승희,9113,2,8,4,2,1,FAIRWAY,FAIRWAY,3,GREEN,GREEN,NORMAL_APPROACH,9.8,129.3,True,4,0,True,False,False,True
노승희,9113,2,9,4,2,2,ROUGH,ROUGH,5,PENALTY_AREA,PENALTY_AREA,RECOVERY,0.0,166.1,False,6,2,False,True,True,False
노승희,9113,2,9,4,3,5,PENALTY_AREA,PENALTY_AREA,8,PENALTY_STROKE,LOST_BALL_PENALTY_RESTART,PENALTY_RESTART,72.1,0.0,False,6,2,False,True,True,False
노승희,9113,2,9,4,4,8,PENALTY_STROKE,LOST_BALL_PENALTY_RESTART,3,GREEN,GREEN,PENALTY_RESTART,10.9,72.1,False,6,2,False,True,True,False
노승희,9113,2,10,5,2,2,ROUGH,ROUGH,1,FAIRWAY,FAIRWAY,RECOVERY,170.2,337.5,True,4,-1,True,False,False,False
노승희,9113,2,10,5,3,1,FAIRWAY,FAIRWAY,3,GREEN,GREEN,NORMAL_APPROACH,1.5,170.2,True,4,-1,True,False,False,False
노승희,9113,2,11,3,2,2,ROUGH,ROUGH,3,GREEN,GREEN,RECOVERY,2.0,12.5,False,3,0,True,False,False,
노승희,9113,2,12,4,2,1,FAIRWAY,FAIRWAY,3,GREEN,GREEN,NORMAL_APPROACH,9.6,168.4,True,4,0,True,False,False,True
노승희,9113,2,13,4,2,2,ROUGH,ROUGH,3,GREEN,GREEN,RECOVERY,4.9,110.0,True,4,0,True,False,False,False
노승희,9113,2,14,4,2,1,FAIRWAY,FAIRWAY,3,GREEN,GREEN,NORMAL_APPROACH,6.2,160.2,True,4,0,True,False,False,True
노승희,9113,2,15,4,2,1,FAIRWAY,FAIRWAY,3,GREEN,GREEN,NORMAL_APPROACH,2.8,160.6,True,4,0,True,False,False,True
노승희,9113,2,17,4,2,1,FAIRWAY,FAIRWAY,3,GREEN,GREEN,NORMAL_APPROACH,6.7,154.6,True,4,0,True,False,False,True
노승희,9113,2,18,5,2,1,FAIRWAY,FAIRWAY,1,FAIRWAY,FAIRWAY,ADVANCE_LAYUP,95.0,281.6,True,5,0,True,False,False,True
노승희,9113,2,18,5,3,1,FAIRWAY,FAIRWAY,3,GREEN,GREEN,NORMAL_APPROACH,6.1,95.0,True,5,0,True,False,False,True
노승희,9113,3,1,4,2,1,FAIRWAY,FAIRWAY,3,GREEN,GREEN,NORMAL_APPROACH,3.7,177.2,True,4,0,True,False,False,True
노승희,9113,3,3,4,2,1,FAIRWAY,FAIRWAY,3,GREEN,GREEN,NORMAL_APPROACH,11.3,204.1,True,4,0,True,False,False,True
노승희,9113,3,4,5,2,1,FAIRWAY,FAIRWAY,1,FAIRWAY,FAIRWAY,ADVANCE_LAYUP,110.9,306.6,True,5,0,True,False,False,True
노승희,9113,3,4,5,3,1,FAIRWAY,FAIRWAY,3,GREEN,GREEN,NORMAL_APPROACH,5.3,110.9,True,5,0,True,False,False,True
노승희,9113,3,6,4,2,1,FAIRWAY,FAIRWAY,3,GREEN,GREEN,NORMAL_APPROACH,17.0,183.2,True,4,0,True,False,False,True
노승희,9113,3,7,5,2,1,FAIRWAY,FAIRWAY,1,FAIRWAY,FAIRWAY,ADVANCE_LAYUP,104.6,315.4,True,5,0,True,False,False,True
노승희,9113,3,7,5,3,1,FAIRWAY,FAIRWAY,3,GREEN,GREEN,NORMAL_APPROACH,5.2,104.6,True,5,0,True,False,False,True
노승희,9113,3,8,4,2,2,ROUGH,ROUGH,3,GREEN,GREEN,RECOVERY,27.1,135.8,True,4,0,True,False,False,False
노승희,9113,3,9,4,2,1,FAIRWAY,FAIRWAY,3,GREEN,GREEN,NORMAL_APPROACH,8.6,120.3,True,4,0,True,False,False,True
노승희,9113,3,10,5,2,1,FAIRWAY,FAIRWAY,1,FAIRWAY,FAIRWAY,ADVANCE_LAYUP,130.9,328.4,True,5,0,True,False,False,True
노승희,9113,3,10,5,3,1,FAIRWAY,FAIRWAY,3,GREEN,GREEN,NORMAL_APPROACH,10.6,130.9,True,5,0,True,False,False,True
노승희,9113,3,12,4,2,2,ROUGH,ROUGH,2,ROUGH,ROUGH,RECOVERY,16.5,168.6,False,4,0,True,False,False,False
노승희,9113,3,12,4,3,2,ROUGH,ROUGH,3,GREEN,GREEN,RECOVERY,4.9,16.5,False,4,0,True,False,False,False
노승희,9113,3,13,4,2,1,FAIRWAY,FAIRWAY,3,GREEN,GREEN,NORMAL_APPROACH,2.8,134.9,True,3,-1,True,False,False,True
노승희,9113,3,14,4,2,1,FAIRWAY,FAIRWAY,12,FRINGE,FRINGE,NORMAL_APPROACH,20.0,144.6,False,4,0,True,False,False,True
노승희,9113,3,14,4,3,12,FRINGE,FRINGE,3,GREEN,GREEN,SHORT_GAME,2.6,20.0,False,4,0,True,False,False,True
노승희,9113,3,15,4,2,1,FAIRWAY,FAIRWAY,2,ROUGH,ROUGH,OTHER_UNRESOLVED,17.1,180.4,False,5,1,False,True,False,True
노승희,9113,3,15,4,3,2,ROUGH,ROUGH,3,GREEN,GREEN,RECOVERY,5.3,17.1,False,5,1,False,True,False,True
노승희,9113,3,17,4,2,1,FAIRWAY,FAIRWAY,3,GREEN,GREEN,NORMAL_APPROACH,12.2,139.1,True,4,0,True,False,False,True
노승희,9113,3,18,5,2,1,FAIRWAY,FAIRWAY,1,FAIRWAY,FAIRWAY,ADVANCE_LAYUP,99.0,276.1,True,5,0,True,False,False,True
노승희,9113,3,18,5,3,1,FAIRWAY,FAIRWAY,3,GREEN,GREEN,NORMAL_APPROACH,3.0,99.0,True,5,0,True,False,False,True
노승희,9113,4,1,4,2,2,ROUGH,ROUGH,9,GREENSIDE_BUNKER,GREENSIDE_BUNKER,RECOVERY,23.9,180.2,False,5,1,False,True,False,False
노승희,9113,4,1,4,3,9,GREENSIDE_BUNKER,GREENSIDE_BUNKER,3,GREEN,GREEN,RECOVERY,4.5,23.9,False,5,1,False,True,False,False
노승희,9113,4,3,4,2,1,FAIRWAY,FAIRWAY,12,FRINGE,FRINGE,NORMAL_APPROACH,19.9,203.4,False,5,1,False,True,False,True
노승희,9113,4,3,4,3,12,FRINGE,FRINGE,3,GREEN,GREEN,SHORT_GAME,1.6,19.9,False,5,1,False,True,False,True
노승희,9113,4,4,5,2,1,FAIRWAY,FAIRWAY,2,ROUGH,ROUGH,ADVANCE_LAYUP,111.5,301.1,True,5,0,True,False,False,True
노승희,9113,4,4,5,3,2,ROUGH,ROUGH,3,GREEN,GREEN,RECOVERY,9.1,111.5,True,5,0,True,False,False,True
노승희,9113,4,6,4,2,2,ROUGH,ROUGH,9,GREENSIDE_BUNKER,GREENSIDE_BUNKER,RECOVERY,13.5,158.0,False,4,0,True,False,False,False
노승희,9113,4,6,4,3,9,GREENSIDE_BUNKER,GREENSIDE_BUNKER,3,GREEN,GREEN,RECOVERY,0.8,13.5,False,4,0,True,False,False,False
노승희,9113,4,7,5,2,1,FAIRWAY,FAIRWAY,1,FAIRWAY,FAIRWAY,ADVANCE_LAYUP,119.6,315.6,False,5,0,True,False,False,True
노승희,9113,4,7,5,3,1,FAIRWAY,FAIRWAY,12,FRINGE,FRINGE,NORMAL_APPROACH,4.7,119.6,False,5,0,True,False,False,True
노승희,9113,4,7,5,4,12,FRINGE,FRINGE,3,GREEN,GREEN,SHORT_GAME,0.7,4.7,False,5,0,True,False,False,True
노승희,9113,4,8,4,2,2,ROUGH,ROUGH,2,ROUGH,ROUGH,RECOVERY,16.4,150.3,False,4,0,True,False,False,False
노승희,9113,4,8,4,3,2,ROUGH,ROUGH,3,GREEN,GREEN,RECOVERY,1.3,16.4,False,4,0,True,False,False,False
노승희,9113,4,9,4,2,1,FAIRWAY,FAIRWAY,12,FRINGE,FRINGE,NORMAL_APPROACH,10.6,109.9,False,4,0,True,False,False,True
노승희,9113,4,9,4,3,12,FRINGE,FRINGE,3,GREEN,GREEN,SHORT_GAME,1.4,10.6,False,4,0,True,False,False,True
노승희,9113,4,10,5,2,1,FAIRWAY,FAIRWAY,1,FAIRWAY,FAIRWAY,ADVANCE_LAYUP,129.4,332.7,True,5,0,True,False,False,True
노승희,9113,4,10,5,3,1,FAIRWAY,FAIRWAY,3,GREEN,GREEN,NORMAL_APPROACH,1.5,129.4,True,5,0,True,False,False,True
노승희,9113,4,12,4,2,1,FAIRWAY,FAIRWAY,3,GREEN,GREEN,NORMAL_APPROACH,13.7,144.7,True,4,0,True,False,False,True
노승희,9113,4,13,4,2,1,FAIRWAY,FAIRWAY,3,GREEN,GREEN,NORMAL_APPROACH,1.2,136.6,True,3,-1,True,False,False,True
노승희,9113,4,14,4,2,1,FAIRWAY,FAIRWAY,12,FRINGE,FRINGE,NORMAL_APPROACH,12.4,139.7,False,4,0,True,False,False,True
노승희,9113,4,14,4,3,12,FRINGE,FRINGE,3,GREEN,GREEN,SHORT_GAME,1.1,12.4,False,4,0,True,False,False,True
노승희,9113,4,15,4,2,1,FAIRWAY,FAIRWAY,2,ROUGH,ROUGH,OTHER_UNRESOLVED,21.7,170.7,False,4,0,True,False,False,True
노승희,9113,4,15,4,3,2,ROUGH,ROUGH,3,GREEN,GREEN,RECOVERY,0.9,21.7,False,4,0,True,False,False,True
노승희,9113,4,17,4,2,1,FAIRWAY,FAIRWAY,3,GREEN,GREEN,NORMAL_APPROACH,5.7,138.9,True,4,0,True,False,False,True
노승희,9113,4,18,5,2,1,FAIRWAY,FAIRWAY,1,FAIRWAY,FAIRWAY,ADVANCE_LAYUP,98.3,290.2,True,4,-1,True,False,False,True
노승희,9113,4,18,5,3,1,FAIRWAY,FAIRWAY,3,GREEN,GREEN,NORMAL_APPROACH,1.2,98.3,True,4,-1,True,False,False,True
유해란,9115,1,1,4,2,6,BUNKER,BUNKER,3,GREEN,GREEN,RECOVERY,6.4,156.3,True,4,0,True,False,False,False
유해란,9115,1,3,4,2,1,FAIRWAY,FAIRWAY,9,GREENSIDE_BUNKER,GREENSIDE_BUNKER,OTHER_UNRESOLVED,12.1,161.0,False,4,0,True,False,False,True
유해란,9115,1,3,4,3,9,GREENSIDE_BUNKER,GREENSIDE_BUNKER,3,GREEN,GREEN,RECOVERY,2.0,12.1,False,4,0,True,False,False,True
유해란,9115,1,4,5,2,1,FAIRWAY,FAIRWAY,1,FAIRWAY,FAIRWAY,ADVANCE_LAYUP,99.9,270.8,True,5,0,True,False,False,True
유해란,9115,1,4,5,3,1,FAIRWAY,FAIRWAY,3,GREEN,GREEN,NORMAL_APPROACH,3.8,99.9,True,5,0,True,False,False,True
유해란,9115,1,5,3,2,12,FRINGE,FRINGE,3,GREEN,GREEN,SHORT_GAME,0.4,7.6,False,3,0,True,False,False,
유해란,9115,1,6,4,2,2,ROUGH,ROUGH,9,GREENSIDE_BUNKER,GREENSIDE_BUNKER,RECOVERY,26.1,156.2,False,4,0,True,False,False,False
유해란,9115,1,6,4,3,9,GREENSIDE_BUNKER,GREENSIDE_BUNKER,3,GREEN,GREEN,RECOVERY,2.8,26.1,False,4,0,True,False,False,False
유해란,9115,1,7,5,2,2,ROUGH,ROUGH,2,ROUGH,ROUGH,RECOVERY,114.4,258.2,True,5,0,True,False,False,False
유해란,9115,1,7,5,3,2,ROUGH,ROUGH,3,GREEN,GREEN,RECOVERY,13.4,114.4,True,5,0,True,False,False,False
유해란,9115,1,8,4,2,1,FAIRWAY,FAIRWAY,3,GREEN,GREEN,NORMAL_APPROACH,7.4,123.1,True,3,-1,True,False,False,True
유해란,9115,1,9,4,2,2,ROUGH,ROUGH,2,ROUGH,ROUGH,RECOVERY,6.2,143.8,False,4,0,True,False,False,False
유해란,9115,1,9,4,3,2,ROUGH,ROUGH,3,GREEN,GREEN,RECOVERY,0.4,6.2,False,4,0,True,False,False,False
유해란,9115,1,10,5,2,1,FAIRWAY,FAIRWAY,1,FAIRWAY,FAIRWAY,ADVANCE_LAYUP,136.7,289.7,False,6,1,False,True,False,True
유해란,9115,1,10,5,3,1,FAIRWAY,FAIRWAY,2,ROUGH,ROUGH,ADVANCE_LAYUP,8.7,136.7,False,6,1,False,True,False,True
유해란,9115,1,10,5,4,2,ROUGH,ROUGH,3,GREEN,GREEN,RECOVERY,3.4,8.7,False,6,1,False,True,False,True
유해란,9115,1,11,3,2,2,ROUGH,ROUGH,3,GREEN,GREEN,RECOVERY,0.9,9.7,False,3,0,True,False,False,
유해란,9115,1,12,4,2,1,FAIRWAY,FAIRWAY,3,GREEN,GREEN,NORMAL_APPROACH,6.4,114.3,True,4,0,True,False,False,True
유해란,9115,1,13,4,2,1,FAIRWAY,FAIRWAY,3,GREEN,GREEN,NORMAL_APPROACH,10.6,100.9,True,4,0,True,False,False,True
유해란,9115,1,14,4,2,1,FAIRWAY,FAIRWAY,3,GREEN,GREEN,NORMAL_APPROACH,15.3,136.1,True,5,1,False,True,False,True
유해란,9115,1,15,4,2,1,FAIRWAY,FAIRWAY,3,GREEN,GREEN,NORMAL_APPROACH,7.8,133.1,True,4,0,True,False,False,True
유해란,9115,1,17,4,2,1,FAIRWAY,FAIRWAY,12,FRINGE,FRINGE,NORMAL_APPROACH,7.3,106.7,False,4,0,True,False,False,True
유해란,9115,1,17,4,3,12,FRINGE,FRINGE,3,GREEN,GREEN,SHORT_GAME,1.2,7.3,False,4,0,True,False,False,True
유해란,9115,1,18,5,2,2,ROUGH,ROUGH,1,FAIRWAY,FAIRWAY,RECOVERY,121.1,272.3,False,5,0,True,False,False,False
유해란,9115,1,18,5,3,1,FAIRWAY,FAIRWAY,12,FRINGE,FRINGE,NORMAL_APPROACH,7.3,121.1,False,5,0,True,False,False,False
유해란,9115,1,18,5,4,12,FRINGE,FRINGE,3,GREEN,GREEN,SHORT_GAME,0.7,7.3,False,5,0,True,False,False,False
유해란,9115,2,1,4,2,6,BUNKER,BUNKER,2,ROUGH,ROUGH,RECOVERY,24.7,136.2,False,4,0,True,False,False,False
유해란,9115,2,1,4,3,2,ROUGH,ROUGH,3,GREEN,GREEN,RECOVERY,3.5,24.7,False,4,0,True,False,False,False
유해란,9115,2,3,4,2,1,FAIRWAY,FAIRWAY,12,FRINGE,FRINGE,NORMAL_APPROACH,19.8,172.8,False,5,1,False,True,False,True
유해란,9115,2,3,4,3,12,FRINGE,FRINGE,3,GREEN,GREEN,SHORT_GAME,0.9,19.8,False,5,1,False,True,False,True
유해란,9115,2,4,5,2,1,FAIRWAY,FAIRWAY,2,ROUGH,ROUGH,ADVANCE_LAYUP,115.2,286.3,True,5,0,True,False,False,True
유해란,9115,2,4,5,3,2,ROUGH,ROUGH,3,GREEN,GREEN,RECOVERY,11.6,115.2,True,5,0,True,False,False,True
유해란,9115,2,6,4,2,1,FAIRWAY,FAIRWAY,3,GREEN,GREEN,NORMAL_APPROACH,2.9,132.4,True,3,-1,True,False,False,True
유해란,9115,2,7,5,2,2,ROUGH,ROUGH,1,FAIRWAY,FAIRWAY,RECOVERY,83.0,263.1,True,4,-1,True,False,False,False
유해란,9115,2,7,5,3,1,FAIRWAY,FAIRWAY,3,GREEN,GREEN,NORMAL_APPROACH,1.5,83.0,True,4,-1,True,False,False,False
유해란,9115,2,8,4,2,1,FAIRWAY,FAIRWAY,3,GREEN,GREEN,NORMAL_APPROACH,7.4,113.2,True,4,0,True,False,False,True
유해란,9115,2,9,4,2,1,FAIRWAY,FAIRWAY,3,GREEN,GREEN,NORMAL_APPROACH,0.7,88.4,True,3,-1,True,False,False,True
유해란,9115,2,10,5,2,1,FAIRWAY,FAIRWAY,1,FAIRWAY,FAIRWAY,ADVANCE_LAYUP,128.3,309.1,True,5,0,True,False,False,True
유해란,9115,2,10,5,3,1,FAIRWAY,FAIRWAY,3,GREEN,GREEN,NORMAL_APPROACH,5.6,128.3,True,5,0,True,False,False,True
유해란,9115,2,12,4,2,2,ROUGH,ROUGH,2,ROUGH,ROUGH,RECOVERY,43.4,154.8,False,6,2,False,True,True,False
유해란,9115,2,12,4,3,2,ROUGH,ROUGH,2,ROUGH,ROUGH,RECOVERY,8.0,43.4,False,6,2,False,True,True,False
유해란,9115,2,12,4,4,2,ROUGH,ROUGH,3,GREEN,GREEN,RECOVERY,1.2,8.0,False,6,2,False,True,True,False
유해란,9115,2,13,4,2,1,FAIRWAY,FAIRWAY,3,GREEN,GREEN,NORMAL_APPROACH,3.7,89.4,True,4,0,True,False,False,True
유해란,9115,2,14,4,2,1,FAIRWAY,FAIRWAY,3,GREEN,GREEN,NORMAL_APPROACH,6.3,156.2,True,4,0,True,False,False,True
유해란,9115,2,15,4,2,1,FAIRWAY,FAIRWAY,3,GREEN,GREEN,NORMAL_APPROACH,1.2,132.0,True,3,-1,True,False,False,True
유해란,9115,2,17,4,2,1,FAIRWAY,FAIRWAY,3,GREEN,GREEN,NORMAL_APPROACH,10.2,127.2,True,4,0,True,False,False,True
유해란,9115,2,18,5,2,2,ROUGH,ROUGH,1,FAIRWAY,FAIRWAY,RECOVERY,103.5,249.0,True,5,0,True,False,False,False
유해란,9115,2,18,5,3,1,FAIRWAY,FAIRWAY,3,GREEN,GREEN,NORMAL_APPROACH,3.3,103.5,True,5,0,True,False,False,False
유해란,9115,3,1,4,2,1,FAIRWAY,FAIRWAY,3,GREEN,GREEN,NORMAL_APPROACH,9.1,153.8,True,4,0,True,False,False,True
유해란,9115,3,3,4,2,2,ROUGH,ROUGH,2,ROUGH,ROUGH,RECOVERY,26.5,183.2,False,5,1,False,True,False,False
유해란,9115,3,3,4,3,2,ROUGH,ROUGH,12,FRINGE,FRINGE,RECOVERY,5.0,26.5,False,5,1,False,True,False,False
유해란,9115,3,3,4,4,12,FRINGE,FRINGE,3,GREEN,GREEN,SHORT_GAME,0.8,5.0,False,5,1,False,True,False,False
유해란,9115,3,4,5,2,1,FAIRWAY,FAIRWAY,1,FAIRWAY,FAIRWAY,ADVANCE_LAYUP,95.8,278.3,True,5,0,True,False,False,True
유해란,9115,3,4,5,3,1,FAIRWAY,FAIRWAY,3,GREEN,GREEN,NORMAL_APPROACH,3.0,95.8,True,5,0,True,False,False,True
유해란,9115,3,6,4,2,7,LOST_BALL,LOST_BALL_PENALTY_RESTART,8,PENALTY_STROKE,LOST_BALL_PENALTY_RESTART,PENALTY_RESTART,411.2,411.2,False,5,1,False,True,False,False
유해란,9115,3,6,4,3,8,PENALTY_STROKE,LOST_BALL_PENALTY_RESTART,1,FAIRWAY,FAIRWAY,PENALTY_RESTART,143.7,411.2,False,5,1,False,True,False,False
유해란,9115,3,6,4,4,1,FAIRWAY,FAIRWAY,3,GREEN,GREEN,NORMAL_APPROACH,6.0,143.7,False,5,1,False,True,False,False
유해란,9115,3,7,5,2,6,BUNKER,BUNKER,1,FAIRWAY,FAIRWAY,RECOVERY,119.6,289.5,True,5,0,True,False,False,False
유해란,9115,3,7,5,3,1,FAIRWAY,FAIRWAY,3,GREEN,GREEN,NORMAL_APPROACH,12.1,119.6,True,5,0,True,False,False,False
유해란,9115,3,8,4,2,1,FAIRWAY,FAIRWAY,3,GREEN,GREEN,NORMAL_APPROACH,12.1,124.5,True,4,0,True,False,False,True
유해란,9115,3,9,4,2,1,FAIRWAY,FAIRWAY,3,GREEN,GREEN,NORMAL_APPROACH,6.0,89.5,True,5,1,False,True,False,True
유해란,9115,3,10,5,2,1,FAIRWAY,FAIRWAY,1,FAIRWAY,FAIRWAY,ADVANCE_LAYUP,106.8,287.6,True,5,0,True,False,False,True
유해란,9115,3,10,5,3,1,FAIRWAY,FAIRWAY,3,GREEN,GREEN,NORMAL_APPROACH,3.3,106.8,True,5,0,True,False,False,True
유해란,9115,3,12,4,2,2,ROUGH,ROUGH,12,FRINGE,FRINGE,RECOVERY,11.6,120.0,False,4,0,True,False,False,False
유해란,9115,3,12,4,3,12,FRINGE,FRINGE,3,GREEN,GREEN,SHORT_GAME,1.3,11.6,False,4,0,True,False,False,False
유해란,9115,3,13,4,2,1,FAIRWAY,FAIRWAY,3,GREEN,GREEN,NORMAL_APPROACH,4.6,101.4,True,4,0,True,False,False,True
유해란,9115,3,14,4,2,1,FAIRWAY,FAIRWAY,3,GREEN,GREEN,NORMAL_APPROACH,3.3,148.4,True,4,0,True,False,False,True
유해란,9115,3,15,4,2,1,FAIRWAY,FAIRWAY,2,ROUGH,ROUGH,OTHER_UNRESOLVED,14.2,159.5,False,5,1,False,True,False,True
유해란,9115,3,15,4,3,2,ROUGH,ROUGH,3,GREEN,GREEN,RECOVERY,1.3,14.2,False,5,1,False,True,False,True
유해란,9115,3,17,4,2,6,BUNKER,BUNKER,3,GREEN,GREEN,RECOVERY,15.7,116.8,True,3,-1,True,False,False,False
유해란,9115,3,18,5,2,1,FAIRWAY,FAIRWAY,1,FAIRWAY,FAIRWAY,ADVANCE_LAYUP,101.0,247.0,True,4,-1,True,False,False,True
유해란,9115,3,18,5,3,1,FAIRWAY,FAIRWAY,3,GREEN,GREEN,NORMAL_APPROACH,1.0,101.0,True,4,-1,True,False,False,True
유해란,9115,4,1,4,2,1,FAIRWAY,FAIRWAY,3,GREEN,GREEN,NORMAL_APPROACH,5.4,153.8,True,4,0,True,False,False,True
유해란,9115,4,3,4,2,2,ROUGH,ROUGH,2,ROUGH,ROUGH,RECOVERY,15.3,179.2,False,4,0,True,False,False,False
유해란,9115,4,3,4,3,2,ROUGH,ROUGH,3,GREEN,GREEN,RECOVERY,0.8,15.3,False,4,0,True,False,False,False
유해란,9115,4,4,5,2,1,FAIRWAY,FAIRWAY,1,FAIRWAY,FAIRWAY,ADVANCE_LAYUP,93.3,266.2,True,4,-1,True,False,False,True
유해란,9115,4,4,5,3,1,FAIRWAY,FAIRWAY,3,GREEN,GREEN,NORMAL_APPROACH,2.4,93.3,True,4,-1,True,False,False,True
유해란,9115,4,6,4,2,1,FAIRWAY,FAIRWAY,3,GREEN,GREEN,NORMAL_APPROACH,8.0,122.7,True,3,-1,True,False,False,True
유해란,9115,4,7,5,2,1,FAIRWAY,FAIRWAY,1,FAIRWAY,FAIRWAY,ADVANCE_LAYUP,99.6,274.0,True,5,0,True,False,False,True
유해란,9115,4,7,5,3,1,FAIRWAY,FAIRWAY,3,GREEN,GREEN,NORMAL_APPROACH,7.5,99.6,True,5,0,True,False,False,True
유해란,9115,4,8,4,2,2,ROUGH,ROUGH,2,ROUGH,ROUGH,RECOVERY,11.2,127.1,False,4,0,True,False,False,False
유해란,9115,4,8,4,3,2,ROUGH,ROUGH,3,GREEN,GREEN,RECOVERY,1.1,11.2,False,4,0,True,False,False,False
유해란,9115,4,9,4,2,2,ROUGH,ROUGH,3,GREEN,GREEN,RECOVERY,5.3,103.5,True,4,0,True,False,False,False
유해란,9115,4,10,5,2,1,FAIRWAY,FAIRWAY,1,FAIRWAY,FAIRWAY,ADVANCE_LAYUP,115.6,275.6,True,4,-1,True,False,False,True
유해란,9115,4,10,5,3,1,FAIRWAY,FAIRWAY,3,GREEN,GREEN,NORMAL_APPROACH,4.2,115.6,True,4,-1,True,False,False,True
유해란,9115,4,12,4,2,1,FAIRWAY,FAIRWAY,12,FRINGE,FRINGE,NORMAL_APPROACH,4.8,116.5,False,4,0,True,False,False,True
유해란,9115,4,12,4,3,12,FRINGE,FRINGE,3,GREEN,GREEN,SHORT_GAME,0.8,4.8,False,4,0,True,False,False,True
유해란,9115,4,13,4,2,1,FAIRWAY,FAIRWAY,3,GREEN,GREEN,NORMAL_APPROACH,11.5,119.1,True,4,0,True,False,False,True
유해란,9115,4,14,4,2,2,ROUGH,ROUGH,3,GREEN,GREEN,RECOVERY,20.9,147.2,True,5,1,False,True,False,False
유해란,9115,4,15,4,2,2,ROUGH,ROUGH,3,GREEN,GREEN,RECOVERY,15.0,158.3,True,4,0,True,False,False,False
유해란,9115,4,17,4,2,1,FAIRWAY,FAIRWAY,3,GREEN,GREEN,NORMAL_APPROACH,13.2,125.2,True,4,0,True,False,False,True
유해란,9115,4,18,5,2,6,BUNKER,BUNKER,1,FAIRWAY,FAIRWAY,RECOVERY,133.0,264.5,False,5,0,True,False,False,False
유해란,9115,4,18,5,3,1,FAIRWAY,FAIRWAY,2,ROUGH,ROUGH,ADVANCE_LAYUP,9.5,133.0,False,5,0,True,False,False,False
유해란,9115,4,18,5,4,2,ROUGH,ROUGH,3,GREEN,GREEN,RECOVERY,0.5,9.5,False,5,0,True,False,False,False
박현경,9130,1,1,4,2,2,ROUGH,ROUGH,2,ROUGH,ROUGH,RECOVERY,11.2,171.8,False,4,0,True,False,False,False
박현경,9130,1,1,4,3,2,ROUGH,ROUGH,3,GREEN,GREEN,RECOVERY,1.7,11.2,False,4,0,True,False,False,False
박현경,9130,1,2,3,2,2,ROUGH,ROUGH,3,GREEN,GREEN,RECOVERY,2.8,18.1,False,3,0,True,False,False,
박현경,9130,1,3,4,2,1,FAIRWAY,FAIRWAY,9,GREENSIDE_BUNKER,GREENSIDE_BUNKER,OTHER_UNRESOLVED,17.2,194.5,False,5,1,False,True,False,True
박현경,9130,1,3,4,3,9,GREENSIDE_BUNKER,GREENSIDE_BUNKER,3,GREEN,GREEN,RECOVERY,4.4,17.2,False,5,1,False,True,False,True
박현경,9130,1,4,5,2,1,FAIRWAY,FAIRWAY,2,ROUGH,ROUGH,ADVANCE_LAYUP,98.7,299.4,False,4,-1,True,False,False,True
박현경,9130,1,4,5,3,2,ROUGH,ROUGH,12,FRINGE,FRINGE,RECOVERY,6.3,98.7,False,4,-1,True,False,False,True
박현경,9130,1,4,5,4,12,FRINGE,FRINGE,10,HOLED,HOLED,SHORT_GAME,0.0,6.3,False,4,-1,True,False,False,True
박현경,9130,1,6,4,2,2,ROUGH,ROUGH,2,ROUGH,ROUGH,RECOVERY,21.8,182.7,False,5,1,False,True,False,False
박현경,9130,1,6,4,3,2,ROUGH,ROUGH,3,GREEN,GREEN,RECOVERY,7.4,21.8,False,5,1,False,True,False,False
박현경,9130,1,7,5,2,1,FAIRWAY,FAIRWAY,1,FAIRWAY,FAIRWAY,ADVANCE_LAYUP,84.7,291.7,True,5,0,True,False,False,True
박현경,9130,1,7,5,3,1,FAIRWAY,FAIRWAY,3,GREEN,GREEN,NORMAL_APPROACH,6.9,84.7,True,5,0,True,False,False,True
박현경,9130,1,8,4,2,1,FAIRWAY,FAIRWAY,12,FRINGE,FRINGE,NORMAL_APPROACH,5.4,166.8,False,3,-1,True,False,False,True
박현경,9130,1,8,4,3,12,FRINGE,FRINGE,10,HOLED,HOLED,SHORT_GAME,0.0,5.4,False,3,-1,True,False,False,True
박현경,9130,1,9,4,2,1,FAIRWAY,FAIRWAY,3,GREEN,GREEN,NORMAL_APPROACH,6.6,144.0,True,4,0,True,False,False,True
박현경,9130,1,10,5,2,1,FAIRWAY,FAIRWAY,2,ROUGH,ROUGH,ADVANCE_LAYUP,117.1,315.2,False,7,2,False,True,True,True
박현경,9130,1,10,5,3,2,ROUGH,ROUGH,2,ROUGH,ROUGH,RECOVERY,15.1,117.1,False,7,2,False,True,True,True
박현경,9130,1,10,5,4,2,ROUGH,ROUGH,3,GREEN,GREEN,RECOVERY,4.4,15.1,False,7,2,False,True,True,True
박현경,9130,1,12,4,2,2,ROUGH,ROUGH,3,GREEN,GREEN,RECOVERY,14.2,153.9,True,4,0,True,False,False,False
박현경,9130,1,13,4,2,1,FAIRWAY,FAIRWAY,3,GREEN,GREEN,NORMAL_APPROACH,21.1,121.0,True,4,0,True,False,False,True
박현경,9130,1,14,4,2,1,FAIRWAY,FAIRWAY,3,GREEN,GREEN,NORMAL_APPROACH,14.2,139.8,True,4,0,True,False,False,True
박현경,9130,1,15,4,2,2,ROUGH,ROUGH,2,ROUGH,ROUGH,RECOVERY,32.2,149.6,False,5,1,False,True,False,False
박현경,9130,1,15,4,3,2,ROUGH,ROUGH,3,GREEN,GREEN,RECOVERY,6.5,32.2,False,5,1,False,True,False,False
박현경,9130,1,16,3,2,2,ROUGH,ROUGH,8,PENALTY_STROKE,LOST_BALL_PENALTY_RESTART,RECOVERY,38.9,37.9,False,5,2,False,True,True,
박현경,9130,1,16,3,3,8,PENALTY_STROKE,LOST_BALL_PENALTY_RESTART,2,ROUGH,ROUGH,PENALTY_RESTART,12.5,38.9,False,5,2,False,True,True,
박현경,9130,1,16,3,4,2,ROUGH,ROUGH,3,GREEN,GREEN,RECOVERY,1.2,12.5,False,5,2,False,True,True,
박현경,9130,1,17,4,2,1,FAIRWAY,FAIRWAY,9,GREENSIDE_BUNKER,GREENSIDE_BUNKER,OTHER_UNRESOLVED,26.5,149.0,False,5,1,False,True,False,True
박현경,9130,1,17,4,3,9,GREENSIDE_BUNKER,GREENSIDE_BUNKER,3,GREEN,GREEN,RECOVERY,2.6,26.5,False,5,1,False,True,False,True
박현경,9130,1,18,5,2,6,BUNKER,BUNKER,1,FAIRWAY,FAIRWAY,RECOVERY,203.5,318.4,False,5,0,True,False,False,False
박현경,9130,1,18,5,3,1,FAIRWAY,FAIRWAY,12,FRINGE,FRINGE,NORMAL_APPROACH,4.9,203.5,False,5,0,True,False,False,False
박현경,9130,1,18,5,4,12,FRINGE,FRINGE,3,GREEN,GREEN,SHORT_GAME,0.3,4.9,False,5,0,True,False,False,False
박현경,9130,2,1,4,2,6,BUNKER,BUNKER,2,ROUGH,ROUGH,RECOVERY,37.0,157.9,False,5,1,False,True,False,False
박현경,9130,2,1,4,3,2,ROUGH,ROUGH,3,GREEN,GREEN,RECOVERY,6.9,37.0,False,5,1,False,True,False,False
박현경,9130,2,3,4,2,1,FAIRWAY,FAIRWAY,3,GREEN,GREEN,NORMAL_APPROACH,11.7,205.8,True,4,0,True,False,False,True
박현경,9130,2,4,5,2,1,FAIRWAY,FAIRWAY,1,FAIRWAY,FAIRWAY,ADVANCE_LAYUP,122.2,306.3,True,5,0,True,False,False,True
박현경,9130,2,4,5,3,1,FAIRWAY,FAIRWAY,3,GREEN,GREEN,NORMAL_APPROACH,10.9,122.2,True,5,0,True,False,False,True
박현경,9130,2,5,3,2,2,ROUGH,ROUGH,3,GREEN,GREEN,RECOVERY,3.1,11.3,False,4,1,False,True,False,
박현경,9130,2,6,4,2,1,FAIRWAY,FAIRWAY,9,GREENSIDE_BUNKER,GREENSIDE_BUNKER,OTHER_UNRESOLVED,22.9,164.9,False,4,0,True,False,False,True
박현경,9130,2,6,4,3,9,GREENSIDE_BUNKER,GREENSIDE_BUNKER,3,GREEN,GREEN,RECOVERY,1.3,22.9,False,4,0,True,False,False,True
박현경,9130,2,7,5,2,2,ROUGH,ROUGH,1,FAIRWAY,FAIRWAY,RECOVERY,129.9,294.9,True,5,0,True,False,False,False
박현경,9130,2,7,5,3,1,FAIRWAY,FAIRWAY,3,GREEN,GREEN,NORMAL_APPROACH,3.1,129.9,True,5,0,True,False,False,False
박현경,9130,2,8,4,2,1,FAIRWAY,FAIRWAY,5,PENALTY_AREA,PENALTY_AREA,OTHER_UNRESOLVED,0.0,127.8,False,6,2,False,True,True,True
박현경,9130,2,8,4,3,5,PENALTY_AREA,PENALTY_AREA,8,PENALTY_STROKE,LOST_BALL_PENALTY_RESTART,PENALTY_RESTART,100.2,0.0,False,6,2,False,True,True,True
박현경,9130,2,8,4,4,8,PENALTY_STROKE,LOST_BALL_PENALTY_RESTART,3,GREEN,GREEN,PENALTY_RESTART,10.3,100.2,False,6,2,False,True,True,True
박현경,9130,2,9,4,2,2,ROUGH,ROUGH,1,FAIRWAY,FAIRWAY,RECOVERY,81.2,126.2,False,5,1,False,True,False,False
박현경,9130,2,9,4,3,1,FAIRWAY,FAIRWAY,2,ROUGH,ROUGH,OTHER_UNRESOLVED,10.7,81.2,False,5,1,False,True,False,False
박현경,9130,2,9,4,4,2,ROUGH,ROUGH,3,GREEN,GREEN,RECOVERY,1.7,10.7,False,5,1,False,True,False,False
박현경,9130,2,10,5,2,1,FAIRWAY,FAIRWAY,1,FAIRWAY,FAIRWAY,ADVANCE_LAYUP,124.7,334.4,True,5,0,True,False,False,True
박현경,9130,2,10,5,3,1,FAIRWAY,FAIRWAY,3,GREEN,GREEN,NORMAL_APPROACH,4.1,124.7,True,5,0,True,False,False,True
박현경,9130,2,11,3,2,2,ROUGH,ROUGH,2,ROUGH,ROUGH,RECOVERY,11.2,16.6,False,4,1,False,True,False,
박현경,9130,2,11,3,3,2,ROUGH,ROUGH,3,GREEN,GREEN,RECOVERY,1.1,11.2,False,4,1,False,True,False,
박현경,9130,2,12,4,2,2,ROUGH,ROUGH,2,ROUGH,ROUGH,RECOVERY,33.6,173.5,False,5,1,False,True,False,False
박현경,9130,2,12,4,3,2,ROUGH,ROUGH,3,GREEN,GREEN,RECOVERY,3.3,33.6,False,5,1,False,True,False,False
박현경,9130,2,13,4,2,1,FAIRWAY,FAIRWAY,3,GREEN,GREEN,NORMAL_APPROACH,3.7,109.9,True,3,-1,True,False,False,True
박현경,9130,2,14,4,2,1,FAIRWAY,FAIRWAY,3,GREEN,GREEN,NORMAL_APPROACH,18.5,150.8,True,4,0,True,False,False,True
박현경,9130,2,15,4,2,1,FAIRWAY,FAIRWAY,2,ROUGH,ROUGH,OTHER_UNRESOLVED,17.1,155.0,False,5,1,False,True,False,True
박현경,9130,2,15,4,3,2,ROUGH,ROUGH,3,GREEN,GREEN,RECOVERY,4.0,17.1,False,5,1,False,True,False,True
박현경,9130,2,17,4,2,1,FAIRWAY,FAIRWAY,3,GREEN,GREEN,NORMAL_APPROACH,13.8,149.3,True,4,0,True,False,False,True
박현경,9130,2,18,5,2,1,FAIRWAY,FAIRWAY,1,FAIRWAY,FAIRWAY,ADVANCE_LAYUP,98.4,270.9,True,5,0,True,False,False,True
박현경,9130,2,18,5,3,1,FAIRWAY,FAIRWAY,3,GREEN,GREEN,NORMAL_APPROACH,6.6,98.4,True,5,0,True,False,False,True
서어진,9134,1,1,4,2,1,FAIRWAY,FAIRWAY,3,GREEN,GREEN,NORMAL_APPROACH,13.2,179.3,True,4,0,True,False,False,True
서어진,9134,1,3,4,2,1,FAIRWAY,FAIRWAY,2,ROUGH,ROUGH,OTHER_UNRESOLVED,27.1,185.3,False,4,0,True,False,False,True
서어진,9134,1,3,4,3,2,ROUGH,ROUGH,3,GREEN,GREEN,RECOVERY,3.3,27.1,False,4,0,True,False,False,True
서어진,9134,1,4,5,2,2,ROUGH,ROUGH,1,FAIRWAY,FAIRWAY,RECOVERY,114.7,305.9,True,5,0,True,False,False,False
서어진,9134,1,4,5,3,1,FAIRWAY,FAIRWAY,3,GREEN,GREEN,NORMAL_APPROACH,5.9,114.7,True,5,0,True,False,False,False
서어진,9134,1,6,4,2,1,FAIRWAY,FAIRWAY,2,ROUGH,ROUGH,OTHER_UNRESOLVED,21.0,177.8,False,4,0,True,False,False,True
서어진,9134,1,6,4,3,2,ROUGH,ROUGH,3,GREEN,GREEN,RECOVERY,1.7,21.0,False,4,0,True,False,False,True
서어진,9134,1,7,5,2,1,FAIRWAY,FAIRWAY,1,FAIRWAY,FAIRWAY,ADVANCE_LAYUP,102.3,271.6,True,5,0,True,False,False,True
서어진,9134,1,7,5,3,1,FAIRWAY,FAIRWAY,3,GREEN,GREEN,NORMAL_APPROACH,3.1,102.3,True,5,0,True,False,False,True
서어진,9134,1,8,4,2,1,FAIRWAY,FAIRWAY,3,GREEN,GREEN,NORMAL_APPROACH,1.6,153.4,True,4,0,True,False,False,True
서어진,9134,1,9,4,2,2,ROUGH,ROUGH,3,GREEN,GREEN,RECOVERY,16.6,135.9,True,4,0,True,False,False,False
서어진,9134,1,10,5,2,1,FAIRWAY,FAIRWAY,1,FAIRWAY,FAIRWAY,ADVANCE_LAYUP,119.2,309.7,True,5,0,True,False,False,True
서어진,9134,1,10,5,3,1,FAIRWAY,FAIRWAY,3,GREEN,GREEN,NORMAL_APPROACH,4.3,119.2,True,5,0,True,False,False,True
서어진,9134,1,12,4,2,1,FAIRWAY,FAIRWAY,3,GREEN,GREEN,NORMAL_APPROACH,6.8,152.5,True,4,0,True,False,False,True
서어진,9134,1,13,4,2,2,ROUGH,ROUGH,1,FAIRWAY,FAIRWAY,RECOVERY,61.0,121.9,False,4,0,True,False,False,False
서어진,9134,1,13,4,3,1,FAIRWAY,FAIRWAY,3,GREEN,GREEN,NORMAL_APPROACH,3.2,61.0,False,4,0,True,False,False,False
서어진,9134,1,14,4,2,1,FAIRWAY,FAIRWAY,2,ROUGH,ROUGH,OTHER_UNRESOLVED,22.1,144.7,False,4,0,True,False,False,True
서어진,9134,1,14,4,3,2,ROUGH,ROUGH,3,GREEN,GREEN,RECOVERY,5.1,22.1,False,4,0,True,False,False,True
서어진,9134,1,15,4,2,2,ROUGH,ROUGH,2,ROUGH,ROUGH,RECOVERY,29.8,173.3,False,4,0,True,False,False,False
서어진,9134,1,15,4,3,2,ROUGH,ROUGH,3,GREEN,GREEN,RECOVERY,4.7,29.8,False,4,0,True,False,False,False
서어진,9134,1,17,4,2,1,FAIRWAY,FAIRWAY,3,GREEN,GREEN,NORMAL_APPROACH,4.6,134.3,True,3,-1,True,False,False,True
서어진,9134,1,18,5,2,1,FAIRWAY,FAIRWAY,2,ROUGH,ROUGH,ADVANCE_LAYUP,100.9,281.9,True,5,0,True,False,False,True
서어진,9134,1,18,5,3,2,ROUGH,ROUGH,3,GREEN,GREEN,RECOVERY,15.4,100.9,True,5,0,True,False,False,True
서어진,9134,2,1,4,2,2,ROUGH,ROUGH,2,ROUGH,ROUGH,RECOVERY,15.2,166.5,False,4,0,True,False,False,False
서어진,9134,2,1,4,3,2,ROUGH,ROUGH,3,GREEN,GREEN,RECOVERY,0.3,15.2,False,4,0,True,False,False,False
서어진,9134,2,3,4,2,2,ROUGH,ROUGH,9,GREENSIDE_BUNKER,GREENSIDE_BUNKER,RECOVERY,12.3,196.3,False,3,-1,True,False,False,False
서어진,9134,2,3,4,3,9,GREENSIDE_BUNKER,GREENSIDE_BUNKER,10,HOLED,HOLED,RECOVERY,0.0,12.3,False,3,-1,True,False,False,False
서어진,9134,2,4,5,2,1,FAIRWAY,FAIRWAY,1,FAIRWAY,FAIRWAY,ADVANCE_LAYUP,114.0,308.0,True,5,0,True,False,False,True
서어진,9134,2,4,5,3,1,FAIRWAY,FAIRWAY,3,GREEN,GREEN,NORMAL_APPROACH,2.2,114.0,True,5,0,True,False,False,True
서어진,9134,2,6,4,2,1,FAIRWAY,FAIRWAY,3,GREEN,GREEN,NORMAL_APPROACH,9.8,163.4,True,4,0,True,False,False,True
서어진,9134,2,7,5,2,2,ROUGH,ROUGH,1,FAIRWAY,FAIRWAY,RECOVERY,115.2,292.4,True,4,-1,True,False,False,False
서어진,9134,2,7,5,3,1,FAIRWAY,FAIRWAY,3,GREEN,GREEN,NORMAL_APPROACH,5.8,115.2,True,4,-1,True,False,False,False
서어진,9134,2,8,4,2,1,FAIRWAY,FAIRWAY,2,ROUGH,ROUGH,OTHER_UNRESOLVED,13.9,132.9,False,4,0,True,False,False,True
서어진,9134,2,8,4,3,2,ROUGH,ROUGH,3,GREEN,GREEN,RECOVERY,0.4,13.9,False,4,0,True,False,False,True
서어진,9134,2,9,4,2,2,ROUGH,ROUGH,3,GREEN,GREEN,RECOVERY,21.2,130.3,True,4,0,True,False,False,False
서어진,9134,2,10,5,2,2,ROUGH,ROUGH,2,ROUGH,ROUGH,RECOVERY,179.9,341.6,False,6,1,False,True,False,False
서어진,9134,2,10,5,3,2,ROUGH,ROUGH,2,ROUGH,ROUGH,RECOVERY,102.4,179.9,False,6,1,False,True,False,False
서어진,9134,2,10,5,4,2,ROUGH,ROUGH,12,FRINGE,FRINGE,RECOVERY,7.8,102.4,False,6,1,False,True,False,False
서어진,9134,2,10,5,5,12,FRINGE,FRINGE,3,GREEN,GREEN,SHORT_GAME,0.3,7.8,False,6,1,False,True,False,False
서어진,9134,2,11,3,2,2,ROUGH,ROUGH,3,GREEN,GREEN,RECOVERY,0.8,12.9,False,3,0,True,False,False,
서어진,9134,2,12,4,2,1,FAIRWAY,FAIRWAY,2,ROUGH,ROUGH,OTHER_UNRESOLVED,10.5,167.3,False,5,1,False,True,False,True
서어진,9134,2,12,4,3,2,ROUGH,ROUGH,3,GREEN,GREEN,RECOVERY,4.3,10.5,False,5,1,False,True,False,True
서어진,9134,2,13,4,2,1,FAIRWAY,FAIRWAY,3,GREEN,GREEN,NORMAL_APPROACH,7.4,114.6,True,4,0,True,False,False,True
서어진,9134,2,14,4,2,2,ROUGH,ROUGH,3,GREEN,GREEN,RECOVERY,15.0,146.0,True,4,0,True,False,False,False
서어진,9134,2,15,4,2,1,FAIRWAY,FAIRWAY,2,ROUGH,ROUGH,OTHER_UNRESOLVED,11.5,160.7,False,5,1,False,True,False,True
서어진,9134,2,15,4,3,2,ROUGH,ROUGH,3,GREEN,GREEN,RECOVERY,2.9,11.5,False,5,1,False,True,False,True
서어진,9134,2,16,3,2,5,PENALTY_AREA,PENALTY_AREA,3,GREEN,GREEN,PENALTY_RESTART,3.5,18.0,False,4,1,False,True,False,
서어진,9134,2,17,4,2,1,FAIRWAY,FAIRWAY,3,GREEN,GREEN,NORMAL_APPROACH,3.2,136.0,True,4,0,True,False,False,True
서어진,9134,2,18,5,2,2,ROUGH,ROUGH,1,FAIRWAY,FAIRWAY,RECOVERY,180.8,287.9,False,6,1,False,True,False,False
서어진,9134,2,18,5,3,1,FAIRWAY,FAIRWAY,2,ROUGH,ROUGH,ADVANCE_LAYUP,22.5,180.8,False,6,1,False,True,False,False
서어진,9134,2,18,5,4,2,ROUGH,ROUGH,8,PENALTY_STROKE,LOST_BALL_PENALTY_RESTART,RECOVERY,21.7,22.5,False,6,1,False,True,False,False
서어진,9134,2,18,5,5,8,PENALTY_STROKE,LOST_BALL_PENALTY_RESTART,3,GREEN,GREEN,PENALTY_RESTART,2.7,21.7,False,6,1,False,True,False,False
서어진,9134,3,1,4,2,1,FAIRWAY,FAIRWAY,3,GREEN,GREEN,NORMAL_APPROACH,5.4,179.8,True,4,0,True,False,False,True
서어진,9134,3,2,3,2,2,ROUGH,ROUGH,3,GREEN,GREEN,RECOVERY,2.3,14.3,False,3,0,True,False,False,
서어진,9134,3,3,4,2,1,FAIRWAY,FAIRWAY,3,GREEN,GREEN,NORMAL_APPROACH,8.4,208.4,True,4,0,True,False,False,True
서어진,9134,3,4,5,2,1,FAIRWAY,FAIRWAY,1,FAIRWAY,FAIRWAY,ADVANCE_LAYUP,128.9,309.1,True,5,0,True,False,False,True
서어진,9134,3,4,5,3,1,FAIRWAY,FAIRWAY,3,GREEN,GREEN,NORMAL_APPROACH,5.7,128.9,True,5,0,True,False,False,True
서어진,9134,3,6,4,2,1,FAIRWAY,FAIRWAY,3,GREEN,GREEN,NORMAL_APPROACH,12.3,177.0,True,4,0,True,False,False,True
서어진,9134,3,7,5,2,1,FAIRWAY,FAIRWAY,1,FAIRWAY,FAIRWAY,ADVANCE_LAYUP,90.0,303.5,True,5,0,True,False,False,True
서어진,9134,3,7,5,3,1,FAIRWAY,FAIRWAY,3,GREEN,GREEN,NORMAL_APPROACH,3.9,90.0,True,5,0,True,False,False,True
서어진,9134,3,8,4,2,2,ROUGH,ROUGH,3,GREEN,GREEN,RECOVERY,15.0,134.8,True,4,0,True,False,False,False
서어진,9134,3,9,4,2,1,FAIRWAY,FAIRWAY,2,ROUGH,ROUGH,OTHER_UNRESOLVED,15.6,113.1,False,4,0,True,False,False,True
서어진,9134,3,9,4,3,2,ROUGH,ROUGH,3,GREEN,GREEN,RECOVERY,2.2,15.6,False,4,0,True,False,False,True
서어진,9134,3,10,5,2,2,ROUGH,ROUGH,1,FAIRWAY,FAIRWAY,RECOVERY,132.6,308.6,False,5,0,True,False,False,False
서어진,9134,3,10,5,3,1,FAIRWAY,FAIRWAY,12,FRINGE,FRINGE,NORMAL_APPROACH,13.4,132.6,False,5,0,True,False,False,False
서어진,9134,3,10,5,4,12,FRINGE,FRINGE,3,GREEN,GREEN,SHORT_GAME,0.9,13.4,False,5,0,True,False,False,False
서어진,9134,3,12,4,2,1,FAIRWAY,FAIRWAY,3,GREEN,GREEN,NORMAL_APPROACH,5.8,156.5,True,4,0,True,False,False,True
서어진,9134,3,13,4,2,1,FAIRWAY,FAIRWAY,12,FRINGE,FRINGE,NORMAL_APPROACH,7.7,130.9,False,5,1,False,True,False,True
서어진,9134,3,13,4,3,12,FRINGE,FRINGE,3,GREEN,GREEN,SHORT_GAME,1.0,7.7,False,5,1,False,True,False,True
서어진,9134,3,14,4,2,1,FAIRWAY,FAIRWAY,3,GREEN,GREEN,NORMAL_APPROACH,5.9,141.4,True,4,0,True,False,False,True
서어진,9134,3,15,4,2,1,FAIRWAY,FAIRWAY,2,ROUGH,ROUGH,OTHER_UNRESOLVED,13.5,180.7,False,4,0,True,False,False,True
서어진,9134,3,15,4,3,2,ROUGH,ROUGH,3,GREEN,GREEN,RECOVERY,1.3,13.5,False,4,0,True,False,False,True
서어진,9134,3,17,4,2,1,FAIRWAY,FAIRWAY,3,GREEN,GREEN,NORMAL_APPROACH,6.5,128.7,True,4,0,True,False,False,True
서어진,9134,3,18,5,2,1,FAIRWAY,FAIRWAY,1,FAIRWAY,FAIRWAY,ADVANCE_LAYUP,101.6,279.6,True,5,0,True,False,False,True
서어진,9134,3,18,5,3,1,FAIRWAY,FAIRWAY,3,GREEN,GREEN,NORMAL_APPROACH,7.5,101.6,True,5,0,True,False,False,True
서어진,9134,4,1,4,2,1,FAIRWAY,FAIRWAY,3,GREEN,GREEN,NORMAL_APPROACH,24.0,171.2,True,4,0,True,False,False,True
서어진,9134,4,3,4,2,2,ROUGH,ROUGH,2,ROUGH,ROUGH,RECOVERY,27.5,196.8,False,4,0,True,False,False,False
서어진,9134,4,3,4,3,2,ROUGH,ROUGH,3,GREEN,GREEN,RECOVERY,2.2,27.5,False,4,0,True,False,False,False
서어진,9134,4,4,5,2,1,FAIRWAY,FAIRWAY,1,FAIRWAY,FAIRWAY,ADVANCE_LAYUP,111.3,304.0,True,5,0,True,False,False,True
서어진,9134,4,4,5,3,1,FAIRWAY,FAIRWAY,3,GREEN,GREEN,NORMAL_APPROACH,2.1,111.3,True,5,0,True,False,False,True
서어진,9134,4,5,3,2,12,FRINGE,FRINGE,3,GREEN,GREEN,SHORT_GAME,0.8,9.9,False,3,0,True,False,False,
서어진,9134,4,6,4,2,1,FAIRWAY,FAIRWAY,3,GREEN,GREEN,NORMAL_APPROACH,6.9,145.7,True,4,0,True,False,False,True
서어진,9134,4,7,5,2,1,FAIRWAY,FAIRWAY,1,FAIRWAY,FAIRWAY,ADVANCE_LAYUP,101.1,296.6,True,5,0,True,False,False,True
서어진,9134,4,7,5,3,1,FAIRWAY,FAIRWAY,3,GREEN,GREEN,NORMAL_APPROACH,9.7,101.1,True,5,0,True,False,False,True
서어진,9134,4,8,4,2,1,FAIRWAY,FAIRWAY,3,GREEN,GREEN,NORMAL_APPROACH,6.6,139.1,True,4,0,True,False,False,True
서어진,9134,4,9,4,2,1,FAIRWAY,FAIRWAY,3,GREEN,GREEN,NORMAL_APPROACH,10.6,111.8,True,4,0,True,False,False,True
서어진,9134,4,10,5,2,1,FAIRWAY,FAIRWAY,1,FAIRWAY,FAIRWAY,ADVANCE_LAYUP,105.3,308.1,True,4,-1,True,False,False,True
서어진,9134,4,10,5,3,1,FAIRWAY,FAIRWAY,3,GREEN,GREEN,NORMAL_APPROACH,2.4,105.3,True,4,-1,True,False,False,True
서어진,9134,4,11,3,2,2,ROUGH,ROUGH,3,GREEN,GREEN,RECOVERY,1.6,11.4,False,3,0,True,False,False,
서어진,9134,4,12,4,2,2,ROUGH,ROUGH,2,ROUGH,ROUGH,RECOVERY,15.5,163.8,False,4,0,True,False,False,False
서어진,9134,4,12,4,3,2,ROUGH,ROUGH,3,GREEN,GREEN,RECOVERY,1.1,15.5,False,4,0,True,False,False,False
서어진,9134,4,13,4,2,1,FAIRWAY,FAIRWAY,3,GREEN,GREEN,NORMAL_APPROACH,6.3,126.9,True,4,0,True,False,False,True
서어진,9134,4,14,4,2,2,ROUGH,ROUGH,3,GREEN,GREEN,RECOVERY,3.1,139.5,True,3,-1,True,False,False,False
서어진,9134,4,15,4,2,2,ROUGH,ROUGH,8,PENALTY_STROKE,LOST_BALL_PENALTY_RESTART,RECOVERY,211.4,210.3,False,6,2,False,True,True,False
서어진,9134,4,15,4,3,8,PENALTY_STROKE,LOST_BALL_PENALTY_RESTART,1,FAIRWAY,FAIRWAY,PENALTY_RESTART,88.7,211.4,False,6,2,False,True,True,False
서어진,9134,4,15,4,4,1,FAIRWAY,FAIRWAY,3,GREEN,GREEN,NORMAL_APPROACH,10.3,88.7,False,6,2,False,True,True,False
서어진,9134,4,16,3,2,12,FRINGE,FRINGE,3,GREEN,GREEN,SHORT_GAME,1.6,9.4,False,3,0,True,False,False,
서어진,9134,4,17,4,2,1,FAIRWAY,FAIRWAY,3,GREEN,GREEN,NORMAL_APPROACH,14.9,129.5,True,5,1,False,True,False,True
서어진,9134,4,18,5,2,1,FAIRWAY,FAIRWAY,1,FAIRWAY,FAIRWAY,ADVANCE_LAYUP,91.2,283.2,True,6,1,False,True,False,True
서어진,9134,4,18,5,3,1,FAIRWAY,FAIRWAY,3,GREEN,GREEN,NORMAL_APPROACH,6.4,91.2,True,6,1,False,True,False,True
신다인,9135,1,1,4,2,2,ROUGH,ROUGH,3,GREEN,GREEN,RECOVERY,22.9,167.6,True,4,0,True,False,False,False
신다인,9135,1,2,3,2,2,ROUGH,ROUGH,3,GREEN,GREEN,RECOVERY,3.1,6.8,False,3,0,True,False,False,
신다인,9135,1,3,4,2,1,FAIRWAY,FAIRWAY,3,GREEN,GREEN,NORMAL_APPROACH,10.0,166.0,True,4,0,True,False,False,True
신다인,9135,1,4,5,2,2,ROUGH,ROUGH,1,FAIRWAY,FAIRWAY,RECOVERY,162.1,302.5,True,5,0,True,False,False,False
신다인,9135,1,4,5,3,1,FAIRWAY,FAIRWAY,3,GREEN,GREEN,NORMAL_APPROACH,6.9,162.1,True,5,0,True,False,False,False
신다인,9135,1,6,4,2,2,ROUGH,ROUGH,12,FRINGE,FRINGE,RECOVERY,17.1,150.8,False,5,1,False,True,False,False
신다인,9135,1,6,4,3,12,FRINGE,FRINGE,3,GREEN,GREEN,SHORT_GAME,3.0,17.1,False,5,1,False,True,False,False
신다인,9135,1,7,5,2,1,FAIRWAY,FAIRWAY,1,FAIRWAY,FAIRWAY,ADVANCE_LAYUP,63.9,277.5,True,5,0,True,False,False,True
신다인,9135,1,7,5,3,1,FAIRWAY,FAIRWAY,3,GREEN,GREEN,NORMAL_APPROACH,1.0,63.9,True,5,0,True,False,False,True
신다인,9135,1,8,4,2,1,FAIRWAY,FAIRWAY,3,GREEN,GREEN,NORMAL_APPROACH,20.3,139.1,True,4,0,True,False,False,True
신다인,9135,1,9,4,2,1,FAIRWAY,FAIRWAY,3,GREEN,GREEN,NORMAL_APPROACH,11.5,116.0,True,4,0,True,False,False,True
신다인,9135,1,10,5,2,2,ROUGH,ROUGH,2,ROUGH,ROUGH,RECOVERY,113.8,290.2,False,6,1,False,True,False,False
신다인,9135,1,10,5,3,2,ROUGH,ROUGH,2,ROUGH,ROUGH,RECOVERY,9.9,113.8,False,6,1,False,True,False,False
신다인,9135,1,10,5,4,2,ROUGH,ROUGH,3,GREEN,GREEN,RECOVERY,1.8,9.9,False,6,1,False,True,False,False
신다인,9135,1,11,3,2,2,ROUGH,ROUGH,3,GREEN,GREEN,RECOVERY,1.9,11.1,False,4,1,False,True,False,
신다인,9135,1,12,4,2,1,FAIRWAY,FAIRWAY,3,GREEN,GREEN,NORMAL_APPROACH,7.5,127.2,True,4,0,True,False,False,True
신다인,9135,1,13,4,2,2,ROUGH,ROUGH,3,GREEN,GREEN,RECOVERY,27.1,119.1,True,5,1,False,True,False,False
신다인,9135,1,14,4,2,1,FAIRWAY,FAIRWAY,3,GREEN,GREEN,NORMAL_APPROACH,7.6,133.8,True,3,-1,True,False,False,True
신다인,9135,1,15,4,2,2,ROUGH,ROUGH,12,FRINGE,FRINGE,RECOVERY,29.3,150.9,False,4,0,True,False,False,False
신다인,9135,1,15,4,3,12,FRINGE,FRINGE,3,GREEN,GREEN,SHORT_GAME,1.1,29.3,False,4,0,True,False,False,False
신다인,9135,1,17,4,2,2,ROUGH,ROUGH,9,GREENSIDE_BUNKER,GREENSIDE_BUNKER,RECOVERY,12.4,116.4,False,5,1,False,True,False,False
신다인,9135,1,17,4,3,9,GREENSIDE_BUNKER,GREENSIDE_BUNKER,3,GREEN,GREEN,RECOVERY,9.5,12.4,False,5,1,False,True,False,False
신다인,9135,1,18,5,2,1,FAIRWAY,FAIRWAY,2,ROUGH,ROUGH,ADVANCE_LAYUP,68.3,255.1,True,5,0,True,False,False,True
신다인,9135,1,18,5,3,2,ROUGH,ROUGH,3,GREEN,GREEN,RECOVERY,8.8,68.3,True,5,0,True,False,False,True
신다인,9135,2,1,4,2,2,ROUGH,ROUGH,2,ROUGH,ROUGH,RECOVERY,23.0,151.7,False,4,0,True,False,False,False
신다인,9135,2,1,4,3,2,ROUGH,ROUGH,3,GREEN,GREEN,RECOVERY,0.3,23.0,False,4,0,True,False,False,False
신다인,9135,2,3,4,2,1,FAIRWAY,FAIRWAY,2,ROUGH,ROUGH,OTHER_UNRESOLVED,15.0,182.2,False,4,0,True,False,False,True
신다인,9135,2,3,4,3,2,ROUGH,ROUGH,3,GREEN,GREEN,RECOVERY,2.1,15.0,False,4,0,True,False,False,True
신다인,9135,2,4,5,2,1,FAIRWAY,FAIRWAY,1,FAIRWAY,FAIRWAY,ADVANCE_LAYUP,92.0,294.8,True,5,0,True,False,False,True
신다인,9135,2,4,5,3,1,FAIRWAY,FAIRWAY,3,GREEN,GREEN,NORMAL_APPROACH,3.7,92.0,True,5,0,True,False,False,True
신다인,9135,2,5,3,2,2,ROUGH,ROUGH,3,GREEN,GREEN,RECOVERY,1.4,71.2,False,3,0,True,False,False,
신다인,9135,2,6,4,2,1,FAIRWAY,FAIRWAY,3,GREEN,GREEN,NORMAL_APPROACH,17.9,139.8,True,4,0,True,False,False,True
신다인,9135,2,7,5,2,2,ROUGH,ROUGH,1,FAIRWAY,FAIRWAY,RECOVERY,77.4,272.3,True,4,-1,True,False,False,False
신다인,9135,2,7,5,3,1,FAIRWAY,FAIRWAY,3,GREEN,GREEN,NORMAL_APPROACH,7.3,77.4,True,4,-1,True,False,False,False
신다인,9135,2,8,4,2,1,FAIRWAY,FAIRWAY,3,GREEN,GREEN,NORMAL_APPROACH,10.6,118.5,True,4,0,True,False,False,True
신다인,9135,2,9,4,2,2,ROUGH,ROUGH,3,GREEN,GREEN,RECOVERY,9.2,99.9,True,4,0,True,False,False,False
신다인,9135,2,10,5,2,1,FAIRWAY,FAIRWAY,6,BUNKER,BUNKER,ADVANCE_LAYUP,111.5,317.0,False,5,0,True,False,False,True
신다인,9135,2,10,5,3,6,BUNKER,BUNKER,2,ROUGH,ROUGH,RECOVERY,17.3,111.5,False,5,0,True,False,False,True
신다인,9135,2,10,5,4,2,ROUGH,ROUGH,3,GREEN,GREEN,RECOVERY,1.5,17.3,False,5,0,True,False,False,True
신다인,9135,2,11,3,2,2,ROUGH,ROUGH,3,GREEN,GREEN,RECOVERY,1.5,11.9,False,3,0,True,False,False,
신다인,9135,2,12,4,2,2,ROUGH,ROUGH,1,FAIRWAY,FAIRWAY,RECOVERY,137.5,166.9,False,5,1,False,True,False,False
신다인,9135,2,12,4,3,1,FAIRWAY,FAIRWAY,3,GREEN,GREEN,NORMAL_APPROACH,11.6,137.5,False,5,1,False,True,False,False
신다인,9135,2,13,4,2,2,ROUGH,ROUGH,1,FAIRWAY,FAIRWAY,RECOVERY,69.8,89.1,False,5,1,False,True,False,False
신다인,9135,2,13,4,3,1,FAIRWAY,FAIRWAY,3,GREEN,GREEN,NORMAL_APPROACH,8.8,69.8,False,5,1,False,True,False,False
신다인,9135,2,14,4,2,1,FAIRWAY,FAIRWAY,3,GREEN,GREEN,NORMAL_APPROACH,14.8,154.5,True,4,0,True,False,False,True
신다인,9135,2,15,4,2,2,ROUGH,ROUGH,3,GREEN,GREEN,RECOVERY,8.2,134.8,True,4,0,True,False,False,False
신다인,9135,2,17,4,2,6,BUNKER,BUNKER,12,FRINGE,FRINGE,RECOVERY,8.2,130.2,False,4,0,True,False,False,False
신다인,9135,2,17,4,3,12,FRINGE,FRINGE,3,GREEN,GREEN,SHORT_GAME,1.2,8.2,False,4,0,True,False,False,False
신다인,9135,2,18,5,2,2,ROUGH,ROUGH,2,ROUGH,ROUGH,RECOVERY,86.4,261.7,True,5,0,True,False,False,False
신다인,9135,2,18,5,3,2,ROUGH,ROUGH,3,GREEN,GREEN,RECOVERY,8.9,86.4,True,5,0,True,False,False,False
신다인,9135,3,1,4,2,1,FAIRWAY,FAIRWAY,12,FRINGE,FRINGE,NORMAL_APPROACH,9.7,149.9,False,5,1,False,True,False,True
신다인,9135,3,1,4,3,12,FRINGE,FRINGE,3,GREEN,GREEN,SHORT_GAME,3.2,9.7,False,5,1,False,True,False,True
신다인,9135,3,2,3,2,12,FRINGE,FRINGE,3,GREEN,GREEN,SHORT_GAME,1.1,23.9,False,3,0,True,False,False,
신다인,9135,3,3,4,2,1,FAIRWAY,FAIRWAY,12,FRINGE,FRINGE,NORMAL_APPROACH,10.8,177.2,False,4,0,True,False,False,True
신다인,9135,3,3,4,3,12,FRINGE,FRINGE,3,GREEN,GREEN,SHORT_GAME,0.6,10.8,False,4,0,True,False,False,True
신다인,9135,3,4,5,2,1,FAIRWAY,FAIRWAY,1,FAIRWAY,FAIRWAY,ADVANCE_LAYUP,77.6,288.9,True,5,0,True,False,False,True
신다인,9135,3,4,5,3,1,FAIRWAY,FAIRWAY,3,GREEN,GREEN,NORMAL_APPROACH,6.9,77.6,True,5,0,True,False,False,True
신다인,9135,3,6,4,2,1,FAIRWAY,FAIRWAY,3,GREEN,GREEN,NORMAL_APPROACH,10.1,163.2,True,4,0,True,False,False,True
신다인,9135,3,7,5,2,2,ROUGH,ROUGH,1,FAIRWAY,FAIRWAY,RECOVERY,112.0,291.4,True,5,0,True,False,False,False
신다인,9135,3,7,5,3,1,FAIRWAY,FAIRWAY,3,GREEN,GREEN,NORMAL_APPROACH,6.7,112.0,True,5,0,True,False,False,False
신다인,9135,3,8,4,2,1,FAIRWAY,FAIRWAY,3,GREEN,GREEN,NORMAL_APPROACH,14.8,125.4,True,4,0,True,False,False,True
신다인,9135,3,9,4,2,2,ROUGH,ROUGH,12,FRINGE,FRINGE,RECOVERY,8.5,119.1,False,4,0,True,False,False,False
신다인,9135,3,9,4,3,12,FRINGE,FRINGE,3,GREEN,GREEN,SHORT_GAME,1.9,8.5,False,4,0,True,False,False,False
신다인,9135,3,10,5,2,1,FAIRWAY,FAIRWAY,2,ROUGH,ROUGH,ADVANCE_LAYUP,114.0,307.5,False,6,1,False,True,False,True
신다인,9135,3,10,5,3,2,ROUGH,ROUGH,2,ROUGH,ROUGH,RECOVERY,18.3,114.0,False,6,1,False,True,False,True
신다인,9135,3,10,5,4,2,ROUGH,ROUGH,3,GREEN,GREEN,RECOVERY,6.6,18.3,False,6,1,False,True,False,True
신다인,9135,3,12,4,2,2,ROUGH,ROUGH,2,ROUGH,ROUGH,RECOVERY,14.7,137.7,False,4,0,True,False,False,False
신다인,9135,3,12,4,3,2,ROUGH,ROUGH,3,GREEN,GREEN,RECOVERY,0.9,14.7,False,4,0,True,False,False,False
신다인,9135,3,13,4,2,1,FAIRWAY,FAIRWAY,12,FRINGE,FRINGE,NORMAL_APPROACH,9.0,116.5,False,4,0,True,False,False,True
신다인,9135,3,13,4,3,12,FRINGE,FRINGE,3,GREEN,GREEN,SHORT_GAME,0.5,9.0,False,4,0,True,False,False,True
신다인,9135,3,14,4,2,2,ROUGH,ROUGH,12,FRINGE,FRINGE,RECOVERY,19.3,133.1,False,4,0,True,False,False,False
신다인,9135,3,14,4,3,12,FRINGE,FRINGE,3,GREEN,GREEN,SHORT_GAME,0.3,19.3,False,4,0,True,False,False,False
신다인,9135,3,15,4,2,1,FAIRWAY,FAIRWAY,2,ROUGH,ROUGH,OTHER_UNRESOLVED,15.1,160.5,False,5,1,False,True,False,True
신다인,9135,3,15,4,3,2,ROUGH,ROUGH,3,GREEN,GREEN,RECOVERY,3.2,15.1,False,5,1,False,True,False,True
신다인,9135,3,17,4,2,6,BUNKER,BUNKER,3,GREEN,GREEN,RECOVERY,9.2,115.0,True,4,0,True,False,False,False
신다인,9135,3,18,5,2,2,ROUGH,ROUGH,5,PENALTY_AREA,PENALTY_AREA,RECOVERY,0.0,266.6,False,6,1,False,True,False,False
신다인,9135,3,18,5,3,5,PENALTY_AREA,PENALTY_AREA,8,PENALTY_STROKE,LOST_BALL_PENALTY_RESTART,PENALTY_RESTART,130.7,0.0,False,6,1,False,True,False,False
신다인,9135,3,18,5,4,8,PENALTY_STROKE,LOST_BALL_PENALTY_RESTART,12,FRINGE,FRINGE,PENALTY_RESTART,11.5,130.7,False,6,1,False,True,False,False
신다인,9135,3,18,5,5,12,FRINGE,FRINGE,3,GREEN,GREEN,SHORT_GAME,0.7,11.5,False,6,1,False,True,False,False
신다인,9135,4,1,4,2,1,FAIRWAY,FAIRWAY,12,FRINGE,FRINGE,NORMAL_APPROACH,9.8,164.8,False,4,0,True,False,False,True
신다인,9135,4,1,4,3,12,FRINGE,FRINGE,3,GREEN,GREEN,SHORT_GAME,0.5,9.8,False,4,0,True,False,False,True
신다인,9135,4,3,4,2,1,FAIRWAY,FAIRWAY,3,GREEN,GREEN,NORMAL_APPROACH,9.2,167.5,True,4,0,True,False,False,True
신다인,9135,4,4,5,2,1,FAIRWAY,FAIRWAY,1,FAIRWAY,FAIRWAY,ADVANCE_LAYUP,102.3,283.3,True,4,-1,True,False,False,True
신다인,9135,4,4,5,3,1,FAIRWAY,FAIRWAY,3,GREEN,GREEN,NORMAL_APPROACH,0.4,102.3,True,4,-1,True,False,False,True
신다인,9135,4,6,4,2,1,FAIRWAY,FAIRWAY,3,GREEN,GREEN,NORMAL_APPROACH,2.7,128.9,True,4,0,True,False,False,True
신다인,9135,4,7,5,2,1,FAIRWAY,FAIRWAY,2,ROUGH,ROUGH,ADVANCE_LAYUP,90.8,274.0,True,4,-1,True,False,False,True
신다인,9135,4,7,5,3,2,ROUGH,ROUGH,3,GREEN,GREEN,RECOVERY,1.4,90.8,True,4,-1,True,False,False,True
신다인,9135,4,8,4,2,1,FAIRWAY,FAIRWAY,3,GREEN,GREEN,NORMAL_APPROACH,1.6,105.1,True,4,0,True,False,False,True
신다인,9135,4,9,4,2,2,ROUGH,ROUGH,3,GREEN,GREEN,RECOVERY,7.7,98.8,True,4,0,True,False,False,False
신다인,9135,4,10,5,2,1,FAIRWAY,FAIRWAY,2,ROUGH,ROUGH,ADVANCE_LAYUP,104.0,297.6,False,6,1,False,True,False,True
신다인,9135,4,10,5,3,2,ROUGH,ROUGH,2,ROUGH,ROUGH,RECOVERY,25.0,104.0,False,6,1,False,True,False,True
신다인,9135,4,10,5,4,2,ROUGH,ROUGH,3,GREEN,GREEN,RECOVERY,1.5,25.0,False,6,1,False,True,False,True
신다인,9135,4,12,4,2,1,FAIRWAY,FAIRWAY,2,ROUGH,ROUGH,OTHER_UNRESOLVED,8.9,123.8,False,4,0,True,False,False,True
신다인,9135,4,12,4,3,2,ROUGH,ROUGH,3,GREEN,GREEN,RECOVERY,1.2,8.9,False,4,0,True,False,False,True
신다인,9135,4,13,4,2,1,FAIRWAY,FAIRWAY,3,GREEN,GREEN,NORMAL_APPROACH,8.0,112.6,True,4,0,True,False,False,True
신다인,9135,4,14,4,2,1,FAIRWAY,FAIRWAY,3,GREEN,GREEN,NORMAL_APPROACH,1.2,128.3,True,3,-1,True,False,False,True
신다인,9135,4,15,4,2,1,FAIRWAY,FAIRWAY,3,GREEN,GREEN,NORMAL_APPROACH,11.8,158.9,True,4,0,True,False,False,True
신다인,9135,4,17,4,2,1,FAIRWAY,FAIRWAY,3,GREEN,GREEN,NORMAL_APPROACH,9.3,116.2,True,4,0,True,False,False,True
신다인,9135,4,18,5,2,1,FAIRWAY,FAIRWAY,1,FAIRWAY,FAIRWAY,ADVANCE_LAYUP,107.1,271.4,False,6,1,False,True,False,True
신다인,9135,4,18,5,3,1,FAIRWAY,FAIRWAY,2,ROUGH,ROUGH,ADVANCE_LAYUP,11.5,107.1,False,6,1,False,True,False,True
신다인,9135,4,18,5,4,2,ROUGH,ROUGH,12,FRINGE,FRINGE,RECOVERY,7.4,11.5,False,6,1,False,True,False,True
신다인,9135,4,18,5,5,12,FRINGE,FRINGE,3,GREEN,GREEN,SHORT_GAME,0.5,7.4,False,6,1,False,True,False,True
조혜림,9136,1,1,4,2,1,FAIRWAY,FAIRWAY,12,FRINGE,FRINGE,NORMAL_APPROACH,6.1,185.9,False,4,0,True,False,False,True
조혜림,9136,1,1,4,3,12,FRINGE,FRINGE,3,GREEN,GREEN,SHORT_GAME,0.4,6.1,False,4,0,True,False,False,True
조혜림,9136,1,2,3,2,5,PENALTY_AREA,PENALTY_AREA,8,PENALTY_STROKE,LOST_BALL_PENALTY_RESTART,PENALTY_RESTART,127.1,0.0,False,5,2,False,True,True,
조혜림,9136,1,2,3,3,8,PENALTY_STROKE,LOST_BALL_PENALTY_RESTART,3,GREEN,GREEN,PENALTY_RESTART,7.2,127.1,False,5,2,False,True,True,
조혜림,9136,1,3,4,2,1,FAIRWAY,FAIRWAY,2,ROUGH,ROUGH,OTHER_UNRESOLVED,11.0,189.1,False,4,0,True,False,False,True
조혜림,9136,1,3,4,3,2,ROUGH,ROUGH,3,GREEN,GREEN,RECOVERY,1.4,11.0,False,4,0,True,False,False,True
조혜림,9136,1,4,5,2,2,ROUGH,ROUGH,1,FAIRWAY,FAIRWAY,RECOVERY,179.1,309.9,False,6,1,False,True,False,False
조혜림,9136,1,4,5,3,1,FAIRWAY,FAIRWAY,2,ROUGH,ROUGH,ADVANCE_LAYUP,21.9,179.1,False,6,1,False,True,False,False
조혜림,9136,1,4,5,4,2,ROUGH,ROUGH,3,GREEN,GREEN,RECOVERY,6.0,21.9,False,6,1,False,True,False,False
조혜림,9136,1,6,4,2,1,FAIRWAY,FAIRWAY,3,GREEN,GREEN,NORMAL_APPROACH,15.2,184.5,True,4,0,True,False,False,True
조혜림,9136,1,7,5,2,1,FAIRWAY,FAIRWAY,1,FAIRWAY,FAIRWAY,ADVANCE_LAYUP,105.1,268.4,True,5,0,True,False,False,True
조혜림,9136,1,7,5,3,1,FAIRWAY,FAIRWAY,3,GREEN,GREEN,NORMAL_APPROACH,3.7,105.1,True,5,0,True,False,False,True
조혜림,9136,1,8,4,2,1,FAIRWAY,FAIRWAY,2,ROUGH,ROUGH,OTHER_UNRESOLVED,20.8,175.5,False,5,1,False,True,False,True
조혜림,9136,1,8,4,3,2,ROUGH,ROUGH,3,GREEN,GREEN,RECOVERY,1.7,20.8,False,5,1,False,True,False,True
조혜림,9136,1,9,4,2,2,ROUGH,ROUGH,3,GREEN,GREEN,RECOVERY,10.1,136.9,True,4,0,True,False,False,False
조혜림,9136,1,10,5,2,1,FAIRWAY,FAIRWAY,1,FAIRWAY,FAIRWAY,ADVANCE_LAYUP,107.2,308.1,True,5,0,True,False,False,True
조혜림,9136,1,10,5,3,1,FAIRWAY,FAIRWAY,3,GREEN,GREEN,NORMAL_APPROACH,2.0,107.2,True,5,0,True,False,False,True
조혜림,9136,1,11,3,2,9,GREENSIDE_BUNKER,GREENSIDE_BUNKER,3,GREEN,GREEN,RECOVERY,3.6,20.0,False,4,1,False,True,False,
조혜림,9136,1,12,4,2,1,FAIRWAY,FAIRWAY,3,GREEN,GREEN,NORMAL_APPROACH,7.7,160.3,True,4,0,True,False,False,True
조혜림,9136,1,13,4,2,1,FAIRWAY,FAIRWAY,3,GREEN,GREEN,NORMAL_APPROACH,0.8,118.1,True,3,-1,True,False,False,True
조혜림,9136,1,14,4,2,1,FAIRWAY,FAIRWAY,2,ROUGH,ROUGH,OTHER_UNRESOLVED,19.3,141.3,False,5,1,False,True,False,True
조혜림,9136,1,14,4,3,2,ROUGH,ROUGH,3,GREEN,GREEN,RECOVERY,1.4,19.3,False,5,1,False,True,False,True
조혜림,9136,1,15,4,2,1,FAIRWAY,FAIRWAY,2,ROUGH,ROUGH,OTHER_UNRESOLVED,28.2,167.7,False,5,1,False,True,False,True
조혜림,9136,1,15,4,3,2,ROUGH,ROUGH,3,GREEN,GREEN,RECOVERY,11.8,28.2,False,5,1,False,True,False,True
조혜림,9136,1,17,4,2,1,FAIRWAY,FAIRWAY,3,GREEN,GREEN,NORMAL_APPROACH,7.7,139.7,True,4,0,True,False,False,True
조혜림,9136,1,18,5,2,1,FAIRWAY,FAIRWAY,1,FAIRWAY,FAIRWAY,ADVANCE_LAYUP,91.9,276.2,True,6,1,False,True,False,True
조혜림,9136,1,18,5,3,1,FAIRWAY,FAIRWAY,3,GREEN,GREEN,NORMAL_APPROACH,8.2,91.9,True,6,1,False,True,False,True
조혜림,9136,2,1,4,2,2,ROUGH,ROUGH,3,GREEN,GREEN,RECOVERY,22.1,157.1,True,5,1,False,True,False,False
조혜림,9136,2,3,4,2,1,FAIRWAY,FAIRWAY,2,ROUGH,ROUGH,OTHER_UNRESOLVED,25.4,198.0,False,5,1,False,True,False,True
조혜림,9136,2,3,4,3,2,ROUGH,ROUGH,3,GREEN,GREEN,RECOVERY,5.6,25.4,False,5,1,False,True,False,True
조혜림,9136,2,4,5,2,1,FAIRWAY,FAIRWAY,2,ROUGH,ROUGH,ADVANCE_LAYUP,101.5,305.6,True,5,0,True,False,False,True
조혜림,9136,2,4,5,3,2,ROUGH,ROUGH,3,GREEN,GREEN,RECOVERY,4.7,101.5,True,5,0,True,False,False,True
조혜림,9136,2,6,4,2,1,FAIRWAY,FAIRWAY,12,FRINGE,FRINGE,NORMAL_APPROACH,11.3,167.6,False,3,-1,True,False,False,True
조혜림,9136,2,6,4,3,12,FRINGE,FRINGE,10,HOLED,HOLED,SHORT_GAME,0.0,11.3,False,3,-1,True,False,False,True
조혜림,9136,2,7,5,2,1,FAIRWAY,FAIRWAY,1,FAIRWAY,FAIRWAY,ADVANCE_LAYUP,87.6,301.1,True,6,1,False,True,False,True
조혜림,9136,2,7,5,3,1,FAIRWAY,FAIRWAY,3,GREEN,GREEN,NORMAL_APPROACH,20.9,87.6,True,6,1,False,True,False,True
조혜림,9136,2,8,4,2,2,ROUGH,ROUGH,5,PENALTY_AREA,PENALTY_AREA,RECOVERY,0.0,150.3,False,8,4,False,True,True,False
조혜림,9136,2,8,4,3,5,PENALTY_AREA,PENALTY_AREA,8,PENALTY_STROKE,LOST_BALL_PENALTY_RESTART,PENALTY_RESTART,92.9,0.0,False,8,4,False,True,True,False
조혜림,9136,2,8,4,4,8,PENALTY_STROKE,LOST_BALL_PENALTY_RESTART,5,PENALTY_AREA,PENALTY_AREA,PENALTY_RESTART,0.0,92.9,False,8,4,False,True,True,False
조혜림,9136,2,8,4,5,5,PENALTY_AREA,PENALTY_AREA,8,PENALTY_STROKE,LOST_BALL_PENALTY_RESTART,PENALTY_RESTART,92.7,0.0,False,8,4,False,True,True,False
조혜림,9136,2,8,4,6,8,PENALTY_STROKE,LOST_BALL_PENALTY_RESTART,3,GREEN,GREEN,PENALTY_RESTART,5.5,92.7,False,8,4,False,True,True,False
조혜림,9136,2,9,4,2,2,ROUGH,ROUGH,2,ROUGH,ROUGH,RECOVERY,25.9,129.7,False,5,1,False,True,False,False
조혜림,9136,2,9,4,3,2,ROUGH,ROUGH,12,FRINGE,FRINGE,RECOVERY,7.4,25.9,False,5,1,False,True,False,False
조혜림,9136,2,9,4,4,12,FRINGE,FRINGE,3,GREEN,GREEN,SHORT_GAME,0.5,7.4,False,5,1,False,True,False,False
조혜림,9136,2,10,5,2,1,FAIRWAY,FAIRWAY,2,ROUGH,ROUGH,ADVANCE_LAYUP,112.9,327.0,False,5,0,True,False,False,True
조혜림,9136,2,10,5,3,2,ROUGH,ROUGH,12,FRINGE,FRINGE,RECOVERY,11.7,112.9,False,5,0,True,False,False,True
조혜림,9136,2,10,5,4,12,FRINGE,FRINGE,3,GREEN,GREEN,SHORT_GAME,2.7,11.7,False,5,0,True,False,False,True
조혜림,9136,2,11,3,2,2,ROUGH,ROUGH,3,GREEN,GREEN,RECOVERY,7.5,10.5,False,4,1,False,True,False,
조혜림,9136,2,12,4,2,1,FAIRWAY,FAIRWAY,3,GREEN,GREEN,NORMAL_APPROACH,12.5,176.0,True,4,0,True,False,False,True
조혜림,9136,2,13,4,2,1,FAIRWAY,FAIRWAY,3,GREEN,GREEN,NORMAL_APPROACH,9.9,122.0,True,4,0,True,False,False,True
조혜림,9136,2,14,4,2,1,FAIRWAY,FAIRWAY,3,GREEN,GREEN,NORMAL_APPROACH,20.5,155.4,True,4,0,True,False,False,True
조혜림,9136,2,15,4,2,1,FAIRWAY,FAIRWAY,2,ROUGH,ROUGH,OTHER_UNRESOLVED,29.5,159.9,False,5,1,False,True,False,True
조혜림,9136,2,15,4,3,2,ROUGH,ROUGH,3,GREEN,GREEN,RECOVERY,2.1,29.5,False,5,1,False,True,False,True
조혜림,9136,2,17,4,2,2,ROUGH,ROUGH,2,ROUGH,ROUGH,RECOVERY,19.2,150.1,False,5,1,False,True,False,False
조혜림,9136,2,17,4,3,2,ROUGH,ROUGH,3,GREEN,GREEN,RECOVERY,2.5,19.2,False,5,1,False,True,False,False
조혜림,9136,2,18,5,2,1,FAIRWAY,FAIRWAY,1,FAIRWAY,FAIRWAY,ADVANCE_LAYUP,73.5,279.0,True,5,0,True,False,False,True
조혜림,9136,2,18,5,3,1,FAIRWAY,FAIRWAY,3,GREEN,GREEN,NORMAL_APPROACH,5.1,73.5,True,5,0,True,False,False,True
임희정,9145,1,1,4,2,1,FAIRWAY,FAIRWAY,3,GREEN,GREEN,NORMAL_APPROACH,11.2,175.9,True,4,0,True,False,False,True
임희정,9145,1,2,3,2,2,ROUGH,ROUGH,3,GREEN,GREEN,RECOVERY,0.3,8.9,False,3,0,True,False,False,
임희정,9145,1,3,4,2,1,FAIRWAY,FAIRWAY,3,GREEN,GREEN,NORMAL_APPROACH,10.8,190.3,True,4,0,True,False,False,True
임희정,9145,1,4,5,2,1,FAIRWAY,FAIRWAY,2,ROUGH,ROUGH,ADVANCE_LAYUP,110.4,298.2,False,6,1,False,True,False,True
임희정,9145,1,4,5,3,2,ROUGH,ROUGH,2,ROUGH,ROUGH,RECOVERY,23.3,110.4,False,6,1,False,True,False,True
임희정,9145,1,4,5,4,2,ROUGH,ROUGH,3,GREEN,GREEN,RECOVERY,3.5,23.3,False,6,1,False,True,False,True
임희정,9145,1,6,4,2,2,ROUGH,ROUGH,3,GREEN,GREEN,RECOVERY,6.5,174.7,True,4,0,True,False,False,False
임희정,9145,1,7,5,2,1,FAIRWAY,FAIRWAY,2,ROUGH,ROUGH,ADVANCE_LAYUP,87.1,279.3,False,6,1,False,True,False,True
임희정,9145,1,7,5,3,2,ROUGH,ROUGH,2,ROUGH,ROUGH,RECOVERY,8.6,87.1,False,6,1,False,True,False,True
임희정,9145,1,7,5,4,2,ROUGH,ROUGH,3,GREEN,GREEN,RECOVERY,1.1,8.6,False,6,1,False,True,False,True
임희정,9145,1,8,4,2,1,FAIRWAY,FAIRWAY,3,GREEN,GREEN,NORMAL_APPROACH,14.7,148.4,True,4,0,True,False,False,True
임희정,9145,1,9,4,2,2,ROUGH,ROUGH,3,GREEN,GREEN,RECOVERY,5.6,136.6,True,4,0,True,False,False,False
임희정,9145,1,10,5,2,1,FAIRWAY,FAIRWAY,2,ROUGH,ROUGH,ADVANCE_LAYUP,111.4,303.4,False,6,1,False,True,False,True
임희정,9145,1,10,5,3,2,ROUGH,ROUGH,9,GREENSIDE_BUNKER,GREENSIDE_BUNKER,RECOVERY,13.9,111.4,False,6,1,False,True,False,True
임희정,9145,1,10,5,4,9,GREENSIDE_BUNKER,GREENSIDE_BUNKER,3,GREEN,GREEN,RECOVERY,1.0,13.9,False,6,1,False,True,False,True
임희정,9145,1,12,4,2,1,FAIRWAY,FAIRWAY,9,GREENSIDE_BUNKER,GREENSIDE_BUNKER,OTHER_UNRESOLVED,20.5,219.9,False,5,1,False,True,False,True
임희정,9145,1,12,4,3,9,GREENSIDE_BUNKER,GREENSIDE_BUNKER,3,GREEN,GREEN,RECOVERY,3.9,20.5,False,5,1,False,True,False,True
임희정,9145,1,13,4,2,1,FAIRWAY,FAIRWAY,3,GREEN,GREEN,NORMAL_APPROACH,14.9,117.5,True,4,0,True,False,False,True
임희정,9145,1,14,4,2,1,FAIRWAY,FAIRWAY,12,FRINGE,FRINGE,NORMAL_APPROACH,18.6,146.6,False,4,0,True,False,False,True
임희정,9145,1,14,4,3,12,FRINGE,FRINGE,3,GREEN,GREEN,SHORT_GAME,0.5,18.6,False,4,0,True,False,False,True
임희정,9145,1,15,4,2,1,FAIRWAY,FAIRWAY,3,GREEN,GREEN,NORMAL_APPROACH,12.7,146.1,True,4,0,True,False,False,True
임희정,9145,1,16,3,2,2,ROUGH,ROUGH,3,GREEN,GREEN,RECOVERY,0.4,11.6,False,3,0,True,False,False,
임희정,9145,1,17,4,2,1,FAIRWAY,FAIRWAY,3,GREEN,GREEN,NORMAL_APPROACH,8.9,134.7,True,4,0,True,False,False,True
임희정,9145,1,18,5,2,2,ROUGH,ROUGH,1,FAIRWAY,FAIRWAY,RECOVERY,127.2,287.7,True,4,-1,True,False,False,False
임희정,9145,1,18,5,3,1,FAIRWAY,FAIRWAY,3,GREEN,GREEN,NORMAL_APPROACH,4.4,127.2,True,4,-1,True,False,False,False
임희정,9145,2,1,4,2,2,ROUGH,ROUGH,2,ROUGH,ROUGH,RECOVERY,10.2,162.3,False,6,2,False,True,True,False
임희정,9145,2,1,4,3,2,ROUGH,ROUGH,12,FRINGE,FRINGE,RECOVERY,22.6,10.2,False,6,2,False,True,True,False
임희정,9145,2,1,4,4,12,FRINGE,FRINGE,3,GREEN,GREEN,SHORT_GAME,1.8,22.6,False,6,2,False,True,True,False
임희정,9145,2,3,4,2,1,FAIRWAY,FAIRWAY,2,ROUGH,ROUGH,OTHER_UNRESOLVED,21.2,197.0,False,5,1,False,True,False,True
임희정,9145,2,3,4,3,2,ROUGH,ROUGH,3,GREEN,GREEN,RECOVERY,8.5,21.2,False,5,1,False,True,False,True
임희정,9145,2,4,5,2,1,FAIRWAY,FAIRWAY,1,FAIRWAY,FAIRWAY,ADVANCE_LAYUP,107.5,304.0,False,5,0,True,False,False,True
임희정,9145,2,4,5,3,1,FAIRWAY,FAIRWAY,2,ROUGH,ROUGH,ADVANCE_LAYUP,19.1,107.5,False,5,0,True,False,False,True
임희정,9145,2,4,5,4,2,ROUGH,ROUGH,3,GREEN,GREEN,RECOVERY,0.5,19.1,False,5,0,True,False,False,True
임희정,9145,2,5,3,2,2,ROUGH,ROUGH,12,FRINGE,FRINGE,RECOVERY,7.6,11.6,False,4,1,False,True,False,
임희정,9145,2,5,3,3,12,FRINGE,FRINGE,3,GREEN,GREEN,SHORT_GAME,1.1,7.6,False,4,1,False,True,False,
임희정,9145,2,6,4,2,1,FAIRWAY,FAIRWAY,9,GREENSIDE_BUNKER,GREENSIDE_BUNKER,OTHER_UNRESOLVED,21.9,155.0,False,5,1,False,True,False,True
임희정,9145,2,6,4,3,9,GREENSIDE_BUNKER,GREENSIDE_BUNKER,3,GREEN,GREEN,RECOVERY,4.6,21.9,False,5,1,False,True,False,True
임희정,9145,2,7,5,2,1,FAIRWAY,FAIRWAY,1,FAIRWAY,FAIRWAY,ADVANCE_LAYUP,81.9,298.8,True,5,0,True,False,False,True
임희정,9145,2,7,5,3,1,FAIRWAY,FAIRWAY,3,GREEN,GREEN,NORMAL_APPROACH,6.0,81.9,True,5,0,True,False,False,True
임희정,9145,2,8,4,2,2,ROUGH,ROUGH,12,FRINGE,FRINGE,RECOVERY,6.1,142.1,False,3,-1,True,False,False,False
임희정,9145,2,8,4,3,12,FRINGE,FRINGE,10,HOLED,HOLED,SHORT_GAME,0.0,6.1,False,3,-1,True,False,False,False
임희정,9145,2,9,4,2,2,ROUGH,ROUGH,3,GREEN,GREEN,RECOVERY,8.2,135.6,True,4,0,True,False,False,False
임희정,9145,2,10,5,2,1,FAIRWAY,FAIRWAY,2,ROUGH,ROUGH,ADVANCE_LAYUP,109.1,324.3,True,5,0,True,False,False,True
임희정,9145,2,10,5,3,2,ROUGH,ROUGH,3,GREEN,GREEN,RECOVERY,5.0,109.1,True,5,0,True,False,False,True
임희정,9145,2,12,4,2,2,ROUGH,ROUGH,8,PENALTY_STROKE,LOST_BALL_PENALTY_RESTART,RECOVERY,395.5,282.8,False,7,3,False,True,True,False
임희정,9145,2,12,4,3,8,PENALTY_STROKE,LOST_BALL_PENALTY_RESTART,2,ROUGH,ROUGH,PENALTY_RESTART,201.9,395.5,False,7,3,False,True,True,False
임희정,9145,2,12,4,4,2,ROUGH,ROUGH,2,ROUGH,ROUGH,RECOVERY,110.9,201.9,False,7,3,False,True,True,False
임희정,9145,2,12,4,5,2,ROUGH,ROUGH,2,ROUGH,ROUGH,RECOVERY,12.0,110.9,False,7,3,False,True,True,False
임희정,9145,2,12,4,6,2,ROUGH,ROUGH,3,GREEN,GREEN,RECOVERY,1.3,12.0,False,7,3,False,True,True,False
임희정,9145,2,13,4,2,2,ROUGH,ROUGH,3,GREEN,GREEN,RECOVERY,8.9,97.7,True,4,0,True,False,False,False
임희정,9145,2,14,4,2,1,FAIRWAY,FAIRWAY,12,FRINGE,FRINGE,NORMAL_APPROACH,6.5,150.3,False,4,0,True,False,False,True
임희정,9145,2,14,4,3,12,FRINGE,FRINGE,3,GREEN,GREEN,SHORT_GAME,0.2,6.5,False,4,0,True,False,False,True
임희정,9145,2,15,4,2,1,FAIRWAY,FAIRWAY,2,ROUGH,ROUGH,OTHER_UNRESOLVED,16.1,151.3,False,5,1,False,True,False,True
임희정,9145,2,15,4,3,2,ROUGH,ROUGH,3,GREEN,GREEN,RECOVERY,1.9,16.1,False,5,1,False,True,False,True
임희정,9145,2,17,4,2,1,FAIRWAY,FAIRWAY,3,GREEN,GREEN,NORMAL_APPROACH,14.2,140.9,True,4,0,True,False,False,True
임희정,9145,2,18,5,2,1,FAIRWAY,FAIRWAY,2,ROUGH,ROUGH,ADVANCE_LAYUP,92.8,278.8,True,5,0,True,False,False,True
임희정,9145,2,18,5,3,2,ROUGH,ROUGH,3,GREEN,GREEN,RECOVERY,12.6,92.8,True,5,0,True,False,False,True
임희정,9145,3,1,4,2,2,ROUGH,ROUGH,3,GREEN,GREEN,RECOVERY,13.5,165.4,True,5,1,False,True,False,False
임희정,9145,3,3,4,2,1,FAIRWAY,FAIRWAY,12,FRINGE,FRINGE,NORMAL_APPROACH,5.2,193.2,False,4,0,True,False,False,True
임희정,9145,3,3,4,3,12,FRINGE,FRINGE,3,GREEN,GREEN,SHORT_GAME,0.8,5.2,False,4,0,True,False,False,True
임희정,9145,3,4,5,2,1,FAIRWAY,FAIRWAY,1,FAIRWAY,FAIRWAY,ADVANCE_LAYUP,82.1,291.5,True,5,0,True,False,False,True
임희정,9145,3,4,5,3,1,FAIRWAY,FAIRWAY,3,GREEN,GREEN,NORMAL_APPROACH,5.8,82.1,True,5,0,True,False,False,True
임희정,9145,3,5,3,2,12,FRINGE,FRINGE,3,GREEN,GREEN,SHORT_GAME,1.5,17.6,False,3,0,True,False,False,
임희정,9145,3,6,4,2,1,FAIRWAY,FAIRWAY,3,GREEN,GREEN,NORMAL_APPROACH,6.5,166.6,True,3,-1,True,False,False,True
임희정,9145,3,7,5,2,1,FAIRWAY,FAIRWAY,1,FAIRWAY,FAIRWAY,ADVANCE_LAYUP,101.9,296.5,True,5,0,True,False,False,True
임희정,9145,3,7,5,3,1,FAIRWAY,FAIRWAY,3,GREEN,GREEN,NORMAL_APPROACH,15.9,101.9,True,5,0,True,False,False,True
임희정,9145,3,8,4,2,2,ROUGH,ROUGH,5,PENALTY_AREA,PENALTY_AREA,RECOVERY,0.0,124.9,False,5,1,False,True,False,False
임희정,9145,3,8,4,3,5,PENALTY_AREA,PENALTY_AREA,8,PENALTY_STROKE,LOST_BALL_PENALTY_RESTART,PENALTY_RESTART,61.0,0.0,False,5,1,False,True,False,False
임희정,9145,3,8,4,4,8,PENALTY_STROKE,LOST_BALL_PENALTY_RESTART,3,GREEN,GREEN,PENALTY_RESTART,0.4,61.0,False,5,1,False,True,False,False
임희정,9145,3,9,4,2,1,FAIRWAY,FAIRWAY,3,GREEN,GREEN,NORMAL_APPROACH,6.4,106.6,True,4,0,True,False,False,True
임희정,9145,3,10,5,2,2,ROUGH,ROUGH,2,ROUGH,ROUGH,RECOVERY,119.7,318.9,False,5,0,True,False,False,False
임희정,9145,3,10,5,3,2,ROUGH,ROUGH,12,FRINGE,FRINGE,RECOVERY,19.7,119.7,False,5,0,True,False,False,False
임희정,9145,3,10,5,4,12,FRINGE,FRINGE,3,GREEN,GREEN,SHORT_GAME,1.8,19.7,False,5,0,True,False,False,False
임희정,9145,3,12,4,2,2,ROUGH,ROUGH,3,GREEN,GREEN,RECOVERY,6.3,150.3,True,4,0,True,False,False,False
임희정,9145,3,13,4,2,1,FAIRWAY,FAIRWAY,3,GREEN,GREEN,NORMAL_APPROACH,2.9,133.5,True,4,0,True,False,False,True
임희정,9145,3,14,4,2,2,ROUGH,ROUGH,2,ROUGH,ROUGH,RECOVERY,24.1,173.4,False,5,1,False,True,False,False
임희정,9145,3,14,4,3,2,ROUGH,ROUGH,3,GREEN,GREEN,RECOVERY,1.4,24.1,False,5,1,False,True,False,False
임희정,9145,3,15,4,2,1,FAIRWAY,FAIRWAY,3,GREEN,GREEN,NORMAL_APPROACH,16.8,184.4,True,4,0,True,False,False,True
임희정,9145,3,17,4,2,1,FAIRWAY,FAIRWAY,2,ROUGH,ROUGH,OTHER_UNRESOLVED,15.3,130.0,False,4,0,True,False,False,True
임희정,9145,3,17,4,3,2,ROUGH,ROUGH,3,GREEN,GREEN,RECOVERY,1.1,15.3,False,4,0,True,False,False,True
임희정,9145,3,18,5,2,2,ROUGH,ROUGH,1,FAIRWAY,FAIRWAY,RECOVERY,147.1,286.9,True,5,0,True,False,False,False
임희정,9145,3,18,5,3,1,FAIRWAY,FAIRWAY,3,GREEN,GREEN,NORMAL_APPROACH,6.7,147.1,True,5,0,True,False,False,False
임희정,9145,4,1,4,2,2,ROUGH,ROUGH,3,GREEN,GREEN,RECOVERY,10.1,162.0,True,4,0,True,False,False,False
임희정,9145,4,2,3,2,5,PENALTY_AREA,PENALTY_AREA,8,PENALTY_STROKE,LOST_BALL_PENALTY_RESTART,PENALTY_RESTART,45.4,0.0,False,7,4,False,True,True,
임희정,9145,4,2,3,3,8,PENALTY_STROKE,LOST_BALL_PENALTY_RESTART,5,PENALTY_AREA,PENALTY_AREA,PENALTY_RESTART,0.0,45.4,False,7,4,False,True,True,
임희정,9145,4,2,3,4,5,PENALTY_AREA,PENALTY_AREA,8,PENALTY_STROKE,LOST_BALL_PENALTY_RESTART,PENALTY_RESTART,45.4,0.0,False,7,4,False,True,True,
임희정,9145,4,2,3,5,8,PENALTY_STROKE,LOST_BALL_PENALTY_RESTART,3,GREEN,GREEN,PENALTY_RESTART,6.5,45.4,False,7,4,False,True,True,
임희정,9145,4,3,4,2,2,ROUGH,ROUGH,2,ROUGH,ROUGH,RECOVERY,25.7,187.1,False,5,1,False,True,False,False
임희정,9145,4,3,4,3,2,ROUGH,ROUGH,3,GREEN,GREEN,RECOVERY,3.2,25.7,False,5,1,False,True,False,False
임희정,9145,4,4,5,2,2,ROUGH,ROUGH,1,FAIRWAY,FAIRWAY,RECOVERY,126.9,306.0,True,5,0,True,False,False,False
임희정,9145,4,4,5,3,1,FAIRWAY,FAIRWAY,3,GREEN,GREEN,NORMAL_APPROACH,4.8,126.9,True,5,0,True,False,False,False
임희정,9145,4,6,4,2,2,ROUGH,ROUGH,9,GREENSIDE_BUNKER,GREENSIDE_BUNKER,RECOVERY,16.8,147.4,False,5,1,False,True,False,False
임희정,9145,4,6,4,3,9,GREENSIDE_BUNKER,GREENSIDE_BUNKER,3,GREEN,GREEN,RECOVERY,9.1,16.8,False,5,1,False,True,False,False
임희정,9145,4,7,5,2,1,FAIRWAY,FAIRWAY,1,FAIRWAY,FAIRWAY,ADVANCE_LAYUP,86.3,297.3,True,4,-1,True,False,False,True
임희정,9145,4,7,5,3,1,FAIRWAY,FAIRWAY,3,GREEN,GREEN,NORMAL_APPROACH,2.5,86.3,True,4,-1,True,False,False,True
임희정,9145,4,8,4,2,1,FAIRWAY,FAIRWAY,3,GREEN,GREEN,NORMAL_APPROACH,3.6,122.9,True,4,0,True,False,False,True
임희정,9145,4,9,4,2,1,FAIRWAY,FAIRWAY,2,ROUGH,ROUGH,OTHER_UNRESOLVED,11.6,99.3,False,4,0,True,False,False,True
임희정,9145,4,9,4,3,2,ROUGH,ROUGH,3,GREEN,GREEN,RECOVERY,2.8,11.6,False,4,0,True,False,False,True
임희정,9145,4,10,5,2,2,ROUGH,ROUGH,1,FAIRWAY,FAIRWAY,RECOVERY,132.3,308.4,True,4,-1,True,False,False,False
임희정,9145,4,10,5,3,1,FAIRWAY,FAIRWAY,3,GREEN,GREEN,NORMAL_APPROACH,7.3,132.3,True,4,-1,True,False,False,False
임희정,9145,4,12,4,2,2,ROUGH,ROUGH,3,GREEN,GREEN,RECOVERY,10.9,153.8,True,4,0,True,False,False,False
임희정,9145,4,13,4,2,1,FAIRWAY,FAIRWAY,3,GREEN,GREEN,NORMAL_APPROACH,7.6,138.6,True,4,0,True,False,False,True
임희정,9145,4,14,4,2,1,FAIRWAY,FAIRWAY,12,FRINGE,FRINGE,NORMAL_APPROACH,9.7,137.5,False,4,0,True,False,False,True
임희정,9145,4,14,4,3,12,FRINGE,FRINGE,3,GREEN,GREEN,SHORT_GAME,1.7,9.7,False,4,0,True,False,False,True
임희정,9145,4,15,4,2,1,FAIRWAY,FAIRWAY,3,GREEN,GREEN,NORMAL_APPROACH,12.1,193.7,True,4,0,True,False,False,True
임희정,9145,4,17,4,2,6,BUNKER,BUNKER,3,GREEN,GREEN,RECOVERY,7.2,118.6,True,4,0,True,False,False,False
임희정,9145,4,18,5,2,1,FAIRWAY,FAIRWAY,1,FAIRWAY,FAIRWAY,ADVANCE_LAYUP,79.8,288.5,True,5,0,True,False,False,True
임희정,9145,4,18,5,3,1,FAIRWAY,FAIRWAY,3,GREEN,GREEN,NORMAL_APPROACH,2.7,79.8,True,5,0,True,False,False,True
강가율,9174,1,1,4,2,1,FAIRWAY,FAIRWAY,9,GREENSIDE_BUNKER,GREENSIDE_BUNKER,OTHER_UNRESOLVED,24.3,175.1,False,5,1,False,True,False,True
강가율,9174,1,1,4,3,9,GREENSIDE_BUNKER,GREENSIDE_BUNKER,3,GREEN,GREEN,RECOVERY,6.2,24.3,False,5,1,False,True,False,True
강가율,9174,1,3,4,2,1,FAIRWAY,FAIRWAY,3,GREEN,GREEN,NORMAL_APPROACH,1.9,177.6,True,3,-1,True,False,False,True
강가율,9174,1,4,5,2,1,FAIRWAY,FAIRWAY,1,FAIRWAY,FAIRWAY,ADVANCE_LAYUP,92.0,293.0,True,5,0,True,False,False,True
강가율,9174,1,4,5,3,1,FAIRWAY,FAIRWAY,3,GREEN,GREEN,NORMAL_APPROACH,3.9,92.0,True,5,0,True,False,False,True
강가율,9174,1,6,4,2,1,FAIRWAY,FAIRWAY,2,ROUGH,ROUGH,OTHER_UNRESOLVED,14.4,167.8,False,5,1,False,True,False,True
강가율,9174,1,6,4,3,2,ROUGH,ROUGH,3,GREEN,GREEN,RECOVERY,6.0,14.4,False,5,1,False,True,False,True
강가율,9174,1,7,5,2,1,FAIRWAY,FAIRWAY,2,ROUGH,ROUGH,ADVANCE_LAYUP,67.3,279.2,True,5,0,True,False,False,True
강가율,9174,1,7,5,3,2,ROUGH,ROUGH,3,GREEN,GREEN,RECOVERY,9.6,67.3,True,5,0,True,False,False,True
강가율,9174,1,8,4,2,1,FAIRWAY,FAIRWAY,3,GREEN,GREEN,NORMAL_APPROACH,4.1,163.0,True,3,-1,True,False,False,True
강가율,9174,1,9,4,2,2,ROUGH,ROUGH,3,GREEN,GREEN,RECOVERY,12.0,123.3,True,4,0,True,False,False,False
강가율,9174,1,10,5,2,2,ROUGH,ROUGH,2,ROUGH,ROUGH,RECOVERY,277.1,306.6,False,7,2,False,True,True,False
강가율,9174,1,10,5,3,2,ROUGH,ROUGH,1,FAIRWAY,FAIRWAY,RECOVERY,257.4,277.1,False,7,2,False,True,True,False
강가율,9174,1,10,5,4,1,FAIRWAY,FAIRWAY,2,ROUGH,ROUGH,ADVANCE_LAYUP,98.6,257.4,False,7,2,False,True,True,False
강가율,9174,1,10,5,5,2,ROUGH,ROUGH,2,ROUGH,ROUGH,RECOVERY,6.2,98.6,False,7,2,False,True,True,False
강가율,9174,1,10,5,6,2,ROUGH,ROUGH,3,GREEN,GREEN,RECOVERY,2.6,6.2,False,7,2,False,True,True,False
강가율,9174,1,11,3,2,2,ROUGH,ROUGH,3,GREEN,GREEN,RECOVERY,0.3,18.9,False,3,0,True,False,False,
강가율,9174,1,12,4,2,1,FAIRWAY,FAIRWAY,3,GREEN,GREEN,NORMAL_APPROACH,2.6,140.7,True,4,0,True,False,False,True
강가율,9174,1,13,4,2,1,FAIRWAY,FAIRWAY,3,GREEN,GREEN,NORMAL_APPROACH,9.6,125.9,True,4,0,True,False,False,True
강가율,9174,1,14,4,2,1,FAIRWAY,FAIRWAY,2,ROUGH,ROUGH,OTHER_UNRESOLVED,24.3,143.9,False,6,2,False,True,True,True
강가율,9174,1,14,4,3,2,ROUGH,ROUGH,3,GREEN,GREEN,RECOVERY,9.2,24.3,False,6,2,False,True,True,True
강가율,9174,1,15,4,2,2,ROUGH,ROUGH,3,GREEN,GREEN,RECOVERY,11.4,100.2,True,4,0,True,False,False,False
강가율,9174,1,17,4,2,2,ROUGH,ROUGH,3,GREEN,GREEN,RECOVERY,21.4,144.1,True,4,0,True,False,False,False
강가율,9174,1,18,5,2,1,FAIRWAY,FAIRWAY,1,FAIRWAY,FAIRWAY,ADVANCE_LAYUP,100.5,275.5,True,5,0,True,False,False,True
강가율,9174,1,18,5,3,1,FAIRWAY,FAIRWAY,3,GREEN,GREEN,NORMAL_APPROACH,13.2,100.5,True,5,0,True,False,False,True
강가율,9174,2,1,4,2,6,BUNKER,BUNKER,2,ROUGH,ROUGH,RECOVERY,34.1,156.9,False,5,1,False,True,False,False
강가율,9174,2,1,4,3,2,ROUGH,ROUGH,3,GREEN,GREEN,RECOVERY,2.0,34.1,False,5,1,False,True,False,False
강가율,9174,2,3,4,2,2,ROUGH,ROUGH,2,ROUGH,ROUGH,RECOVERY,26.1,184.5,False,5,1,False,True,False,False
강가율,9174,2,3,4,3,2,ROUGH,ROUGH,3,GREEN,GREEN,RECOVERY,9.0,26.1,False,5,1,False,True,False,False
강가율,9174,2,4,5,2,2,ROUGH,ROUGH,2,ROUGH,ROUGH,RECOVERY,228.9,310.0,False,7,2,False,True,True,False
강가율,9174,2,4,5,3,2,ROUGH,ROUGH,1,FAIRWAY,FAIRWAY,RECOVERY,69.6,228.9,False,7,2,False,True,True,False
강가율,9174,2,4,5,4,1,FAIRWAY,FAIRWAY,3,GREEN,GREEN,NORMAL_APPROACH,12.9,69.6,False,7,2,False,True,True,False
강가율,9174,2,6,4,2,2,ROUGH,ROUGH,3,GREEN,GREEN,RECOVERY,8.5,145.3,True,3,-1,True,False,False,False
강가율,9174,2,7,5,2,7,LOST_BALL,LOST_BALL_PENALTY_RESTART,8,PENALTY_STROKE,LOST_BALL_PENALTY_RESTART,PENALTY_RESTART,496.4,496.4,False,7,2,False,True,True,False
강가율,9174,2,7,5,3,8,PENALTY_STROKE,LOST_BALL_PENALTY_RESTART,2,ROUGH,ROUGH,PENALTY_RESTART,317.0,496.4,False,7,2,False,True,True,False
강가율,9174,2,7,5,4,2,ROUGH,ROUGH,1,FAIRWAY,FAIRWAY,RECOVERY,142.7,317.0,False,7,2,False,True,True,False
강가율,9174,2,7,5,5,1,FAIRWAY,FAIRWAY,3,GREEN,GREEN,NORMAL_APPROACH,13.4,142.7,False,7,2,False,True,True,False
강가율,9174,2,8,4,2,2,ROUGH,ROUGH,3,GREEN,GREEN,RECOVERY,10.7,148.1,True,4,0,True,False,False,False
강가율,9174,2,9,4,2,2,ROUGH,ROUGH,5,PENALTY_AREA,PENALTY_AREA,RECOVERY,0.0,116.2,False,6,2,False,True,True,False
강가율,9174,2,9,4,3,5,PENALTY_AREA,PENALTY_AREA,8,PENALTY_STROKE,LOST_BALL_PENALTY_RESTART,PENALTY_RESTART,42.8,0.0,False,6,2,False,True,True,False
강가율,9174,2,9,4,4,8,PENALTY_STROKE,LOST_BALL_PENALTY_RESTART,3,GREEN,GREEN,PENALTY_RESTART,3.8,42.8,False,6,2,False,True,True,False
강가율,9174,2,10,5,2,1,FAIRWAY,FAIRWAY,2,ROUGH,ROUGH,ADVANCE_LAYUP,124.6,314.5,False,5,0,True,False,False,True
강가율,9174,2,10,5,3,2,ROUGH,ROUGH,2,ROUGH,ROUGH,RECOVERY,15.0,124.6,False,5,0,True,False,False,True
강가율,9174,2,10,5,4,2,ROUGH,ROUGH,3,GREEN,GREEN,RECOVERY,1.1,15.0,False,5,0,True,False,False,True
강가율,9174,2,12,4,2,1,FAIRWAY,FAIRWAY,3,GREEN,GREEN,NORMAL_APPROACH,14.6,149.3,True,5,1,False,True,False,True
강가율,9174,2,13,4,2,6,BUNKER,BUNKER,2,ROUGH,ROUGH,RECOVERY,23.2,97.6,False,5,1,False,True,False,False
강가율,9174,2,13,4,3,2,ROUGH,ROUGH,3,GREEN,GREEN,RECOVERY,2.5,23.2,False,5,1,False,True,False,False
강가율,9174,2,14,4,2,1,FAIRWAY,FAIRWAY,3,GREEN,GREEN,NORMAL_APPROACH,12.9,167.2,True,4,0,True,False,False,True
강가율,9174,2,15,4,2,2,ROUGH,ROUGH,2,ROUGH,ROUGH,RECOVERY,15.7,157.1,False,4,0,True,False,False,False
강가율,9174,2,15,4,3,2,ROUGH,ROUGH,3,GREEN,GREEN,RECOVERY,1.2,15.7,False,4,0,True,False,False,False
강가율,9174,2,17,4,2,2,ROUGH,ROUGH,2,ROUGH,ROUGH,RECOVERY,24.3,156.5,False,5,1,False,True,False,False
강가율,9174,2,17,4,3,2,ROUGH,ROUGH,3,GREEN,GREEN,RECOVERY,4.9,24.3,False,5,1,False,True,False,False
강가율,9174,2,18,5,2,2,ROUGH,ROUGH,1,FAIRWAY,FAIRWAY,RECOVERY,111.9,270.7,True,5,0,True,False,False,False
강가율,9174,2,18,5,3,1,FAIRWAY,FAIRWAY,3,GREEN,GREEN,NORMAL_APPROACH,6.0,111.9,True,5,0,True,False,False,False
박결,9183,1,1,4,2,2,ROUGH,ROUGH,2,ROUGH,ROUGH,RECOVERY,59.2,220.9,False,5,1,False,True,False,False
박결,9183,1,1,4,3,2,ROUGH,ROUGH,3,GREEN,GREEN,RECOVERY,2.8,59.2,False,5,1,False,True,False,False
박결,9183,1,3,4,2,1,FAIRWAY,FAIRWAY,12,FRINGE,FRINGE,NORMAL_APPROACH,17.8,202.6,False,5,1,False,True,False,True
박결,9183,1,3,4,3,12,FRINGE,FRINGE,3,GREEN,GREEN,SHORT_GAME,1.6,17.8,False,5,1,False,True,False,True
박결,9183,1,4,5,2,1,FAIRWAY,FAIRWAY,2,ROUGH,ROUGH,ADVANCE_LAYUP,134.8,311.2,False,6,1,False,True,False,True
박결,9183,1,4,5,3,2,ROUGH,ROUGH,2,ROUGH,ROUGH,RECOVERY,29.0,134.8,False,6,1,False,True,False,True
박결,9183,1,4,5,4,2,ROUGH,ROUGH,12,FRINGE,FRINGE,RECOVERY,6.1,29.0,False,6,1,False,True,False,True
박결,9183,1,4,5,5,12,FRINGE,FRINGE,3,GREEN,GREEN,SHORT_GAME,0.4,6.1,False,6,1,False,True,False,True
박결,9183,1,5,3,2,9,GREENSIDE_BUNKER,GREENSIDE_BUNKER,3,GREEN,GREEN,RECOVERY,3.5,14.4,False,3,0,True,False,False,
박결,9183,1,6,4,2,1,FAIRWAY,FAIRWAY,3,GREEN,GREEN,NORMAL_APPROACH,12.3,194.7,True,4,0,True,False,False,True
박결,9183,1,7,5,2,1,FAIRWAY,FAIRWAY,1,FAIRWAY,FAIRWAY,ADVANCE_LAYUP,95.9,297.0,False,6,1,False,True,False,True
박결,9183,1,7,5,3,1,FAIRWAY,FAIRWAY,9,GREENSIDE_BUNKER,GREENSIDE_BUNKER,ADVANCE_LAYUP,14.3,95.9,False,6,1,False,True,False,True
박결,9183,1,7,5,4,9,GREENSIDE_BUNKER,GREENSIDE_BUNKER,3,GREEN,GREEN,RECOVERY,7.1,14.3,False,6,1,False,True,False,True
박결,9183,1,8,4,2,2,ROUGH,ROUGH,1,FAIRWAY,FAIRWAY,RECOVERY,128.9,184.6,False,5,1,False,True,False,False
박결,9183,1,8,4,3,1,FAIRWAY,FAIRWAY,3,GREEN,GREEN,NORMAL_APPROACH,11.1,128.9,False,5,1,False,True,False,False
박결,9183,1,9,4,2,1,FAIRWAY,FAIRWAY,2,ROUGH,ROUGH,OTHER_UNRESOLVED,10.9,156.9,False,4,0,True,False,False,True
박결,9183,1,9,4,3,2,ROUGH,ROUGH,3,GREEN,GREEN,RECOVERY,1.2,10.9,False,4,0,True,False,False,True
박결,9183,1,10,5,2,1,FAIRWAY,FAIRWAY,2,ROUGH,ROUGH,ADVANCE_LAYUP,161.4,328.3,False,5,0,True,False,False,True
박결,9183,1,10,5,3,2,ROUGH,ROUGH,2,ROUGH,ROUGH,RECOVERY,10.9,161.4,False,5,0,True,False,False,True
박결,9183,1,10,5,4,2,ROUGH,ROUGH,12,FRINGE,FRINGE,RECOVERY,7.2,10.9,False,5,0,True,False,False,True
박결,9183,1,10,5,5,12,FRINGE,FRINGE,10,HOLED,HOLED,SHORT_GAME,0.0,7.2,False,5,0,True,False,False,True
박결,9183,1,12,4,2,1,FAIRWAY,FAIRWAY,2,ROUGH,ROUGH,OTHER_UNRESOLVED,20.1,164.2,False,5,1,False,True,False,True
박결,9183,1,12,4,3,2,ROUGH,ROUGH,3,GREEN,GREEN,RECOVERY,4.5,20.1,False,5,1,False,True,False,True
박결,9183,1,13,4,2,2,ROUGH,ROUGH,3,GREEN,GREEN,RECOVERY,2.0,143.8,True,3,-1,True,False,False,False
박결,9183,1,14,4,2,1,FAIRWAY,FAIRWAY,3,GREEN,GREEN,NORMAL_APPROACH,5.0,143.6,True,3,-1,True,False,False,True
박결,9183,1,15,4,2,1,FAIRWAY,FAIRWAY,2,ROUGH,ROUGH,OTHER_UNRESOLVED,18.7,190.6,False,5,1,False,True,False,True
박결,9183,1,15,4,3,2,ROUGH,ROUGH,3,GREEN,GREEN,RECOVERY,3.5,18.7,False,5,1,False,True,False,True
박결,9183,1,17,4,2,1,FAIRWAY,FAIRWAY,9,GREENSIDE_BUNKER,GREENSIDE_BUNKER,OTHER_UNRESOLVED,10.9,145.6,False,5,1,False,True,False,True
박결,9183,1,17,4,3,9,GREENSIDE_BUNKER,GREENSIDE_BUNKER,2,ROUGH,ROUGH,RECOVERY,8.2,10.9,False,5,1,False,True,False,True
박결,9183,1,17,4,4,2,ROUGH,ROUGH,3,GREEN,GREEN,RECOVERY,0.9,8.2,False,5,1,False,True,False,True
박결,9183,1,18,5,2,1,FAIRWAY,FAIRWAY,1,FAIRWAY,FAIRWAY,ADVANCE_LAYUP,110.3,310.5,True,4,-1,True,False,False,True
박결,9183,1,18,5,3,1,FAIRWAY,FAIRWAY,3,GREEN,GREEN,NORMAL_APPROACH,6.7,110.3,True,4,-1,True,False,False,True
박결,9183,2,1,4,2,2,ROUGH,ROUGH,2,ROUGH,ROUGH,RECOVERY,49.2,185.9,False,4,0,True,False,False,False
박결,9183,2,1,4,3,2,ROUGH,ROUGH,3,GREEN,GREEN,RECOVERY,0.7,49.2,False,4,0,True,False,False,False
박결,9183,2,2,3,2,2,ROUGH,ROUGH,3,GREEN,GREEN,RECOVERY,1.4,31.4,False,4,1,False,True,False,
박결,9183,2,3,4,2,1,FAIRWAY,FAIRWAY,2,ROUGH,ROUGH,OTHER_UNRESOLVED,23.2,208.8,False,4,0,True,False,False,True
박결,9183,2,3,4,3,2,ROUGH,ROUGH,3,GREEN,GREEN,RECOVERY,1.1,23.2,False,4,0,True,False,False,True
박결,9183,2,4,5,2,1,FAIRWAY,FAIRWAY,1,FAIRWAY,FAIRWAY,ADVANCE_LAYUP,139.8,312.7,True,5,0,True,False,False,True
박결,9183,2,4,5,3,1,FAIRWAY,FAIRWAY,3,GREEN,GREEN,NORMAL_APPROACH,4.2,139.8,True,5,0,True,False,False,True
박결,9183,2,5,3,2,9,GREENSIDE_BUNKER,GREENSIDE_BUNKER,3,GREEN,GREEN,RECOVERY,2.0,18.3,False,4,1,False,True,False,
박결,9183,2,6,4,2,1,FAIRWAY,FAIRWAY,12,FRINGE,FRINGE,NORMAL_APPROACH,15.4,177.4,False,4,0,True,False,False,True
박결,9183,2,6,4,3,12,FRINGE,FRINGE,3,GREEN,GREEN,SHORT_GAME,0.7,15.4,False,4,0,True,False,False,True
박결,9183,2,7,5,2,2,ROUGH,ROUGH,2,ROUGH,ROUGH,RECOVERY,143.6,325.6,True,5,0,True,False,False,False
박결,9183,2,7,5,3,2,ROUGH,ROUGH,3,GREEN,GREEN,RECOVERY,11.7,143.6,True,5,0,True,False,False,False
박결,9183,2,8,4,2,1,FAIRWAY,FAIRWAY,5,PENALTY_AREA,PENALTY_AREA,OTHER_UNRESOLVED,0.0,153.8,False,6,2,False,True,True,True
박결,9183,2,8,4,3,5,PENALTY_AREA,PENALTY_AREA,8,PENALTY_STROKE,LOST_BALL_PENALTY_RESTART,PENALTY_RESTART,94.6,0.0,False,6,2,False,True,True,True
박결,9183,2,8,4,4,8,PENALTY_STROKE,LOST_BALL_PENALTY_RESTART,3,GREEN,GREEN,PENALTY_RESTART,7.3,94.6,False,6,2,False,True,True,True
박결,9183,2,9,4,2,2,ROUGH,ROUGH,3,GREEN,GREEN,RECOVERY,8.2,142.9,True,3,-1,True,False,False,False
박결,9183,2,10,5,2,1,FAIRWAY,FAIRWAY,1,FAIRWAY,FAIRWAY,ADVANCE_LAYUP,151.2,334.1,False,5,0,True,False,False,True
박결,9183,2,10,5,3,1,FAIRWAY,FAIRWAY,2,ROUGH,ROUGH,ADVANCE_LAYUP,9.1,151.2,False,5,0,True,False,False,True
박결,9183,2,10,5,4,2,ROUGH,ROUGH,3,GREEN,GREEN,RECOVERY,0.5,9.1,False,5,0,True,False,False,True
박결,9183,2,11,3,2,2,ROUGH,ROUGH,2,ROUGH,ROUGH,RECOVERY,11.7,14.9,False,4,1,False,True,False,
박결,9183,2,11,3,3,2,ROUGH,ROUGH,3,GREEN,GREEN,RECOVERY,0.3,11.7,False,4,1,False,True,False,
박결,9183,2,12,4,2,2,ROUGH,ROUGH,2,ROUGH,ROUGH,RECOVERY,57.8,196.2,False,5,1,False,True,False,False
박결,9183,2,12,4,3,2,ROUGH,ROUGH,12,FRINGE,FRINGE,RECOVERY,10.2,57.8,False,5,1,False,True,False,False
박결,9183,2,12,4,4,12,FRINGE,FRINGE,3,GREEN,GREEN,SHORT_GAME,2.4,10.2,False,5,1,False,True,False,False
박결,9183,2,13,4,2,1,FAIRWAY,FAIRWAY,3,GREEN,GREEN,NORMAL_APPROACH,4.0,124.3,True,4,0,True,False,False,True
박결,9183,2,14,4,2,1,FAIRWAY,FAIRWAY,3,GREEN,GREEN,NORMAL_APPROACH,2.2,166.7,True,3,-1,True,False,False,True
박결,9183,2,15,4,2,2,ROUGH,ROUGH,2,ROUGH,ROUGH,RECOVERY,20.2,164.2,False,4,0,True,False,False,False
박결,9183,2,15,4,3,2,ROUGH,ROUGH,3,GREEN,GREEN,RECOVERY,0.4,20.2,False,4,0,True,False,False,False
박결,9183,2,17,4,2,1,FAIRWAY,FAIRWAY,3,GREEN,GREEN,NORMAL_APPROACH,2.8,156.5,True,4,0,True,False,False,True
박결,9183,2,18,5,2,2,ROUGH,ROUGH,2,ROUGH,ROUGH,RECOVERY,150.1,284.3,False,6,1,False,True,False,False
박결,9183,2,18,5,3,2,ROUGH,ROUGH,12,FRINGE,FRINGE,RECOVERY,22.8,150.1,False,6,1,False,True,False,False
박결,9183,2,18,5,4,12,FRINGE,FRINGE,3,GREEN,GREEN,SHORT_GAME,2.7,22.8,False,6,1,False,True,False,False
최은우,9235,1,1,4,2,1,FAIRWAY,FAIRWAY,2,ROUGH,ROUGH,OTHER_UNRESOLVED,36.6,192.3,False,6,2,False,True,True,True
최은우,9235,1,1,4,3,2,ROUGH,ROUGH,8,PENALTY_STROKE,LOST_BALL_PENALTY_RESTART,RECOVERY,38.9,36.6,False,6,2,False,True,True,True
최은우,9235,1,1,4,4,8,PENALTY_STROKE,LOST_BALL_PENALTY_RESTART,3,GREEN,GREEN,PENALTY_RESTART,7.0,38.9,False,6,2,False,True,True,True
최은우,9235,1,2,3,2,2,ROUGH,ROUGH,3,GREEN,GREEN,RECOVERY,2.1,22.9,False,3,0,True,False,False,
최은우,9235,1,3,4,2,1,FAIRWAY,FAIRWAY,3,GREEN,GREEN,NORMAL_APPROACH,8.5,192.0,True,4,0,True,False,False,True
최은우,9235,1,4,5,2,1,FAIRWAY,FAIRWAY,2,ROUGH,ROUGH,ADVANCE_LAYUP,132.1,298.3,False,6,1,False,True,False,True
최은우,9235,1,4,5,3,2,ROUGH,ROUGH,2,ROUGH,ROUGH,RECOVERY,30.2,132.1,False,6,1,False,True,False,True
최은우,9235,1,4,5,4,2,ROUGH,ROUGH,3,GREEN,GREEN,RECOVERY,4.6,30.2,False,6,1,False,True,False,True
최은우,9235,1,6,4,2,1,FAIRWAY,FAIRWAY,3,GREEN,GREEN,NORMAL_APPROACH,8.6,173.4,True,4,0,True,False,False,True
최은우,9235,1,7,5,2,1,FAIRWAY,FAIRWAY,1,FAIRWAY,FAIRWAY,ADVANCE_LAYUP,80.3,287.8,True,5,0,True,False,False,True
최은우,9235,1,7,5,3,1,FAIRWAY,FAIRWAY,3,GREEN,GREEN,NORMAL_APPROACH,8.8,80.3,True,5,0,True,False,False,True
최은우,9235,1,8,4,2,2,ROUGH,ROUGH,3,GREEN,GREEN,RECOVERY,31.1,176.6,True,5,1,False,True,False,False
최은우,9235,1,9,4,2,2,ROUGH,ROUGH,2,ROUGH,ROUGH,RECOVERY,56.3,157.9,False,5,1,False,True,False,False
최은우,9235,1,9,4,3,2,ROUGH,ROUGH,3,GREEN,GREEN,RECOVERY,7.6,56.3,False,5,1,False,True,False,False
최은우,9235,1,10,5,2,2,ROUGH,ROUGH,2,ROUGH,ROUGH,RECOVERY,192.3,320.3,False,5,0,True,False,False,False
최은우,9235,1,10,5,3,2,ROUGH,ROUGH,1,FAIRWAY,FAIRWAY,RECOVERY,97.5,192.3,False,5,0,True,False,False,False
최은우,9235,1,10,5,4,1,FAIRWAY,FAIRWAY,3,GREEN,GREEN,NORMAL_APPROACH,4.8,97.5,False,5,0,True,False,False,False
최은우,9235,1,12,4,2,1,FAIRWAY,FAIRWAY,3,GREEN,GREEN,NORMAL_APPROACH,4.7,155.4,True,4,0,True,False,False,True
최은우,9235,1,13,4,2,1,FAIRWAY,FAIRWAY,3,GREEN,GREEN,NORMAL_APPROACH,9.4,135.6,True,4,0,True,False,False,True
최은우,9235,1,14,4,2,1,FAIRWAY,FAIRWAY,3,GREEN,GREEN,NORMAL_APPROACH,11.4,146.0,True,3,-1,True,False,False,True
최은우,9235,1,15,4,2,1,FAIRWAY,FAIRWAY,3,GREEN,GREEN,NORMAL_APPROACH,6.9,153.8,True,4,0,True,False,False,True
최은우,9235,1,17,4,2,1,FAIRWAY,FAIRWAY,3,GREEN,GREEN,NORMAL_APPROACH,5.7,150.7,True,4,0,True,False,False,True
최은우,9235,1,18,5,2,2,ROUGH,ROUGH,2,ROUGH,ROUGH,RECOVERY,180.5,297.9,False,5,0,True,False,False,False
최은우,9235,1,18,5,3,2,ROUGH,ROUGH,12,FRINGE,FRINGE,RECOVERY,14.8,180.5,False,5,0,True,False,False,False
최은우,9235,1,18,5,4,12,FRINGE,FRINGE,3,GREEN,GREEN,SHORT_GAME,1.5,14.8,False,5,0,True,False,False,False
최은우,9235,2,1,4,2,2,ROUGH,ROUGH,2,ROUGH,ROUGH,RECOVERY,27.5,162.8,False,4,0,True,False,False,False
최은우,9235,2,1,4,3,2,ROUGH,ROUGH,3,GREEN,GREEN,RECOVERY,0.3,27.5,False,4,0,True,False,False,False
최은우,9235,2,3,4,2,1,FAIRWAY,FAIRWAY,2,ROUGH,ROUGH,OTHER_UNRESOLVED,26.7,207.3,False,4,0,True,False,False,True
최은우,9235,2,3,4,3,2,ROUGH,ROUGH,3,GREEN,GREEN,RECOVERY,0.9,26.7,False,4,0,True,False,False,True
최은우,9235,2,4,5,2,1,FAIRWAY,FAIRWAY,1,FAIRWAY,FAIRWAY,ADVANCE_LAYUP,133.9,313.5,True,4,-1,True,False,False,True
최은우,9235,2,4,5,3,1,FAIRWAY,FAIRWAY,3,GREEN,GREEN,NORMAL_APPROACH,0.9,133.9,True,4,-1,True,False,False,True
최은우,9235,2,6,4,2,1,FAIRWAY,FAIRWAY,3,GREEN,GREEN,NORMAL_APPROACH,3.6,157.1,True,4,0,True,False,False,True
최은우,9235,2,7,5,2,1,FAIRWAY,FAIRWAY,1,FAIRWAY,FAIRWAY,ADVANCE_LAYUP,118.6,301.3,True,5,0,True,False,False,True
최은우,9235,2,7,5,3,1,FAIRWAY,FAIRWAY,3,GREEN,GREEN,NORMAL_APPROACH,14.4,118.6,True,5,0,True,False,False,True
최은우,9235,2,8,4,2,2,ROUGH,ROUGH,2,ROUGH,ROUGH,RECOVERY,11.7,141.2,False,4,0,True,False,False,False
최은우,9235,2,8,4,3,2,ROUGH,ROUGH,3,GREEN,GREEN,RECOVERY,0.9,11.7,False,4,0,True,False,False,False
최은우,9235,2,9,4,2,1,FAIRWAY,FAIRWAY,3,GREEN,GREEN,NORMAL_APPROACH,4.7,146.4,True,4,0,True,False,False,True
최은우,9235,2,10,5,2,1,FAIRWAY,FAIRWAY,2,ROUGH,ROUGH,ADVANCE_LAYUP,134.6,322.6,False,5,0,True,False,False,True
최은우,9235,2,10,5,3,2,ROUGH,ROUGH,2,ROUGH,ROUGH,RECOVERY,14.3,134.6,False,5,0,True,False,False,True
최은우,9235,2,10,5,4,2,ROUGH,ROUGH,3,GREEN,GREEN,RECOVERY,1.3,14.3,False,5,0,True,False,False,True
최은우,9235,2,12,4,2,1,FAIRWAY,FAIRWAY,3,GREEN,GREEN,NORMAL_APPROACH,7.0,179.3,True,4,0,True,False,False,True
최은우,9235,2,13,4,2,1,FAIRWAY,FAIRWAY,12,FRINGE,FRINGE,NORMAL_APPROACH,9.9,128.5,False,4,0,True,False,False,True
최은우,9235,2,13,4,3,12,FRINGE,FRINGE,3,GREEN,GREEN,SHORT_GAME,0.4,9.9,False,4,0,True,False,False,True
최은우,9235,2,14,4,2,1,FAIRWAY,FAIRWAY,3,GREEN,GREEN,NORMAL_APPROACH,10.0,152.0,True,4,0,True,False,False,True
최은우,9235,2,15,4,2,1,FAIRWAY,FAIRWAY,2,ROUGH,ROUGH,OTHER_UNRESOLVED,13.6,164.7,False,4,0,True,False,False,True
최은우,9235,2,15,4,3,2,ROUGH,ROUGH,3,GREEN,GREEN,RECOVERY,2.8,13.6,False,4,0,True,False,False,True
최은우,9235,2,17,4,2,1,FAIRWAY,FAIRWAY,3,GREEN,GREEN,NORMAL_APPROACH,15.4,138.6,True,4,0,True,False,False,True
최은우,9235,2,18,5,2,2,ROUGH,ROUGH,1,FAIRWAY,FAIRWAY,RECOVERY,133.7,296.7,True,6,1,False,True,False,False
최은우,9235,2,18,5,3,1,FAIRWAY,FAIRWAY,3,GREEN,GREEN,NORMAL_APPROACH,15.5,133.7,True,6,1,False,True,False,False
최은우,9235,3,1,4,2,1,FAIRWAY,FAIRWAY,3,GREEN,GREEN,NORMAL_APPROACH,9.0,179.1,True,4,0,True,False,False,True
최은우,9235,3,3,4,2,1,FAIRWAY,FAIRWAY,3,GREEN,GREEN,NORMAL_APPROACH,10.7,206.1,True,4,0,True,False,False,True
최은우,9235,3,4,5,2,1,FAIRWAY,FAIRWAY,1,FAIRWAY,FAIRWAY,ADVANCE_LAYUP,104.3,304.0,True,5,0,True,False,False,True
최은우,9235,3,4,5,3,1,FAIRWAY,FAIRWAY,3,GREEN,GREEN,NORMAL_APPROACH,13.0,104.3,True,5,0,True,False,False,True
최은우,9235,3,5,3,2,12,FRINGE,FRINGE,3,GREEN,GREEN,SHORT_GAME,0.3,3.9,False,3,0,True,False,False,
최은우,9235,3,6,4,2,1,FAIRWAY,FAIRWAY,12,FRINGE,FRINGE,NORMAL_APPROACH,10.6,181.9,False,4,0,True,False,False,True
최은우,9235,3,6,4,3,12,FRINGE,FRINGE,3,GREEN,GREEN,SHORT_GAME,0.5,10.6,False,4,0,True,False,False,True
최은우,9235,3,7,5,2,1,FAIRWAY,FAIRWAY,2,ROUGH,ROUGH,ADVANCE_LAYUP,109.1,299.4,False,5,0,True,False,False,True
최은우,9235,3,7,5,3,2,ROUGH,ROUGH,12,FRINGE,FRINGE,RECOVERY,10.4,109.1,False,5,0,True,False,False,True
최은우,9235,3,7,5,4,12,FRINGE,FRINGE,3,GREEN,GREEN,SHORT_GAME,2.6,10.4,False,5,0,True,False,False,True
최은우,9235,3,8,4,2,1,FAIRWAY,FAIRWAY,12,FRINGE,FRINGE,NORMAL_APPROACH,20.0,149.1,False,4,0,True,False,False,True
최은우,9235,3,8,4,3,12,FRINGE,FRINGE,3,GREEN,GREEN,SHORT_GAME,3.5,20.0,False,4,0,True,False,False,True
최은우,9235,3,9,4,2,2,ROUGH,ROUGH,3,GREEN,GREEN,RECOVERY,16.0,130.7,True,4,0,True,False,False,False
최은우,9235,3,10,5,2,1,FAIRWAY,FAIRWAY,1,FAIRWAY,FAIRWAY,ADVANCE_LAYUP,121.5,324.1,True,5,0,True,False,False,True
최은우,9235,3,10,5,3,1,FAIRWAY,FAIRWAY,3,GREEN,GREEN,NORMAL_APPROACH,3.9,121.5,True,5,0,True,False,False,True
최은우,9235,3,12,4,2,1,FAIRWAY,FAIRWAY,3,GREEN,GREEN,NORMAL_APPROACH,14.1,160.5,True,4,0,True,False,False,True
최은우,9235,3,13,4,2,1,FAIRWAY,FAIRWAY,3,GREEN,GREEN,NORMAL_APPROACH,3.6,130.5,True,4,0,True,False,False,True
최은우,9235,3,14,4,2,1,FAIRWAY,FAIRWAY,3,GREEN,GREEN,NORMAL_APPROACH,10.1,147.9,True,4,0,True,False,False,True
최은우,9235,3,15,4,2,1,FAIRWAY,FAIRWAY,12,FRINGE,FRINGE,NORMAL_APPROACH,13.7,181.2,False,4,0,True,False,False,True
최은우,9235,3,15,4,3,12,FRINGE,FRINGE,3,GREEN,GREEN,SHORT_GAME,0.9,13.7,False,4,0,True,False,False,True
최은우,9235,3,17,4,2,1,FAIRWAY,FAIRWAY,3,GREEN,GREEN,NORMAL_APPROACH,4.7,130.4,True,4,0,True,False,False,True
최은우,9235,3,18,5,2,2,ROUGH,ROUGH,5,PENALTY_AREA,PENALTY_AREA,RECOVERY,0.0,279.3,False,6,1,False,True,False,False
최은우,9235,3,18,5,3,5,PENALTY_AREA,PENALTY_AREA,8,PENALTY_STROKE,LOST_BALL_PENALTY_RESTART,PENALTY_RESTART,149.5,0.0,False,6,1,False,True,False,False
최은우,9235,3,18,5,4,8,PENALTY_STROKE,LOST_BALL_PENALTY_RESTART,3,GREEN,GREEN,PENALTY_RESTART,7.2,149.5,False,6,1,False,True,False,False
최은우,9235,4,1,4,2,2,ROUGH,ROUGH,9,GREENSIDE_BUNKER,GREENSIDE_BUNKER,RECOVERY,18.9,171.7,False,4,0,True,False,False,False
최은우,9235,4,1,4,3,9,GREENSIDE_BUNKER,GREENSIDE_BUNKER,3,GREEN,GREEN,RECOVERY,1.3,18.9,False,4,0,True,False,False,False
최은우,9235,4,3,4,2,2,ROUGH,ROUGH,2,ROUGH,ROUGH,RECOVERY,31.9,198.2,False,5,1,False,True,False,False
최은우,9235,4,3,4,3,2,ROUGH,ROUGH,3,GREEN,GREEN,RECOVERY,4.2,31.9,False,5,1,False,True,False,False
최은우,9235,4,4,5,2,1,FAIRWAY,FAIRWAY,1,FAIRWAY,FAIRWAY,ADVANCE_LAYUP,113.5,304.8,True,6,1,False,True,False,True
최은우,9235,4,4,5,3,1,FAIRWAY,FAIRWAY,3,GREEN,GREEN,NORMAL_APPROACH,9.7,113.5,True,6,1,False,True,False,True
최은우,9235,4,6,4,2,2,ROUGH,ROUGH,2,ROUGH,ROUGH,RECOVERY,23.9,151.2,False,5,1,False,True,False,False
최은우,9235,4,6,4,3,2,ROUGH,ROUGH,3,GREEN,GREEN,RECOVERY,3.9,23.9,False,5,1,False,True,False,False
최은우,9235,4,7,5,2,1,FAIRWAY,FAIRWAY,1,FAIRWAY,FAIRWAY,ADVANCE_LAYUP,123.9,318.3,True,5,0,True,False,False,True
최은우,9235,4,7,5,3,1,FAIRWAY,FAIRWAY,3,GREEN,GREEN,NORMAL_APPROACH,11.6,123.9,True,5,0,True,False,False,True
최은우,9235,4,8,4,2,1,FAIRWAY,FAIRWAY,3,GREEN,GREEN,NORMAL_APPROACH,9.5,135.6,True,4,0,True,False,False,True
최은우,9235,4,9,4,2,2,ROUGH,ROUGH,2,ROUGH,ROUGH,RECOVERY,8.0,102.2,False,4,0,True,False,False,False
최은우,9235,4,9,4,3,2,ROUGH,ROUGH,3,GREEN,GREEN,RECOVERY,1.4,8.0,False,4,0,True,False,False,False
최은우,9235,4,10,5,2,1,FAIRWAY,FAIRWAY,1,FAIRWAY,FAIRWAY,ADVANCE_LAYUP,110.1,298.5,True,5,0,True,False,False,True
최은우,9235,4,10,5,3,1,FAIRWAY,FAIRWAY,3,GREEN,GREEN,NORMAL_APPROACH,15.3,110.1,True,5,0,True,False,False,True
최은우,9235,4,12,4,2,1,FAIRWAY,FAIRWAY,3,GREEN,GREEN,NORMAL_APPROACH,4.7,139.3,True,4,0,True,False,False,True
최은우,9235,4,13,4,2,1,FAIRWAY,FAIRWAY,3,GREEN,GREEN,NORMAL_APPROACH,7.7,131.6,True,4,0,True,False,False,True
최은우,9235,4,14,4,2,1,FAIRWAY,FAIRWAY,2,ROUGH,ROUGH,OTHER_UNRESOLVED,14.8,149.8,False,4,0,True,False,False,True
최은우,9235,4,14,4,3,2,ROUGH,ROUGH,3,GREEN,GREEN,RECOVERY,1.1,14.8,False,4,0,True,False,False,True
최은우,9235,4,15,4,2,2,ROUGH,ROUGH,2,ROUGH,ROUGH,RECOVERY,37.4,208.8,False,5,1,False,True,False,False
최은우,9235,4,15,4,3,2,ROUGH,ROUGH,3,GREEN,GREEN,RECOVERY,5.1,37.4,False,5,1,False,True,False,False
최은우,9235,4,17,4,2,1,FAIRWAY,FAIRWAY,3,GREEN,GREEN,NORMAL_APPROACH,7.5,138.0,True,4,0,True,False,False,True
최은우,9235,4,18,5,2,2,ROUGH,ROUGH,2,ROUGH,ROUGH,RECOVERY,107.4,285.4,True,5,0,True,False,False,False
최은우,9235,4,18,5,3,2,ROUGH,ROUGH,3,GREEN,GREEN,RECOVERY,3.8,107.4,True,5,0,True,False,False,False
김아현,9277,1,1,4,2,1,FAIRWAY,FAIRWAY,2,ROUGH,ROUGH,OTHER_UNRESOLVED,42.1,197.7,False,6,2,False,True,True,True
김아현,9277,1,1,4,3,2,ROUGH,ROUGH,3,GREEN,GREEN,RECOVERY,6.2,42.1,False,6,2,False,True,True,True
김아현,9277,1,2,3,2,5,PENALTY_AREA,PENALTY_AREA,8,PENALTY_STROKE,LOST_BALL_PENALTY_RESTART,PENALTY_RESTART,116.9,0.0,False,4,1,False,True,False,
김아현,9277,1,2,3,3,8,PENALTY_STROKE,LOST_BALL_PENALTY_RESTART,3,GREEN,GREEN,PENALTY_RESTART,1.3,116.9,False,4,1,False,True,False,
김아현,9277,1,3,4,2,1,FAIRWAY,FAIRWAY,2,ROUGH,ROUGH,OTHER_UNRESOLVED,27.2,199.3,False,5,1,False,True,False,True
김아현,9277,1,3,4,3,2,ROUGH,ROUGH,3,GREEN,GREEN,RECOVERY,6.4,27.2,False,5,1,False,True,False,True
김아현,9277,1,4,5,2,1,FAIRWAY,FAIRWAY,2,ROUGH,ROUGH,ADVANCE_LAYUP,115.8,302.2,False,5,0,True,False,False,True
김아현,9277,1,4,5,3,2,ROUGH,ROUGH,2,ROUGH,ROUGH,RECOVERY,15.8,115.8,False,5,0,True,False,False,True
김아현,9277,1,4,5,4,2,ROUGH,ROUGH,3,GREEN,GREEN,RECOVERY,1.7,15.8,False,5,0,True,False,False,True
김아현,9277,1,6,4,2,1,FAIRWAY,FAIRWAY,12,FRINGE,FRINGE,NORMAL_APPROACH,19.1,188.9,False,4,0,True,False,False,True
김아현,9277,1,6,4,3,12,FRINGE,FRINGE,3,GREEN,GREEN,SHORT_GAME,1.1,19.1,False,4,0,True,False,False,True
김아현,9277,1,7,5,2,2,ROUGH,ROUGH,1,FAIRWAY,FAIRWAY,RECOVERY,284.3,314.3,False,6,1,False,True,False,False
김아현,9277,1,7,5,3,1,FAIRWAY,FAIRWAY,2,ROUGH,ROUGH,ADVANCE_LAYUP,70.4,284.3,False,6,1,False,True,False,False
김아현,9277,1,7,5,4,2,ROUGH,ROUGH,3,GREEN,GREEN,RECOVERY,13.1,70.4,False,6,1,False,True,False,False
김아현,9277,1,8,4,2,1,FAIRWAY,FAIRWAY,2,ROUGH,ROUGH,OTHER_UNRESOLVED,35.7,163.6,False,4,0,True,False,False,True
김아현,9277,1,8,4,3,2,ROUGH,ROUGH,3,GREEN,GREEN,RECOVERY,4.1,35.7,False,4,0,True,False,False,True
김아현,9277,1,9,4,2,2,ROUGH,ROUGH,1,FAIRWAY,FAIRWAY,RECOVERY,80.5,143.5,False,4,0,True,False,False,False
김아현,9277,1,9,4,3,1,FAIRWAY,FAIRWAY,3,GREEN,GREEN,NORMAL_APPROACH,4.3,80.5,False,4,0,True,False,False,False
김아현,9277,1,10,5,2,2,ROUGH,ROUGH,1,FAIRWAY,FAIRWAY,RECOVERY,137.2,315.8,True,5,0,True,False,False,False
김아현,9277,1,10,5,3,1,FAIRWAY,FAIRWAY,3,GREEN,GREEN,NORMAL_APPROACH,17.4,137.2,True,5,0,True,False,False,False
김아현,9277,1,12,4,2,6,BUNKER,BUNKER,1,FAIRWAY,FAIRWAY,RECOVERY,100.7,171.9,False,5,1,False,True,False,False
김아현,9277,1,12,4,3,1,FAIRWAY,FAIRWAY,3,GREEN,GREEN,NORMAL_APPROACH,4.7,100.7,False,5,1,False,True,False,False
김아현,9277,1,13,4,2,2,ROUGH,ROUGH,3,GREEN,GREEN,RECOVERY,6.2,119.8,True,5,1,False,True,False,False
김아현,9277,1,14,4,2,1,FAIRWAY,FAIRWAY,12,FRINGE,FRINGE,NORMAL_APPROACH,15.3,135.8,False,4,0,True,False,False,True
김아현,9277,1,14,4,3,12,FRINGE,FRINGE,3,GREEN,GREEN,SHORT_GAME,3.5,15.3,False,4,0,True,False,False,True
김아현,9277,1,15,4,2,2,ROUGH,ROUGH,2,ROUGH,ROUGH,RECOVERY,35.2,168.6,False,6,2,False,True,True,False
김아현,9277,1,15,4,3,2,ROUGH,ROUGH,3,GREEN,GREEN,RECOVERY,7.8,35.2,False,6,2,False,True,True,False
김아현,9277,1,17,4,2,2,ROUGH,ROUGH,1,FAIRWAY,FAIRWAY,RECOVERY,56.9,146.3,False,4,0,True,False,False,False
김아현,9277,1,17,4,3,1,FAIRWAY,FAIRWAY,3,GREEN,GREEN,NORMAL_APPROACH,2.3,56.9,False,4,0,True,False,False,False
김아현,9277,1,18,5,2,1,FAIRWAY,FAIRWAY,1,FAIRWAY,FAIRWAY,ADVANCE_LAYUP,101.5,296.3,True,5,0,True,False,False,True
김아현,9277,1,18,5,3,1,FAIRWAY,FAIRWAY,3,GREEN,GREEN,NORMAL_APPROACH,5.1,101.5,True,5,0,True,False,False,True
김아현,9277,2,1,4,2,2,ROUGH,ROUGH,2,ROUGH,ROUGH,RECOVERY,21.2,166.1,False,5,1,False,True,False,False
김아현,9277,2,1,4,3,2,ROUGH,ROUGH,3,GREEN,GREEN,RECOVERY,6.2,21.2,False,5,1,False,True,False,False
김아현,9277,2,3,4,2,1,FAIRWAY,FAIRWAY,9,GREENSIDE_BUNKER,GREENSIDE_BUNKER,OTHER_UNRESOLVED,12.9,188.4,False,5,1,False,True,False,True
김아현,9277,2,3,4,3,9,GREENSIDE_BUNKER,GREENSIDE_BUNKER,3,GREEN,GREEN,RECOVERY,3.6,12.9,False,5,1,False,True,False,True
김아현,9277,2,4,5,2,1,FAIRWAY,FAIRWAY,2,ROUGH,ROUGH,ADVANCE_LAYUP,133.5,312.6,False,6,1,False,True,False,True
김아현,9277,2,4,5,3,2,ROUGH,ROUGH,9,GREENSIDE_BUNKER,GREENSIDE_BUNKER,RECOVERY,11.2,133.5,False,6,1,False,True,False,True
김아현,9277,2,4,5,4,9,GREENSIDE_BUNKER,GREENSIDE_BUNKER,3,GREEN,GREEN,RECOVERY,4.3,11.2,False,6,1,False,True,False,True
김아현,9277,2,6,4,2,2,ROUGH,ROUGH,9,GREENSIDE_BUNKER,GREENSIDE_BUNKER,RECOVERY,15.4,167.6,False,5,1,False,True,False,False
김아현,9277,2,6,4,3,9,GREENSIDE_BUNKER,GREENSIDE_BUNKER,3,GREEN,GREEN,RECOVERY,10.1,15.4,False,5,1,False,True,False,False
김아현,9277,2,7,5,2,1,FAIRWAY,FAIRWAY,1,FAIRWAY,FAIRWAY,ADVANCE_LAYUP,85.5,294.3,True,4,-1,True,False,False,True
김아현,9277,2,7,5,3,1,FAIRWAY,FAIRWAY,3,GREEN,GREEN,NORMAL_APPROACH,4.4,85.5,True,4,-1,True,False,False,True
김아현,9277,2,8,4,2,2,ROUGH,ROUGH,3,GREEN,GREEN,RECOVERY,12.9,147.1,True,4,0,True,False,False,False
김아현,9277,2,9,4,2,2,ROUGH,ROUGH,1,FAIRWAY,FAIRWAY,RECOVERY,85.4,161.5,False,5,1,False,True,False,False
김아현,9277,2,9,4,3,1,FAIRWAY,FAIRWAY,12,FRINGE,FRINGE,NORMAL_APPROACH,7.1,85.4,False,5,1,False,True,False,False
김아현,9277,2,9,4,4,12,FRINGE,FRINGE,3,GREEN,GREEN,SHORT_GAME,0.5,7.1,False,5,1,False,True,False,False
김아현,9277,2,10,5,2,1,FAIRWAY,FAIRWAY,2,ROUGH,ROUGH,ADVANCE_LAYUP,149.1,334.7,False,6,1,False,True,False,True
김아현,9277,2,10,5,3,2,ROUGH,ROUGH,1,FAIRWAY,FAIRWAY,RECOVERY,93.6,149.1,False,6,1,False,True,False,True
김아현,9277,2,10,5,4,1,FAIRWAY,FAIRWAY,3,GREEN,GREEN,NORMAL_APPROACH,10.6,93.6,False,6,1,False,True,False,True
김아현,9277,2,11,3,2,12,FRINGE,FRINGE,3,GREEN,GREEN,SHORT_GAME,1.3,7.2,False,3,0,True,False,False,
김아현,9277,2,12,4,2,1,FAIRWAY,FAIRWAY,3,GREEN,GREEN,NORMAL_APPROACH,5.5,164.8,True,5,1,False,True,False,True
김아현,9277,2,13,4,2,1,FAIRWAY,FAIRWAY,3,GREEN,GREEN,NORMAL_APPROACH,5.7,111.7,True,4,0,True,False,False,True
김아현,9277,2,14,4,2,1,FAIRWAY,FAIRWAY,3,GREEN,GREEN,NORMAL_APPROACH,21.1,172.7,True,4,0,True,False,False,True
김아현,9277,2,15,4,2,2,ROUGH,ROUGH,2,ROUGH,ROUGH,RECOVERY,20.2,153.2,False,5,1,False,True,False,False
김아현,9277,2,15,4,3,2,ROUGH,ROUGH,3,GREEN,GREEN,RECOVERY,3.0,20.2,False,5,1,False,True,False,False
김아현,9277,2,17,4,2,2,ROUGH,ROUGH,2,ROUGH,ROUGH,RECOVERY,17.9,159.5,False,5,1,False,True,False,False
김아현,9277,2,17,4,3,2,ROUGH,ROUGH,3,GREEN,GREEN,RECOVERY,9.6,17.9,False,5,1,False,True,False,False
김아현,9277,2,18,5,2,2,ROUGH,ROUGH,2,ROUGH,ROUGH,RECOVERY,91.8,274.1,True,5,0,True,False,False,False
김아현,9277,2,18,5,3,2,ROUGH,ROUGH,3,GREEN,GREEN,RECOVERY,14.1,91.8,True,5,0,True,False,False,False
전우리,9389,1,1,4,2,2,ROUGH,ROUGH,3,GREEN,GREEN,RECOVERY,9.0,166.0,True,4,0,True,False,False,False
전우리,9389,1,3,4,2,1,FAIRWAY,FAIRWAY,3,GREEN,GREEN,NORMAL_APPROACH,9.8,168.7,True,4,0,True,False,False,True
전우리,9389,1,4,5,2,1,FAIRWAY,FAIRWAY,1,FAIRWAY,FAIRWAY,ADVANCE_LAYUP,120.7,280.5,True,5,0,True,False,False,True
전우리,9389,1,4,5,3,1,FAIRWAY,FAIRWAY,3,GREEN,GREEN,NORMAL_APPROACH,3.0,120.7,True,5,0,True,False,False,True
전우리,9389,1,6,4,2,1,FAIRWAY,FAIRWAY,9,GREENSIDE_BUNKER,GREENSIDE_BUNKER,OTHER_UNRESOLVED,8.5,165.4,False,4,0,True,False,False,True
전우리,9389,1,6,4,3,9,GREENSIDE_BUNKER,GREENSIDE_BUNKER,3,GREEN,GREEN,RECOVERY,7.6,8.5,False,4,0,True,False,False,True
전우리,9389,1,7,5,2,2,ROUGH,ROUGH,1,FAIRWAY,FAIRWAY,RECOVERY,137.0,272.7,False,5,0,True,False,False,False
전우리,9389,1,7,5,3,1,FAIRWAY,FAIRWAY,12,FRINGE,FRINGE,NORMAL_APPROACH,5.4,137.0,False,5,0,True,False,False,False
전우리,9389,1,7,5,4,12,FRINGE,FRINGE,3,GREEN,GREEN,SHORT_GAME,0.2,5.4,False,5,0,True,False,False,False
전우리,9389,1,8,4,2,1,FAIRWAY,FAIRWAY,2,ROUGH,ROUGH,OTHER_UNRESOLVED,18.9,158.7,False,5,1,False,True,False,True
전우리,9389,1,8,4,3,2,ROUGH,ROUGH,3,GREEN,GREEN,RECOVERY,2.5,18.9,False,5,1,False,True,False,True
전우리,9389,1,9,4,2,2,ROUGH,ROUGH,1,FAIRWAY,FAIRWAY,RECOVERY,84.2,136.6,False,4,0,True,False,False,False
전우리,9389,1,9,4,3,1,FAIRWAY,FAIRWAY,3,GREEN,GREEN,NORMAL_APPROACH,4.4,84.2,False,4,0,True,False,False,False
전우리,9389,1,10,5,2,1,FAIRWAY,FAIRWAY,1,FAIRWAY,FAIRWAY,ADVANCE_LAYUP,116.5,308.6,True,5,0,True,False,False,True
전우리,9389,1,10,5,3,1,FAIRWAY,FAIRWAY,3,GREEN,GREEN,NORMAL_APPROACH,18.0,116.5,True,5,0,True,False,False,True
전우리,9389,1,11,3,2,2,ROUGH,ROUGH,3,GREEN,GREEN,RECOVERY,0.2,17.9,False,3,0,True,False,False,
전우리,9389,1,12,4,2,2,ROUGH,ROUGH,3,GREEN,GREEN,RECOVERY,8.5,168.3,True,4,0,True,False,False,False
전우리,9389,1,13,4,2,6,BUNKER,BUNKER,6,BUNKER,BUNKER,RECOVERY,74.8,106.2,False,6,2,False,True,True,False
전우리,9389,1,13,4,3,6,BUNKER,BUNKER,2,ROUGH,ROUGH,RECOVERY,35.5,74.8,False,6,2,False,True,True,False
전우리,9389,1,13,4,4,2,ROUGH,ROUGH,3,GREEN,GREEN,RECOVERY,6.7,35.5,False,6,2,False,True,True,False
전우리,9389,1,14,4,2,1,FAIRWAY,FAIRWAY,9,GREENSIDE_BUNKER,GREENSIDE_BUNKER,OTHER_UNRESOLVED,15.0,135.9,False,4,0,True,False,False,True
전우리,9389,1,14,4,3,9,GREENSIDE_BUNKER,GREENSIDE_BUNKER,3,GREEN,GREEN,RECOVERY,4.1,15.0,False,4,0,True,False,False,True
전우리,9389,1,15,4,2,1,FAIRWAY,FAIRWAY,3,GREEN,GREEN,NORMAL_APPROACH,11.8,153.5,True,4,0,True,False,False,True
전우리,9389,1,17,4,2,1,FAIRWAY,FAIRWAY,3,GREEN,GREEN,NORMAL_APPROACH,5.1,125.3,True,4,0,True,False,False,True
전우리,9389,1,18,5,2,2,ROUGH,ROUGH,1,FAIRWAY,FAIRWAY,RECOVERY,113.3,285.0,True,5,0,True,False,False,False
전우리,9389,1,18,5,3,1,FAIRWAY,FAIRWAY,3,GREEN,GREEN,NORMAL_APPROACH,12.5,113.3,True,5,0,True,False,False,False
전우리,9389,2,1,4,2,1,FAIRWAY,FAIRWAY,12,FRINGE,FRINGE,NORMAL_APPROACH,11.2,153.5,False,4,0,True,False,False,True
전우리,9389,2,1,4,3,12,FRINGE,FRINGE,3,GREEN,GREEN,SHORT_GAME,0.3,11.2,False,4,0,True,False,False,True
전우리,9389,2,3,4,2,1,FAIRWAY,FAIRWAY,3,GREEN,GREEN,NORMAL_APPROACH,13.5,178.5,True,4,0,True,False,False,True
전우리,9389,2,4,5,2,1,FAIRWAY,FAIRWAY,1,FAIRWAY,FAIRWAY,ADVANCE_LAYUP,142.6,294.2,True,4,-1,True,False,False,True
전우리,9389,2,4,5,3,1,FAIRWAY,FAIRWAY,3,GREEN,GREEN,NORMAL_APPROACH,2.8,142.6,True,4,-1,True,False,False,True
전우리,9389,2,5,3,2,9,GREENSIDE_BUNKER,GREENSIDE_BUNKER,3,GREEN,GREEN,RECOVERY,2.1,13.0,False,3,0,True,False,False,
전우리,9389,2,6,4,2,1,FAIRWAY,FAIRWAY,3,GREEN,GREEN,NORMAL_APPROACH,1.4,137.9,True,4,0,True,False,False,True
전우리,9389,2,7,5,2,2,ROUGH,ROUGH,1,FAIRWAY,FAIRWAY,RECOVERY,117.9,291.7,True,5,0,True,False,False,False
전우리,9389,2,7,5,3,1,FAIRWAY,FAIRWAY,3,GREEN,GREEN,NORMAL_APPROACH,11.4,117.9,True,5,0,True,False,False,False
전우리,9389,2,8,4,2,1,FAIRWAY,FAIRWAY,3,GREEN,GREEN,NORMAL_APPROACH,10.5,126.3,True,4,0,True,False,False,True
전우리,9389,2,9,4,2,2,ROUGH,ROUGH,3,GREEN,GREEN,RECOVERY,7.9,132.9,True,3,-1,True,False,False,False
전우리,9389,2,10,5,2,1,FAIRWAY,FAIRWAY,2,ROUGH,ROUGH,ADVANCE_LAYUP,128.1,315.7,True,5,0,True,False,False,True
전우리,9389,2,10,5,3,2,ROUGH,ROUGH,3,GREEN,GREEN,RECOVERY,6.4,128.1,True,5,0,True,False,False,True
전우리,9389,2,11,3,2,2,ROUGH,ROUGH,3,GREEN,GREEN,RECOVERY,1.0,10.6,False,3,0,True,False,False,
전우리,9389,2,12,4,2,6,BUNKER,BUNKER,1,FAIRWAY,FAIRWAY,RECOVERY,84.6,189.2,False,6,2,False,True,True,False
전우리,9389,2,12,4,3,1,FAIRWAY,FAIRWAY,3,GREEN,GREEN,NORMAL_APPROACH,14.7,84.6,False,6,2,False,True,True,False
전우리,9389,2,13,4,2,2,ROUGH,ROUGH,12,FRINGE,FRINGE,RECOVERY,12.4,96.3,False,4,0,True,False,False,False
전우리,9389,2,13,4,3,12,FRINGE,FRINGE,3,GREEN,GREEN,SHORT_GAME,0.2,12.4,False,4,0,True,False,False,False
전우리,9389,2,14,4,2,1,FAIRWAY,FAIRWAY,3,GREEN,GREEN,NORMAL_APPROACH,9.0,158.3,True,4,0,True,False,False,True
전우리,9389,2,15,4,2,1,FAIRWAY,FAIRWAY,3,GREEN,GREEN,NORMAL_APPROACH,8.1,117.6,True,3,-1,True,False,False,True
전우리,9389,2,17,4,2,2,ROUGH,ROUGH,2,ROUGH,ROUGH,RECOVERY,21.4,148.1,False,5,1,False,True,False,False
전우리,9389,2,17,4,3,2,ROUGH,ROUGH,3,GREEN,GREEN,RECOVERY,4.1,21.4,False,5,1,False,True,False,False
전우리,9389,2,18,5,2,1,FAIRWAY,FAIRWAY,1,FAIRWAY,FAIRWAY,ADVANCE_LAYUP,93.1,259.6,True,5,0,True,False,False,True
전우리,9389,2,18,5,3,1,FAIRWAY,FAIRWAY,3,GREEN,GREEN,NORMAL_APPROACH,3.2,93.1,True,5,0,True,False,False,True
전우리,9389,3,1,4,2,1,FAIRWAY,FAIRWAY,9,GREENSIDE_BUNKER,GREENSIDE_BUNKER,OTHER_UNRESOLVED,17.1,162.1,False,4,0,True,False,False,True
전우리,9389,3,1,4,3,9,GREENSIDE_BUNKER,GREENSIDE_BUNKER,3,GREEN,GREEN,RECOVERY,0.8,17.1,False,4,0,True,False,False,True
전우리,9389,3,3,4,2,1,FAIRWAY,FAIRWAY,3,GREEN,GREEN,NORMAL_APPROACH,12.2,187.2,True,4,0,True,False,False,True
전우리,9389,3,4,5,2,2,ROUGH,ROUGH,1,FAIRWAY,FAIRWAY,RECOVERY,145.9,293.1,False,5,0,True,False,False,False
전우리,9389,3,4,5,3,1,FAIRWAY,FAIRWAY,2,ROUGH,ROUGH,ADVANCE_LAYUP,16.8,145.9,False,5,0,True,False,False,False
전우리,9389,3,4,5,4,2,ROUGH,ROUGH,3,GREEN,GREEN,RECOVERY,1.4,16.8,False,5,0,True,False,False,False
전우리,9389,3,6,4,2,1,FAIRWAY,FAIRWAY,3,GREEN,GREEN,NORMAL_APPROACH,3.4,159.7,True,4,0,True,False,False,True
전우리,9389,3,7,5,2,1,FAIRWAY,FAIRWAY,1,FAIRWAY,FAIRWAY,ADVANCE_LAYUP,124.8,299.2,False,5,0,True,False,False,True
전우리,9389,3,7,5,3,1,FAIRWAY,FAIRWAY,2,ROUGH,ROUGH,ADVANCE_LAYUP,9.9,124.8,False,5,0,True,False,False,True
전우리,9389,3,7,5,4,2,ROUGH,ROUGH,3,GREEN,GREEN,RECOVERY,1.1,9.9,False,5,0,True,False,False,True
전우리,9389,3,8,4,2,2,ROUGH,ROUGH,1,FAIRWAY,FAIRWAY,RECOVERY,113.3,143.3,False,4,0,True,False,False,False
전우리,9389,3,8,4,3,1,FAIRWAY,FAIRWAY,3,GREEN,GREEN,NORMAL_APPROACH,13.4,113.3,False,4,0,True,False,False,False
전우리,9389,3,9,4,2,2,ROUGH,ROUGH,3,GREEN,GREEN,RECOVERY,6.6,127.3,True,4,0,True,False,False,False
전우리,9389,3,10,5,2,1,FAIRWAY,FAIRWAY,2,ROUGH,ROUGH,ADVANCE_LAYUP,114.5,291.6,False,5,0,True,False,False,True
전우리,9389,3,10,5,3,2,ROUGH,ROUGH,12,FRINGE,FRINGE,RECOVERY,18.8,114.5,False,5,0,True,False,False,True
전우리,9389,3,10,5,4,12,FRINGE,FRINGE,3,GREEN,GREEN,SHORT_GAME,0.6,18.8,False,5,0,True,False,False,True
전우리,9389,3,12,4,2,1,FAIRWAY,FAIRWAY,3,GREEN,GREEN,NORMAL_APPROACH,6.1,178.9,True,3,-1,True,False,False,True
전우리,9389,3,13,4,2,2,ROUGH,ROUGH,12,FRINGE,FRINGE,RECOVERY,6.0,123.2,False,4,0,True,False,False,False
전우리,9389,3,13,4,3,12,FRINGE,FRINGE,3,GREEN,GREEN,SHORT_GAME,0.7,6.0,False,4,0,True,False,False,False
전우리,9389,3,14,4,2,1,FAIRWAY,FAIRWAY,3,GREEN,GREEN,NORMAL_APPROACH,4.0,144.2,True,4,0,True,False,False,True
전우리,9389,3,15,4,2,1,FAIRWAY,FAIRWAY,12,FRINGE,FRINGE,NORMAL_APPROACH,15.6,164.6,False,5,1,False,True,False,True
전우리,9389,3,15,4,3,12,FRINGE,FRINGE,3,GREEN,GREEN,SHORT_GAME,2.2,15.6,False,5,1,False,True,False,True
전우리,9389,3,17,4,2,2,ROUGH,ROUGH,3,GREEN,GREEN,RECOVERY,10.8,123.6,True,4,0,True,False,False,False
전우리,9389,3,18,5,2,1,FAIRWAY,FAIRWAY,1,FAIRWAY,FAIRWAY,ADVANCE_LAYUP,88.3,264.4,True,5,0,True,False,False,True
전우리,9389,3,18,5,3,1,FAIRWAY,FAIRWAY,3,GREEN,GREEN,NORMAL_APPROACH,6.9,88.3,True,5,0,True,False,False,True
전우리,9389,4,1,4,2,6,BUNKER,BUNKER,1,FAIRWAY,FAIRWAY,RECOVERY,94.6,169.2,False,5,1,False,True,False,False
전우리,9389,4,1,4,3,1,FAIRWAY,FAIRWAY,3,GREEN,GREEN,NORMAL_APPROACH,15.6,94.6,False,5,1,False,True,False,False
전우리,9389,4,3,4,2,1,FAIRWAY,FAIRWAY,3,GREEN,GREEN,NORMAL_APPROACH,9.0,168.3,True,4,0,True,False,False,True
전우리,9389,4,4,5,2,1,FAIRWAY,FAIRWAY,1,FAIRWAY,FAIRWAY,ADVANCE_LAYUP,135.2,293.4,False,5,0,True,False,False,True
전우리,9389,4,4,5,3,1,FAIRWAY,FAIRWAY,12,FRINGE,FRINGE,NORMAL_APPROACH,10.0,135.2,False,5,0,True,False,False,True
전우리,9389,4,4,5,4,12,FRINGE,FRINGE,3,GREEN,GREEN,SHORT_GAME,0.9,10.0,False,5,0,True,False,False,True
전우리,9389,4,6,4,2,2,ROUGH,ROUGH,3,GREEN,GREEN,RECOVERY,4.3,129.8,True,4,0,True,False,False,False
전우리,9389,4,7,5,2,1,FAIRWAY,FAIRWAY,1,FAIRWAY,FAIRWAY,ADVANCE_LAYUP,116.8,297.9,True,5,0,True,False,False,True
전우리,9389,4,7,5,3,1,FAIRWAY,FAIRWAY,3,GREEN,GREEN,NORMAL_APPROACH,8.0,116.8,True,5,0,True,False,False,True
전우리,9389,4,8,4,2,1,FAIRWAY,FAIRWAY,3,GREEN,GREEN,NORMAL_APPROACH,3.7,112.7,True,4,0,True,False,False,True
전우리,9389,4,9,4,2,2,ROUGH,ROUGH,3,GREEN,GREEN,RECOVERY,7.8,101.4,True,4,0,True,False,False,False
전우리,9389,4,10,5,2,2,ROUGH,ROUGH,2,ROUGH,ROUGH,RECOVERY,126.8,292.8,True,6,1,False,True,False,False
전우리,9389,4,10,5,3,2,ROUGH,ROUGH,3,GREEN,GREEN,RECOVERY,21.2,126.8,True,6,1,False,True,False,False
전우리,9389,4,12,4,2,1,FAIRWAY,FAIRWAY,2,ROUGH,ROUGH,OTHER_UNRESOLVED,15.0,174.6,False,4,0,True,False,False,True
전우리,9389,4,12,4,3,2,ROUGH,ROUGH,3,GREEN,GREEN,RECOVERY,1.8,15.0,False,4,0,True,False,False,True
전우리,9389,4,13,4,2,1,FAIRWAY,FAIRWAY,3,GREEN,GREEN,NORMAL_APPROACH,7.8,131.5,True,4,0,True,False,False,True
전우리,9389,4,14,4,2,1,FAIRWAY,FAIRWAY,3,GREEN,GREEN,NORMAL_APPROACH,3.2,152.7,True,4,0,True,False,False,True
전우리,9389,4,15,4,2,2,ROUGH,ROUGH,12,FRINGE,FRINGE,RECOVERY,25.1,168.0,False,5,1,False,True,False,False
전우리,9389,4,15,4,3,12,FRINGE,FRINGE,3,GREEN,GREEN,SHORT_GAME,2.0,25.1,False,5,1,False,True,False,False
전우리,9389,4,16,3,2,2,ROUGH,ROUGH,3,GREEN,GREEN,RECOVERY,5.3,22.6,False,3,0,True,False,False,
전우리,9389,4,17,4,2,1,FAIRWAY,FAIRWAY,3,GREEN,GREEN,NORMAL_APPROACH,13.5,117.8,True,4,0,True,False,False,True
전우리,9389,4,18,5,2,2,ROUGH,ROUGH,1,FAIRWAY,FAIRWAY,RECOVERY,101.5,274.1,True,5,0,True,False,False,False
전우리,9389,4,18,5,3,1,FAIRWAY,FAIRWAY,3,GREEN,GREEN,NORMAL_APPROACH,3.7,101.5,True,5,0,True,False,False,False
최가빈,9391,1,1,4,2,1,FAIRWAY,FAIRWAY,12,FRINGE,FRINGE,NORMAL_APPROACH,7.4,187.9,False,4,0,True,False,False,True
최가빈,9391,1,1,4,3,12,FRINGE,FRINGE,3,GREEN,GREEN,SHORT_GAME,0.8,7.4,False,4,0,True,False,False,True
최가빈,9391,1,3,4,2,1,FAIRWAY,FAIRWAY,12,FRINGE,FRINGE,NORMAL_APPROACH,23.8,181.1,False,5,1,False,True,False,True
최가빈,9391,1,3,4,3,12,FRINGE,FRINGE,3,GREEN,GREEN,SHORT_GAME,1.6,23.8,False,5,1,False,True,False,True
최가빈,9391,1,4,5,2,6,BUNKER,BUNKER,1,FAIRWAY,FAIRWAY,RECOVERY,147.3,280.5,True,5,0,True,False,False,False
최가빈,9391,1,4,5,3,1,FAIRWAY,FAIRWAY,3,GREEN,GREEN,NORMAL_APPROACH,16.7,147.3,True,5,0,True,False,False,False
최가빈,9391,1,6,4,2,1,FAIRWAY,FAIRWAY,9,GREENSIDE_BUNKER,GREENSIDE_BUNKER,OTHER_UNRESOLVED,9.9,202.7,False,5,1,False,True,False,True
최가빈,9391,1,6,4,3,9,GREENSIDE_BUNKER,GREENSIDE_BUNKER,9,GREENSIDE_BUNKER,GREENSIDE_BUNKER,RECOVERY,7.4,9.9,False,5,1,False,True,False,True
최가빈,9391,1,6,4,4,9,GREENSIDE_BUNKER,GREENSIDE_BUNKER,3,GREEN,GREEN,RECOVERY,2.7,7.4,False,5,1,False,True,False,True
최가빈,9391,1,7,5,2,2,ROUGH,ROUGH,1,FAIRWAY,FAIRWAY,RECOVERY,84.5,261.9,True,5,0,True,False,False,False
최가빈,9391,1,7,5,3,1,FAIRWAY,FAIRWAY,3,GREEN,GREEN,NORMAL_APPROACH,5.4,84.5,True,5,0,True,False,False,False
최가빈,9391,1,8,4,2,2,ROUGH,ROUGH,2,ROUGH,ROUGH,RECOVERY,32.4,154.9,False,6,2,False,True,True,False
최가빈,9391,1,8,4,3,2,ROUGH,ROUGH,2,ROUGH,ROUGH,RECOVERY,12.8,32.4,False,6,2,False,True,True,False
최가빈,9391,1,8,4,4,2,ROUGH,ROUGH,3,GREEN,GREEN,RECOVERY,2.9,12.8,False,6,2,False,True,True,False
최가빈,9391,1,9,4,2,1,FAIRWAY,FAIRWAY,12,FRINGE,FRINGE,NORMAL_APPROACH,8.7,124.4,False,4,0,True,False,False,True
최가빈,9391,1,9,4,3,12,FRINGE,FRINGE,3,GREEN,GREEN,SHORT_GAME,1.4,8.7,False,4,0,True,False,False,True
최가빈,9391,1,10,5,2,2,ROUGH,ROUGH,1,FAIRWAY,FAIRWAY,RECOVERY,147.9,311.3,True,5,0,True,False,False,False
최가빈,9391,1,10,5,3,1,FAIRWAY,FAIRWAY,3,GREEN,GREEN,NORMAL_APPROACH,5.4,147.9,True,5,0,True,False,False,False
최가빈,9391,1,12,4,2,1,FAIRWAY,FAIRWAY,3,GREEN,GREEN,NORMAL_APPROACH,8.7,164.9,True,4,0,True,False,False,True
최가빈,9391,1,13,4,2,1,FAIRWAY,FAIRWAY,3,GREEN,GREEN,NORMAL_APPROACH,6.2,118.2,True,4,0,True,False,False,True
최가빈,9391,1,14,4,2,1,FAIRWAY,FAIRWAY,3,GREEN,GREEN,NORMAL_APPROACH,15.9,158.7,True,4,0,True,False,False,True
최가빈,9391,1,15,4,2,2,ROUGH,ROUGH,3,GREEN,GREEN,RECOVERY,17.2,132.2,True,4,0,True,False,False,False
최가빈,9391,1,17,4,2,1,FAIRWAY,FAIRWAY,12,FRINGE,FRINGE,NORMAL_APPROACH,7.0,118.7,False,4,0,True,False,False,True
최가빈,9391,1,17,4,3,12,FRINGE,FRINGE,3,GREEN,GREEN,SHORT_GAME,0.2,7.0,False,4,0,True,False,False,True
최가빈,9391,1,18,5,2,1,FAIRWAY,FAIRWAY,1,FAIRWAY,FAIRWAY,ADVANCE_LAYUP,98.8,281.5,True,6,1,False,True,False,True
최가빈,9391,1,18,5,3,1,FAIRWAY,FAIRWAY,3,GREEN,GREEN,NORMAL_APPROACH,5.7,98.8,True,6,1,False,True,False,True
최가빈,9391,2,1,4,2,2,ROUGH,ROUGH,2,ROUGH,ROUGH,RECOVERY,36.7,196.0,False,5,1,False,True,False,False
최가빈,9391,2,1,4,3,2,ROUGH,ROUGH,3,GREEN,GREEN,RECOVERY,1.3,36.7,False,5,1,False,True,False,False
최가빈,9391,2,2,3,2,2,ROUGH,ROUGH,8,PENALTY_STROKE,LOST_BALL_PENALTY_RESTART,RECOVERY,66.3,7.6,False,5,2,False,True,True,
최가빈,9391,2,2,3,3,8,PENALTY_STROKE,LOST_BALL_PENALTY_RESTART,3,GREEN,GREEN,PENALTY_RESTART,13.0,66.3,False,5,2,False,True,True,
최가빈,9391,2,3,4,2,2,ROUGH,ROUGH,3,GREEN,GREEN,RECOVERY,11.4,197.2,True,4,0,True,False,False,False
최가빈,9391,2,4,5,2,7,LOST_BALL,LOST_BALL_PENALTY_RESTART,8,PENALTY_STROKE,LOST_BALL_PENALTY_RESTART,PENALTY_RESTART,522.2,522.2,False,6,1,False,True,False,False
최가빈,9391,2,4,5,3,8,PENALTY_STROKE,LOST_BALL_PENALTY_RESTART,1,FAIRWAY,FAIRWAY,PENALTY_RESTART,286.0,522.2,False,6,1,False,True,False,False
최가빈,9391,2,4,5,4,1,FAIRWAY,FAIRWAY,1,FAIRWAY,FAIRWAY,ADVANCE_LAYUP,89.9,286.0,False,6,1,False,True,False,False
최가빈,9391,2,4,5,5,1,FAIRWAY,FAIRWAY,3,GREEN,GREEN,NORMAL_APPROACH,2.3,89.9,False,6,1,False,True,False,False
최가빈,9391,2,5,3,2,12,FRINGE,FRINGE,3,GREEN,GREEN,SHORT_GAME,2.1,17.2,False,4,1,False,True,False,
최가빈,9391,2,6,4,2,2,ROUGH,ROUGH,2,ROUGH,ROUGH,RECOVERY,16.2,142.9,False,4,0,True,False,False,False
최가빈,9391,2,6,4,3,2,ROUGH,ROUGH,3,GREEN,GREEN,RECOVERY,0.8,16.2,False,4,0,True,False,False,False
최가빈,9391,2,7,5,2,2,ROUGH,ROUGH,1,FAIRWAY,FAIRWAY,RECOVERY,101.8,299.2,True,4,-1,True,False,False,False
최가빈,9391,2,7,5,3,1,FAIRWAY,FAIRWAY,3,GREEN,GREEN,NORMAL_APPROACH,6.6,101.8,True,4,-1,True,False,False,False
최가빈,9391,2,8,4,2,2,ROUGH,ROUGH,3,GREEN,GREEN,RECOVERY,9.7,132.8,True,4,0,True,False,False,False
최가빈,9391,2,9,4,2,1,FAIRWAY,FAIRWAY,3,GREEN,GREEN,NORMAL_APPROACH,6.9,99.4,True,4,0,True,False,False,True
최가빈,9391,2,10,5,2,1,FAIRWAY,FAIRWAY,1,FAIRWAY,FAIRWAY,ADVANCE_LAYUP,119.8,321.4,False,5,0,True,False,False,True
최가빈,9391,2,10,5,3,1,FAIRWAY,FAIRWAY,12,FRINGE,FRINGE,NORMAL_APPROACH,4.4,119.8,False,5,0,True,False,False,True
최가빈,9391,2,10,5,4,12,FRINGE,FRINGE,3,GREEN,GREEN,SHORT_GAME,0.5,4.4,False,5,0,True,False,False,True
최가빈,9391,2,11,3,2,2,ROUGH,ROUGH,3,GREEN,GREEN,RECOVERY,3.2,14.1,False,4,1,False,True,False,
최가빈,9391,2,12,4,2,1,FAIRWAY,FAIRWAY,3,GREEN,GREEN,NORMAL_APPROACH,14.7,150.3,True,4,0,True,False,False,True
최가빈,9391,2,13,4,2,2,ROUGH,ROUGH,12,FRINGE,FRINGE,RECOVERY,13.6,95.6,False,4,0,True,False,False,False
최가빈,9391,2,13,4,3,12,FRINGE,FRINGE,3,GREEN,GREEN,SHORT_GAME,1.3,13.6,False,4,0,True,False,False,False
최가빈,9391,2,14,4,2,1,FAIRWAY,FAIRWAY,3,GREEN,GREEN,NORMAL_APPROACH,5.3,163.6,True,4,0,True,False,False,True
최가빈,9391,2,15,4,2,2,ROUGH,ROUGH,2,ROUGH,ROUGH,RECOVERY,78.0,150.7,False,5,1,False,True,False,False
최가빈,9391,2,15,4,3,2,ROUGH,ROUGH,3,GREEN,GREEN,RECOVERY,8.4,78.0,False,5,1,False,True,False,False
최가빈,9391,2,16,3,2,2,ROUGH,ROUGH,10,HOLED,HOLED,RECOVERY,0.0,11.8,False,2,-1,True,False,False,
최가빈,9391,2,17,4,2,6,BUNKER,BUNKER,3,GREEN,GREEN,RECOVERY,15.2,128.2,True,4,0,True,False,False,False
최가빈,9391,2,18,5,2,2,ROUGH,ROUGH,2,ROUGH,ROUGH,RECOVERY,100.2,272.5,True,5,0,True,False,False,False
최가빈,9391,2,18,5,3,2,ROUGH,ROUGH,3,GREEN,GREEN,RECOVERY,3.9,100.2,True,5,0,True,False,False,False
한진선,9426,1,1,4,2,1,FAIRWAY,FAIRWAY,3,GREEN,GREEN,NORMAL_APPROACH,4.7,179.4,True,4,0,True,False,False,True
한진선,9426,1,2,3,2,5,PENALTY_AREA,PENALTY_AREA,2,ROUGH,ROUGH,PENALTY_RESTART,10.8,13.9,False,5,2,False,True,True,
한진선,9426,1,2,3,3,2,ROUGH,ROUGH,3,GREEN,GREEN,RECOVERY,3.7,10.8,False,5,2,False,True,True,
한진선,9426,1,3,4,2,1,FAIRWAY,FAIRWAY,3,GREEN,GREEN,NORMAL_APPROACH,14.1,190.1,True,4,0,True,False,False,True
한진선,9426,1,4,5,2,2,ROUGH,ROUGH,1,FAIRWAY,FAIRWAY,RECOVERY,153.0,303.2,True,4,-1,True,False,False,False
한진선,9426,1,4,5,3,1,FAIRWAY,FAIRWAY,3,GREEN,GREEN,NORMAL_APPROACH,0.5,153.0,True,4,-1,True,False,False,False
한진선,9426,1,5,3,2,9,GREENSIDE_BUNKER,GREENSIDE_BUNKER,3,GREEN,GREEN,RECOVERY,6.1,14.8,False,3,0,True,False,False,
한진선,9426,1,6,4,2,2,ROUGH,ROUGH,1,FAIRWAY,FAIRWAY,RECOVERY,75.1,187.9,False,5,1,False,True,False,False
한진선,9426,1,6,4,3,1,FAIRWAY,FAIRWAY,3,GREEN,GREEN,NORMAL_APPROACH,5.3,75.1,False,5,1,False,True,False,False
한진선,9426,1,7,5,2,1,FAIRWAY,FAIRWAY,2,ROUGH,ROUGH,ADVANCE_LAYUP,93.1,281.9,True,4,-1,True,False,False,True
한진선,9426,1,7,5,3,2,ROUGH,ROUGH,3,GREEN,GREEN,RECOVERY,2.8,93.1,True,4,-1,True,False,False,True
한진선,9426,1,8,4,2,1,FAIRWAY,FAIRWAY,3,GREEN,GREEN,NORMAL_APPROACH,6.5,164.4,True,3,-1,True,False,False,True
한진선,9426,1,9,4,2,2,ROUGH,ROUGH,3,GREEN,GREEN,RECOVERY,14.7,133.0,True,4,0,True,False,False,False
한진선,9426,1,10,5,2,1,FAIRWAY,FAIRWAY,1,FAIRWAY,FAIRWAY,ADVANCE_LAYUP,121.9,318.8,False,7,2,False,True,True,True
한진선,9426,1,10,5,3,1,FAIRWAY,FAIRWAY,9,GREENSIDE_BUNKER,GREENSIDE_BUNKER,ADVANCE_LAYUP,14.1,121.9,False,7,2,False,True,True,True
한진선,9426,1,10,5,4,9,GREENSIDE_BUNKER,GREENSIDE_BUNKER,2,ROUGH,ROUGH,RECOVERY,7.9,14.1,False,7,2,False,True,True,True
한진선,9426,1,10,5,5,2,ROUGH,ROUGH,3,GREEN,GREEN,RECOVERY,4.3,7.9,False,7,2,False,True,True,True
한진선,9426,1,12,4,2,1,FAIRWAY,FAIRWAY,2,ROUGH,ROUGH,OTHER_UNRESOLVED,9.7,144.1,False,5,1,False,True,False,True
한진선,9426,1,12,4,3,2,ROUGH,ROUGH,3,GREEN,GREEN,RECOVERY,3.3,9.7,False,5,1,False,True,False,True
한진선,9426,1,13,4,2,1,FAIRWAY,FAIRWAY,3,GREEN,GREEN,NORMAL_APPROACH,2.8,122.6,True,3,-1,True,False,False,True
한진선,9426,1,14,4,2,1,FAIRWAY,FAIRWAY,3,GREEN,GREEN,NORMAL_APPROACH,2.1,148.9,True,3,-1,True,False,False,True
한진선,9426,1,15,4,2,1,FAIRWAY,FAIRWAY,3,GREEN,GREEN,NORMAL_APPROACH,4.5,145.6,True,3,-1,True,False,False,True
한진선,9426,1,16,3,2,5,PENALTY_AREA,PENALTY_AREA,5,PENALTY_AREA,PENALTY_AREA,PENALTY_RESTART,16.0,15.8,False,7,4,False,True,True,
한진선,9426,1,16,3,3,5,PENALTY_AREA,PENALTY_AREA,5,PENALTY_AREA,PENALTY_AREA,PENALTY_RESTART,0.0,16.0,False,7,4,False,True,True,
한진선,9426,1,16,3,4,5,PENALTY_AREA,PENALTY_AREA,8,PENALTY_STROKE,LOST_BALL_PENALTY_RESTART,PENALTY_RESTART,117.5,0.0,False,7,4,False,True,True,
한진선,9426,1,16,3,5,8,PENALTY_STROKE,LOST_BALL_PENALTY_RESTART,12,FRINGE,FRINGE,PENALTY_RESTART,8.5,117.5,False,7,4,False,True,True,
한진선,9426,1,16,3,6,12,FRINGE,FRINGE,3,GREEN,GREEN,SHORT_GAME,0.2,8.5,False,7,4,False,True,True,
한진선,9426,1,17,4,2,1,FAIRWAY,FAIRWAY,3,GREEN,GREEN,NORMAL_APPROACH,5.4,131.3,True,4,0,True,False,False,True
한진선,9426,1,18,5,2,1,FAIRWAY,FAIRWAY,1,FAIRWAY,FAIRWAY,ADVANCE_LAYUP,103.7,296.7,True,4,-1,True,False,False,True
한진선,9426,1,18,5,3,1,FAIRWAY,FAIRWAY,3,GREEN,GREEN,NORMAL_APPROACH,5.7,103.7,True,4,-1,True,False,False,True
한진선,9426,2,1,4,2,2,ROUGH,ROUGH,2,ROUGH,ROUGH,RECOVERY,26.8,172.0,False,5,1,False,True,False,False
한진선,9426,2,1,4,3,2,ROUGH,ROUGH,3,GREEN,GREEN,RECOVERY,4.4,26.8,False,5,1,False,True,False,False
한진선,9426,2,2,3,2,5,PENALTY_AREA,PENALTY_AREA,8,PENALTY_STROKE,LOST_BALL_PENALTY_RESTART,PENALTY_RESTART,67.0,0.0,False,5,2,False,True,True,
한진선,9426,2,2,3,3,8,PENALTY_STROKE,LOST_BALL_PENALTY_RESTART,3,GREEN,GREEN,PENALTY_RESTART,8.6,67.0,False,5,2,False,True,True,
한진선,9426,2,3,4,2,1,FAIRWAY,FAIRWAY,2,ROUGH,ROUGH,OTHER_UNRESOLVED,21.3,202.2,False,4,0,True,False,False,True
한진선,9426,2,3,4,3,2,ROUGH,ROUGH,3,GREEN,GREEN,RECOVERY,0.9,21.3,False,4,0,True,False,False,True
한진선,9426,2,4,5,2,1,FAIRWAY,FAIRWAY,1,FAIRWAY,FAIRWAY,ADVANCE_LAYUP,94.6,299.8,False,5,0,True,False,False,True
한진선,9426,2,4,5,3,1,FAIRWAY,FAIRWAY,12,FRINGE,FRINGE,NORMAL_APPROACH,6.6,94.6,False,5,0,True,False,False,True
한진선,9426,2,4,5,4,12,FRINGE,FRINGE,3,GREEN,GREEN,SHORT_GAME,2.3,6.6,False,5,0,True,False,False,True
한진선,9426,2,6,4,2,2,ROUGH,ROUGH,2,ROUGH,ROUGH,RECOVERY,22.2,164.5,False,4,0,True,False,False,False
한진선,9426,2,6,4,3,2,ROUGH,ROUGH,3,GREEN,GREEN,RECOVERY,1.3,22.2,False,4,0,True,False,False,False
한진선,9426,2,7,5,2,1,FAIRWAY,FAIRWAY,1,FAIRWAY,FAIRWAY,ADVANCE_LAYUP,99.5,310.9,False,6,1,False,True,False,True
한진선,9426,2,7,5,3,1,FAIRWAY,FAIRWAY,2,ROUGH,ROUGH,ADVANCE_LAYUP,24.6,99.5,False,6,1,False,True,False,True
한진선,9426,2,7,5,4,2,ROUGH,ROUGH,3,GREEN,GREEN,RECOVERY,2.0,24.6,False,6,1,False,True,False,True
한진선,9426,2,8,4,2,1,FAIRWAY,FAIRWAY,3,GREEN,GREEN,NORMAL_APPROACH,7.5,136.8,True,4,0,True,False,False,True
한진선,9426,2,9,4,2,2,ROUGH,ROUGH,3,GREEN,GREEN,RECOVERY,6.7,120.7,True,4,0,True,False,False,False
한진선,9426,2,10,5,2,1,FAIRWAY,FAIRWAY,1,FAIRWAY,FAIRWAY,ADVANCE_LAYUP,128.5,331.8,True,4,-1,True,False,False,True
한진선,9426,2,10,5,3,1,FAIRWAY,FAIRWAY,3,GREEN,GREEN,NORMAL_APPROACH,1.3,128.5,True,4,-1,True,False,False,True
한진선,9426,2,12,4,2,1,FAIRWAY,FAIRWAY,12,FRINGE,FRINGE,NORMAL_APPROACH,8.6,163.2,False,4,0,True,False,False,True
한진선,9426,2,12,4,3,12,FRINGE,FRINGE,3,GREEN,GREEN,SHORT_GAME,1.2,8.6,False,4,0,True,False,False,True
한진선,9426,2,13,4,2,2,ROUGH,ROUGH,12,FRINGE,FRINGE,RECOVERY,5.2,106.8,False,4,0,True,False,False,False
한진선,9426,2,13,4,3,12,FRINGE,FRINGE,3,GREEN,GREEN,SHORT_GAME,0.7,5.2,False,4,0,True,False,False,False
한진선,9426,2,14,4,2,1,FAIRWAY,FAIRWAY,3,GREEN,GREEN,NORMAL_APPROACH,1.7,169.6,True,3,-1,True,False,False,True
한진선,9426,2,15,4,2,1,FAIRWAY,FAIRWAY,12,FRINGE,FRINGE,NORMAL_APPROACH,8.9,158.7,False,4,0,True,False,False,True
한진선,9426,2,15,4,3,12,FRINGE,FRINGE,3,GREEN,GREEN,SHORT_GAME,0.5,8.9,False,4,0,True,False,False,True
한진선,9426,2,17,4,2,1,FAIRWAY,FAIRWAY,3,GREEN,GREEN,NORMAL_APPROACH,1.4,141.0,True,3,-1,True,False,False,True
한진선,9426,2,18,5,2,1,FAIRWAY,FAIRWAY,2,ROUGH,ROUGH,ADVANCE_LAYUP,108.6,280.2,True,5,0,True,False,False,True
한진선,9426,2,18,5,3,2,ROUGH,ROUGH,3,GREEN,GREEN,RECOVERY,20.4,108.6,True,5,0,True,False,False,True
한진선,9426,3,1,4,2,1,FAIRWAY,FAIRWAY,2,ROUGH,ROUGH,OTHER_UNRESOLVED,26.6,182.2,False,4,0,True,False,False,True
한진선,9426,3,1,4,3,2,ROUGH,ROUGH,12,FRINGE,FRINGE,RECOVERY,7.0,26.6,False,4,0,True,False,False,True
한진선,9426,3,1,4,4,12,FRINGE,FRINGE,10,HOLED,HOLED,SHORT_GAME,0.0,7.0,False,4,0,True,False,False,True
한진선,9426,3,3,4,2,1,FAIRWAY,FAIRWAY,2,ROUGH,ROUGH,OTHER_UNRESOLVED,24.9,211.5,False,4,0,True,False,False,True
한진선,9426,3,3,4,3,2,ROUGH,ROUGH,3,GREEN,GREEN,RECOVERY,3.3,24.9,False,4,0,True,False,False,True
한진선,9426,3,4,5,2,1,FAIRWAY,FAIRWAY,1,FAIRWAY,FAIRWAY,ADVANCE_LAYUP,90.7,294.2,True,5,0,True,False,False,True
한진선,9426,3,4,5,3,1,FAIRWAY,FAIRWAY,3,GREEN,GREEN,NORMAL_APPROACH,6.1,90.7,True,5,0,True,False,False,True
한진선,9426,3,6,4,2,1,FAIRWAY,FAIRWAY,9,GREENSIDE_BUNKER,GREENSIDE_BUNKER,OTHER_UNRESOLVED,15.4,173.8,False,6,2,False,True,True,True
한진선,9426,3,6,4,3,9,GREENSIDE_BUNKER,GREENSIDE_BUNKER,3,GREEN,GREEN,RECOVERY,4.6,15.4,False,6,2,False,True,True,True
한진선,9426,3,7,5,2,2,ROUGH,ROUGH,2,ROUGH,ROUGH,RECOVERY,333.3,333.2,False,8,3,False,True,True,False
한진선,9426,3,7,5,3,2,ROUGH,ROUGH,8,PENALTY_STROKE,LOST_BALL_PENALTY_RESTART,RECOVERY,333.5,333.3,False,8,3,False,True,True,False
한진선,9426,3,7,5,4,8,PENALTY_STROKE,LOST_BALL_PENALTY_RESTART,1,FAIRWAY,FAIRWAY,PENALTY_RESTART,154.4,333.5,False,8,3,False,True,True,False
한진선,9426,3,7,5,5,1,FAIRWAY,FAIRWAY,3,GREEN,GREEN,NORMAL_APPROACH,22.1,154.4,False,8,3,False,True,True,False
한진선,9426,3,8,4,2,1,FAIRWAY,FAIRWAY,3,GREEN,GREEN,NORMAL_APPROACH,4.5,154.8,True,4,0,True,False,False,True
한진선,9426,3,9,4,2,2,ROUGH,ROUGH,5,PENALTY_AREA,PENALTY_AREA,RECOVERY,0.0,140.3,False,6,2,False,True,True,False
한진선,9426,3,9,4,3,5,PENALTY_AREA,PENALTY_AREA,8,PENALTY_STROKE,LOST_BALL_PENALTY_RESTART,PENALTY_RESTART,21.4,0.0,False,6,2,False,True,True,False
한진선,9426,3,9,4,4,8,PENALTY_STROKE,LOST_BALL_PENALTY_RESTART,3,GREEN,GREEN,PENALTY_RESTART,6.3,21.4,False,6,2,False,True,True,False
한진선,9426,3,10,5,2,2,ROUGH,ROUGH,1,FAIRWAY,FAIRWAY,RECOVERY,148.8,316.8,True,5,0,True,False,False,False
한진선,9426,3,10,5,3,1,FAIRWAY,FAIRWAY,3,GREEN,GREEN,NORMAL_APPROACH,12.3,148.8,True,5,0,True,False,False,False
한진선,9426,3,12,4,2,2,ROUGH,ROUGH,9,GREENSIDE_BUNKER,GREENSIDE_BUNKER,RECOVERY,18.2,165.1,False,4,0,True,False,False,False
한진선,9426,3,12,4,3,9,GREENSIDE_BUNKER,GREENSIDE_BUNKER,3,GREEN,GREEN,RECOVERY,2.7,18.2,False,4,0,True,False,False,False
한진선,9426,3,13,4,2,2,ROUGH,ROUGH,2,ROUGH,ROUGH,RECOVERY,10.0,133.9,False,4,0,True,False,False,False
한진선,9426,3,13,4,3,2,ROUGH,ROUGH,3,GREEN,GREEN,RECOVERY,0.9,10.0,False,4,0,True,False,False,False
한진선,9426,3,14,4,2,1,FAIRWAY,FAIRWAY,3,GREEN,GREEN,NORMAL_APPROACH,6.2,149.0,True,3,-1,True,False,False,True
한진선,9426,3,15,4,2,1,FAIRWAY,FAIRWAY,3,GREEN,GREEN,NORMAL_APPROACH,20.7,174.8,True,5,1,False,True,False,True
한진선,9426,3,16,3,2,12,FRINGE,FRINGE,3,GREEN,GREEN,SHORT_GAME,2.2,14.6,False,3,0,True,False,False,
한진선,9426,3,17,4,2,2,ROUGH,ROUGH,2,ROUGH,ROUGH,RECOVERY,22.7,137.1,False,4,0,True,False,False,False
한진선,9426,3,17,4,3,2,ROUGH,ROUGH,3,GREEN,GREEN,RECOVERY,1.7,22.7,False,4,0,True,False,False,False
한진선,9426,3,18,5,2,1,FAIRWAY,FAIRWAY,1,FAIRWAY,FAIRWAY,ADVANCE_LAYUP,82.1,283.8,True,5,0,True,False,False,True
한진선,9426,3,18,5,3,1,FAIRWAY,FAIRWAY,3,GREEN,GREEN,NORMAL_APPROACH,3.9,82.1,True,5,0,True,False,False,True
한진선,9426,4,1,4,2,6,BUNKER,BUNKER,3,GREEN,GREEN,RECOVERY,15.3,166.5,True,4,0,True,False,False,False
한진선,9426,4,3,4,2,1,FAIRWAY,FAIRWAY,12,FRINGE,FRINGE,NORMAL_APPROACH,11.8,183.3,False,4,0,True,False,False,True
한진선,9426,4,3,4,3,12,FRINGE,FRINGE,3,GREEN,GREEN,SHORT_GAME,2.0,11.8,False,4,0,True,False,False,True
한진선,9426,4,4,5,2,1,FAIRWAY,FAIRWAY,2,ROUGH,ROUGH,ADVANCE_LAYUP,113.8,306.1,True,6,1,False,True,False,True
한진선,9426,4,4,5,3,2,ROUGH,ROUGH,3,GREEN,GREEN,RECOVERY,19.6,113.8,True,6,1,False,True,False,True
한진선,9426,4,5,3,2,2,ROUGH,ROUGH,3,GREEN,GREEN,RECOVERY,0.2,9.6,False,3,0,True,False,False,
한진선,9426,4,6,4,2,1,FAIRWAY,FAIRWAY,3,GREEN,GREEN,NORMAL_APPROACH,5.0,137.7,True,4,0,True,False,False,True
한진선,9426,4,7,5,2,1,FAIRWAY,FAIRWAY,1,FAIRWAY,FAIRWAY,ADVANCE_LAYUP,93.5,303.3,True,4,-1,True,False,False,True
한진선,9426,4,7,5,3,1,FAIRWAY,FAIRWAY,3,GREEN,GREEN,NORMAL_APPROACH,12.8,93.5,True,4,-1,True,False,False,True
한진선,9426,4,8,4,2,1,FAIRWAY,FAIRWAY,3,GREEN,GREEN,NORMAL_APPROACH,2.7,132.4,True,4,0,True,False,False,True
한진선,9426,4,9,4,2,1,FAIRWAY,FAIRWAY,3,GREEN,GREEN,NORMAL_APPROACH,7.7,109.6,True,4,0,True,False,False,True
한진선,9426,4,10,5,2,2,ROUGH,ROUGH,1,FAIRWAY,FAIRWAY,RECOVERY,120.5,314.1,True,5,0,True,False,False,False
한진선,9426,4,10,5,3,1,FAIRWAY,FAIRWAY,3,GREEN,GREEN,NORMAL_APPROACH,5.7,120.5,True,5,0,True,False,False,False
한진선,9426,4,12,4,2,2,ROUGH,ROUGH,2,ROUGH,ROUGH,RECOVERY,14.9,155.3,False,5,1,False,True,False,False
한진선,9426,4,12,4,3,2,ROUGH,ROUGH,3,GREEN,GREEN,RECOVERY,3.9,14.9,False,5,1,False,True,False,False
한진선,9426,4,13,4,2,2,ROUGH,ROUGH,12,FRINGE,FRINGE,RECOVERY,15.2,143.9,False,4,0,True,False,False,False
한진선,9426,4,13,4,3,12,FRINGE,FRINGE,3,GREEN,GREEN,SHORT_GAME,7.1,15.2,False,4,0,True,False,False,False
한진선,9426,4,14,4,2,1,FAIRWAY,FAIRWAY,3,GREEN,GREEN,NORMAL_APPROACH,7.2,148.4,True,4,0,True,False,False,True
한진선,9426,4,15,4,2,2,ROUGH,ROUGH,2,ROUGH,ROUGH,RECOVERY,17.5,155.2,False,4,0,True,False,False,False
한진선,9426,4,15,4,3,2,ROUGH,ROUGH,3,GREEN,GREEN,RECOVERY,1.0,17.5,False,4,0,True,False,False,False
한진선,9426,4,17,4,2,2,ROUGH,ROUGH,9,GREENSIDE_BUNKER,GREENSIDE_BUNKER,RECOVERY,13.7,120.3,False,4,0,True,False,False,False
한진선,9426,4,17,4,3,9,GREENSIDE_BUNKER,GREENSIDE_BUNKER,3,GREEN,GREEN,RECOVERY,1.4,13.7,False,4,0,True,False,False,False
한진선,9426,4,18,5,2,1,FAIRWAY,FAIRWAY,1,FAIRWAY,FAIRWAY,ADVANCE_LAYUP,105.7,293.3,True,4,-1,True,False,False,True
한진선,9426,4,18,5,3,1,FAIRWAY,FAIRWAY,3,GREEN,GREEN,NORMAL_APPROACH,1.0,105.7,True,4,-1,True,False,False,True
박보겸,9431,1,1,4,2,1,FAIRWAY,FAIRWAY,3,GREEN,GREEN,NORMAL_APPROACH,4.8,167.9,True,4,0,True,False,False,True
박보겸,9431,1,3,4,2,1,FAIRWAY,FAIRWAY,2,ROUGH,ROUGH,OTHER_UNRESOLVED,15.2,189.2,False,4,0,True,False,False,True
박보겸,9431,1,3,4,3,2,ROUGH,ROUGH,3,GREEN,GREEN,RECOVERY,1.8,15.2,False,4,0,True,False,False,True
박보겸,9431,1,4,5,2,1,FAIRWAY,FAIRWAY,2,ROUGH,ROUGH,ADVANCE_LAYUP,112.5,289.7,False,5,0,True,False,False,True
박보겸,9431,1,4,5,3,2,ROUGH,ROUGH,2,ROUGH,ROUGH,RECOVERY,9.6,112.5,False,5,0,True,False,False,True
박보겸,9431,1,4,5,4,2,ROUGH,ROUGH,3,GREEN,GREEN,RECOVERY,0.8,9.6,False,5,0,True,False,False,True
박보겸,9431,1,5,3,2,12,FRINGE,FRINGE,3,GREEN,GREEN,SHORT_GAME,0.8,9.0,False,3,0,True,False,False,
박보겸,9431,1,6,4,2,2,ROUGH,ROUGH,12,FRINGE,FRINGE,RECOVERY,14.8,169.7,False,4,0,True,False,False,False
박보겸,9431,1,6,4,3,12,FRINGE,FRINGE,3,GREEN,GREEN,SHORT_GAME,0.5,14.8,False,4,0,True,False,False,False
박보겸,9431,1,7,5,2,6,BUNKER,BUNKER,1,FAIRWAY,FAIRWAY,RECOVERY,110.6,264.7,True,5,0,True,False,False,False
박보겸,9431,1,7,5,3,1,FAIRWAY,FAIRWAY,3,GREEN,GREEN,NORMAL_APPROACH,5.6,110.6,True,5,0,True,False,False,False
박보겸,9431,1,8,4,2,1,FAIRWAY,FAIRWAY,3,GREEN,GREEN,NORMAL_APPROACH,5.6,138.4,True,4,0,True,False,False,True
박보겸,9431,1,9,4,2,2,ROUGH,ROUGH,3,GREEN,GREEN,RECOVERY,4.2,145.1,True,4,0,True,False,False,False
박보겸,9431,1,10,5,2,2,ROUGH,ROUGH,1,FAIRWAY,FAIRWAY,RECOVERY,115.0,298.8,True,4,-1,True,False,False,False
박보겸,9431,1,10,5,3,1,FAIRWAY,FAIRWAY,3,GREEN,GREEN,NORMAL_APPROACH,2.5,115.0,True,4,-1,True,False,False,False
박보겸,9431,1,12,4,2,2,ROUGH,ROUGH,3,GREEN,GREEN,RECOVERY,19.7,134.2,True,4,0,True,False,False,False
박보겸,9431,1,13,4,2,2,ROUGH,ROUGH,9,GREENSIDE_BUNKER,GREENSIDE_BUNKER,RECOVERY,13.8,131.2,False,5,1,False,True,False,False
박보겸,9431,1,13,4,3,9,GREENSIDE_BUNKER,GREENSIDE_BUNKER,2,ROUGH,ROUGH,RECOVERY,16.3,13.8,False,5,1,False,True,False,False
박보겸,9431,1,13,4,4,2,ROUGH,ROUGH,3,GREEN,GREEN,RECOVERY,1.7,16.3,False,5,1,False,True,False,False
박보겸,9431,1,14,4,2,2,ROUGH,ROUGH,1,FAIRWAY,FAIRWAY,RECOVERY,39.4,162.4,False,4,0,True,False,False,False
박보겸,9431,1,14,4,3,1,FAIRWAY,FAIRWAY,3,GREEN,GREEN,NORMAL_APPROACH,1.1,39.4,False,4,0,True,False,False,False
박보겸,9431,1,15,4,2,1,FAIRWAY,FAIRWAY,3,GREEN,GREEN,NORMAL_APPROACH,8.3,138.1,True,4,0,True,False,False,True
박보겸,9431,1,17,4,2,1,FAIRWAY,FAIRWAY,12,FRINGE,FRINGE,NORMAL_APPROACH,9.7,116.9,False,4,0,True,False,False,True
박보겸,9431,1,17,4,3,12,FRINGE,FRINGE,3,GREEN,GREEN,SHORT_GAME,0.8,9.7,False,4,0,True,False,False,True
박보겸,9431,1,18,5,2,1,FAIRWAY,FAIRWAY,1,FAIRWAY,FAIRWAY,ADVANCE_LAYUP,94.2,277.6,True,5,0,True,False,False,True
박보겸,9431,1,18,5,3,1,FAIRWAY,FAIRWAY,3,GREEN,GREEN,NORMAL_APPROACH,5.4,94.2,True,5,0,True,False,False,True
박보겸,9431,2,1,4,2,1,FAIRWAY,FAIRWAY,2,ROUGH,ROUGH,OTHER_UNRESOLVED,27.0,165.2,False,5,1,False,True,False,True
박보겸,9431,2,1,4,3,2,ROUGH,ROUGH,3,GREEN,GREEN,RECOVERY,2.0,27.0,False,5,1,False,True,False,True
박보겸,9431,2,2,3,2,5,PENALTY_AREA,PENALTY_AREA,8,PENALTY_STROKE,LOST_BALL_PENALTY_RESTART,PENALTY_RESTART,64.6,0.0,False,5,2,False,True,True,
박보겸,9431,2,2,3,3,8,PENALTY_STROKE,LOST_BALL_PENALTY_RESTART,3,GREEN,GREEN,PENALTY_RESTART,6.9,64.6,False,5,2,False,True,True,
박보겸,9431,2,3,4,2,1,FAIRWAY,FAIRWAY,3,GREEN,GREEN,NORMAL_APPROACH,3.8,175.3,True,4,0,True,False,False,True
박보겸,9431,2,4,5,2,1,FAIRWAY,FAIRWAY,1,FAIRWAY,FAIRWAY,ADVANCE_LAYUP,92.0,293.3,True,5,0,True,False,False,True
박보겸,9431,2,4,5,3,1,FAIRWAY,FAIRWAY,3,GREEN,GREEN,NORMAL_APPROACH,15.1,92.0,True,5,0,True,False,False,True
박보겸,9431,2,6,4,2,1,FAIRWAY,FAIRWAY,2,ROUGH,ROUGH,OTHER_UNRESOLVED,9.3,142.8,False,4,0,True,False,False,True
박보겸,9431,2,6,4,3,2,ROUGH,ROUGH,3,GREEN,GREEN,RECOVERY,1.0,9.3,False,4,0,True,False,False,True
박보겸,9431,2,7,5,2,1,FAIRWAY,FAIRWAY,2,ROUGH,ROUGH,ADVANCE_LAYUP,102.4,291.1,True,5,0,True,False,False,True
박보겸,9431,2,7,5,3,2,ROUGH,ROUGH,3,GREEN,GREEN,RECOVERY,10.8,102.4,True,5,0,True,False,False,True
박보겸,9431,2,8,4,2,2,ROUGH,ROUGH,2,ROUGH,ROUGH,RECOVERY,29.6,108.4,False,4,0,True,False,False,False
박보겸,9431,2,8,4,3,2,ROUGH,ROUGH,3,GREEN,GREEN,RECOVERY,0.5,29.6,False,4,0,True,False,False,False
박보겸,9431,2,9,4,2,1,FAIRWAY,FAIRWAY,3,GREEN,GREEN,NORMAL_APPROACH,5.8,127.5,True,4,0,True,False,False,True
박보겸,9431,2,10,5,2,2,ROUGH,ROUGH,1,FAIRWAY,FAIRWAY,RECOVERY,141.2,323.1,False,5,0,True,False,False,False
박보겸,9431,2,10,5,3,1,FAIRWAY,FAIRWAY,2,ROUGH,ROUGH,ADVANCE_LAYUP,8.9,141.2,False,5,0,True,False,False,False
박보겸,9431,2,10,5,4,2,ROUGH,ROUGH,3,GREEN,GREEN,RECOVERY,0.8,8.9,False,5,0,True,False,False,False
박보겸,9431,2,12,4,2,2,ROUGH,ROUGH,12,FRINGE,FRINGE,RECOVERY,9.8,139.1,False,4,0,True,False,False,False
박보겸,9431,2,12,4,3,12,FRINGE,FRINGE,3,GREEN,GREEN,SHORT_GAME,0.4,9.8,False,4,0,True,False,False,False
박보겸,9431,2,13,4,2,1,FAIRWAY,FAIRWAY,3,GREEN,GREEN,NORMAL_APPROACH,7.2,105.7,True,4,0,True,False,False,True
박보겸,9431,2,14,4,2,1,FAIRWAY,FAIRWAY,3,GREEN,GREEN,NORMAL_APPROACH,14.2,161.5,True,4,0,True,False,False,True
박보겸,9431,2,15,4,2,1,FAIRWAY,FAIRWAY,2,ROUGH,ROUGH,OTHER_UNRESOLVED,23.4,146.2,False,4,0,True,False,False,True
박보겸,9431,2,15,4,3,2,ROUGH,ROUGH,3,GREEN,GREEN,RECOVERY,1.0,23.4,False,4,0,True,False,False,True
박보겸,9431,2,17,4,2,1,FAIRWAY,FAIRWAY,2,ROUGH,ROUGH,OTHER_UNRESOLVED,20.7,125.6,False,4,0,True,False,False,True
박보겸,9431,2,17,4,3,2,ROUGH,ROUGH,3,GREEN,GREEN,RECOVERY,0.3,20.7,False,4,0,True,False,False,True
박보겸,9431,2,18,5,2,1,FAIRWAY,FAIRWAY,1,FAIRWAY,FAIRWAY,ADVANCE_LAYUP,70.7,256.9,True,5,0,True,False,False,True
박보겸,9431,2,18,5,3,1,FAIRWAY,FAIRWAY,3,GREEN,GREEN,NORMAL_APPROACH,3.9,70.7,True,5,0,True,False,False,True
박보겸,9431,3,1,4,2,1,FAIRWAY,FAIRWAY,12,FRINGE,FRINGE,NORMAL_APPROACH,23.7,167.4,False,4,0,True,False,False,True
박보겸,9431,3,1,4,3,12,FRINGE,FRINGE,3,GREEN,GREEN,SHORT_GAME,3.5,23.7,False,4,0,True,False,False,True
박보겸,9431,3,3,4,2,1,FAIRWAY,FAIRWAY,3,GREEN,GREEN,NORMAL_APPROACH,7.4,184.2,True,4,0,True,False,False,True
박보겸,9431,3,4,5,2,2,ROUGH,ROUGH,1,FAIRWAY,FAIRWAY,RECOVERY,111.1,306.9,True,5,0,True,False,False,False
박보겸,9431,3,4,5,3,1,FAIRWAY,FAIRWAY,3,GREEN,GREEN,NORMAL_APPROACH,8.3,111.1,True,5,0,True,False,False,False
박보겸,9431,3,5,3,2,2,ROUGH,ROUGH,3,GREEN,GREEN,RECOVERY,2.5,29.1,False,4,1,False,True,False,
박보겸,9431,3,6,4,2,1,FAIRWAY,FAIRWAY,2,ROUGH,ROUGH,OTHER_UNRESOLVED,15.0,164.9,False,5,1,False,True,False,True
박보겸,9431,3,6,4,3,2,ROUGH,ROUGH,3,GREEN,GREEN,RECOVERY,4.7,15.0,False,5,1,False,True,False,True
박보겸,9431,3,7,5,2,2,ROUGH,ROUGH,2,ROUGH,ROUGH,RECOVERY,83.8,285.1,True,5,0,True,False,False,False
박보겸,9431,3,7,5,3,2,ROUGH,ROUGH,3,GREEN,GREEN,RECOVERY,5.8,83.8,True,5,0,True,False,False,False
박보겸,9431,3,8,4,2,1,FAIRWAY,FAIRWAY,12,FRINGE,FRINGE,NORMAL_APPROACH,18.6,128.1,False,4,0,True,False,False,True
박보겸,9431,3,8,4,3,12,FRINGE,FRINGE,3,GREEN,GREEN,SHORT_GAME,3.7,18.6,False,4,0,True,False,False,True
박보겸,9431,3,9,4,2,2,ROUGH,ROUGH,2,ROUGH,ROUGH,RECOVERY,38.5,134.8,False,5,1,False,True,False,False
박보겸,9431,3,9,4,3,2,ROUGH,ROUGH,3,GREEN,GREEN,RECOVERY,2.1,38.5,False,5,1,False,True,False,False
박보겸,9431,3,10,5,2,1,FAIRWAY,FAIRWAY,1,FAIRWAY,FAIRWAY,ADVANCE_LAYUP,117.0,305.2,True,5,0,True,False,False,True
박보겸,9431,3,10,5,3,1,FAIRWAY,FAIRWAY,3,GREEN,GREEN,NORMAL_APPROACH,11.9,117.0,True,5,0,True,False,False,True
박보겸,9431,3,12,4,2,1,FAIRWAY,FAIRWAY,3,GREEN,GREEN,NORMAL_APPROACH,13.2,124.0,True,5,1,False,True,False,True
박보겸,9431,3,13,4,2,2,ROUGH,ROUGH,12,FRINGE,FRINGE,RECOVERY,6.8,111.2,False,4,0,True,False,False,False
박보겸,9431,3,13,4,3,12,FRINGE,FRINGE,3,GREEN,GREEN,SHORT_GAME,0.3,6.8,False,4,0,True,False,False,False
박보겸,9431,3,14,4,2,2,ROUGH,ROUGH,3,GREEN,GREEN,RECOVERY,14.3,129.4,True,4,0,True,False,False,False
박보겸,9431,3,15,4,2,1,FAIRWAY,FAIRWAY,3,GREEN,GREEN,NORMAL_APPROACH,2.9,163.5,True,3,-1,True,False,False,True
박보겸,9431,3,17,4,2,2,ROUGH,ROUGH,12,FRINGE,FRINGE,RECOVERY,23.7,137.9,False,5,1,False,True,False,False
박보겸,9431,3,17,4,3,12,FRINGE,FRINGE,3,GREEN,GREEN,SHORT_GAME,5.0,23.7,False,5,1,False,True,False,False
박보겸,9431,3,18,5,2,2,ROUGH,ROUGH,1,FAIRWAY,FAIRWAY,RECOVERY,85.6,274.1,True,5,0,True,False,False,False
박보겸,9431,3,18,5,3,1,FAIRWAY,FAIRWAY,3,GREEN,GREEN,NORMAL_APPROACH,1.3,85.6,True,5,0,True,False,False,False
박보겸,9431,4,1,4,2,2,ROUGH,ROUGH,2,ROUGH,ROUGH,RECOVERY,39.6,178.5,False,4,0,True,False,False,False
박보겸,9431,4,1,4,3,2,ROUGH,ROUGH,3,GREEN,GREEN,RECOVERY,1.8,39.6,False,4,0,True,False,False,False
박보겸,9431,4,3,4,2,1,FAIRWAY,FAIRWAY,2,ROUGH,ROUGH,OTHER_UNRESOLVED,13.6,176.4,False,3,-1,True,False,False,True
박보겸,9431,4,3,4,3,2,ROUGH,ROUGH,10,HOLED,HOLED,RECOVERY,0.0,13.6,False,3,-1,True,False,False,True
박보겸,9431,4,4,5,2,1,FAIRWAY,FAIRWAY,2,ROUGH,ROUGH,ADVANCE_LAYUP,99.0,287.9,False,6,1,False,True,False,True
박보겸,9431,4,4,5,3,2,ROUGH,ROUGH,2,ROUGH,ROUGH,RECOVERY,93.2,99.0,False,6,1,False,True,False,True
박보겸,9431,4,4,5,4,2,ROUGH,ROUGH,2,ROUGH,ROUGH,RECOVERY,18.2,93.2,False,6,1,False,True,False,True
박보겸,9431,4,4,5,5,2,ROUGH,ROUGH,3,GREEN,GREEN,RECOVERY,1.8,18.2,False,6,1,False,True,False,True
박보겸,9431,4,5,3,2,2,ROUGH,ROUGH,3,GREEN,GREEN,RECOVERY,1.2,14.6,False,3,0,True,False,False,
박보겸,9431,4,6,4,2,1,FAIRWAY,FAIRWAY,3,GREEN,GREEN,NORMAL_APPROACH,2.3,135.1,True,4,0,True,False,False,True
박보겸,9431,4,7,5,2,2,ROUGH,ROUGH,1,FAIRWAY,FAIRWAY,RECOVERY,97.5,306.6,True,4,-1,True,False,False,False
박보겸,9431,4,7,5,3,1,FAIRWAY,FAIRWAY,3,GREEN,GREEN,NORMAL_APPROACH,0.4,97.5,True,4,-1,True,False,False,False
박보겸,9431,4,8,4,2,2,ROUGH,ROUGH,12,FRINGE,FRINGE,RECOVERY,12.8,131.1,False,4,0,True,False,False,False
박보겸,9431,4,8,4,3,12,FRINGE,FRINGE,3,GREEN,GREEN,SHORT_GAME,1.0,12.8,False,4,0,True,False,False,False
박보겸,9431,4,9,4,2,1,FAIRWAY,FAIRWAY,3,GREEN,GREEN,NORMAL_APPROACH,1.5,102.3,True,3,-1,True,False,False,True
박보겸,9431,4,10,5,2,1,FAIRWAY,FAIRWAY,1,FAIRWAY,FAIRWAY,ADVANCE_LAYUP,62.3,288.4,True,5,0,True,False,False,True
박보겸,9431,4,10,5,3,1,FAIRWAY,FAIRWAY,3,GREEN,GREEN,NORMAL_APPROACH,2.9,62.3,True,5,0,True,False,False,True
박보겸,9431,4,11,3,2,2,ROUGH,ROUGH,3,GREEN,GREEN,RECOVERY,3.2,19.6,False,4,1,False,True,False,
박보겸,9431,4,12,4,2,2,ROUGH,ROUGH,2,ROUGH,ROUGH,RECOVERY,135.5,127.9,False,6,2,False,True,True,False
박보겸,9431,4,12,4,3,2,ROUGH,ROUGH,2,ROUGH,ROUGH,RECOVERY,130.3,135.5,False,6,2,False,True,True,False
박보겸,9431,4,12,4,4,2,ROUGH,ROUGH,3,GREEN,GREEN,RECOVERY,7.7,130.3,False,6,2,False,True,True,False
박보겸,9431,4,13,4,2,1,FAIRWAY,FAIRWAY,3,GREEN,GREEN,NORMAL_APPROACH,8.5,106.2,True,5,1,False,True,False,True
박보겸,9431,4,14,4,2,2,ROUGH,ROUGH,12,FRINGE,FRINGE,RECOVERY,8.6,122.0,False,4,0,True,False,False,False
박보겸,9431,4,14,4,3,12,FRINGE,FRINGE,3,GREEN,GREEN,SHORT_GAME,0.4,8.6,False,4,0,True,False,False,False
박보겸,9431,4,15,4,2,2,ROUGH,ROUGH,2,ROUGH,ROUGH,RECOVERY,23.5,173.5,False,4,0,True,False,False,False
박보겸,9431,4,15,4,3,2,ROUGH,ROUGH,3,GREEN,GREEN,RECOVERY,1.2,23.5,False,4,0,True,False,False,False
박보겸,9431,4,17,4,2,2,ROUGH,ROUGH,2,ROUGH,ROUGH,RECOVERY,17.8,127.1,False,4,0,True,False,False,False
박보겸,9431,4,17,4,3,2,ROUGH,ROUGH,3,GREEN,GREEN,RECOVERY,1.0,17.8,False,4,0,True,False,False,False
박보겸,9431,4,18,5,2,1,FAIRWAY,FAIRWAY,2,ROUGH,ROUGH,ADVANCE_LAYUP,77.7,277.8,True,5,0,True,False,False,True
박보겸,9431,4,18,5,3,2,ROUGH,ROUGH,3,GREEN,GREEN,RECOVERY,6.6,77.7,True,5,0,True,False,False,True
구래현,9436,1,1,4,2,1,FAIRWAY,FAIRWAY,3,GREEN,GREEN,NORMAL_APPROACH,16.9,166.7,True,4,0,True,False,False,True
구래현,9436,1,3,4,2,1,FAIRWAY,FAIRWAY,3,GREEN,GREEN,NORMAL_APPROACH,13.9,177.9,True,4,0,True,False,False,True
구래현,9436,1,4,5,2,1,FAIRWAY,FAIRWAY,1,FAIRWAY,FAIRWAY,ADVANCE_LAYUP,72.7,278.4,True,5,0,True,False,False,True
구래현,9436,1,4,5,3,1,FAIRWAY,FAIRWAY,3,GREEN,GREEN,NORMAL_APPROACH,2.8,72.7,True,5,0,True,False,False,True
구래현,9436,1,6,4,2,1,FAIRWAY,FAIRWAY,12,FRINGE,FRINGE,NORMAL_APPROACH,28.4,174.1,False,5,1,False,True,False,True
구래현,9436,1,6,4,3,12,FRINGE,FRINGE,3,GREEN,GREEN,SHORT_GAME,3.3,28.4,False,5,1,False,True,False,True
구래현,9436,1,7,5,2,2,ROUGH,ROUGH,1,FAIRWAY,FAIRWAY,RECOVERY,55.6,272.8,True,5,0,True,False,False,False
구래현,9436,1,7,5,3,1,FAIRWAY,FAIRWAY,3,GREEN,GREEN,NORMAL_APPROACH,5.7,55.6,True,5,0,True,False,False,False
구래현,9436,1,8,4,2,1,FAIRWAY,FAIRWAY,2,ROUGH,ROUGH,OTHER_UNRESOLVED,8.4,170.2,False,5,1,False,True,False,True
구래현,9436,1,8,4,3,2,ROUGH,ROUGH,3,GREEN,GREEN,RECOVERY,17.8,8.4,False,5,1,False,True,False,True
구래현,9436,1,9,4,2,2,ROUGH,ROUGH,2,ROUGH,ROUGH,RECOVERY,15.7,156.1,False,4,0,True,False,False,False
구래현,9436,1,9,4,3,2,ROUGH,ROUGH,3,GREEN,GREEN,RECOVERY,1.0,15.7,False,4,0,True,False,False,False
구래현,9436,1,10,5,2,1,FAIRWAY,FAIRWAY,2,ROUGH,ROUGH,ADVANCE_LAYUP,143.1,309.0,False,5,0,True,False,False,True
구래현,9436,1,10,5,3,2,ROUGH,ROUGH,9,GREENSIDE_BUNKER,GREENSIDE_BUNKER,RECOVERY,15.7,143.1,False,5,0,True,False,False,True
구래현,9436,1,10,5,4,9,GREENSIDE_BUNKER,GREENSIDE_BUNKER,3,GREEN,GREEN,RECOVERY,1.6,15.7,False,5,0,True,False,False,True
구래현,9436,1,12,4,2,1,FAIRWAY,FAIRWAY,3,GREEN,GREEN,NORMAL_APPROACH,9.0,164.4,True,4,0,True,False,False,True
구래현,9436,1,13,4,2,2,ROUGH,ROUGH,3,GREEN,GREEN,RECOVERY,16.1,137.4,True,4,0,True,False,False,False
구래현,9436,1,14,4,2,1,FAIRWAY,FAIRWAY,12,FRINGE,FRINGE,NORMAL_APPROACH,13.3,138.7,False,5,1,False,True,False,True
구래현,9436,1,14,4,3,12,FRINGE,FRINGE,3,GREEN,GREEN,SHORT_GAME,3.6,13.3,False,5,1,False,True,False,True
구래현,9436,1,15,4,2,1,FAIRWAY,FAIRWAY,3,GREEN,GREEN,NORMAL_APPROACH,13.1,148.8,True,4,0,True,False,False,True
구래현,9436,1,16,3,2,5,PENALTY_AREA,PENALTY_AREA,8,PENALTY_STROKE,LOST_BALL_PENALTY_RESTART,PENALTY_RESTART,117.7,0.0,False,5,2,False,True,True,
구래현,9436,1,16,3,3,8,PENALTY_STROKE,LOST_BALL_PENALTY_RESTART,3,GREEN,GREEN,PENALTY_RESTART,4.5,117.7,False,5,2,False,True,True,
구래현,9436,1,17,4,2,1,FAIRWAY,FAIRWAY,9,GREENSIDE_BUNKER,GREENSIDE_BUNKER,OTHER_UNRESOLVED,11.0,118.0,False,4,0,True,False,False,True
구래현,9436,1,17,4,3,9,GREENSIDE_BUNKER,GREENSIDE_BUNKER,3,GREEN,GREEN,RECOVERY,3.0,11.0,False,4,0,True,False,False,True
구래현,9436,1,18,5,2,1,FAIRWAY,FAIRWAY,1,FAIRWAY,FAIRWAY,ADVANCE_LAYUP,105.5,274.0,True,5,0,True,False,False,True
구래현,9436,1,18,5,3,1,FAIRWAY,FAIRWAY,3,GREEN,GREEN,NORMAL_APPROACH,2.3,105.5,True,5,0,True,False,False,True
구래현,9436,2,1,4,2,1,FAIRWAY,FAIRWAY,3,GREEN,GREEN,NORMAL_APPROACH,15.7,156.4,True,4,0,True,False,False,True
구래현,9436,2,3,4,2,1,FAIRWAY,FAIRWAY,2,ROUGH,ROUGH,OTHER_UNRESOLVED,23.5,169.1,False,4,0,True,False,False,True
구래현,9436,2,3,4,3,2,ROUGH,ROUGH,3,GREEN,GREEN,RECOVERY,1.0,23.5,False,4,0,True,False,False,True
구래현,9436,2,4,5,2,2,ROUGH,ROUGH,2,ROUGH,ROUGH,RECOVERY,138.9,303.1,False,6,1,False,True,False,False
구래현,9436,2,4,5,3,2,ROUGH,ROUGH,2,ROUGH,ROUGH,RECOVERY,24.3,138.9,False,6,1,False,True,False,False
구래현,9436,2,4,5,4,2,ROUGH,ROUGH,3,GREEN,GREEN,RECOVERY,11.1,24.3,False,6,1,False,True,False,False
구래현,9436,2,6,4,2,1,FAIRWAY,FAIRWAY,7,LOST_BALL,LOST_BALL_PENALTY_RESTART,OTHER_UNRESOLVED,145.6,145.6,False,7,3,False,True,True,True
구래현,9436,2,6,4,3,7,LOST_BALL,LOST_BALL_PENALTY_RESTART,8,PENALTY_STROKE,LOST_BALL_PENALTY_RESTART,PENALTY_RESTART,145.6,145.6,False,7,3,False,True,True,True
구래현,9436,2,6,4,4,8,PENALTY_STROKE,LOST_BALL_PENALTY_RESTART,2,ROUGH,ROUGH,PENALTY_RESTART,17.8,145.6,False,7,3,False,True,True,True
구래현,9436,2,6,4,5,2,ROUGH,ROUGH,3,GREEN,GREEN,RECOVERY,3.5,17.8,False,7,3,False,True,True,True
구래현,9436,2,7,5,2,1,FAIRWAY,FAIRWAY,2,ROUGH,ROUGH,ADVANCE_LAYUP,98.4,291.3,True,5,0,True,False,False,True
구래현,9436,2,7,5,3,2,ROUGH,ROUGH,3,GREEN,GREEN,RECOVERY,10.9,98.4,True,5,0,True,False,False,True
구래현,9436,2,8,4,2,2,ROUGH,ROUGH,1,FAIRWAY,FAIRWAY,RECOVERY,111.5,140.9,False,7,3,False,True,True,False
구래현,9436,2,8,4,3,1,FAIRWAY,FAIRWAY,5,PENALTY_AREA,PENALTY_AREA,OTHER_UNRESOLVED,0.0,111.5,False,7,3,False,True,True,False
구래현,9436,2,8,4,4,5,PENALTY_AREA,PENALTY_AREA,8,PENALTY_STROKE,LOST_BALL_PENALTY_RESTART,PENALTY_RESTART,96.5,0.0,False,7,3,False,True,True,False
구래현,9436,2,8,4,5,8,PENALTY_STROKE,LOST_BALL_PENALTY_RESTART,3,GREEN,GREEN,PENALTY_RESTART,9.3,96.5,False,7,3,False,True,True,False
구래현,9436,2,9,4,2,2,ROUGH,ROUGH,2,ROUGH,ROUGH,RECOVERY,93.2,141.5,False,5,1,False,True,False,False
구래현,9436,2,9,4,3,2,ROUGH,ROUGH,12,FRINGE,FRINGE,RECOVERY,14.0,93.2,False,5,1,False,True,False,False
구래현,9436,2,9,4,4,12,FRINGE,FRINGE,3,GREEN,GREEN,SHORT_GAME,2.0,14.0,False,5,1,False,True,False,False
구래현,9436,2,10,5,2,2,ROUGH,ROUGH,1,FAIRWAY,FAIRWAY,RECOVERY,172.3,320.6,True,5,0,True,False,False,False
구래현,9436,2,10,5,3,1,FAIRWAY,FAIRWAY,3,GREEN,GREEN,NORMAL_APPROACH,8.8,172.3,True,5,0,True,False,False,False
구래현,9436,2,11,3,2,9,GREENSIDE_BUNKER,GREENSIDE_BUNKER,3,GREEN,GREEN,RECOVERY,4.0,21.5,False,3,0,True,False,False,
구래현,9436,2,12,4,2,1,FAIRWAY,FAIRWAY,2,ROUGH,ROUGH,OTHER_UNRESOLVED,13.2,189.5,False,5,1,False,True,False,True
구래현,9436,2,12,4,3,2,ROUGH,ROUGH,3,GREEN,GREEN,RECOVERY,12.2,13.2,False,5,1,False,True,False,True
구래현,9436,2,13,4,2,1,FAIRWAY,FAIRWAY,3,GREEN,GREEN,NORMAL_APPROACH,7.3,112.8,True,4,0,True,False,False,True
구래현,9436,2,14,4,2,2,ROUGH,ROUGH,3,GREEN,GREEN,RECOVERY,36.0,161.4,True,4,0,True,False,False,False
구래현,9436,2,15,4,2,1,FAIRWAY,FAIRWAY,3,GREEN,GREEN,NORMAL_APPROACH,5.3,154.6,True,4,0,True,False,False,True
구래현,9436,2,17,4,2,2,ROUGH,ROUGH,9,GREENSIDE_BUNKER,GREENSIDE_BUNKER,RECOVERY,22.4,155.2,False,5,1,False,True,False,False
구래현,9436,2,17,4,3,9,GREENSIDE_BUNKER,GREENSIDE_BUNKER,3,GREEN,GREEN,RECOVERY,7.8,22.4,False,5,1,False,True,False,False
구래현,9436,2,18,5,2,2,ROUGH,ROUGH,2,ROUGH,ROUGH,RECOVERY,114.0,271.2,True,5,0,True,False,False,False
구래현,9436,2,18,5,3,2,ROUGH,ROUGH,3,GREEN,GREEN,RECOVERY,12.2,114.0,True,5,0,True,False,False,False
이지현3,9449,1,1,4,2,1,FAIRWAY,FAIRWAY,2,ROUGH,ROUGH,OTHER_UNRESOLVED,10.2,175.3,False,4,0,True,False,False,True
이지현3,9449,1,1,4,3,2,ROUGH,ROUGH,3,GREEN,GREEN,RECOVERY,1.1,10.2,False,4,0,True,False,False,True
이지현3,9449,1,3,4,2,1,FAIRWAY,FAIRWAY,3,GREEN,GREEN,NORMAL_APPROACH,4.7,186.3,True,4,0,True,False,False,True
이지현3,9449,1,4,5,2,1,FAIRWAY,FAIRWAY,1,FAIRWAY,FAIRWAY,ADVANCE_LAYUP,106.4,293.1,True,6,1,False,True,False,True
이지현3,9449,1,4,5,3,1,FAIRWAY,FAIRWAY,3,GREEN,GREEN,NORMAL_APPROACH,4.3,106.4,True,6,1,False,True,False,True
이지현3,9449,1,5,3,2,2,ROUGH,ROUGH,3,GREEN,GREEN,RECOVERY,0.3,8.2,False,3,0,True,False,False,
이지현3,9449,1,6,4,2,2,ROUGH,ROUGH,2,ROUGH,ROUGH,RECOVERY,18.3,178.3,False,4,0,True,False,False,False
이지현3,9449,1,6,4,3,2,ROUGH,ROUGH,3,GREEN,GREEN,RECOVERY,0.5,18.3,False,4,0,True,False,False,False
이지현3,9449,1,7,5,2,2,ROUGH,ROUGH,1,FAIRWAY,FAIRWAY,RECOVERY,138.6,274.0,True,5,0,True,False,False,False
이지현3,9449,1,7,5,3,1,FAIRWAY,FAIRWAY,3,GREEN,GREEN,NORMAL_APPROACH,10.9,138.6,True,5,0,True,False,False,False
이지현3,9449,1,8,4,2,2,ROUGH,ROUGH,2,ROUGH,ROUGH,RECOVERY,17.3,154.6,False,4,0,True,False,False,False
이지현3,9449,1,8,4,3,2,ROUGH,ROUGH,3,GREEN,GREEN,RECOVERY,0.8,17.3,False,4,0,True,False,False,False
이지현3,9449,1,9,4,2,1,FAIRWAY,FAIRWAY,3,GREEN,GREEN,NORMAL_APPROACH,10.7,163.6,True,4,0,True,False,False,True
이지현3,9449,1,10,5,2,2,ROUGH,ROUGH,2,ROUGH,ROUGH,RECOVERY,147.8,310.4,False,5,0,True,False,False,False
이지현3,9449,1,10,5,3,2,ROUGH,ROUGH,2,ROUGH,ROUGH,RECOVERY,6.1,147.8,False,5,0,True,False,False,False
이지현3,9449,1,10,5,4,2,ROUGH,ROUGH,3,GREEN,GREEN,RECOVERY,0.8,6.1,False,5,0,True,False,False,False
이지현3,9449,1,12,4,2,1,FAIRWAY,FAIRWAY,3,GREEN,GREEN,NORMAL_APPROACH,8.9,133.0,True,4,0,True,False,False,True
이지현3,9449,1,13,4,2,1,FAIRWAY,FAIRWAY,3,GREEN,GREEN,NORMAL_APPROACH,10.3,114.5,True,4,0,True,False,False,True
이지현3,9449,1,14,4,2,1,FAIRWAY,FAIRWAY,3,GREEN,GREEN,NORMAL_APPROACH,9.1,140.6,True,4,0,True,False,False,True
이지현3,9449,1,15,4,2,1,FAIRWAY,FAIRWAY,3,GREEN,GREEN,NORMAL_APPROACH,12.0,152.0,True,4,0,True,False,False,True
이지현3,9449,1,17,4,2,1,FAIRWAY,FAIRWAY,3,GREEN,GREEN,NORMAL_APPROACH,9.8,150.6,True,3,-1,True,False,False,True
이지현3,9449,1,18,5,2,1,FAIRWAY,FAIRWAY,2,ROUGH,ROUGH,ADVANCE_LAYUP,99.2,284.5,True,5,0,True,False,False,True
이지현3,9449,1,18,5,3,2,ROUGH,ROUGH,3,GREEN,GREEN,RECOVERY,5.7,99.2,True,5,0,True,False,False,True
이지현3,9449,2,1,4,2,1,FAIRWAY,FAIRWAY,2,ROUGH,ROUGH,OTHER_UNRESOLVED,22.4,166.2,False,5,1,False,True,False,True
이지현3,9449,2,1,4,3,2,ROUGH,ROUGH,3,GREEN,GREEN,RECOVERY,6.9,22.4,False,5,1,False,True,False,True
이지현3,9449,2,2,3,2,12,FRINGE,FRINGE,3,GREEN,GREEN,SHORT_GAME,0.4,6.6,False,3,0,True,False,False,
이지현3,9449,2,3,4,2,1,FAIRWAY,FAIRWAY,2,ROUGH,ROUGH,OTHER_UNRESOLVED,20.3,204.8,False,5,1,False,True,False,True
이지현3,9449,2,3,4,3,2,ROUGH,ROUGH,12,FRINGE,FRINGE,RECOVERY,7.0,20.3,False,5,1,False,True,False,True
이지현3,9449,2,3,4,4,12,FRINGE,FRINGE,3,GREEN,GREEN,SHORT_GAME,1.0,7.0,False,5,1,False,True,False,True
이지현3,9449,2,4,5,2,1,FAIRWAY,FAIRWAY,2,ROUGH,ROUGH,ADVANCE_LAYUP,118.3,298.9,False,6,1,False,True,False,True
이지현3,9449,2,4,5,3,2,ROUGH,ROUGH,2,ROUGH,ROUGH,RECOVERY,26.2,118.3,False,6,1,False,True,False,True
이지현3,9449,2,4,5,4,2,ROUGH,ROUGH,12,FRINGE,FRINGE,RECOVERY,5.3,26.2,False,6,1,False,True,False,True
이지현3,9449,2,4,5,5,12,FRINGE,FRINGE,3,GREEN,GREEN,SHORT_GAME,0.5,5.3,False,6,1,False,True,False,True
이지현3,9449,2,6,4,2,2,ROUGH,ROUGH,2,ROUGH,ROUGH,RECOVERY,24.6,156.4,False,4,0,True,False,False,False
이지현3,9449,2,6,4,3,2,ROUGH,ROUGH,3,GREEN,GREEN,RECOVERY,1.0,24.6,False,4,0,True,False,False,False
이지현3,9449,2,7,5,2,1,FAIRWAY,FAIRWAY,1,FAIRWAY,FAIRWAY,ADVANCE_LAYUP,83.2,286.8,True,5,0,True,False,False,True
이지현3,9449,2,7,5,3,1,FAIRWAY,FAIRWAY,3,GREEN,GREEN,NORMAL_APPROACH,9.7,83.2,True,5,0,True,False,False,True
이지현3,9449,2,8,4,2,2,ROUGH,ROUGH,3,GREEN,GREEN,RECOVERY,8.4,143.7,True,4,0,True,False,False,False
이지현3,9449,2,9,4,2,1,FAIRWAY,FAIRWAY,12,FRINGE,FRINGE,NORMAL_APPROACH,25.7,127.1,False,4,0,True,False,False,True
이지현3,9449,2,9,4,3,12,FRINGE,FRINGE,3,GREEN,GREEN,SHORT_GAME,0.7,25.7,False,4,0,True,False,False,True
이지현3,9449,2,10,5,2,4,OB,LOST_BALL_PENALTY_RESTART,8,PENALTY_STROKE,LOST_BALL_PENALTY_RESTART,PENALTY_RESTART,560.8,0.0,False,7,2,False,True,True,False
이지현3,9449,2,10,5,3,8,PENALTY_STROKE,LOST_BALL_PENALTY_RESTART,1,FAIRWAY,FAIRWAY,PENALTY_RESTART,322.3,560.8,False,7,2,False,True,True,False
이지현3,9449,2,10,5,4,1,FAIRWAY,FAIRWAY,2,ROUGH,ROUGH,ADVANCE_LAYUP,121.8,322.3,False,7,2,False,True,True,False
이지현3,9449,2,10,5,5,2,ROUGH,ROUGH,3,GREEN,GREEN,RECOVERY,3.9,121.8,False,7,2,False,True,True,False
이지현3,9449,2,11,3,2,12,FRINGE,FRINGE,3,GREEN,GREEN,SHORT_GAME,1.2,10.2,False,3,0,True,False,False,
이지현3,9449,2,12,4,2,1,FAIRWAY,FAIRWAY,3,GREEN,GREEN,NORMAL_APPROACH,4.2,143.4,True,4,0,True,False,False,True
이지현3,9449,2,13,4,2,1,FAIRWAY,FAIRWAY,3,GREEN,GREEN,NORMAL_APPROACH,9.4,99.6,True,4,0,True,False,False,True
이지현3,9449,2,14,4,2,1,FAIRWAY,FAIRWAY,12,FRINGE,FRINGE,NORMAL_APPROACH,9.2,159.4,False,4,0,True,False,False,True
이지현3,9449,2,14,4,3,12,FRINGE,FRINGE,3,GREEN,GREEN,SHORT_GAME,1.1,9.2,False,4,0,True,False,False,True
이지현3,9449,2,15,4,2,1,FAIRWAY,FAIRWAY,3,GREEN,GREEN,NORMAL_APPROACH,18.7,151.9,True,4,0,True,False,False,True
이지현3,9449,2,17,4,2,1,FAIRWAY,FAIRWAY,9,GREENSIDE_BUNKER,GREENSIDE_BUNKER,OTHER_UNRESOLVED,38.3,167.5,False,6,2,False,True,True,True
이지현3,9449,2,17,4,3,9,GREENSIDE_BUNKER,GREENSIDE_BUNKER,2,ROUGH,ROUGH,RECOVERY,37.4,38.3,False,6,2,False,True,True,True
이지현3,9449,2,17,4,4,2,ROUGH,ROUGH,3,GREEN,GREEN,RECOVERY,7.0,37.4,False,6,2,False,True,True,True
이지현3,9449,2,18,5,2,2,ROUGH,ROUGH,1,FAIRWAY,FAIRWAY,RECOVERY,117.1,279.9,False,6,1,False,True,False,False
이지현3,9449,2,18,5,3,1,FAIRWAY,FAIRWAY,12,FRINGE,FRINGE,NORMAL_APPROACH,11.7,117.1,False,6,1,False,True,False,False
이지현3,9449,2,18,5,4,12,FRINGE,FRINGE,3,GREEN,GREEN,SHORT_GAME,1.3,11.7,False,6,1,False,True,False,False
이지현3,9449,3,1,4,2,1,FAIRWAY,FAIRWAY,3,GREEN,GREEN,NORMAL_APPROACH,10.5,174.4,True,4,0,True,False,False,True
이지현3,9449,3,3,4,2,1,FAIRWAY,FAIRWAY,12,FRINGE,FRINGE,NORMAL_APPROACH,17.3,203.6,False,4,0,True,False,False,True
이지현3,9449,3,3,4,3,12,FRINGE,FRINGE,3,GREEN,GREEN,SHORT_GAME,1.0,17.3,False,4,0,True,False,False,True
이지현3,9449,3,4,5,2,1,FAIRWAY,FAIRWAY,1,FAIRWAY,FAIRWAY,ADVANCE_LAYUP,91.6,303.0,True,5,0,True,False,False,True
이지현3,9449,3,4,5,3,1,FAIRWAY,FAIRWAY,3,GREEN,GREEN,NORMAL_APPROACH,11.0,91.6,True,5,0,True,False,False,True
이지현3,9449,3,5,3,2,2,ROUGH,ROUGH,3,GREEN,GREEN,RECOVERY,0.4,17.3,False,3,0,True,False,False,
이지현3,9449,3,6,4,2,1,FAIRWAY,FAIRWAY,3,GREEN,GREEN,NORMAL_APPROACH,2.0,180.2,True,3,-1,True,False,False,True
이지현3,9449,3,7,5,2,1,FAIRWAY,FAIRWAY,2,ROUGH,ROUGH,ADVANCE_LAYUP,104.3,303.3,True,5,0,True,False,False,True
이지현3,9449,3,7,5,3,2,ROUGH,ROUGH,3,GREEN,GREEN,RECOVERY,27.5,104.3,True,5,0,True,False,False,True
이지현3,9449,3,8,4,2,1,FAIRWAY,FAIRWAY,3,GREEN,GREEN,NORMAL_APPROACH,6.7,131.5,True,4,0,True,False,False,True
이지현3,9449,3,9,4,2,1,FAIRWAY,FAIRWAY,3,GREEN,GREEN,NORMAL_APPROACH,1.0,121.3,True,3,-1,True,False,False,True
이지현3,9449,3,10,5,2,2,ROUGH,ROUGH,1,FAIRWAY,FAIRWAY,RECOVERY,135.7,322.5,True,4,-1,True,False,False,False
이지현3,9449,3,10,5,3,1,FAIRWAY,FAIRWAY,3,GREEN,GREEN,NORMAL_APPROACH,7.5,135.7,True,4,-1,True,False,False,False
이지현3,9449,3,11,3,2,2,ROUGH,ROUGH,2,ROUGH,ROUGH,RECOVERY,8.5,14.0,False,4,1,False,True,False,
이지현3,9449,3,11,3,3,2,ROUGH,ROUGH,3,GREEN,GREEN,RECOVERY,1.2,8.5,False,4,1,False,True,False,
이지현3,9449,3,12,4,2,2,ROUGH,ROUGH,3,GREEN,GREEN,RECOVERY,3.3,163.8,True,3,-1,True,False,False,False
이지현3,9449,3,13,4,2,1,FAIRWAY,FAIRWAY,3,GREEN,GREEN,NORMAL_APPROACH,2.4,143.0,True,3,-1,True,False,False,True
이지현3,9449,3,14,4,2,1,FAIRWAY,FAIRWAY,3,GREEN,GREEN,NORMAL_APPROACH,13.2,140.4,True,4,0,True,False,False,True
이지현3,9449,3,15,4,2,2,ROUGH,ROUGH,2,ROUGH,ROUGH,RECOVERY,20.6,190.1,False,4,0,True,False,False,False
이지현3,9449,3,15,4,3,2,ROUGH,ROUGH,3,GREEN,GREEN,RECOVERY,6.5,20.6,False,4,0,True,False,False,False
이지현3,9449,3,17,4,2,1,FAIRWAY,FAIRWAY,3,GREEN,GREEN,NORMAL_APPROACH,4.2,134.7,True,4,0,True,False,False,True
이지현3,9449,3,18,5,2,1,FAIRWAY,FAIRWAY,2,ROUGH,ROUGH,ADVANCE_LAYUP,92.6,285.2,True,5,0,True,False,False,True
이지현3,9449,3,18,5,3,2,ROUGH,ROUGH,3,GREEN,GREEN,RECOVERY,11.0,92.6,True,5,0,True,False,False,True
이지현3,9449,4,1,4,2,2,ROUGH,ROUGH,3,GREEN,GREEN,RECOVERY,14.9,179.3,True,4,0,True,False,False,False
이지현3,9449,4,3,4,2,1,FAIRWAY,FAIRWAY,3,GREEN,GREEN,NORMAL_APPROACH,21.5,186.6,True,5,1,False,True,False,True
이지현3,9449,4,4,5,2,1,FAIRWAY,FAIRWAY,1,FAIRWAY,FAIRWAY,ADVANCE_LAYUP,108.6,292.9,True,4,-1,True,False,False,True
이지현3,9449,4,4,5,3,1,FAIRWAY,FAIRWAY,3,GREEN,GREEN,NORMAL_APPROACH,2.2,108.6,True,4,-1,True,False,False,True
이지현3,9449,4,5,3,2,2,ROUGH,ROUGH,3,GREEN,GREEN,RECOVERY,0.3,13.3,False,3,0,True,False,False,
이지현3,9449,4,6,4,2,1,FAIRWAY,FAIRWAY,12,FRINGE,FRINGE,NORMAL_APPROACH,10.0,141.5,False,4,0,True,False,False,True
이지현3,9449,4,6,4,3,12,FRINGE,FRINGE,3,GREEN,GREEN,SHORT_GAME,0.5,10.0,False,4,0,True,False,False,True
이지현3,9449,4,7,5,2,2,ROUGH,ROUGH,1,FAIRWAY,FAIRWAY,RECOVERY,107.6,308.6,True,5,0,True,False,False,False
이지현3,9449,4,7,5,3,1,FAIRWAY,FAIRWAY,3,GREEN,GREEN,NORMAL_APPROACH,10.0,107.6,True,5,0,True,False,False,False
이지현3,9449,4,8,4,2,1,FAIRWAY,FAIRWAY,3,GREEN,GREEN,NORMAL_APPROACH,3.1,129.3,True,3,-1,True,False,False,True
이지현3,9449,4,9,4,2,2,ROUGH,ROUGH,3,GREEN,GREEN,RECOVERY,10.2,116.9,True,4,0,True,False,False,False
이지현3,9449,4,10,5,2,1,FAIRWAY,FAIRWAY,1,FAIRWAY,FAIRWAY,ADVANCE_LAYUP,99.8,298.9,True,5,0,True,False,False,True
이지현3,9449,4,10,5,3,1,FAIRWAY,FAIRWAY,3,GREEN,GREEN,NORMAL_APPROACH,13.7,99.8,True,5,0,True,False,False,True
이지현3,9449,4,12,4,2,1,FAIRWAY,FAIRWAY,3,GREEN,GREEN,NORMAL_APPROACH,5.7,133.9,True,4,0,True,False,False,True
이지현3,9449,4,13,4,2,2,ROUGH,ROUGH,2,ROUGH,ROUGH,RECOVERY,23.1,104.0,False,5,1,False,True,False,False
이지현3,9449,4,13,4,3,2,ROUGH,ROUGH,3,GREEN,GREEN,RECOVERY,1.7,23.1,False,5,1,False,True,False,False
이지현3,9449,4,14,4,2,2,ROUGH,ROUGH,3,GREEN,GREEN,RECOVERY,1.3,130.2,True,4,0,True,False,False,False
이지현3,9449,4,15,4,2,1,FAIRWAY,FAIRWAY,3,GREEN,GREEN,NORMAL_APPROACH,11.3,175.6,True,4,0,True,False,False,True
이지현3,9449,4,17,4,2,1,FAIRWAY,FAIRWAY,3,GREEN,GREEN,NORMAL_APPROACH,5.2,131.3,True,3,-1,True,False,False,True
이지현3,9449,4,18,5,2,1,FAIRWAY,FAIRWAY,1,FAIRWAY,FAIRWAY,ADVANCE_LAYUP,95.5,293.2,True,5,0,True,False,False,True
이지현3,9449,4,18,5,3,1,FAIRWAY,FAIRWAY,3,GREEN,GREEN,NORMAL_APPROACH,6.5,95.5,True,5,0,True,False,False,True
안지현,9465,1,1,4,2,6,BUNKER,BUNKER,3,GREEN,GREEN,RECOVERY,10.6,160.7,True,4,0,True,False,False,False
안지현,9465,1,3,4,2,1,FAIRWAY,FAIRWAY,12,FRINGE,FRINGE,NORMAL_APPROACH,20.2,173.1,False,5,1,False,True,False,True
안지현,9465,1,3,4,3,12,FRINGE,FRINGE,3,GREEN,GREEN,SHORT_GAME,4.5,20.2,False,5,1,False,True,False,True
안지현,9465,1,4,5,2,1,FAIRWAY,FAIRWAY,1,FAIRWAY,FAIRWAY,ADVANCE_LAYUP,88.0,291.5,True,5,0,True,False,False,True
안지현,9465,1,4,5,3,1,FAIRWAY,FAIRWAY,3,GREEN,GREEN,NORMAL_APPROACH,10.8,88.0,True,5,0,True,False,False,True
안지현,9465,1,5,3,2,9,GREENSIDE_BUNKER,GREENSIDE_BUNKER,3,GREEN,GREEN,RECOVERY,3.3,14.8,False,4,1,False,True,False,
안지현,9465,1,6,4,2,2,ROUGH,ROUGH,9,GREENSIDE_BUNKER,GREENSIDE_BUNKER,RECOVERY,26.3,168.7,False,4,0,True,False,False,False
안지현,9465,1,6,4,3,9,GREENSIDE_BUNKER,GREENSIDE_BUNKER,3,GREEN,GREEN,RECOVERY,2.0,26.3,False,4,0,True,False,False,False
안지현,9465,1,7,5,2,6,BUNKER,BUNKER,2,ROUGH,ROUGH,RECOVERY,70.5,264.1,True,5,0,True,False,False,False
안지현,9465,1,7,5,3,2,ROUGH,ROUGH,3,GREEN,GREEN,RECOVERY,7.7,70.5,True,5,0,True,False,False,False
안지현,9465,1,8,4,2,2,ROUGH,ROUGH,3,GREEN,GREEN,RECOVERY,22.9,169.2,True,5,1,False,True,False,False
안지현,9465,1,9,4,2,2,ROUGH,ROUGH,3,GREEN,GREEN,RECOVERY,5.3,132.8,True,4,0,True,False,False,False
안지현,9465,1,10,5,2,2,ROUGH,ROUGH,1,FAIRWAY,FAIRWAY,RECOVERY,146.5,319.3,True,6,1,False,True,False,False
안지현,9465,1,10,5,3,1,FAIRWAY,FAIRWAY,3,GREEN,GREEN,NORMAL_APPROACH,21.1,146.5,True,6,1,False,True,False,False
안지현,9465,1,12,4,2,2,ROUGH,ROUGH,2,ROUGH,ROUGH,RECOVERY,23.3,156.3,False,4,0,True,False,False,False
안지현,9465,1,12,4,3,2,ROUGH,ROUGH,3,GREEN,GREEN,RECOVERY,0.8,23.3,False,4,0,True,False,False,False
안지현,9465,1,13,4,2,1,FAIRWAY,FAIRWAY,3,GREEN,GREEN,NORMAL_APPROACH,10.7,120.8,True,4,0,True,False,False,True
안지현,9465,1,14,4,2,2,ROUGH,ROUGH,3,GREEN,GREEN,RECOVERY,6.0,127.6,True,5,1,False,True,False,False
안지현,9465,1,15,4,2,1,FAIRWAY,FAIRWAY,3,GREEN,GREEN,NORMAL_APPROACH,10.3,146.3,True,4,0,True,False,False,True
안지현,9465,1,17,4,2,2,ROUGH,ROUGH,3,GREEN,GREEN,RECOVERY,5.0,139.5,True,4,0,True,False,False,False
안지현,9465,1,18,5,2,2,ROUGH,ROUGH,1,FAIRWAY,FAIRWAY,RECOVERY,217.0,351.9,False,5,0,True,False,False,False
안지현,9465,1,18,5,3,1,FAIRWAY,FAIRWAY,2,ROUGH,ROUGH,ADVANCE_LAYUP,24.8,217.0,False,5,0,True,False,False,False
안지현,9465,1,18,5,4,2,ROUGH,ROUGH,3,GREEN,GREEN,RECOVERY,1.6,24.8,False,5,0,True,False,False,False
안지현,9465,2,1,4,2,6,BUNKER,BUNKER,1,FAIRWAY,FAIRWAY,RECOVERY,69.0,155.3,False,5,1,False,True,False,False
안지현,9465,2,1,4,3,1,FAIRWAY,FAIRWAY,3,GREEN,GREEN,NORMAL_APPROACH,1.9,69.0,False,5,1,False,True,False,False
안지현,9465,2,3,4,2,1,FAIRWAY,FAIRWAY,2,ROUGH,ROUGH,OTHER_UNRESOLVED,19.4,184.1,False,4,0,True,False,False,True
안지현,9465,2,3,4,3,2,ROUGH,ROUGH,3,GREEN,GREEN,RECOVERY,0.8,19.4,False,4,0,True,False,False,True
안지현,9465,2,4,5,2,2,ROUGH,ROUGH,1,FAIRWAY,FAIRWAY,RECOVERY,134.2,303.6,True,5,0,True,False,False,False
안지현,9465,2,4,5,3,1,FAIRWAY,FAIRWAY,3,GREEN,GREEN,NORMAL_APPROACH,10.6,134.2,True,5,0,True,False,False,False
안지현,9465,2,5,3,2,12,FRINGE,FRINGE,3,GREEN,GREEN,SHORT_GAME,2.4,16.7,False,3,0,True,False,False,
안지현,9465,2,6,4,2,1,FAIRWAY,FAIRWAY,3,GREEN,GREEN,NORMAL_APPROACH,13.3,152.6,True,4,0,True,False,False,True
안지현,9465,2,7,5,2,2,ROUGH,ROUGH,1,FAIRWAY,FAIRWAY,RECOVERY,80.8,294.4,True,5,0,True,False,False,False
안지현,9465,2,7,5,3,1,FAIRWAY,FAIRWAY,3,GREEN,GREEN,NORMAL_APPROACH,15.9,80.8,True,5,0,True,False,False,False
안지현,9465,2,8,4,2,1,FAIRWAY,FAIRWAY,5,PENALTY_AREA,PENALTY_AREA,OTHER_UNRESOLVED,0.0,130.0,False,6,2,False,True,True,True
안지현,9465,2,8,4,3,5,PENALTY_AREA,PENALTY_AREA,8,PENALTY_STROKE,LOST_BALL_PENALTY_RESTART,PENALTY_RESTART,94.9,0.0,False,6,2,False,True,True,True
안지현,9465,2,8,4,4,8,PENALTY_STROKE,LOST_BALL_PENALTY_RESTART,3,GREEN,GREEN,PENALTY_RESTART,2.4,94.9,False,6,2,False,True,True,True
안지현,9465,2,9,4,2,2,ROUGH,ROUGH,3,GREEN,GREEN,RECOVERY,7.1,116.4,True,4,0,True,False,False,False
안지현,9465,2,10,5,2,1,FAIRWAY,FAIRWAY,1,FAIRWAY,FAIRWAY,ADVANCE_LAYUP,102.4,320.4,True,5,0,True,False,False,True
안지현,9465,2,10,5,3,1,FAIRWAY,FAIRWAY,3,GREEN,GREEN,NORMAL_APPROACH,1.5,102.4,True,5,0,True,False,False,True
안지현,9465,2,11,3,2,2,ROUGH,ROUGH,3,GREEN,GREEN,RECOVERY,5.5,11.2,False,4,1,False,True,False,
안지현,9465,2,12,4,2,1,FAIRWAY,FAIRWAY,3,GREEN,GREEN,NORMAL_APPROACH,12.9,159.8,True,4,0,True,False,False,True
안지현,9465,2,13,4,2,1,FAIRWAY,FAIRWAY,3,GREEN,GREEN,NORMAL_APPROACH,0.9,104.4,True,4,0,True,False,False,True
안지현,9465,2,14,4,2,1,FAIRWAY,FAIRWAY,3,GREEN,GREEN,NORMAL_APPROACH,10.0,167.1,True,3,-1,True,False,False,True
안지현,9465,2,15,4,2,1,FAIRWAY,FAIRWAY,3,GREEN,GREEN,NORMAL_APPROACH,2.2,152.7,True,3,-1,True,False,False,True
안지현,9465,2,16,3,2,5,PENALTY_AREA,PENALTY_AREA,8,PENALTY_STROKE,LOST_BALL_PENALTY_RESTART,PENALTY_RESTART,95.4,0.0,False,5,2,False,True,True,
안지현,9465,2,16,3,3,8,PENALTY_STROKE,LOST_BALL_PENALTY_RESTART,3,GREEN,GREEN,PENALTY_RESTART,3.9,95.4,False,5,2,False,True,True,
안지현,9465,2,17,4,2,2,ROUGH,ROUGH,9,GREENSIDE_BUNKER,GREENSIDE_BUNKER,RECOVERY,42.9,158.2,False,5,1,False,True,False,False
안지현,9465,2,17,4,3,9,GREENSIDE_BUNKER,GREENSIDE_BUNKER,3,GREEN,GREEN,RECOVERY,6.6,42.9,False,5,1,False,True,False,False
안지현,9465,2,18,5,2,1,FAIRWAY,FAIRWAY,2,ROUGH,ROUGH,ADVANCE_LAYUP,89.0,261.9,False,5,0,True,False,False,True
안지현,9465,2,18,5,3,2,ROUGH,ROUGH,12,FRINGE,FRINGE,RECOVERY,22.1,89.0,False,5,0,True,False,False,True
안지현,9465,2,18,5,4,12,FRINGE,FRINGE,3,GREEN,GREEN,SHORT_GAME,0.9,22.1,False,5,0,True,False,False,True
안지현,9465,3,1,4,2,1,FAIRWAY,FAIRWAY,3,GREEN,GREEN,NORMAL_APPROACH,14.1,157.3,True,5,1,False,True,False,True
안지현,9465,3,3,4,2,1,FAIRWAY,FAIRWAY,3,GREEN,GREEN,NORMAL_APPROACH,12.5,188.0,True,4,0,True,False,False,True
안지현,9465,3,4,5,2,1,FAIRWAY,FAIRWAY,2,ROUGH,ROUGH,ADVANCE_LAYUP,84.1,292.4,True,5,0,True,False,False,True
안지현,9465,3,4,5,3,2,ROUGH,ROUGH,3,GREEN,GREEN,RECOVERY,5.9,84.1,True,5,0,True,False,False,True
안지현,9465,3,6,4,2,1,FAIRWAY,FAIRWAY,12,FRINGE,FRINGE,NORMAL_APPROACH,6.7,163.0,False,4,0,True,False,False,True
안지현,9465,3,6,4,3,12,FRINGE,FRINGE,3,GREEN,GREEN,SHORT_GAME,0.7,6.7,False,4,0,True,False,False,True
안지현,9465,3,7,5,2,1,FAIRWAY,FAIRWAY,1,FAIRWAY,FAIRWAY,ADVANCE_LAYUP,109.2,300.2,True,5,0,True,False,False,True
안지현,9465,3,7,5,3,1,FAIRWAY,FAIRWAY,3,GREEN,GREEN,NORMAL_APPROACH,3.4,109.2,True,5,0,True,False,False,True
안지현,9465,3,8,4,2,1,FAIRWAY,FAIRWAY,3,GREEN,GREEN,NORMAL_APPROACH,17.9,123.6,True,4,0,True,False,False,True
안지현,9465,3,9,4,2,2,ROUGH,ROUGH,3,GREEN,GREEN,RECOVERY,8.2,98.1,True,4,0,True,False,False,False
안지현,9465,3,10,5,2,2,ROUGH,ROUGH,1,FAIRWAY,FAIRWAY,RECOVERY,126.5,318.9,True,4,-1,True,False,False,False
안지현,9465,3,10,5,3,1,FAIRWAY,FAIRWAY,3,GREEN,GREEN,NORMAL_APPROACH,1.6,126.5,True,4,-1,True,False,False,False
안지현,9465,3,12,4,2,1,FAIRWAY,FAIRWAY,2,ROUGH,ROUGH,OTHER_UNRESOLVED,16.5,156.7,False,4,0,True,False,False,True
안지현,9465,3,12,4,3,2,ROUGH,ROUGH,3,GREEN,GREEN,RECOVERY,3.9,16.5,False,4,0,True,False,False,True
안지현,9465,3,13,4,2,1,FAIRWAY,FAIRWAY,3,GREEN,GREEN,NORMAL_APPROACH,1.9,127.8,True,3,-1,True,False,False,True
안지현,9465,3,14,4,2,1,FAIRWAY,FAIRWAY,3,GREEN,GREEN,NORMAL_APPROACH,5.6,151.2,True,4,0,True,False,False,True
안지현,9465,3,15,4,2,2,ROUGH,ROUGH,1,FAIRWAY,FAIRWAY,RECOVERY,157.0,218.0,False,5,1,False,True,False,False
안지현,9465,3,15,4,3,1,FAIRWAY,FAIRWAY,12,FRINGE,FRINGE,NORMAL_APPROACH,13.5,157.0,False,5,1,False,True,False,False
안지현,9465,3,15,4,4,12,FRINGE,FRINGE,3,GREEN,GREEN,SHORT_GAME,1.9,13.5,False,5,1,False,True,False,False
안지현,9465,3,17,4,2,1,FAIRWAY,FAIRWAY,3,GREEN,GREEN,NORMAL_APPROACH,1.9,117.3,True,3,-1,True,False,False,True
안지현,9465,3,18,5,2,2,ROUGH,ROUGH,1,FAIRWAY,FAIRWAY,RECOVERY,178.2,283.2,False,5,0,True,False,False,False
안지현,9465,3,18,5,3,1,FAIRWAY,FAIRWAY,2,ROUGH,ROUGH,ADVANCE_LAYUP,26.6,178.2,False,5,0,True,False,False,False
안지현,9465,3,18,5,4,2,ROUGH,ROUGH,3,GREEN,GREEN,RECOVERY,1.2,26.6,False,5,0,True,False,False,False
안지현,9465,4,1,4,2,2,ROUGH,ROUGH,9,GREENSIDE_BUNKER,GREENSIDE_BUNKER,RECOVERY,26.7,170.8,False,5,1,False,True,False,False
안지현,9465,4,1,4,3,9,GREENSIDE_BUNKER,GREENSIDE_BUNKER,3,GREEN,GREEN,RECOVERY,7.6,26.7,False,5,1,False,True,False,False
안지현,9465,4,2,3,2,12,FRINGE,FRINGE,3,GREEN,GREEN,SHORT_GAME,2.6,16.7,False,3,0,True,False,False,
안지현,9465,4,3,4,2,1,FAIRWAY,FAIRWAY,12,FRINGE,FRINGE,NORMAL_APPROACH,16.6,186.6,False,5,1,False,True,False,True
안지현,9465,4,3,4,3,12,FRINGE,FRINGE,3,GREEN,GREEN,SHORT_GAME,8.7,16.6,False,5,1,False,True,False,True
안지현,9465,4,4,5,2,1,FAIRWAY,FAIRWAY,1,FAIRWAY,FAIRWAY,ADVANCE_LAYUP,98.2,290.5,True,5,0,True,False,False,True
안지현,9465,4,4,5,3,1,FAIRWAY,FAIRWAY,3,GREEN,GREEN,NORMAL_APPROACH,8.3,98.2,True,5,0,True,False,False,True
안지현,9465,4,6,4,2,1,FAIRWAY,FAIRWAY,3,GREEN,GREEN,NORMAL_APPROACH,0.6,138.9,True,3,-1,True,False,False,True
안지현,9465,4,7,5,2,2,ROUGH,ROUGH,1,FAIRWAY,FAIRWAY,RECOVERY,106.8,302.6,True,4,-1,True,False,False,False
안지현,9465,4,7,5,3,1,FAIRWAY,FAIRWAY,3,GREEN,GREEN,NORMAL_APPROACH,1.4,106.8,True,4,-1,True,False,False,False
안지현,9465,4,8,4,2,1,FAIRWAY,FAIRWAY,3,GREEN,GREEN,NORMAL_APPROACH,5.3,128.3,True,4,0,True,False,False,True
안지현,9465,4,9,4,2,2,ROUGH,ROUGH,3,GREEN,GREEN,RECOVERY,11.5,97.6,True,5,1,False,True,False,False
안지현,9465,4,10,5,2,1,FAIRWAY,FAIRWAY,1,FAIRWAY,FAIRWAY,ADVANCE_LAYUP,75.0,297.3,True,5,0,True,False,False,True
안지현,9465,4,10,5,3,1,FAIRWAY,FAIRWAY,3,GREEN,GREEN,NORMAL_APPROACH,6.6,75.0,True,5,0,True,False,False,True
안지현,9465,4,12,4,2,2,ROUGH,ROUGH,2,ROUGH,ROUGH,RECOVERY,42.4,142.5,False,4,0,True,False,False,False
안지현,9465,4,12,4,3,2,ROUGH,ROUGH,3,GREEN,GREEN,RECOVERY,1.2,42.4,False,4,0,True,False,False,False
안지현,9465,4,13,4,2,1,FAIRWAY,FAIRWAY,3,GREEN,GREEN,NORMAL_APPROACH,11.6,128.8,True,4,0,True,False,False,True
안지현,9465,4,14,4,2,1,FAIRWAY,FAIRWAY,9,GREENSIDE_BUNKER,GREENSIDE_BUNKER,OTHER_UNRESOLVED,15.4,160.6,False,4,0,True,False,False,True
안지현,9465,4,14,4,3,9,GREENSIDE_BUNKER,GREENSIDE_BUNKER,3,GREEN,GREEN,RECOVERY,1.5,15.4,False,4,0,True,False,False,True
안지현,9465,4,15,4,2,2,ROUGH,ROUGH,2,ROUGH,ROUGH,RECOVERY,22.9,168.2,False,5,1,False,True,False,False
안지현,9465,4,15,4,3,2,ROUGH,ROUGH,3,GREEN,GREEN,RECOVERY,7.4,22.9,False,5,1,False,True,False,False
안지현,9465,4,17,4,2,2,ROUGH,ROUGH,2,ROUGH,ROUGH,RECOVERY,21.5,127.3,False,4,0,True,False,False,False
안지현,9465,4,17,4,3,2,ROUGH,ROUGH,3,GREEN,GREEN,RECOVERY,1.1,21.5,False,4,0,True,False,False,False
안지현,9465,4,18,5,2,1,FAIRWAY,FAIRWAY,2,ROUGH,ROUGH,ADVANCE_LAYUP,79.4,301.1,True,5,0,True,False,False,True
안지현,9465,4,18,5,3,2,ROUGH,ROUGH,3,GREEN,GREEN,RECOVERY,9.8,79.4,True,5,0,True,False,False,True
한지원,9483,1,1,4,2,1,FAIRWAY,FAIRWAY,9,GREENSIDE_BUNKER,GREENSIDE_BUNKER,OTHER_UNRESOLVED,33.7,185.3,False,4,0,True,False,False,True
한지원,9483,1,1,4,3,9,GREENSIDE_BUNKER,GREENSIDE_BUNKER,3,GREEN,GREEN,RECOVERY,5.5,33.7,False,4,0,True,False,False,True
한지원,9483,1,3,4,2,1,FAIRWAY,FAIRWAY,9,GREENSIDE_BUNKER,GREENSIDE_BUNKER,OTHER_UNRESOLVED,14.2,188.1,False,4,0,True,False,False,True
한지원,9483,1,3,4,3,9,GREENSIDE_BUNKER,GREENSIDE_BUNKER,3,GREEN,GREEN,RECOVERY,4.3,14.2,False,4,0,True,False,False,True
한지원,9483,1,4,5,2,1,FAIRWAY,FAIRWAY,1,FAIRWAY,FAIRWAY,ADVANCE_LAYUP,134.8,314.7,True,6,1,False,True,False,True
한지원,9483,1,4,5,3,1,FAIRWAY,FAIRWAY,3,GREEN,GREEN,NORMAL_APPROACH,12.6,134.8,True,6,1,False,True,False,True
한지원,9483,1,5,3,2,2,ROUGH,ROUGH,2,ROUGH,ROUGH,RECOVERY,8.1,24.1,False,4,1,False,True,False,
한지원,9483,1,5,3,3,2,ROUGH,ROUGH,3,GREEN,GREEN,RECOVERY,1.4,8.1,False,4,1,False,True,False,
한지원,9483,1,6,4,2,1,FAIRWAY,FAIRWAY,3,GREEN,GREEN,NORMAL_APPROACH,14.8,166.6,True,4,0,True,False,False,True
한지원,9483,1,7,5,2,1,FAIRWAY,FAIRWAY,2,ROUGH,ROUGH,ADVANCE_LAYUP,87.2,274.3,True,5,0,True,False,False,True
한지원,9483,1,7,5,3,2,ROUGH,ROUGH,3,GREEN,GREEN,RECOVERY,5.8,87.2,True,5,0,True,False,False,True
한지원,9483,1,8,4,2,2,ROUGH,ROUGH,2,ROUGH,ROUGH,RECOVERY,42.0,172.7,False,5,1,False,True,False,False
한지원,9483,1,8,4,3,2,ROUGH,ROUGH,12,FRINGE,FRINGE,RECOVERY,5.4,42.0,False,5,1,False,True,False,False
한지원,9483,1,8,4,4,12,FRINGE,FRINGE,3,GREEN,GREEN,SHORT_GAME,0.8,5.4,False,5,1,False,True,False,False
한지원,9483,1,9,4,2,2,ROUGH,ROUGH,3,GREEN,GREEN,RECOVERY,9.0,151.4,True,4,0,True,False,False,False
한지원,9483,1,10,5,2,1,FAIRWAY,FAIRWAY,1,FAIRWAY,FAIRWAY,ADVANCE_LAYUP,109.9,299.7,True,5,0,True,False,False,True
한지원,9483,1,10,5,3,1,FAIRWAY,FAIRWAY,3,GREEN,GREEN,NORMAL_APPROACH,2.7,109.9,True,5,0,True,False,False,True
한지원,9483,1,11,3,2,2,ROUGH,ROUGH,3,GREEN,GREEN,RECOVERY,9.7,17.2,False,4,1,False,True,False,
한지원,9483,1,12,4,2,2,ROUGH,ROUGH,3,GREEN,GREEN,RECOVERY,9.8,138.3,True,4,0,True,False,False,False
한지원,9483,1,13,4,2,1,FAIRWAY,FAIRWAY,3,GREEN,GREEN,NORMAL_APPROACH,8.6,118.3,True,5,1,False,True,False,True
한지원,9483,1,14,4,2,2,ROUGH,ROUGH,3,GREEN,GREEN,RECOVERY,8.7,132.1,True,4,0,True,False,False,False
한지원,9483,1,15,4,2,2,ROUGH,ROUGH,9,GREENSIDE_BUNKER,GREENSIDE_BUNKER,RECOVERY,47.1,166.4,False,5,1,False,True,False,False
한지원,9483,1,15,4,3,9,GREENSIDE_BUNKER,GREENSIDE_BUNKER,2,ROUGH,ROUGH,RECOVERY,23.6,47.1,False,5,1,False,True,False,False
한지원,9483,1,15,4,4,2,ROUGH,ROUGH,3,GREEN,GREEN,RECOVERY,6.4,23.6,False,5,1,False,True,False,False
한지원,9483,1,16,3,2,12,FRINGE,FRINGE,3,GREEN,GREEN,SHORT_GAME,2.6,16.0,False,3,0,True,False,False,
한지원,9483,1,17,4,2,1,FAIRWAY,FAIRWAY,3,GREEN,GREEN,NORMAL_APPROACH,1.0,125.0,True,3,-1,True,False,False,True
한지원,9483,1,18,5,2,1,FAIRWAY,FAIRWAY,1,FAIRWAY,FAIRWAY,ADVANCE_LAYUP,102.3,287.2,True,5,0,True,False,False,True
한지원,9483,1,18,5,3,1,FAIRWAY,FAIRWAY,3,GREEN,GREEN,NORMAL_APPROACH,8.0,102.3,True,5,0,True,False,False,True
한지원,9483,2,1,4,2,1,FAIRWAY,FAIRWAY,2,ROUGH,ROUGH,OTHER_UNRESOLVED,20.0,160.0,False,6,2,False,True,True,True
한지원,9483,2,1,4,3,2,ROUGH,ROUGH,3,GREEN,GREEN,RECOVERY,22.8,20.0,False,6,2,False,True,True,True
한지원,9483,2,3,4,2,1,FAIRWAY,FAIRWAY,2,ROUGH,ROUGH,OTHER_UNRESOLVED,31.2,188.8,False,5,1,False,True,False,True
한지원,9483,2,3,4,3,2,ROUGH,ROUGH,3,GREEN,GREEN,RECOVERY,8.7,31.2,False,5,1,False,True,False,True
한지원,9483,2,4,5,2,2,ROUGH,ROUGH,1,FAIRWAY,FAIRWAY,RECOVERY,170.1,294.7,True,5,0,True,False,False,False
한지원,9483,2,4,5,3,1,FAIRWAY,FAIRWAY,3,GREEN,GREEN,NORMAL_APPROACH,20.3,170.1,True,5,0,True,False,False,False
한지원,9483,2,6,4,2,2,ROUGH,ROUGH,2,ROUGH,ROUGH,RECOVERY,9.8,165.4,False,4,0,True,False,False,False
한지원,9483,2,6,4,3,2,ROUGH,ROUGH,3,GREEN,GREEN,RECOVERY,2.9,9.8,False,4,0,True,False,False,False
한지원,9483,2,7,5,2,1,FAIRWAY,FAIRWAY,1,FAIRWAY,FAIRWAY,ADVANCE_LAYUP,91.8,293.4,True,5,0,True,False,False,True
한지원,9483,2,7,5,3,1,FAIRWAY,FAIRWAY,3,GREEN,GREEN,NORMAL_APPROACH,9.6,91.8,True,5,0,True,False,False,True
한지원,9483,2,8,4,2,1,FAIRWAY,FAIRWAY,3,GREEN,GREEN,NORMAL_APPROACH,10.9,141.9,True,4,0,True,False,False,True
한지원,9483,2,9,4,2,2,ROUGH,ROUGH,12,FRINGE,FRINGE,RECOVERY,9.3,136.2,False,4,0,True,False,False,False
한지원,9483,2,9,4,3,12,FRINGE,FRINGE,3,GREEN,GREEN,SHORT_GAME,2.0,9.3,False,4,0,True,False,False,False
한지원,9483,2,10,5,2,1,FAIRWAY,FAIRWAY,1,FAIRWAY,FAIRWAY,ADVANCE_LAYUP,145.5,327.3,False,5,0,True,False,False,True
한지원,9483,2,10,5,3,1,FAIRWAY,FAIRWAY,12,FRINGE,FRINGE,NORMAL_APPROACH,5.1,145.5,False,5,0,True,False,False,True
한지원,9483,2,10,5,4,12,FRINGE,FRINGE,3,GREEN,GREEN,SHORT_GAME,1.8,5.1,False,5,0,True,False,False,True
한지원,9483,2,12,4,2,1,FAIRWAY,FAIRWAY,3,GREEN,GREEN,NORMAL_APPROACH,14.4,175.3,True,4,0,True,False,False,True
한지원,9483,2,13,4,2,1,FAIRWAY,FAIRWAY,3,GREEN,GREEN,NORMAL_APPROACH,10.5,113.0,True,4,0,True,False,False,True
한지원,9483,2,14,4,2,1,FAIRWAY,FAIRWAY,2,ROUGH,ROUGH,OTHER_UNRESOLVED,27.7,161.4,False,5,1,False,True,False,True
한지원,9483,2,14,4,3,2,ROUGH,ROUGH,12,FRINGE,FRINGE,RECOVERY,6.4,27.7,False,5,1,False,True,False,True
한지원,9483,2,14,4,4,12,FRINGE,FRINGE,3,GREEN,GREEN,SHORT_GAME,1.4,6.4,False,5,1,False,True,False,True
한지원,9483,2,15,4,2,2,ROUGH,ROUGH,3,GREEN,GREEN,RECOVERY,6.8,121.1,True,4,0,True,False,False,False
한지원,9483,2,17,4,2,1,FAIRWAY,FAIRWAY,3,GREEN,GREEN,NORMAL_APPROACH,4.7,141.2,True,3,-1,True,False,False,True
한지원,9483,2,18,5,2,1,FAIRWAY,FAIRWAY,1,FAIRWAY,FAIRWAY,ADVANCE_LAYUP,84.6,271.1,True,5,0,True,False,False,True
한지원,9483,2,18,5,3,1,FAIRWAY,FAIRWAY,3,GREEN,GREEN,NORMAL_APPROACH,8.7,84.6,True,5,0,True,False,False,True
한지원,9483,3,1,4,2,1,FAIRWAY,FAIRWAY,3,GREEN,GREEN,NORMAL_APPROACH,14.8,176.2,True,4,0,True,False,False,True
한지원,9483,3,2,3,2,2,ROUGH,ROUGH,10,HOLED,HOLED,RECOVERY,0.0,8.2,False,2,-1,True,False,False,
한지원,9483,3,3,4,2,1,FAIRWAY,FAIRWAY,2,ROUGH,ROUGH,OTHER_UNRESOLVED,32.1,197.1,False,4,0,True,False,False,True
한지원,9483,3,3,4,3,2,ROUGH,ROUGH,3,GREEN,GREEN,RECOVERY,0.7,32.1,False,4,0,True,False,False,True
한지원,9483,3,4,5,2,2,ROUGH,ROUGH,1,FAIRWAY,FAIRWAY,RECOVERY,121.4,303.5,True,6,1,False,True,False,False
한지원,9483,3,4,5,3,1,FAIRWAY,FAIRWAY,3,GREEN,GREEN,NORMAL_APPROACH,15.4,121.4,True,6,1,False,True,False,False
한지원,9483,3,6,4,2,1,FAIRWAY,FAIRWAY,2,ROUGH,ROUGH,OTHER_UNRESOLVED,20.0,164.5,False,5,1,False,True,False,True
한지원,9483,3,6,4,3,2,ROUGH,ROUGH,9,GREENSIDE_BUNKER,GREENSIDE_BUNKER,RECOVERY,12.7,20.0,False,5,1,False,True,False,True
한지원,9483,3,6,4,4,9,GREENSIDE_BUNKER,GREENSIDE_BUNKER,3,GREEN,GREEN,RECOVERY,2.7,12.7,False,5,1,False,True,False,True
한지원,9483,3,7,5,2,2,ROUGH,ROUGH,1,FAIRWAY,FAIRWAY,RECOVERY,159.8,299.3,True,5,0,True,False,False,False
한지원,9483,3,7,5,3,1,FAIRWAY,FAIRWAY,3,GREEN,GREEN,NORMAL_APPROACH,25.6,159.8,True,5,0,True,False,False,False
한지원,9483,3,8,4,2,1,FAIRWAY,FAIRWAY,3,GREEN,GREEN,NORMAL_APPROACH,14.4,133.0,True,4,0,True,False,False,True
한지원,9483,3,9,4,2,1,FAIRWAY,FAIRWAY,2,ROUGH,ROUGH,OTHER_UNRESOLVED,16.2,111.3,False,4,0,True,False,False,True
한지원,9483,3,9,4,3,2,ROUGH,ROUGH,3,GREEN,GREEN,RECOVERY,2.0,16.2,False,4,0,True,False,False,True
한지원,9483,3,10,5,2,1,FAIRWAY,FAIRWAY,1,FAIRWAY,FAIRWAY,ADVANCE_LAYUP,150.1,326.7,False,6,1,False,True,False,True
한지원,9483,3,10,5,3,1,FAIRWAY,FAIRWAY,12,FRINGE,FRINGE,NORMAL_APPROACH,15.7,150.1,False,6,1,False,True,False,True
한지원,9483,3,10,5,4,12,FRINGE,FRINGE,3,GREEN,GREEN,SHORT_GAME,3.6,15.7,False,6,1,False,True,False,True
한지원,9483,3,12,4,2,2,ROUGH,ROUGH,1,FAIRWAY,FAIRWAY,RECOVERY,86.2,156.3,False,4,0,True,False,False,False
한지원,9483,3,12,4,3,1,FAIRWAY,FAIRWAY,3,GREEN,GREEN,NORMAL_APPROACH,1.6,86.2,False,4,0,True,False,False,False
한지원,9483,3,13,4,2,1,FAIRWAY,FAIRWAY,2,ROUGH,ROUGH,OTHER_UNRESOLVED,8.2,126.6,False,6,2,False,True,True,True
한지원,9483,3,13,4,3,2,ROUGH,ROUGH,3,GREEN,GREEN,RECOVERY,8.1,8.2,False,6,2,False,True,True,True
한지원,9483,3,14,4,2,1,FAIRWAY,FAIRWAY,3,GREEN,GREEN,NORMAL_APPROACH,5.4,138.7,True,4,0,True,False,False,True
한지원,9483,3,15,4,2,2,ROUGH,ROUGH,2,ROUGH,ROUGH,RECOVERY,18.0,178.9,False,4,0,True,False,False,False
한지원,9483,3,15,4,3,2,ROUGH,ROUGH,3,GREEN,GREEN,RECOVERY,5.7,18.0,False,4,0,True,False,False,False
한지원,9483,3,17,4,2,2,ROUGH,ROUGH,3,GREEN,GREEN,RECOVERY,16.6,143.0,True,4,0,True,False,False,False
한지원,9483,3,18,5,2,1,FAIRWAY,FAIRWAY,2,ROUGH,ROUGH,ADVANCE_LAYUP,91.2,275.1,False,6,1,False,True,False,True
한지원,9483,3,18,5,3,2,ROUGH,ROUGH,5,PENALTY_AREA,PENALTY_AREA,RECOVERY,0.0,91.2,False,6,1,False,True,False,True
한지원,9483,3,18,5,4,5,PENALTY_AREA,PENALTY_AREA,8,PENALTY_STROKE,LOST_BALL_PENALTY_RESTART,PENALTY_RESTART,35.9,0.0,False,6,1,False,True,False,True
한지원,9483,3,18,5,5,8,PENALTY_STROKE,LOST_BALL_PENALTY_RESTART,3,GREEN,GREEN,PENALTY_RESTART,3.9,35.9,False,6,1,False,True,False,True
한지원,9483,4,1,4,2,2,ROUGH,ROUGH,2,ROUGH,ROUGH,RECOVERY,19.8,184.9,False,4,0,True,False,False,False
한지원,9483,4,1,4,3,2,ROUGH,ROUGH,3,GREEN,GREEN,RECOVERY,1.7,19.8,False,4,0,True,False,False,False
한지원,9483,4,3,4,2,1,FAIRWAY,FAIRWAY,3,GREEN,GREEN,NORMAL_APPROACH,18.2,172.7,True,4,0,True,False,False,True
한지원,9483,4,4,5,2,1,FAIRWAY,FAIRWAY,1,FAIRWAY,FAIRWAY,ADVANCE_LAYUP,103.5,288.0,True,5,0,True,False,False,True
한지원,9483,4,4,5,3,1,FAIRWAY,FAIRWAY,3,GREEN,GREEN,NORMAL_APPROACH,8.1,103.5,True,5,0,True,False,False,True
한지원,9483,4,6,4,2,1,FAIRWAY,FAIRWAY,3,GREEN,GREEN,NORMAL_APPROACH,3.4,138.4,True,3,-1,True,False,False,True
한지원,9483,4,7,5,2,1,FAIRWAY,FAIRWAY,2,ROUGH,ROUGH,ADVANCE_LAYUP,100.7,296.4,True,6,1,False,True,False,True
한지원,9483,4,7,5,3,2,ROUGH,ROUGH,3,GREEN,GREEN,RECOVERY,21.6,100.7,True,6,1,False,True,False,True
한지원,9483,4,7,5,5,12,FRINGE,FRINGE,3,GREEN,GREEN,SHORT_GAME,0.5,6.0,True,6,1,False,True,False,True
한지원,9483,4,8,4,2,2,ROUGH,ROUGH,2,ROUGH,ROUGH,RECOVERY,28.2,139.6,False,5,1,False,True,False,False
한지원,9483,4,8,4,3,2,ROUGH,ROUGH,3,GREEN,GREEN,RECOVERY,6.7,28.2,False,5,1,False,True,False,False
한지원,9483,4,9,4,2,2,ROUGH,ROUGH,3,GREEN,GREEN,RECOVERY,11.6,126.1,True,3,-1,True,False,False,False
한지원,9483,4,10,5,2,2,ROUGH,ROUGH,2,ROUGH,ROUGH,RECOVERY,137.7,312.3,True,5,0,True,False,False,False
한지원,9483,4,10,5,3,2,ROUGH,ROUGH,3,GREEN,GREEN,RECOVERY,15.9,137.7,True,5,0,True,False,False,False
한지원,9483,4,11,3,2,9,GREENSIDE_BUNKER,GREENSIDE_BUNKER,3,GREEN,GREEN,RECOVERY,6.7,16.1,False,4,1,False,True,False,
한지원,9483,4,12,4,2,1,FAIRWAY,FAIRWAY,12,FRINGE,FRINGE,NORMAL_APPROACH,8.7,143.2,False,4,0,True,False,False,True
한지원,9483,4,12,4,3,12,FRINGE,FRINGE,3,GREEN,GREEN,SHORT_GAME,0.5,8.7,False,4,0,True,False,False,True
한지원,9483,4,13,4,2,1,FAIRWAY,FAIRWAY,3,GREEN,GREEN,NORMAL_APPROACH,0.8,127.6,True,3,-1,True,False,False,True
한지원,9483,4,14,4,2,1,FAIRWAY,FAIRWAY,2,ROUGH,ROUGH,OTHER_UNRESOLVED,16.1,136.1,False,5,1,False,True,False,True
한지원,9483,4,14,4,3,2,ROUGH,ROUGH,3,GREEN,GREEN,RECOVERY,2.7,16.1,False,5,1,False,True,False,True
한지원,9483,4,15,4,2,2,ROUGH,ROUGH,2,ROUGH,ROUGH,RECOVERY,18.2,152.6,False,3,-1,True,False,False,False
한지원,9483,4,15,4,3,2,ROUGH,ROUGH,10,HOLED,HOLED,RECOVERY,0.0,18.2,False,3,-1,True,False,False,False
한지원,9483,4,17,4,2,1,FAIRWAY,FAIRWAY,3,GREEN,GREEN,NORMAL_APPROACH,5.7,128.7,True,4,0,True,False,False,True
한지원,9483,4,18,5,2,2,ROUGH,ROUGH,1,FAIRWAY,FAIRWAY,RECOVERY,221.0,285.7,False,5,0,True,False,False,False
한지원,9483,4,18,5,3,1,FAIRWAY,FAIRWAY,2,ROUGH,ROUGH,ADVANCE_LAYUP,45.3,221.0,False,5,0,True,False,False,False
한지원,9483,4,18,5,4,2,ROUGH,ROUGH,3,GREEN,GREEN,RECOVERY,0.5,45.3,False,5,0,True,False,False,False
김재희,9487,1,1,4,2,2,ROUGH,ROUGH,3,GREEN,GREEN,RECOVERY,12.4,168.6,True,4,0,True,False,False,False
김재희,9487,1,3,4,2,1,FAIRWAY,FAIRWAY,2,ROUGH,ROUGH,OTHER_UNRESOLVED,32.7,182.2,False,6,2,False,True,True,True
김재희,9487,1,3,4,3,2,ROUGH,ROUGH,9,GREENSIDE_BUNKER,GREENSIDE_BUNKER,RECOVERY,12.5,32.7,False,6,2,False,True,True,True
김재희,9487,1,3,4,4,9,GREENSIDE_BUNKER,GREENSIDE_BUNKER,3,GREEN,GREEN,RECOVERY,9.6,12.5,False,6,2,False,True,True,True
김재희,9487,1,4,5,2,1,FAIRWAY,FAIRWAY,2,ROUGH,ROUGH,ADVANCE_LAYUP,94.0,284.9,True,5,0,True,False,False,True
김재희,9487,1,4,5,3,2,ROUGH,ROUGH,3,GREEN,GREEN,RECOVERY,6.9,94.0,True,5,0,True,False,False,True
김재희,9487,1,5,3,2,12,FRINGE,FRINGE,3,GREEN,GREEN,SHORT_GAME,1.1,9.1,False,4,1,False,True,False,
김재희,9487,1,6,4,2,2,ROUGH,ROUGH,7,LOST_BALL,LOST_BALL_PENALTY_RESTART,RECOVERY,284.9,284.9,False,7,3,False,True,True,False
김재희,9487,1,6,4,3,7,LOST_BALL,LOST_BALL_PENALTY_RESTART,8,PENALTY_STROKE,LOST_BALL_PENALTY_RESTART,PENALTY_RESTART,284.9,284.9,False,7,3,False,True,True,False
김재희,9487,1,6,4,4,8,PENALTY_STROKE,LOST_BALL_PENALTY_RESTART,1,FAIRWAY,FAIRWAY,PENALTY_RESTART,92.8,284.9,False,7,3,False,True,True,False
김재희,9487,1,6,4,5,1,FAIRWAY,FAIRWAY,3,GREEN,GREEN,NORMAL_APPROACH,3.5,92.8,False,7,3,False,True,True,False
김재희,9487,1,7,5,2,1,FAIRWAY,FAIRWAY,1,FAIRWAY,FAIRWAY,ADVANCE_LAYUP,81.1,268.6,True,5,0,True,False,False,True
김재희,9487,1,7,5,3,1,FAIRWAY,FAIRWAY,3,GREEN,GREEN,NORMAL_APPROACH,2.2,81.1,True,5,0,True,False,False,True
김재희,9487,1,8,4,2,1,FAIRWAY,FAIRWAY,3,GREEN,GREEN,NORMAL_APPROACH,15.4,149.5,True,3,-1,True,False,False,True
김재희,9487,1,9,4,2,1,FAIRWAY,FAIRWAY,3,GREEN,GREEN,NORMAL_APPROACH,9.5,138.1,True,4,0,True,False,False,True
김재희,9487,1,10,5,2,1,FAIRWAY,FAIRWAY,2,ROUGH,ROUGH,ADVANCE_LAYUP,115.8,308.0,False,5,0,True,False,False,True
김재희,9487,1,10,5,3,2,ROUGH,ROUGH,2,ROUGH,ROUGH,RECOVERY,7.3,115.8,False,5,0,True,False,False,True
김재희,9487,1,10,5,4,2,ROUGH,ROUGH,3,GREEN,GREEN,RECOVERY,1.1,7.3,False,5,0,True,False,False,True
김재희,9487,1,11,3,2,12,FRINGE,FRINGE,3,GREEN,GREEN,SHORT_GAME,2.1,15.6,False,4,1,False,True,False,
김재희,9487,1,12,4,2,1,FAIRWAY,FAIRWAY,3,GREEN,GREEN,NORMAL_APPROACH,7.0,129.0,True,4,0,True,False,False,True
김재희,9487,1,13,4,2,6,BUNKER,BUNKER,3,GREEN,GREEN,RECOVERY,15.3,102.8,True,4,0,True,False,False,False
김재희,9487,1,14,4,2,2,ROUGH,ROUGH,1,FAIRWAY,FAIRWAY,RECOVERY,56.8,156.2,False,4,0,True,False,False,False
김재희,9487,1,14,4,3,1,FAIRWAY,FAIRWAY,3,GREEN,GREEN,NORMAL_APPROACH,3.8,56.8,False,4,0,True,False,False,False
김재희,9487,1,15,4,2,1,FAIRWAY,FAIRWAY,3,GREEN,GREEN,NORMAL_APPROACH,5.3,147.2,True,4,0,True,False,False,True
김재희,9487,1,17,4,2,1,FAIRWAY,FAIRWAY,2,ROUGH,ROUGH,OTHER_UNRESOLVED,18.8,140.2,False,5,1,False,True,False,True
김재희,9487,1,17,4,3,2,ROUGH,ROUGH,3,GREEN,GREEN,RECOVERY,0.9,18.8,False,5,1,False,True,False,True
김재희,9487,1,18,5,2,1,FAIRWAY,FAIRWAY,1,FAIRWAY,FAIRWAY,ADVANCE_LAYUP,77.3,287.2,True,5,0,True,False,False,True
김재희,9487,1,18,5,3,1,FAIRWAY,FAIRWAY,3,GREEN,GREEN,NORMAL_APPROACH,3.8,77.3,True,5,0,True,False,False,True
김재희,9487,2,1,4,2,2,ROUGH,ROUGH,3,GREEN,GREEN,RECOVERY,2.7,173.4,True,4,0,True,False,False,False
김재희,9487,2,3,4,2,1,FAIRWAY,FAIRWAY,3,GREEN,GREEN,NORMAL_APPROACH,5.5,183.5,True,4,0,True,False,False,True
김재희,9487,2,4,5,2,7,LOST_BALL,LOST_BALL_PENALTY_RESTART,8,PENALTY_STROKE,LOST_BALL_PENALTY_RESTART,PENALTY_RESTART,522.2,522.2,False,7,2,False,True,True,False
김재희,9487,2,4,5,3,8,PENALTY_STROKE,LOST_BALL_PENALTY_RESTART,1,FAIRWAY,FAIRWAY,PENALTY_RESTART,291.8,522.2,False,7,2,False,True,True,False
김재희,9487,2,4,5,4,1,FAIRWAY,FAIRWAY,1,FAIRWAY,FAIRWAY,ADVANCE_LAYUP,88.0,291.8,False,7,2,False,True,True,False
김재희,9487,2,4,5,5,1,FAIRWAY,FAIRWAY,3,GREEN,GREEN,NORMAL_APPROACH,4.4,88.0,False,7,2,False,True,True,False
김재희,9487,2,6,4,2,1,FAIRWAY,FAIRWAY,9,GREENSIDE_BUNKER,GREENSIDE_BUNKER,OTHER_UNRESOLVED,22.6,161.1,False,4,0,True,False,False,True
김재희,9487,2,6,4,3,9,GREENSIDE_BUNKER,GREENSIDE_BUNKER,12,FRINGE,FRINGE,RECOVERY,5.3,22.6,False,4,0,True,False,False,True
김재희,9487,2,6,4,4,12,FRINGE,FRINGE,10,HOLED,HOLED,SHORT_GAME,0.0,5.3,False,4,0,True,False,False,True
김재희,9487,2,7,5,2,1,FAIRWAY,FAIRWAY,1,FAIRWAY,FAIRWAY,ADVANCE_LAYUP,76.5,291.7,True,4,-1,True,False,False,True
김재희,9487,2,7,5,3,1,FAIRWAY,FAIRWAY,3,GREEN,GREEN,NORMAL_APPROACH,2.1,76.5,True,4,-1,True,False,False,True
김재희,9487,2,8,4,2,2,ROUGH,ROUGH,2,ROUGH,ROUGH,RECOVERY,134.1,145.2,False,5,1,False,True,False,False
김재희,9487,2,8,4,3,2,ROUGH,ROUGH,1,FAIRWAY,FAIRWAY,RECOVERY,107.6,134.1,False,5,1,False,True,False,False
김재희,9487,2,8,4,4,1,FAIRWAY,FAIRWAY,3,GREEN,GREEN,NORMAL_APPROACH,3.9,107.6,False,5,1,False,True,False,False
김재희,9487,2,9,4,2,1,FAIRWAY,FAIRWAY,12,FRINGE,FRINGE,NORMAL_APPROACH,8.6,126.9,False,4,0,True,False,False,True
김재희,9487,2,9,4,3,12,FRINGE,FRINGE,3,GREEN,GREEN,SHORT_GAME,0.5,8.6,False,4,0,True,False,False,True
김재희,9487,2,10,5,2,1,FAIRWAY,FAIRWAY,1,FAIRWAY,FAIRWAY,ADVANCE_LAYUP,145.3,313.3,False,5,0,True,False,False,True
김재희,9487,2,10,5,3,1,FAIRWAY,FAIRWAY,12,FRINGE,FRINGE,NORMAL_APPROACH,4.6,145.3,False,5,0,True,False,False,True
김재희,9487,2,10,5,4,12,FRINGE,FRINGE,3,GREEN,GREEN,SHORT_GAME,0.4,4.6,False,5,0,True,False,False,True
김재희,9487,2,12,4,2,1,FAIRWAY,FAIRWAY,2,ROUGH,ROUGH,OTHER_UNRESOLVED,18.2,158.1,False,6,2,False,True,True,True
김재희,9487,2,12,4,3,2,ROUGH,ROUGH,3,GREEN,GREEN,RECOVERY,13.9,18.2,False,6,2,False,True,True,True
김재희,9487,2,13,4,2,1,FAIRWAY,FAIRWAY,12,FRINGE,FRINGE,NORMAL_APPROACH,8.8,113.1,False,4,0,True,False,False,True
김재희,9487,2,13,4,3,12,FRINGE,FRINGE,3,GREEN,GREEN,SHORT_GAME,0.2,8.8,False,4,0,True,False,False,True
김재희,9487,2,14,4,2,1,FAIRWAY,FAIRWAY,3,GREEN,GREEN,NORMAL_APPROACH,27.6,175.6,True,5,1,False,True,False,True
김재희,9487,2,15,4,2,1,FAIRWAY,FAIRWAY,3,GREEN,GREEN,NORMAL_APPROACH,7.9,148.5,True,3,-1,True,False,False,True
김재희,9487,2,17,4,2,1,FAIRWAY,FAIRWAY,3,GREEN,GREEN,NORMAL_APPROACH,13.9,149.8,True,4,0,True,False,False,True
김재희,9487,2,18,5,2,1,FAIRWAY,FAIRWAY,1,FAIRWAY,FAIRWAY,ADVANCE_LAYUP,82.9,259.9,False,5,0,True,False,False,True
김재희,9487,2,18,5,3,1,FAIRWAY,FAIRWAY,12,FRINGE,FRINGE,NORMAL_APPROACH,6.0,82.9,False,5,0,True,False,False,True
김재희,9487,2,18,5,4,12,FRINGE,FRINGE,3,GREEN,GREEN,SHORT_GAME,0.5,6.0,False,5,0,True,False,False,True
이세희,9652,1,1,4,2,2,ROUGH,ROUGH,2,ROUGH,ROUGH,RECOVERY,8.5,169.4,False,4,0,True,False,False,False
이세희,9652,1,1,4,3,2,ROUGH,ROUGH,3,GREEN,GREEN,RECOVERY,0.5,8.5,False,4,0,True,False,False,False
이세희,9652,1,2,3,2,5,PENALTY_AREA,PENALTY_AREA,8,PENALTY_STROKE,LOST_BALL_PENALTY_RESTART,PENALTY_RESTART,43.5,0.0,False,4,1,False,True,False,
이세희,9652,1,2,3,3,8,PENALTY_STROKE,LOST_BALL_PENALTY_RESTART,3,GREEN,GREEN,PENALTY_RESTART,1.4,43.5,False,4,1,False,True,False,
이세희,9652,1,3,4,2,1,FAIRWAY,FAIRWAY,2,ROUGH,ROUGH,OTHER_UNRESOLVED,12.8,176.8,False,5,1,False,True,False,True
이세희,9652,1,3,4,3,2,ROUGH,ROUGH,3,GREEN,GREEN,RECOVERY,3.8,12.8,False,5,1,False,True,False,True
이세희,9652,1,4,5,2,2,ROUGH,ROUGH,2,ROUGH,ROUGH,RECOVERY,235.2,292.2,False,6,1,False,True,False,False
이세희,9652,1,4,5,3,2,ROUGH,ROUGH,1,FAIRWAY,FAIRWAY,RECOVERY,89.6,235.2,False,6,1,False,True,False,False
이세희,9652,1,4,5,4,1,FAIRWAY,FAIRWAY,3,GREEN,GREEN,NORMAL_APPROACH,4.1,89.6,False,6,1,False,True,False,False
이세희,9652,1,6,4,2,2,ROUGH,ROUGH,2,ROUGH,ROUGH,RECOVERY,33.3,206.6,False,5,1,False,True,False,False
이세희,9652,1,6,4,3,2,ROUGH,ROUGH,3,GREEN,GREEN,RECOVERY,5.3,33.3,False,5,1,False,True,False,False
이세희,9652,1,7,5,2,1,FAIRWAY,FAIRWAY,1,FAIRWAY,FAIRWAY,ADVANCE_LAYUP,86.3,269.5,True,4,-1,True,False,False,True
이세희,9652,1,7,5,3,1,FAIRWAY,FAIRWAY,3,GREEN,GREEN,NORMAL_APPROACH,1.9,86.3,True,4,-1,True,False,False,True
이세희,9652,1,8,4,2,1,FAIRWAY,FAIRWAY,3,GREEN,GREEN,NORMAL_APPROACH,8.6,147.1,True,4,0,True,False,False,True
이세희,9652,1,9,4,2,2,ROUGH,ROUGH,3,GREEN,GREEN,RECOVERY,6.4,124.1,True,4,0,True,False,False,False
이세희,9652,1,10,5,2,1,FAIRWAY,FAIRWAY,1,FAIRWAY,FAIRWAY,ADVANCE_LAYUP,131.0,306.2,False,5,0,True,False,False,True
이세희,9652,1,10,5,3,1,FAIRWAY,FAIRWAY,2,ROUGH,ROUGH,ADVANCE_LAYUP,8.9,131.0,False,5,0,True,False,False,True
이세희,9652,1,10,5,4,2,ROUGH,ROUGH,3,GREEN,GREEN,RECOVERY,0.3,8.9,False,5,0,True,False,False,True
이세희,9652,1,11,3,2,2,ROUGH,ROUGH,3,GREEN,GREEN,RECOVERY,12.3,20.8,False,4,1,False,True,False,
이세희,9652,1,12,4,2,6,BUNKER,BUNKER,1,FAIRWAY,FAIRWAY,RECOVERY,93.8,179.0,False,5,1,False,True,False,False
이세희,9652,1,12,4,3,1,FAIRWAY,FAIRWAY,3,GREEN,GREEN,NORMAL_APPROACH,3.3,93.8,False,5,1,False,True,False,False
이세희,9652,1,13,4,2,1,FAIRWAY,FAIRWAY,3,GREEN,GREEN,NORMAL_APPROACH,3.5,135.1,True,4,0,True,False,False,True
이세희,9652,1,14,4,2,1,FAIRWAY,FAIRWAY,12,FRINGE,FRINGE,NORMAL_APPROACH,18.8,149.6,False,4,0,True,False,False,True
이세희,9652,1,14,4,3,12,FRINGE,FRINGE,3,GREEN,GREEN,SHORT_GAME,0.5,18.8,False,4,0,True,False,False,True
이세희,9652,1,15,4,2,2,ROUGH,ROUGH,2,ROUGH,ROUGH,RECOVERY,30.7,169.5,False,5,1,False,True,False,False
이세희,9652,1,15,4,3,2,ROUGH,ROUGH,3,GREEN,GREEN,RECOVERY,7.6,30.7,False,5,1,False,True,False,False
이세희,9652,1,16,3,2,5,PENALTY_AREA,PENALTY_AREA,8,PENALTY_STROKE,LOST_BALL_PENALTY_RESTART,PENALTY_RESTART,161.8,0.0,False,5,2,False,True,True,
이세희,9652,1,16,3,3,8,PENALTY_STROKE,LOST_BALL_PENALTY_RESTART,3,GREEN,GREEN,PENALTY_RESTART,6.5,161.8,False,5,2,False,True,True,
이세희,9652,1,17,4,2,1,FAIRWAY,FAIRWAY,3,GREEN,GREEN,NORMAL_APPROACH,5.9,137.2,True,4,0,True,False,False,True
이세희,9652,1,18,5,2,2,ROUGH,ROUGH,2,ROUGH,ROUGH,RECOVERY,165.9,276.7,False,5,0,True,False,False,False
이세희,9652,1,18,5,3,2,ROUGH,ROUGH,1,FAIRWAY,FAIRWAY,RECOVERY,113.6,165.9,False,5,0,True,False,False,False
이세희,9652,1,18,5,4,1,FAIRWAY,FAIRWAY,3,GREEN,GREEN,NORMAL_APPROACH,7.7,113.6,False,5,0,True,False,False,False
이세희,9652,2,1,4,2,1,FAIRWAY,FAIRWAY,3,GREEN,GREEN,NORMAL_APPROACH,12.8,155.2,True,5,1,False,True,False,True
이세희,9652,2,3,4,2,1,FAIRWAY,FAIRWAY,12,FRINGE,FRINGE,NORMAL_APPROACH,18.4,182.1,False,4,0,True,False,False,True
이세희,9652,2,3,4,3,12,FRINGE,FRINGE,3,GREEN,GREEN,SHORT_GAME,2.2,18.4,False,4,0,True,False,False,True
이세희,9652,2,4,5,2,2,ROUGH,ROUGH,1,FAIRWAY,FAIRWAY,RECOVERY,95.5,289.0,True,5,0,True,False,False,False
이세희,9652,2,4,5,3,1,FAIRWAY,FAIRWAY,3,GREEN,GREEN,NORMAL_APPROACH,11.2,95.5,True,5,0,True,False,False,False
이세희,9652,2,6,4,2,1,FAIRWAY,FAIRWAY,2,ROUGH,ROUGH,OTHER_UNRESOLVED,18.7,158.1,False,4,0,True,False,False,True
이세희,9652,2,6,4,3,2,ROUGH,ROUGH,3,GREEN,GREEN,RECOVERY,1.6,18.7,False,4,0,True,False,False,True
이세희,9652,2,7,5,2,1,FAIRWAY,FAIRWAY,1,FAIRWAY,FAIRWAY,ADVANCE_LAYUP,77.1,283.6,True,4,-1,True,False,False,True
이세희,9652,2,7,5,3,1,FAIRWAY,FAIRWAY,3,GREEN,GREEN,NORMAL_APPROACH,8.4,77.1,True,4,-1,True,False,False,True
이세희,9652,2,8,4,2,1,FAIRWAY,FAIRWAY,3,GREEN,GREEN,NORMAL_APPROACH,11.6,137.7,True,4,0,True,False,False,True
이세희,9652,2,9,4,2,1,FAIRWAY,FAIRWAY,3,GREEN,GREEN,NORMAL_APPROACH,2.8,123.2,True,4,0,True,False,False,True
이세희,9652,2,10,5,2,1,FAIRWAY,FAIRWAY,1,FAIRWAY,FAIRWAY,ADVANCE_LAYUP,126.8,321.0,True,6,1,False,True,False,True
이세희,9652,2,10,5,3,1,FAIRWAY,FAIRWAY,3,GREEN,GREEN,NORMAL_APPROACH,17.8,126.8,True,6,1,False,True,False,True
이세희,9652,2,10,5,5,12,FRINGE,FRINGE,3,GREEN,GREEN,SHORT_GAME,0.4,4.8,True,6,1,False,True,False,True
이세희,9652,2,12,4,2,2,ROUGH,ROUGH,2,ROUGH,ROUGH,RECOVERY,31.8,156.5,False,4,0,True,False,False,False
이세희,9652,2,12,4,3,2,ROUGH,ROUGH,3,GREEN,GREEN,RECOVERY,1.5,31.8,False,4,0,True,False,False,False
이세희,9652,2,13,4,2,1,FAIRWAY,FAIRWAY,3,GREEN,GREEN,NORMAL_APPROACH,9.4,117.8,True,4,0,True,False,False,True
이세희,9652,2,14,4,2,1,FAIRWAY,FAIRWAY,3,GREEN,GREEN,NORMAL_APPROACH,22.0,170.6,True,4,0,True,False,False,True
이세희,9652,2,15,4,2,2,ROUGH,ROUGH,2,ROUGH,ROUGH,RECOVERY,17.3,167.1,False,5,1,False,True,False,False
이세희,9652,2,15,4,3,2,ROUGH,ROUGH,3,GREEN,GREEN,RECOVERY,4.8,17.3,False,5,1,False,True,False,False
이세희,9652,2,17,4,2,1,FAIRWAY,FAIRWAY,3,GREEN,GREEN,NORMAL_APPROACH,8.3,138.8,True,4,0,True,False,False,True
이세희,9652,2,18,5,2,2,ROUGH,ROUGH,1,FAIRWAY,FAIRWAY,RECOVERY,94.7,281.5,True,4,-1,True,False,False,False
이세희,9652,2,18,5,3,1,FAIRWAY,FAIRWAY,3,GREEN,GREEN,NORMAL_APPROACH,4.6,94.7,True,4,-1,True,False,False,False
이세희,9652,3,1,4,2,2,ROUGH,ROUGH,2,ROUGH,ROUGH,RECOVERY,161.8,176.7,False,6,2,False,True,True,False
이세희,9652,3,1,4,3,2,ROUGH,ROUGH,2,ROUGH,ROUGH,RECOVERY,14.0,161.8,False,6,2,False,True,True,False
이세희,9652,3,1,4,4,2,ROUGH,ROUGH,3,GREEN,GREEN,RECOVERY,4.2,14.0,False,6,2,False,True,True,False
이세희,9652,3,3,4,2,1,FAIRWAY,FAIRWAY,3,GREEN,GREEN,NORMAL_APPROACH,7.1,197.8,True,4,0,True,False,False,True
이세희,9652,3,4,5,2,1,FAIRWAY,FAIRWAY,1,FAIRWAY,FAIRWAY,ADVANCE_LAYUP,84.6,289.5,True,5,0,True,False,False,True
이세희,9652,3,4,5,3,1,FAIRWAY,FAIRWAY,3,GREEN,GREEN,NORMAL_APPROACH,4.9,84.6,True,5,0,True,False,False,True
이세희,9652,3,6,4,2,2,ROUGH,ROUGH,2,ROUGH,ROUGH,RECOVERY,11.4,173.0,False,4,0,True,False,False,False
이세희,9652,3,6,4,3,2,ROUGH,ROUGH,3,GREEN,GREEN,RECOVERY,1.7,11.4,False,4,0,True,False,False,False
이세희,9652,3,7,5,2,2,ROUGH,ROUGH,1,FAIRWAY,FAIRWAY,RECOVERY,211.1,321.9,False,7,2,False,True,True,False
이세희,9652,3,7,5,3,1,FAIRWAY,FAIRWAY,9,GREENSIDE_BUNKER,GREENSIDE_BUNKER,ADVANCE_LAYUP,33.4,211.1,False,7,2,False,True,True,False
이세희,9652,3,7,5,4,9,GREENSIDE_BUNKER,GREENSIDE_BUNKER,3,GREEN,GREEN,RECOVERY,5.1,33.4,False,7,2,False,True,True,False
이세희,9652,3,8,4,2,1,FAIRWAY,FAIRWAY,3,GREEN,GREEN,NORMAL_APPROACH,9.3,133.1,True,4,0,True,False,False,True
이세희,9652,3,9,4,2,1,FAIRWAY,FAIRWAY,3,GREEN,GREEN,NORMAL_APPROACH,4.1,103.7,True,4,0,True,False,False,True
이세희,9652,3,10,5,2,2,ROUGH,ROUGH,1,FAIRWAY,FAIRWAY,RECOVERY,147.6,323.4,True,5,0,True,False,False,False
이세희,9652,3,10,5,3,1,FAIRWAY,FAIRWAY,3,GREEN,GREEN,NORMAL_APPROACH,4.9,147.6,True,5,0,True,False,False,False
이세희,9652,3,11,3,2,2,ROUGH,ROUGH,12,FRINGE,FRINGE,RECOVERY,6.5,24.7,False,4,1,False,True,False,
이세희,9652,3,11,3,3,12,FRINGE,FRINGE,3,GREEN,GREEN,SHORT_GAME,1.8,6.5,False,4,1,False,True,False,
이세희,9652,3,12,4,2,1,FAIRWAY,FAIRWAY,3,GREEN,GREEN,NORMAL_APPROACH,5.3,136.3,True,4,0,True,False,False,True
이세희,9652,3,13,4,2,6,BUNKER,BUNKER,3,GREEN,GREEN,RECOVERY,21.5,112.5,True,4,0,True,False,False,False
이세희,9652,3,14,4,2,1,FAIRWAY,FAIRWAY,3,GREEN,GREEN,NORMAL_APPROACH,3.1,160.9,True,4,0,True,False,False,True
이세희,9652,3,15,4,2,1,FAIRWAY,FAIRWAY,3,GREEN,GREEN,NORMAL_APPROACH,10.6,177.4,True,4,0,True,False,False,True
이세희,9652,3,17,4,2,1,FAIRWAY,FAIRWAY,2,ROUGH,ROUGH,OTHER_UNRESOLVED,9.2,123.3,False,4,0,True,False,False,True
이세희,9652,3,17,4,3,2,ROUGH,ROUGH,3,GREEN,GREEN,RECOVERY,0.3,9.2,False,4,0,True,False,False,True
이세희,9652,3,18,5,2,1,FAIRWAY,FAIRWAY,2,ROUGH,ROUGH,ADVANCE_LAYUP,106.9,284.4,True,5,0,True,False,False,True
이세희,9652,3,18,5,3,2,ROUGH,ROUGH,3,GREEN,GREEN,RECOVERY,20.1,106.9,True,5,0,True,False,False,True
이세희,9652,4,1,4,2,1,FAIRWAY,FAIRWAY,3,GREEN,GREEN,NORMAL_APPROACH,17.8,151.9,True,4,0,True,False,False,True
이세희,9652,4,3,4,2,1,FAIRWAY,FAIRWAY,9,GREENSIDE_BUNKER,GREENSIDE_BUNKER,OTHER_UNRESOLVED,19.1,184.0,False,5,1,False,True,False,True
이세희,9652,4,3,4,3,9,GREENSIDE_BUNKER,GREENSIDE_BUNKER,3,GREEN,GREEN,RECOVERY,8.2,19.1,False,5,1,False,True,False,True
이세희,9652,4,4,5,2,1,FAIRWAY,FAIRWAY,1,FAIRWAY,FAIRWAY,ADVANCE_LAYUP,79.7,282.0,False,5,0,True,False,False,True
이세희,9652,4,4,5,3,1,FAIRWAY,FAIRWAY,2,ROUGH,ROUGH,ADVANCE_LAYUP,17.7,79.7,False,5,0,True,False,False,True
이세희,9652,4,4,5,4,2,ROUGH,ROUGH,3,GREEN,GREEN,RECOVERY,3.8,17.7,False,5,0,True,False,False,True
이세희,9652,4,6,4,2,2,ROUGH,ROUGH,2,ROUGH,ROUGH,RECOVERY,13.8,145.7,False,5,1,False,True,False,False
이세희,9652,4,6,4,3,2,ROUGH,ROUGH,3,GREEN,GREEN,RECOVERY,1.1,13.8,False,5,1,False,True,False,False
이세희,9652,4,7,5,2,1,FAIRWAY,FAIRWAY,2,ROUGH,ROUGH,ADVANCE_LAYUP,79.2,293.8,True,4,-1,True,False,False,True
이세희,9652,4,7,5,3,2,ROUGH,ROUGH,3,GREEN,GREEN,RECOVERY,0.7,79.2,True,4,-1,True,False,False,True
이세희,9652,4,8,4,2,1,FAIRWAY,FAIRWAY,3,GREEN,GREEN,NORMAL_APPROACH,1.3,134.7,True,3,-1,True,False,False,True
이세희,9652,4,9,4,2,2,ROUGH,ROUGH,12,FRINGE,FRINGE,RECOVERY,8.1,100.9,False,4,0,True,False,False,False
이세희,9652,4,9,4,3,12,FRINGE,FRINGE,3,GREEN,GREEN,SHORT_GAME,2.1,8.1,False,4,0,True,False,False,False
이세희,9652,4,10,5,2,2,ROUGH,ROUGH,2,ROUGH,ROUGH,RECOVERY,143.2,305.8,False,5,0,True,False,False,False
이세희,9652,4,10,5,3,2,ROUGH,ROUGH,9,GREENSIDE_BUNKER,GREENSIDE_BUNKER,RECOVERY,19.9,143.2,False,5,0,True,False,False,False
이세희,9652,4,10,5,4,9,GREENSIDE_BUNKER,GREENSIDE_BUNKER,3,GREEN,GREEN,RECOVERY,1.2,19.9,False,5,0,True,False,False,False
이세희,9652,4,12,4,2,2,ROUGH,ROUGH,12,FRINGE,FRINGE,RECOVERY,13.7,127.8,False,4,0,True,False,False,False
이세희,9652,4,12,4,3,12,FRINGE,FRINGE,3,GREEN,GREEN,SHORT_GAME,1.4,13.7,False,4,0,True,False,False,False
이세희,9652,4,13,4,2,1,FAIRWAY,FAIRWAY,3,GREEN,GREEN,NORMAL_APPROACH,17.6,122.6,True,4,0,True,False,False,True
이세희,9652,4,14,4,2,1,FAIRWAY,FAIRWAY,2,ROUGH,ROUGH,OTHER_UNRESOLVED,22.9,142.6,False,4,0,True,False,False,True
이세희,9652,4,14,4,3,2,ROUGH,ROUGH,3,GREEN,GREEN,RECOVERY,5.2,22.9,False,4,0,True,False,False,True
이세희,9652,4,15,4,2,2,ROUGH,ROUGH,12,FRINGE,FRINGE,RECOVERY,15.4,149.3,False,4,0,True,False,False,False
이세희,9652,4,15,4,3,12,FRINGE,FRINGE,3,GREEN,GREEN,SHORT_GAME,1.1,15.4,False,4,0,True,False,False,False
이세희,9652,4,17,4,2,2,ROUGH,ROUGH,3,GREEN,GREEN,RECOVERY,4.3,124.9,True,4,0,True,False,False,False
이세희,9652,4,18,5,2,1,FAIRWAY,FAIRWAY,1,FAIRWAY,FAIRWAY,ADVANCE_LAYUP,97.3,284.1,True,5,0,True,False,False,True
이세희,9652,4,18,5,3,1,FAIRWAY,FAIRWAY,3,GREEN,GREEN,NORMAL_APPROACH,3.8,97.3,True,5,0,True,False,False,True
김리안,9702,1,1,4,2,2,ROUGH,ROUGH,2,ROUGH,ROUGH,RECOVERY,44.1,183.8,False,5,1,False,True,False,False
김리안,9702,1,1,4,3,2,ROUGH,ROUGH,3,GREEN,GREEN,RECOVERY,6.5,44.1,False,5,1,False,True,False,False
김리안,9702,1,3,4,2,1,FAIRWAY,FAIRWAY,3,GREEN,GREEN,NORMAL_APPROACH,12.0,192.3,True,4,0,True,False,False,True
김리안,9702,1,4,5,2,1,FAIRWAY,FAIRWAY,1,FAIRWAY,FAIRWAY,ADVANCE_LAYUP,120.4,305.1,True,5,0,True,False,False,True
김리안,9702,1,4,5,3,1,FAIRWAY,FAIRWAY,3,GREEN,GREEN,NORMAL_APPROACH,2.6,120.4,True,5,0,True,False,False,True
김리안,9702,1,6,4,2,1,FAIRWAY,FAIRWAY,3,GREEN,GREEN,NORMAL_APPROACH,14.0,178.3,True,5,1,False,True,False,True
김리안,9702,1,7,5,2,1,FAIRWAY,FAIRWAY,2,ROUGH,ROUGH,ADVANCE_LAYUP,76.3,277.9,True,5,0,True,False,False,True
김리안,9702,1,7,5,3,2,ROUGH,ROUGH,3,GREEN,GREEN,RECOVERY,5.8,76.3,True,5,0,True,False,False,True
김리안,9702,1,8,4,2,2,ROUGH,ROUGH,1,FAIRWAY,FAIRWAY,RECOVERY,122.2,153.0,False,5,1,False,True,False,False
김리안,9702,1,8,4,3,1,FAIRWAY,FAIRWAY,3,GREEN,GREEN,NORMAL_APPROACH,4.9,122.2,False,5,1,False,True,False,False
김리안,9702,1,9,4,2,1,FAIRWAY,FAIRWAY,3,GREEN,GREEN,NORMAL_APPROACH,12.2,140.8,True,4,0,True,False,False,True
김리안,9702,1,10,5,2,1,FAIRWAY,FAIRWAY,1,FAIRWAY,FAIRWAY,ADVANCE_LAYUP,130.8,322.5,False,5,0,True,False,False,True
김리안,9702,1,10,5,3,1,FAIRWAY,FAIRWAY,2,ROUGH,ROUGH,ADVANCE_LAYUP,6.7,130.8,False,5,0,True,False,False,True
김리안,9702,1,10,5,4,2,ROUGH,ROUGH,3,GREEN,GREEN,RECOVERY,1.7,6.7,False,5,0,True,False,False,True
김리안,9702,1,12,4,2,1,FAIRWAY,FAIRWAY,3,GREEN,GREEN,NORMAL_APPROACH,9.5,155.6,True,4,0,True,False,False,True
김리안,9702,1,13,4,2,1,FAIRWAY,FAIRWAY,2,ROUGH,ROUGH,OTHER_UNRESOLVED,10.2,123.7,False,5,1,False,True,False,True
김리안,9702,1,13,4,3,2,ROUGH,ROUGH,3,GREEN,GREEN,RECOVERY,4.0,10.2,False,5,1,False,True,False,True
김리안,9702,1,14,4,2,1,FAIRWAY,FAIRWAY,3,GREEN,GREEN,NORMAL_APPROACH,11.0,140.0,True,4,0,True,False,False,True
김리안,9702,1,15,4,2,1,FAIRWAY,FAIRWAY,3,GREEN,GREEN,NORMAL_APPROACH,14.4,170.9,True,5,1,False,True,False,True
김리안,9702,1,16,3,2,2,ROUGH,ROUGH,3,GREEN,GREEN,RECOVERY,2.4,14.2,False,3,0,True,False,False,
김리안,9702,1,17,4,2,2,ROUGH,ROUGH,1,FAIRWAY,FAIRWAY,RECOVERY,97.6,148.6,False,4,0,True,False,False,False
김리안,9702,1,17,4,3,1,FAIRWAY,FAIRWAY,2,ROUGH,ROUGH,OTHER_UNRESOLVED,7.9,97.6,False,4,0,True,False,False,False
김리안,9702,1,17,4,4,2,ROUGH,ROUGH,10,HOLED,HOLED,RECOVERY,0.0,7.9,False,4,0,True,False,False,False
김리안,9702,1,18,5,2,2,ROUGH,ROUGH,1,FAIRWAY,FAIRWAY,RECOVERY,186.1,308.5,False,6,1,False,True,False,False
김리안,9702,1,18,5,3,1,FAIRWAY,FAIRWAY,2,ROUGH,ROUGH,ADVANCE_LAYUP,33.3,186.1,False,6,1,False,True,False,False
김리안,9702,1,18,5,4,2,ROUGH,ROUGH,3,GREEN,GREEN,RECOVERY,6.0,33.3,False,6,1,False,True,False,False
김리안,9702,2,1,4,2,1,FAIRWAY,FAIRWAY,9,GREENSIDE_BUNKER,GREENSIDE_BUNKER,OTHER_UNRESOLVED,15.1,165.1,False,4,0,True,False,False,True
김리안,9702,2,1,4,3,9,GREENSIDE_BUNKER,GREENSIDE_BUNKER,3,GREEN,GREEN,RECOVERY,1.3,15.1,False,4,0,True,False,False,True
김리안,9702,2,3,4,2,1,FAIRWAY,FAIRWAY,9,GREENSIDE_BUNKER,GREENSIDE_BUNKER,OTHER_UNRESOLVED,14.1,190.5,False,5,1,False,True,False,True
김리안,9702,2,3,4,3,9,GREENSIDE_BUNKER,GREENSIDE_BUNKER,3,GREEN,GREEN,RECOVERY,8.6,14.1,False,5,1,False,True,False,True
김리안,9702,2,4,5,2,1,FAIRWAY,FAIRWAY,2,ROUGH,ROUGH,ADVANCE_LAYUP,144.4,310.6,True,6,1,False,True,False,True
김리안,9702,2,4,5,3,2,ROUGH,ROUGH,3,GREEN,GREEN,RECOVERY,25.6,144.4,True,6,1,False,True,False,True
김리안,9702,2,6,4,2,1,FAIRWAY,FAIRWAY,2,ROUGH,ROUGH,OTHER_UNRESOLVED,19.7,164.8,False,5,1,False,True,False,True
김리안,9702,2,6,4,3,2,ROUGH,ROUGH,3,GREEN,GREEN,RECOVERY,1.2,19.7,False,5,1,False,True,False,True
김리안,9702,2,7,5,2,1,FAIRWAY,FAIRWAY,1,FAIRWAY,FAIRWAY,ADVANCE_LAYUP,102.2,294.5,True,6,1,False,True,False,True
김리안,9702,2,7,5,3,1,FAIRWAY,FAIRWAY,3,GREEN,GREEN,NORMAL_APPROACH,9.7,102.2,True,6,1,False,True,False,True
김리안,9702,2,8,4,2,1,FAIRWAY,FAIRWAY,2,ROUGH,ROUGH,OTHER_UNRESOLVED,7.1,132.3,False,4,0,True,False,False,True
김리안,9702,2,8,4,3,2,ROUGH,ROUGH,3,GREEN,GREEN,RECOVERY,1.2,7.1,False,4,0,True,False,False,True
김리안,9702,2,9,4,2,1,FAIRWAY,FAIRWAY,3,GREEN,GREEN,NORMAL_APPROACH,18.6,162.4,True,4,0,True,False,False,True
김리안,9702,2,10,5,2,1,FAIRWAY,FAIRWAY,2,ROUGH,ROUGH,ADVANCE_LAYUP,150.3,330.5,False,6,1,False,True,False,True
김리안,9702,2,10,5,3,2,ROUGH,ROUGH,2,ROUGH,ROUGH,RECOVERY,24.7,150.3,False,6,1,False,True,False,True
김리안,9702,2,10,5,4,2,ROUGH,ROUGH,3,GREEN,GREEN,RECOVERY,4.1,24.7,False,6,1,False,True,False,True
김리안,9702,2,11,3,2,2,ROUGH,ROUGH,3,GREEN,GREEN,RECOVERY,1.3,14.0,False,3,0,True,False,False,
김리안,9702,2,12,4,2,2,ROUGH,ROUGH,2,ROUGH,ROUGH,RECOVERY,10.5,186.4,False,5,1,False,True,False,False
김리안,9702,2,12,4,3,2,ROUGH,ROUGH,3,GREEN,GREEN,RECOVERY,16.4,10.5,False,5,1,False,True,False,False
김리안,9702,2,13,4,2,1,FAIRWAY,FAIRWAY,12,FRINGE,FRINGE,NORMAL_APPROACH,10.2,113.8,False,4,0,True,False,False,True
김리안,9702,2,13,4,3,12,FRINGE,FRINGE,3,GREEN,GREEN,SHORT_GAME,1.2,10.2,False,4,0,True,False,False,True
김리안,9702,2,14,4,2,5,PENALTY_AREA,PENALTY_AREA,8,PENALTY_STROKE,LOST_BALL_PENALTY_RESTART,PENALTY_RESTART,181.5,0.0,False,5,1,False,True,False,False
김리안,9702,2,14,4,3,8,PENALTY_STROKE,LOST_BALL_PENALTY_RESTART,1,FAIRWAY,FAIRWAY,PENALTY_RESTART,51.6,181.5,False,5,1,False,True,False,False
김리안,9702,2,14,4,4,1,FAIRWAY,FAIRWAY,3,GREEN,GREEN,NORMAL_APPROACH,1.0,51.6,False,5,1,False,True,False,False
김리안,9702,2,15,4,2,1,FAIRWAY,FAIRWAY,3,GREEN,GREEN,NORMAL_APPROACH,9.3,165.1,True,4,0,True,False,False,True
김리안,9702,2,17,4,2,2,ROUGH,ROUGH,2,ROUGH,ROUGH,RECOVERY,30.1,158.8,False,5,1,False,True,False,False
김리안,9702,2,17,4,3,2,ROUGH,ROUGH,3,GREEN,GREEN,RECOVERY,2.3,30.1,False,5,1,False,True,False,False
김리안,9702,2,18,5,2,2,ROUGH,ROUGH,2,ROUGH,ROUGH,RECOVERY,108.4,283.6,True,5,0,True,False,False,False
김리안,9702,2,18,5,3,2,ROUGH,ROUGH,3,GREEN,GREEN,RECOVERY,7.6,108.4,True,5,0,True,False,False,False
홍지원,9705,1,1,4,2,1,FAIRWAY,FAIRWAY,2,ROUGH,ROUGH,OTHER_UNRESOLVED,16.8,188.5,False,4,0,True,False,False,True
홍지원,9705,1,1,4,3,2,ROUGH,ROUGH,3,GREEN,GREEN,RECOVERY,10.0,16.8,False,4,0,True,False,False,True
홍지원,9705,1,3,4,2,1,FAIRWAY,FAIRWAY,9,GREENSIDE_BUNKER,GREENSIDE_BUNKER,OTHER_UNRESOLVED,12.6,183.3,False,5,1,False,True,False,True
홍지원,9705,1,3,4,3,9,GREENSIDE_BUNKER,GREENSIDE_BUNKER,3,GREEN,GREEN,RECOVERY,7.5,12.6,False,5,1,False,True,False,True
홍지원,9705,1,4,5,2,1,FAIRWAY,FAIRWAY,1,FAIRWAY,FAIRWAY,ADVANCE_LAYUP,103.4,298.1,True,5,0,True,False,False,True
홍지원,9705,1,4,5,3,1,FAIRWAY,FAIRWAY,3,GREEN,GREEN,NORMAL_APPROACH,4.7,103.4,True,5,0,True,False,False,True
홍지원,9705,1,6,4,2,2,ROUGH,ROUGH,1,FAIRWAY,FAIRWAY,RECOVERY,89.0,190.7,False,4,0,True,False,False,False
홍지원,9705,1,6,4,3,1,FAIRWAY,FAIRWAY,3,GREEN,GREEN,NORMAL_APPROACH,4.7,89.0,False,4,0,True,False,False,False
홍지원,9705,1,7,5,2,2,ROUGH,ROUGH,1,FAIRWAY,FAIRWAY,RECOVERY,71.9,283.6,True,5,0,True,False,False,False
홍지원,9705,1,7,5,3,1,FAIRWAY,FAIRWAY,3,GREEN,GREEN,NORMAL_APPROACH,5.6,71.9,True,5,0,True,False,False,False
홍지원,9705,1,8,4,2,1,FAIRWAY,FAIRWAY,3,GREEN,GREEN,NORMAL_APPROACH,6.7,176.3,True,3,-1,True,False,False,True
홍지원,9705,1,9,4,2,1,FAIRWAY,FAIRWAY,3,GREEN,GREEN,NORMAL_APPROACH,6.2,147.5,True,4,0,True,False,False,True
홍지원,9705,1,10,5,2,2,ROUGH,ROUGH,1,FAIRWAY,FAIRWAY,RECOVERY,143.7,326.9,False,5,0,True,False,False,False
홍지원,9705,1,10,5,3,1,FAIRWAY,FAIRWAY,9,GREENSIDE_BUNKER,GREENSIDE_BUNKER,ADVANCE_LAYUP,14.8,143.7,False,5,0,True,False,False,False
홍지원,9705,1,10,5,4,9,GREENSIDE_BUNKER,GREENSIDE_BUNKER,3,GREEN,GREEN,RECOVERY,1.2,14.8,False,5,0,True,False,False,False
홍지원,9705,1,11,3,2,2,ROUGH,ROUGH,3,GREEN,GREEN,RECOVERY,0.5,10.9,False,3,0,True,False,False,
홍지원,9705,1,12,4,2,1,FAIRWAY,FAIRWAY,3,GREEN,GREEN,NORMAL_APPROACH,13.0,155.2,True,4,0,True,False,False,True
홍지원,9705,1,13,4,2,1,FAIRWAY,FAIRWAY,3,GREEN,GREEN,NORMAL_APPROACH,11.5,121.9,True,4,0,True,False,False,True
홍지원,9705,1,14,4,2,1,FAIRWAY,FAIRWAY,12,FRINGE,FRINGE,NORMAL_APPROACH,12.6,143.9,False,4,0,True,False,False,True
홍지원,9705,1,14,4,3,12,FRINGE,FRINGE,3,GREEN,GREEN,SHORT_GAME,0.5,12.6,False,4,0,True,False,False,True
홍지원,9705,1,15,4,2,2,ROUGH,ROUGH,2,ROUGH,ROUGH,RECOVERY,20.4,147.6,False,5,1,False,True,False,False
홍지원,9705,1,15,4,3,2,ROUGH,ROUGH,3,GREEN,GREEN,RECOVERY,3.0,20.4,False,5,1,False,True,False,False
홍지원,9705,1,17,4,2,1,FAIRWAY,FAIRWAY,2,ROUGH,ROUGH,OTHER_UNRESOLVED,15.5,134.0,False,3,-1,True,False,False,True
홍지원,9705,1,17,4,3,2,ROUGH,ROUGH,10,HOLED,HOLED,RECOVERY,0.0,15.5,False,3,-1,True,False,False,True
홍지원,9705,1,18,5,2,1,FAIRWAY,FAIRWAY,2,ROUGH,ROUGH,ADVANCE_LAYUP,105.8,299.7,True,5,0,True,False,False,True
홍지원,9705,1,18,5,3,2,ROUGH,ROUGH,3,GREEN,GREEN,RECOVERY,6.8,105.8,True,5,0,True,False,False,True
홍지원,9705,2,1,4,2,2,ROUGH,ROUGH,2,ROUGH,ROUGH,RECOVERY,24.3,195.2,False,5,1,False,True,False,False
홍지원,9705,2,1,4,3,2,ROUGH,ROUGH,3,GREEN,GREEN,RECOVERY,3.6,24.3,False,5,1,False,True,False,False
홍지원,9705,2,3,4,2,1,FAIRWAY,FAIRWAY,3,GREEN,GREEN,NORMAL_APPROACH,13.5,193.4,True,4,0,True,False,False,True
홍지원,9705,2,4,5,2,1,FAIRWAY,FAIRWAY,1,FAIRWAY,FAIRWAY,ADVANCE_LAYUP,100.5,300.6,True,5,0,True,False,False,True
홍지원,9705,2,4,5,3,1,FAIRWAY,FAIRWAY,3,GREEN,GREEN,NORMAL_APPROACH,11.0,100.5,True,5,0,True,False,False,True
홍지원,9705,2,6,4,2,2,ROUGH,ROUGH,2,ROUGH,ROUGH,RECOVERY,10.5,159.5,False,5,1,False,True,False,False
홍지원,9705,2,6,4,3,2,ROUGH,ROUGH,12,FRINGE,FRINGE,RECOVERY,4.9,10.5,False,5,1,False,True,False,False
홍지원,9705,2,6,4,4,12,FRINGE,FRINGE,3,GREEN,GREEN,SHORT_GAME,0.6,4.9,False,5,1,False,True,False,False
홍지원,9705,2,7,5,2,1,FAIRWAY,FAIRWAY,1,FAIRWAY,FAIRWAY,ADVANCE_LAYUP,87.2,292.8,True,5,0,True,False,False,True
홍지원,9705,2,7,5,3,1,FAIRWAY,FAIRWAY,3,GREEN,GREEN,NORMAL_APPROACH,6.4,87.2,True,5,0,True,False,False,True
홍지원,9705,2,8,4,2,1,FAIRWAY,FAIRWAY,12,FRINGE,FRINGE,NORMAL_APPROACH,8.5,131.2,False,4,0,True,False,False,True
홍지원,9705,2,8,4,3,12,FRINGE,FRINGE,3,GREEN,GREEN,SHORT_GAME,0.8,8.5,False,4,0,True,False,False,True
홍지원,9705,2,9,4,2,2,ROUGH,ROUGH,3,GREEN,GREEN,RECOVERY,22.1,141.3,True,5,1,False,True,False,False
홍지원,9705,2,10,5,2,2,ROUGH,ROUGH,1,FAIRWAY,FAIRWAY,RECOVERY,138.9,333.3,True,5,0,True,False,False,False
홍지원,9705,2,10,5,3,1,FAIRWAY,FAIRWAY,3,GREEN,GREEN,NORMAL_APPROACH,6.5,138.9,True,5,0,True,False,False,False
홍지원,9705,2,12,4,2,2,ROUGH,ROUGH,3,GREEN,GREEN,RECOVERY,3.6,191.2,True,4,0,True,False,False,False
홍지원,9705,2,13,4,2,1,FAIRWAY,FAIRWAY,12,FRINGE,FRINGE,NORMAL_APPROACH,13.2,107.0,False,4,0,True,False,False,True
홍지원,9705,2,13,4,3,12,FRINGE,FRINGE,3,GREEN,GREEN,SHORT_GAME,1.1,13.2,False,4,0,True,False,False,True
홍지원,9705,2,14,4,2,1,FAIRWAY,FAIRWAY,12,FRINGE,FRINGE,NORMAL_APPROACH,17.8,166.1,False,5,1,False,True,False,True
홍지원,9705,2,14,4,3,12,FRINGE,FRINGE,3,GREEN,GREEN,SHORT_GAME,12.2,17.8,False,5,1,False,True,False,True
홍지원,9705,2,15,4,2,1,FAIRWAY,FAIRWAY,3,GREEN,GREEN,NORMAL_APPROACH,26.2,160.8,True,5,1,False,True,False,True
홍지원,9705,2,17,4,2,1,FAIRWAY,FAIRWAY,2,ROUGH,ROUGH,OTHER_UNRESOLVED,11.5,142.3,False,4,0,True,False,False,True
홍지원,9705,2,17,4,3,2,ROUGH,ROUGH,3,GREEN,GREEN,RECOVERY,1.3,11.5,False,4,0,True,False,False,True
홍지원,9705,2,18,5,2,1,FAIRWAY,FAIRWAY,1,FAIRWAY,FAIRWAY,ADVANCE_LAYUP,83.4,277.3,False,6,1,False,True,False,True
홍지원,9705,2,18,5,3,1,FAIRWAY,FAIRWAY,12,FRINGE,FRINGE,NORMAL_APPROACH,12.6,83.4,False,6,1,False,True,False,True
홍지원,9705,2,18,5,4,12,FRINGE,FRINGE,3,GREEN,GREEN,SHORT_GAME,3.1,12.6,False,6,1,False,True,False,True
홍지원,9705,3,1,4,2,1,FAIRWAY,FAIRWAY,3,GREEN,GREEN,NORMAL_APPROACH,11.3,184.0,True,4,0,True,False,False,True
홍지원,9705,3,3,4,2,1,FAIRWAY,FAIRWAY,2,ROUGH,ROUGH,OTHER_UNRESOLVED,10.6,208.1,False,5,1,False,True,False,True
홍지원,9705,3,3,4,3,2,ROUGH,ROUGH,3,GREEN,GREEN,RECOVERY,2.7,10.6,False,5,1,False,True,False,True
홍지원,9705,3,4,5,2,1,FAIRWAY,FAIRWAY,2,ROUGH,ROUGH,ADVANCE_LAYUP,101.6,299.2,True,5,0,True,False,False,True
홍지원,9705,3,4,5,3,2,ROUGH,ROUGH,3,GREEN,GREEN,RECOVERY,10.0,101.6,True,5,0,True,False,False,True
홍지원,9705,3,6,4,2,1,FAIRWAY,FAIRWAY,3,GREEN,GREEN,NORMAL_APPROACH,16.1,185.7,True,4,0,True,False,False,True
홍지원,9705,3,7,5,2,1,FAIRWAY,FAIRWAY,1,FAIRWAY,FAIRWAY,ADVANCE_LAYUP,101.4,312.1,True,5,0,True,False,False,True
홍지원,9705,3,7,5,3,1,FAIRWAY,FAIRWAY,3,GREEN,GREEN,NORMAL_APPROACH,2.3,101.4,True,5,0,True,False,False,True
홍지원,9705,3,8,4,2,1,FAIRWAY,FAIRWAY,5,PENALTY_AREA,PENALTY_AREA,OTHER_UNRESOLVED,0.0,141.7,False,5,1,False,True,False,True
홍지원,9705,3,8,4,3,5,PENALTY_AREA,PENALTY_AREA,8,PENALTY_STROKE,LOST_BALL_PENALTY_RESTART,PENALTY_RESTART,103.7,0.0,False,5,1,False,True,False,True
홍지원,9705,3,8,4,4,8,PENALTY_STROKE,LOST_BALL_PENALTY_RESTART,3,GREEN,GREEN,PENALTY_RESTART,2.3,103.7,False,5,1,False,True,False,True
홍지원,9705,3,9,4,2,2,ROUGH,ROUGH,3,GREEN,GREEN,RECOVERY,15.6,111.6,True,5,1,False,True,False,False
홍지원,9705,3,10,5,2,1,FAIRWAY,FAIRWAY,1,FAIRWAY,FAIRWAY,ADVANCE_LAYUP,124.4,331.2,True,5,0,True,False,False,True
홍지원,9705,3,10,5,3,1,FAIRWAY,FAIRWAY,3,GREEN,GREEN,NORMAL_APPROACH,8.2,124.4,True,5,0,True,False,False,True
홍지원,9705,3,12,4,2,1,FAIRWAY,FAIRWAY,12,FRINGE,FRINGE,NORMAL_APPROACH,10.6,177.5,False,3,-1,True,False,False,True
홍지원,9705,3,12,4,3,12,FRINGE,FRINGE,10,HOLED,HOLED,SHORT_GAME,0.0,10.6,False,3,-1,True,False,False,True
홍지원,9705,3,13,4,2,1,FAIRWAY,FAIRWAY,3,GREEN,GREEN,NORMAL_APPROACH,4.7,142.7,True,3,-1,True,False,False,True
홍지원,9705,3,14,4,2,1,FAIRWAY,FAIRWAY,12,FRINGE,FRINGE,NORMAL_APPROACH,19.1,161.1,False,4,0,True,False,False,True
홍지원,9705,3,14,4,3,12,FRINGE,FRINGE,3,GREEN,GREEN,SHORT_GAME,0.5,19.1,False,4,0,True,False,False,True
홍지원,9705,3,15,4,2,1,FAIRWAY,FAIRWAY,3,GREEN,GREEN,NORMAL_APPROACH,20.2,192.8,True,4,0,True,False,False,True
홍지원,9705,3,17,4,2,2,ROUGH,ROUGH,3,GREEN,GREEN,RECOVERY,8.2,141.0,True,4,0,True,False,False,False
홍지원,9705,3,18,5,2,2,ROUGH,ROUGH,2,ROUGH,ROUGH,RECOVERY,129.1,292.0,False,6,1,False,True,False,False
홍지원,9705,3,18,5,3,2,ROUGH,ROUGH,2,ROUGH,ROUGH,RECOVERY,23.7,129.1,False,6,1,False,True,False,False
홍지원,9705,3,18,5,4,2,ROUGH,ROUGH,3,GREEN,GREEN,RECOVERY,9.3,23.7,False,6,1,False,True,False,False
홍지원,9705,4,1,4,2,1,FAIRWAY,FAIRWAY,3,GREEN,GREEN,NORMAL_APPROACH,22.0,186.5,True,5,1,False,True,False,True
홍지원,9705,4,3,4,2,1,FAIRWAY,FAIRWAY,2,ROUGH,ROUGH,OTHER_UNRESOLVED,12.7,196.2,False,4,0,True,False,False,True
홍지원,9705,4,3,4,3,2,ROUGH,ROUGH,3,GREEN,GREEN,RECOVERY,0.3,12.7,False,4,0,True,False,False,True
홍지원,9705,4,4,5,2,2,ROUGH,ROUGH,1,FAIRWAY,FAIRWAY,RECOVERY,143.1,314.6,True,6,1,False,True,False,False
홍지원,9705,4,4,5,3,1,FAIRWAY,FAIRWAY,3,GREEN,GREEN,NORMAL_APPROACH,11.5,143.1,True,6,1,False,True,False,False
홍지원,9705,4,6,4,2,1,FAIRWAY,FAIRWAY,9,GREENSIDE_BUNKER,GREENSIDE_BUNKER,OTHER_UNRESOLVED,21.1,154.4,False,5,1,False,True,False,True
홍지원,9705,4,6,4,3,9,GREENSIDE_BUNKER,GREENSIDE_BUNKER,3,GREEN,GREEN,RECOVERY,16.1,21.1,False,5,1,False,True,False,True
홍지원,9705,4,7,5,2,1,FAIRWAY,FAIRWAY,1,FAIRWAY,FAIRWAY,ADVANCE_LAYUP,118.7,316.5,True,5,0,True,False,False,True
홍지원,9705,4,7,5,3,1,FAIRWAY,FAIRWAY,3,GREEN,GREEN,NORMAL_APPROACH,14.8,118.7,True,5,0,True,False,False,True
홍지원,9705,4,8,4,2,2,ROUGH,ROUGH,3,GREEN,GREEN,RECOVERY,5.6,136.1,True,4,0,True,False,False,False
홍지원,9705,4,9,4,2,2,ROUGH,ROUGH,12,FRINGE,FRINGE,RECOVERY,18.7,141.4,False,5,1,False,True,False,False
홍지원,9705,4,9,4,3,12,FRINGE,FRINGE,3,GREEN,GREEN,SHORT_GAME,4.7,18.7,False,5,1,False,True,False,False
홍지원,9705,4,10,5,2,1,FAIRWAY,FAIRWAY,1,FAIRWAY,FAIRWAY,ADVANCE_LAYUP,119.4,304.7,True,5,0,True,False,False,True
홍지원,9705,4,10,5,3,1,FAIRWAY,FAIRWAY,3,GREEN,GREEN,NORMAL_APPROACH,8.9,119.4,True,5,0,True,False,False,True
홍지원,9705,4,12,4,2,1,FAIRWAY,FAIRWAY,12,FRINGE,FRINGE,NORMAL_APPROACH,10.9,145.3,False,4,0,True,False,False,True
홍지원,9705,4,12,4,3,12,FRINGE,FRINGE,3,GREEN,GREEN,SHORT_GAME,1.0,10.9,False,4,0,True,False,False,True
홍지원,9705,4,13,4,2,1,FAIRWAY,FAIRWAY,3,GREEN,GREEN,NORMAL_APPROACH,11.4,137.3,True,4,0,True,False,False,True
홍지원,9705,4,14,4,2,1,FAIRWAY,FAIRWAY,3,GREEN,GREEN,NORMAL_APPROACH,3.0,134.9,True,3,-1,True,False,False,True
홍지원,9705,4,15,4,2,1,FAIRWAY,FAIRWAY,3,GREEN,GREEN,NORMAL_APPROACH,12.9,188.1,True,4,0,True,False,False,True
홍지원,9705,4,16,3,2,2,ROUGH,ROUGH,3,GREEN,GREEN,RECOVERY,0.9,18.5,False,3,0,True,False,False,
홍지원,9705,4,17,4,2,1,FAIRWAY,FAIRWAY,12,FRINGE,FRINGE,NORMAL_APPROACH,16.3,130.7,False,4,0,True,False,False,True
홍지원,9705,4,17,4,3,12,FRINGE,FRINGE,3,GREEN,GREEN,SHORT_GAME,0.4,16.3,False,4,0,True,False,False,True
홍지원,9705,4,18,5,2,2,ROUGH,ROUGH,2,ROUGH,ROUGH,RECOVERY,183.5,297.1,False,5,0,True,False,False,False
홍지원,9705,4,18,5,3,2,ROUGH,ROUGH,1,FAIRWAY,FAIRWAY,RECOVERY,95.9,183.5,False,5,0,True,False,False,False
홍지원,9705,4,18,5,4,1,FAIRWAY,FAIRWAY,3,GREEN,GREEN,NORMAL_APPROACH,3.2,95.9,False,5,0,True,False,False,False
이재윤,9708,1,1,4,2,2,ROUGH,ROUGH,3,GREEN,GREEN,RECOVERY,5.3,157.9,True,4,0,True,False,False,False
이재윤,9708,1,3,4,2,2,ROUGH,ROUGH,3,GREEN,GREEN,RECOVERY,16.2,187.3,True,4,0,True,False,False,False
이재윤,9708,1,4,5,2,1,FAIRWAY,FAIRWAY,1,FAIRWAY,FAIRWAY,ADVANCE_LAYUP,96.7,285.8,False,6,1,False,True,False,True
이재윤,9708,1,4,5,3,1,FAIRWAY,FAIRWAY,2,ROUGH,ROUGH,ADVANCE_LAYUP,9.9,96.7,False,6,1,False,True,False,True
이재윤,9708,1,4,5,4,2,ROUGH,ROUGH,3,GREEN,GREEN,RECOVERY,3.8,9.9,False,6,1,False,True,False,True
이재윤,9708,1,5,3,2,9,GREENSIDE_BUNKER,GREENSIDE_BUNKER,3,GREEN,GREEN,RECOVERY,0.8,12.0,False,3,0,True,False,False,
이재윤,9708,1,6,4,2,1,FAIRWAY,FAIRWAY,3,GREEN,GREEN,NORMAL_APPROACH,10.1,145.9,True,4,0,True,False,False,True
이재윤,9708,1,7,5,2,1,FAIRWAY,FAIRWAY,1,FAIRWAY,FAIRWAY,ADVANCE_LAYUP,83.3,247.4,True,5,0,True,False,False,True
이재윤,9708,1,7,5,3,1,FAIRWAY,FAIRWAY,3,GREEN,GREEN,NORMAL_APPROACH,3.1,83.3,True,5,0,True,False,False,True
이재윤,9708,1,8,4,2,1,FAIRWAY,FAIRWAY,12,FRINGE,FRINGE,NORMAL_APPROACH,5.6,132.2,False,4,0,True,False,False,True
이재윤,9708,1,8,4,3,12,FRINGE,FRINGE,3,GREEN,GREEN,SHORT_GAME,0.2,5.6,False,4,0,True,False,False,True
이재윤,9708,1,9,4,2,2,ROUGH,ROUGH,2,ROUGH,ROUGH,RECOVERY,9.9,123.7,False,5,1,False,True,False,False
이재윤,9708,1,9,4,3,2,ROUGH,ROUGH,3,GREEN,GREEN,RECOVERY,10.3,9.9,False,5,1,False,True,False,False
이재윤,9708,1,10,5,2,1,FAIRWAY,FAIRWAY,2,ROUGH,ROUGH,ADVANCE_LAYUP,86.9,288.4,True,5,0,True,False,False,True
이재윤,9708,1,10,5,3,2,ROUGH,ROUGH,3,GREEN,GREEN,RECOVERY,15.5,86.9,True,5,0,True,False,False,True
이재윤,9708,1,11,3,2,2,ROUGH,ROUGH,3,GREEN,GREEN,RECOVERY,3.1,22.6,False,4,1,False,True,False,
이재윤,9708,1,12,4,2,1,FAIRWAY,FAIRWAY,3,GREEN,GREEN,NORMAL_APPROACH,3.9,120.1,True,4,0,True,False,False,True
이재윤,9708,1,13,4,2,1,FAIRWAY,FAIRWAY,3,GREEN,GREEN,NORMAL_APPROACH,8.6,109.2,True,4,0,True,False,False,True
이재윤,9708,1,14,4,2,1,FAIRWAY,FAIRWAY,3,GREEN,GREEN,NORMAL_APPROACH,1.6,132.5,True,4,0,True,False,False,True
이재윤,9708,1,15,4,2,2,ROUGH,ROUGH,12,FRINGE,FRINGE,RECOVERY,16.5,150.2,False,5,1,False,True,False,False
이재윤,9708,1,15,4,3,12,FRINGE,FRINGE,3,GREEN,GREEN,SHORT_GAME,3.4,16.5,False,5,1,False,True,False,False
이재윤,9708,1,16,3,2,5,PENALTY_AREA,PENALTY_AREA,3,GREEN,GREEN,PENALTY_RESTART,2.8,22.9,False,3,0,True,False,False,
이재윤,9708,1,17,4,2,2,ROUGH,ROUGH,2,ROUGH,ROUGH,RECOVERY,23.5,132.4,False,4,0,True,False,False,False
이재윤,9708,1,17,4,3,2,ROUGH,ROUGH,3,GREEN,GREEN,RECOVERY,2.1,23.5,False,4,0,True,False,False,False
이재윤,9708,1,18,5,2,2,ROUGH,ROUGH,1,FAIRWAY,FAIRWAY,RECOVERY,89.4,280.6,True,5,0,True,False,False,False
이재윤,9708,1,18,5,3,1,FAIRWAY,FAIRWAY,3,GREEN,GREEN,NORMAL_APPROACH,9.3,89.4,True,5,0,True,False,False,False
이재윤,9708,2,1,4,2,2,ROUGH,ROUGH,9,GREENSIDE_BUNKER,GREENSIDE_BUNKER,RECOVERY,21.7,156.5,False,4,0,True,False,False,False
이재윤,9708,2,1,4,3,9,GREENSIDE_BUNKER,GREENSIDE_BUNKER,3,GREEN,GREEN,RECOVERY,5.2,21.7,False,4,0,True,False,False,False
이재윤,9708,2,2,3,2,2,ROUGH,ROUGH,3,GREEN,GREEN,RECOVERY,3.0,7.4,False,3,0,True,False,False,
이재윤,9708,2,3,4,2,2,ROUGH,ROUGH,3,GREEN,GREEN,RECOVERY,11.7,175.3,True,4,0,True,False,False,False
이재윤,9708,2,4,5,2,1,FAIRWAY,FAIRWAY,2,ROUGH,ROUGH,ADVANCE_LAYUP,106.0,293.5,False,6,1,False,True,False,True
이재윤,9708,2,4,5,3,2,ROUGH,ROUGH,2,ROUGH,ROUGH,RECOVERY,10.2,106.0,False,6,1,False,True,False,True
이재윤,9708,2,4,5,4,2,ROUGH,ROUGH,3,GREEN,GREEN,RECOVERY,2.3,10.2,False,6,1,False,True,False,True
이재윤,9708,2,5,3,2,9,GREENSIDE_BUNKER,GREENSIDE_BUNKER,3,GREEN,GREEN,RECOVERY,0.7,14.0,False,3,0,True,False,False,
이재윤,9708,2,6,4,2,2,ROUGH,ROUGH,2,ROUGH,ROUGH,RECOVERY,7.9,153.5,False,4,0,True,False,False,False
이재윤,9708,2,6,4,3,2,ROUGH,ROUGH,3,GREEN,GREEN,RECOVERY,1.2,7.9,False,4,0,True,False,False,False
이재윤,9708,2,7,5,2,1,FAIRWAY,FAIRWAY,2,ROUGH,ROUGH,ADVANCE_LAYUP,50.0,265.8,True,5,0,True,False,False,True
이재윤,9708,2,7,5,3,2,ROUGH,ROUGH,3,GREEN,GREEN,RECOVERY,7.6,50.0,True,5,0,True,False,False,True
이재윤,9708,2,8,4,2,2,ROUGH,ROUGH,3,GREEN,GREEN,RECOVERY,10.0,113.3,True,4,0,True,False,False,False
이재윤,9708,2,9,4,2,2,ROUGH,ROUGH,12,FRINGE,FRINGE,RECOVERY,7.4,100.9,False,4,0,True,False,False,False
이재윤,9708,2,9,4,3,12,FRINGE,FRINGE,3,GREEN,GREEN,SHORT_GAME,1.5,7.4,False,4,0,True,False,False,False
이재윤,9708,2,10,5,2,1,FAIRWAY,FAIRWAY,1,FAIRWAY,FAIRWAY,ADVANCE_LAYUP,139.3,310.1,False,5,0,True,False,False,True
이재윤,9708,2,10,5,3,1,FAIRWAY,FAIRWAY,2,ROUGH,ROUGH,ADVANCE_LAYUP,8.9,139.3,False,5,0,True,False,False,True
이재윤,9708,2,10,5,4,2,ROUGH,ROUGH,3,GREEN,GREEN,RECOVERY,1.2,8.9,False,5,0,True,False,False,True
이재윤,9708,2,11,3,2,2,ROUGH,ROUGH,12,FRINGE,FRINGE,RECOVERY,10.8,8.0,False,4,1,False,True,False,
이재윤,9708,2,11,3,3,12,FRINGE,FRINGE,3,GREEN,GREEN,SHORT_GAME,1.5,10.8,False,4,1,False,True,False,
이재윤,9708,2,12,4,2,1,FAIRWAY,FAIRWAY,3,GREEN,GREEN,NORMAL_APPROACH,9.6,140.4,True,4,0,True,False,False,True
이재윤,9708,2,13,4,2,1,FAIRWAY,FAIRWAY,3,GREEN,GREEN,NORMAL_APPROACH,1.6,94.8,True,3,-1,True,False,False,True
이재윤,9708,2,14,4,2,1,FAIRWAY,FAIRWAY,3,GREEN,GREEN,NORMAL_APPROACH,24.7,158.4,True,5,1,False,True,False,True
이재윤,9708,2,15,4,2,2,ROUGH,ROUGH,2,ROUGH,ROUGH,RECOVERY,22.4,158.3,False,5,1,False,True,False,False
이재윤,9708,2,15,4,3,2,ROUGH,ROUGH,3,GREEN,GREEN,RECOVERY,7.3,22.4,False,5,1,False,True,False,False
이재윤,9708,2,17,4,2,1,FAIRWAY,FAIRWAY,3,GREEN,GREEN,NORMAL_APPROACH,9.0,131.4,True,4,0,True,False,False,True
이재윤,9708,2,18,5,2,1,FAIRWAY,FAIRWAY,1,FAIRWAY,FAIRWAY,ADVANCE_LAYUP,119.6,300.7,True,5,0,True,False,False,True
이재윤,9708,2,18,5,3,1,FAIRWAY,FAIRWAY,3,GREEN,GREEN,NORMAL_APPROACH,7.8,119.6,True,5,0,True,False,False,True
이재윤,9708,3,1,4,2,1,FAIRWAY,FAIRWAY,3,GREEN,GREEN,NORMAL_APPROACH,16.5,158.8,True,5,1,False,True,False,True
이재윤,9708,3,3,4,2,2,ROUGH,ROUGH,2,ROUGH,ROUGH,RECOVERY,28.5,187.1,False,4,0,True,False,False,False
이재윤,9708,3,3,4,3,2,ROUGH,ROUGH,3,GREEN,GREEN,RECOVERY,3.0,28.5,False,4,0,True,False,False,False
이재윤,9708,3,4,5,2,1,FAIRWAY,FAIRWAY,1,FAIRWAY,FAIRWAY,ADVANCE_LAYUP,88.8,287.9,False,5,0,True,False,False,True
이재윤,9708,3,4,5,3,1,FAIRWAY,FAIRWAY,2,ROUGH,ROUGH,ADVANCE_LAYUP,8.2,88.8,False,5,0,True,False,False,True
이재윤,9708,3,4,5,4,2,ROUGH,ROUGH,3,GREEN,GREEN,RECOVERY,1.5,8.2,False,5,0,True,False,False,True
이재윤,9708,3,6,4,2,1,FAIRWAY,FAIRWAY,3,GREEN,GREEN,NORMAL_APPROACH,2.1,150.1,True,4,0,True,False,False,True
이재윤,9708,3,7,5,2,1,FAIRWAY,FAIRWAY,1,FAIRWAY,FAIRWAY,ADVANCE_LAYUP,91.4,284.6,True,5,0,True,False,False,True
이재윤,9708,3,7,5,3,1,FAIRWAY,FAIRWAY,3,GREEN,GREEN,NORMAL_APPROACH,2.8,91.4,True,5,0,True,False,False,True
이재윤,9708,3,8,4,2,1,FAIRWAY,FAIRWAY,3,GREEN,GREEN,NORMAL_APPROACH,15.7,128.4,True,4,0,True,False,False,True
이재윤,9708,3,9,4,2,2,ROUGH,ROUGH,3,GREEN,GREEN,RECOVERY,9.2,95.7,True,4,0,True,False,False,False
이재윤,9708,3,10,5,2,2,ROUGH,ROUGH,1,FAIRWAY,FAIRWAY,RECOVERY,183.4,311.2,True,6,1,False,True,False,False
이재윤,9708,3,10,5,3,1,FAIRWAY,FAIRWAY,3,GREEN,GREEN,NORMAL_APPROACH,19.7,183.4,True,6,1,False,True,False,False
이재윤,9708,3,12,4,2,2,ROUGH,ROUGH,1,FAIRWAY,FAIRWAY,RECOVERY,112.5,201.5,False,4,0,True,False,False,False
이재윤,9708,3,12,4,3,1,FAIRWAY,FAIRWAY,3,GREEN,GREEN,NORMAL_APPROACH,2.6,112.5,False,4,0,True,False,False,False
이재윤,9708,3,13,4,2,1,FAIRWAY,FAIRWAY,12,FRINGE,FRINGE,NORMAL_APPROACH,8.6,115.0,False,5,1,False,True,False,True
이재윤,9708,3,13,4,3,12,FRINGE,FRINGE,3,GREEN,GREEN,SHORT_GAME,3.0,8.6,False,5,1,False,True,False,True
이재윤,9708,3,14,4,2,1,FAIRWAY,FAIRWAY,3,GREEN,GREEN,NORMAL_APPROACH,7.9,137.0,True,4,0,True,False,False,True
이재윤,9708,3,15,4,2,2,ROUGH,ROUGH,12,FRINGE,FRINGE,RECOVERY,16.1,139.0,False,4,0,True,False,False,False
이재윤,9708,3,15,4,3,12,FRINGE,FRINGE,3,GREEN,GREEN,SHORT_GAME,1.4,16.1,False,4,0,True,False,False,False
이재윤,9708,3,17,4,2,2,ROUGH,ROUGH,3,GREEN,GREEN,RECOVERY,11.1,123.9,True,4,0,True,False,False,False
이재윤,9708,3,18,5,2,1,FAIRWAY,FAIRWAY,1,FAIRWAY,FAIRWAY,ADVANCE_LAYUP,88.9,264.5,True,5,0,True,False,False,True
이재윤,9708,3,18,5,3,1,FAIRWAY,FAIRWAY,3,GREEN,GREEN,NORMAL_APPROACH,7.6,88.9,True,5,0,True,False,False,True
이재윤,9708,4,1,4,2,1,FAIRWAY,FAIRWAY,2,ROUGH,ROUGH,OTHER_UNRESOLVED,13.0,151.2,False,4,0,True,False,False,True
이재윤,9708,4,1,4,3,2,ROUGH,ROUGH,3,GREEN,GREEN,RECOVERY,0.9,13.0,False,4,0,True,False,False,True
이재윤,9708,4,2,3,2,2,ROUGH,ROUGH,3,GREEN,GREEN,RECOVERY,9.9,10.8,False,4,1,False,True,False,
이재윤,9708,4,3,4,2,1,FAIRWAY,FAIRWAY,2,ROUGH,ROUGH,OTHER_UNRESOLVED,15.7,186.1,False,4,0,True,False,False,True
이재윤,9708,4,3,4,3,2,ROUGH,ROUGH,3,GREEN,GREEN,RECOVERY,2.2,15.7,False,4,0,True,False,False,True
이재윤,9708,4,4,5,2,2,ROUGH,ROUGH,2,ROUGH,ROUGH,RECOVERY,143.4,281.8,True,5,0,True,False,False,False
이재윤,9708,4,4,5,3,2,ROUGH,ROUGH,3,GREEN,GREEN,RECOVERY,11.8,143.4,True,5,0,True,False,False,False
이재윤,9708,4,6,4,2,1,FAIRWAY,FAIRWAY,3,GREEN,GREEN,NORMAL_APPROACH,2.7,131.0,True,3,-1,True,False,False,True
이재윤,9708,4,7,5,2,2,ROUGH,ROUGH,2,ROUGH,ROUGH,RECOVERY,102.9,281.8,True,4,-1,True,False,False,False
이재윤,9708,4,7,5,3,2,ROUGH,ROUGH,3,GREEN,GREEN,RECOVERY,2.8,102.9,True,4,-1,True,False,False,False
이재윤,9708,4,8,4,2,1,FAIRWAY,FAIRWAY,2,ROUGH,ROUGH,OTHER_UNRESOLVED,16.2,125.4,False,4,0,True,False,False,True
이재윤,9708,4,8,4,3,2,ROUGH,ROUGH,3,GREEN,GREEN,RECOVERY,0.4,16.2,False,4,0,True,False,False,True
이재윤,9708,4,9,4,2,1,FAIRWAY,FAIRWAY,3,GREEN,GREEN,NORMAL_APPROACH,7.2,93.4,True,4,0,True,False,False,True
이재윤,9708,4,10,5,2,1,FAIRWAY,FAIRWAY,1,FAIRWAY,FAIRWAY,ADVANCE_LAYUP,115.0,301.2,True,5,0,True,False,False,True
이재윤,9708,4,10,5,3,1,FAIRWAY,FAIRWAY,3,GREEN,GREEN,NORMAL_APPROACH,14.8,115.0,True,5,0,True,False,False,True
이재윤,9708,4,12,4,2,2,ROUGH,ROUGH,2,ROUGH,ROUGH,RECOVERY,10.0,136.1,False,4,0,True,False,False,False
이재윤,9708,4,12,4,3,2,ROUGH,ROUGH,3,GREEN,GREEN,RECOVERY,0.4,10.0,False,4,0,True,False,False,False
이재윤,9708,4,13,4,2,1,FAIRWAY,FAIRWAY,3,GREEN,GREEN,NORMAL_APPROACH,4.2,103.9,True,4,0,True,False,False,True
이재윤,9708,4,14,4,2,2,ROUGH,ROUGH,12,FRINGE,FRINGE,RECOVERY,13.4,130.0,False,5,1,False,True,False,False
이재윤,9708,4,14,4,3,12,FRINGE,FRINGE,3,GREEN,GREEN,SHORT_GAME,1.5,13.4,False,5,1,False,True,False,False
이재윤,9708,4,15,4,2,2,ROUGH,ROUGH,3,GREEN,GREEN,RECOVERY,6.8,160.8,True,4,0,True,False,False,False
이재윤,9708,4,17,4,2,1,FAIRWAY,FAIRWAY,12,FRINGE,FRINGE,NORMAL_APPROACH,16.7,103.2,False,4,0,True,False,False,True
이재윤,9708,4,17,4,3,12,FRINGE,FRINGE,3,GREEN,GREEN,SHORT_GAME,1.8,16.7,False,4,0,True,False,False,True
이재윤,9708,4,18,5,2,2,ROUGH,ROUGH,1,FAIRWAY,FAIRWAY,RECOVERY,89.8,274.1,True,5,0,True,False,False,False
이재윤,9708,4,18,5,3,1,FAIRWAY,FAIRWAY,3,GREEN,GREEN,NORMAL_APPROACH,3.1,89.8,True,5,0,True,False,False,False
유지나,9714,1,1,4,2,1,FAIRWAY,FAIRWAY,3,GREEN,GREEN,NORMAL_APPROACH,14.4,185.0,True,5,1,False,True,False,True
유지나,9714,1,3,4,2,1,FAIRWAY,FAIRWAY,3,GREEN,GREEN,NORMAL_APPROACH,14.8,190.5,True,4,0,True,False,False,True
유지나,9714,1,4,5,2,1,FAIRWAY,FAIRWAY,2,ROUGH,ROUGH,ADVANCE_LAYUP,111.8,286.4,False,6,1,False,True,False,True
유지나,9714,1,4,5,3,2,ROUGH,ROUGH,1,FAIRWAY,FAIRWAY,RECOVERY,96.4,111.8,False,6,1,False,True,False,True
유지나,9714,1,4,5,4,1,FAIRWAY,FAIRWAY,2,ROUGH,ROUGH,ADVANCE_LAYUP,8.5,96.4,False,6,1,False,True,False,True
유지나,9714,1,4,5,5,2,ROUGH,ROUGH,3,GREEN,GREEN,RECOVERY,1.0,8.5,False,6,1,False,True,False,True
유지나,9714,1,5,3,2,9,GREENSIDE_BUNKER,GREENSIDE_BUNKER,3,GREEN,GREEN,RECOVERY,6.7,12.4,False,4,1,False,True,False,
유지나,9714,1,6,4,2,1,FAIRWAY,FAIRWAY,9,GREENSIDE_BUNKER,GREENSIDE_BUNKER,OTHER_UNRESOLVED,9.7,174.4,False,5,1,False,True,False,True
유지나,9714,1,6,4,3,9,GREENSIDE_BUNKER,GREENSIDE_BUNKER,3,GREEN,GREEN,RECOVERY,5.2,9.7,False,5,1,False,True,False,True
유지나,9714,1,7,5,2,1,FAIRWAY,FAIRWAY,1,FAIRWAY,FAIRWAY,ADVANCE_LAYUP,51.8,263.8,True,5,0,True,False,False,True
유지나,9714,1,7,5,3,1,FAIRWAY,FAIRWAY,3,GREEN,GREEN,NORMAL_APPROACH,7.9,51.8,True,5,0,True,False,False,True
유지나,9714,1,8,4,2,2,ROUGH,ROUGH,1,FAIRWAY,FAIRWAY,RECOVERY,131.7,168.5,False,4,0,True,False,False,False
유지나,9714,1,8,4,3,1,FAIRWAY,FAIRWAY,3,GREEN,GREEN,NORMAL_APPROACH,6.2,131.7,False,4,0,True,False,False,False
유지나,9714,1,9,4,2,1,FAIRWAY,FAIRWAY,3,GREEN,GREEN,NORMAL_APPROACH,1.9,133.6,True,3,-1,True,False,False,True
유지나,9714,1,10,5,2,2,ROUGH,ROUGH,1,FAIRWAY,FAIRWAY,RECOVERY,143.4,309.6,False,6,1,False,True,False,False
유지나,9714,1,10,5,3,1,FAIRWAY,FAIRWAY,2,ROUGH,ROUGH,ADVANCE_LAYUP,9.4,143.4,False,6,1,False,True,False,False
유지나,9714,1,10,5,4,2,ROUGH,ROUGH,3,GREEN,GREEN,RECOVERY,1.6,9.4,False,6,1,False,True,False,False
유지나,9714,1,11,3,2,2,ROUGH,ROUGH,3,GREEN,GREEN,RECOVERY,3.1,16.9,False,4,1,False,True,False,
유지나,9714,1,12,4,2,1,FAIRWAY,FAIRWAY,3,GREEN,GREEN,NORMAL_APPROACH,10.8,140.0,True,5,1,False,True,False,True
유지나,9714,1,13,4,2,1,FAIRWAY,FAIRWAY,3,GREEN,GREEN,NORMAL_APPROACH,17.0,122.7,True,5,1,False,True,False,True
유지나,9714,1,14,4,2,1,FAIRWAY,FAIRWAY,12,FRINGE,FRINGE,NORMAL_APPROACH,16.9,142.2,False,4,0,True,False,False,True
유지나,9714,1,14,4,3,12,FRINGE,FRINGE,3,GREEN,GREEN,SHORT_GAME,0.5,16.9,False,4,0,True,False,False,True
유지나,9714,1,15,4,2,2,ROUGH,ROUGH,3,GREEN,GREEN,RECOVERY,17.3,145.5,True,4,0,True,False,False,False
유지나,9714,1,17,4,2,1,FAIRWAY,FAIRWAY,3,GREEN,GREEN,NORMAL_APPROACH,3.4,131.7,True,3,-1,True,False,False,True
유지나,9714,1,18,5,2,1,FAIRWAY,FAIRWAY,1,FAIRWAY,FAIRWAY,ADVANCE_LAYUP,117.1,307.7,True,5,0,True,False,False,True
유지나,9714,1,18,5,3,1,FAIRWAY,FAIRWAY,3,GREEN,GREEN,NORMAL_APPROACH,6.1,117.1,True,5,0,True,False,False,True
유지나,9714,2,1,4,2,2,ROUGH,ROUGH,3,GREEN,GREEN,RECOVERY,10.3,161.7,True,4,0,True,False,False,False
유지나,9714,2,3,4,2,2,ROUGH,ROUGH,2,ROUGH,ROUGH,RECOVERY,41.4,200.5,False,4,0,True,False,False,False
유지나,9714,2,3,4,3,2,ROUGH,ROUGH,3,GREEN,GREEN,RECOVERY,1.7,41.4,False,4,0,True,False,False,False
유지나,9714,2,4,5,2,1,FAIRWAY,FAIRWAY,1,FAIRWAY,FAIRWAY,ADVANCE_LAYUP,86.1,296.4,True,5,0,True,False,False,True
유지나,9714,2,4,5,3,1,FAIRWAY,FAIRWAY,3,GREEN,GREEN,NORMAL_APPROACH,4.4,86.1,True,5,0,True,False,False,True
유지나,9714,2,6,4,2,1,FAIRWAY,FAIRWAY,9,GREENSIDE_BUNKER,GREENSIDE_BUNKER,OTHER_UNRESOLVED,20.4,158.2,False,5,1,False,True,False,True
유지나,9714,2,6,4,3,9,GREENSIDE_BUNKER,GREENSIDE_BUNKER,3,GREEN,GREEN,RECOVERY,3.2,20.4,False,5,1,False,True,False,True
유지나,9714,2,7,5,2,1,FAIRWAY,FAIRWAY,1,FAIRWAY,FAIRWAY,ADVANCE_LAYUP,80.1,287.8,True,5,0,True,False,False,True
유지나,9714,2,7,5,3,1,FAIRWAY,FAIRWAY,3,GREEN,GREEN,NORMAL_APPROACH,7.9,80.1,True,5,0,True,False,False,True
유지나,9714,2,8,4,2,2,ROUGH,ROUGH,3,GREEN,GREEN,RECOVERY,23.6,140.1,True,4,0,True,False,False,False
유지나,9714,2,9,4,2,2,ROUGH,ROUGH,2,ROUGH,ROUGH,RECOVERY,25.9,131.5,False,5,1,False,True,False,False
유지나,9714,2,9,4,3,2,ROUGH,ROUGH,3,GREEN,GREEN,RECOVERY,4.2,25.9,False,5,1,False,True,False,False
유지나,9714,2,10,5,2,1,FAIRWAY,FAIRWAY,1,FAIRWAY,FAIRWAY,ADVANCE_LAYUP,144.6,338.7,False,5,0,True,False,False,True
유지나,9714,2,10,5,3,1,FAIRWAY,FAIRWAY,12,FRINGE,FRINGE,NORMAL_APPROACH,7.6,144.6,False,5,0,True,False,False,True
유지나,9714,2,10,5,4,12,FRINGE,FRINGE,3,GREEN,GREEN,SHORT_GAME,2.1,7.6,False,5,0,True,False,False,True
유지나,9714,2,11,3,2,2,ROUGH,ROUGH,12,FRINGE,FRINGE,RECOVERY,9.7,14.3,False,4,1,False,True,False,
유지나,9714,2,11,3,3,12,FRINGE,FRINGE,3,GREEN,GREEN,SHORT_GAME,1.6,9.7,False,4,1,False,True,False,
유지나,9714,2,12,4,2,1,FAIRWAY,FAIRWAY,3,GREEN,GREEN,NORMAL_APPROACH,15.8,167.3,True,4,0,True,False,False,True
유지나,9714,2,13,4,2,1,FAIRWAY,FAIRWAY,3,GREEN,GREEN,NORMAL_APPROACH,10.9,114.1,True,4,0,True,False,False,True
유지나,9714,2,14,4,2,1,FAIRWAY,FAIRWAY,2,ROUGH,ROUGH,OTHER_UNRESOLVED,25.1,155.7,False,5,1,False,True,False,True
유지나,9714,2,14,4,3,2,ROUGH,ROUGH,3,GREEN,GREEN,RECOVERY,5.4,25.1,False,5,1,False,True,False,True
유지나,9714,2,15,4,2,1,FAIRWAY,FAIRWAY,3,GREEN,GREEN,NORMAL_APPROACH,3.7,167.1,True,4,0,True,False,False,True
유지나,9714,2,17,4,2,2,ROUGH,ROUGH,2,ROUGH,ROUGH,RECOVERY,23.3,154.6,False,4,0,True,False,False,False
유지나,9714,2,17,4,3,2,ROUGH,ROUGH,3,GREEN,GREEN,RECOVERY,3.2,23.3,False,4,0,True,False,False,False
유지나,9714,2,18,5,2,2,ROUGH,ROUGH,1,FAIRWAY,FAIRWAY,RECOVERY,120.0,287.0,False,6,1,False,True,False,False
유지나,9714,2,18,5,3,1,FAIRWAY,FAIRWAY,12,FRINGE,FRINGE,NORMAL_APPROACH,12.4,120.0,False,6,1,False,True,False,False
유지나,9714,2,18,5,4,12,FRINGE,FRINGE,3,GREEN,GREEN,SHORT_GAME,4.4,12.4,False,6,1,False,True,False,False
노원경,9723,1,1,4,2,1,FAIRWAY,FAIRWAY,3,GREEN,GREEN,NORMAL_APPROACH,22.0,169.3,True,4,0,True,False,False,True
노원경,9723,1,3,4,2,1,FAIRWAY,FAIRWAY,2,ROUGH,ROUGH,OTHER_UNRESOLVED,29.9,185.7,False,4,0,True,False,False,True
노원경,9723,1,3,4,3,2,ROUGH,ROUGH,3,GREEN,GREEN,RECOVERY,1.5,29.9,False,4,0,True,False,False,True
노원경,9723,1,4,5,2,2,ROUGH,ROUGH,1,FAIRWAY,FAIRWAY,RECOVERY,141.2,298.7,True,5,0,True,False,False,False
노원경,9723,1,4,5,3,1,FAIRWAY,FAIRWAY,3,GREEN,GREEN,NORMAL_APPROACH,5.0,141.2,True,5,0,True,False,False,False
노원경,9723,1,5,3,2,2,ROUGH,ROUGH,2,ROUGH,ROUGH,RECOVERY,13.9,21.7,False,5,2,False,True,True,
노원경,9723,1,5,3,3,2,ROUGH,ROUGH,2,ROUGH,ROUGH,RECOVERY,8.8,13.9,False,5,2,False,True,True,
노원경,9723,1,5,3,4,2,ROUGH,ROUGH,3,GREEN,GREEN,RECOVERY,1.5,8.8,False,5,2,False,True,True,
노원경,9723,1,6,4,2,7,LOST_BALL,LOST_BALL_PENALTY_RESTART,8,PENALTY_STROKE,LOST_BALL_PENALTY_RESTART,PENALTY_RESTART,403.6,403.6,False,6,2,False,True,True,False
노원경,9723,1,6,4,3,8,PENALTY_STROKE,LOST_BALL_PENALTY_RESTART,2,ROUGH,ROUGH,PENALTY_RESTART,165.5,403.6,False,6,2,False,True,True,False
노원경,9723,1,6,4,4,2,ROUGH,ROUGH,3,GREEN,GREEN,RECOVERY,10.7,165.5,False,6,2,False,True,True,False
노원경,9723,1,7,5,2,1,FAIRWAY,FAIRWAY,1,FAIRWAY,FAIRWAY,ADVANCE_LAYUP,83.6,270.7,True,4,-1,True,False,False,True
노원경,9723,1,7,5,3,1,FAIRWAY,FAIRWAY,3,GREEN,GREEN,NORMAL_APPROACH,4.7,83.6,True,4,-1,True,False,False,True
노원경,9723,1,8,4,2,1,FAIRWAY,FAIRWAY,3,GREEN,GREEN,NORMAL_APPROACH,4.0,158.3,True,4,0,True,False,False,True
노원경,9723,1,9,4,2,2,ROUGH,ROUGH,3,GREEN,GREEN,RECOVERY,4.9,130.5,True,4,0,True,False,False,False
노원경,9723,1,10,5,2,2,ROUGH,ROUGH,2,ROUGH,ROUGH,RECOVERY,142.6,307.1,False,5,0,True,False,False,False
노원경,9723,1,10,5,3,2,ROUGH,ROUGH,2,ROUGH,ROUGH,RECOVERY,43.2,142.6,False,5,0,True,False,False,False
노원경,9723,1,10,5,4,2,ROUGH,ROUGH,3,GREEN,GREEN,RECOVERY,1.5,43.2,False,5,0,True,False,False,False
노원경,9723,1,11,3,2,2,ROUGH,ROUGH,3,GREEN,GREEN,RECOVERY,0.7,20.2,False,3,0,True,False,False,
노원경,9723,1,12,4,2,2,ROUGH,ROUGH,12,FRINGE,FRINGE,RECOVERY,20.5,116.9,False,4,0,True,False,False,False
노원경,9723,1,12,4,3,12,FRINGE,FRINGE,3,GREEN,GREEN,SHORT_GAME,0.5,20.5,False,4,0,True,False,False,False
노원경,9723,1,13,4,2,1,FAIRWAY,FAIRWAY,3,GREEN,GREEN,NORMAL_APPROACH,9.4,129.6,True,4,0,True,False,False,True
노원경,9723,1,14,4,2,1,FAIRWAY,FAIRWAY,3,GREEN,GREEN,NORMAL_APPROACH,11.4,160.6,True,5,1,False,True,False,True
노원경,9723,1,15,4,2,1,FAIRWAY,FAIRWAY,3,GREEN,GREEN,NORMAL_APPROACH,6.7,157.4,True,4,0,True,False,False,True
노원경,9723,1,17,4,2,2,ROUGH,ROUGH,1,FAIRWAY,FAIRWAY,RECOVERY,51.9,138.6,False,5,1,False,True,False,False
노원경,9723,1,17,4,3,1,FAIRWAY,FAIRWAY,3,GREEN,GREEN,NORMAL_APPROACH,4.6,51.9,False,5,1,False,True,False,False
노원경,9723,1,18,5,2,2,ROUGH,ROUGH,1,FAIRWAY,FAIRWAY,RECOVERY,99.8,293.9,True,6,1,False,True,False,False
노원경,9723,1,18,5,3,1,FAIRWAY,FAIRWAY,3,GREEN,GREEN,NORMAL_APPROACH,13.7,99.8,True,6,1,False,True,False,False
노원경,9723,2,1,4,2,1,FAIRWAY,FAIRWAY,3,GREEN,GREEN,NORMAL_APPROACH,6.0,145.4,True,4,0,True,False,False,True
노원경,9723,2,2,3,2,2,ROUGH,ROUGH,3,GREEN,GREEN,RECOVERY,3.5,22.5,False,4,1,False,True,False,
노원경,9723,2,3,4,2,1,FAIRWAY,FAIRWAY,9,GREENSIDE_BUNKER,GREENSIDE_BUNKER,OTHER_UNRESOLVED,13.1,175.3,False,5,1,False,True,False,True
노원경,9723,2,3,4,3,9,GREENSIDE_BUNKER,GREENSIDE_BUNKER,3,GREEN,GREEN,RECOVERY,4.0,13.1,False,5,1,False,True,False,True
노원경,9723,2,4,5,2,1,FAIRWAY,FAIRWAY,1,FAIRWAY,FAIRWAY,ADVANCE_LAYUP,98.2,298.2,True,4,-1,True,False,False,True
노원경,9723,2,4,5,3,1,FAIRWAY,FAIRWAY,3,GREEN,GREEN,NORMAL_APPROACH,2.6,98.2,True,4,-1,True,False,False,True
노원경,9723,2,6,4,2,1,FAIRWAY,FAIRWAY,3,GREEN,GREEN,NORMAL_APPROACH,4.9,138.2,True,4,0,True,False,False,True
노원경,9723,2,7,5,2,2,ROUGH,ROUGH,1,FAIRWAY,FAIRWAY,RECOVERY,122.1,314.8,True,5,0,True,False,False,False
노원경,9723,2,7,5,3,1,FAIRWAY,FAIRWAY,3,GREEN,GREEN,NORMAL_APPROACH,3.2,122.1,True,5,0,True,False,False,False
노원경,9723,2,8,4,2,1,FAIRWAY,FAIRWAY,3,GREEN,GREEN,NORMAL_APPROACH,10.3,133.2,True,4,0,True,False,False,True
노원경,9723,2,9,4,2,1,FAIRWAY,FAIRWAY,3,GREEN,GREEN,NORMAL_APPROACH,12.1,120.4,True,4,0,True,False,False,True
노원경,9723,2,10,5,2,1,FAIRWAY,FAIRWAY,2,ROUGH,ROUGH,ADVANCE_LAYUP,138.0,324.4,False,5,0,True,False,False,True
노원경,9723,2,10,5,3,2,ROUGH,ROUGH,2,ROUGH,ROUGH,RECOVERY,25.0,138.0,False,5,0,True,False,False,True
노원경,9723,2,10,5,4,2,ROUGH,ROUGH,3,GREEN,GREEN,RECOVERY,2.2,25.0,False,5,0,True,False,False,True
노원경,9723,2,11,3,2,12,FRINGE,FRINGE,3,GREEN,GREEN,SHORT_GAME,0.5,10.6,False,3,0,True,False,False,
노원경,9723,2,12,4,2,2,ROUGH,ROUGH,2,ROUGH,ROUGH,RECOVERY,10.2,165.2,False,5,1,False,True,False,False
노원경,9723,2,12,4,3,2,ROUGH,ROUGH,3,GREEN,GREEN,RECOVERY,14.4,10.2,False,5,1,False,True,False,False
노원경,9723,2,13,4,2,1,FAIRWAY,FAIRWAY,3,GREEN,GREEN,NORMAL_APPROACH,11.2,103.3,True,4,0,True,False,False,True
노원경,9723,2,14,4,2,1,FAIRWAY,FAIRWAY,3,GREEN,GREEN,NORMAL_APPROACH,21.2,177.6,True,5,1,False,True,False,True
노원경,9723,2,15,4,2,1,FAIRWAY,FAIRWAY,3,GREEN,GREEN,NORMAL_APPROACH,7.5,142.7,True,5,1,False,True,False,True
노원경,9723,2,16,3,2,5,PENALTY_AREA,PENALTY_AREA,8,PENALTY_STROKE,LOST_BALL_PENALTY_RESTART,PENALTY_RESTART,94.7,0.0,False,5,2,False,True,True,
노원경,9723,2,16,3,3,8,PENALTY_STROKE,LOST_BALL_PENALTY_RESTART,3,GREEN,GREEN,PENALTY_RESTART,2.4,94.7,False,5,2,False,True,True,
노원경,9723,2,17,4,2,1,FAIRWAY,FAIRWAY,3,GREEN,GREEN,NORMAL_APPROACH,12.7,138.0,True,4,0,True,False,False,True
노원경,9723,2,18,5,2,1,FAIRWAY,FAIRWAY,1,FAIRWAY,FAIRWAY,ADVANCE_LAYUP,80.3,249.4,True,5,0,True,False,False,True
노원경,9723,2,18,5,3,1,FAIRWAY,FAIRWAY,3,GREEN,GREEN,NORMAL_APPROACH,4.5,80.3,True,5,0,True,False,False,True
홍정민,9750,1,1,4,2,2,ROUGH,ROUGH,2,ROUGH,ROUGH,RECOVERY,53.9,195.2,False,6,2,False,True,True,False
홍정민,9750,1,1,4,3,2,ROUGH,ROUGH,3,GREEN,GREEN,RECOVERY,13.9,53.9,False,6,2,False,True,True,False
홍정민,9750,1,3,4,2,1,FAIRWAY,FAIRWAY,3,GREEN,GREEN,NORMAL_APPROACH,9.4,177.6,True,4,0,True,False,False,True
홍정민,9750,1,4,5,2,1,FAIRWAY,FAIRWAY,2,ROUGH,ROUGH,ADVANCE_LAYUP,98.0,296.8,True,4,-1,True,False,False,True
홍정민,9750,1,4,5,3,2,ROUGH,ROUGH,3,GREEN,GREEN,RECOVERY,15.4,98.0,True,4,-1,True,False,False,True
홍정민,9750,1,5,3,2,12,FRINGE,FRINGE,3,GREEN,GREEN,SHORT_GAME,0.5,11.7,False,3,0,True,False,False,
홍정민,9750,1,6,4,2,2,ROUGH,ROUGH,2,ROUGH,ROUGH,RECOVERY,16.3,168.0,False,5,1,False,True,False,False
홍정민,9750,1,6,4,3,2,ROUGH,ROUGH,3,GREEN,GREEN,RECOVERY,8.3,16.3,False,5,1,False,True,False,False
홍정민,9750,1,7,5,2,1,FAIRWAY,FAIRWAY,1,FAIRWAY,FAIRWAY,ADVANCE_LAYUP,78.2,270.6,True,5,0,True,False,False,True
홍정민,9750,1,7,5,3,1,FAIRWAY,FAIRWAY,3,GREEN,GREEN,NORMAL_APPROACH,3.1,78.2,True,5,0,True,False,False,True
홍정민,9750,1,8,4,2,1,FAIRWAY,FAIRWAY,2,ROUGH,ROUGH,OTHER_UNRESOLVED,24.9,159.9,False,5,1,False,True,False,True
홍정민,9750,1,8,4,3,2,ROUGH,ROUGH,3,GREEN,GREEN,RECOVERY,2.5,24.9,False,5,1,False,True,False,True
홍정민,9750,1,9,4,2,1,FAIRWAY,FAIRWAY,3,GREEN,GREEN,NORMAL_APPROACH,1.5,161.8,True,3,-1,True,False,False,True
홍정민,9750,1,10,5,2,4,OB,LOST_BALL_PENALTY_RESTART,8,PENALTY_STROKE,LOST_BALL_PENALTY_RESTART,PENALTY_RESTART,542.2,0.0,False,8,3,False,True,True,False
홍정민,9750,1,10,5,3,8,PENALTY_STROKE,LOST_BALL_PENALTY_RESTART,2,ROUGH,ROUGH,PENALTY_RESTART,304.4,542.2,False,8,3,False,True,True,False
홍정민,9750,1,10,5,4,2,ROUGH,ROUGH,1,FAIRWAY,FAIRWAY,RECOVERY,123.6,304.4,False,8,3,False,True,True,False
홍정민,9750,1,10,5,5,1,FAIRWAY,FAIRWAY,2,ROUGH,ROUGH,ADVANCE_LAYUP,10.7,123.6,False,8,3,False,True,True,False
홍정민,9750,1,10,5,6,2,ROUGH,ROUGH,3,GREEN,GREEN,RECOVERY,3.8,10.7,False,8,3,False,True,True,False
홍정민,9750,1,12,4,2,6,BUNKER,BUNKER,1,FAIRWAY,FAIRWAY,RECOVERY,80.2,170.9,False,5,1,False,True,False,False
홍정민,9750,1,12,4,3,1,FAIRWAY,FAIRWAY,3,GREEN,GREEN,NORMAL_APPROACH,5.0,80.2,False,5,1,False,True,False,False
홍정민,9750,1,13,4,2,6,BUNKER,BUNKER,6,BUNKER,BUNKER,RECOVERY,101.7,112.6,False,5,1,False,True,False,False
홍정민,9750,1,13,4,3,6,BUNKER,BUNKER,12,FRINGE,FRINGE,RECOVERY,13.0,101.7,False,5,1,False,True,False,False
홍정민,9750,1,13,4,4,12,FRINGE,FRINGE,3,GREEN,GREEN,SHORT_GAME,0.9,13.0,False,5,1,False,True,False,False
홍정민,9750,1,14,4,2,1,FAIRWAY,FAIRWAY,12,FRINGE,FRINGE,NORMAL_APPROACH,11.4,140.7,False,5,1,False,True,False,True
홍정민,9750,1,14,4,3,12,FRINGE,FRINGE,3,GREEN,GREEN,SHORT_GAME,5.5,11.4,False,5,1,False,True,False,True
홍정민,9750,1,15,4,2,1,FAIRWAY,FAIRWAY,2,ROUGH,ROUGH,OTHER_UNRESOLVED,20.2,163.3,False,5,1,False,True,False,True
홍정민,9750,1,15,4,3,2,ROUGH,ROUGH,3,GREEN,GREEN,RECOVERY,5.3,20.2,False,5,1,False,True,False,True
홍정민,9750,1,17,4,2,2,ROUGH,ROUGH,9,GREENSIDE_BUNKER,GREENSIDE_BUNKER,RECOVERY,31.1,144.8,False,4,0,True,False,False,False
홍정민,9750,1,17,4,3,9,GREENSIDE_BUNKER,GREENSIDE_BUNKER,3,GREEN,GREEN,RECOVERY,3.4,31.1,False,4,0,True,False,False,False
홍정민,9750,1,18,5,2,1,FAIRWAY,FAIRWAY,2,ROUGH,ROUGH,ADVANCE_LAYUP,97.5,298.1,False,5,0,True,False,False,True
홍정민,9750,1,18,5,3,2,ROUGH,ROUGH,12,FRINGE,FRINGE,RECOVERY,5.0,97.5,False,5,0,True,False,False,True
홍정민,9750,1,18,5,4,12,FRINGE,FRINGE,3,GREEN,GREEN,SHORT_GAME,0.5,5.0,False,5,0,True,False,False,True
홍정민,9750,2,1,4,2,1,FAIRWAY,FAIRWAY,3,GREEN,GREEN,NORMAL_APPROACH,8.7,158.0,True,4,0,True,False,False,True
홍정민,9750,2,3,4,2,1,FAIRWAY,FAIRWAY,2,ROUGH,ROUGH,OTHER_UNRESOLVED,20.6,200.2,False,4,0,True,False,False,True
홍정민,9750,2,3,4,3,2,ROUGH,ROUGH,3,GREEN,GREEN,RECOVERY,1.5,20.6,False,4,0,True,False,False,True
홍정민,9750,2,4,5,2,1,FAIRWAY,FAIRWAY,2,ROUGH,ROUGH,ADVANCE_LAYUP,112.7,313.9,False,5,0,True,False,False,True
홍정민,9750,2,4,5,3,2,ROUGH,ROUGH,12,FRINGE,FRINGE,RECOVERY,15.0,112.7,False,5,0,True,False,False,True
홍정민,9750,2,4,5,4,12,FRINGE,FRINGE,3,GREEN,GREEN,SHORT_GAME,2.7,15.0,False,5,0,True,False,False,True
홍정민,9750,2,6,4,2,1,FAIRWAY,FAIRWAY,2,ROUGH,ROUGH,OTHER_UNRESOLVED,37.0,200.3,False,4,0,True,False,False,True
홍정민,9750,2,6,4,3,2,ROUGH,ROUGH,2,ROUGH,ROUGH,RECOVERY,7.3,37.0,False,4,0,True,False,False,True
홍정민,9750,2,6,4,4,2,ROUGH,ROUGH,10,HOLED,HOLED,RECOVERY,0.0,7.3,False,4,0,True,False,False,True
홍정민,9750,2,7,5,2,2,ROUGH,ROUGH,1,FAIRWAY,FAIRWAY,RECOVERY,91.3,286.2,True,4,-1,True,False,False,False
홍정민,9750,2,7,5,3,1,FAIRWAY,FAIRWAY,3,GREEN,GREEN,NORMAL_APPROACH,6.3,91.3,True,4,-1,True,False,False,False
홍정민,9750,2,8,4,2,1,FAIRWAY,FAIRWAY,2,ROUGH,ROUGH,OTHER_UNRESOLVED,9.5,135.9,False,4,0,True,False,False,True
홍정민,9750,2,8,4,3,2,ROUGH,ROUGH,3,GREEN,GREEN,RECOVERY,2.5,9.5,False,4,0,True,False,False,True
홍정민,9750,2,9,4,2,2,ROUGH,ROUGH,3,GREEN,GREEN,RECOVERY,8.4,149.0,True,4,0,True,False,False,False
홍정민,9750,2,10,5,2,2,ROUGH,ROUGH,2,ROUGH,ROUGH,RECOVERY,160.3,336.7,True,5,0,True,False,False,False
홍정민,9750,2,10,5,3,2,ROUGH,ROUGH,3,GREEN,GREEN,RECOVERY,5.5,160.3,True,5,0,True,False,False,False
홍정민,9750,2,12,4,2,6,BUNKER,BUNKER,1,FAIRWAY,FAIRWAY,RECOVERY,94.1,191.2,False,5,1,False,True,False,False
홍정민,9750,2,12,4,3,1,FAIRWAY,FAIRWAY,3,GREEN,GREEN,NORMAL_APPROACH,2.7,94.1,False,5,1,False,True,False,False
홍정민,9750,2,13,4,2,1,FAIRWAY,FAIRWAY,3,GREEN,GREEN,NORMAL_APPROACH,8.5,109.7,True,4,0,True,False,False,True
홍정민,9750,2,14,4,2,2,ROUGH,ROUGH,2,ROUGH,ROUGH,RECOVERY,41.5,177.2,False,4,0,True,False,False,False
홍정민,9750,2,14,4,3,2,ROUGH,ROUGH,3,GREEN,GREEN,RECOVERY,1.7,41.5,False,4,0,True,False,False,False
홍정민,9750,2,15,4,2,2,ROUGH,ROUGH,12,FRINGE,FRINGE,RECOVERY,31.4,169.4,False,6,2,False,True,True,False
홍정민,9750,2,15,4,3,12,FRINGE,FRINGE,3,GREEN,GREEN,SHORT_GAME,4.1,31.4,False,6,2,False,True,True,False
홍정민,9750,2,17,4,2,2,ROUGH,ROUGH,3,GREEN,GREEN,RECOVERY,13.6,153.1,True,4,0,True,False,False,False
홍정민,9750,2,18,5,2,2,ROUGH,ROUGH,2,ROUGH,ROUGH,RECOVERY,141.6,289.2,False,7,2,False,True,True,False
홍정민,9750,2,18,5,3,2,ROUGH,ROUGH,5,PENALTY_AREA,PENALTY_AREA,RECOVERY,0.0,141.6,False,7,2,False,True,True,False
홍정민,9750,2,18,5,4,5,PENALTY_AREA,PENALTY_AREA,8,PENALTY_STROKE,LOST_BALL_PENALTY_RESTART,PENALTY_RESTART,27.8,0.0,False,7,2,False,True,True,False
홍정민,9750,2,18,5,5,8,PENALTY_STROKE,LOST_BALL_PENALTY_RESTART,12,FRINGE,FRINGE,PENALTY_RESTART,6.6,27.8,False,7,2,False,True,True,False
홍정민,9750,2,18,5,6,12,FRINGE,FRINGE,3,GREEN,GREEN,SHORT_GAME,1.1,6.6,False,7,2,False,True,True,False
이율린,9759,1,1,4,2,1,FAIRWAY,FAIRWAY,3,GREEN,GREEN,NORMAL_APPROACH,16.1,167.2,True,5,1,False,True,False,True
이율린,9759,1,2,3,2,2,ROUGH,ROUGH,2,ROUGH,ROUGH,RECOVERY,7.4,7.4,False,7,4,False,True,True,
이율린,9759,1,2,3,3,2,ROUGH,ROUGH,2,ROUGH,ROUGH,RECOVERY,7.2,7.4,False,7,4,False,True,True,
이율린,9759,1,2,3,4,2,ROUGH,ROUGH,3,GREEN,GREEN,RECOVERY,2.8,7.2,False,7,4,False,True,True,
이율린,9759,1,3,4,2,1,FAIRWAY,FAIRWAY,3,GREEN,GREEN,NORMAL_APPROACH,5.9,168.0,True,4,0,True,False,False,True
이율린,9759,1,4,5,2,1,FAIRWAY,FAIRWAY,1,FAIRWAY,FAIRWAY,ADVANCE_LAYUP,70.5,283.0,True,4,-1,True,False,False,True
이율린,9759,1,4,5,3,1,FAIRWAY,FAIRWAY,3,GREEN,GREEN,NORMAL_APPROACH,2.1,70.5,True,4,-1,True,False,False,True
이율린,9759,1,5,3,2,9,GREENSIDE_BUNKER,GREENSIDE_BUNKER,3,GREEN,GREEN,RECOVERY,8.0,17.2,False,3,0,True,False,False,
이율린,9759,1,6,4,2,2,ROUGH,ROUGH,2,ROUGH,ROUGH,RECOVERY,18.9,157.5,False,4,0,True,False,False,False
이율린,9759,1,6,4,3,2,ROUGH,ROUGH,3,GREEN,GREEN,RECOVERY,0.9,18.9,False,4,0,True,False,False,False
이율린,9759,1,7,5,2,1,FAIRWAY,FAIRWAY,1,FAIRWAY,FAIRWAY,ADVANCE_LAYUP,71.9,262.8,False,7,2,False,True,True,True
이율린,9759,1,7,5,3,1,FAIRWAY,FAIRWAY,2,ROUGH,ROUGH,ADVANCE_LAYUP,9.4,71.9,False,7,2,False,True,True,True
이율린,9759,1,7,5,4,2,ROUGH,ROUGH,12,FRINGE,FRINGE,RECOVERY,6.3,9.4,False,7,2,False,True,True,True
이율린,9759,1,7,5,5,12,FRINGE,FRINGE,3,GREEN,GREEN,SHORT_GAME,0.9,6.3,False,7,2,False,True,True,True
이율린,9759,1,8,4,2,2,ROUGH,ROUGH,2,ROUGH,ROUGH,RECOVERY,10.0,133.9,False,4,0,True,False,False,False
이율린,9759,1,8,4,3,2,ROUGH,ROUGH,3,GREEN,GREEN,RECOVERY,2.2,10.0,False,4,0,True,False,False,False
이율린,9759,1,9,4,2,2,ROUGH,ROUGH,3,GREEN,GREEN,RECOVERY,8.9,136.0,True,4,0,True,False,False,False
이율린,9759,1,10,5,2,1,FAIRWAY,FAIRWAY,1,FAIRWAY,FAIRWAY,ADVANCE_LAYUP,83.7,298.9,True,4,-1,True,False,False,True
이율린,9759,1,10,5,3,1,FAIRWAY,FAIRWAY,3,GREEN,GREEN,NORMAL_APPROACH,3.0,83.7,True,4,-1,True,False,False,True
이율린,9759,1,12,4,2,2,ROUGH,ROUGH,3,GREEN,GREEN,RECOVERY,33.6,134.3,True,4,0,True,False,False,False
이율린,9759,1,13,4,2,1,FAIRWAY,FAIRWAY,3,GREEN,GREEN,NORMAL_APPROACH,17.2,109.3,True,5,1,False,True,False,True
이율린,9759,1,14,4,2,1,FAIRWAY,FAIRWAY,3,GREEN,GREEN,NORMAL_APPROACH,10.3,143.2,True,4,0,True,False,False,True
이율린,9759,1,15,4,2,1,FAIRWAY,FAIRWAY,3,GREEN,GREEN,NORMAL_APPROACH,7.5,152.5,True,3,-1,True,False,False,True
이율린,9759,1,17,4,2,2,ROUGH,ROUGH,3,GREEN,GREEN,RECOVERY,9.4,123.0,True,4,0,True,False,False,False
이율린,9759,1,18,5,2,2,ROUGH,ROUGH,2,ROUGH,ROUGH,RECOVERY,79.3,267.7,True,5,0,True,False,False,False
이율린,9759,1,18,5,3,2,ROUGH,ROUGH,3,GREEN,GREEN,RECOVERY,3.8,79.3,True,5,0,True,False,False,False
이율린,9759,2,1,4,2,1,FAIRWAY,FAIRWAY,12,FRINGE,FRINGE,NORMAL_APPROACH,18.3,147.3,False,5,1,False,True,False,True
이율린,9759,2,1,4,3,12,FRINGE,FRINGE,3,GREEN,GREEN,SHORT_GAME,2.5,18.3,False,5,1,False,True,False,True
이율린,9759,2,3,4,2,1,FAIRWAY,FAIRWAY,3,GREEN,GREEN,NORMAL_APPROACH,11.5,175.8,True,4,0,True,False,False,True
이율린,9759,2,4,5,2,1,FAIRWAY,FAIRWAY,2,ROUGH,ROUGH,ADVANCE_LAYUP,110.0,298.4,False,6,1,False,True,False,True
이율린,9759,2,4,5,3,2,ROUGH,ROUGH,1,FAIRWAY,FAIRWAY,RECOVERY,80.2,110.0,False,6,1,False,True,False,True
이율린,9759,2,4,5,4,1,FAIRWAY,FAIRWAY,3,GREEN,GREEN,NORMAL_APPROACH,2.8,80.2,False,6,1,False,True,False,True
이율린,9759,2,5,3,2,12,FRINGE,FRINGE,3,GREEN,GREEN,SHORT_GAME,1.9,4.7,False,4,1,False,True,False,
이율린,9759,2,6,4,2,2,ROUGH,ROUGH,12,FRINGE,FRINGE,RECOVERY,3.8,147.5,False,4,0,True,False,False,False
이율린,9759,2,6,4,3,12,FRINGE,FRINGE,3,GREEN,GREEN,SHORT_GAME,1.2,3.8,False,4,0,True,False,False,False
이율린,9759,2,7,5,2,6,BUNKER,BUNKER,1,FAIRWAY,FAIRWAY,RECOVERY,194.2,281.5,True,5,0,True,False,False,False
이율린,9759,2,7,5,3,1,FAIRWAY,FAIRWAY,3,GREEN,GREEN,NORMAL_APPROACH,24.7,194.2,True,5,0,True,False,False,False
이율린,9759,2,8,4,2,2,ROUGH,ROUGH,12,FRINGE,FRINGE,RECOVERY,7.4,123.9,False,5,1,False,True,False,False
이율린,9759,2,8,4,3,12,FRINGE,FRINGE,3,GREEN,GREEN,SHORT_GAME,1.8,7.4,False,5,1,False,True,False,False
이율린,9759,2,9,4,2,1,FAIRWAY,FAIRWAY,3,GREEN,GREEN,NORMAL_APPROACH,9.2,126.1,True,3,-1,True,False,False,True
이율린,9759,2,10,5,2,2,ROUGH,ROUGH,1,FAIRWAY,FAIRWAY,RECOVERY,150.3,327.5,True,5,0,True,False,False,False
이율린,9759,2,10,5,3,1,FAIRWAY,FAIRWAY,3,GREEN,GREEN,NORMAL_APPROACH,7.1,150.3,True,5,0,True,False,False,False
이율린,9759,2,11,3,2,12,FRINGE,FRINGE,3,GREEN,GREEN,SHORT_GAME,0.3,7.2,False,3,0,True,False,False,
이율린,9759,2,12,4,2,1,FAIRWAY,FAIRWAY,3,GREEN,GREEN,NORMAL_APPROACH,10.5,145.2,True,5,1,False,True,False,True
이율린,9759,2,13,4,2,1,FAIRWAY,FAIRWAY,3,GREEN,GREEN,NORMAL_APPROACH,16.3,84.9,True,4,0,True,False,False,True
이율린,9759,2,14,4,2,1,FAIRWAY,FAIRWAY,3,GREEN,GREEN,NORMAL_APPROACH,3.1,163.9,True,4,0,True,False,False,True
이율린,9759,2,15,4,2,1,FAIRWAY,FAIRWAY,3,GREEN,GREEN,NORMAL_APPROACH,0.3,150.2,True,3,-1,True,False,False,True
이율린,9759,2,17,4,2,1,FAIRWAY,FAIRWAY,2,ROUGH,ROUGH,OTHER_UNRESOLVED,24.1,138.8,False,5,1,False,True,False,True
이율린,9759,2,17,4,3,2,ROUGH,ROUGH,3,GREEN,GREEN,RECOVERY,2.1,24.1,False,5,1,False,True,False,True
이율린,9759,2,18,5,2,1,FAIRWAY,FAIRWAY,1,FAIRWAY,FAIRWAY,ADVANCE_LAYUP,75.6,254.6,True,5,0,True,False,False,True
이율린,9759,2,18,5,3,1,FAIRWAY,FAIRWAY,3,GREEN,GREEN,NORMAL_APPROACH,6.3,75.6,True,5,0,True,False,False,True
이율린,9759,3,1,4,2,2,ROUGH,ROUGH,2,ROUGH,ROUGH,RECOVERY,9.8,197.7,False,4,0,True,False,False,False
이율린,9759,3,1,4,3,2,ROUGH,ROUGH,3,GREEN,GREEN,RECOVERY,1.5,9.8,False,4,0,True,False,False,False
이율린,9759,3,3,4,2,1,FAIRWAY,FAIRWAY,3,GREEN,GREEN,NORMAL_APPROACH,12.7,182.1,True,4,0,True,False,False,True
이율린,9759,3,4,5,2,1,FAIRWAY,FAIRWAY,1,FAIRWAY,FAIRWAY,ADVANCE_LAYUP,99.4,280.8,True,4,-1,True,False,False,True
이율린,9759,3,4,5,3,1,FAIRWAY,FAIRWAY,3,GREEN,GREEN,NORMAL_APPROACH,3.0,99.4,True,4,-1,True,False,False,True
이율린,9759,3,6,4,2,1,FAIRWAY,FAIRWAY,3,GREEN,GREEN,NORMAL_APPROACH,5.0,162.3,True,4,0,True,False,False,True
이율린,9759,3,7,5,2,2,ROUGH,ROUGH,2,ROUGH,ROUGH,RECOVERY,203.2,303.6,False,5,0,True,False,False,False
이율린,9759,3,7,5,3,2,ROUGH,ROUGH,2,ROUGH,ROUGH,RECOVERY,12.5,203.2,False,5,0,True,False,False,False
이율린,9759,3,7,5,4,2,ROUGH,ROUGH,3,GREEN,GREEN,RECOVERY,1.9,12.5,False,5,0,True,False,False,False
이율린,9759,3,8,4,2,2,ROUGH,ROUGH,5,PENALTY_AREA,PENALTY_AREA,RECOVERY,15.0,136.7,False,6,2,False,True,True,False
이율린,9759,3,8,4,3,5,PENALTY_AREA,PENALTY_AREA,2,ROUGH,ROUGH,PENALTY_RESTART,28.2,15.0,False,6,2,False,True,True,False
이율린,9759,3,8,4,4,2,ROUGH,ROUGH,3,GREEN,GREEN,RECOVERY,1.4,28.2,False,6,2,False,True,True,False
이율린,9759,3,9,4,2,1,FAIRWAY,FAIRWAY,2,ROUGH,ROUGH,OTHER_UNRESOLVED,9.3,105.2,False,5,1,False,True,False,True
이율린,9759,3,9,4,3,2,ROUGH,ROUGH,3,GREEN,GREEN,RECOVERY,2.4,9.3,False,5,1,False,True,False,True
이율린,9759,3,10,5,2,2,ROUGH,ROUGH,1,FAIRWAY,FAIRWAY,RECOVERY,199.3,313.2,True,5,0,True,False,False,False
이율린,9759,3,10,5,3,1,FAIRWAY,FAIRWAY,3,GREEN,GREEN,NORMAL_APPROACH,6.8,199.3,True,5,0,True,False,False,False
이율린,9759,3,11,3,2,2,ROUGH,ROUGH,3,GREEN,GREEN,RECOVERY,3.1,18.4,False,4,1,False,True,False,
이율린,9759,3,12,4,2,2,ROUGH,ROUGH,3,GREEN,GREEN,RECOVERY,17.5,143.6,True,5,1,False,True,False,False
이율린,9759,3,13,4,2,1,FAIRWAY,FAIRWAY,12,FRINGE,FRINGE,NORMAL_APPROACH,10.6,122.5,False,4,0,True,False,False,True
이율린,9759,3,13,4,3,12,FRINGE,FRINGE,3,GREEN,GREEN,SHORT_GAME,3.3,10.6,False,4,0,True,False,False,True
이율린,9759,3,14,4,2,1,FAIRWAY,FAIRWAY,2,ROUGH,ROUGH,OTHER_UNRESOLVED,13.3,147.4,False,4,0,True,False,False,True
이율린,9759,3,14,4,3,2,ROUGH,ROUGH,3,GREEN,GREEN,RECOVERY,0.3,13.3,False,4,0,True,False,False,True
이율린,9759,3,15,4,2,2,ROUGH,ROUGH,2,ROUGH,ROUGH,RECOVERY,15.6,197.3,False,4,0,True,False,False,False
이율린,9759,3,15,4,3,2,ROUGH,ROUGH,3,GREEN,GREEN,RECOVERY,3.7,15.6,False,4,0,True,False,False,False
이율린,9759,3,17,4,2,2,ROUGH,ROUGH,2,ROUGH,ROUGH,RECOVERY,9.3,129.8,False,4,0,True,False,False,False
이율린,9759,3,17,4,3,2,ROUGH,ROUGH,3,GREEN,GREEN,RECOVERY,2.9,9.3,False,4,0,True,False,False,False
이율린,9759,3,18,5,2,2,ROUGH,ROUGH,1,FAIRWAY,FAIRWAY,RECOVERY,98.7,273.6,True,5,0,True,False,False,False
이율린,9759,3,18,5,3,1,FAIRWAY,FAIRWAY,3,GREEN,GREEN,NORMAL_APPROACH,2.5,98.7,True,5,0,True,False,False,False
이율린,9759,4,1,4,2,2,ROUGH,ROUGH,1,FAIRWAY,FAIRWAY,RECOVERY,70.0,169.6,False,5,1,False,True,False,False
이율린,9759,4,1,4,3,1,FAIRWAY,FAIRWAY,12,FRINGE,FRINGE,NORMAL_APPROACH,12.9,70.0,False,5,1,False,True,False,False
이율린,9759,4,1,4,4,12,FRINGE,FRINGE,3,GREEN,GREEN,SHORT_GAME,0.4,12.9,False,5,1,False,True,False,False
이율린,9759,4,2,3,2,2,ROUGH,ROUGH,3,GREEN,GREEN,RECOVERY,0.4,11.1,False,3,0,True,False,False,
이율린,9759,4,3,4,2,1,FAIRWAY,FAIRWAY,3,GREEN,GREEN,NORMAL_APPROACH,8.8,180.1,True,4,0,True,False,False,True
이율린,9759,4,4,5,2,6,BUNKER,BUNKER,2,ROUGH,ROUGH,RECOVERY,123.1,276.6,True,5,0,True,False,False,False
이율린,9759,4,4,5,3,2,ROUGH,ROUGH,3,GREEN,GREEN,RECOVERY,12.0,123.1,True,5,0,True,False,False,False
이율린,9759,4,5,3,2,9,GREENSIDE_BUNKER,GREENSIDE_BUNKER,3,GREEN,GREEN,RECOVERY,0.3,13.2,False,3,0,True,False,False,
이율린,9759,4,6,4,2,1,FAIRWAY,FAIRWAY,3,GREEN,GREEN,NORMAL_APPROACH,8.7,133.9,True,4,0,True,False,False,True
이율린,9759,4,7,5,2,2,ROUGH,ROUGH,2,ROUGH,ROUGH,RECOVERY,122.0,312.2,False,6,1,False,True,False,False
이율린,9759,4,7,5,3,2,ROUGH,ROUGH,2,ROUGH,ROUGH,RECOVERY,13.3,122.0,False,6,1,False,True,False,False
이율린,9759,4,7,5,4,2,ROUGH,ROUGH,3,GREEN,GREEN,RECOVERY,1.5,13.3,False,6,1,False,True,False,False
이율린,9759,4,8,4,2,1,FAIRWAY,FAIRWAY,3,GREEN,GREEN,NORMAL_APPROACH,7.9,108.2,True,4,0,True,False,False,True
이율린,9759,4,9,4,2,2,ROUGH,ROUGH,3,GREEN,GREEN,RECOVERY,14.0,121.6,True,4,0,True,False,False,False
이율린,9759,4,10,5,2,1,FAIRWAY,FAIRWAY,2,ROUGH,ROUGH,ADVANCE_LAYUP,88.0,298.7,False,5,0,True,False,False,True
이율린,9759,4,10,5,3,2,ROUGH,ROUGH,12,FRINGE,FRINGE,RECOVERY,9.8,88.0,False,5,0,True,False,False,True
이율린,9759,4,10,5,4,12,FRINGE,FRINGE,3,GREEN,GREEN,SHORT_GAME,2.0,9.8,False,5,0,True,False,False,True
이율린,9759,4,12,4,2,1,FAIRWAY,FAIRWAY,2,ROUGH,ROUGH,OTHER_UNRESOLVED,14.5,131.2,False,3,-1,True,False,False,True
이율린,9759,4,12,4,3,2,ROUGH,ROUGH,10,HOLED,HOLED,RECOVERY,0.0,14.5,False,3,-1,True,False,False,True
이율린,9759,4,13,4,2,1,FAIRWAY,FAIRWAY,3,GREEN,GREEN,NORMAL_APPROACH,5.4,105.9,True,4,0,True,False,False,True
이율린,9759,4,14,4,2,2,ROUGH,ROUGH,3,GREEN,GREEN,RECOVERY,7.5,123.2,True,3,-1,True,False,False,False
이율린,9759,4,15,4,2,2,ROUGH,ROUGH,2,ROUGH,ROUGH,RECOVERY,20.4,153.7,False,4,0,True,False,False,False
이율린,9759,4,15,4,3,2,ROUGH,ROUGH,3,GREEN,GREEN,RECOVERY,1.2,20.4,False,4,0,True,False,False,False
이율린,9759,4,17,4,2,1,FAIRWAY,FAIRWAY,3,GREEN,GREEN,NORMAL_APPROACH,2.0,125.1,True,4,0,True,False,False,True
이율린,9759,4,18,5,2,2,ROUGH,ROUGH,1,FAIRWAY,FAIRWAY,RECOVERY,119.0,278.3,True,5,0,True,False,False,False
이율린,9759,4,18,5,3,1,FAIRWAY,FAIRWAY,3,GREEN,GREEN,NORMAL_APPROACH,5.9,119.0,True,5,0,True,False,False,False
정소이,9765,1,1,4,2,1,FAIRWAY,FAIRWAY,12,FRINGE,FRINGE,NORMAL_APPROACH,9.9,192.7,False,4,0,True,False,False,True
정소이,9765,1,1,4,3,12,FRINGE,FRINGE,3,GREEN,GREEN,SHORT_GAME,0.3,9.9,False,4,0,True,False,False,True
정소이,9765,1,3,4,2,1,FAIRWAY,FAIRWAY,9,GREENSIDE_BUNKER,GREENSIDE_BUNKER,OTHER_UNRESOLVED,19.0,186.2,False,4,0,True,False,False,True
정소이,9765,1,3,4,3,9,GREENSIDE_BUNKER,GREENSIDE_BUNKER,3,GREEN,GREEN,RECOVERY,2.1,19.0,False,4,0,True,False,False,True
정소이,9765,1,4,5,2,2,ROUGH,ROUGH,1,FAIRWAY,FAIRWAY,RECOVERY,146.3,294.3,True,5,0,True,False,False,False
정소이,9765,1,4,5,3,1,FAIRWAY,FAIRWAY,3,GREEN,GREEN,NORMAL_APPROACH,9.6,146.3,True,5,0,True,False,False,False
정소이,9765,1,5,3,2,9,GREENSIDE_BUNKER,GREENSIDE_BUNKER,10,HOLED,HOLED,RECOVERY,0.0,16.0,False,2,-1,True,False,False,
정소이,9765,1,6,4,2,1,FAIRWAY,FAIRWAY,3,GREEN,GREEN,NORMAL_APPROACH,4.7,162.0,True,4,0,True,False,False,True
정소이,9765,1,7,5,2,1,FAIRWAY,FAIRWAY,1,FAIRWAY,FAIRWAY,ADVANCE_LAYUP,66.7,269.7,True,5,0,True,False,False,True
정소이,9765,1,7,5,3,1,FAIRWAY,FAIRWAY,3,GREEN,GREEN,NORMAL_APPROACH,9.5,66.7,True,5,0,True,False,False,True
정소이,9765,1,8,4,2,1,FAIRWAY,FAIRWAY,5,PENALTY_AREA,PENALTY_AREA,OTHER_UNRESOLVED,0.0,167.8,False,6,2,False,True,True,True
정소이,9765,1,8,4,3,5,PENALTY_AREA,PENALTY_AREA,8,PENALTY_STROKE,LOST_BALL_PENALTY_RESTART,PENALTY_RESTART,115.5,0.0,False,6,2,False,True,True,True
정소이,9765,1,8,4,4,8,PENALTY_STROKE,LOST_BALL_PENALTY_RESTART,3,GREEN,GREEN,PENALTY_RESTART,2.2,115.5,False,6,2,False,True,True,True
정소이,9765,1,9,4,2,2,ROUGH,ROUGH,3,GREEN,GREEN,RECOVERY,12.8,161.7,True,5,1,False,True,False,False
정소이,9765,1,10,5,2,2,ROUGH,ROUGH,1,FAIRWAY,FAIRWAY,RECOVERY,149.9,319.1,False,6,1,False,True,False,False
정소이,9765,1,10,5,3,1,FAIRWAY,FAIRWAY,9,GREENSIDE_BUNKER,GREENSIDE_BUNKER,ADVANCE_LAYUP,14.6,149.9,False,6,1,False,True,False,False
정소이,9765,1,10,5,4,9,GREENSIDE_BUNKER,GREENSIDE_BUNKER,2,ROUGH,ROUGH,RECOVERY,7.8,14.6,False,6,1,False,True,False,False
정소이,9765,1,10,5,5,2,ROUGH,ROUGH,3,GREEN,GREEN,RECOVERY,0.5,7.8,False,6,1,False,True,False,False
정소이,9765,1,12,4,2,1,FAIRWAY,FAIRWAY,2,ROUGH,ROUGH,OTHER_UNRESOLVED,9.9,148.4,False,4,0,True,False,False,True
정소이,9765,1,12,4,3,2,ROUGH,ROUGH,3,GREEN,GREEN,RECOVERY,1.3,9.9,False,4,0,True,False,False,True
정소이,9765,1,13,4,2,1,FAIRWAY,FAIRWAY,3,GREEN,GREEN,NORMAL_APPROACH,12.2,137.5,True,4,0,True,False,False,True
정소이,9765,1,14,4,2,1,FAIRWAY,FAIRWAY,3,GREEN,GREEN,NORMAL_APPROACH,5.8,151.7,True,4,0,True,False,False,True
정소이,9765,1,15,4,2,1,FAIRWAY,FAIRWAY,3,GREEN,GREEN,NORMAL_APPROACH,1.9,163.1,True,4,0,True,False,False,True
정소이,9765,1,16,3,2,12,FRINGE,FRINGE,3,GREEN,GREEN,SHORT_GAME,2.3,15.8,False,4,1,False,True,False,
정소이,9765,1,17,4,2,1,FAIRWAY,FAIRWAY,3,GREEN,GREEN,NORMAL_APPROACH,8.3,134.6,True,3,-1,True,False,False,True
정소이,9765,1,18,5,2,1,FAIRWAY,FAIRWAY,1,FAIRWAY,FAIRWAY,ADVANCE_LAYUP,106.0,302.1,True,5,0,True,False,False,True
정소이,9765,1,18,5,3,1,FAIRWAY,FAIRWAY,3,GREEN,GREEN,NORMAL_APPROACH,8.2,106.0,True,5,0,True,False,False,True
정소이,9765,2,1,4,2,2,ROUGH,ROUGH,2,ROUGH,ROUGH,RECOVERY,19.4,160.7,False,5,1,False,True,False,False
정소이,9765,2,1,4,3,2,ROUGH,ROUGH,2,ROUGH,ROUGH,RECOVERY,15.0,19.4,False,5,1,False,True,False,False
정소이,9765,2,1,4,4,2,ROUGH,ROUGH,3,GREEN,GREEN,RECOVERY,1.9,15.0,False,5,1,False,True,False,False
정소이,9765,2,2,3,2,5,PENALTY_AREA,PENALTY_AREA,8,PENALTY_STROKE,LOST_BALL_PENALTY_RESTART,PENALTY_RESTART,65.4,0.0,False,5,2,False,True,True,
정소이,9765,2,2,3,3,8,PENALTY_STROKE,LOST_BALL_PENALTY_RESTART,3,GREEN,GREEN,PENALTY_RESTART,7.1,65.4,False,5,2,False,True,True,
정소이,9765,2,3,4,2,1,FAIRWAY,FAIRWAY,2,ROUGH,ROUGH,OTHER_UNRESOLVED,22.2,196.0,False,5,1,False,True,False,True
정소이,9765,2,3,4,3,2,ROUGH,ROUGH,3,GREEN,GREEN,RECOVERY,5.5,22.2,False,5,1,False,True,False,True
정소이,9765,2,4,5,2,1,FAIRWAY,FAIRWAY,2,ROUGH,ROUGH,ADVANCE_LAYUP,110.0,301.2,True,5,0,True,False,False,True
정소이,9765,2,4,5,3,2,ROUGH,ROUGH,3,GREEN,GREEN,RECOVERY,9.2,110.0,True,5,0,True,False,False,True
정소이,9765,2,6,4,2,2,ROUGH,ROUGH,2,ROUGH,ROUGH,RECOVERY,16.0,161.5,False,5,1,False,True,False,False
정소이,9765,2,6,4,3,2,ROUGH,ROUGH,3,GREEN,GREEN,RECOVERY,3.8,16.0,False,5,1,False,True,False,False
정소이,9765,2,7,5,2,1,FAIRWAY,FAIRWAY,1,FAIRWAY,FAIRWAY,ADVANCE_LAYUP,122.0,297.4,True,5,0,True,False,False,True
정소이,9765,2,7,5,3,1,FAIRWAY,FAIRWAY,3,GREEN,GREEN,NORMAL_APPROACH,12.9,122.0,True,5,0,True,False,False,True
정소이,9765,2,8,4,2,2,ROUGH,ROUGH,2,ROUGH,ROUGH,RECOVERY,28.7,136.8,False,6,2,False,True,True,False
정소이,9765,2,8,4,3,2,ROUGH,ROUGH,5,PENALTY_AREA,PENALTY_AREA,RECOVERY,0.0,28.7,False,6,2,False,True,True,False
정소이,9765,2,8,4,4,5,PENALTY_AREA,PENALTY_AREA,8,PENALTY_STROKE,LOST_BALL_PENALTY_RESTART,PENALTY_RESTART,4.4,0.0,False,6,2,False,True,True,False
정소이,9765,2,8,4,5,8,PENALTY_STROKE,LOST_BALL_PENALTY_RESTART,3,GREEN,GREEN,PENALTY_RESTART,0.5,4.4,False,6,2,False,True,True,False
정소이,9765,2,9,4,2,2,ROUGH,ROUGH,3,GREEN,GREEN,RECOVERY,11.7,161.9,True,3,-1,True,False,False,False
정소이,9765,2,10,5,2,1,FAIRWAY,FAIRWAY,1,FAIRWAY,FAIRWAY,ADVANCE_LAYUP,130.4,318.0,True,5,0,True,False,False,True
정소이,9765,2,10,5,3,1,FAIRWAY,FAIRWAY,3,GREEN,GREEN,NORMAL_APPROACH,5.1,130.4,True,5,0,True,False,False,True
정소이,9765,2,11,3,2,2,ROUGH,ROUGH,12,FRINGE,FRINGE,RECOVERY,9.9,12.1,False,3,0,True,False,False,
정소이,9765,2,11,3,3,12,FRINGE,FRINGE,10,HOLED,HOLED,SHORT_GAME,0.0,9.9,False,3,0,True,False,False,
정소이,9765,2,12,4,2,1,FAIRWAY,FAIRWAY,3,GREEN,GREEN,NORMAL_APPROACH,9.7,167.7,True,4,0,True,False,False,True
정소이,9765,2,13,4,2,1,FAIRWAY,FAIRWAY,12,FRINGE,FRINGE,NORMAL_APPROACH,12.7,117.2,False,3,-1,True,False,False,True
정소이,9765,2,13,4,3,12,FRINGE,FRINGE,10,HOLED,HOLED,SHORT_GAME,0.0,12.7,False,3,-1,True,False,False,True
정소이,9765,2,14,4,2,2,ROUGH,ROUGH,2,ROUGH,ROUGH,RECOVERY,11.4,163.4,False,4,0,True,False,False,False
정소이,9765,2,14,4,3,2,ROUGH,ROUGH,3,GREEN,GREEN,RECOVERY,1.4,11.4,False,4,0,True,False,False,False
정소이,9765,2,15,4,2,1,FAIRWAY,FAIRWAY,3,GREEN,GREEN,NORMAL_APPROACH,5.5,149.7,True,4,0,True,False,False,True
정소이,9765,2,17,4,2,2,ROUGH,ROUGH,3,GREEN,GREEN,RECOVERY,24.6,149.7,True,4,0,True,False,False,False
정소이,9765,2,18,5,2,6,BUNKER,BUNKER,1,FAIRWAY,FAIRWAY,RECOVERY,166.5,304.2,True,5,0,True,False,False,False
정소이,9765,2,18,5,3,1,FAIRWAY,FAIRWAY,3,GREEN,GREEN,NORMAL_APPROACH,5.4,166.5,True,5,0,True,False,False,False
정소이,9765,3,1,4,2,1,FAIRWAY,FAIRWAY,3,GREEN,GREEN,NORMAL_APPROACH,3.7,174.5,True,4,0,True,False,False,True
정소이,9765,3,2,3,2,12,FRINGE,FRINGE,3,GREEN,GREEN,SHORT_GAME,0.4,7.6,False,3,0,True,False,False,
정소이,9765,3,3,4,2,1,FAIRWAY,FAIRWAY,3,GREEN,GREEN,NORMAL_APPROACH,14.2,199.2,True,4,0,True,False,False,True
정소이,9765,3,4,5,2,2,ROUGH,ROUGH,2,ROUGH,ROUGH,RECOVERY,279.8,310.5,False,6,1,False,True,False,False
정소이,9765,3,4,5,3,2,ROUGH,ROUGH,1,FAIRWAY,FAIRWAY,RECOVERY,236.2,279.8,False,6,1,False,True,False,False
정소이,9765,3,4,5,4,1,FAIRWAY,FAIRWAY,2,ROUGH,ROUGH,ADVANCE_LAYUP,34.0,236.2,False,6,1,False,True,False,False
정소이,9765,3,4,5,5,2,ROUGH,ROUGH,3,GREEN,GREEN,RECOVERY,2.5,34.0,False,6,1,False,True,False,False
정소이,9765,3,5,3,2,9,GREENSIDE_BUNKER,GREENSIDE_BUNKER,3,GREEN,GREEN,RECOVERY,2.5,20.4,False,3,0,True,False,False,
정소이,9765,3,6,4,2,2,ROUGH,ROUGH,3,GREEN,GREEN,RECOVERY,21.8,176.0,True,5,1,False,True,False,False
정소이,9765,3,7,5,2,1,FAIRWAY,FAIRWAY,7,LOST_BALL,LOST_BALL_PENALTY_RESTART,ADVANCE_LAYUP,306.4,306.4,False,8,3,False,True,True,True
정소이,9765,3,7,5,3,7,LOST_BALL,LOST_BALL_PENALTY_RESTART,8,PENALTY_STROKE,LOST_BALL_PENALTY_RESTART,PENALTY_RESTART,306.4,306.4,False,8,3,False,True,True,True
정소이,9765,3,7,5,4,8,PENALTY_STROKE,LOST_BALL_PENALTY_RESTART,1,FAIRWAY,FAIRWAY,PENALTY_RESTART,132.1,306.4,False,8,3,False,True,True,True
정소이,9765,3,7,5,5,1,FAIRWAY,FAIRWAY,2,ROUGH,ROUGH,ADVANCE_LAYUP,15.0,132.1,False,8,3,False,True,True,True
정소이,9765,3,7,5,6,2,ROUGH,ROUGH,3,GREEN,GREEN,RECOVERY,0.9,15.0,False,8,3,False,True,True,True
정소이,9765,3,8,4,2,2,ROUGH,ROUGH,2,ROUGH,ROUGH,RECOVERY,19.7,159.5,False,4,0,True,False,False,False
정소이,9765,3,8,4,3,2,ROUGH,ROUGH,3,GREEN,GREEN,RECOVERY,4.0,19.7,False,4,0,True,False,False,False
정소이,9765,3,9,4,2,1,FAIRWAY,FAIRWAY,3,GREEN,GREEN,NORMAL_APPROACH,6.8,142.1,True,4,0,True,False,False,True
정소이,9765,3,10,5,2,1,FAIRWAY,FAIRWAY,1,FAIRWAY,FAIRWAY,ADVANCE_LAYUP,117.8,316.5,True,4,-1,True,False,False,True
정소이,9765,3,10,5,3,1,FAIRWAY,FAIRWAY,3,GREEN,GREEN,NORMAL_APPROACH,0.5,117.8,True,4,-1,True,False,False,True
정소이,9765,3,11,3,2,2,ROUGH,ROUGH,3,GREEN,GREEN,RECOVERY,0.4,19.1,False,3,0,True,False,False,
정소이,9765,3,12,4,2,2,ROUGH,ROUGH,3,GREEN,GREEN,RECOVERY,23.3,152.3,True,5,1,False,True,False,False
정소이,9765,3,12,4,4,12,FRINGE,FRINGE,3,GREEN,GREEN,SHORT_GAME,0.6,10.3,True,5,1,False,True,False,False
정소이,9765,3,13,4,2,2,ROUGH,ROUGH,12,FRINGE,FRINGE,RECOVERY,30.1,123.6,False,4,0,True,False,False,False
정소이,9765,3,13,4,3,12,FRINGE,FRINGE,3,GREEN,GREEN,SHORT_GAME,36.0,30.1,False,4,0,True,False,False,False
정소이,9765,3,14,4,2,1,FAIRWAY,FAIRWAY,3,GREEN,GREEN,NORMAL_APPROACH,13.2,142.4,True,4,0,True,False,False,True
정소이,9765,3,15,4,2,2,ROUGH,ROUGH,3,GREEN,GREEN,RECOVERY,10.1,191.3,True,4,0,True,False,False,False
정소이,9765,3,17,4,2,2,ROUGH,ROUGH,2,ROUGH,ROUGH,RECOVERY,19.9,131.4,False,4,0,True,False,False,False
정소이,9765,3,17,4,3,2,ROUGH,ROUGH,3,GREEN,GREEN,RECOVERY,0.5,19.9,False,4,0,True,False,False,False
정소이,9765,3,18,5,2,2,ROUGH,ROUGH,2,ROUGH,ROUGH,RECOVERY,147.5,299.6,True,5,0,True,False,False,False
정소이,9765,3,18,5,3,2,ROUGH,ROUGH,3,GREEN,GREEN,RECOVERY,14.4,147.5,True,5,0,True,False,False,False
정소이,9765,4,1,4,2,1,FAIRWAY,FAIRWAY,12,FRINGE,FRINGE,NORMAL_APPROACH,8.2,180.0,False,4,0,True,False,False,True
정소이,9765,4,1,4,3,12,FRINGE,FRINGE,3,GREEN,GREEN,SHORT_GAME,0.4,8.2,False,4,0,True,False,False,True
정소이,9765,4,3,4,2,1,FAIRWAY,FAIRWAY,3,GREEN,GREEN,NORMAL_APPROACH,14.5,193.6,True,4,0,True,False,False,True
정소이,9765,4,4,5,2,1,FAIRWAY,FAIRWAY,1,FAIRWAY,FAIRWAY,ADVANCE_LAYUP,114.6,293.9,True,5,0,True,False,False,True
정소이,9765,4,4,5,3,1,FAIRWAY,FAIRWAY,3,GREEN,GREEN,NORMAL_APPROACH,2.6,114.6,True,5,0,True,False,False,True
정소이,9765,4,6,4,2,1,FAIRWAY,FAIRWAY,3,GREEN,GREEN,NORMAL_APPROACH,6.9,144.4,True,4,0,True,False,False,True
정소이,9765,4,7,5,2,1,FAIRWAY,FAIRWAY,1,FAIRWAY,FAIRWAY,ADVANCE_LAYUP,101.5,292.9,True,5,0,True,False,False,True
정소이,9765,4,7,5,3,1,FAIRWAY,FAIRWAY,3,GREEN,GREEN,NORMAL_APPROACH,7.1,101.5,True,5,0,True,False,False,True
정소이,9765,4,8,4,2,2,ROUGH,ROUGH,1,FAIRWAY,FAIRWAY,RECOVERY,105.6,134.3,False,5,1,False,True,False,False
정소이,9765,4,8,4,3,1,FAIRWAY,FAIRWAY,3,GREEN,GREEN,NORMAL_APPROACH,7.4,105.6,False,5,1,False,True,False,False
정소이,9765,4,9,4,2,1,FAIRWAY,FAIRWAY,2,ROUGH,ROUGH,OTHER_UNRESOLVED,12.4,115.8,False,4,0,True,False,False,True
정소이,9765,4,9,4,3,2,ROUGH,ROUGH,3,GREEN,GREEN,RECOVERY,0.9,12.4,False,4,0,True,False,False,True
정소이,9765,4,10,5,2,2,ROUGH,ROUGH,1,FAIRWAY,FAIRWAY,RECOVERY,157.6,316.4,True,6,1,False,True,False,False
정소이,9765,4,10,5,3,1,FAIRWAY,FAIRWAY,3,GREEN,GREEN,NORMAL_APPROACH,8.5,157.6,True,6,1,False,True,False,False
정소이,9765,4,12,4,2,1,FAIRWAY,FAIRWAY,3,GREEN,GREEN,NORMAL_APPROACH,4.4,155.1,True,4,0,True,False,False,True
정소이,9765,4,13,4,2,1,FAIRWAY,FAIRWAY,3,GREEN,GREEN,NORMAL_APPROACH,14.9,112.5,True,4,0,True,False,False,True
정소이,9765,4,14,4,2,1,FAIRWAY,FAIRWAY,3,GREEN,GREEN,NORMAL_APPROACH,4.3,142.7,True,5,1,False,True,False,True
정소이,9765,4,15,4,2,2,ROUGH,ROUGH,1,FAIRWAY,FAIRWAY,RECOVERY,184.8,214.9,False,5,1,False,True,False,False
정소이,9765,4,15,4,3,1,FAIRWAY,FAIRWAY,2,ROUGH,ROUGH,OTHER_UNRESOLVED,15.1,184.8,False,5,1,False,True,False,False
정소이,9765,4,15,4,4,2,ROUGH,ROUGH,3,GREEN,GREEN,RECOVERY,0.4,15.1,False,5,1,False,True,False,False
정소이,9765,4,16,3,2,5,PENALTY_AREA,PENALTY_AREA,8,PENALTY_STROKE,LOST_BALL_PENALTY_RESTART,PENALTY_RESTART,99.5,0.0,False,5,2,False,True,True,
정소이,9765,4,16,3,3,8,PENALTY_STROKE,LOST_BALL_PENALTY_RESTART,3,GREEN,GREEN,PENALTY_RESTART,6.2,99.5,False,5,2,False,True,True,
정소이,9765,4,17,4,2,2,ROUGH,ROUGH,2,ROUGH,ROUGH,RECOVERY,29.5,142.1,False,5,1,False,True,False,False
정소이,9765,4,17,4,3,2,ROUGH,ROUGH,3,GREEN,GREEN,RECOVERY,10.9,29.5,False,5,1,False,True,False,False
정소이,9765,4,18,5,2,1,FAIRWAY,FAIRWAY,1,FAIRWAY,FAIRWAY,ADVANCE_LAYUP,105.0,291.7,True,5,0,True,False,False,True
정소이,9765,4,18,5,3,1,FAIRWAY,FAIRWAY,3,GREEN,GREEN,NORMAL_APPROACH,10.4,105.0,True,5,0,True,False,False,True
이예원,9784,1,1,4,2,1,FAIRWAY,FAIRWAY,3,GREEN,GREEN,NORMAL_APPROACH,17.4,170.7,True,4,0,True,False,False,True
이예원,9784,1,3,4,2,1,FAIRWAY,FAIRWAY,3,GREEN,GREEN,NORMAL_APPROACH,2.0,180.3,True,4,0,True,False,False,True
이예원,9784,1,4,5,2,2,ROUGH,ROUGH,1,FAIRWAY,FAIRWAY,RECOVERY,144.5,296.8,False,5,0,True,False,False,False
이예원,9784,1,4,5,3,1,FAIRWAY,FAIRWAY,2,ROUGH,ROUGH,ADVANCE_LAYUP,11.0,144.5,False,5,0,True,False,False,False
이예원,9784,1,4,5,4,2,ROUGH,ROUGH,3,GREEN,GREEN,RECOVERY,0.7,11.0,False,5,0,True,False,False,False
이예원,9784,1,5,3,2,12,FRINGE,FRINGE,3,GREEN,GREEN,SHORT_GAME,1.0,9.9,False,4,1,False,True,False,
이예원,9784,1,6,4,2,2,ROUGH,ROUGH,3,GREEN,GREEN,RECOVERY,7.0,166.5,True,3,-1,True,False,False,False
이예원,9784,1,7,5,2,1,FAIRWAY,FAIRWAY,1,FAIRWAY,FAIRWAY,ADVANCE_LAYUP,74.3,267.5,True,4,-1,True,False,False,True
이예원,9784,1,7,5,3,1,FAIRWAY,FAIRWAY,3,GREEN,GREEN,NORMAL_APPROACH,0.9,74.3,True,4,-1,True,False,False,True
이예원,9784,1,8,4,2,2,ROUGH,ROUGH,3,GREEN,GREEN,RECOVERY,20.7,127.1,True,4,0,True,False,False,False
이예원,9784,1,9,4,2,1,FAIRWAY,FAIRWAY,3,GREEN,GREEN,NORMAL_APPROACH,9.7,126.3,True,4,0,True,False,False,True
이예원,9784,1,10,5,2,1,FAIRWAY,FAIRWAY,1,FAIRWAY,FAIRWAY,ADVANCE_LAYUP,100.9,303.8,True,5,0,True,False,False,True
이예원,9784,1,10,5,3,1,FAIRWAY,FAIRWAY,3,GREEN,GREEN,NORMAL_APPROACH,2.2,100.9,True,5,0,True,False,False,True
이예원,9784,1,11,3,2,2,ROUGH,ROUGH,2,ROUGH,ROUGH,RECOVERY,8.9,15.8,False,3,0,True,False,False,
이예원,9784,1,11,3,3,2,ROUGH,ROUGH,10,HOLED,HOLED,RECOVERY,0.0,8.9,False,3,0,True,False,False,
이예원,9784,1,12,4,2,1,FAIRWAY,FAIRWAY,2,ROUGH,ROUGH,OTHER_UNRESOLVED,15.2,131.4,False,5,1,False,True,False,True
이예원,9784,1,12,4,3,2,ROUGH,ROUGH,3,GREEN,GREEN,RECOVERY,2.3,15.2,False,5,1,False,True,False,True
이예원,9784,1,13,4,2,2,ROUGH,ROUGH,12,FRINGE,FRINGE,RECOVERY,20.0,138.0,False,5,1,False,True,False,False
이예원,9784,1,13,4,3,12,FRINGE,FRINGE,3,GREEN,GREEN,SHORT_GAME,3.7,20.0,False,5,1,False,True,False,False
이예원,9784,1,14,4,2,1,FAIRWAY,FAIRWAY,12,FRINGE,FRINGE,NORMAL_APPROACH,17.5,140.2,False,5,1,False,True,False,True
이예원,9784,1,14,4,3,12,FRINGE,FRINGE,3,GREEN,GREEN,SHORT_GAME,2.7,17.5,False,5,1,False,True,False,True
이예원,9784,1,15,4,2,2,ROUGH,ROUGH,12,FRINGE,FRINGE,RECOVERY,19.1,142.6,False,4,0,True,False,False,False
이예원,9784,1,15,4,3,12,FRINGE,FRINGE,3,GREEN,GREEN,SHORT_GAME,1.0,19.1,False,4,0,True,False,False,False
이예원,9784,1,17,4,2,1,FAIRWAY,FAIRWAY,3,GREEN,GREEN,NORMAL_APPROACH,5.8,118.2,True,5,1,False,True,False,True
이예원,9784,1,18,5,2,1,FAIRWAY,FAIRWAY,2,ROUGH,ROUGH,ADVANCE_LAYUP,98.5,279.6,True,5,0,True,False,False,True
이예원,9784,1,18,5,3,2,ROUGH,ROUGH,3,GREEN,GREEN,RECOVERY,10.8,98.5,True,5,0,True,False,False,True
이예원,9784,2,1,4,2,1,FAIRWAY,FAIRWAY,3,GREEN,GREEN,NORMAL_APPROACH,11.5,159.4,True,4,0,True,False,False,True
이예원,9784,2,3,4,2,1,FAIRWAY,FAIRWAY,3,GREEN,GREEN,NORMAL_APPROACH,17.3,183.1,True,4,0,True,False,False,True
이예원,9784,2,4,5,2,1,FAIRWAY,FAIRWAY,2,ROUGH,ROUGH,ADVANCE_LAYUP,99.1,297.3,True,5,0,True,False,False,True
이예원,9784,2,4,5,3,2,ROUGH,ROUGH,3,GREEN,GREEN,RECOVERY,4.2,99.1,True,5,0,True,False,False,True
이예원,9784,2,5,3,2,9,GREENSIDE_BUNKER,GREENSIDE_BUNKER,3,GREEN,GREEN,RECOVERY,2.5,15.7,False,3,0,True,False,False,
이예원,9784,2,6,4,2,1,FAIRWAY,FAIRWAY,2,ROUGH,ROUGH,OTHER_UNRESOLVED,12.0,150.0,False,5,1,False,True,False,True
이예원,9784,2,6,4,3,2,ROUGH,ROUGH,3,GREEN,GREEN,RECOVERY,6.5,12.0,False,5,1,False,True,False,True
이예원,9784,2,7,5,2,1,FAIRWAY,FAIRWAY,1,FAIRWAY,FAIRWAY,ADVANCE_LAYUP,104.8,290.9,True,4,-1,True,False,False,True
이예원,9784,2,7,5,3,1,FAIRWAY,FAIRWAY,3,GREEN,GREEN,NORMAL_APPROACH,4.5,104.8,True,4,-1,True,False,False,True
이예원,9784,2,8,4,2,1,FAIRWAY,FAIRWAY,3,GREEN,GREEN,NORMAL_APPROACH,4.0,122.1,True,3,-1,True,False,False,True
이예원,9784,2,9,4,2,1,FAIRWAY,FAIRWAY,3,GREEN,GREEN,NORMAL_APPROACH,6.5,116.5,True,4,0,True,False,False,True
이예원,9784,2,10,5,2,1,FAIRWAY,FAIRWAY,1,FAIRWAY,FAIRWAY,ADVANCE_LAYUP,112.8,316.1,True,5,0,True,False,False,True
이예원,9784,2,10,5,3,1,FAIRWAY,FAIRWAY,3,GREEN,GREEN,NORMAL_APPROACH,2.1,112.8,True,5,0,True,False,False,True
이예원,9784,2,11,3,2,12,FRINGE,FRINGE,3,GREEN,GREEN,SHORT_GAME,1.9,10.7,False,4,1,False,True,False,
이예원,9784,2,12,4,2,1,FAIRWAY,FAIRWAY,3,GREEN,GREEN,NORMAL_APPROACH,2.8,151.7,True,3,-1,True,False,False,True
이예원,9784,2,13,4,2,6,BUNKER,BUNKER,3,GREEN,GREEN,RECOVERY,10.0,73.7,True,4,0,True,False,False,False
이예원,9784,2,14,4,2,1,FAIRWAY,FAIRWAY,12,FRINGE,FRINGE,NORMAL_APPROACH,34.4,165.7,False,5,1,False,True,False,True
이예원,9784,2,14,4,3,12,FRINGE,FRINGE,3,GREEN,GREEN,SHORT_GAME,1.4,34.4,False,5,1,False,True,False,True
이예원,9784,2,15,4,2,2,ROUGH,ROUGH,2,ROUGH,ROUGH,RECOVERY,10.1,151.8,False,4,0,True,False,False,False
이예원,9784,2,15,4,3,2,ROUGH,ROUGH,3,GREEN,GREEN,RECOVERY,0.8,10.1,False,4,0,True,False,False,False
이예원,9784,2,17,4,2,1,FAIRWAY,FAIRWAY,9,GREENSIDE_BUNKER,GREENSIDE_BUNKER,OTHER_UNRESOLVED,24.9,144.7,False,4,0,True,False,False,True
이예원,9784,2,17,4,3,9,GREENSIDE_BUNKER,GREENSIDE_BUNKER,3,GREEN,GREEN,RECOVERY,1.6,24.9,False,4,0,True,False,False,True
이예원,9784,2,18,5,2,1,FAIRWAY,FAIRWAY,1,FAIRWAY,FAIRWAY,ADVANCE_LAYUP,73.6,253.9,False,5,0,True,False,False,True
이예원,9784,2,18,5,3,1,FAIRWAY,FAIRWAY,12,FRINGE,FRINGE,NORMAL_APPROACH,6.4,73.6,False,5,0,True,False,False,True
이예원,9784,2,18,5,4,12,FRINGE,FRINGE,3,GREEN,GREEN,SHORT_GAME,0.5,6.4,False,5,0,True,False,False,True
이예원,9784,3,1,4,2,6,BUNKER,BUNKER,1,FAIRWAY,FAIRWAY,RECOVERY,98.2,166.4,False,5,1,False,True,False,False
이예원,9784,3,1,4,3,1,FAIRWAY,FAIRWAY,3,GREEN,GREEN,NORMAL_APPROACH,5.5,98.2,False,5,1,False,True,False,False
이예원,9784,3,2,3,2,2,ROUGH,ROUGH,3,GREEN,GREEN,RECOVERY,1.2,14.8,False,3,0,True,False,False,
이예원,9784,3,3,4,2,1,FAIRWAY,FAIRWAY,3,GREEN,GREEN,NORMAL_APPROACH,18.2,194.2,True,4,0,True,False,False,True
이예원,9784,3,4,5,2,1,FAIRWAY,FAIRWAY,2,ROUGH,ROUGH,ADVANCE_LAYUP,85.1,291.3,False,5,0,True,False,False,True
이예원,9784,3,4,5,3,2,ROUGH,ROUGH,2,ROUGH,ROUGH,RECOVERY,7.6,85.1,False,5,0,True,False,False,True
이예원,9784,3,4,5,4,2,ROUGH,ROUGH,3,GREEN,GREEN,RECOVERY,1.5,7.6,False,5,0,True,False,False,True
이예원,9784,3,6,4,2,1,FAIRWAY,FAIRWAY,3,GREEN,GREEN,NORMAL_APPROACH,6.1,176.0,True,3,-1,True,False,False,True
이예원,9784,3,7,5,2,2,ROUGH,ROUGH,1,FAIRWAY,FAIRWAY,RECOVERY,190.8,322.2,True,5,0,True,False,False,False
이예원,9784,3,7,5,3,1,FAIRWAY,FAIRWAY,3,GREEN,GREEN,NORMAL_APPROACH,5.7,190.8,True,5,0,True,False,False,False
이예원,9784,3,8,4,2,1,FAIRWAY,FAIRWAY,3,GREEN,GREEN,NORMAL_APPROACH,5.8,126.4,True,4,0,True,False,False,True
이예원,9784,3,9,4,2,1,FAIRWAY,FAIRWAY,3,GREEN,GREEN,NORMAL_APPROACH,13.4,108.7,True,4,0,True,False,False,True
이예원,9784,3,10,5,2,1,FAIRWAY,FAIRWAY,1,FAIRWAY,FAIRWAY,ADVANCE_LAYUP,103.6,297.6,True,5,0,True,False,False,True
이예원,9784,3,10,5,3,1,FAIRWAY,FAIRWAY,3,GREEN,GREEN,NORMAL_APPROACH,10.6,103.6,True,5,0,True,False,False,True
이예원,9784,3,11,3,2,2,ROUGH,ROUGH,3,GREEN,GREEN,RECOVERY,4.4,13.8,False,3,0,True,False,False,
이예원,9784,3,12,4,2,1,FAIRWAY,FAIRWAY,3,GREEN,GREEN,NORMAL_APPROACH,5.3,149.0,True,4,0,True,False,False,True
이예원,9784,3,13,4,2,1,FAIRWAY,FAIRWAY,12,FRINGE,FRINGE,NORMAL_APPROACH,5.9,133.5,False,4,0,True,False,False,True
이예원,9784,3,13,4,3,12,FRINGE,FRINGE,3,GREEN,GREEN,SHORT_GAME,1.2,5.9,False,4,0,True,False,False,True
이예원,9784,3,14,4,2,2,ROUGH,ROUGH,12,FRINGE,FRINGE,RECOVERY,21.9,132.5,False,4,0,True,False,False,False
이예원,9784,3,14,4,3,12,FRINGE,FRINGE,3,GREEN,GREEN,SHORT_GAME,1.4,21.9,False,4,0,True,False,False,False
이예원,9784,3,15,4,2,1,FAIRWAY,FAIRWAY,3,GREEN,GREEN,NORMAL_APPROACH,10.2,158.9,True,4,0,True,False,False,True
이예원,9784,3,17,4,2,1,FAIRWAY,FAIRWAY,3,GREEN,GREEN,NORMAL_APPROACH,1.8,124.6,True,3,-1,True,False,False,True
이예원,9784,3,18,5,2,1,FAIRWAY,FAIRWAY,1,FAIRWAY,FAIRWAY,ADVANCE_LAYUP,84.3,269.0,True,5,0,True,False,False,True
이예원,9784,3,18,5,3,1,FAIRWAY,FAIRWAY,3,GREEN,GREEN,NORMAL_APPROACH,1.6,84.3,True,5,0,True,False,False,True
이예원,9784,4,1,4,2,2,ROUGH,ROUGH,3,GREEN,GREEN,RECOVERY,20.3,171.0,True,5,1,False,True,False,False
이예원,9784,4,3,4,2,1,FAIRWAY,FAIRWAY,2,ROUGH,ROUGH,OTHER_UNRESOLVED,17.3,191.5,False,4,0,True,False,False,True
이예원,9784,4,3,4,3,2,ROUGH,ROUGH,3,GREEN,GREEN,RECOVERY,0.9,17.3,False,4,0,True,False,False,True
이예원,9784,4,4,5,2,2,ROUGH,ROUGH,1,FAIRWAY,FAIRWAY,RECOVERY,84.4,278.1,True,5,0,True,False,False,False
이예원,9784,4,4,5,3,1,FAIRWAY,FAIRWAY,3,GREEN,GREEN,NORMAL_APPROACH,2.3,84.4,True,5,0,True,False,False,False
이예원,9784,4,6,4,2,1,FAIRWAY,FAIRWAY,3,GREEN,GREEN,NORMAL_APPROACH,5.1,129.6,True,4,0,True,False,False,True
이예원,9784,4,7,5,2,1,FAIRWAY,FAIRWAY,1,FAIRWAY,FAIRWAY,ADVANCE_LAYUP,90.1,304.7,False,5,0,True,False,False,True
이예원,9784,4,7,5,3,1,FAIRWAY,FAIRWAY,2,ROUGH,ROUGH,ADVANCE_LAYUP,7.0,90.1,False,5,0,True,False,False,True
이예원,9784,4,7,5,4,2,ROUGH,ROUGH,3,GREEN,GREEN,RECOVERY,0.5,7.0,False,5,0,True,False,False,True
이예원,9784,4,8,4,2,2,ROUGH,ROUGH,2,ROUGH,ROUGH,RECOVERY,13.7,112.1,False,4,0,True,False,False,False
이예원,9784,4,8,4,3,2,ROUGH,ROUGH,3,GREEN,GREEN,RECOVERY,1.2,13.7,False,4,0,True,False,False,False
이예원,9784,4,9,4,2,1,FAIRWAY,FAIRWAY,3,GREEN,GREEN,NORMAL_APPROACH,7.1,107.6,True,4,0,True,False,False,True
이예원,9784,4,10,5,2,1,FAIRWAY,FAIRWAY,2,ROUGH,ROUGH,ADVANCE_LAYUP,104.3,289.3,False,5,0,True,False,False,True
이예원,9784,4,10,5,3,2,ROUGH,ROUGH,2,ROUGH,ROUGH,RECOVERY,14.9,104.3,False,5,0,True,False,False,True
이예원,9784,4,10,5,4,2,ROUGH,ROUGH,3,GREEN,GREEN,RECOVERY,1.4,14.9,False,5,0,True,False,False,True
이예원,9784,4,12,4,2,2,ROUGH,ROUGH,12,FRINGE,FRINGE,RECOVERY,14.4,134.0,False,5,1,False,True,False,False
이예원,9784,4,12,4,3,12,FRINGE,FRINGE,3,GREEN,GREEN,SHORT_GAME,0.9,14.4,False,5,1,False,True,False,False
이예원,9784,4,13,4,2,1,FAIRWAY,FAIRWAY,3,GREEN,GREEN,NORMAL_APPROACH,8.7,137.6,True,4,0,True,False,False,True
이예원,9784,4,14,4,2,1,FAIRWAY,FAIRWAY,12,FRINGE,FRINGE,NORMAL_APPROACH,11.7,139.6,False,4,0,True,False,False,True
이예원,9784,4,14,4,3,12,FRINGE,FRINGE,3,GREEN,GREEN,SHORT_GAME,1.3,11.7,False,4,0,True,False,False,True
이예원,9784,4,15,4,2,1,FAIRWAY,FAIRWAY,5,PENALTY_AREA,PENALTY_AREA,OTHER_UNRESOLVED,0.0,167.6,False,6,2,False,True,True,True
이예원,9784,4,15,4,3,5,PENALTY_AREA,PENALTY_AREA,8,PENALTY_STROKE,LOST_BALL_PENALTY_RESTART,PENALTY_RESTART,25.2,0.0,False,6,2,False,True,True,True
이예원,9784,4,15,4,4,8,PENALTY_STROKE,LOST_BALL_PENALTY_RESTART,3,GREEN,GREEN,PENALTY_RESTART,2.6,25.2,False,6,2,False,True,True,True
이예원,9784,4,17,4,2,1,FAIRWAY,FAIRWAY,3,GREEN,GREEN,NORMAL_APPROACH,2.3,120.9,True,3,-1,True,False,False,True
이예원,9784,4,18,5,2,2,ROUGH,ROUGH,2,ROUGH,ROUGH,RECOVERY,128.6,278.6,False,5,0,True,False,False,False
이예원,9784,4,18,5,3,2,ROUGH,ROUGH,12,FRINGE,FRINGE,RECOVERY,13.8,128.6,False,5,0,True,False,False,False
이예원,9784,4,18,5,4,12,FRINGE,FRINGE,3,GREEN,GREEN,SHORT_GAME,0.9,13.8,False,5,0,True,False,False,False
정윤지,9820,1,1,4,2,2,ROUGH,ROUGH,2,ROUGH,ROUGH,RECOVERY,61.6,171.1,False,4,0,True,False,False,False
정윤지,9820,1,1,4,3,2,ROUGH,ROUGH,3,GREEN,GREEN,RECOVERY,3.2,61.6,False,4,0,True,False,False,False
정윤지,9820,1,3,4,2,1,FAIRWAY,FAIRWAY,3,GREEN,GREEN,NORMAL_APPROACH,3.4,173.6,True,3,-1,True,False,False,True
정윤지,9820,1,4,5,2,2,ROUGH,ROUGH,1,FAIRWAY,FAIRWAY,RECOVERY,128.5,287.5,False,6,1,False,True,False,False
정윤지,9820,1,4,5,3,1,FAIRWAY,FAIRWAY,12,FRINGE,FRINGE,NORMAL_APPROACH,6.1,128.5,False,6,1,False,True,False,False
정윤지,9820,1,4,5,4,12,FRINGE,FRINGE,3,GREEN,GREEN,SHORT_GAME,2.9,6.1,False,6,1,False,True,False,False
정윤지,9820,1,6,4,2,1,FAIRWAY,FAIRWAY,2,ROUGH,ROUGH,OTHER_UNRESOLVED,16.7,151.4,False,5,1,False,True,False,True
정윤지,9820,1,6,4,3,2,ROUGH,ROUGH,3,GREEN,GREEN,RECOVERY,9.7,16.7,False,5,1,False,True,False,True
정윤지,9820,1,7,5,2,1,FAIRWAY,FAIRWAY,1,FAIRWAY,FAIRWAY,ADVANCE_LAYUP,96.7,254.7,False,7,2,False,True,True,True
정윤지,9820,1,7,5,3,1,FAIRWAY,FAIRWAY,9,GREENSIDE_BUNKER,GREENSIDE_BUNKER,ADVANCE_LAYUP,10.8,96.7,False,7,2,False,True,True,True
정윤지,9820,1,7,5,4,9,GREENSIDE_BUNKER,GREENSIDE_BUNKER,9,GREENSIDE_BUNKER,GREENSIDE_BUNKER,RECOVERY,14.2,10.8,False,7,2,False,True,True,True
정윤지,9820,1,7,5,5,9,GREENSIDE_BUNKER,GREENSIDE_BUNKER,3,GREEN,GREEN,RECOVERY,1.4,14.2,False,7,2,False,True,True,True
정윤지,9820,1,8,4,2,2,ROUGH,ROUGH,5,PENALTY_AREA,PENALTY_AREA,RECOVERY,0.0,162.0,False,9,5,False,True,True,False
정윤지,9820,1,8,4,3,5,PENALTY_AREA,PENALTY_AREA,8,PENALTY_STROKE,LOST_BALL_PENALTY_RESTART,PENALTY_RESTART,118.7,0.0,False,9,5,False,True,True,False
정윤지,9820,1,8,4,4,8,PENALTY_STROKE,LOST_BALL_PENALTY_RESTART,2,ROUGH,ROUGH,PENALTY_RESTART,20.9,118.7,False,9,5,False,True,True,False
정윤지,9820,1,8,4,5,2,ROUGH,ROUGH,2,ROUGH,ROUGH,RECOVERY,20.1,20.9,False,9,5,False,True,True,False
정윤지,9820,1,8,4,6,2,ROUGH,ROUGH,2,ROUGH,ROUGH,RECOVERY,16.5,20.1,False,9,5,False,True,True,False
정윤지,9820,1,8,4,7,2,ROUGH,ROUGH,12,FRINGE,FRINGE,RECOVERY,6.8,16.5,False,9,5,False,True,True,False
정윤지,9820,1,8,4,8,12,FRINGE,FRINGE,3,GREEN,GREEN,SHORT_GAME,0.3,6.8,False,9,5,False,True,True,False
정윤지,9820,1,9,4,2,1,FAIRWAY,FAIRWAY,3,GREEN,GREEN,NORMAL_APPROACH,2.5,97.5,True,3,-1,True,False,False,True
정윤지,9820,1,10,5,2,1,FAIRWAY,FAIRWAY,2,ROUGH,ROUGH,ADVANCE_LAYUP,112.9,297.8,True,5,0,True,False,False,True
정윤지,9820,1,10,5,3,2,ROUGH,ROUGH,3,GREEN,GREEN,RECOVERY,8.0,112.9,True,5,0,True,False,False,True
정윤지,9820,1,12,4,2,1,FAIRWAY,FAIRWAY,3,GREEN,GREEN,NORMAL_APPROACH,3.8,134.3,True,3,-1,True,False,False,True
정윤지,9820,1,13,4,2,2,ROUGH,ROUGH,3,GREEN,GREEN,RECOVERY,6.8,109.2,True,4,0,True,False,False,False
정윤지,9820,1,14,4,2,1,FAIRWAY,FAIRWAY,3,GREEN,GREEN,NORMAL_APPROACH,7.8,147.1,True,4,0,True,False,False,True
정윤지,9820,1,15,4,2,1,FAIRWAY,FAIRWAY,3,GREEN,GREEN,NORMAL_APPROACH,9.5,145.8,True,3,-1,True,False,False,True
정윤지,9820,1,16,3,2,2,ROUGH,ROUGH,3,GREEN,GREEN,RECOVERY,0.8,12.4,False,3,0,True,False,False,
정윤지,9820,1,17,4,2,1,FAIRWAY,FAIRWAY,9,GREENSIDE_BUNKER,GREENSIDE_BUNKER,OTHER_UNRESOLVED,12.4,123.8,False,5,1,False,True,False,True
정윤지,9820,1,17,4,3,9,GREENSIDE_BUNKER,GREENSIDE_BUNKER,3,GREEN,GREEN,RECOVERY,12.0,12.4,False,5,1,False,True,False,True
정윤지,9820,1,18,5,2,1,FAIRWAY,FAIRWAY,1,FAIRWAY,FAIRWAY,ADVANCE_LAYUP,104.7,274.4,True,4,-1,True,False,False,True
정윤지,9820,1,18,5,3,1,FAIRWAY,FAIRWAY,3,GREEN,GREEN,NORMAL_APPROACH,0.8,104.7,True,4,-1,True,False,False,True
정윤지,9820,2,1,4,2,6,BUNKER,BUNKER,2,ROUGH,ROUGH,RECOVERY,36.6,151.2,False,6,2,False,True,True,False
정윤지,9820,2,1,4,3,2,ROUGH,ROUGH,3,GREEN,GREEN,RECOVERY,1.6,36.6,False,6,2,False,True,True,False
정윤지,9820,2,3,4,2,2,ROUGH,ROUGH,1,FAIRWAY,FAIRWAY,RECOVERY,111.6,190.4,False,5,1,False,True,False,False
정윤지,9820,2,3,4,3,1,FAIRWAY,FAIRWAY,3,GREEN,GREEN,NORMAL_APPROACH,4.1,111.6,False,5,1,False,True,False,False
정윤지,9820,2,4,5,2,1,FAIRWAY,FAIRWAY,1,FAIRWAY,FAIRWAY,ADVANCE_LAYUP,112.9,301.7,True,5,0,True,False,False,True
정윤지,9820,2,4,5,3,1,FAIRWAY,FAIRWAY,3,GREEN,GREEN,NORMAL_APPROACH,2.8,112.9,True,5,0,True,False,False,True
정윤지,9820,2,5,3,2,9,GREENSIDE_BUNKER,GREENSIDE_BUNKER,3,GREEN,GREEN,RECOVERY,2.0,15.0,False,3,0,True,False,False,
정윤지,9820,2,6,4,2,1,FAIRWAY,FAIRWAY,9,GREENSIDE_BUNKER,GREENSIDE_BUNKER,OTHER_UNRESOLVED,25.0,148.1,False,5,1,False,True,False,True
정윤지,9820,2,6,4,3,9,GREENSIDE_BUNKER,GREENSIDE_BUNKER,12,FRINGE,FRINGE,RECOVERY,4.9,25.0,False,5,1,False,True,False,True
정윤지,9820,2,6,4,4,12,FRINGE,FRINGE,3,GREEN,GREEN,SHORT_GAME,0.4,4.9,False,5,1,False,True,False,True
정윤지,9820,2,7,5,2,1,FAIRWAY,FAIRWAY,1,FAIRWAY,FAIRWAY,ADVANCE_LAYUP,103.8,287.9,True,4,-1,True,False,False,True
정윤지,9820,2,7,5,3,1,FAIRWAY,FAIRWAY,3,GREEN,GREEN,NORMAL_APPROACH,0.5,103.8,True,4,-1,True,False,False,True
정윤지,9820,2,8,4,2,1,FAIRWAY,FAIRWAY,3,GREEN,GREEN,NORMAL_APPROACH,5.6,132.2,True,4,0,True,False,False,True
정윤지,9820,2,9,4,2,1,FAIRWAY,FAIRWAY,3,GREEN,GREEN,NORMAL_APPROACH,2.5,110.1,True,4,0,True,False,False,True
정윤지,9820,2,10,5,2,1,FAIRWAY,FAIRWAY,1,FAIRWAY,FAIRWAY,ADVANCE_LAYUP,128.4,318.2,True,5,0,True,False,False,True
정윤지,9820,2,10,5,3,1,FAIRWAY,FAIRWAY,3,GREEN,GREEN,NORMAL_APPROACH,4.9,128.4,True,5,0,True,False,False,True
정윤지,9820,2,12,4,2,1,FAIRWAY,FAIRWAY,3,GREEN,GREEN,NORMAL_APPROACH,9.3,155.3,True,3,-1,True,False,False,True
정윤지,9820,2,13,4,2,1,FAIRWAY,FAIRWAY,3,GREEN,GREEN,NORMAL_APPROACH,3.9,96.4,True,4,0,True,False,False,True
정윤지,9820,2,14,4,2,1,FAIRWAY,FAIRWAY,3,GREEN,GREEN,NORMAL_APPROACH,1.1,161.6,True,3,-1,True,False,False,True
정윤지,9820,2,15,4,2,2,ROUGH,ROUGH,2,ROUGH,ROUGH,RECOVERY,9.2,134.9,False,4,0,True,False,False,False
정윤지,9820,2,15,4,3,2,ROUGH,ROUGH,3,GREEN,GREEN,RECOVERY,0.7,9.2,False,4,0,True,False,False,False
정윤지,9820,2,17,4,2,1,FAIRWAY,FAIRWAY,3,GREEN,GREEN,NORMAL_APPROACH,11.6,146.3,True,4,0,True,False,False,True
정윤지,9820,2,18,5,2,1,FAIRWAY,FAIRWAY,1,FAIRWAY,FAIRWAY,ADVANCE_LAYUP,85.1,251.9,True,5,0,True,False,False,True
정윤지,9820,2,18,5,3,1,FAIRWAY,FAIRWAY,3,GREEN,GREEN,NORMAL_APPROACH,3.2,85.1,True,5,0,True,False,False,True
정윤지,9820,3,1,4,2,6,BUNKER,BUNKER,2,ROUGH,ROUGH,RECOVERY,159.2,166.6,False,5,1,False,True,False,False
정윤지,9820,3,1,4,3,2,ROUGH,ROUGH,2,ROUGH,ROUGH,RECOVERY,17.7,159.2,False,5,1,False,True,False,False
정윤지,9820,3,1,4,4,2,ROUGH,ROUGH,3,GREEN,GREEN,RECOVERY,0.9,17.7,False,5,1,False,True,False,False
정윤지,9820,3,3,4,2,1,FAIRWAY,FAIRWAY,12,FRINGE,FRINGE,NORMAL_APPROACH,6.8,189.9,False,4,0,True,False,False,True
정윤지,9820,3,3,4,3,12,FRINGE,FRINGE,3,GREEN,GREEN,SHORT_GAME,1.1,6.8,False,4,0,True,False,False,True
정윤지,9820,3,4,5,2,1,FAIRWAY,FAIRWAY,2,ROUGH,ROUGH,ADVANCE_LAYUP,90.4,294.8,False,5,0,True,False,False,True
정윤지,9820,3,4,5,3,2,ROUGH,ROUGH,12,FRINGE,FRINGE,RECOVERY,6.5,90.4,False,5,0,True,False,False,True
정윤지,9820,3,4,5,4,12,FRINGE,FRINGE,3,GREEN,GREEN,SHORT_GAME,2.3,6.5,False,5,0,True,False,False,True
정윤지,9820,3,5,3,2,9,GREENSIDE_BUNKER,GREENSIDE_BUNKER,3,GREEN,GREEN,RECOVERY,3.3,11.4,False,4,1,False,True,False,
정윤지,9820,3,6,4,2,1,FAIRWAY,FAIRWAY,3,GREEN,GREEN,NORMAL_APPROACH,5.9,171.9,True,3,-1,True,False,False,True
정윤지,9820,3,7,5,2,2,ROUGH,ROUGH,1,FAIRWAY,FAIRWAY,RECOVERY,103.0,288.6,True,5,0,True,False,False,False
정윤지,9820,3,7,5,3,1,FAIRWAY,FAIRWAY,3,GREEN,GREEN,NORMAL_APPROACH,3.7,103.0,True,5,0,True,False,False,False
정윤지,9820,3,8,4,2,1,FAIRWAY,FAIRWAY,3,GREEN,GREEN,NORMAL_APPROACH,0.7,111.7,True,3,-1,True,False,False,True
정윤지,9820,3,9,4,2,1,FAIRWAY,FAIRWAY,3,GREEN,GREEN,NORMAL_APPROACH,8.1,93.3,True,4,0,True,False,False,True
정윤지,9820,3,10,5,2,1,FAIRWAY,FAIRWAY,1,FAIRWAY,FAIRWAY,ADVANCE_LAYUP,175.0,318.3,True,4,-1,True,False,False,True
정윤지,9820,3,10,5,3,1,FAIRWAY,FAIRWAY,3,GREEN,GREEN,NORMAL_APPROACH,3.0,175.0,True,4,-1,True,False,False,True
정윤지,9820,3,12,4,2,1,FAIRWAY,FAIRWAY,3,GREEN,GREEN,NORMAL_APPROACH,1.7,136.6,True,4,0,True,False,False,True
정윤지,9820,3,13,4,2,1,FAIRWAY,FAIRWAY,12,FRINGE,FRINGE,NORMAL_APPROACH,6.9,128.8,False,4,0,True,False,False,True
정윤지,9820,3,13,4,3,12,FRINGE,FRINGE,3,GREEN,GREEN,SHORT_GAME,0.4,6.9,False,4,0,True,False,False,True
정윤지,9820,3,14,4,2,2,ROUGH,ROUGH,3,GREEN,GREEN,RECOVERY,4.3,141.5,True,4,0,True,False,False,False
정윤지,9820,3,15,4,2,1,FAIRWAY,FAIRWAY,12,FRINGE,FRINGE,NORMAL_APPROACH,15.7,176.8,False,4,0,True,False,False,True
정윤지,9820,3,15,4,3,12,FRINGE,FRINGE,3,GREEN,GREEN,SHORT_GAME,0.4,15.7,False,4,0,True,False,False,True
정윤지,9820,3,17,4,2,1,FAIRWAY,FAIRWAY,12,FRINGE,FRINGE,NORMAL_APPROACH,11.3,129.9,False,4,0,True,False,False,True
정윤지,9820,3,17,4,3,12,FRINGE,FRINGE,3,GREEN,GREEN,SHORT_GAME,1.4,11.3,False,4,0,True,False,False,True
정윤지,9820,3,18,5,2,2,ROUGH,ROUGH,1,FAIRWAY,FAIRWAY,RECOVERY,101.4,274.5,True,5,0,True,False,False,False
정윤지,9820,3,18,5,3,1,FAIRWAY,FAIRWAY,3,GREEN,GREEN,NORMAL_APPROACH,6.7,101.4,True,5,0,True,False,False,False
정윤지,9820,4,1,4,2,2,ROUGH,ROUGH,2,ROUGH,ROUGH,RECOVERY,34.4,181.0,False,4,0,True,False,False,False
정윤지,9820,4,1,4,3,2,ROUGH,ROUGH,3,GREEN,GREEN,RECOVERY,3.4,34.4,False,4,0,True,False,False,False
정윤지,9820,4,2,3,2,12,FRINGE,FRINGE,3,GREEN,GREEN,SHORT_GAME,1.2,20.9,False,3,0,True,False,False,
정윤지,9820,4,3,4,2,1,FAIRWAY,FAIRWAY,3,GREEN,GREEN,NORMAL_APPROACH,24.1,185.5,True,5,1,False,True,False,True
정윤지,9820,4,4,5,2,1,FAIRWAY,FAIRWAY,1,FAIRWAY,FAIRWAY,ADVANCE_LAYUP,93.3,280.3,True,5,0,True,False,False,True
정윤지,9820,4,4,5,3,1,FAIRWAY,FAIRWAY,3,GREEN,GREEN,NORMAL_APPROACH,5.6,93.3,True,5,0,True,False,False,True
정윤지,9820,4,6,4,2,2,ROUGH,ROUGH,9,GREENSIDE_BUNKER,GREENSIDE_BUNKER,RECOVERY,15.1,136.6,False,4,0,True,False,False,False
정윤지,9820,4,6,4,3,9,GREENSIDE_BUNKER,GREENSIDE_BUNKER,3,GREEN,GREEN,RECOVERY,6.5,15.1,False,4,0,True,False,False,False
정윤지,9820,4,7,5,2,1,FAIRWAY,FAIRWAY,1,FAIRWAY,FAIRWAY,ADVANCE_LAYUP,106.5,296.0,True,5,0,True,False,False,True
정윤지,9820,4,7,5,3,1,FAIRWAY,FAIRWAY,3,GREEN,GREEN,NORMAL_APPROACH,5.6,106.5,True,5,0,True,False,False,True
정윤지,9820,4,8,4,2,2,ROUGH,ROUGH,3,GREEN,GREEN,RECOVERY,5.0,126.6,True,4,0,True,False,False,False
정윤지,9820,4,9,4,2,1,FAIRWAY,FAIRWAY,3,GREEN,GREEN,NORMAL_APPROACH,11.7,102.2,True,4,0,True,False,False,True
정윤지,9820,4,10,5,2,2,ROUGH,ROUGH,2,ROUGH,ROUGH,RECOVERY,127.4,299.8,False,6,1,False,True,False,False
정윤지,9820,4,10,5,3,2,ROUGH,ROUGH,2,ROUGH,ROUGH,RECOVERY,8.8,127.4,False,6,1,False,True,False,False
정윤지,9820,4,10,5,4,2,ROUGH,ROUGH,3,GREEN,GREEN,RECOVERY,2.8,8.8,False,6,1,False,True,False,False
정윤지,9820,4,12,4,2,1,FAIRWAY,FAIRWAY,12,FRINGE,FRINGE,NORMAL_APPROACH,10.9,138.3,False,4,0,True,False,False,True
정윤지,9820,4,12,4,3,12,FRINGE,FRINGE,3,GREEN,GREEN,SHORT_GAME,2.0,10.9,False,4,0,True,False,False,True
정윤지,9820,4,13,4,2,1,FAIRWAY,FAIRWAY,3,GREEN,GREEN,NORMAL_APPROACH,4.3,121.0,True,4,0,True,False,False,True
정윤지,9820,4,14,4,2,2,ROUGH,ROUGH,1,FAIRWAY,FAIRWAY,RECOVERY,38.9,141.3,False,5,1,False,True,False,False
정윤지,9820,4,14,4,3,1,FAIRWAY,FAIRWAY,12,FRINGE,FRINGE,NORMAL_APPROACH,12.0,38.9,False,5,1,False,True,False,False
정윤지,9820,4,14,4,4,12,FRINGE,FRINGE,3,GREEN,GREEN,SHORT_GAME,0.5,12.0,False,5,1,False,True,False,False
정윤지,9820,4,15,4,2,1,FAIRWAY,FAIRWAY,3,GREEN,GREEN,NORMAL_APPROACH,13.6,179.8,True,5,1,False,True,False,True
정윤지,9820,4,17,4,2,1,FAIRWAY,FAIRWAY,3,GREEN,GREEN,NORMAL_APPROACH,2.1,121.2,True,4,0,True,False,False,True
정윤지,9820,4,18,5,2,2,ROUGH,ROUGH,1,FAIRWAY,FAIRWAY,RECOVERY,116.0,275.8,False,5,0,True,False,False,False
정윤지,9820,4,18,5,3,1,FAIRWAY,FAIRWAY,12,FRINGE,FRINGE,NORMAL_APPROACH,21.0,116.0,False,5,0,True,False,False,False
정윤지,9820,4,18,5,4,12,FRINGE,FRINGE,3,GREEN,GREEN,SHORT_GAME,3.0,21.0,False,5,0,True,False,False,False
황유나,9937,1,1,4,2,1,FAIRWAY,FAIRWAY,3,GREEN,GREEN,NORMAL_APPROACH,13.5,191.6,True,5,1,False,True,False,True
황유나,9937,1,3,4,2,1,FAIRWAY,FAIRWAY,2,ROUGH,ROUGH,OTHER_UNRESOLVED,11.7,192.1,False,5,1,False,True,False,True
황유나,9937,1,3,4,3,2,ROUGH,ROUGH,3,GREEN,GREEN,RECOVERY,13.4,11.7,False,5,1,False,True,False,True
황유나,9937,1,4,5,2,1,FAIRWAY,FAIRWAY,1,FAIRWAY,FAIRWAY,ADVANCE_LAYUP,117.3,303.1,True,5,0,True,False,False,True
황유나,9937,1,4,5,3,1,FAIRWAY,FAIRWAY,3,GREEN,GREEN,NORMAL_APPROACH,1.4,117.3,True,5,0,True,False,False,True
황유나,9937,1,6,4,2,1,FAIRWAY,FAIRWAY,9,GREENSIDE_BUNKER,GREENSIDE_BUNKER,OTHER_UNRESOLVED,27.8,177.6,False,4,0,True,False,False,True
황유나,9937,1,6,4,3,9,GREENSIDE_BUNKER,GREENSIDE_BUNKER,3,GREEN,GREEN,RECOVERY,2.4,27.8,False,4,0,True,False,False,True
황유나,9937,1,7,5,2,1,FAIRWAY,FAIRWAY,1,FAIRWAY,FAIRWAY,ADVANCE_LAYUP,84.1,289.6,False,5,0,True,False,False,True
황유나,9937,1,7,5,3,1,FAIRWAY,FAIRWAY,2,ROUGH,ROUGH,ADVANCE_LAYUP,9.5,84.1,False,5,0,True,False,False,True
황유나,9937,1,7,5,4,2,ROUGH,ROUGH,3,GREEN,GREEN,RECOVERY,0.3,9.5,False,5,0,True,False,False,True
황유나,9937,1,8,4,2,1,FAIRWAY,FAIRWAY,3,GREEN,GREEN,NORMAL_APPROACH,8.7,162.4,True,5,1,False,True,False,True
황유나,9937,1,9,4,2,2,ROUGH,ROUGH,2,ROUGH,ROUGH,RECOVERY,21.3,138.3,False,5,1,False,True,False,False
황유나,9937,1,9,4,3,2,ROUGH,ROUGH,3,GREEN,GREEN,RECOVERY,2.9,21.3,False,5,1,False,True,False,False
황유나,9937,1,10,5,2,1,FAIRWAY,FAIRWAY,1,FAIRWAY,FAIRWAY,ADVANCE_LAYUP,147.0,326.2,False,6,1,False,True,False,True
황유나,9937,1,10,5,3,1,FAIRWAY,FAIRWAY,9,GREENSIDE_BUNKER,GREENSIDE_BUNKER,ADVANCE_LAYUP,13.6,147.0,False,6,1,False,True,False,True
황유나,9937,1,10,5,4,9,GREENSIDE_BUNKER,GREENSIDE_BUNKER,3,GREEN,GREEN,RECOVERY,2.1,13.6,False,6,1,False,True,False,True
황유나,9937,1,12,4,2,6,BUNKER,BUNKER,1,FAIRWAY,FAIRWAY,RECOVERY,71.2,171.8,False,5,1,False,True,False,False
황유나,9937,1,12,4,3,1,FAIRWAY,FAIRWAY,3,GREEN,GREEN,NORMAL_APPROACH,1.4,71.2,False,5,1,False,True,False,False
황유나,9937,1,13,4,2,2,ROUGH,ROUGH,12,FRINGE,FRINGE,RECOVERY,23.3,142.1,False,5,1,False,True,False,False
황유나,9937,1,13,4,3,12,FRINGE,FRINGE,3,GREEN,GREEN,SHORT_GAME,3.7,23.3,False,5,1,False,True,False,False
황유나,9937,1,14,4,2,1,FAIRWAY,FAIRWAY,3,GREEN,GREEN,NORMAL_APPROACH,9.7,142.5,True,5,1,False,True,False,True
황유나,9937,1,15,4,2,2,ROUGH,ROUGH,2,ROUGH,ROUGH,RECOVERY,33.8,189.2,False,4,0,True,False,False,False
황유나,9937,1,15,4,3,2,ROUGH,ROUGH,3,GREEN,GREEN,RECOVERY,1.9,33.8,False,4,0,True,False,False,False
황유나,9937,1,17,4,2,2,ROUGH,ROUGH,2,ROUGH,ROUGH,RECOVERY,20.6,147.9,False,4,0,True,False,False,False
황유나,9937,1,17,4,3,2,ROUGH,ROUGH,3,GREEN,GREEN,RECOVERY,1.1,20.6,False,4,0,True,False,False,False
황유나,9937,1,18,5,2,1,FAIRWAY,FAIRWAY,1,FAIRWAY,FAIRWAY,ADVANCE_LAYUP,95.5,289.4,True,4,-1,True,False,False,True
황유나,9937,1,18,5,3,1,FAIRWAY,FAIRWAY,3,GREEN,GREEN,NORMAL_APPROACH,4.0,95.5,True,4,-1,True,False,False,True
황유나,9937,2,1,4,2,1,FAIRWAY,FAIRWAY,3,GREEN,GREEN,NORMAL_APPROACH,15.1,162.4,True,4,0,True,False,False,True
황유나,9937,2,3,4,2,1,FAIRWAY,FAIRWAY,9,GREENSIDE_BUNKER,GREENSIDE_BUNKER,OTHER_UNRESOLVED,13.0,186.9,False,5,1,False,True,False,True
황유나,9937,2,3,4,3,9,GREENSIDE_BUNKER,GREENSIDE_BUNKER,3,GREEN,GREEN,RECOVERY,4.6,13.0,False,5,1,False,True,False,True
황유나,9937,2,4,5,2,1,FAIRWAY,FAIRWAY,1,FAIRWAY,FAIRWAY,ADVANCE_LAYUP,104.8,304.1,True,5,0,True,False,False,True
황유나,9937,2,4,5,3,1,FAIRWAY,FAIRWAY,3,GREEN,GREEN,NORMAL_APPROACH,8.0,104.8,True,5,0,True,False,False,True
황유나,9937,2,6,4,2,2,ROUGH,ROUGH,2,ROUGH,ROUGH,RECOVERY,139.4,166.4,False,5,1,False,True,False,False
황유나,9937,2,6,4,3,2,ROUGH,ROUGH,9,GREENSIDE_BUNKER,GREENSIDE_BUNKER,RECOVERY,14.5,139.4,False,5,1,False,True,False,False
황유나,9937,2,6,4,4,9,GREENSIDE_BUNKER,GREENSIDE_BUNKER,3,GREEN,GREEN,RECOVERY,2.8,14.5,False,5,1,False,True,False,False
황유나,9937,2,7,5,2,2,ROUGH,ROUGH,1,FAIRWAY,FAIRWAY,RECOVERY,126.0,300.9,True,5,0,True,False,False,False
황유나,9937,2,7,5,3,1,FAIRWAY,FAIRWAY,3,GREEN,GREEN,NORMAL_APPROACH,11.7,126.0,True,5,0,True,False,False,False
황유나,9937,2,8,4,2,2,ROUGH,ROUGH,2,ROUGH,ROUGH,RECOVERY,125.4,153.1,False,5,1,False,True,False,False
황유나,9937,2,8,4,3,2,ROUGH,ROUGH,2,ROUGH,ROUGH,RECOVERY,12.0,125.4,False,5,1,False,True,False,False
황유나,9937,2,8,4,4,2,ROUGH,ROUGH,3,GREEN,GREEN,RECOVERY,1.1,12.0,False,5,1,False,True,False,False
황유나,9937,2,9,4,2,1,FAIRWAY,FAIRWAY,3,GREEN,GREEN,NORMAL_APPROACH,6.9,143.5,True,4,0,True,False,False,True
황유나,9937,2,10,5,2,1,FAIRWAY,FAIRWAY,2,ROUGH,ROUGH,ADVANCE_LAYUP,137.9,336.5,True,5,0,True,False,False,True
황유나,9937,2,10,5,3,2,ROUGH,ROUGH,3,GREEN,GREEN,RECOVERY,2.8,137.9,True,5,0,True,False,False,True
황유나,9937,2,12,4,2,2,ROUGH,ROUGH,3,GREEN,GREEN,RECOVERY,14.2,170.3,True,4,0,True,False,False,False
황유나,9937,2,13,4,2,1,FAIRWAY,FAIRWAY,12,FRINGE,FRINGE,NORMAL_APPROACH,14.0,127.3,False,4,0,True,False,False,True
황유나,9937,2,13,4,3,12,FRINGE,FRINGE,3,GREEN,GREEN,SHORT_GAME,1.5,14.0,False,4,0,True,False,False,True
황유나,9937,2,14,4,2,1,FAIRWAY,FAIRWAY,3,GREEN,GREEN,NORMAL_APPROACH,28.1,170.0,True,4,0,True,False,False,True
황유나,9937,2,15,4,2,2,ROUGH,ROUGH,2,ROUGH,ROUGH,RECOVERY,21.3,169.6,False,4,0,True,False,False,False
황유나,9937,2,15,4,3,2,ROUGH,ROUGH,3,GREEN,GREEN,RECOVERY,0.5,21.3,False,4,0,True,False,False,False
황유나,9937,2,16,3,2,2,ROUGH,ROUGH,3,GREEN,GREEN,RECOVERY,2.6,9.3,False,3,0,True,False,False,
황유나,9937,2,17,4,2,2,ROUGH,ROUGH,2,ROUGH,ROUGH,RECOVERY,25.8,158.8,False,4,0,True,False,False,False
황유나,9937,2,17,4,3,2,ROUGH,ROUGH,3,GREEN,GREEN,RECOVERY,1.9,25.8,False,4,0,True,False,False,False
황유나,9937,2,18,5,2,2,ROUGH,ROUGH,1,FAIRWAY,FAIRWAY,RECOVERY,100.2,287.3,True,5,0,True,False,False,False
황유나,9937,2,18,5,3,1,FAIRWAY,FAIRWAY,3,GREEN,GREEN,NORMAL_APPROACH,7.0,100.2,True,5,0,True,False,False,False
윤수아,9990,1,1,4,2,2,ROUGH,ROUGH,9,GREENSIDE_BUNKER,GREENSIDE_BUNKER,RECOVERY,25.0,183.4,False,4,0,True,False,False,False
윤수아,9990,1,1,4,3,9,GREENSIDE_BUNKER,GREENSIDE_BUNKER,3,GREEN,GREEN,RECOVERY,6.4,25.0,False,4,0,True,False,False,False
윤수아,9990,1,3,4,2,1,FAIRWAY,FAIRWAY,3,GREEN,GREEN,NORMAL_APPROACH,6.8,188.7,True,4,0,True,False,False,True
윤수아,9990,1,4,5,2,1,FAIRWAY,FAIRWAY,1,FAIRWAY,FAIRWAY,ADVANCE_LAYUP,136.6,302.2,True,5,0,True,False,False,True
윤수아,9990,1,4,5,3,1,FAIRWAY,FAIRWAY,3,GREEN,GREEN,NORMAL_APPROACH,14.0,136.6,True,5,0,True,False,False,True
윤수아,9990,1,5,3,2,12,FRINGE,FRINGE,3,GREEN,GREEN,SHORT_GAME,0.4,7.1,False,3,0,True,False,False,
윤수아,9990,1,6,4,2,1,FAIRWAY,FAIRWAY,3,GREEN,GREEN,NORMAL_APPROACH,4.1,168.1,True,3,-1,True,False,False,True
윤수아,9990,1,7,5,2,1,FAIRWAY,FAIRWAY,2,ROUGH,ROUGH,ADVANCE_LAYUP,78.7,292.2,True,5,0,True,False,False,True
윤수아,9990,1,7,5,3,2,ROUGH,ROUGH,3,GREEN,GREEN,RECOVERY,6.6,78.7,True,5,0,True,False,False,True
윤수아,9990,1,8,4,2,2,ROUGH,ROUGH,2,ROUGH,ROUGH,RECOVERY,30.1,140.8,False,5,1,False,True,False,False
윤수아,9990,1,8,4,3,2,ROUGH,ROUGH,2,ROUGH,ROUGH,RECOVERY,12.3,30.1,False,5,1,False,True,False,False
윤수아,9990,1,8,4,4,2,ROUGH,ROUGH,3,GREEN,GREEN,RECOVERY,2.4,12.3,False,5,1,False,True,False,False
윤수아,9990,1,9,4,2,1,FAIRWAY,FAIRWAY,3,GREEN,GREEN,NORMAL_APPROACH,6.8,129.8,True,4,0,True,False,False,True
윤수아,9990,1,10,5,2,1,FAIRWAY,FAIRWAY,1,FAIRWAY,FAIRWAY,ADVANCE_LAYUP,97.3,298.9,False,5,0,True,False,False,True
윤수아,9990,1,10,5,3,1,FAIRWAY,FAIRWAY,12,FRINGE,FRINGE,NORMAL_APPROACH,8.0,97.3,False,5,0,True,False,False,True
윤수아,9990,1,10,5,4,12,FRINGE,FRINGE,3,GREEN,GREEN,SHORT_GAME,0.5,8.0,False,5,0,True,False,False,True
윤수아,9990,1,12,4,2,1,FAIRWAY,FAIRWAY,3,GREEN,GREEN,NORMAL_APPROACH,9.6,154.3,True,4,0,True,False,False,True
윤수아,9990,1,13,4,2,1,FAIRWAY,FAIRWAY,3,GREEN,GREEN,NORMAL_APPROACH,9.6,117.5,True,3,-1,True,False,False,True
윤수아,9990,1,14,4,2,2,ROUGH,ROUGH,3,GREEN,GREEN,RECOVERY,12.6,134.9,True,3,-1,True,False,False,False
윤수아,9990,1,15,4,2,2,ROUGH,ROUGH,3,GREEN,GREEN,RECOVERY,25.3,153.2,True,4,0,True,False,False,False
윤수아,9990,1,17,4,2,2,ROUGH,ROUGH,3,GREEN,GREEN,RECOVERY,23.7,135.3,True,5,1,False,True,False,False
윤수아,9990,1,18,5,2,2,ROUGH,ROUGH,2,ROUGH,ROUGH,RECOVERY,194.6,301.0,True,4,-1,True,False,False,False
윤수아,9990,1,18,5,3,2,ROUGH,ROUGH,3,GREEN,GREEN,RECOVERY,9.7,194.6,True,4,-1,True,False,False,False
윤수아,9990,2,1,4,2,1,FAIRWAY,FAIRWAY,2,ROUGH,ROUGH,OTHER_UNRESOLVED,22.5,161.0,False,4,0,True,False,False,True
윤수아,9990,2,1,4,3,2,ROUGH,ROUGH,3,GREEN,GREEN,RECOVERY,1.5,22.5,False,4,0,True,False,False,True
윤수아,9990,2,2,3,2,5,PENALTY_AREA,PENALTY_AREA,8,PENALTY_STROKE,LOST_BALL_PENALTY_RESTART,PENALTY_RESTART,65.6,0.0,False,5,2,False,True,True,
윤수아,9990,2,2,3,3,8,PENALTY_STROKE,LOST_BALL_PENALTY_RESTART,3,GREEN,GREEN,PENALTY_RESTART,13.9,65.6,False,5,2,False,True,True,
윤수아,9990,2,3,4,2,1,FAIRWAY,FAIRWAY,3,GREEN,GREEN,NORMAL_APPROACH,9.9,189.0,True,4,0,True,False,False,True
윤수아,9990,2,4,5,2,2,ROUGH,ROUGH,1,FAIRWAY,FAIRWAY,RECOVERY,163.8,313.7,True,5,0,True,False,False,False
윤수아,9990,2,4,5,3,1,FAIRWAY,FAIRWAY,3,GREEN,GREEN,NORMAL_APPROACH,15.6,163.8,True,5,0,True,False,False,False
윤수아,9990,2,5,3,2,12,FRINGE,FRINGE,3,GREEN,GREEN,SHORT_GAME,1.9,16.6,False,4,1,False,True,False,
윤수아,9990,2,6,4,2,2,ROUGH,ROUGH,2,ROUGH,ROUGH,RECOVERY,8.8,157.0,False,4,0,True,False,False,False
윤수아,9990,2,6,4,3,2,ROUGH,ROUGH,3,GREEN,GREEN,RECOVERY,1.9,8.8,False,4,0,True,False,False,False
윤수아,9990,2,7,5,2,1,FAIRWAY,FAIRWAY,1,FAIRWAY,FAIRWAY,ADVANCE_LAYUP,93.9,309.3,True,5,0,True,False,False,True
윤수아,9990,2,7,5,3,1,FAIRWAY,FAIRWAY,3,GREEN,GREEN,NORMAL_APPROACH,3.5,93.9,True,5,0,True,False,False,True
윤수아,9990,2,8,4,2,1,FAIRWAY,FAIRWAY,3,GREEN,GREEN,NORMAL_APPROACH,9.4,127.8,True,4,0,True,False,False,True
윤수아,9990,2,9,4,2,1,FAIRWAY,FAIRWAY,3,GREEN,GREEN,NORMAL_APPROACH,3.1,137.1,True,4,0,True,False,False,True
윤수아,9990,2,10,5,2,1,FAIRWAY,FAIRWAY,1,FAIRWAY,FAIRWAY,ADVANCE_LAYUP,126.5,317.9,False,4,-1,True,False,False,True
윤수아,9990,2,10,5,3,1,FAIRWAY,FAIRWAY,12,FRINGE,FRINGE,NORMAL_APPROACH,13.2,126.5,False,4,-1,True,False,False,True
윤수아,9990,2,10,5,4,12,FRINGE,FRINGE,10,HOLED,HOLED,SHORT_GAME,0.0,13.2,False,4,-1,True,False,False,True
윤수아,9990,2,12,4,2,2,ROUGH,ROUGH,3,GREEN,GREEN,RECOVERY,4.4,164.4,True,4,0,True,False,False,False
윤수아,9990,2,13,4,2,2,ROUGH,ROUGH,2,ROUGH,ROUGH,RECOVERY,22.2,103.5,False,5,1,False,True,False,False
윤수아,9990,2,13,4,3,2,ROUGH,ROUGH,12,FRINGE,FRINGE,RECOVERY,5.8,22.2,False,5,1,False,True,False,False
윤수아,9990,2,13,4,4,12,FRINGE,FRINGE,3,GREEN,GREEN,SHORT_GAME,0.5,5.8,False,5,1,False,True,False,False
윤수아,9990,2,14,4,2,1,FAIRWAY,FAIRWAY,3,GREEN,GREEN,NORMAL_APPROACH,9.2,154.8,True,4,0,True,False,False,True
윤수아,9990,2,15,4,2,1,FAIRWAY,FAIRWAY,2,ROUGH,ROUGH,OTHER_UNRESOLVED,9.7,147.4,False,4,0,True,False,False,True
윤수아,9990,2,15,4,3,2,ROUGH,ROUGH,3,GREEN,GREEN,RECOVERY,0.3,9.7,False,4,0,True,False,False,True
윤수아,9990,2,17,4,2,1,FAIRWAY,FAIRWAY,3,GREEN,GREEN,NORMAL_APPROACH,1.3,135.6,True,3,-1,True,False,False,True
윤수아,9990,2,18,5,2,1,FAIRWAY,FAIRWAY,1,FAIRWAY,FAIRWAY,ADVANCE_LAYUP,80.5,276.5,True,5,0,True,False,False,True
윤수아,9990,2,18,5,3,1,FAIRWAY,FAIRWAY,3,GREEN,GREEN,NORMAL_APPROACH,5.9,80.5,True,5,0,True,False,False,True
윤수아,9990,3,1,4,2,1,FAIRWAY,FAIRWAY,2,ROUGH,ROUGH,OTHER_UNRESOLVED,22.5,175.1,False,5,1,False,True,False,True
윤수아,9990,3,1,4,3,2,ROUGH,ROUGH,3,GREEN,GREEN,RECOVERY,3.8,22.5,False,5,1,False,True,False,True
윤수아,9990,3,3,4,2,1,FAIRWAY,FAIRWAY,3,GREEN,GREEN,NORMAL_APPROACH,11.0,207.2,True,4,0,True,False,False,True
윤수아,9990,3,4,5,2,1,FAIRWAY,FAIRWAY,1,FAIRWAY,FAIRWAY,ADVANCE_LAYUP,114.8,301.3,False,5,0,True,False,False,True
윤수아,9990,3,4,5,3,1,FAIRWAY,FAIRWAY,2,ROUGH,ROUGH,ADVANCE_LAYUP,6.1,114.8,False,5,0,True,False,False,True
윤수아,9990,3,4,5,4,2,ROUGH,ROUGH,3,GREEN,GREEN,RECOVERY,0.8,6.1,False,5,0,True,False,False,True
윤수아,9990,3,6,4,2,1,FAIRWAY,FAIRWAY,3,GREEN,GREEN,NORMAL_APPROACH,14.5,175.7,True,4,0,True,False,False,True
윤수아,9990,3,7,5,2,1,FAIRWAY,FAIRWAY,1,FAIRWAY,FAIRWAY,ADVANCE_LAYUP,98.7,309.5,True,5,0,True,False,False,True
윤수아,9990,3,7,5,3,1,FAIRWAY,FAIRWAY,3,GREEN,GREEN,NORMAL_APPROACH,4.8,98.7,True,5,0,True,False,False,True
윤수아,9990,3,8,4,2,1,FAIRWAY,FAIRWAY,2,ROUGH,ROUGH,OTHER_UNRESOLVED,19.5,148.5,False,4,0,True,False,False,True
윤수아,9990,3,8,4,3,2,ROUGH,ROUGH,3,GREEN,GREEN,RECOVERY,2.2,19.5,False,4,0,True,False,False,True
윤수아,9990,3,9,4,2,2,ROUGH,ROUGH,3,GREEN,GREEN,RECOVERY,26.8,126.3,True,5,1,False,True,False,False
윤수아,9990,3,10,5,2,1,FAIRWAY,FAIRWAY,1,FAIRWAY,FAIRWAY,ADVANCE_LAYUP,114.1,308.5,False,5,0,True,False,False,True
윤수아,9990,3,10,5,3,1,FAIRWAY,FAIRWAY,12,FRINGE,FRINGE,NORMAL_APPROACH,14.6,114.1,False,5,0,True,False,False,True
윤수아,9990,3,10,5,4,12,FRINGE,FRINGE,3,GREEN,GREEN,SHORT_GAME,0.5,14.6,False,5,0,True,False,False,True
윤수아,9990,3,12,4,2,2,ROUGH,ROUGH,3,GREEN,GREEN,RECOVERY,3.5,165.0,True,4,0,True,False,False,False
윤수아,9990,3,13,4,2,1,FAIRWAY,FAIRWAY,3,GREEN,GREEN,NORMAL_APPROACH,11.1,143.6,True,3,-1,True,False,False,True
윤수아,9990,3,14,4,2,1,FAIRWAY,FAIRWAY,2,ROUGH,ROUGH,OTHER_UNRESOLVED,22.8,144.8,False,5,1,False,True,False,True
윤수아,9990,3,14,4,3,2,ROUGH,ROUGH,3,GREEN,GREEN,RECOVERY,1.3,22.8,False,5,1,False,True,False,True
윤수아,9990,3,15,4,2,1,FAIRWAY,FAIRWAY,2,ROUGH,ROUGH,OTHER_UNRESOLVED,12.6,176.5,False,4,0,True,False,False,True
윤수아,9990,3,15,4,3,2,ROUGH,ROUGH,3,GREEN,GREEN,RECOVERY,1.1,12.6,False,4,0,True,False,False,True
윤수아,9990,3,17,4,2,2,ROUGH,ROUGH,3,GREEN,GREEN,RECOVERY,15.3,134.3,True,4,0,True,False,False,False
윤수아,9990,3,18,5,2,2,ROUGH,ROUGH,1,FAIRWAY,FAIRWAY,RECOVERY,122.8,294.6,True,6,1,False,True,False,False
윤수아,9990,3,18,5,3,1,FAIRWAY,FAIRWAY,3,GREEN,GREEN,NORMAL_APPROACH,5.7,122.8,True,6,1,False,True,False,False
윤수아,9990,4,1,4,2,1,FAIRWAY,FAIRWAY,3,GREEN,GREEN,NORMAL_APPROACH,9.4,171.0,True,4,0,True,False,False,True
윤수아,9990,4,3,4,2,1,FAIRWAY,FAIRWAY,3,GREEN,GREEN,NORMAL_APPROACH,10.1,192.5,True,4,0,True,False,False,True
윤수아,9990,4,4,5,2,1,FAIRWAY,FAIRWAY,1,FAIRWAY,FAIRWAY,ADVANCE_LAYUP,109.2,299.8,True,6,1,False,True,False,True
윤수아,9990,4,4,5,3,1,FAIRWAY,FAIRWAY,3,GREEN,GREEN,NORMAL_APPROACH,14.9,109.2,True,6,1,False,True,False,True
윤수아,9990,4,6,4,2,1,FAIRWAY,FAIRWAY,3,GREEN,GREEN,NORMAL_APPROACH,3.7,144.1,True,3,-1,True,False,False,True
윤수아,9990,4,7,5,2,6,BUNKER,BUNKER,1,FAIRWAY,FAIRWAY,RECOVERY,181.7,291.7,False,5,0,True,False,False,False
윤수아,9990,4,7,5,3,1,FAIRWAY,FAIRWAY,12,FRINGE,FRINGE,NORMAL_APPROACH,8.2,181.7,False,5,0,True,False,False,False
윤수아,9990,4,7,5,4,12,FRINGE,FRINGE,3,GREEN,GREEN,SHORT_GAME,1.1,8.2,False,5,0,True,False,False,False
윤수아,9990,4,8,4,2,1,FAIRWAY,FAIRWAY,2,ROUGH,ROUGH,OTHER_UNRESOLVED,12.9,133.8,False,4,0,True,False,False,True
윤수아,9990,4,8,4,3,2,ROUGH,ROUGH,3,GREEN,GREEN,RECOVERY,3.6,12.9,False,4,0,True,False,False,True
윤수아,9990,4,9,4,2,2,ROUGH,ROUGH,12,FRINGE,FRINGE,RECOVERY,11.0,118.3,False,4,0,True,False,False,False
윤수아,9990,4,9,4,3,12,FRINGE,FRINGE,3,GREEN,GREEN,SHORT_GAME,1.3,11.0,False,4,0,True,False,False,False
윤수아,9990,4,10,5,2,1,FAIRWAY,FAIRWAY,2,ROUGH,ROUGH,ADVANCE_LAYUP,118.5,303.7,True,5,0,True,False,False,True
윤수아,9990,4,10,5,3,2,ROUGH,ROUGH,3,GREEN,GREEN,RECOVERY,8.3,118.5,True,5,0,True,False,False,True
윤수아,9990,4,11,3,2,2,ROUGH,ROUGH,3,GREEN,GREEN,RECOVERY,5.9,10.8,False,5,2,False,True,True,
윤수아,9990,4,12,4,2,1,FAIRWAY,FAIRWAY,3,GREEN,GREEN,NORMAL_APPROACH,10.8,147.4,True,4,0,True,False,False,True
윤수아,9990,4,13,4,2,1,FAIRWAY,FAIRWAY,3,GREEN,GREEN,NORMAL_APPROACH,8.8,134.1,True,4,0,True,False,False,True
윤수아,9990,4,14,4,2,1,FAIRWAY,FAIRWAY,3,GREEN,GREEN,NORMAL_APPROACH,3.4,140.1,True,4,0,True,False,False,True
윤수아,9990,4,15,4,2,1,FAIRWAY,FAIRWAY,3,GREEN,GREEN,NORMAL_APPROACH,19.9,177.2,True,5,1,False,True,False,True
윤수아,9990,4,16,3,2,12,FRINGE,FRINGE,3,GREEN,GREEN,SHORT_GAME,1.5,27.7,False,3,0,True,False,False,
윤수아,9990,4,17,4,2,2,ROUGH,ROUGH,9,GREENSIDE_BUNKER,GREENSIDE_BUNKER,RECOVERY,21.0,124.7,False,5,1,False,True,False,False
윤수아,9990,4,17,4,3,9,GREENSIDE_BUNKER,GREENSIDE_BUNKER,3,GREEN,GREEN,RECOVERY,3.5,21.0,False,5,1,False,True,False,False
윤수아,9990,4,18,5,2,2,ROUGH,ROUGH,6,BUNKER,BUNKER,RECOVERY,246.1,292.9,False,6,1,False,True,False,False
윤수아,9990,4,18,5,3,6,BUNKER,BUNKER,1,FAIRWAY,FAIRWAY,RECOVERY,202.1,246.1,False,6,1,False,True,False,False
윤수아,9990,4,18,5,4,1,FAIRWAY,FAIRWAY,2,ROUGH,ROUGH,ADVANCE_LAYUP,10.5,202.1,False,6,1,False,True,False,False
윤수아,9990,4,18,5,5,2,ROUGH,ROUGH,3,GREEN,GREEN,RECOVERY,0.4,10.5,False,6,1,False,True,False,False
