player,player_code,final_rank,round,hole,par,pin_x,pin_y,tee_end_x,tee_end_y,tee_lie_name,tee_lie_bucket,remaining_distance_yd,remaining_distance_reliable,dist_band,next_shot_start_x,next_shot_start_y,next_shot_end_x,next_shot_end_y,next_lie_name,gir,gir_shot_number,approach_pin_distance_yd,recovery_required,penalty,lat_bucket,miss_severity_score,favorable_condition,unfavorable_condition,strokes,score_to_par,par_or_better,bogey_plus,double_plus
김민별,10002,40,1,6,4,84.0,83.0,77.0,85.0,ROUGH,ROUGH,167.9,True,MID,77.0,85.0,59.0,12.0,GREENSIDE_BUNKER,False,3,3.2,False,False,LAT1,3,True,False,4,0,True,False,False
김민별,10002,40,1,7,5,45.0,130.0,39.0,102.0,ROUGH,ROUGH,270.8,True,NEAR,39.0,102.0,61.0,41.0,FAIRWAY,True,3,3.2,False,False,LAT3,2,True,False,5,0,True,False,False
김민별,10002,40,1,9,4,84.0,97.0,39.0,61.0,ROUGH,ROUGH,141.0,True,FAR,39.0,61.0,82.0,20.0,GREEN,True,2,10.2,False,False,LAT3,4,False,True,4,0,True,False,False
김민별,10002,40,1,12,4,93.0,115.0,86.0,78.0,ROUGH,ROUGH,143.5,True,NEAR,86.0,78.0,67.0,27.0,FRINGE,False,3,0.5,False,False,LAT1,2,True,False,4,0,True,False,False
김민별,10002,40,1,14,4,70.0,117.0,98.0,67.0,ROUGH,ROUGH,135.7,True,MID,98.0,67.0,62.0,29.0,ROUGH,False,3,1.9,False,False,LAT1,3,True,False,4,0,True,False,False
김민별,10002,40,1,15,4,58.0,114.0,73.0,81.0,ROUGH,ROUGH,174.6,True,FAR,73.0,81.0,62.0,21.0,ROUGH,False,3,1.1,False,False,LAT1,4,False,True,4,0,True,False,False
김민별,10002,40,2,1,4,47.0,106.0,53.0,90.0,ROUGH,ROUGH,167.7,True,MID,53.0,90.0,74.0,24.0,GREENSIDE_BUNKER,False,3,1.7,False,False,LAT1,3,True,False,5,1,False,True,False
김민별,10002,40,2,12,4,63.0,80.0,93.0,81.0,ROUGH,ROUGH,177.0,True,FAR,93.0,81.0,54.0,12.0,ROUGH,False,3,1.5,False,False,LAT1,4,False,True,4,0,True,False,False
김민별,10002,40,2,14,4,39.0,83.0,74.0,84.0,ROUGH,ROUGH,157.0,True,FAR,74.0,84.0,64.0,27.0,ROUGH,False,3,3.8,False,False,LAT3,4,False,True,5,1,False,True,False
김민별,10002,40,2,17,4,87.0,87.0,45.0,83.0,ROUGH,ROUGH,149.7,True,FAR,45.0,83.0,61.0,9.0,FRINGE,False,3,2.3,False,False,LAT3,4,False,True,5,1,False,True,False
김민별,10002,40,2,18,5,39.0,110.0,57.0,107.0,ROUGH,ROUGH,282.3,True,MID,57.0,107.0,61.0,49.0,FAIRWAY,True,3,9.4,False,False,LAT3,3,True,False,5,0,True,False,False
김민별,10002,40,3,1,4,89.0,99.0,54.0,85.0,ROUGH,ROUGH,166.3,True,MID,54.0,85.0,85.0,14.0,GREEN,True,2,7.3,False,False,LAT1,3,True,False,4,0,True,False,False
김민별,10002,40,3,6,4,65.0,69.0,74.0,83.0,ROUGH,ROUGH,170.5,True,MID,74.0,83.0,69.0,19.0,GREEN,True,2,20.4,False,False,LAT1,3,True,False,4,0,True,False,False
김민별,10002,40,3,10,5,50.0,85.0,65.0,113.0,ROUGH,ROUGH,313.4,True,MID,65.0,113.0,59.0,55.0,FAIRWAY,False,4,0.5,False,False,LAT1,3,True,False,5,0,True,False,False
김민별,10002,40,3,14,4,68.0,108.0,95.0,89.0,ROUGH,ROUGH,172.3,True,FAR,95.0,89.0,60.0,27.0,FRINGE,False,3,2.6,False,False,LAT2,4,False,True,5,1,False,True,False
김민별,10002,40,3,15,4,56.0,79.0,71.0,77.0,ROUGH,ROUGH,176.8,True,FAR,71.0,77.0,60.0,13.0,ROUGH,False,3,5.0,False,False,LAT1,4,False,True,5,1,False,True,False
김민별,10002,40,3,17,4,44.0,104.0,60.0,75.0,BUNKER,BUNKER,121.0,True,NEAR,60.0,75.0,57.0,18.0,GREEN,True,2,3.0,True,False,LAT1,3,False,False,4,0,True,False,False
김민별,10002,40,4,1,4,45.0,80.0,55.0,86.0,ROUGH,ROUGH,168.0,True,MID,55.0,86.0,84.0,14.0,GREEN,True,2,16.0,False,False,LAT1,3,True,False,5,1,False,True,False
김민별,10002,40,4,8,4,38.0,108.0,34.0,87.0,ROUGH,ROUGH,161.2,True,FAR,34.0,87.0,62.0,21.0,FRINGE,False,,,False,False,LAT3,4,False,True,3,-1,True,False,False
손예빈,10022,49,1,8,4,96.0,89.0,63.0,72.0,ROUGH,ROUGH,128.0,True,NEAR,63.0,72.0,57.0,20.0,ROUGH,False,3,0.2,False,False,LAT1,2,True,False,4,0,True,False,False
손예빈,10022,49,1,9,4,84.0,97.0,56.0,65.0,ROUGH,ROUGH,123.9,True,MID,56.0,65.0,82.0,18.0,GREEN,True,2,8.6,False,False,LAT1,3,True,False,4,0,True,False,False
손예빈,10022,49,1,12,4,93.0,115.0,74.0,105.0,ROUGH,ROUGH,202.7,True,FAR,74.0,105.0,76.0,49.0,FAIRWAY,False,3,3.0,False,False,LAT3,4,False,True,5,1,False,True,False
손예빈,10022,49,1,13,4,84.0,92.0,71.0,63.0,BUNKER,BUNKER,93.4,True,NEAR,71.0,63.0,54.0,29.0,GREEN,True,2,21.0,True,False,LAT3,3,False,False,4,0,True,False,False
손예빈,10022,49,1,17,4,48.0,120.0,62.0,85.0,ROUGH,ROUGH,135.1,True,MID,62.0,85.0,60.0,32.0,ROUGH,False,3,0.9,False,False,LAT1,3,True,False,5,1,False,True,False
손예빈,10022,49,2,3,4,69.0,100.0,66.0,83.0,ROUGH,ROUGH,183.7,True,NEAR,66.0,83.0,60.0,10.0,GREEN,True,2,15.1,False,False,LAT1,2,True,False,4,0,True,False,False
손예빈,10022,49,2,4,5,36.0,93.0,79.0,117.0,ROUGH,ROUGH,316.4,True,FAR,79.0,117.0,76.0,62.0,FAIRWAY,True,3,14.0,False,False,LAT1,4,False,True,5,0,True,False,False
손예빈,10022,49,2,6,4,31.0,111.0,61.0,86.0,ROUGH,ROUGH,157.6,True,MID,61.0,86.0,57.0,28.0,ROUGH,False,3,1.1,False,False,LAT3,3,True,False,4,0,True,False,False
손예빈,10022,49,2,8,4,44.0,121.0,55.0,74.0,ROUGH,ROUGH,118.2,True,NEAR,55.0,74.0,59.0,11.0,ROUGH,False,3,0.5,False,False,LAT1,2,True,False,4,0,True,False,False
손예빈,10022,49,2,12,4,63.0,80.0,104.0,75.0,ROUGH,ROUGH,177.7,True,FAR,104.0,75.0,90.0,62.0,ROUGH,False,4,14.3,False,False,LAT1,4,False,True,5,1,False,True,False
손예빈,10022,49,2,14,4,39.0,83.0,95.0,79.0,ROUGH,ROUGH,170.2,True,FAR,95.0,79.0,45.0,24.0,ROUGH,False,3,2.1,False,False,LAT1,4,False,True,4,0,True,False,False
손예빈,10022,49,2,15,4,31.0,130.0,74.0,76.0,ROUGH,ROUGH,156.2,True,MID,74.0,76.0,58.0,17.0,ROUGH,False,,,False,False,LAT1,3,True,False,3,-1,True,False,False
손예빈,10022,49,2,18,5,39.0,110.0,57.0,100.0,ROUGH,ROUGH,263.8,True,NEAR,57.0,100.0,61.0,38.0,FAIRWAY,True,3,2.7,False,False,LAT3,2,True,False,4,-1,True,False,False
손예빈,10022,49,3,1,4,89.0,99.0,58.0,85.0,ROUGH,ROUGH,162.9,True,MID,58.0,85.0,68.0,51.0,FAIRWAY,False,3,6.3,False,False,LAT1,3,True,False,5,1,False,True,False
손예빈,10022,49,3,8,4,90.0,116.0,34.0,78.0,ROUGH,ROUGH,151.2,True,MID,34.0,78.0,64.0,7.0,FRINGE,False,3,2.5,False,False,LAT3,3,True,False,4,0,True,False,False
손예빈,10022,49,3,9,4,56.0,142.0,56.0,69.0,ROUGH,ROUGH,110.3,True,NEAR,56.0,69.0,80.0,20.0,GREEN,True,2,14.4,False,False,LAT1,2,True,False,4,0,True,False,False
손예빈,10022,49,3,10,5,50.0,85.0,66.0,112.0,ROUGH,ROUGH,308.9,True,NEAR,66.0,112.0,55.0,58.0,ROUGH,True,3,17.5,False,False,LAT1,2,True,False,6,1,False,True,False
손예빈,10022,49,3,12,4,83.0,114.0,91.0,89.0,ROUGH,ROUGH,175.2,True,FAR,91.0,89.0,69.0,38.0,ROUGH,False,4,0.5,False,False,LAT1,4,False,True,6,2,False,True,True
손예빈,10022,49,3,13,4,39.0,84.0,74.0,67.0,ROUGH,ROUGH,116.2,True,MID,74.0,67.0,54.0,21.0,GREEN,True,2,9.7,False,False,LAT3,3,True,False,4,0,True,False,False
손예빈,10022,49,3,15,4,56.0,79.0,74.0,82.0,ROUGH,ROUGH,190.9,True,FAR,74.0,82.0,63.0,26.0,ROUGH,False,3,10.4,False,False,LAT1,4,False,True,5,1,False,True,False
손예빈,10022,49,3,17,4,44.0,104.0,45.0,79.0,ROUGH,ROUGH,131.1,True,NEAR,45.0,79.0,58.0,10.0,GREEN,True,2,21.7,False,False,LAT3,2,True,False,5,1,False,True,False
손예빈,10022,49,3,18,5,74.0,113.0,55.0,108.0,ROUGH,ROUGH,288.0,True,FAR,55.0,108.0,64.0,51.0,ROUGH,False,4,1.2,False,False,LAT3,4,False,True,5,0,True,False,False
손예빈,10022,49,4,1,4,45.0,80.0,58.0,86.0,BUNKER,BUNKER,166.7,True,MID,58.0,86.0,62.0,54.0,FAIRWAY,False,3,5.6,True,False,LAT1,4,False,False,4,0,True,False,False
손예빈,10022,49,4,3,4,72.0,82.0,44.0,81.0,ROUGH,ROUGH,192.7,True,FAR,44.0,81.0,59.0,10.0,GREEN,True,2,14.0,False,False,LAT3,4,False,True,4,0,True,False,False
손예빈,10022,49,4,4,5,40.0,105.0,79.0,118.0,ROUGH,ROUGH,313.9,True,FAR,79.0,118.0,72.0,54.0,FAIRWAY,True,3,7.1,False,False,LAT1,4,False,True,5,0,True,False,False
손예빈,10022,49,4,6,4,73.0,113.0,60.0,77.0,ROUGH,ROUGH,134.7,True,NEAR,60.0,77.0,64.0,9.0,GREEN,True,2,23.2,False,False,LAT3,2,True,False,4,0,True,False,False
손예빈,10022,49,4,9,4,42.0,113.0,60.0,58.0,ROUGH,ROUGH,91.5,True,NEAR,60.0,58.0,74.0,23.0,ROUGH,False,3,1.9,False,False,LAT1,2,True,False,4,0,True,False,False
손예빈,10022,49,4,10,5,80.0,97.0,49.0,111.0,OB,OTHER,,False,,49.0,111.0,66.0,188.0,PENALTY_STROKE,False,5,6.3,True,True,LAT3,8,False,True,7,2,False,True,True
손예빈,10022,49,4,14,4,83.0,117.0,97.0,88.0,ROUGH,ROUGH,165.9,True,FAR,97.0,88.0,65.0,24.0,ROUGH,False,3,1.1,False,False,LAT1,4,False,True,4,0,True,False,False
손예빈,10022,49,4,15,4,81.0,77.0,72.0,81.0,ROUGH,ROUGH,189.2,True,FAR,72.0,81.0,60.0,12.0,ROUGH,False,3,5.3,False,False,LAT1,4,False,True,5,1,False,True,False
손예빈,10022,49,4,17,4,75.0,110.0,42.0,89.0,ROUGH,ROUGH,155.3,True,FAR,42.0,89.0,60.0,29.0,ROUGH,False,3,7.2,False,False,LAT3,4,False,True,5,1,False,True,False
손예빈,10022,49,4,18,5,48.0,83.0,54.0,126.0,ROUGH,ROUGH,348.1,True,FAR,54.0,126.0,60.0,65.0,FAIRWAY,False,4,1.3,False,False,LAT3,4,False,True,5,0,True,False,False
김민주,10081,2,1,1,4,51.0,61.0,43.0,90.0,ROUGH,ROUGH,194.5,True,FAR,43.0,90.0,78.0,6.0,ROUGH,False,3,0.3,False,False,LAT3,4,False,True,4,0,True,False,False
김민주,10081,2,1,9,4,84.0,97.0,55.0,66.0,ROUGH,ROUGH,128.1,True,MID,55.0,66.0,84.0,9.0,FRINGE,False,3,5.5,False,False,LAT1,3,True,False,5,1,False,True,False
김민주,10081,2,1,10,5,88.0,115.0,62.0,115.0,ROUGH,ROUGH,309.6,True,NEAR,62.0,115.0,59.0,56.0,FAIRWAY,True,3,23.3,False,False,LAT2,2,True,False,5,0,True,False,False
김민주,10081,2,1,13,4,84.0,92.0,70.0,72.0,BUNKER,BUNKER,111.7,True,MID,70.0,72.0,78.0,56.0,FAIRWAY,False,3,3.8,True,False,LAT3,4,False,False,6,2,False,True,True
김민주,10081,2,1,17,4,48.0,120.0,45.0,87.0,ROUGH,ROUGH,142.5,True,MID,45.0,87.0,62.0,9.0,ROUGH,False,4,0.5,False,False,LAT3,3,True,False,5,1,False,True,False
김민주,10081,2,2,4,5,36.0,93.0,67.0,112.0,ROUGH,ROUGH,299.2,True,MID,67.0,112.0,75.0,64.0,FAIRWAY,True,3,7.1,False,False,LAT3,3,True,False,5,0,True,False,False
김민주,10081,2,2,8,4,44.0,121.0,50.0,78.0,ROUGH,ROUGH,127.6,True,NEAR,50.0,78.0,60.0,16.0,GREEN,True,2,10.0,False,False,LAT1,2,True,False,4,0,True,False,False
김민주,10081,2,2,10,5,57.0,65.0,63.0,114.0,ROUGH,ROUGH,325.8,True,FAR,63.0,114.0,61.0,55.0,FAIRWAY,False,4,0.7,False,False,LAT1,4,False,True,5,0,True,False,False
김민주,10081,2,2,12,4,63.0,80.0,85.0,79.0,ROUGH,ROUGH,164.0,True,MID,85.0,79.0,63.0,16.0,GREEN,True,2,4.3,False,False,LAT1,3,True,False,3,-1,True,False,False
김민주,10081,2,2,13,4,88.0,112.0,71.0,70.0,ROUGH,ROUGH,98.6,True,NEAR,71.0,70.0,70.0,60.0,BUNKER,False,4,1.1,False,False,LAT3,2,True,False,5,1,False,True,False
김민주,10081,2,2,15,4,31.0,130.0,58.0,69.0,ROUGH,ROUGH,136.2,True,NEAR,58.0,69.0,65.0,9.0,GREEN,True,2,20.6,False,False,LAT3,2,True,False,5,1,False,True,False
김민주,10081,2,2,17,4,87.0,87.0,46.0,85.0,ROUGH,ROUGH,155.0,True,FAR,46.0,85.0,67.0,18.0,ROUGH,False,3,1.7,False,False,LAT3,4,False,True,5,1,False,True,False
김민주,10081,2,3,9,4,56.0,142.0,60.0,67.0,ROUGH,ROUGH,102.3,True,NEAR,60.0,67.0,59.0,49.0,FAIRWAY,False,3,3.3,False,False,LAT1,2,True,False,5,1,False,True,False
김민주,10081,2,3,10,5,50.0,85.0,64.0,109.0,ROUGH,ROUGH,299.6,True,NEAR,64.0,109.0,59.0,46.0,FAIRWAY,True,3,3.4,False,False,LAT1,2,True,False,4,-1,True,False,False
김민주,10081,2,3,14,4,68.0,108.0,79.0,82.0,ROUGH,ROUGH,143.0,True,MID,79.0,82.0,46.0,14.0,GREEN,True,2,20.4,False,False,LAT3,3,True,False,4,0,True,False,False
김민주,10081,2,3,17,4,44.0,104.0,48.0,77.0,ROUGH,ROUGH,125.8,True,NEAR,48.0,77.0,57.0,11.0,GREEN,True,2,19.4,False,False,LAT3,2,True,False,5,1,False,True,False
김민주,10081,2,3,18,5,74.0,113.0,57.0,106.0,ROUGH,ROUGH,280.6,True,MID,57.0,106.0,61.0,40.0,FAIRWAY,True,3,3.8,False,False,LAT3,3,True,False,5,0,True,False,False
김민주,10081,2,4,9,4,42.0,113.0,43.0,65.0,ROUGH,ROUGH,125.1,True,MID,43.0,65.0,83.0,15.0,GREEN,True,2,17.3,False,False,LAT3,3,True,False,4,0,True,False,False
김민주,10081,2,4,17,4,75.0,110.0,58.0,82.0,ROUGH,ROUGH,132.1,True,MID,58.0,82.0,61.0,30.0,ROUGH,False,3,4.4,False,False,LAT1,3,True,False,4,0,True,False,False
마서영,10083,16,1,6,4,84.0,83.0,66.0,129.0,ROUGH,ROUGH,268.4,True,FAR,66.0,129.0,61.0,55.0,FAIRWAY,False,3,1.7,False,False,LAT3,4,False,True,4,0,True,False,False
마서영,10083,16,1,7,5,45.0,130.0,41.0,100.0,ROUGH,ROUGH,261.1,True,NEAR,41.0,100.0,65.0,43.0,FAIRWAY,True,3,9.8,False,False,LAT3,2,True,False,5,0,True,False,False
마서영,10083,16,1,17,4,48.0,120.0,47.0,78.0,ROUGH,ROUGH,121.1,True,NEAR,47.0,78.0,62.0,21.0,GREEN,True,2,12.8,False,False,LAT3,2,True,False,4,0,True,False,False
마서영,10083,16,1,18,5,92.0,79.0,55.0,106.0,ROUGH,ROUGH,295.5,True,FAR,55.0,106.0,58.0,55.0,ROUGH,False,4,3.0,False,False,LAT3,4,False,True,5,0,True,False,False
마서영,10083,16,2,1,4,47.0,106.0,62.0,84.0,BUNKER,BUNKER,148.4,True,NEAR,62.0,84.0,79.0,30.0,ROUGH,False,3,2.5,True,False,LAT1,3,False,False,4,0,True,False,False
마서영,10083,16,2,9,4,45.0,96.0,36.0,65.0,ROUGH,ROUGH,142.8,True,FAR,36.0,65.0,54.0,52.0,FAIRWAY,False,4,0.7,False,False,LAT3,4,False,True,5,1,False,True,False
마서영,10083,16,2,10,5,57.0,65.0,66.0,114.0,ROUGH,ROUGH,325.5,True,FAR,66.0,114.0,54.0,56.0,ROUGH,False,5,0.5,False,False,LAT1,4,False,True,6,1,False,True,False
마서영,10083,16,2,12,4,63.0,80.0,88.0,84.0,ROUGH,ROUGH,178.2,True,FAR,88.0,84.0,67.0,36.0,ROUGH,False,3,8.1,False,False,LAT1,4,False,True,5,1,False,True,False
마서영,10083,16,2,14,4,39.0,83.0,76.0,79.0,ROUGH,ROUGH,148.0,True,MID,76.0,79.0,52.0,10.0,ROUGH,False,4,1.3,False,False,LAT3,3,True,False,5,1,False,True,False
마서영,10083,16,2,17,4,87.0,87.0,59.0,80.0,ROUGH,ROUGH,137.9,True,MID,59.0,80.0,62.0,15.0,GREEN,True,2,6.5,False,False,LAT1,3,True,False,4,0,True,False,False
마서영,10083,16,3,9,4,56.0,142.0,55.0,64.0,ROUGH,ROUGH,100.4,True,NEAR,55.0,64.0,80.0,26.0,GREEN,True,2,0.4,False,False,LAT1,2,True,False,3,-1,True,False,False
마서영,10083,16,3,10,5,50.0,85.0,64.0,113.0,ROUGH,ROUGH,311.9,True,MID,64.0,113.0,62.0,50.0,FAIRWAY,True,3,7.4,False,False,LAT1,3,True,False,5,0,True,False,False
마서영,10083,16,3,12,4,83.0,114.0,86.0,84.0,ROUGH,ROUGH,160.1,True,MID,86.0,84.0,67.0,26.0,FRINGE,False,3,0.5,False,False,LAT2,3,True,False,4,0,True,False,False
마서영,10083,16,3,13,4,39.0,84.0,87.0,68.0,ROUGH,ROUGH,131.9,True,FAR,87.0,68.0,49.0,21.0,GREEN,True,2,3.3,False,False,LAT1,4,False,True,4,0,True,False,False
마서영,10083,16,3,15,4,56.0,79.0,69.0,83.0,ROUGH,ROUGH,192.0,True,FAR,69.0,83.0,63.0,4.0,ROUGH,False,3,0.4,False,False,LAT1,4,False,True,4,0,True,False,False
마서영,10083,16,3,17,4,44.0,104.0,46.0,80.0,ROUGH,ROUGH,132.2,True,MID,46.0,80.0,52.0,25.0,GREENSIDE_BUNKER,False,3,0.9,False,False,LAT3,3,True,False,5,1,False,True,False
마서영,10083,16,3,18,5,74.0,113.0,56.0,104.0,ROUGH,ROUGH,275.2,True,NEAR,56.0,104.0,64.0,45.0,ROUGH,True,3,6.5,False,False,LAT3,2,True,False,5,0,True,False,False
마서영,10083,16,4,9,4,42.0,113.0,39.0,66.0,ROUGH,ROUGH,133.2,True,MID,39.0,66.0,86.0,15.0,GREEN,True,2,22.0,False,False,LAT3,3,True,False,4,0,True,False,False
마서영,10083,16,4,18,5,48.0,83.0,56.0,108.0,ROUGH,ROUGH,297.4,True,FAR,56.0,108.0,62.0,51.0,FAIRWAY,False,4,2.5,False,False,LAT3,4,False,True,6,1,False,True,False
방신실,10095,20,1,6,4,84.0,83.0,59.0,83.0,ROUGH,ROUGH,163.0,True,MID,59.0,83.0,67.0,25.0,GREENSIDE_BUNKER,False,3,0.9,False,False,LAT3,3,True,False,4,0,True,False,False
방신실,10095,20,1,7,5,45.0,130.0,40.0,102.0,ROUGH,ROUGH,267.8,True,NEAR,40.0,102.0,59.0,46.0,FAIRWAY,True,3,4.5,False,False,LAT3,2,True,False,5,0,True,False,False
방신실,10095,20,1,9,4,84.0,97.0,55.0,63.0,ROUGH,ROUGH,121.6,True,MID,55.0,63.0,83.0,18.0,GREEN,True,2,6.1,False,False,LAT1,3,True,False,3,-1,True,False,False
방신실,10095,20,1,10,5,88.0,115.0,63.0,111.0,ROUGH,ROUGH,294.8,True,NEAR,63.0,111.0,59.0,57.0,FAIRWAY,True,3,1.4,False,False,LAT1,2,True,False,5,0,True,False,False
방신실,10095,20,1,13,4,84.0,92.0,72.0,67.0,ROUGH,ROUGH,103.4,True,NEAR,72.0,67.0,53.0,19.0,GREEN,True,2,17.3,False,False,LAT3,2,True,False,4,0,True,False,False
방신실,10095,20,1,15,4,58.0,114.0,59.0,68.0,ROUGH,ROUGH,141.5,True,NEAR,59.0,68.0,60.0,11.0,ROUGH,False,4,0.5,False,False,LAT3,2,True,False,5,1,False,True,False
방신실,10095,20,1,18,5,92.0,79.0,57.0,98.0,ROUGH,ROUGH,273.7,True,NEAR,57.0,98.0,62.0,36.0,FAIRWAY,True,3,1.3,False,False,LAT3,2,True,False,4,-1,True,False,False
방신실,10095,20,2,4,5,36.0,93.0,69.0,110.0,ROUGH,ROUGH,292.9,True,MID,69.0,110.0,78.0,49.0,ROUGH,True,3,14.8,False,False,LAT3,3,True,False,5,0,True,False,False
방신실,10095,20,2,6,4,31.0,111.0,72.0,110.0,ROUGH,ROUGH,215.5,True,FAR,72.0,110.0,64.0,83.0,FAIRWAY,False,3,0.5,False,False,LAT1,4,False,True,4,0,True,False,False
방신실,10095,20,2,7,5,89.0,103.0,38.0,103.0,ROUGH,ROUGH,291.8,True,MID,38.0,103.0,39.0,95.0,ROUGH,False,5,11.3,False,False,LAT3,3,True,False,7,2,False,True,True
방신실,10095,20,2,9,4,45.0,96.0,46.0,52.0,ROUGH,ROUGH,106.2,True,NEAR,46.0,52.0,81.0,22.0,GREEN,True,2,10.8,False,False,LAT3,2,True,False,4,0,True,False,False
방신실,10095,20,2,15,4,31.0,130.0,54.0,54.0,ROUGH,ROUGH,97.9,True,NEAR,54.0,54.0,66.0,11.0,GREEN,True,2,16.9,False,False,LAT3,2,True,False,5,1,False,True,False
방신실,10095,20,2,17,4,87.0,87.0,46.0,79.0,ROUGH,ROUGH,140.9,True,MID,46.0,79.0,64.0,13.0,GREEN,True,2,8.3,False,False,LAT3,3,True,False,4,0,True,False,False
방신실,10095,20,3,3,4,48.0,79.0,60.0,80.0,ROUGH,ROUGH,186.2,True,MID,60.0,80.0,58.0,9.0,FRINGE,False,3,0.3,False,False,LAT1,3,True,False,4,0,True,False,False
방신실,10095,20,3,10,5,50.0,85.0,53.0,111.0,ROUGH,ROUGH,311.0,True,NEAR,53.0,111.0,61.0,46.0,FAIRWAY,True,3,8.4,False,False,LAT3,2,True,False,5,0,True,False,False
방신실,10095,20,3,12,4,83.0,114.0,68.0,82.0,LOST_BALL,OTHER,,False,,68.0,82.0,68.0,179.0,PENALTY_STROKE,False,4,10.2,True,True,LAT3,8,False,True,6,2,False,True,True
방신실,10095,20,3,13,4,39.0,84.0,89.0,72.0,ROUGH,ROUGH,142.5,True,FAR,89.0,72.0,69.0,43.0,FAIRWAY,False,3,7.0,False,False,LAT1,4,False,True,5,1,False,True,False
방신실,10095,20,3,17,4,44.0,104.0,42.0,78.0,ROUGH,ROUGH,131.0,True,NEAR,42.0,78.0,58.0,26.0,GREEN,True,2,15.9,False,False,LAT3,2,True,False,4,0,True,False,False
방신실,10095,20,4,3,4,72.0,82.0,59.0,77.0,ROUGH,ROUGH,176.8,True,NEAR,59.0,77.0,61.0,19.0,GREEN,True,2,22.9,False,False,LAT1,2,True,False,4,0,True,False,False
방신실,10095,20,4,9,4,42.0,113.0,44.0,56.0,ROUGH,ROUGH,108.6,True,NEAR,44.0,56.0,82.0,19.0,GREEN,True,2,10.2,False,False,LAT3,2,True,False,4,0,True,False,False
방신실,10095,20,4,12,4,68.0,122.0,75.0,80.0,ROUGH,ROUGH,141.0,True,NEAR,75.0,80.0,69.0,20.0,GREEN,True,2,17.2,False,False,LAT3,2,True,False,4,0,True,False,False
방신실,10095,20,4,13,4,59.0,79.0,66.0,67.0,BUNKER,BUNKER,109.2,True,MID,66.0,67.0,56.0,26.0,GREEN,True,2,15.8,True,False,LAT3,4,False,False,4,0,True,False,False
방신실,10095,20,4,17,4,75.0,110.0,48.0,74.0,ROUGH,ROUGH,118.8,True,NEAR,48.0,74.0,60.0,19.0,GREEN,True,2,5.5,False,False,LAT3,2,True,False,4,0,True,False,False
방신실,10095,20,4,18,5,48.0,83.0,75.0,107.0,ROUGH,ROUGH,293.1,True,FAR,75.0,107.0,62.0,99.0,FAIRWAY,False,4,8.9,False,False,LAT1,4,False,True,6,1,False,True,False
김민선7,10097,40,1,3,4,36.0,100.0,61.0,86.0,ROUGH,ROUGH,191.3,True,MID,61.0,86.0,59.0,6.0,ROUGH,False,3,1.2,False,False,LAT1,3,True,False,4,0,True,False,False
김민선7,10097,40,1,4,5,94.0,111.0,78.0,111.0,ROUGH,ROUGH,288.7,True,NEAR,78.0,111.0,73.0,52.0,FAIRWAY,True,3,5.9,False,False,LAT1,2,True,False,5,0,True,False,False
김민선7,10097,40,1,8,4,96.0,89.0,50.0,75.0,ROUGH,ROUGH,142.4,True,MID,50.0,75.0,67.0,25.0,PENALTY_AREA,False,4,11.0,False,True,LAT1,5,False,True,6,2,False,True,True
김민선7,10097,40,1,10,5,88.0,115.0,64.0,112.0,ROUGH,ROUGH,299.5,True,NEAR,64.0,112.0,60.0,55.0,FAIRWAY,False,,,False,False,LAT1,2,True,False,4,-1,True,False,False
김민선7,10097,40,1,12,4,93.0,115.0,87.0,84.0,ROUGH,ROUGH,158.0,True,MID,87.0,84.0,67.0,25.0,GREEN,True,2,6.0,False,False,LAT1,3,True,False,4,0,True,False,False
김민선7,10097,40,1,18,5,92.0,79.0,65.0,102.0,ROUGH,ROUGH,279.0,True,MID,65.0,102.0,55.0,43.0,ROUGH,True,3,6.8,False,False,LAT1,3,True,False,5,0,True,False,False
김민선7,10097,40,2,8,4,44.0,121.0,50.0,78.0,ROUGH,ROUGH,127.4,True,NEAR,50.0,78.0,57.0,18.0,FRINGE,False,3,1.6,False,False,LAT1,2,True,False,4,0,True,False,False
김민선7,10097,40,2,13,4,88.0,112.0,70.0,71.0,ROUGH,ROUGH,99.2,True,NEAR,70.0,71.0,63.0,33.0,FRINGE,False,3,0.4,False,False,LAT3,2,True,False,4,0,True,False,False
김민선7,10097,40,2,14,4,39.0,83.0,80.0,76.0,ROUGH,ROUGH,146.2,True,MID,80.0,76.0,52.0,19.0,GREEN,True,2,11.2,False,False,LAT3,3,True,False,4,0,True,False,False
김민선7,10097,40,3,1,4,89.0,99.0,43.0,85.0,ROUGH,ROUGH,177.6,True,FAR,43.0,85.0,86.0,12.0,GREEN,True,2,11.0,False,False,LAT3,4,False,True,4,0,True,False,False
김민선7,10097,40,3,4,5,94.0,95.0,67.0,116.0,ROUGH,ROUGH,308.3,True,FAR,67.0,116.0,71.0,72.0,ROUGH,False,4,2.3,False,False,LAT3,4,False,True,6,1,False,True,False
김민선7,10097,40,3,9,4,56.0,142.0,37.0,68.0,ROUGH,ROUGH,132.7,True,MID,37.0,68.0,89.0,17.0,FRINGE,False,3,17.3,False,False,LAT3,3,True,False,5,1,False,True,False
김민선7,10097,40,3,10,5,50.0,85.0,50.0,116.0,OB,OTHER,,False,,50.0,116.0,66.0,189.0,PENALTY_STROKE,False,5,8.6,True,True,LAT3,8,False,True,7,2,False,True,True
김민선7,10097,40,3,15,4,56.0,79.0,56.0,60.0,ROUGH,ROUGH,136.0,True,NEAR,56.0,60.0,64.0,3.0,ROUGH,False,3,3.3,False,False,LAT3,2,True,False,4,0,True,False,False
김민선7,10097,40,4,1,4,45.0,80.0,40.0,87.0,ROUGH,ROUGH,182.9,True,FAR,40.0,87.0,88.0,15.0,FRINGE,False,3,2.3,False,False,LAT3,4,False,True,5,1,False,True,False
김민선7,10097,40,4,6,4,73.0,113.0,54.0,94.0,LOST_BALL,OTHER,,False,,54.0,94.0,65.0,183.0,PENALTY_STROKE,False,4,5.9,True,True,LAT3,8,False,True,6,2,False,True,True
김민선7,10097,40,4,13,4,59.0,79.0,94.0,71.0,ROUGH,ROUGH,143.6,True,FAR,94.0,71.0,52.0,14.0,FRINGE,False,3,3.4,False,False,LAT1,4,False,True,5,1,False,True,False
김민선7,10097,40,4,15,4,81.0,77.0,72.0,74.0,ROUGH,ROUGH,170.4,True,FAR,72.0,74.0,65.0,14.0,GREEN,True,2,19.8,False,False,LAT1,4,False,True,4,0,True,False,False
고지원,10109,53,1,9,4,84.0,97.0,39.0,64.0,ROUGH,ROUGH,145.8,True,FAR,39.0,64.0,90.0,11.0,ROUGH,False,3,0.2,False,False,LAT3,4,False,True,4,0,True,False,False
고지원,10109,53,1,10,5,88.0,115.0,64.0,115.0,ROUGH,ROUGH,308.4,True,NEAR,64.0,115.0,60.0,53.0,FAIRWAY,False,4,1.0,False,False,LAT1,2,True,False,5,0,True,False,False
고지원,10109,53,1,15,4,58.0,114.0,71.0,68.0,ROUGH,ROUGH,141.1,True,NEAR,71.0,68.0,62.0,17.0,GREEN,True,2,13.9,False,False,LAT1,2,True,False,5,1,False,True,False
고지원,10109,53,2,1,4,47.0,106.0,58.0,86.0,BUNKER,BUNKER,156.2,True,NEAR,58.0,86.0,70.0,50.0,FAIRWAY,False,4,0.2,True,False,LAT1,3,False,False,5,1,False,True,False
고지원,10109,53,2,4,5,36.0,93.0,70.0,111.0,ROUGH,ROUGH,295.0,True,MID,70.0,111.0,72.0,44.0,FAIRWAY,True,3,4.9,False,False,LAT3,3,True,False,4,-1,True,False,False
고지원,10109,53,2,6,4,31.0,111.0,55.0,100.0,ROUGH,ROUGH,189.1,True,FAR,55.0,100.0,62.0,66.0,FAIRWAY,False,3,5.6,False,False,LAT3,4,False,True,5,1,False,True,False
고지원,10109,53,2,7,5,89.0,103.0,50.0,105.0,ROUGH,ROUGH,287.3,True,MID,50.0,105.0,64.0,38.0,FAIRWAY,True,3,4.2,False,False,LAT1,3,True,False,6,1,False,True,False
고지원,10109,53,2,8,4,44.0,121.0,53.0,72.0,ROUGH,ROUGH,114.3,True,NEAR,53.0,72.0,62.0,7.0,ROUGH,False,3,2.3,False,False,LAT1,2,True,False,5,1,False,True,False
고지원,10109,53,3,12,4,83.0,114.0,87.0,80.0,ROUGH,ROUGH,151.2,True,NEAR,87.0,80.0,70.0,28.0,ROUGH,False,3,0.3,False,False,LAT1,2,True,False,4,0,True,False,False
고지원,10109,53,3,17,4,44.0,104.0,46.0,76.0,ROUGH,ROUGH,125.1,True,NEAR,46.0,76.0,56.0,11.0,GREEN,True,2,17.9,False,False,LAT3,2,True,False,4,0,True,False,False
고지원,10109,53,3,18,5,74.0,113.0,54.0,107.0,ROUGH,ROUGH,284.6,True,MID,54.0,107.0,56.0,84.0,ROUGH,False,5,1.5,False,False,LAT3,3,True,False,6,1,False,True,False
고지원,10109,53,4,6,4,73.0,113.0,61.0,85.0,ROUGH,ROUGH,153.5,True,NEAR,61.0,85.0,64.0,48.0,FAIRWAY,False,3,3.0,False,False,LAT3,2,True,False,5,1,False,True,False
고지원,10109,53,4,7,5,84.0,80.0,50.0,100.0,ROUGH,ROUGH,282.8,True,MID,50.0,100.0,61.0,46.0,FAIRWAY,True,3,8.6,False,False,LAT1,3,True,False,5,0,True,False,False
고지원,10109,53,4,8,4,38.0,108.0,55.0,72.0,ROUGH,ROUGH,118.2,True,NEAR,55.0,72.0,60.0,14.0,GREEN,True,2,7.2,False,False,LAT1,2,True,False,4,0,True,False,False
고지원,10109,53,4,9,4,42.0,113.0,58.0,66.0,ROUGH,ROUGH,109.1,True,NEAR,58.0,66.0,85.0,8.0,ROUGH,False,3,2.9,False,False,LAT1,2,True,False,4,0,True,False,False
고지원,10109,53,4,12,4,68.0,122.0,86.0,78.0,ROUGH,ROUGH,145.3,True,NEAR,86.0,78.0,65.0,21.0,GREEN,True,2,8.5,False,False,LAT1,2,True,False,4,0,True,False,False
고지원,10109,53,4,14,4,83.0,117.0,77.0,81.0,ROUGH,ROUGH,133.9,True,NEAR,77.0,81.0,60.0,31.0,ROUGH,False,3,2.1,False,False,LAT3,2,True,False,4,0,True,False,False
고지원,10109,53,4,17,4,75.0,110.0,45.0,76.0,ROUGH,ROUGH,124.2,True,NEAR,45.0,76.0,59.0,15.0,GREEN,True,2,14.8,False,False,LAT3,2,True,False,4,0,True,False,False
고지우,10112,,1,1,4,51.0,61.0,58.0,87.0,BUNKER,BUNKER,176.4,True,FAR,58.0,87.0,59.0,86.0,BUNKER,False,4,7.2,True,False,LAT1,5,False,True,6,2,False,True,True
고지우,10112,,1,3,4,36.0,100.0,44.0,87.0,ROUGH,ROUGH,197.2,True,FAR,44.0,87.0,59.0,19.0,GREEN,True,2,12.7,False,False,LAT3,4,False,True,5,1,False,True,False
고지우,10112,,1,8,4,96.0,89.0,50.0,74.0,ROUGH,ROUGH,141.0,True,MID,50.0,74.0,72.0,22.0,PENALTY_AREA,False,3,2.2,False,True,LAT1,5,False,True,4,0,True,False,False
고지우,10112,,1,10,5,88.0,115.0,67.0,119.0,ROUGH,ROUGH,319.3,True,MID,67.0,119.0,60.0,53.0,FAIRWAY,True,3,1.1,False,False,LAT1,3,True,False,4,-1,True,False,False
고지우,10112,,1,12,4,93.0,115.0,87.0,78.0,ROUGH,ROUGH,143.3,True,NEAR,87.0,78.0,64.0,23.0,GREEN,True,2,9.2,False,False,LAT1,2,True,False,4,0,True,False,False
고지우,10112,,1,14,4,70.0,117.0,94.0,86.0,ROUGH,ROUGH,163.0,True,FAR,94.0,86.0,57.0,29.0,ROUGH,False,3,2.6,False,False,LAT1,4,False,True,5,1,False,True,False
고지우,10112,,1,15,4,58.0,114.0,78.0,72.0,ROUGH,ROUGH,153.6,True,MID,78.0,72.0,67.0,22.0,ROUGH,False,3,0.5,False,False,LAT1,3,True,False,4,0,True,False,False
임진영,10138,27,1,6,4,84.0,83.0,77.0,91.0,ROUGH,ROUGH,182.2,True,FAR,77.0,91.0,64.0,26.0,GREENSIDE_BUNKER,False,3,2.9,False,False,LAT1,4,False,True,4,0,True,False,False
임진영,10138,27,1,7,5,45.0,130.0,39.0,105.0,ROUGH,ROUGH,279.3,True,NEAR,39.0,105.0,61.0,44.0,FAIRWAY,True,3,2.9,False,False,LAT3,2,True,False,5,0,True,False,False
임진영,10138,27,1,10,5,88.0,115.0,48.0,120.0,LOST_BALL,OTHER,,False,,48.0,120.0,66.0,190.0,PENALTY_STROKE,False,6,1.0,True,True,LAT3,8,False,True,7,2,False,True,True
임진영,10138,27,1,12,4,93.0,115.0,86.0,81.0,ROUGH,ROUGH,150.6,True,NEAR,86.0,81.0,71.0,33.0,ROUGH,False,3,9.4,False,False,LAT1,2,True,False,5,1,False,True,False
임진영,10138,27,1,17,4,48.0,120.0,44.0,84.0,ROUGH,ROUGH,135.8,True,MID,44.0,84.0,59.0,21.0,GREEN,True,2,6.8,False,False,LAT3,3,True,False,4,0,True,False,False
임진영,10138,27,2,4,5,36.0,93.0,67.0,115.0,ROUGH,ROUGH,307.0,True,FAR,67.0,115.0,77.0,54.0,ROUGH,True,3,8.9,False,False,LAT3,4,False,True,4,-1,True,False,False
임진영,10138,27,2,8,4,44.0,121.0,56.0,72.0,ROUGH,ROUGH,113.4,True,NEAR,56.0,72.0,48.0,63.0,FAIRWAY,False,3,7.6,False,False,LAT1,2,True,False,5,1,False,True,False
임진영,10138,27,2,9,4,45.0,96.0,57.0,68.0,ROUGH,ROUGH,121.8,True,MID,57.0,68.0,81.0,13.0,GREEN,True,2,11.9,False,False,LAT1,3,True,False,4,0,True,False,False
임진영,10138,27,2,10,5,57.0,65.0,62.0,115.0,ROUGH,ROUGH,329.2,True,FAR,62.0,115.0,59.0,69.0,FAIRWAY,False,4,0.3,False,False,LAT2,4,False,True,5,0,True,False,False
임진영,10138,27,2,12,4,63.0,80.0,87.0,80.0,ROUGH,ROUGH,168.9,True,MID,87.0,80.0,65.0,25.0,GREEN,True,2,23.6,False,False,LAT1,3,True,False,4,0,True,False,False
임진영,10138,27,2,13,4,88.0,112.0,93.0,74.0,ROUGH,ROUGH,125.0,True,FAR,93.0,74.0,60.0,30.0,GREEN,True,2,8.3,False,False,LAT1,4,False,True,4,0,True,False,False
임진영,10138,27,2,14,4,39.0,83.0,92.0,75.0,ROUGH,ROUGH,159.7,True,FAR,92.0,75.0,47.0,10.0,ROUGH,False,3,1.6,False,False,LAT1,4,False,True,4,0,True,False,False
임진영,10138,27,3,9,4,56.0,142.0,53.0,68.0,ROUGH,ROUGH,111.5,True,NEAR,53.0,68.0,82.0,26.0,GREEN,True,2,3.6,False,False,LAT1,2,True,False,3,-1,True,False,False
임진영,10138,27,3,10,5,50.0,85.0,64.0,117.0,ROUGH,ROUGH,324.2,True,FAR,64.0,117.0,62.0,55.0,FAIRWAY,True,3,5.2,False,False,LAT1,4,False,True,5,0,True,False,False
임진영,10138,27,3,12,4,83.0,114.0,77.0,92.0,BUNKER,BUNKER,172.1,True,FAR,77.0,92.0,72.0,43.0,FAIRWAY,False,3,3.8,True,False,LAT3,5,False,True,5,1,False,True,False
임진영,10138,27,3,17,4,44.0,104.0,48.0,77.0,ROUGH,ROUGH,126.7,True,NEAR,48.0,77.0,56.0,10.0,FRINGE,False,3,1.3,False,False,LAT3,2,True,False,4,0,True,False,False
임진영,10138,27,3,18,5,74.0,113.0,58.0,107.0,ROUGH,ROUGH,283.6,True,MID,58.0,107.0,61.0,45.0,FAIRWAY,False,4,0.3,False,False,LAT2,3,True,False,5,0,True,False,False
임진영,10138,27,4,7,5,84.0,80.0,39.0,105.0,ROUGH,ROUGH,307.3,True,FAR,39.0,105.0,65.0,45.0,ROUGH,True,3,8.4,False,False,LAT3,4,False,True,5,0,True,False,False
임진영,10138,27,4,12,4,68.0,122.0,87.0,83.0,ROUGH,ROUGH,157.6,True,MID,87.0,83.0,66.0,23.0,GREEN,True,2,8.9,False,False,LAT1,3,True,False,4,0,True,False,False
임진영,10138,27,4,13,4,59.0,79.0,88.0,71.0,ROUGH,ROUGH,136.7,True,FAR,88.0,71.0,48.0,18.0,FRINGE,False,3,0.9,False,False,LAT1,4,False,True,5,1,False,True,False
임진영,10138,27,4,15,4,81.0,77.0,74.0,78.0,ROUGH,ROUGH,182.1,True,FAR,74.0,78.0,64.0,19.0,GREEN,True,2,31.3,False,False,LAT1,4,False,True,5,1,False,True,False
임진영,10138,27,4,18,5,48.0,83.0,49.0,112.0,ROUGH,ROUGH,312.8,True,FAR,49.0,112.0,49.0,45.0,LOST_BALL,False,5,4.3,False,True,LAT3,6,False,True,7,2,False,True,True
양효리,10139,,1,7,5,45.0,130.0,39.0,110.0,ROUGH,ROUGH,292.2,True,MID,39.0,110.0,58.0,47.0,FAIRWAY,False,4,0.9,False,False,LAT3,3,True,False,5,0,True,False,False
양효리,10139,,1,8,4,96.0,89.0,24.0,77.0,LOST_BALL,OTHER,,False,,24.0,77.0,65.0,188.0,PENALTY_STROKE,False,5,17.8,True,True,LAT3,8,False,True,7,3,False,True,True
양효리,10139,,1,9,4,84.0,97.0,53.0,67.0,ROUGH,ROUGH,130.9,True,MID,53.0,67.0,81.0,14.0,GREEN,True,2,13.5,False,False,LAT1,3,True,False,4,0,True,False,False
양효리,10139,,1,10,5,88.0,115.0,63.0,115.0,ROUGH,ROUGH,309.4,True,NEAR,63.0,115.0,58.0,61.0,FAIRWAY,True,3,8.0,False,False,LAT1,2,True,False,5,0,True,False,False
양효리,10139,,1,12,4,93.0,115.0,76.0,85.0,ROUGH,ROUGH,153.5,True,NEAR,76.0,85.0,63.0,29.0,ROUGH,False,4,0.2,False,False,LAT3,2,True,False,5,1,False,True,False
양효리,10139,,1,15,4,58.0,114.0,58.0,72.0,ROUGH,ROUGH,151.2,True,MID,58.0,72.0,67.0,9.0,GREEN,True,2,14.2,False,False,LAT3,3,True,False,4,0,True,False,False
양효리,10139,,1,17,4,48.0,120.0,70.0,98.0,LOST_BALL,OTHER,,False,,70.0,98.0,73.0,190.0,PENALTY_STROKE,False,6,0.4,True,True,LAT1,8,False,True,7,3,False,True,True
양효리,10139,,2,7,5,89.0,103.0,37.0,114.0,ROUGH,ROUGH,325.8,True,FAR,37.0,114.0,60.0,66.0,ROUGH,False,4,1.2,False,False,LAT3,4,False,True,5,0,True,False,False
양효리,10139,,2,9,4,45.0,96.0,52.0,72.0,ROUGH,ROUGH,134.6,True,MID,52.0,72.0,82.0,14.0,GREEN,True,2,12.0,False,False,LAT1,3,True,False,4,0,True,False,False
양효리,10139,,2,10,5,57.0,65.0,66.0,113.0,ROUGH,ROUGH,319.9,True,MID,66.0,113.0,59.0,65.0,FAIRWAY,False,4,5.0,False,False,LAT1,3,True,False,6,1,False,True,False
양효리,10139,,2,12,4,63.0,80.0,73.0,107.0,ROUGH,ROUGH,223.8,True,FAR,73.0,107.0,78.0,94.0,BUNKER,False,5,22.2,False,False,LAT3,4,False,True,8,4,False,True,True
양효리,10139,,2,13,4,88.0,112.0,92.0,81.0,ROUGH,ROUGH,137.9,True,FAR,92.0,81.0,62.0,36.0,ROUGH,False,3,3.2,False,False,LAT1,4,False,True,5,1,False,True,False
김희지,10178,,1,1,4,51.0,61.0,60.0,86.0,BUNKER,BUNKER,174.2,True,FAR,60.0,86.0,86.0,16.0,GREEN,True,2,22.2,True,False,LAT1,5,False,True,4,0,True,False,False
김희지,10178,,1,6,4,84.0,83.0,74.0,94.0,ROUGH,ROUGH,188.0,True,FAR,74.0,94.0,60.0,16.0,GREEN,True,2,19.8,False,False,LAT1,4,False,True,4,0,True,False,False
김희지,10178,,1,7,5,45.0,130.0,39.0,113.0,ROUGH,ROUGH,303.1,True,FAR,39.0,113.0,57.0,60.0,FAIRWAY,True,3,14.8,False,False,LAT3,4,False,True,5,0,True,False,False
김희지,10178,,1,8,4,96.0,89.0,29.0,85.0,ROUGH,ROUGH,181.3,True,FAR,29.0,85.0,32.0,85.0,PENALTY_STROKE,False,6,0.3,False,True,LAT3,6,False,True,7,3,False,True,True
김희지,10178,,1,9,4,84.0,97.0,51.0,73.0,ROUGH,ROUGH,145.8,True,FAR,51.0,73.0,79.0,36.0,ROUGH,False,3,1.7,False,False,LAT1,4,False,True,4,0,True,False,False
김희지,10178,,1,10,5,88.0,115.0,68.0,130.0,ROUGH,ROUGH,353.3,True,FAR,68.0,130.0,64.0,125.0,ROUGH,False,6,0.5,False,False,LAT1,4,False,True,7,2,False,True,True
김희지,10178,,1,12,4,93.0,115.0,99.0,90.0,ROUGH,ROUGH,182.0,True,FAR,99.0,90.0,79.0,57.0,FAIRWAY,False,3,13.1,False,False,LAT1,4,False,True,5,1,False,True,False
김희지,10178,,1,15,4,58.0,114.0,60.0,77.0,ROUGH,ROUGH,164.7,True,MID,60.0,77.0,65.0,23.0,ROUGH,False,3,0.3,False,False,LAT3,3,True,False,4,0,True,False,False
김희지,10178,,1,18,5,92.0,79.0,74.0,119.0,ROUGH,ROUGH,327.5,True,FAR,74.0,119.0,60.0,105.0,FAIRWAY,False,4,3.0,False,False,LAT1,4,False,True,5,0,True,False,False
김희지,10178,,2,1,4,47.0,106.0,60.0,86.0,BUNKER,BUNKER,155.3,True,NEAR,60.0,86.0,75.0,39.0,ROUGH,False,4,1.7,True,False,LAT1,3,False,False,5,1,False,True,False
김희지,10178,,2,3,4,69.0,100.0,60.0,92.0,ROUGH,ROUGH,207.4,True,FAR,60.0,92.0,56.0,21.0,GREENSIDE_BUNKER,False,3,1.9,False,False,LAT1,4,False,True,5,1,False,True,False
김희지,10178,,2,4,5,36.0,93.0,78.0,114.0,ROUGH,ROUGH,306.1,True,FAR,78.0,114.0,76.0,53.0,ROUGH,True,3,22.0,False,False,LAT1,4,False,True,5,0,True,False,False
김희지,10178,,2,6,4,31.0,111.0,58.0,115.0,ROUGH,ROUGH,224.0,True,FAR,58.0,115.0,59.0,115.0,PENALTY_STROKE,False,4,1.6,False,True,LAT3,6,False,True,6,2,False,True,True
김희지,10178,,2,10,5,57.0,65.0,69.0,129.0,ROUGH,ROUGH,371.1,True,FAR,69.0,129.0,54.0,117.0,ROUGH,False,4,7.3,False,False,LAT1,4,False,True,6,1,False,True,False
김희지,10178,,2,12,4,63.0,80.0,107.0,90.0,PENALTY_AREA,PENALTY_AREA,,False,,107.0,90.0,106.0,90.0,PENALTY_STROKE,False,5,20.9,True,True,LAT1,7,False,True,7,3,False,True,True
김희지,10178,,2,13,4,88.0,112.0,96.0,86.0,PENALTY_AREA,PENALTY_AREA,,False,,96.0,86.0,94.0,85.0,PENALTY_STROKE,False,4,2.0,True,True,LAT1,7,False,True,5,1,False,True,False
김희지,10178,,2,14,4,39.0,83.0,75.0,82.0,ROUGH,ROUGH,155.1,True,FAR,75.0,82.0,45.0,13.0,ROUGH,False,3,1.4,False,False,LAT3,4,False,True,5,1,False,True,False
김희지,10178,,2,15,4,31.0,130.0,62.0,85.0,ROUGH,ROUGH,176.6,True,FAR,62.0,85.0,64.0,24.0,ROUGH,False,3,2.2,False,False,LAT2,4,False,True,5,1,False,True,False
문정민,10296,27,1,8,4,96.0,89.0,37.0,73.0,ROUGH,ROUGH,150.5,True,MID,37.0,73.0,74.0,9.0,FRINGE,False,3,0.5,False,False,LAT3,3,True,False,4,0,True,False,False
문정민,10296,27,1,9,4,84.0,97.0,40.0,60.0,ROUGH,ROUGH,137.8,True,FAR,40.0,60.0,85.0,18.0,GREEN,True,2,2.5,False,False,LAT3,4,False,True,4,0,True,False,False
문정민,10296,27,1,14,4,70.0,117.0,95.0,84.0,ROUGH,ROUGH,158.8,True,FAR,95.0,84.0,64.0,34.0,FAIRWAY,False,3,9.0,False,False,LAT1,4,False,True,5,1,False,True,False
문정민,10296,27,1,15,4,58.0,114.0,69.0,65.0,ROUGH,ROUGH,131.0,True,NEAR,69.0,65.0,63.0,19.0,GREEN,True,2,16.2,False,False,LAT1,2,True,False,4,0,True,False,False
문정민,10296,27,1,17,4,48.0,120.0,47.0,85.0,ROUGH,ROUGH,137.1,True,MID,47.0,85.0,60.0,10.0,GREEN,True,2,30.0,False,False,LAT3,3,True,False,5,1,False,True,False
문정민,10296,27,2,8,4,44.0,121.0,54.0,77.0,ROUGH,ROUGH,123.4,True,NEAR,54.0,77.0,59.0,12.0,FRINGE,False,3,0.9,False,False,LAT1,2,True,False,5,1,False,True,False
문정민,10296,27,2,9,4,45.0,96.0,44.0,57.0,ROUGH,ROUGH,115.4,True,NEAR,44.0,57.0,78.0,20.0,GREEN,True,2,4.3,False,False,LAT3,2,True,False,4,0,True,False,False
문정민,10296,27,2,12,4,63.0,80.0,71.0,79.0,ROUGH,ROUGH,156.4,True,MID,71.0,79.0,74.0,75.0,ROUGH,False,3,1.2,False,False,LAT3,3,True,False,4,0,True,False,False
문정민,10296,27,2,14,4,39.0,83.0,81.0,75.0,ROUGH,ROUGH,145.5,True,MID,81.0,75.0,52.0,10.0,ROUGH,False,4,1.2,False,False,LAT3,3,True,False,6,2,False,True,True
문정민,10296,27,2,15,4,31.0,130.0,54.0,59.0,ROUGH,ROUGH,111.2,True,NEAR,54.0,59.0,64.0,14.0,GREEN,True,2,7.3,False,False,LAT3,2,True,False,5,1,False,True,False
문정민,10296,27,2,17,4,87.0,87.0,45.0,79.0,ROUGH,ROUGH,142.2,True,MID,45.0,79.0,58.0,29.0,ROUGH,False,3,1.3,False,False,LAT3,3,True,False,4,0,True,False,False
문정민,10296,27,2,18,5,39.0,110.0,58.0,94.0,ROUGH,ROUGH,245.6,True,NEAR,58.0,94.0,61.0,31.0,FAIRWAY,True,3,12.3,False,False,LAT3,2,True,False,5,0,True,False,False
문정민,10296,27,3,4,5,94.0,95.0,71.0,107.0,ROUGH,ROUGH,280.4,True,NEAR,71.0,107.0,81.0,47.0,BUNKER,False,4,4.0,False,False,LAT3,2,True,False,5,0,True,False,False
문정민,10296,27,3,8,4,90.0,116.0,38.0,65.0,ROUGH,ROUGH,124.4,True,NEAR,38.0,65.0,69.0,24.0,PENALTY_AREA,False,4,2.7,False,True,LAT3,4,False,True,5,1,False,True,False
문정민,10296,27,3,15,4,56.0,79.0,59.0,70.0,ROUGH,ROUGH,159.0,True,MID,59.0,70.0,65.0,8.0,GREEN,True,2,3.4,False,False,LAT3,3,True,False,4,0,True,False,False
문정민,10296,27,3,17,4,44.0,104.0,46.0,76.0,ROUGH,ROUGH,124.5,True,NEAR,46.0,76.0,60.0,20.0,GREEN,True,2,8.3,False,False,LAT3,2,True,False,4,0,True,False,False
문정민,10296,27,4,1,4,45.0,80.0,58.0,85.0,ROUGH,ROUGH,164.9,True,MID,58.0,85.0,77.0,31.0,ROUGH,False,3,3.0,False,False,LAT1,3,True,False,5,1,False,True,False
문정민,10296,27,4,3,4,72.0,82.0,63.0,74.0,ROUGH,ROUGH,166.7,True,NEAR,63.0,74.0,60.0,12.0,GREEN,True,2,10.1,False,False,LAT1,2,True,False,4,0,True,False,False
문정민,10296,27,4,9,4,42.0,113.0,43.0,54.0,ROUGH,ROUGH,106.5,True,NEAR,43.0,54.0,71.0,28.0,ROUGH,False,3,6.0,False,False,LAT3,2,True,False,5,1,False,True,False
문정민,10296,27,4,18,5,48.0,83.0,56.0,103.0,ROUGH,ROUGH,281.9,True,MID,56.0,103.0,60.0,41.0,FAIRWAY,True,3,2.2,False,False,LAT3,3,True,False,5,0,True,False,False
이서윤4,10481,53,1,6,4,84.0,83.0,76.0,82.0,ROUGH,ROUGH,161.8,True,MID,76.0,82.0,63.0,9.0,GREEN,True,2,15.9,False,False,LAT1,3,True,False,4,0,True,False,False
이서윤4,10481,53,1,7,5,45.0,130.0,51.0,103.0,BUNKER,BUNKER,264.9,True,NEAR,51.0,103.0,55.0,69.0,FAIRWAY,True,3,12.8,True,False,LAT1,3,False,False,5,0,True,False,False
이서윤4,10481,53,1,8,4,96.0,89.0,51.0,74.0,ROUGH,ROUGH,139.1,True,MID,51.0,74.0,76.0,11.0,FRINGE,False,3,0.4,False,False,LAT1,3,True,False,4,0,True,False,False
이서윤4,10481,53,1,9,4,84.0,97.0,59.0,58.0,ROUGH,ROUGH,106.9,True,NEAR,59.0,58.0,80.0,20.0,GREEN,True,2,14.1,False,False,LAT1,2,True,False,4,0,True,False,False
이서윤4,10481,53,1,14,4,70.0,117.0,84.0,71.0,ROUGH,ROUGH,123.4,True,NEAR,84.0,71.0,55.0,27.0,ROUGH,False,3,1.8,False,False,LAT2,2,True,False,4,0,True,False,False
이서윤4,10481,53,1,18,5,92.0,79.0,57.0,98.0,ROUGH,ROUGH,273.1,True,NEAR,57.0,98.0,57.0,36.0,FAIRWAY,True,3,8.0,False,False,LAT3,2,True,False,5,0,True,False,False
이서윤4,10481,53,2,3,4,69.0,100.0,61.0,73.0,ROUGH,ROUGH,155.4,True,NEAR,61.0,73.0,61.0,22.0,ROUGH,False,3,1.3,False,False,LAT1,2,True,False,4,0,True,False,False
이서윤4,10481,53,2,4,5,36.0,93.0,67.0,107.0,BUNKER,BUNKER,282.5,True,NEAR,67.0,107.0,74.0,57.0,FAIRWAY,True,3,14.3,True,False,LAT3,3,False,False,5,0,True,False,False
이서윤4,10481,53,2,6,4,31.0,111.0,81.0,78.0,ROUGH,ROUGH,149.0,True,NEAR,81.0,78.0,67.0,34.0,ROUGH,False,4,1.0,False,False,LAT1,2,True,False,5,1,False,True,False
이서윤4,10481,53,2,7,5,89.0,103.0,38.0,112.0,ROUGH,ROUGH,319.5,True,FAR,38.0,112.0,58.0,55.0,FAIRWAY,True,3,19.0,False,False,LAT3,4,False,True,5,0,True,False,False
이서윤4,10481,53,2,9,4,45.0,96.0,39.0,66.0,ROUGH,ROUGH,139.3,True,FAR,39.0,66.0,77.0,13.0,FRINGE,False,3,0.6,False,False,LAT3,4,False,True,4,0,True,False,False
이서윤4,10481,53,2,10,5,57.0,65.0,64.0,112.0,ROUGH,ROUGH,318.3,True,MID,64.0,112.0,64.0,53.0,ROUGH,True,3,4.2,False,False,LAT1,3,True,False,5,0,True,False,False
이서윤4,10481,53,2,13,4,88.0,112.0,66.0,62.0,BUNKER,BUNKER,78.7,True,NEAR,66.0,62.0,63.0,44.0,ROUGH,False,3,9.4,True,False,LAT3,3,False,False,5,1,False,True,False
이서윤4,10481,53,2,14,4,39.0,83.0,88.0,71.0,ROUGH,ROUGH,148.1,True,FAR,88.0,71.0,47.0,10.0,ROUGH,False,3,1.2,False,False,LAT1,4,False,True,4,0,True,False,False
이서윤4,10481,53,2,15,4,31.0,130.0,60.0,77.0,ROUGH,ROUGH,157.2,True,MID,60.0,77.0,58.0,25.0,ROUGH,False,,,False,False,LAT3,3,True,False,3,-1,True,False,False
이서윤4,10481,53,2,17,4,87.0,87.0,46.0,75.0,ROUGH,ROUGH,134.5,True,MID,46.0,75.0,63.0,19.0,GREEN,True,2,5.9,False,False,LAT3,3,True,False,4,0,True,False,False
이서윤4,10481,53,3,1,4,89.0,99.0,57.0,85.0,ROUGH,ROUGH,163.7,True,MID,57.0,85.0,75.0,24.0,ROUGH,False,3,8.1,False,False,LAT1,3,True,False,6,2,False,True,True
이서윤4,10481,53,3,3,4,48.0,79.0,62.0,78.0,ROUGH,ROUGH,180.1,True,NEAR,62.0,78.0,61.0,5.0,ROUGH,False,4,1.1,False,False,LAT1,2,True,False,5,1,False,True,False
이서윤4,10481,53,3,8,4,90.0,116.0,21.0,75.0,LOST_BALL,OTHER,,False,,21.0,75.0,65.0,188.0,PENALTY_STROKE,False,5,2.0,True,True,LAT3,8,False,True,6,2,False,True,True
이서윤4,10481,53,3,10,5,50.0,85.0,63.0,110.0,ROUGH,ROUGH,303.8,True,NEAR,63.0,110.0,64.0,54.0,ROUGH,True,3,6.8,False,False,LAT1,2,True,False,5,0,True,False,False
이서윤4,10481,53,3,13,4,39.0,84.0,89.0,70.0,ROUGH,ROUGH,138.0,True,FAR,89.0,70.0,46.0,16.0,ROUGH,False,3,0.7,False,False,LAT1,4,False,True,4,0,True,False,False
이서윤4,10481,53,3,15,4,56.0,79.0,70.0,72.0,ROUGH,ROUGH,163.7,True,MID,70.0,72.0,65.0,7.0,GREEN,True,2,5.7,False,False,LAT1,3,True,False,4,0,True,False,False
이서윤4,10481,53,3,17,4,44.0,104.0,43.0,80.0,ROUGH,ROUGH,134.8,True,MID,43.0,80.0,62.0,12.0,GREEN,True,2,20.5,False,False,LAT3,3,True,False,5,1,False,True,False
이서윤4,10481,53,4,3,4,72.0,82.0,60.0,77.0,ROUGH,ROUGH,174.9,True,NEAR,60.0,77.0,58.0,16.0,GREEN,True,2,21.8,False,False,LAT1,2,True,False,4,0,True,False,False
이서윤4,10481,53,4,10,5,80.0,97.0,66.0,109.0,ROUGH,ROUGH,296.4,True,NEAR,66.0,109.0,59.0,57.0,FAIRWAY,False,4,9.0,False,False,LAT1,2,True,False,6,1,False,True,False
이서윤4,10481,53,4,14,4,83.0,117.0,78.0,79.0,ROUGH,ROUGH,130.2,True,NEAR,78.0,79.0,58.0,22.0,GREEN,True,2,5.6,False,False,LAT3,2,True,False,5,1,False,True,False
이서윤4,10481,53,4,15,4,81.0,77.0,57.0,65.0,ROUGH,ROUGH,150.2,True,MID,57.0,65.0,65.0,1.0,ROUGH,False,3,1.6,False,False,LAT3,3,True,False,5,1,False,True,False
이서윤4,10481,53,4,18,5,48.0,83.0,56.0,101.0,ROUGH,ROUGH,277.9,True,MID,56.0,101.0,61.0,38.0,FAIRWAY,True,3,6.9,False,False,LAT3,3,True,False,5,0,True,False,False
현세린,10531,14,1,8,4,96.0,89.0,53.0,81.0,ROUGH,ROUGH,152.2,True,MID,53.0,81.0,61.0,10.0,FRINGE,False,3,9.2,False,False,LAT1,3,True,False,5,1,False,True,False
현세린,10531,14,1,9,4,84.0,97.0,61.0,55.0,ROUGH,ROUGH,99.1,True,NEAR,61.0,55.0,85.0,21.0,GREEN,True,2,7.1,False,False,LAT1,2,True,False,4,0,True,False,False
현세린,10531,14,1,12,4,93.0,115.0,84.0,73.0,ROUGH,ROUGH,131.2,True,NEAR,84.0,73.0,64.0,26.0,GREEN,True,2,12.3,False,False,LAT1,2,True,False,5,1,False,True,False
현세린,10531,14,1,13,4,84.0,92.0,96.0,77.0,ROUGH,ROUGH,143.7,True,FAR,96.0,77.0,58.0,27.0,GREEN,True,2,13.6,False,False,LAT1,4,False,True,4,0,True,False,False
현세린,10531,14,1,14,4,70.0,117.0,99.0,73.0,ROUGH,ROUGH,146.0,True,MID,99.0,73.0,79.0,59.0,ROUGH,False,3,10.5,False,False,LAT1,3,True,False,5,1,False,True,False
현세린,10531,14,2,6,4,31.0,111.0,60.0,92.0,ROUGH,ROUGH,171.3,True,MID,60.0,92.0,50.0,15.0,ROUGH,False,3,1.6,False,False,LAT3,3,True,False,4,0,True,False,False
현세린,10531,14,2,8,4,44.0,121.0,56.0,71.0,ROUGH,ROUGH,111.4,True,NEAR,56.0,71.0,58.0,26.0,ROUGH,False,3,3.5,False,False,LAT1,2,True,False,5,1,False,True,False
현세린,10531,14,2,9,4,45.0,96.0,40.0,64.0,ROUGH,ROUGH,133.9,True,MID,40.0,64.0,76.0,17.0,FRINGE,False,3,0.5,False,False,LAT3,3,True,False,4,0,True,False,False
현세린,10531,14,2,10,5,57.0,65.0,65.0,117.0,ROUGH,ROUGH,334.8,True,FAR,65.0,117.0,61.0,59.0,ROUGH,False,4,1.1,False,False,LAT1,4,False,True,5,0,True,False,False
현세린,10531,14,2,14,4,39.0,83.0,93.0,75.0,ROUGH,ROUGH,160.2,True,FAR,93.0,75.0,50.0,20.0,GREEN,True,2,12.4,False,False,LAT1,4,False,True,4,0,True,False,False
현세린,10531,14,2,15,4,31.0,130.0,69.0,74.0,ROUGH,ROUGH,148.5,True,NEAR,69.0,74.0,62.0,16.0,GREEN,True,2,3.4,False,False,LAT1,2,True,False,4,0,True,False,False
현세린,10531,14,3,1,4,89.0,99.0,56.0,81.0,ROUGH,ROUGH,157.7,True,NEAR,56.0,81.0,85.0,8.0,ROUGH,False,3,1.0,False,False,LAT1,2,True,False,4,0,True,False,False
현세린,10531,14,3,3,4,48.0,79.0,62.0,83.0,ROUGH,ROUGH,191.8,True,MID,62.0,83.0,64.0,6.0,FRINGE,False,3,0.4,False,False,LAT1,3,True,False,4,0,True,False,False
현세린,10531,14,3,6,4,65.0,69.0,60.0,90.0,ROUGH,ROUGH,186.1,True,FAR,60.0,90.0,63.0,5.0,ROUGH,False,3,2.8,False,False,LAT3,4,False,True,4,0,True,False,False
현세린,10531,14,3,7,5,63.0,79.0,54.0,104.0,ROUGH,ROUGH,290.5,True,MID,54.0,104.0,55.0,66.0,FAIRWAY,True,3,12.3,False,False,LAT1,3,True,False,5,0,True,False,False
현세린,10531,14,3,9,4,56.0,142.0,38.0,69.0,ROUGH,ROUGH,133.7,True,MID,38.0,69.0,82.0,22.0,GREEN,True,2,9.8,False,False,LAT3,3,True,False,4,0,True,False,False
현세린,10531,14,3,10,5,50.0,85.0,63.0,115.0,ROUGH,ROUGH,320.3,True,MID,63.0,115.0,65.0,62.0,ROUGH,True,3,19.2,False,False,LAT1,3,True,False,5,0,True,False,False
현세린,10531,14,3,13,4,39.0,84.0,72.0,64.0,BUNKER,BUNKER,108.7,True,MID,72.0,64.0,53.0,28.0,FRINGE,False,3,1.3,True,False,LAT3,4,False,False,4,0,True,False,False
현세린,10531,14,3,15,4,56.0,79.0,71.0,70.0,ROUGH,ROUGH,157.5,True,MID,71.0,70.0,65.0,11.0,GREEN,True,2,5.9,False,False,LAT1,3,True,False,4,0,True,False,False
현세린,10531,14,3,17,4,44.0,104.0,44.0,86.0,ROUGH,ROUGH,146.3,True,FAR,44.0,86.0,61.0,9.0,FRINGE,False,3,3.8,False,False,LAT3,4,False,True,4,0,True,False,False
현세린,10531,14,3,18,5,74.0,113.0,57.0,107.0,ROUGH,ROUGH,284.5,True,MID,57.0,107.0,61.0,49.0,FAIRWAY,True,3,1.6,False,False,LAT3,3,True,False,4,-1,True,False,False
현세린,10531,14,4,1,4,45.0,80.0,62.0,82.0,BUNKER,BUNKER,155.5,True,NEAR,62.0,82.0,86.0,12.0,FRINGE,False,3,0.9,True,False,LAT1,3,False,False,4,0,True,False,False
현세린,10531,14,4,4,5,40.0,105.0,70.0,110.0,ROUGH,ROUGH,286.6,True,NEAR,70.0,110.0,77.0,49.0,ROUGH,True,3,3.0,False,False,LAT3,2,True,False,5,0,True,False,False
현세린,10531,14,4,9,4,42.0,113.0,41.0,59.0,ROUGH,ROUGH,118.9,True,NEAR,41.0,59.0,75.0,20.0,FRINGE,False,3,0.4,False,False,LAT3,2,True,False,4,0,True,False,False
현세린,10531,14,4,12,4,68.0,122.0,76.0,81.0,ROUGH,ROUGH,144.7,True,NEAR,76.0,81.0,65.0,20.0,GREEN,True,2,10.1,False,False,LAT3,2,True,False,4,0,True,False,False
현세린,10531,14,4,13,4,59.0,79.0,87.0,67.0,ROUGH,ROUGH,128.0,True,FAR,87.0,67.0,53.0,22.0,GREEN,True,2,8.4,False,False,LAT1,4,False,True,4,0,True,False,False
현세린,10531,14,4,17,4,75.0,110.0,65.0,77.0,ROUGH,ROUGH,121.1,True,NEAR,65.0,77.0,66.0,26.0,GREENSIDE_BUNKER,False,3,3.9,False,False,LAT1,2,True,False,4,0,True,False,False
현세린,10531,14,4,18,5,48.0,83.0,66.0,105.0,ROUGH,ROUGH,285.0,True,MID,66.0,105.0,59.0,59.0,FAIRWAY,True,3,6.5,False,False,LAT1,3,True,False,5,0,True,False,False
최예본,10577,5,1,4,5,94.0,111.0,68.0,116.0,ROUGH,ROUGH,302.9,True,MID,68.0,116.0,73.0,63.0,FAIRWAY,False,4,1.9,False,False,LAT3,3,True,False,6,1,False,True,False
최예본,10577,5,1,12,4,93.0,115.0,84.0,72.0,ROUGH,ROUGH,126.6,True,NEAR,84.0,72.0,67.0,24.0,GREEN,True,2,4.0,False,False,LAT1,2,True,False,4,0,True,False,False
최예본,10577,5,2,8,4,44.0,121.0,51.0,81.0,ROUGH,ROUGH,133.2,True,NEAR,51.0,81.0,60.0,11.0,FRINGE,False,3,0.5,False,False,LAT1,2,True,False,4,0,True,False,False
최예본,10577,5,2,14,4,39.0,83.0,79.0,77.0,ROUGH,ROUGH,148.6,True,FAR,79.0,77.0,45.0,12.0,ROUGH,False,3,10.4,False,False,LAT3,4,False,True,6,2,False,True,True
최예본,10577,5,2,17,4,87.0,87.0,42.0,81.0,ROUGH,ROUGH,148.8,True,FAR,42.0,81.0,64.0,12.0,GREEN,True,2,8.8,False,False,LAT3,4,False,True,3,-1,True,False,False
최예본,10577,5,3,8,4,90.0,116.0,37.0,77.0,ROUGH,ROUGH,147.1,True,MID,37.0,77.0,57.0,19.0,FRINGE,False,3,16.0,False,False,LAT3,3,True,False,5,1,False,True,False
최예본,10577,5,3,9,4,56.0,142.0,38.0,69.0,ROUGH,ROUGH,134.6,True,MID,38.0,69.0,87.0,13.0,GREEN,True,2,33.8,False,False,LAT3,3,True,False,5,1,False,True,False
최예본,10577,5,3,15,4,56.0,79.0,56.0,48.0,ROUGH,ROUGH,105.7,True,NEAR,56.0,48.0,66.0,8.0,GREEN,True,2,3.6,False,False,LAT3,2,True,False,4,0,True,False,False
최예본,10577,5,4,7,5,84.0,80.0,38.0,109.0,ROUGH,ROUGH,320.0,True,FAR,38.0,109.0,59.0,58.0,FAIRWAY,False,4,1.6,False,False,LAT3,4,False,True,5,0,True,False,False
최예본,10577,5,4,10,5,80.0,97.0,66.0,109.0,ROUGH,ROUGH,297.4,True,NEAR,66.0,109.0,61.0,50.0,FAIRWAY,True,3,3.5,False,False,LAT1,2,True,False,5,0,True,False,False
최예본,10577,5,4,14,4,83.0,117.0,94.0,77.0,ROUGH,ROUGH,142.2,True,MID,94.0,77.0,59.0,26.0,GREEN,True,2,9.2,False,False,LAT1,3,True,False,4,0,True,False,False
최예본,10577,5,4,17,4,75.0,110.0,47.0,82.0,ROUGH,ROUGH,135.9,True,MID,47.0,82.0,65.0,11.0,ROUGH,False,,,False,False,LAT3,3,True,False,3,-1,True,False,False
최예본,10577,5,4,18,5,48.0,83.0,57.0,101.0,ROUGH,ROUGH,275.5,True,NEAR,57.0,101.0,61.0,41.0,FAIRWAY,True,3,9.7,False,False,LAT3,2,True,False,5,0,True,False,False
홍진영2,10586,9,1,7,5,45.0,130.0,39.0,106.0,ROUGH,ROUGH,280.4,True,NEAR,39.0,106.0,63.0,41.0,FAIRWAY,True,3,4.5,False,False,LAT3,2,True,False,5,0,True,False,False
홍진영2,10586,9,1,12,4,93.0,115.0,91.0,85.0,ROUGH,ROUGH,162.4,True,MID,91.0,85.0,64.0,20.0,GREEN,True,2,9.8,False,False,LAT1,3,True,False,4,0,True,False,False
홍진영2,10586,9,1,15,4,58.0,114.0,70.0,78.0,ROUGH,ROUGH,165.2,True,MID,70.0,78.0,59.0,14.0,ROUGH,False,3,2.0,False,False,LAT1,3,True,False,5,1,False,True,False
홍진영2,10586,9,1,18,5,92.0,79.0,57.0,104.0,ROUGH,ROUGH,290.2,True,FAR,57.0,104.0,59.0,42.0,FAIRWAY,True,3,4.2,False,False,LAT3,4,False,True,5,0,True,False,False
홍진영2,10586,9,2,13,4,88.0,112.0,70.0,72.0,BUNKER,BUNKER,102.6,True,NEAR,70.0,72.0,63.0,43.0,ROUGH,False,3,2.3,True,False,LAT3,3,False,False,4,0,True,False,False
홍진영2,10586,9,2,17,4,87.0,87.0,46.0,86.0,ROUGH,ROUGH,156.8,True,FAR,46.0,86.0,62.0,30.0,ROUGH,False,3,4.0,False,False,LAT3,4,False,True,5,1,False,True,False
홍진영2,10586,9,3,9,4,56.0,142.0,39.0,64.0,ROUGH,ROUGH,125.0,True,MID,39.0,64.0,85.0,8.0,ROUGH,False,4,0.4,False,False,LAT3,3,True,False,5,1,False,True,False
홍진영2,10586,9,3,12,4,83.0,114.0,85.0,79.0,ROUGH,ROUGH,147.8,True,NEAR,85.0,79.0,66.0,27.0,ROUGH,False,3,3.0,False,False,LAT1,2,True,False,4,0,True,False,False
홍진영2,10586,9,3,14,4,68.0,108.0,90.0,72.0,ROUGH,ROUGH,135.8,True,MID,90.0,72.0,47.0,21.0,GREEN,True,2,12.0,False,False,LAT1,3,True,False,4,0,True,False,False
홍진영2,10586,9,4,1,4,45.0,80.0,53.0,84.0,ROUGH,ROUGH,166.2,True,MID,53.0,84.0,84.0,11.0,GREEN,True,2,15.6,False,False,LAT2,3,True,False,3,-1,True,False,False
홍진영2,10586,9,4,8,4,38.0,108.0,55.0,69.0,ROUGH,ROUGH,112.9,True,NEAR,55.0,69.0,60.0,11.0,FRINGE,False,3,3.2,False,False,LAT1,2,True,False,4,0,True,False,False
홍진영2,10586,9,4,9,4,42.0,113.0,40.0,61.0,ROUGH,ROUGH,122.6,True,MID,40.0,61.0,78.0,23.0,GREEN,True,2,5.7,False,False,LAT3,3,True,False,4,0,True,False,False
홍진영2,10586,9,4,12,4,68.0,122.0,91.0,84.0,ROUGH,ROUGH,162.0,True,MID,91.0,84.0,70.0,34.0,ROUGH,False,4,4.1,False,False,LAT1,3,True,False,6,2,False,True,True
홍진영2,10586,9,4,13,4,59.0,79.0,72.0,70.0,ROUGH,ROUGH,119.0,True,MID,72.0,70.0,60.0,39.0,ROUGH,False,3,2.0,False,False,LAT3,3,True,False,4,0,True,False,False
홍진영2,10586,9,4,15,4,81.0,77.0,60.0,76.0,ROUGH,ROUGH,177.4,True,FAR,60.0,76.0,64.0,14.0,GREEN,True,2,22.2,False,False,LAT3,4,False,True,4,0,True,False,False
홍진영2,10586,9,4,18,5,48.0,83.0,66.0,109.0,ROUGH,ROUGH,298.4,True,FAR,66.0,109.0,59.0,47.0,FAIRWAY,True,3,4.9,False,False,LAT1,4,False,True,4,-1,True,False,False
김민솔,10725,2,1,1,4,51.0,61.0,62.0,77.0,BUNKER,BUNKER,153.6,True,NEAR,62.0,77.0,84.0,29.0,ROUGH,False,3,4.7,True,False,LAT1,3,False,False,4,0,True,False,False
김민솔,10725,2,1,4,5,94.0,111.0,66.0,105.0,BUNKER,BUNKER,269.9,True,NEAR,66.0,105.0,74.0,56.0,FAIRWAY,True,3,12.4,True,False,LAT3,3,False,False,5,0,True,False,False
김민솔,10725,2,1,6,4,84.0,83.0,60.0,76.0,ROUGH,ROUGH,145.8,True,NEAR,60.0,76.0,68.0,8.0,FRINGE,False,3,0.3,False,False,LAT3,2,True,False,4,0,True,False,False
김민솔,10725,2,1,8,4,96.0,89.0,53.0,78.0,ROUGH,ROUGH,145.2,True,MID,53.0,78.0,65.0,7.0,FRINGE,False,3,4.5,False,False,LAT1,3,True,False,4,0,True,False,False
김민솔,10725,2,1,10,5,88.0,115.0,54.0,104.0,ROUGH,ROUGH,280.3,True,NEAR,54.0,104.0,61.0,54.0,FAIRWAY,True,3,4.6,False,False,LAT3,2,True,False,4,-1,True,False,False
김민솔,10725,2,1,18,5,92.0,79.0,57.0,100.0,ROUGH,ROUGH,278.9,True,MID,57.0,100.0,56.0,33.0,ROUGH,True,3,5.4,False,False,LAT3,3,True,False,5,0,True,False,False
김민솔,10725,2,2,3,4,69.0,100.0,47.0,74.0,ROUGH,ROUGH,164.0,True,NEAR,47.0,74.0,61.0,9.0,GREEN,True,2,13.9,False,False,LAT3,2,True,False,3,-1,True,False,False
김민솔,10725,2,2,4,5,36.0,93.0,82.0,104.0,ROUGH,ROUGH,280.3,True,NEAR,82.0,104.0,74.0,69.0,FAIRWAY,True,3,5.7,False,False,LAT1,2,True,False,5,0,True,False,False
김민솔,10725,2,2,7,5,89.0,103.0,43.0,94.0,ROUGH,ROUGH,260.9,True,NEAR,43.0,94.0,57.0,39.0,ROUGH,True,3,13.5,False,False,LAT3,2,True,False,5,0,True,False,False
김민솔,10725,2,2,8,4,44.0,121.0,32.0,81.0,ROUGH,ROUGH,147.3,True,MID,32.0,81.0,67.0,6.0,ROUGH,False,3,1.4,False,False,LAT3,3,True,False,4,0,True,False,False
김민솔,10725,2,2,15,4,31.0,130.0,54.0,50.0,ROUGH,ROUGH,88.6,True,NEAR,54.0,50.0,62.0,22.0,ROUGH,False,3,1.4,False,False,LAT3,2,True,False,5,1,False,True,False
김민솔,10725,2,2,18,5,39.0,110.0,66.0,102.0,ROUGH,ROUGH,266.4,True,NEAR,66.0,102.0,55.0,52.0,ROUGH,True,3,24.1,False,False,LAT1,2,True,False,5,0,True,False,False
김민솔,10725,2,3,1,4,89.0,99.0,63.0,77.0,BUNKER,BUNKER,142.8,True,NEAR,63.0,77.0,81.0,19.0,GREEN,True,2,10.8,True,False,LAT1,3,False,False,4,0,True,False,False
김민솔,10725,2,3,4,5,94.0,95.0,72.0,103.0,ROUGH,ROUGH,268.7,True,NEAR,72.0,103.0,70.0,43.0,FAIRWAY,True,3,6.3,False,False,LAT2,2,True,False,5,0,True,False,False
김민솔,10725,2,3,6,4,65.0,69.0,61.0,72.0,ROUGH,ROUGH,143.0,True,NEAR,61.0,72.0,66.0,7.0,FRINGE,False,3,1.2,False,False,LAT3,2,True,False,5,1,False,True,False
김민솔,10725,2,3,13,4,39.0,84.0,67.0,66.0,BUNKER,BUNKER,107.1,True,MID,67.0,66.0,52.0,15.0,FRINGE,False,3,3.0,True,False,LAT3,4,False,False,4,0,True,False,False
김민솔,10725,2,3,14,4,68.0,108.0,78.0,125.0,PENALTY_AREA,PENALTY_AREA,,False,,78.0,125.0,68.0,137.0,PENALTY_STROKE,False,4,6.9,True,True,LAT3,7,False,True,6,2,False,True,True
김민솔,10725,2,3,15,4,56.0,79.0,54.0,54.0,ROUGH,ROUGH,121.2,True,NEAR,54.0,54.0,59.0,13.0,ROUGH,False,3,2.6,False,False,LAT3,2,True,False,4,0,True,False,False
김민솔,10725,2,4,7,5,84.0,80.0,39.0,98.0,ROUGH,ROUGH,287.0,True,MID,39.0,98.0,54.0,69.0,FAIRWAY,True,3,21.2,False,False,LAT3,3,True,False,5,0,True,False,False
김민솔,10725,2,4,9,4,42.0,113.0,49.0,52.0,ROUGH,ROUGH,95.7,True,NEAR,49.0,52.0,81.0,22.0,GREEN,True,2,7.3,False,False,LAT3,2,True,False,4,0,True,False,False
김민솔,10725,2,4,13,4,59.0,79.0,81.0,52.0,ROUGH,ROUGH,93.5,True,NEAR,81.0,52.0,52.0,21.0,GREEN,True,2,6.6,False,False,LAT1,2,True,False,4,0,True,False,False
김가희2,10726,27,1,4,5,94.0,111.0,69.0,113.0,ROUGH,ROUGH,293.1,True,MID,69.0,113.0,76.0,53.0,ROUGH,False,4,1.3,False,False,LAT3,3,True,False,5,0,True,False,False
김가희2,10726,27,1,7,5,45.0,130.0,50.0,103.0,BUNKER,BUNKER,263.9,True,NEAR,50.0,103.0,56.0,67.0,FAIRWAY,True,3,12.2,True,False,LAT1,3,False,False,5,0,True,False,False
김가희2,10726,27,1,10,5,88.0,115.0,65.0,116.0,ROUGH,ROUGH,311.6,True,MID,65.0,116.0,57.0,60.0,FAIRWAY,True,3,18.1,False,False,LAT1,3,True,False,6,1,False,True,False
김가희2,10726,27,1,12,4,93.0,115.0,90.0,90.0,ROUGH,ROUGH,174.7,True,FAR,90.0,90.0,73.0,23.0,GREENSIDE_BUNKER,False,3,1.4,False,False,LAT1,4,False,True,4,0,True,False,False
김가희2,10726,27,1,17,4,48.0,120.0,45.0,88.0,ROUGH,ROUGH,143.3,True,MID,45.0,88.0,63.0,14.0,GREEN,True,2,22.7,False,False,LAT3,3,True,False,4,0,True,False,False
김가희2,10726,27,2,1,4,47.0,106.0,62.0,82.0,BUNKER,BUNKER,145.4,True,NEAR,62.0,82.0,80.0,20.0,GREEN,True,2,5.8,True,False,LAT1,3,False,False,4,0,True,False,False
김가희2,10726,27,2,9,4,45.0,96.0,55.0,64.0,ROUGH,ROUGH,116.5,True,NEAR,55.0,64.0,82.0,11.0,GREEN,True,2,17.9,False,False,LAT1,2,True,False,4,0,True,False,False
김가희2,10726,27,2,10,5,57.0,65.0,63.0,110.0,ROUGH,ROUGH,312.6,True,MID,63.0,110.0,65.0,50.0,ROUGH,False,4,2.7,False,False,LAT1,3,True,False,6,1,False,True,False
김가희2,10726,27,2,14,4,39.0,83.0,80.0,76.0,ROUGH,ROUGH,146.3,True,MID,80.0,76.0,70.0,50.0,BUNKER,False,3,22.4,False,False,LAT3,3,True,False,5,1,False,True,False
김가희2,10726,27,3,1,4,89.0,99.0,55.0,81.0,ROUGH,ROUGH,158.0,True,NEAR,55.0,81.0,88.0,15.0,ROUGH,False,3,0.8,False,False,LAT1,2,True,False,4,0,True,False,False
김가희2,10726,27,3,8,4,90.0,116.0,31.0,77.0,ROUGH,ROUGH,153.6,True,FAR,31.0,77.0,70.0,2.0,ROUGH,False,4,0.5,False,False,LAT3,4,False,True,5,1,False,True,False
김가희2,10726,27,3,13,4,39.0,84.0,93.0,69.0,ROUGH,ROUGH,143.2,True,FAR,93.0,69.0,53.0,30.0,GREENSIDE_BUNKER,False,3,7.0,False,False,LAT1,4,False,True,5,1,False,True,False
김가희2,10726,27,3,15,4,56.0,79.0,57.0,63.0,ROUGH,ROUGH,141.2,True,NEAR,57.0,63.0,70.0,5.0,FRINGE,False,3,0.8,False,False,LAT3,2,True,False,4,0,True,False,False
김가희2,10726,27,4,6,4,73.0,113.0,72.0,76.0,ROUGH,ROUGH,132.8,True,NEAR,72.0,76.0,58.0,18.0,GREEN,True,2,19.6,False,False,LAT1,2,True,False,4,0,True,False,False
김가희2,10726,27,4,8,4,38.0,108.0,55.0,85.0,ROUGH,ROUGH,146.7,True,MID,55.0,85.0,47.0,68.0,FAIRWAY,False,3,2.9,False,False,LAT1,3,True,False,4,0,True,False,False
김가희2,10726,27,4,9,4,42.0,113.0,45.0,58.0,ROUGH,ROUGH,111.0,True,NEAR,45.0,58.0,82.0,18.0,GREEN,True,2,11.6,False,False,LAT3,2,True,False,4,0,True,False,False
김가희2,10726,27,4,10,5,80.0,97.0,64.0,111.0,ROUGH,ROUGH,303.1,True,NEAR,64.0,111.0,59.0,50.0,FAIRWAY,True,3,19.8,False,False,LAT1,2,True,False,6,1,False,True,False
김가희2,10726,27,4,13,4,59.0,79.0,67.0,66.0,BUNKER,BUNKER,106.6,True,NEAR,67.0,66.0,53.0,30.0,GREENSIDE_BUNKER,False,3,3.3,True,False,LAT3,3,False,False,5,1,False,True,False
김가희2,10726,27,4,17,4,75.0,110.0,48.0,80.0,ROUGH,ROUGH,131.3,True,NEAR,48.0,80.0,61.0,20.0,GREEN,True,2,2.9,False,False,LAT3,2,True,False,4,0,True,False,False
황민정,10727,,1,4,5,94.0,111.0,79.0,117.0,ROUGH,ROUGH,306.9,True,FAR,79.0,117.0,76.0,70.0,FAIRWAY,False,4,5.5,False,False,LAT1,4,False,True,5,0,True,False,False
황민정,10727,,1,8,4,96.0,89.0,51.0,83.0,ROUGH,ROUGH,157.7,True,FAR,51.0,83.0,62.0,14.0,GREEN,True,2,25.6,False,False,LAT1,4,False,True,5,1,False,True,False
황민정,10727,,1,12,4,93.0,115.0,68.0,111.0,ROUGH,ROUGH,216.9,True,FAR,68.0,111.0,47.0,81.0,ROUGH,False,4,13.1,False,False,LAT3,4,False,True,6,2,False,True,True
황민정,10727,,1,17,4,48.0,120.0,46.0,86.0,ROUGH,ROUGH,139.8,True,MID,46.0,86.0,66.0,12.0,ROUGH,False,3,1.7,False,False,LAT3,3,True,False,4,0,True,False,False
황민정,10727,,2,1,4,47.0,106.0,54.0,89.0,ROUGH,ROUGH,164.3,True,MID,54.0,89.0,75.0,30.0,ROUGH,False,3,3.0,False,False,LAT1,3,True,False,4,0,True,False,False
황민정,10727,,2,4,5,36.0,93.0,59.0,117.0,LOST_BALL,OTHER,,False,,59.0,117.0,63.0,187.0,PENALTY_STROKE,False,5,17.8,True,True,LAT3,8,False,True,7,2,False,True,True
황민정,10727,,2,8,4,44.0,121.0,34.0,80.0,ROUGH,ROUGH,143.9,True,MID,34.0,80.0,68.0,12.0,GREEN,True,2,17.6,False,False,LAT3,3,True,False,4,0,True,False,False
황민정,10727,,2,10,5,57.0,65.0,67.0,118.0,ROUGH,ROUGH,338.6,True,FAR,67.0,118.0,58.0,72.0,FAIRWAY,False,4,1.1,False,False,LAT1,4,False,True,5,0,True,False,False
황민정,10727,,2,12,4,63.0,80.0,76.0,92.0,BUNKER,BUNKER,189.5,True,FAR,76.0,92.0,74.0,51.0,FAIRWAY,False,3,12.7,True,False,LAT3,5,False,True,5,1,False,True,False
황민정,10727,,2,13,4,88.0,112.0,68.0,72.0,BUNKER,BUNKER,101.4,True,NEAR,68.0,72.0,63.0,32.0,FRINGE,False,4,1.6,True,False,LAT3,3,False,False,5,1,False,True,False
황민정,10727,,2,15,4,31.0,130.0,57.0,56.0,ROUGH,ROUGH,103.4,True,NEAR,57.0,56.0,63.0,15.0,GREEN,True,2,4.0,False,False,LAT3,2,True,False,4,0,True,False,False
황민정,10727,,2,18,5,39.0,110.0,65.0,107.0,ROUGH,ROUGH,281.1,True,MID,65.0,107.0,52.0,56.0,ROUGH,False,4,8.9,False,False,LAT1,3,True,False,6,1,False,True,False
리 슈잉,10789,,1,8,4,96.0,89.0,26.0,77.0,ROUGH,ROUGH,170.5,True,FAR,26.0,77.0,66.0,188.0,PENALTY_STROKE,False,5,5.4,False,True,LAT3,6,False,True,7,3,False,True,True
리 슈잉,10789,,1,12,4,93.0,115.0,88.0,82.0,ROUGH,ROUGH,154.4,True,MID,88.0,82.0,68.0,25.0,FRINGE,False,3,1.1,False,False,LAT1,3,True,False,4,0,True,False,False
리 슈잉,10789,,1,13,4,84.0,92.0,71.0,71.0,ROUGH,ROUGH,111.8,True,MID,71.0,71.0,67.0,60.0,BUNKER,False,4,1.6,False,False,LAT3,3,True,False,5,1,False,True,False
리 슈잉,10789,,1,17,4,48.0,120.0,59.0,81.0,ROUGH,ROUGH,126.0,True,NEAR,59.0,81.0,60.0,34.0,ROUGH,False,3,1.7,False,False,LAT1,2,True,False,5,1,False,True,False
리 슈잉,10789,,2,4,5,36.0,93.0,83.0,105.0,ROUGH,ROUGH,282.7,True,NEAR,83.0,105.0,78.0,43.0,BUNKER,True,3,17.4,False,False,LAT1,2,True,False,5,0,True,False,False
리 슈잉,10789,,2,8,4,44.0,121.0,50.0,77.0,ROUGH,ROUGH,125.2,True,NEAR,50.0,77.0,57.0,37.0,PENALTY_AREA,False,4,2.6,False,True,LAT1,4,False,True,5,1,False,True,False
리 슈잉,10789,,2,10,5,57.0,65.0,64.0,116.0,ROUGH,ROUGH,329.9,True,FAR,64.0,116.0,58.0,55.0,FAIRWAY,False,4,0.8,False,False,LAT1,4,False,True,5,0,True,False,False
리 슈잉,10789,,2,12,4,63.0,80.0,86.0,78.0,ROUGH,ROUGH,162.7,True,MID,86.0,78.0,62.0,14.0,GREEN,True,2,4.8,False,False,LAT1,3,True,False,4,0,True,False,False
리 슈잉,10789,,2,14,4,39.0,83.0,79.0,77.0,ROUGH,ROUGH,148.4,True,FAR,79.0,77.0,55.0,46.0,ROUGH,False,3,1.7,False,False,LAT3,4,False,True,5,1,False,True,False
리 슈잉,10789,,2,15,4,31.0,130.0,59.0,71.0,ROUGH,ROUGH,140.7,True,NEAR,59.0,71.0,64.0,6.0,GREEN,True,2,27.3,False,False,LAT3,2,True,False,5,1,False,True,False
리 슈잉,10789,,2,17,4,87.0,87.0,46.0,83.0,ROUGH,ROUGH,151.1,True,FAR,46.0,83.0,66.0,14.0,ROUGH,False,3,2.5,False,False,LAT3,4,False,True,4,0,True,False,False
리 슈잉,10789,,2,18,5,39.0,110.0,67.0,108.0,ROUGH,ROUGH,284.9,True,MID,67.0,108.0,65.0,57.0,PENALTY_AREA,False,5,4.5,False,True,LAT1,5,False,True,6,1,False,True,False
김하은2,10790,40,1,1,4,51.0,61.0,44.0,85.0,ROUGH,ROUGH,183.1,True,FAR,44.0,85.0,77.0,6.0,ROUGH,False,3,1.4,False,False,LAT3,4,False,True,4,0,True,False,False
김하은2,10790,40,1,9,4,84.0,97.0,36.0,69.0,ROUGH,ROUGH,158.6,True,FAR,36.0,69.0,90.0,14.0,ROUGH,False,3,7.8,False,False,LAT3,4,False,True,5,1,False,True,False
김하은2,10790,40,1,10,5,88.0,115.0,67.0,122.0,ROUGH,ROUGH,329.1,True,FAR,67.0,122.0,59.0,79.0,FAIRWAY,False,5,2.5,False,False,LAT1,4,False,True,6,1,False,True,False
김하은2,10790,40,1,12,4,93.0,115.0,74.0,85.0,ROUGH,ROUGH,155.2,True,MID,74.0,85.0,69.0,27.0,ROUGH,False,3,2.5,False,False,LAT3,3,True,False,4,0,True,False,False
김하은2,10790,40,1,15,4,58.0,114.0,60.0,75.0,ROUGH,ROUGH,158.8,True,MID,60.0,75.0,64.0,20.0,GREEN,True,2,16.3,False,False,LAT3,3,True,False,4,0,True,False,False
김하은2,10790,40,1,17,4,48.0,120.0,44.0,82.0,ROUGH,ROUGH,131.4,True,NEAR,44.0,82.0,61.0,14.0,GREEN,True,2,20.2,False,False,LAT3,2,True,False,5,1,False,True,False
김하은2,10790,40,2,1,4,47.0,106.0,42.0,88.0,ROUGH,ROUGH,173.1,True,FAR,42.0,88.0,76.0,27.0,ROUGH,False,3,1.0,False,False,LAT3,4,False,True,4,0,True,False,False
김하은2,10790,40,2,6,4,31.0,111.0,60.0,89.0,ROUGH,ROUGH,164.4,True,MID,60.0,89.0,59.0,16.0,GREEN,True,2,7.0,False,False,LAT3,3,True,False,4,0,True,False,False
김하은2,10790,40,2,9,4,45.0,96.0,32.0,80.0,ROUGH,ROUGH,173.4,True,FAR,32.0,80.0,49.0,58.0,FAIRWAY,False,3,3.0,False,False,LAT3,4,False,True,4,0,True,False,False
김하은2,10790,40,2,10,5,57.0,65.0,52.0,113.0,ROUGH,ROUGH,328.4,True,FAR,52.0,113.0,67.0,68.0,ROUGH,False,4,7.8,False,False,LAT3,4,False,True,6,1,False,True,False
김하은2,10790,40,2,13,4,88.0,112.0,73.0,66.0,ROUGH,ROUGH,89.8,True,NEAR,73.0,66.0,61.0,22.0,GREEN,True,2,10.3,False,False,LAT3,2,True,False,4,0,True,False,False
김하은2,10790,40,2,17,4,87.0,87.0,44.0,88.0,ROUGH,ROUGH,162.4,True,FAR,44.0,88.0,65.0,27.0,GREENSIDE_BUNKER,False,4,1.1,False,False,LAT3,4,False,True,5,1,False,True,False
김하은2,10790,40,2,18,5,39.0,110.0,55.0,115.0,BUNKER,BUNKER,306.2,True,FAR,55.0,115.0,61.0,49.0,FAIRWAY,True,3,3.4,True,False,LAT3,5,False,True,4,-1,True,False,False
김하은2,10790,40,3,1,4,89.0,99.0,43.0,84.0,ROUGH,ROUGH,177.2,True,FAR,43.0,84.0,82.0,26.0,FRINGE,False,3,4.6,False,False,LAT3,4,False,True,5,1,False,True,False
김하은2,10790,40,3,17,4,44.0,104.0,59.0,80.0,ROUGH,ROUGH,131.6,True,MID,59.0,80.0,58.0,24.0,GREEN,True,2,10.8,False,False,LAT1,3,True,False,4,0,True,False,False
김하은2,10790,40,3,18,5,74.0,113.0,55.0,104.0,ROUGH,ROUGH,275.0,True,NEAR,55.0,104.0,64.0,43.0,ROUGH,True,3,3.7,False,False,LAT3,2,True,False,5,0,True,False,False
김하은2,10790,40,4,1,4,45.0,80.0,63.0,84.0,BUNKER,BUNKER,159.5,True,NEAR,63.0,84.0,80.0,18.0,GREEN,True,2,10.9,True,False,LAT1,3,False,False,4,0,True,False,False
김하은2,10790,40,4,6,4,73.0,113.0,60.0,83.0,ROUGH,ROUGH,149.8,True,NEAR,60.0,83.0,62.0,34.0,ROUGH,False,4,2.3,False,False,LAT3,2,True,False,5,1,False,True,False
김하은2,10790,40,4,7,5,84.0,80.0,41.0,119.0,ROUGH,ROUGH,345.8,True,FAR,41.0,119.0,50.0,66.0,ROUGH,True,3,10.5,False,False,LAT1,4,False,True,5,0,True,False,False
김하은2,10790,40,4,10,5,80.0,97.0,54.0,111.0,ROUGH,ROUGH,308.3,True,NEAR,54.0,111.0,56.0,48.0,ROUGH,True,3,20.4,False,False,LAT3,2,True,False,6,1,False,True,False
양서후,10867,,1,8,4,96.0,89.0,38.0,87.0,ROUGH,ROUGH,176.6,True,FAR,38.0,87.0,74.0,8.0,ROUGH,False,3,1.2,False,False,LAT2,4,False,True,4,0,True,False,False
양서후,10867,,1,9,4,84.0,97.0,63.0,73.0,ROUGH,ROUGH,133.9,True,MID,63.0,73.0,79.0,30.0,ROUGH,False,3,2.8,False,False,LAT1,3,True,False,5,1,False,True,False
양서후,10867,,1,14,4,70.0,117.0,81.0,78.0,ROUGH,ROUGH,132.9,True,NEAR,81.0,78.0,50.0,16.0,GREEN,True,2,15.3,False,False,LAT3,2,True,False,4,0,True,False,False
양서후,10867,,1,15,4,58.0,114.0,58.0,70.0,ROUGH,ROUGH,147.2,True,NEAR,58.0,70.0,64.0,13.0,GREEN,True,2,7.1,False,False,LAT3,2,True,False,4,0,True,False,False
양서후,10867,,1,17,4,48.0,120.0,48.0,81.0,ROUGH,ROUGH,128.8,True,NEAR,48.0,81.0,62.0,9.0,ROUGH,False,4,1.9,False,False,LAT3,2,True,False,6,2,False,True,True
양서후,10867,,2,3,4,69.0,100.0,66.0,84.0,ROUGH,ROUGH,186.0,True,MID,66.0,84.0,60.0,6.0,ROUGH,False,3,10.4,False,False,LAT1,3,True,False,5,1,False,True,False
양서후,10867,,2,7,5,89.0,103.0,37.0,107.0,ROUGH,ROUGH,306.2,True,FAR,37.0,107.0,53.0,60.0,ROUGH,True,3,8.4,False,False,LAT3,4,False,True,5,0,True,False,False
양서후,10867,,2,8,4,44.0,121.0,35.0,84.0,ROUGH,ROUGH,150.8,True,MID,35.0,84.0,60.0,10.0,ROUGH,False,3,1.0,False,False,LAT3,3,True,False,4,0,True,False,False
양서후,10867,,2,9,4,45.0,96.0,58.0,64.0,ROUGH,ROUGH,112.9,True,NEAR,58.0,64.0,76.0,31.0,ROUGH,False,4,0.8,False,False,LAT1,2,True,False,6,2,False,True,True
양서후,10867,,2,12,4,63.0,80.0,91.0,90.0,ROUGH,ROUGH,194.4,True,FAR,91.0,90.0,64.0,16.0,GREEN,True,2,6.7,False,False,LAT1,4,False,True,4,0,True,False,False
양서후,10867,,2,17,4,87.0,87.0,63.0,80.0,ROUGH,ROUGH,138.1,True,MID,63.0,80.0,57.0,10.0,FRINGE,False,3,1.7,False,False,LAT1,3,True,False,4,0,True,False,False
양서후,10867,,2,18,5,39.0,110.0,56.0,111.0,ROUGH,ROUGH,293.7,True,FAR,56.0,111.0,59.0,62.0,FAIRWAY,False,5,1.4,False,False,LAT3,4,False,True,6,1,False,True,False
이세영,11040,,1,1,4,51.0,61.0,65.0,78.0,BUNKER,BUNKER,154.0,True,NEAR,65.0,78.0,72.0,31.0,ROUGH,False,3,9.0,True,False,LAT1,3,False,False,5,1,False,True,False
이세영,11040,,1,9,4,84.0,97.0,66.0,69.0,ROUGH,ROUGH,121.8,True,MID,66.0,69.0,56.0,50.0,FAIRWAY,False,4,2.3,False,False,LAT1,3,True,False,6,2,False,True,True
이세영,11040,,1,10,5,88.0,115.0,63.0,115.0,ROUGH,ROUGH,308.3,True,NEAR,63.0,115.0,56.0,52.0,ROUGH,False,4,1.8,False,False,LAT1,2,True,False,5,0,True,False,False
이세영,11040,,1,12,4,93.0,115.0,77.0,84.0,ROUGH,ROUGH,151.3,True,NEAR,77.0,84.0,68.0,20.0,GREEN,True,2,5.9,False,False,LAT3,2,True,False,4,0,True,False,False
이세영,11040,,1,14,4,70.0,117.0,76.0,74.0,ROUGH,ROUGH,120.7,True,NEAR,76.0,74.0,57.0,24.0,GREEN,True,2,9.3,False,False,LAT3,2,True,False,4,0,True,False,False
이세영,11040,,1,15,4,58.0,114.0,70.0,70.0,ROUGH,ROUGH,145.1,True,NEAR,70.0,70.0,71.0,13.0,GREEN,True,2,12.9,False,False,LAT1,2,True,False,5,1,False,True,False
이세영,11040,,1,17,4,48.0,120.0,70.0,88.0,ROUGH,ROUGH,145.7,True,FAR,70.0,88.0,53.0,81.0,FAIRWAY,False,3,1.8,False,False,LAT1,4,False,True,5,1,False,True,False
이세영,11040,,2,3,4,69.0,100.0,68.0,86.0,ROUGH,ROUGH,190.3,True,MID,68.0,86.0,63.0,9.0,GREEN,True,2,13.6,False,False,LAT1,3,True,False,4,0,True,False,False
이세영,11040,,2,4,5,36.0,93.0,66.0,110.0,BUNKER,BUNKER,291.1,True,NEAR,66.0,110.0,77.0,49.0,ROUGH,True,3,13.4,True,False,LAT3,3,False,False,6,1,False,True,False
이세영,11040,,2,8,4,44.0,121.0,28.0,75.0,ROUGH,ROUGH,141.6,True,MID,28.0,75.0,45.0,62.0,FAIRWAY,False,3,2.0,False,False,LAT3,3,True,False,4,0,True,False,False
이세영,11040,,2,9,4,45.0,96.0,35.0,61.0,ROUGH,ROUGH,136.2,True,FAR,35.0,61.0,89.0,18.0,ROUGH,False,4,0.3,False,False,LAT3,4,False,True,5,1,False,True,False
이세영,11040,,2,10,5,57.0,65.0,64.0,110.0,ROUGH,ROUGH,313.1,True,MID,64.0,110.0,60.0,59.0,FAIRWAY,True,3,23.2,False,False,LAT1,3,True,False,6,1,False,True,False
이세영,11040,,2,12,4,63.0,80.0,87.0,83.0,ROUGH,ROUGH,174.8,True,FAR,87.0,83.0,64.0,26.0,FRINGE,False,3,1.2,False,False,LAT1,4,False,True,4,0,True,False,False
이세영,11040,,2,13,4,88.0,112.0,98.0,77.0,PENALTY_AREA,PENALTY_AREA,,False,,98.0,77.0,97.0,78.0,PENALTY_STROKE,False,3,4.6,True,True,LAT1,7,False,True,5,1,False,True,False
이세영,11040,,2,15,4,31.0,130.0,58.0,66.0,ROUGH,ROUGH,128.9,True,NEAR,58.0,66.0,64.0,13.0,GREEN,True,2,11.2,False,False,LAT3,2,True,False,3,-1,True,False,False
이세영,11040,,2,17,4,87.0,87.0,45.0,76.0,ROUGH,ROUGH,136.0,True,MID,45.0,76.0,63.0,10.0,ROUGH,False,3,4.5,False,False,LAT3,3,True,False,4,0,True,False,False
이세영,11040,,2,18,5,39.0,110.0,67.0,101.0,ROUGH,ROUGH,264.3,True,NEAR,67.0,101.0,55.0,45.0,ROUGH,True,3,8.1,False,False,LAT1,2,True,False,5,0,True,False,False
홍현지,11042,40,1,1,4,51.0,61.0,55.0,82.0,ROUGH,ROUGH,168.0,True,MID,55.0,82.0,80.0,17.0,GREEN,True,2,15.8,False,False,LAT1,3,True,False,4,0,True,False,False
홍현지,11042,40,1,8,4,96.0,89.0,33.0,84.0,ROUGH,ROUGH,174.5,True,FAR,33.0,84.0,58.0,11.0,ROUGH,False,3,3.1,False,False,LAT3,4,False,True,4,0,True,False,False
홍현지,11042,40,1,9,4,84.0,97.0,59.0,68.0,ROUGH,ROUGH,126.5,True,MID,59.0,68.0,63.0,45.0,FAIRWAY,False,3,3.2,False,False,LAT1,3,True,False,5,1,False,True,False
홍현지,11042,40,1,12,4,93.0,115.0,75.0,107.0,ROUGH,ROUGH,207.0,True,FAR,75.0,107.0,74.0,61.0,FAIRWAY,False,3,1.7,False,False,LAT3,4,False,True,4,0,True,False,False
홍현지,11042,40,1,13,4,84.0,92.0,71.0,67.0,BUNKER,BUNKER,102.8,True,NEAR,71.0,67.0,67.0,24.0,GREENSIDE_BUNKER,False,3,16.3,True,False,LAT3,3,False,False,5,1,False,True,False
홍현지,11042,40,1,17,4,48.0,120.0,57.0,89.0,ROUGH,ROUGH,144.2,True,MID,57.0,89.0,62.0,11.0,GREEN,True,2,28.2,False,False,LAT1,3,True,False,5,1,False,True,False
홍현지,11042,40,2,4,5,36.0,93.0,69.0,116.0,ROUGH,ROUGH,310.2,True,FAR,69.0,116.0,75.0,55.0,FAIRWAY,True,3,2.3,False,False,LAT3,4,False,True,4,-1,True,False,False
홍현지,11042,40,2,7,5,89.0,103.0,50.0,102.0,BUNKER,BUNKER,279.2,True,NEAR,50.0,102.0,52.0,72.0,FAIRWAY,False,4,7.8,True,False,LAT1,3,False,False,5,0,True,False,False
홍현지,11042,40,2,8,4,44.0,121.0,50.0,83.0,ROUGH,ROUGH,138.1,True,MID,50.0,83.0,47.0,68.0,FAIRWAY,False,3,10.7,False,False,LAT1,3,True,False,5,1,False,True,False
홍현지,11042,40,2,9,4,45.0,96.0,38.0,70.0,ROUGH,ROUGH,146.8,True,FAR,38.0,70.0,75.0,26.0,FRINGE,False,4,0.4,False,False,LAT3,4,False,True,5,1,False,True,False
홍현지,11042,40,2,18,5,39.0,110.0,66.0,103.0,ROUGH,ROUGH,270.8,True,NEAR,66.0,103.0,63.0,53.0,ROUGH,True,3,7.3,False,False,LAT1,2,True,False,5,0,True,False,False
홍현지,11042,40,3,1,4,89.0,99.0,54.0,83.0,ROUGH,ROUGH,162.2,True,MID,54.0,83.0,82.0,22.0,GREEN,True,2,13.2,False,False,LAT1,3,True,False,4,0,True,False,False
홍현지,11042,40,3,3,4,48.0,79.0,61.0,83.0,ROUGH,ROUGH,193.8,True,FAR,61.0,83.0,60.0,18.0,GREEN,True,2,21.4,False,False,LAT1,4,False,True,4,0,True,False,False
홍현지,11042,40,3,4,5,94.0,95.0,69.0,111.0,ROUGH,ROUGH,292.6,True,MID,69.0,111.0,70.0,65.0,ROUGH,True,3,18.6,False,False,LAT3,3,True,False,5,0,True,False,False
홍현지,11042,40,3,6,4,65.0,69.0,77.0,86.0,ROUGH,ROUGH,178.5,True,FAR,77.0,86.0,68.0,25.0,GREENSIDE_BUNKER,False,3,7.2,False,False,LAT1,4,False,True,4,0,True,False,False
홍현지,11042,40,3,13,4,39.0,84.0,89.0,72.0,ROUGH,ROUGH,141.2,True,FAR,89.0,72.0,53.0,20.0,GREEN,True,2,6.4,False,False,LAT1,4,False,True,4,0,True,False,False
홍현지,11042,40,3,15,4,56.0,79.0,49.0,83.0,ROUGH,ROUGH,197.0,True,FAR,49.0,83.0,65.0,8.0,GREEN,True,2,2.3,False,False,LAT3,4,False,True,3,-1,True,False,False
홍현지,11042,40,3,18,5,74.0,113.0,66.0,108.0,ROUGH,ROUGH,283.3,True,MID,66.0,108.0,56.0,45.0,ROUGH,False,4,1.9,False,False,LAT1,3,True,False,5,0,True,False,False
홍현지,11042,40,4,1,4,45.0,80.0,59.0,87.0,BUNKER,BUNKER,168.0,True,MID,59.0,87.0,63.0,50.0,FAIRWAY,False,3,6.2,True,False,LAT1,4,False,False,5,1,False,True,False
홍현지,11042,40,4,4,5,40.0,105.0,79.0,115.0,ROUGH,ROUGH,303.8,True,FAR,79.0,115.0,79.0,58.0,ROUGH,True,3,8.7,False,False,LAT1,4,False,True,5,0,True,False,False
홍현지,11042,40,4,13,4,59.0,79.0,91.0,72.0,ROUGH,ROUGH,142.1,True,FAR,91.0,72.0,56.0,14.0,ROUGH,False,3,3.6,False,False,LAT1,4,False,True,5,1,False,True,False
홍현지,11042,40,4,14,4,83.0,117.0,81.0,76.0,ROUGH,ROUGH,126.3,True,NEAR,81.0,76.0,57.0,22.0,GREEN,True,2,2.4,False,False,LAT3,2,True,False,3,-1,True,False,False
홍현지,11042,40,4,15,4,81.0,77.0,59.0,73.0,ROUGH,ROUGH,170.4,True,FAR,59.0,73.0,67.0,2.0,ROUGH,False,3,2.3,False,False,LAT3,4,False,True,5,1,False,True,False
홍현지,11042,40,4,17,4,75.0,110.0,42.0,82.0,ROUGH,ROUGH,139.8,True,MID,42.0,82.0,64.0,9.0,ROUGH,False,3,1.3,False,False,LAT3,3,True,False,4,0,True,False,False
홍현지,11042,40,4,18,5,48.0,83.0,55.0,105.0,ROUGH,ROUGH,288.5,True,FAR,55.0,105.0,64.0,39.0,ROUGH,True,3,4.5,False,False,LAT3,4,False,True,5,0,True,False,False
양효진,11045,,1,1,4,51.0,61.0,55.0,81.0,ROUGH,ROUGH,167.0,True,MID,55.0,81.0,76.0,9.0,GREEN,True,2,4.3,False,False,LAT1,3,True,False,3,-1,True,False,False
양효진,11045,,1,7,5,45.0,130.0,40.0,104.0,ROUGH,ROUGH,274.5,True,NEAR,40.0,104.0,64.0,38.0,FAIRWAY,True,3,3.2,False,False,LAT3,2,True,False,5,0,True,False,False
양효진,11045,,1,9,4,84.0,97.0,40.0,63.0,ROUGH,ROUGH,142.6,True,FAR,40.0,63.0,76.0,18.0,FRINGE,False,4,0.5,False,False,LAT3,4,False,True,5,1,False,True,False
양효진,11045,,1,12,4,93.0,115.0,86.0,81.0,ROUGH,ROUGH,149.4,True,NEAR,86.0,81.0,70.0,15.0,ROUGH,False,4,1.4,False,False,LAT1,2,True,False,5,1,False,True,False
양효진,11045,,1,17,4,48.0,120.0,45.0,89.0,ROUGH,ROUGH,146.4,True,FAR,45.0,89.0,61.0,20.0,GREEN,True,2,11.0,False,False,LAT3,4,False,True,4,0,True,False,False
양효진,11045,,1,18,5,92.0,79.0,65.0,97.0,ROUGH,ROUGH,266.8,True,NEAR,65.0,97.0,63.0,40.0,ROUGH,True,3,23.3,False,False,LAT1,2,True,False,5,0,True,False,False
양효진,11045,,2,4,5,36.0,93.0,66.0,111.0,ROUGH,ROUGH,294.4,True,MID,66.0,111.0,77.0,49.0,ROUGH,True,3,18.8,False,False,LAT3,3,True,False,5,0,True,False,False
양효진,11045,,2,6,4,31.0,111.0,74.0,83.0,ROUGH,ROUGH,154.5,True,NEAR,74.0,83.0,56.0,17.0,FRINGE,False,3,0.4,False,False,LAT1,2,True,False,4,0,True,False,False
양효진,11045,,2,9,4,45.0,96.0,41.0,63.0,ROUGH,ROUGH,131.2,True,MID,41.0,63.0,85.0,16.0,GREEN,True,2,15.4,False,False,LAT3,3,True,False,4,0,True,False,False
양효진,11045,,2,12,4,63.0,80.0,70.0,81.0,ROUGH,ROUGH,162.0,True,MID,70.0,81.0,73.0,81.0,ROUGH,False,4,4.4,False,False,LAT3,3,True,False,6,2,False,True,True
양효진,11045,,2,15,4,31.0,130.0,59.0,72.0,ROUGH,ROUGH,144.0,True,NEAR,59.0,72.0,60.0,20.0,ROUGH,False,3,1.1,False,False,LAT3,2,True,False,4,0,True,False,False
양효진,11045,,2,17,4,87.0,87.0,64.0,70.0,BUNKER,BUNKER,117.4,True,NEAR,64.0,70.0,66.0,16.0,GREEN,True,2,3.8,True,False,LAT1,3,False,False,4,0,True,False,False
박예지,11056,,1,4,5,94.0,111.0,85.0,112.0,ROUGH,ROUGH,293.1,True,MID,85.0,112.0,76.0,103.0,FAIRWAY,False,4,4.9,False,False,LAT1,3,True,False,5,0,True,False,False
박예지,11056,,1,6,4,84.0,83.0,60.0,85.0,ROUGH,ROUGH,168.6,True,MID,60.0,85.0,68.0,25.0,GREENSIDE_BUNKER,False,3,3.4,False,False,LAT3,3,True,False,5,1,False,True,False
박예지,11056,,1,7,5,45.0,130.0,39.0,106.0,ROUGH,ROUGH,283.0,True,MID,39.0,106.0,58.0,51.0,FAIRWAY,True,3,4.1,False,False,LAT3,3,True,False,5,0,True,False,False
박예지,11056,,1,8,4,96.0,89.0,53.0,76.0,ROUGH,ROUGH,141.5,True,MID,53.0,76.0,70.0,4.0,ROUGH,False,3,4.7,False,False,LAT1,3,True,False,4,0,True,False,False
박예지,11056,,1,10,5,88.0,115.0,66.0,115.0,ROUGH,ROUGH,307.6,True,NEAR,66.0,115.0,53.0,56.0,ROUGH,False,5,1.3,False,False,LAT1,2,True,False,7,2,False,True,True
박예지,11056,,1,12,4,93.0,115.0,84.0,67.0,ROUGH,ROUGH,116.7,True,NEAR,84.0,67.0,67.0,28.0,ROUGH,False,3,5.4,False,False,LAT1,2,True,False,5,1,False,True,False
박예지,11056,,1,15,4,58.0,114.0,55.0,67.0,ROUGH,ROUGH,140.0,True,NEAR,55.0,67.0,65.0,3.0,FRINGE,False,3,1.7,False,False,LAT3,2,True,False,5,1,False,True,False
박예지,11056,,1,17,4,48.0,120.0,44.0,87.0,ROUGH,ROUGH,142.0,True,MID,44.0,87.0,57.0,11.0,GREEN,True,2,25.5,False,False,LAT3,3,True,False,4,0,True,False,False
박예지,11056,,1,18,5,92.0,79.0,57.0,97.0,ROUGH,ROUGH,270.2,True,NEAR,57.0,97.0,61.0,37.0,FAIRWAY,True,3,9.0,False,False,LAT3,2,True,False,5,0,True,False,False
박예지,11056,,2,6,4,31.0,111.0,75.0,83.0,ROUGH,ROUGH,154.2,True,NEAR,75.0,83.0,57.0,12.0,GREENSIDE_BUNKER,False,3,8.0,False,False,LAT1,2,True,False,5,1,False,True,False
박예지,11056,,2,8,4,44.0,121.0,9.0,83.0,LOST_BALL,OTHER,,False,,9.0,83.0,65.0,188.0,PENALTY_STROKE,False,4,9.2,True,True,LAT3,8,False,True,6,2,False,True,True
박예지,11056,,2,9,4,45.0,96.0,57.0,58.0,ROUGH,ROUGH,102.4,True,NEAR,57.0,58.0,75.0,22.0,ROUGH,False,4,0.3,False,False,LAT1,2,True,False,5,1,False,True,False
박예지,11056,,2,18,5,39.0,110.0,54.0,105.0,ROUGH,ROUGH,276.7,True,MID,54.0,105.0,45.0,97.0,ROUGH,False,5,14.0,False,False,LAT3,3,True,False,8,3,False,True,True
송은아,11057,,1,1,4,51.0,61.0,49.0,72.0,ROUGH,ROUGH,152.3,True,NEAR,49.0,72.0,80.0,11.0,GREEN,True,2,5.8,False,False,LAT3,2,True,False,4,0,True,False,False
송은아,11057,,1,3,4,36.0,100.0,60.0,83.0,ROUGH,ROUGH,184.2,True,NEAR,60.0,83.0,54.0,15.0,ROUGH,False,3,3.6,False,False,LAT1,2,True,False,4,0,True,False,False
송은아,11057,,1,6,4,84.0,83.0,60.0,83.0,ROUGH,ROUGH,163.6,True,MID,60.0,83.0,69.0,7.0,ROUGH,False,3,2.7,False,False,LAT3,3,True,False,5,1,False,True,False
송은아,11057,,1,8,4,96.0,89.0,53.0,68.0,ROUGH,ROUGH,125.5,True,NEAR,53.0,68.0,59.0,32.0,PENALTY_AREA,False,5,3.0,False,True,LAT1,4,False,True,7,3,False,True,True
송은아,11057,,1,9,4,84.0,97.0,38.0,70.0,ROUGH,ROUGH,156.7,True,FAR,38.0,70.0,79.0,12.0,GREEN,True,2,21.4,False,False,LAT3,4,False,True,5,1,False,True,False
송은아,11057,,1,10,5,88.0,115.0,64.0,109.0,ROUGH,ROUGH,289.1,True,NEAR,64.0,109.0,61.0,47.0,FAIRWAY,False,4,1.3,False,False,LAT1,2,True,False,5,0,True,False,False
송은아,11057,,1,13,4,84.0,92.0,88.0,67.0,ROUGH,ROUGH,115.6,True,MID,88.0,67.0,48.0,16.0,ROUGH,False,3,7.5,False,False,LAT1,3,True,False,4,0,True,False,False
송은아,11057,,1,17,4,48.0,120.0,47.0,75.0,ROUGH,ROUGH,116.0,True,NEAR,47.0,75.0,57.0,24.0,GREEN,True,2,3.8,False,False,LAT3,2,True,False,3,-1,True,False,False
송은아,11057,,1,18,5,92.0,79.0,56.0,99.0,ROUGH,ROUGH,275.3,True,NEAR,56.0,99.0,63.0,28.0,FAIRWAY,False,4,0.9,False,False,LAT3,2,True,False,5,0,True,False,False
송은아,11057,,2,1,4,47.0,106.0,46.0,74.0,ROUGH,ROUGH,141.6,True,NEAR,46.0,74.0,82.0,20.0,GREEN,True,2,10.1,False,False,LAT3,2,True,False,4,0,True,False,False
송은아,11057,,2,4,5,36.0,93.0,79.0,105.0,ROUGH,ROUGH,282.3,True,NEAR,79.0,105.0,73.0,40.0,FAIRWAY,True,3,6.3,False,False,LAT1,2,True,False,4,-1,True,False,False
송은아,11057,,2,7,5,89.0,103.0,40.0,99.0,ROUGH,ROUGH,276.9,True,NEAR,40.0,99.0,48.0,74.0,ROUGH,True,3,19.4,False,False,LAT3,2,True,False,5,0,True,False,False
송은아,11057,,2,9,4,45.0,96.0,37.0,76.0,ROUGH,ROUGH,159.8,True,FAR,37.0,76.0,83.0,12.0,GREEN,True,2,15.7,False,False,LAT2,4,False,True,4,0,True,False,False
송은아,11057,,2,13,4,88.0,112.0,67.0,60.0,BUNKER,BUNKER,74.9,True,NEAR,67.0,60.0,62.0,33.0,FRINGE,False,3,2.6,True,False,LAT3,3,False,False,4,0,True,False,False
송은아,11057,,2,14,4,39.0,83.0,82.0,74.0,ROUGH,ROUGH,144.6,True,MID,82.0,74.0,82.0,37.0,ROUGH,False,4,10.4,False,False,LAT3,3,True,False,6,2,False,True,True
송은아,11057,,2,17,4,87.0,87.0,68.0,88.0,ROUGH,ROUGH,156.3,True,FAR,68.0,88.0,54.0,54.0,FAIRWAY,False,3,12.3,False,False,LAT1,4,False,True,5,1,False,True,False
안재희,11060,59,1,1,4,51.0,61.0,59.0,87.0,BUNKER,BUNKER,176.0,True,FAR,59.0,87.0,72.0,36.0,ROUGH,False,3,6.5,True,False,LAT1,5,False,True,5,1,False,True,False
안재희,11060,59,1,3,4,36.0,100.0,61.0,82.0,ROUGH,ROUGH,181.9,True,NEAR,61.0,82.0,57.0,31.0,ROUGH,False,3,0.5,False,False,LAT1,2,True,False,4,0,True,False,False
안재희,11060,59,1,4,5,94.0,111.0,80.0,111.0,ROUGH,ROUGH,286.6,True,NEAR,80.0,111.0,76.0,49.0,ROUGH,False,4,3.3,False,False,LAT1,2,True,False,5,0,True,False,False
안재희,11060,59,1,7,5,45.0,130.0,50.0,104.0,BUNKER,BUNKER,266.9,True,NEAR,50.0,104.0,57.0,57.0,FAIRWAY,True,3,3.6,True,False,LAT1,3,False,False,5,0,True,False,False
안재희,11060,59,1,8,4,96.0,89.0,28.0,80.0,ROUGH,ROUGH,174.9,True,FAR,28.0,80.0,36.0,78.0,ROUGH,False,3,7.1,False,False,LAT3,4,False,True,5,1,False,True,False
안재희,11060,59,1,10,5,88.0,115.0,64.0,112.0,ROUGH,ROUGH,300.2,True,NEAR,64.0,112.0,55.0,54.0,ROUGH,True,3,6.7,False,False,LAT1,2,True,False,4,-1,True,False,False
안재희,11060,59,1,12,4,93.0,115.0,96.0,69.0,ROUGH,ROUGH,133.6,True,NEAR,96.0,69.0,84.0,60.0,ROUGH,False,3,10.7,False,False,LAT1,2,True,False,5,1,False,True,False
안재희,11060,59,1,13,4,84.0,92.0,88.0,65.0,ROUGH,ROUGH,113.1,True,MID,88.0,65.0,57.0,16.0,GREEN,True,2,14.2,False,False,LAT1,3,True,False,4,0,True,False,False
안재희,11060,59,1,15,4,58.0,114.0,75.0,73.0,ROUGH,ROUGH,152.8,True,MID,75.0,73.0,63.0,17.0,GREEN,True,2,12.0,False,False,LAT1,3,True,False,4,0,True,False,False
안재희,11060,59,1,17,4,48.0,120.0,45.0,84.0,ROUGH,ROUGH,136.5,True,MID,45.0,84.0,60.0,24.0,GREEN,True,2,8.2,False,False,LAT3,3,True,False,4,0,True,False,False
안재희,11060,59,2,1,4,47.0,106.0,60.0,84.0,ROUGH,ROUGH,150.0,True,NEAR,60.0,84.0,71.0,30.0,ROUGH,False,3,5.1,False,False,LAT1,2,True,False,5,1,False,True,False
안재희,11060,59,2,4,5,36.0,93.0,69.0,112.0,ROUGH,ROUGH,299.4,True,MID,69.0,112.0,73.0,54.0,FAIRWAY,True,3,7.2,False,False,LAT3,3,True,False,5,0,True,False,False
안재희,11060,59,2,9,4,45.0,96.0,72.0,72.0,ROUGH,ROUGH,121.2,True,MID,72.0,72.0,68.0,58.0,ROUGH,False,3,13.7,False,False,LAT1,3,True,False,5,1,False,True,False
안재희,11060,59,2,10,5,57.0,65.0,62.0,112.0,ROUGH,ROUGH,320.6,True,MID,62.0,112.0,58.0,56.0,FAIRWAY,True,3,7.9,False,False,LAT2,3,True,False,5,0,True,False,False
안재희,11060,59,2,12,4,63.0,80.0,74.0,105.0,ROUGH,ROUGH,220.5,True,FAR,74.0,105.0,79.0,66.0,FAIRWAY,False,3,11.9,False,False,LAT3,4,False,True,5,1,False,True,False
안재희,11060,59,2,14,4,39.0,83.0,79.0,79.0,ROUGH,ROUGH,151.1,True,FAR,79.0,79.0,56.0,34.0,ROUGH,False,3,3.7,False,False,LAT3,4,False,True,4,0,True,False,False
안재희,11060,59,2,17,4,87.0,87.0,45.0,80.0,ROUGH,ROUGH,144.7,True,FAR,45.0,80.0,62.0,28.0,ROUGH,False,3,2.0,False,False,LAT3,4,False,True,5,1,False,True,False
안재희,11060,59,3,9,4,56.0,142.0,52.0,69.0,ROUGH,ROUGH,114.4,True,NEAR,52.0,69.0,74.0,47.0,ROUGH,False,3,10.1,False,False,LAT1,2,True,False,5,1,False,True,False
안재희,11060,59,3,13,4,39.0,84.0,90.0,69.0,ROUGH,ROUGH,137.8,True,FAR,90.0,69.0,47.0,15.0,ROUGH,False,3,1.1,False,False,LAT1,4,False,True,4,0,True,False,False
안재희,11060,59,3,17,4,44.0,104.0,59.0,79.0,ROUGH,ROUGH,129.6,True,NEAR,59.0,79.0,52.0,25.0,GREENSIDE_BUNKER,False,3,10.3,False,False,LAT1,2,True,False,5,1,False,True,False
안재희,11060,59,4,1,4,45.0,80.0,55.0,85.0,ROUGH,ROUGH,166.2,True,MID,55.0,85.0,84.0,14.0,GREEN,True,2,14.8,False,False,LAT1,3,True,False,4,0,True,False,False
안재희,11060,59,4,3,4,72.0,82.0,64.0,80.0,ROUGH,ROUGH,183.2,True,NEAR,64.0,80.0,68.0,18.0,ROUGH,False,4,3.5,False,False,LAT1,2,True,False,6,2,False,True,True
안재희,11060,59,4,6,4,73.0,113.0,60.0,81.0,ROUGH,ROUGH,144.5,True,NEAR,60.0,81.0,66.0,12.0,GREEN,True,2,17.7,False,False,LAT3,2,True,False,4,0,True,False,False
안재희,11060,59,4,8,4,38.0,108.0,54.0,87.0,ROUGH,ROUGH,150.1,True,MID,54.0,87.0,54.0,19.0,ROUGH,False,3,0.4,False,False,LAT1,3,True,False,4,0,True,False,False
안재희,11060,59,4,12,4,68.0,122.0,75.0,82.0,ROUGH,ROUGH,145.0,True,NEAR,75.0,82.0,66.0,28.0,ROUGH,False,3,2.4,False,False,LAT3,2,True,False,5,1,False,True,False
안재희,11060,59,4,13,4,59.0,79.0,88.0,64.0,ROUGH,ROUGH,123.4,True,FAR,88.0,64.0,47.0,20.0,FRINGE,False,3,1.7,False,False,LAT1,4,False,True,5,1,False,True,False
안재희,11060,59,4,14,4,83.0,117.0,107.0,80.0,ROUGH,ROUGH,164.2,True,FAR,107.0,80.0,80.0,75.0,ROUGH,False,,,False,False,LAT1,4,False,True,4,0,True,False,False
안재희,11060,59,4,18,5,48.0,83.0,65.0,103.0,ROUGH,ROUGH,280.2,True,MID,65.0,103.0,60.0,39.0,FAIRWAY,True,3,5.4,False,False,LAT1,3,True,False,5,0,True,False,False
유서연2,11066,9,1,6,4,84.0,83.0,61.0,86.0,ROUGH,ROUGH,168.7,True,MID,61.0,86.0,66.0,27.0,GREENSIDE_BUNKER,False,5,11.3,False,True,LAT3,5,False,True,7,3,False,True,True
유서연2,11066,9,1,10,5,88.0,115.0,54.0,140.0,OB,OTHER,,False,,54.0,140.0,66.0,190.0,PENALTY_STROKE,False,5,23.3,True,True,LAT2,8,False,True,7,2,False,True,True
유서연2,11066,9,1,12,4,93.0,115.0,87.0,75.0,ROUGH,ROUGH,138.1,True,NEAR,87.0,75.0,68.0,27.0,ROUGH,False,3,2.8,False,False,LAT1,2,True,False,4,0,True,False,False
유서연2,11066,9,1,17,4,48.0,120.0,61.0,94.0,ROUGH,ROUGH,155.3,True,FAR,61.0,94.0,56.0,29.0,ROUGH,False,3,4.0,False,False,LAT1,4,False,True,5,1,False,True,False
유서연2,11066,9,1,18,5,92.0,79.0,56.0,107.0,ROUGH,ROUGH,298.7,True,FAR,56.0,107.0,60.0,44.0,FAIRWAY,True,3,6.4,False,False,LAT3,4,False,True,4,-1,True,False,False
유서연2,11066,9,2,1,4,47.0,106.0,41.0,99.0,ROUGH,ROUGH,195.9,True,FAR,41.0,99.0,68.0,22.0,GREENSIDE_BUNKER,False,3,19.7,False,False,LAT3,4,False,True,5,1,False,True,False
유서연2,11066,9,2,6,4,31.0,111.0,61.0,87.0,ROUGH,ROUGH,158.9,True,MID,61.0,87.0,57.0,30.0,ROUGH,False,3,3.3,False,False,LAT3,3,True,False,5,1,False,True,False
유서연2,11066,9,2,7,5,89.0,103.0,55.0,107.0,ROUGH,ROUGH,291.4,True,MID,55.0,107.0,61.0,44.0,FAIRWAY,True,3,4.2,False,False,LAT1,3,True,False,4,-1,True,False,False
유서연2,11066,9,2,9,4,45.0,96.0,42.0,62.0,ROUGH,ROUGH,128.5,True,MID,42.0,62.0,81.0,16.0,GREEN,True,2,6.7,False,False,LAT3,3,True,False,3,-1,True,False,False
유서연2,11066,9,2,10,5,57.0,65.0,65.0,114.0,ROUGH,ROUGH,324.9,True,FAR,65.0,114.0,60.0,53.0,FAIRWAY,False,4,2.7,False,False,LAT1,4,False,True,6,1,False,True,False
유서연2,11066,9,2,12,4,63.0,80.0,87.0,80.0,ROUGH,ROUGH,169.0,True,MID,87.0,80.0,62.0,21.0,GREEN,True,2,13.6,False,False,LAT1,3,True,False,5,1,False,True,False
유서연2,11066,9,2,14,4,39.0,83.0,77.0,77.0,ROUGH,ROUGH,145.4,True,MID,77.0,77.0,51.0,17.0,GREEN,True,2,7.9,False,False,LAT3,3,True,False,4,0,True,False,False
유서연2,11066,9,2,17,4,87.0,87.0,61.0,92.0,ROUGH,ROUGH,165.4,True,FAR,61.0,92.0,60.0,16.0,GREEN,True,2,9.2,False,False,LAT1,4,False,True,4,0,True,False,False
유서연2,11066,9,3,8,4,90.0,116.0,59.0,90.0,ROUGH,ROUGH,154.7,True,FAR,59.0,90.0,43.0,66.0,FAIRWAY,False,3,3.3,False,False,LAT1,4,False,True,5,1,False,True,False
유서연2,11066,9,3,17,4,44.0,104.0,45.0,88.0,ROUGH,ROUGH,150.0,True,FAR,45.0,88.0,63.0,26.0,ROUGH,False,4,1.2,False,False,LAT3,4,False,True,5,1,False,True,False
유서연2,11066,9,4,1,4,45.0,80.0,55.0,94.0,ROUGH,ROUGH,185.9,True,FAR,55.0,94.0,85.0,10.0,ROUGH,False,3,6.2,False,False,LAT1,4,False,True,5,1,False,True,False
유서연2,11066,9,4,7,5,84.0,80.0,49.0,107.0,ROUGH,ROUGH,304.9,True,FAR,49.0,107.0,56.0,53.0,FAIRWAY,True,3,5.2,False,False,LAT1,4,False,True,4,-1,True,False,False
유서연2,11066,9,4,9,4,42.0,113.0,62.0,61.0,ROUGH,ROUGH,95.8,True,NEAR,62.0,61.0,78.0,15.0,GREEN,True,2,13.6,False,False,LAT1,2,True,False,5,1,False,True,False
유서연2,11066,9,4,12,4,68.0,122.0,86.0,78.0,ROUGH,ROUGH,145.5,True,NEAR,86.0,78.0,60.0,27.0,ROUGH,False,3,7.1,False,False,LAT1,2,True,False,5,1,False,True,False
유서연2,11066,9,4,14,4,83.0,117.0,82.0,75.0,ROUGH,ROUGH,126.1,True,NEAR,82.0,75.0,46.0,25.0,ROUGH,False,3,1.0,False,False,LAT3,2,True,False,4,0,True,False,False
유서연2,11066,9,4,15,4,81.0,77.0,71.0,82.0,ROUGH,ROUGH,191.5,True,FAR,71.0,82.0,58.0,19.0,ROUGH,False,3,3.9,False,False,LAT1,4,False,True,4,0,True,False,False
최정원,11073,,1,4,5,94.0,111.0,78.0,116.0,ROUGH,ROUGH,301.4,True,MID,78.0,116.0,72.0,72.0,ROUGH,False,4,5.7,False,False,LAT1,3,True,False,7,2,False,True,True
최정원,11073,,1,8,4,96.0,89.0,52.0,74.0,ROUGH,ROUGH,139.5,True,MID,52.0,74.0,73.0,8.0,ROUGH,False,3,3.0,False,False,LAT1,3,True,False,4,0,True,False,False
최정원,11073,,1,9,4,84.0,97.0,55.0,67.0,ROUGH,ROUGH,130.0,True,MID,55.0,67.0,81.0,21.0,GREEN,True,2,13.0,False,False,LAT1,3,True,False,4,0,True,False,False
최정원,11073,,1,10,5,88.0,115.0,54.0,112.0,ROUGH,ROUGH,304.1,True,NEAR,54.0,112.0,65.0,51.0,ROUGH,False,4,2.3,False,False,LAT3,2,True,False,5,0,True,False,False
최정원,11073,,1,14,4,70.0,117.0,97.0,70.0,ROUGH,ROUGH,138.6,True,MID,97.0,70.0,57.0,23.0,GREEN,True,2,8.0,False,False,LAT1,3,True,False,4,0,True,False,False
최정원,11073,,1,15,4,58.0,114.0,69.0,67.0,ROUGH,ROUGH,138.1,True,NEAR,69.0,67.0,64.0,18.0,GREEN,True,2,12.0,False,False,LAT1,2,True,False,5,1,False,True,False
최정원,11073,,2,1,4,47.0,106.0,53.0,85.0,ROUGH,ROUGH,157.2,True,NEAR,53.0,85.0,82.0,26.0,FRINGE,False,3,1.7,False,False,LAT2,2,True,False,5,1,False,True,False
최정원,11073,,2,7,5,89.0,103.0,50.0,102.0,BUNKER,BUNKER,280.5,True,NEAR,50.0,102.0,58.0,53.0,FAIRWAY,True,3,6.6,True,False,LAT1,3,False,False,5,0,True,False,False
최정원,11073,,2,8,4,44.0,121.0,53.0,83.0,ROUGH,ROUGH,136.6,True,MID,53.0,83.0,50.0,72.0,FAIRWAY,False,4,0.4,False,False,LAT1,3,True,False,5,1,False,True,False
최정원,11073,,2,9,4,45.0,96.0,57.0,62.0,ROUGH,ROUGH,110.2,True,NEAR,57.0,62.0,68.0,38.0,ROUGH,False,3,7.2,False,False,LAT1,2,True,False,4,0,True,False,False
최정원,11073,,2,18,5,39.0,110.0,57.0,103.0,ROUGH,ROUGH,272.0,True,NEAR,57.0,103.0,60.0,36.0,FAIRWAY,True,3,4.8,False,False,LAT3,2,True,False,5,0,True,False,False
조하리,11076,,1,1,4,51.0,61.0,52.0,85.0,ROUGH,ROUGH,176.4,True,FAR,52.0,85.0,68.0,22.0,GREENSIDE_BUNKER,False,3,11.8,False,False,LAT2,4,False,True,5,1,False,True,False
조하리,11076,,1,3,4,36.0,100.0,60.0,80.0,ROUGH,ROUGH,176.6,True,NEAR,60.0,80.0,60.0,12.0,GREEN,True,2,9.1,False,False,LAT1,2,True,False,4,0,True,False,False
조하리,11076,,1,4,5,94.0,111.0,66.0,117.0,ROUGH,ROUGH,305.1,True,FAR,66.0,117.0,78.0,65.0,FAIRWAY,False,4,6.7,False,False,LAT3,4,False,True,6,1,False,True,False
조하리,11076,,1,6,4,84.0,83.0,61.0,93.0,ROUGH,ROUGH,185.5,True,FAR,61.0,93.0,74.0,24.0,ROUGH,False,3,8.3,False,False,LAT3,4,False,True,5,1,False,True,False
조하리,11076,,1,8,4,96.0,89.0,33.0,87.0,ROUGH,ROUGH,180.5,True,FAR,33.0,87.0,66.0,28.0,PENALTY_AREA,False,4,7.6,False,True,LAT3,6,False,True,6,2,False,True,True
조하리,11076,,1,9,4,84.0,97.0,42.0,68.0,ROUGH,ROUGH,147.9,True,FAR,42.0,68.0,74.0,31.0,PENALTY_AREA,False,5,0.3,False,True,LAT2,6,False,True,6,2,False,True,True
조하리,11076,,1,10,5,88.0,115.0,67.0,116.0,ROUGH,ROUGH,309.1,True,NEAR,67.0,116.0,60.0,72.0,FAIRWAY,False,5,1.2,False,False,LAT1,2,True,False,7,2,False,True,True
조하리,11076,,1,12,4,93.0,115.0,78.0,93.0,BUNKER,BUNKER,173.2,True,FAR,78.0,93.0,71.0,48.0,FAIRWAY,False,3,0.6,True,False,LAT3,5,False,True,4,0,True,False,False
조하리,11076,,1,13,4,84.0,92.0,68.0,72.0,BUNKER,BUNKER,111.7,True,MID,68.0,72.0,57.0,42.0,ROUGH,False,3,5.1,True,False,LAT3,4,False,False,5,1,False,True,False
조하리,11076,,1,14,4,70.0,117.0,71.0,87.0,ROUGH,ROUGH,144.2,True,MID,71.0,87.0,84.0,85.0,FAIRWAY,False,4,0.3,False,False,LAT3,3,True,False,5,1,False,True,False
조하리,11076,,1,17,4,48.0,120.0,46.0,77.0,ROUGH,ROUGH,120.4,True,NEAR,46.0,77.0,54.0,17.0,GREEN,True,2,13.9,False,False,LAT3,2,True,False,4,0,True,False,False
서교림,11134,20,1,6,4,84.0,83.0,73.0,79.0,ROUGH,ROUGH,152.3,True,NEAR,73.0,79.0,64.0,7.0,FRINGE,False,3,1.3,False,False,LAT1,2,True,False,4,0,True,False,False
서교림,11134,20,1,12,4,93.0,115.0,90.0,83.0,ROUGH,ROUGH,157.6,True,MID,90.0,83.0,59.0,13.0,GREEN,True,2,30.6,False,False,LAT1,3,True,False,4,0,True,False,False
서교림,11134,20,1,14,4,70.0,117.0,83.0,74.0,ROUGH,ROUGH,128.4,True,NEAR,83.0,74.0,55.0,21.0,GREEN,True,2,4.4,False,False,LAT2,2,True,False,4,0,True,False,False
서교림,11134,20,2,7,5,89.0,103.0,41.0,99.0,ROUGH,ROUGH,277.9,True,NEAR,41.0,99.0,63.0,39.0,FAIRWAY,True,3,1.2,False,False,LAT3,2,True,False,4,-1,True,False,False
서교림,11134,20,2,8,4,44.0,121.0,55.0,65.0,ROUGH,ROUGH,98.6,True,NEAR,55.0,65.0,62.0,27.0,PENALTY_AREA,False,4,8.5,False,True,LAT1,4,False,True,6,2,False,True,True
서교림,11134,20,2,9,4,45.0,96.0,40.0,59.0,ROUGH,ROUGH,125.6,True,MID,40.0,59.0,75.0,15.0,FRINGE,False,,,False,False,LAT3,3,True,False,3,-1,True,False,False
서교림,11134,20,2,10,5,57.0,65.0,66.0,110.0,ROUGH,ROUGH,312.6,True,MID,66.0,110.0,61.0,65.0,FAIRWAY,True,3,3.3,False,False,LAT1,3,True,False,5,0,True,False,False
서교림,11134,20,2,12,4,63.0,80.0,63.0,81.0,ROUGH,ROUGH,160.3,True,MID,63.0,81.0,66.0,46.0,ROUGH,False,3,13.1,False,False,LAT3,3,True,False,6,2,False,True,True
서교림,11134,20,2,14,4,39.0,83.0,84.0,70.0,ROUGH,ROUGH,140.4,True,MID,84.0,70.0,48.0,17.0,GREEN,True,2,2.9,False,False,LAT2,3,True,False,4,0,True,False,False
서교림,11134,20,2,15,4,31.0,130.0,54.0,55.0,ROUGH,ROUGH,100.7,True,NEAR,54.0,55.0,66.0,7.0,GREEN,True,2,26.5,False,False,LAT3,2,True,False,4,0,True,False,False
서교림,11134,20,3,4,5,94.0,95.0,81.0,110.0,ROUGH,ROUGH,291.8,True,NEAR,81.0,110.0,74.0,48.0,FAIRWAY,True,3,6.8,False,False,LAT1,2,True,False,5,0,True,False,False
서교림,11134,20,3,6,4,65.0,69.0,60.0,80.0,ROUGH,ROUGH,160.8,True,MID,60.0,80.0,62.0,13.0,GREEN,True,2,6.4,False,False,LAT3,3,True,False,4,0,True,False,False
서교림,11134,20,3,7,5,63.0,79.0,35.0,104.0,ROUGH,ROUGH,303.8,True,FAR,35.0,104.0,38.0,105.0,ROUGH,False,4,2.0,False,False,LAT3,4,False,True,6,1,False,True,False
서교림,11134,20,3,12,4,83.0,114.0,88.0,84.0,ROUGH,ROUGH,159.9,True,MID,88.0,84.0,59.0,24.0,ROUGH,False,3,2.2,False,False,LAT1,3,True,False,5,1,False,True,False
서교림,11134,20,3,17,4,44.0,104.0,41.0,83.0,ROUGH,ROUGH,140.7,True,MID,41.0,83.0,53.0,14.0,ROUGH,False,3,1.0,False,False,LAT3,3,True,False,4,0,True,False,False
서교림,11134,20,4,1,4,45.0,80.0,55.0,81.0,ROUGH,ROUGH,156.5,True,NEAR,55.0,81.0,75.0,14.0,GREEN,True,2,4.0,False,False,LAT1,2,True,False,4,0,True,False,False
서교림,11134,20,4,4,5,40.0,105.0,80.0,106.0,ROUGH,ROUGH,279.8,True,NEAR,80.0,106.0,75.0,46.0,ROUGH,True,3,7.1,False,False,LAT1,2,True,False,5,0,True,False,False
서교림,11134,20,4,6,4,73.0,113.0,72.0,76.0,ROUGH,ROUGH,133.7,True,NEAR,72.0,76.0,68.0,19.0,GREEN,True,2,4.3,False,False,LAT1,2,True,False,4,0,True,False,False
서교림,11134,20,4,8,4,38.0,108.0,51.0,60.0,ROUGH,ROUGH,94.5,True,NEAR,51.0,60.0,60.0,14.0,GREEN,True,2,7.3,False,False,LAT2,2,True,False,4,0,True,False,False
서교림,11134,20,4,9,4,42.0,113.0,51.0,50.0,ROUGH,ROUGH,89.3,True,NEAR,51.0,50.0,81.0,19.0,GREEN,True,2,8.9,False,False,LAT3,2,True,False,4,0,True,False,False
서교림,11134,20,4,13,4,59.0,79.0,92.0,74.0,ROUGH,ROUGH,145.8,True,FAR,92.0,74.0,49.0,20.0,GREEN,True,2,13.3,False,False,LAT1,4,False,True,4,0,True,False,False
서교림,11134,20,4,18,5,48.0,83.0,57.0,100.0,ROUGH,ROUGH,272.4,True,NEAR,57.0,100.0,60.0,36.0,FAIRWAY,True,3,7.6,False,False,LAT3,2,True,False,5,0,True,False,False
김시현,11143,14,1,6,4,84.0,83.0,59.0,87.0,ROUGH,ROUGH,173.5,True,FAR,59.0,87.0,67.0,8.0,FRINGE,False,3,1.3,False,False,LAT3,4,False,True,4,0,True,False,False
김시현,11143,14,1,8,4,96.0,89.0,55.0,69.0,ROUGH,ROUGH,126.7,True,NEAR,55.0,69.0,72.0,20.0,FRINGE,False,3,1.0,False,False,LAT1,2,True,False,5,1,False,True,False
김시현,11143,14,1,9,4,84.0,97.0,57.0,64.0,ROUGH,ROUGH,120.9,True,MID,57.0,64.0,80.0,21.0,GREEN,True,2,13.4,False,False,LAT1,3,True,False,4,0,True,False,False
김시현,11143,14,1,10,5,88.0,115.0,62.0,112.0,ROUGH,ROUGH,298.5,True,NEAR,62.0,112.0,57.0,48.0,FAIRWAY,False,4,1.2,False,False,LAT2,2,True,False,5,0,True,False,False
김시현,11143,14,1,12,4,93.0,115.0,88.0,83.0,ROUGH,ROUGH,155.8,True,MID,88.0,83.0,70.0,30.0,ROUGH,False,4,5.1,False,False,LAT1,3,True,False,6,2,False,True,True
김시현,11143,14,1,14,4,70.0,117.0,94.0,80.0,ROUGH,ROUGH,151.4,True,FAR,94.0,80.0,54.0,10.0,FRINGE,False,3,2.4,False,False,LAT1,4,False,True,4,0,True,False,False
김시현,11143,14,1,17,4,48.0,120.0,61.0,83.0,ROUGH,ROUGH,131.0,True,NEAR,61.0,83.0,61.0,18.0,GREEN,True,2,14.1,False,False,LAT1,2,True,False,5,1,False,True,False
김시현,11143,14,1,18,5,92.0,79.0,56.0,107.0,ROUGH,ROUGH,299.2,True,FAR,56.0,107.0,54.0,73.0,ROUGH,True,3,18.6,False,False,LAT3,4,False,True,5,0,True,False,False
김시현,11143,14,2,1,4,47.0,106.0,61.0,80.0,BUNKER,BUNKER,139.9,True,NEAR,61.0,80.0,76.0,19.0,GREEN,True,2,4.1,True,False,LAT1,3,False,False,3,-1,True,False,False
김시현,11143,14,2,3,4,69.0,100.0,60.0,76.0,ROUGH,ROUGH,165.2,True,NEAR,60.0,76.0,59.0,22.0,ROUGH,False,3,3.3,False,False,LAT1,2,True,False,4,0,True,False,False
김시현,11143,14,2,4,5,36.0,93.0,80.0,112.0,ROUGH,ROUGH,302.0,True,MID,80.0,112.0,74.0,56.0,FAIRWAY,True,3,5.5,False,False,LAT1,3,True,False,4,-1,True,False,False
김시현,11143,14,2,6,4,31.0,111.0,77.0,84.0,ROUGH,ROUGH,159.9,True,MID,77.0,84.0,55.0,19.0,ROUGH,False,3,0.3,False,False,LAT1,3,True,False,4,0,True,False,False
김시현,11143,14,2,7,5,89.0,103.0,42.0,100.0,ROUGH,ROUGH,280.0,True,NEAR,42.0,100.0,57.0,47.0,FAIRWAY,True,3,16.4,False,False,LAT3,2,True,False,5,0,True,False,False
김시현,11143,14,2,8,4,44.0,121.0,53.0,76.0,ROUGH,ROUGH,121.6,True,NEAR,53.0,76.0,69.0,25.0,PENALTY_AREA,False,4,8.9,False,True,LAT1,4,False,True,6,2,False,True,True
김시현,11143,14,2,9,4,45.0,96.0,62.0,57.0,ROUGH,ROUGH,95.8,True,NEAR,62.0,57.0,81.0,16.0,GREEN,True,2,5.5,False,False,LAT1,2,True,False,4,0,True,False,False
김시현,11143,14,2,12,4,63.0,80.0,85.0,76.0,ROUGH,ROUGH,158.6,True,MID,85.0,76.0,59.0,11.0,ROUGH,False,3,1.3,False,False,LAT1,3,True,False,4,0,True,False,False
김시현,11143,14,2,17,4,87.0,87.0,60.0,83.0,ROUGH,ROUGH,143.9,True,MID,60.0,83.0,68.0,21.0,ROUGH,False,3,3.6,False,False,LAT1,3,True,False,4,0,True,False,False
김시현,11143,14,3,6,4,65.0,69.0,74.0,88.0,ROUGH,ROUGH,180.8,True,FAR,74.0,88.0,61.0,44.0,FAIRWAY,False,4,0.3,False,False,LAT1,4,False,True,5,1,False,True,False
김시현,11143,14,3,7,5,63.0,79.0,50.0,103.0,BUNKER,BUNKER,289.2,True,MID,50.0,103.0,58.0,54.0,FAIRWAY,False,4,1.2,True,False,LAT1,4,False,False,5,0,True,False,False
김시현,11143,14,3,8,4,90.0,116.0,31.0,82.0,ROUGH,ROUGH,162.9,True,FAR,31.0,82.0,70.0,24.0,PENALTY_AREA,False,4,0.5,False,True,LAT3,6,False,True,5,1,False,True,False
김시현,11143,14,3,13,4,39.0,84.0,67.0,63.0,BUNKER,BUNKER,101.0,True,NEAR,67.0,63.0,56.0,30.0,FRINGE,False,3,0.8,True,False,LAT3,3,False,False,5,1,False,True,False
김시현,11143,14,3,15,4,56.0,79.0,71.0,76.0,ROUGH,ROUGH,175.6,True,FAR,71.0,76.0,62.0,10.0,FRINGE,False,3,0.4,False,False,LAT1,4,False,True,5,1,False,True,False
김시현,11143,14,3,18,5,74.0,113.0,55.0,102.0,ROUGH,ROUGH,269.6,True,NEAR,55.0,102.0,62.0,48.0,FAIRWAY,True,3,2.0,False,False,LAT3,2,True,False,6,1,False,True,False
김시현,11143,14,4,1,4,45.0,80.0,62.0,80.0,BUNKER,BUNKER,151.8,True,NEAR,62.0,80.0,77.0,14.0,GREEN,True,2,0.2,True,False,LAT1,3,False,False,3,-1,True,False,False
김시현,11143,14,4,3,4,72.0,82.0,63.0,83.0,ROUGH,ROUGH,191.9,True,MID,63.0,83.0,59.0,24.0,ROUGH,False,3,4.2,False,False,LAT1,3,True,False,4,0,True,False,False
김시현,11143,14,4,4,5,40.0,105.0,68.0,109.0,ROUGH,ROUGH,285.0,True,NEAR,68.0,109.0,74.0,61.0,FAIRWAY,True,3,7.8,False,False,LAT3,2,True,False,5,0,True,False,False
김시현,11143,14,4,10,5,80.0,97.0,64.0,108.0,ROUGH,ROUGH,293.4,True,NEAR,64.0,108.0,57.0,60.0,FAIRWAY,True,3,13.2,False,False,LAT1,2,True,False,5,0,True,False,False
김시현,11143,14,4,15,4,81.0,77.0,73.0,77.0,ROUGH,ROUGH,177.7,True,FAR,73.0,77.0,60.0,12.0,ROUGH,False,3,2.4,False,False,LAT1,4,False,True,4,0,True,False,False
김지윤2,11216,,1,1,4,51.0,61.0,58.0,87.0,BUNKER,BUNKER,176.6,True,FAR,58.0,87.0,62.0,50.0,FAIRWAY,False,3,3.7,True,False,LAT1,5,False,True,5,1,False,True,False
김지윤2,11216,,1,6,4,84.0,83.0,77.0,92.0,ROUGH,ROUGH,184.8,True,FAR,77.0,92.0,58.0,12.0,GREENSIDE_BUNKER,False,3,2.7,False,False,LAT1,4,False,True,4,0,True,False,False
김지윤2,11216,,1,9,4,84.0,97.0,61.0,71.0,ROUGH,ROUGH,129.7,True,MID,61.0,71.0,56.0,53.0,FAIRWAY,False,3,8.6,False,False,LAT1,3,True,False,5,1,False,True,False
김지윤2,11216,,1,10,5,88.0,115.0,66.0,114.0,ROUGH,ROUGH,303.5,True,NEAR,66.0,114.0,58.0,53.0,FAIRWAY,False,4,2.8,False,False,LAT1,2,True,False,5,0,True,False,False
김지윤2,11216,,1,14,4,70.0,117.0,87.0,71.0,ROUGH,ROUGH,127.9,True,NEAR,87.0,71.0,59.0,26.0,FRINGE,False,3,2.8,False,False,LAT1,2,True,False,5,1,False,True,False
김지윤2,11216,,1,15,4,58.0,114.0,70.0,74.0,ROUGH,ROUGH,156.0,True,MID,70.0,74.0,64.0,27.0,ROUGH,False,3,6.4,False,False,LAT1,3,True,False,5,1,False,True,False
김지윤2,11216,,1,17,4,48.0,120.0,47.0,86.0,ROUGH,ROUGH,139.6,True,MID,47.0,86.0,63.0,16.0,GREEN,True,2,20.7,False,False,LAT3,3,True,False,5,1,False,True,False
김지윤2,11216,,2,1,4,47.0,106.0,54.0,86.0,ROUGH,ROUGH,158.0,True,NEAR,54.0,86.0,87.0,16.0,GREEN,True,2,21.7,False,False,LAT1,2,True,False,5,1,False,True,False
김지윤2,11216,,2,4,5,36.0,93.0,66.0,114.0,ROUGH,ROUGH,305.2,True,FAR,66.0,114.0,75.0,75.0,FAIRWAY,True,3,11.7,False,False,LAT3,4,False,True,6,1,False,True,False
김지윤2,11216,,2,6,4,31.0,111.0,78.0,92.0,ROUGH,ROUGH,176.2,True,FAR,78.0,92.0,58.0,11.0,GREENSIDE_BUNKER,False,3,7.6,False,False,LAT1,4,False,True,5,1,False,True,False
김지윤2,11216,,2,8,4,44.0,121.0,29.0,81.0,ROUGH,ROUGH,150.3,True,MID,29.0,81.0,44.0,66.0,FAIRWAY,False,4,0.3,False,False,LAT3,3,True,False,5,1,False,True,False
김지윤2,11216,,2,10,5,57.0,65.0,68.0,120.0,ROUGH,ROUGH,344.1,True,FAR,68.0,120.0,56.0,76.0,ROUGH,False,4,7.8,False,False,LAT1,4,False,True,6,1,False,True,False
김지윤2,11216,,2,12,4,63.0,80.0,87.0,77.0,ROUGH,ROUGH,162.4,True,MID,87.0,77.0,57.0,17.0,GREEN,True,2,12.9,False,False,LAT1,3,True,False,4,0,True,False,False
김지윤2,11216,,2,13,4,88.0,112.0,92.0,89.0,ROUGH,ROUGH,152.9,True,FAR,92.0,89.0,62.0,25.0,GREEN,True,2,3.4,False,False,LAT1,4,False,True,4,0,True,False,False
한아름,11447,49,1,4,5,94.0,111.0,67.0,118.0,ROUGH,ROUGH,307.7,True,FAR,67.0,118.0,81.0,65.0,ROUGH,False,4,0.3,False,False,LAT3,4,False,True,5,0,True,False,False
한아름,11447,49,1,7,5,45.0,130.0,50.0,103.0,BUNKER,BUNKER,266.7,True,NEAR,50.0,103.0,58.0,60.0,FAIRWAY,False,4,1.1,True,False,LAT1,3,False,False,5,0,True,False,False
한아름,11447,49,1,8,4,96.0,89.0,56.0,84.0,ROUGH,ROUGH,156.3,True,FAR,56.0,84.0,40.0,75.0,FAIRWAY,False,3,9.1,False,False,LAT1,4,False,True,4,0,True,False,False
한아름,11447,49,1,9,4,84.0,97.0,52.0,66.0,ROUGH,ROUGH,131.2,True,MID,52.0,66.0,90.0,13.0,FRINGE,False,3,5.9,False,False,LAT1,3,True,False,4,0,True,False,False
한아름,11447,49,1,10,5,88.0,115.0,63.0,118.0,ROUGH,ROUGH,316.8,True,MID,63.0,118.0,61.0,57.0,FAIRWAY,True,3,4.8,False,False,LAT1,3,True,False,5,0,True,False,False
한아름,11447,49,1,18,5,92.0,79.0,55.0,114.0,BUNKER,BUNKER,319.5,True,FAR,55.0,114.0,59.0,57.0,FAIRWAY,True,3,19.0,True,False,LAT3,5,False,True,6,1,False,True,False
한아름,11447,49,2,4,5,36.0,93.0,86.0,94.0,ROUGH,ROUGH,254.8,True,NEAR,86.0,94.0,78.0,43.0,BUNKER,True,3,4.0,False,False,LAT1,2,True,False,5,0,True,False,False
한아름,11447,49,2,8,4,44.0,121.0,34.0,84.0,ROUGH,ROUGH,151.5,True,MID,34.0,84.0,60.0,17.0,GREEN,True,2,8.0,False,False,LAT3,3,True,False,3,-1,True,False,False
한아름,11447,49,2,9,4,45.0,96.0,39.0,70.0,ROUGH,ROUGH,145.9,True,FAR,39.0,70.0,77.0,25.0,GREEN,True,2,17.2,False,False,LAT3,4,False,True,4,0,True,False,False
한아름,11447,49,2,10,5,57.0,65.0,54.0,126.0,ROUGH,ROUGH,366.1,True,FAR,54.0,126.0,61.0,117.0,FAIRWAY,False,4,8.2,False,False,LAT3,4,False,True,7,2,False,True,True
한아름,11447,49,2,12,4,63.0,80.0,86.0,81.0,ROUGH,ROUGH,170.9,True,FAR,86.0,81.0,58.0,17.0,GREEN,True,2,9.8,False,False,LAT1,4,False,True,5,1,False,True,False
한아름,11447,49,2,15,4,31.0,130.0,70.0,78.0,ROUGH,ROUGH,161.0,True,MID,70.0,78.0,59.0,24.0,ROUGH,False,3,2.8,False,False,LAT1,3,True,False,4,0,True,False,False
한아름,11447,49,2,17,4,87.0,87.0,64.0,73.0,BUNKER,BUNKER,122.7,True,NEAR,64.0,73.0,63.0,18.0,GREEN,True,2,3.5,True,False,LAT1,3,False,False,4,0,True,False,False
한아름,11447,49,2,18,5,39.0,110.0,53.0,107.0,ROUGH,ROUGH,285.0,True,MID,53.0,107.0,56.0,74.0,ROUGH,False,4,5.0,False,False,LAT3,3,True,False,6,1,False,True,False
한아름,11447,49,3,1,4,89.0,99.0,54.0,87.0,ROUGH,ROUGH,170.7,True,MID,54.0,87.0,80.0,20.0,GREEN,True,2,14.4,False,False,LAT1,3,True,False,4,0,True,False,False
한아름,11447,49,3,3,4,48.0,79.0,44.0,90.0,ROUGH,ROUGH,217.1,True,FAR,44.0,90.0,53.0,48.0,ROUGH,False,4,1.3,False,False,LAT3,4,False,True,6,2,False,True,True
한아름,11447,49,3,4,5,94.0,95.0,83.0,105.0,ROUGH,ROUGH,279.1,True,NEAR,83.0,105.0,76.0,58.0,FAIRWAY,False,4,0.3,False,False,LAT1,2,True,False,5,0,True,False,False
한아름,11447,49,3,7,5,63.0,79.0,58.0,106.0,LOST_BALL,OTHER,,False,,58.0,106.0,66.0,175.0,PENALTY_STROKE,False,5,7.4,True,True,LAT1,8,False,True,7,2,False,True,True
한아름,11447,49,3,8,4,90.0,116.0,35.0,87.0,ROUGH,ROUGH,168.0,True,FAR,35.0,87.0,65.0,7.0,FRINGE,False,3,1.0,False,False,LAT3,4,False,True,4,0,True,False,False
한아름,11447,49,3,10,5,50.0,85.0,64.0,115.0,ROUGH,ROUGH,319.2,True,MID,64.0,115.0,60.0,49.0,FAIRWAY,True,3,4.7,False,False,LAT1,3,True,False,5,0,True,False,False
한아름,11447,49,3,13,4,39.0,84.0,92.0,70.0,ROUGH,ROUGH,143.5,True,FAR,92.0,70.0,47.0,18.0,ROUGH,False,3,5.6,False,False,LAT1,4,False,True,5,1,False,True,False
한아름,11447,49,3,15,4,56.0,79.0,54.0,64.0,ROUGH,ROUGH,145.5,True,NEAR,54.0,64.0,66.0,3.0,ROUGH,False,3,0.4,False,False,LAT3,2,True,False,4,0,True,False,False
한아름,11447,49,3,18,5,74.0,113.0,55.0,114.0,BUNKER,BUNKER,303.3,True,FAR,55.0,114.0,59.0,65.0,FAIRWAY,True,3,5.4,True,False,LAT3,5,False,True,5,0,True,False,False
한아름,11447,49,4,7,5,84.0,80.0,50.0,103.0,BUNKER,BUNKER,291.7,True,MID,50.0,103.0,55.0,64.0,FAIRWAY,False,4,1.1,True,False,LAT1,4,False,False,5,0,True,False,False
한아름,11447,49,4,8,4,38.0,108.0,57.0,90.0,ROUGH,ROUGH,155.7,True,FAR,57.0,90.0,45.0,66.0,FAIRWAY,False,3,3.9,False,False,LAT1,4,False,True,5,1,False,True,False
한아름,11447,49,4,12,4,68.0,122.0,86.0,81.0,ROUGH,ROUGH,150.4,True,NEAR,86.0,81.0,66.0,21.0,GREEN,True,2,11.2,False,False,LAT1,2,True,False,5,1,False,True,False
한아름,11447,49,4,13,4,59.0,79.0,66.0,70.0,BUNKER,BUNKER,115.5,True,MID,66.0,70.0,64.0,28.0,FRINGE,False,3,4.2,True,False,LAT3,4,False,False,5,1,False,True,False
이윤서,11469,,1,3,4,36.0,100.0,62.0,85.0,ROUGH,ROUGH,188.6,True,MID,62.0,85.0,67.0,18.0,GREENSIDE_BUNKER,False,4,0.8,False,False,LAT1,3,True,False,5,1,False,True,False
이윤서,11469,,1,7,5,45.0,130.0,38.0,112.0,ROUGH,ROUGH,301.5,True,FAR,38.0,112.0,57.0,57.0,FAIRWAY,True,3,5.2,False,False,LAT3,4,False,True,5,0,True,False,False
이윤서,11469,,1,8,4,96.0,89.0,29.0,80.0,ROUGH,ROUGH,173.6,True,FAR,29.0,80.0,42.0,66.0,FAIRWAY,False,3,9.6,False,False,LAT3,4,False,True,5,1,False,True,False
이윤서,11469,,1,10,5,88.0,115.0,65.0,124.0,ROUGH,ROUGH,337.5,True,FAR,65.0,124.0,65.0,84.0,ROUGH,False,6,4.5,False,True,LAT1,6,False,True,8,3,False,True,True
이윤서,11469,,1,12,4,93.0,115.0,89.0,89.0,ROUGH,ROUGH,171.0,True,FAR,89.0,89.0,59.0,17.0,GREEN,True,2,25.2,False,False,LAT1,4,False,True,4,0,True,False,False
이윤서,11469,,1,13,4,84.0,92.0,72.0,72.0,ROUGH,ROUGH,113.4,True,MID,72.0,72.0,62.0,18.0,ROUGH,False,3,0.6,False,False,LAT3,3,True,False,4,0,True,False,False
이윤서,11469,,1,15,4,58.0,114.0,59.0,72.0,ROUGH,ROUGH,151.1,True,MID,59.0,72.0,66.0,12.0,GREEN,True,2,5.4,False,False,LAT3,3,True,False,4,0,True,False,False
이윤서,11469,,2,1,4,47.0,106.0,56.0,84.0,ROUGH,ROUGH,153.0,True,NEAR,56.0,84.0,82.0,6.0,ROUGH,False,3,7.9,False,False,LAT1,2,True,False,5,1,False,True,False
이윤서,11469,,2,10,5,57.0,65.0,67.0,121.0,ROUGH,ROUGH,345.9,True,FAR,67.0,121.0,67.0,116.0,ROUGH,False,6,0.5,False,False,LAT1,4,False,True,7,2,False,True,True
성아진,11640,24,1,1,4,51.0,61.0,48.0,70.0,ROUGH,ROUGH,149.0,True,NEAR,48.0,70.0,77.0,13.0,GREEN,True,2,7.4,False,False,LAT3,2,True,False,4,0,True,False,False
성아진,11640,24,1,4,5,94.0,111.0,81.0,108.0,ROUGH,ROUGH,279.3,True,NEAR,81.0,108.0,76.0,53.0,ROUGH,True,3,4.1,False,False,LAT1,2,True,False,5,0,True,False,False
성아진,11640,24,1,6,4,84.0,83.0,75.0,78.0,ROUGH,ROUGH,150.1,True,NEAR,75.0,78.0,63.0,6.0,ROUGH,False,3,1.5,False,False,LAT1,2,True,False,4,0,True,False,False
성아진,11640,24,1,9,4,84.0,97.0,42.0,59.0,ROUGH,ROUGH,134.2,True,MID,42.0,59.0,84.0,9.0,FRINGE,False,3,2.0,False,False,LAT3,3,True,False,4,0,True,False,False
성아진,11640,24,1,10,5,88.0,115.0,66.0,109.0,ROUGH,ROUGH,287.9,True,NEAR,66.0,109.0,69.0,70.0,ROUGH,False,4,8.2,False,False,LAT1,2,True,False,7,2,False,True,True
성아진,11640,24,1,12,4,93.0,115.0,77.0,82.0,ROUGH,ROUGH,147.0,True,NEAR,77.0,82.0,64.0,19.0,GREEN,True,2,10.7,False,False,LAT3,2,True,False,4,0,True,False,False
성아진,11640,24,2,1,4,47.0,106.0,46.0,73.0,ROUGH,ROUGH,139.9,True,NEAR,46.0,73.0,88.0,25.0,GREENSIDE_BUNKER,False,3,4.6,False,False,LAT3,2,True,False,5,1,False,True,False
성아진,11640,24,2,3,4,69.0,100.0,61.0,79.0,ROUGH,ROUGH,173.1,True,NEAR,61.0,79.0,61.0,14.0,GREEN,True,2,5.0,False,False,LAT1,2,True,False,4,0,True,False,False
성아진,11640,24,2,9,4,45.0,96.0,59.0,70.0,ROUGH,ROUGH,125.2,True,MID,59.0,70.0,56.0,64.0,ROUGH,False,3,16.1,False,False,LAT1,3,True,False,5,1,False,True,False
성아진,11640,24,3,1,4,89.0,99.0,43.0,84.0,ROUGH,ROUGH,176.9,True,FAR,43.0,84.0,84.0,26.0,ROUGH,False,3,1.1,False,False,LAT3,4,False,True,4,0,True,False,False
성아진,11640,24,3,6,4,65.0,69.0,62.0,119.0,ROUGH,ROUGH,252.6,True,FAR,62.0,119.0,63.0,58.0,FAIRWAY,False,3,3.4,False,False,LAT3,4,False,True,5,1,False,True,False
성아진,11640,24,3,7,5,63.0,79.0,42.0,96.0,ROUGH,ROUGH,276.0,True,NEAR,42.0,96.0,61.0,43.0,FAIRWAY,False,4,1.5,False,False,LAT3,2,True,False,5,0,True,False,False
성아진,11640,24,3,15,4,56.0,79.0,72.0,69.0,ROUGH,ROUGH,156.9,True,MID,72.0,69.0,65.0,7.0,GREEN,True,2,5.5,False,False,LAT1,3,True,False,5,1,False,True,False
성아진,11640,24,3,17,4,44.0,104.0,43.0,75.0,BUNKER,BUNKER,123.2,True,NEAR,43.0,75.0,60.0,31.0,ROUGH,False,3,4.8,True,False,LAT3,3,False,False,4,0,True,False,False
성아진,11640,24,3,18,5,74.0,113.0,68.0,97.0,ROUGH,ROUGH,251.2,True,NEAR,68.0,97.0,60.0,54.0,FAIRWAY,True,3,8.2,False,False,LAT1,2,True,False,5,0,True,False,False
성아진,11640,24,4,6,4,73.0,113.0,78.0,71.0,ROUGH,ROUGH,125.3,True,NEAR,78.0,71.0,66.0,25.0,GREENSIDE_BUNKER,False,3,3.0,False,False,LAT1,2,True,False,4,0,True,False,False
성아진,11640,24,4,7,5,84.0,80.0,40.0,99.0,ROUGH,ROUGH,289.1,True,MID,40.0,99.0,66.0,49.0,ROUGH,True,3,12.9,False,False,LAT3,3,True,False,5,0,True,False,False
성아진,11640,24,4,15,4,81.0,77.0,58.0,69.0,ROUGH,ROUGH,160.9,True,MID,58.0,69.0,67.0,2.0,ROUGH,False,3,3.5,False,False,LAT3,3,True,False,4,0,True,False,False
성아진,11640,24,4,17,4,75.0,110.0,67.0,76.0,ROUGH,ROUGH,120.3,True,NEAR,67.0,76.0,57.0,14.0,GREEN,True,2,19.6,False,False,LAT1,2,True,False,4,0,True,False,False
성아진,11640,24,4,18,5,48.0,83.0,54.0,90.0,BUNKER,BUNKER,247.5,True,NEAR,54.0,90.0,59.0,67.0,FAIRWAY,True,3,8.5,True,False,LAT3,3,False,False,5,0,True,False,False
짜라위 분짠(I),11770,46,1,7,5,45.0,130.0,41.0,100.0,ROUGH,ROUGH,262.6,True,NEAR,41.0,100.0,56.0,45.0,ROUGH,False,5,0.7,False,False,LAT3,2,True,False,6,1,False,True,False
짜라위 분짠(I),11770,46,1,12,4,93.0,115.0,87.0,80.0,ROUGH,ROUGH,147.9,True,NEAR,87.0,80.0,67.0,26.0,FRINGE,False,3,2.0,False,False,LAT1,2,True,False,5,1,False,True,False
짜라위 분짠(I),11770,46,1,15,4,58.0,114.0,71.0,71.0,ROUGH,ROUGH,147.0,True,NEAR,71.0,71.0,61.0,13.0,FRINGE,False,3,1.2,False,False,LAT1,2,True,False,4,0,True,False,False
짜라위 분짠(I),11770,46,1,17,4,48.0,120.0,62.0,81.0,ROUGH,ROUGH,126.6,True,NEAR,62.0,81.0,65.0,28.0,GREENSIDE_BUNKER,False,4,1.4,False,False,LAT1,2,True,False,5,1,False,True,False
짜라위 분짠(I),11770,46,1,18,5,92.0,79.0,67.0,100.0,ROUGH,ROUGH,274.6,True,NEAR,67.0,100.0,58.0,42.0,FAIRWAY,True,3,8.8,False,False,LAT1,2,True,False,5,0,True,False,False
짜라위 분짠(I),11770,46,2,1,4,47.0,106.0,44.0,81.0,ROUGH,ROUGH,155.8,True,NEAR,44.0,81.0,88.0,19.0,FRINGE,False,3,3.2,False,False,LAT3,2,True,False,5,1,False,True,False
짜라위 분짠(I),11770,46,2,10,5,57.0,65.0,62.0,110.0,ROUGH,ROUGH,314.5,True,MID,62.0,110.0,60.0,55.0,FAIRWAY,False,,,False,False,LAT2,3,True,False,4,-1,True,False,False
짜라위 분짠(I),11770,46,2,14,4,39.0,83.0,80.0,75.0,ROUGH,ROUGH,145.6,True,MID,80.0,75.0,52.0,29.0,GREENSIDE_BUNKER,False,3,11.8,False,False,LAT3,3,True,False,5,1,False,True,False
짜라위 분짠(I),11770,46,2,17,4,87.0,87.0,46.0,86.0,ROUGH,ROUGH,156.6,True,FAR,46.0,86.0,62.0,17.0,GREEN,True,2,5.2,False,False,LAT3,4,False,True,4,0,True,False,False
짜라위 분짠(I),11770,46,3,1,4,89.0,99.0,57.0,83.0,ROUGH,ROUGH,159.3,True,NEAR,57.0,83.0,80.0,22.0,GREEN,True,2,16.4,False,False,LAT1,2,True,False,4,0,True,False,False
짜라위 분짠(I),11770,46,3,6,4,65.0,69.0,61.0,84.0,ROUGH,ROUGH,171.6,True,MID,61.0,84.0,59.0,11.0,GREENSIDE_BUNKER,False,5,0.3,False,False,LAT3,3,True,False,6,2,False,True,True
짜라위 분짠(I),11770,46,3,8,4,90.0,116.0,54.0,77.0,ROUGH,ROUGH,131.7,True,NEAR,54.0,77.0,59.0,12.0,FRINGE,False,3,2.6,False,False,LAT1,2,True,False,5,1,False,True,False
짜라위 분짠(I),11770,46,3,12,4,83.0,114.0,75.0,92.0,ROUGH,ROUGH,171.0,True,FAR,75.0,92.0,76.0,89.0,ROUGH,False,6,2.3,False,True,LAT3,6,False,True,8,4,False,True,True
짜라위 분짠(I),11770,46,3,13,4,39.0,84.0,89.0,65.0,ROUGH,ROUGH,130.6,True,FAR,89.0,65.0,45.0,17.0,ROUGH,False,3,0.3,False,False,LAT1,4,False,True,4,0,True,False,False
짜라위 분짠(I),11770,46,3,18,5,74.0,113.0,55.0,103.0,ROUGH,ROUGH,272.3,True,NEAR,55.0,103.0,60.0,42.0,FAIRWAY,True,3,1.1,False,False,LAT3,2,True,False,4,-1,True,False,False
짜라위 분짠(I),11770,46,4,1,4,45.0,80.0,39.0,101.0,ROUGH,ROUGH,211.6,True,FAR,39.0,101.0,58.0,46.0,ROUGH,False,3,7.1,False,False,LAT3,4,False,True,5,1,False,True,False
짜라위 분짠(I),11770,46,4,4,5,40.0,105.0,69.0,110.0,ROUGH,ROUGH,287.5,True,NEAR,69.0,110.0,78.0,68.0,FAIRWAY,True,3,15.3,False,False,LAT3,2,True,False,6,1,False,True,False
짜라위 분짠(I),11770,46,4,9,4,42.0,113.0,46.0,56.0,ROUGH,ROUGH,106.2,True,NEAR,46.0,56.0,81.0,21.0,GREEN,True,2,7.7,False,False,LAT3,2,True,False,4,0,True,False,False
짜라위 분짠(I),11770,46,4,10,5,80.0,97.0,53.0,109.0,ROUGH,ROUGH,302.3,True,NEAR,53.0,109.0,61.0,55.0,FAIRWAY,True,3,9.7,False,False,LAT3,2,True,False,5,0,True,False,False
짜라위 분짠(I),11770,46,4,14,4,83.0,117.0,80.0,77.0,ROUGH,ROUGH,126.9,True,NEAR,80.0,77.0,59.0,31.0,ROUGH,False,3,3.0,False,False,LAT3,2,True,False,5,1,False,True,False
짜라위 분짠(I),11770,46,4,15,4,81.0,77.0,71.0,77.0,ROUGH,ROUGH,178.9,True,FAR,71.0,77.0,61.0,12.0,FRINGE,False,3,3.8,False,False,LAT1,4,False,True,4,0,True,False,False
짜라위 분짠(I),11770,46,4,17,4,75.0,110.0,60.0,75.0,BUNKER,BUNKER,118.3,True,NEAR,60.0,75.0,59.0,20.0,GREEN,True,2,6.6,True,False,LAT1,3,False,False,4,0,True,False,False
이수민 0906(A),11978,,1,1,4,51.0,61.0,58.0,99.0,ROUGH,ROUGH,202.3,True,FAR,58.0,99.0,85.0,22.0,FRINGE,False,3,8.4,False,False,LAT1,4,False,True,5,1,False,True,False
이수민 0906(A),11978,,1,4,5,94.0,111.0,77.0,126.0,ROUGH,ROUGH,332.2,True,FAR,77.0,126.0,74.0,80.0,ROUGH,False,5,0.2,False,False,LAT1,4,False,True,6,1,False,True,False
이수민 0906(A),11978,,1,6,4,84.0,83.0,65.0,109.0,ROUGH,ROUGH,223.3,True,FAR,65.0,109.0,64.0,55.0,FAIRWAY,False,3,12.5,False,False,LAT3,4,False,True,6,2,False,True,True
이수민 0906(A),11978,,1,8,4,96.0,89.0,52.0,82.0,ROUGH,ROUGH,155.9,True,FAR,52.0,82.0,54.0,17.0,ROUGH,False,3,4.9,False,False,LAT1,4,False,True,5,1,False,True,False
이수민 0906(A),11978,,1,9,4,84.0,97.0,47.0,82.0,ROUGH,ROUGH,166.5,True,FAR,47.0,82.0,88.0,9.0,ROUGH,False,3,11.2,False,False,LAT1,4,False,True,5,1,False,True,False
이수민 0906(A),11978,,1,10,5,88.0,115.0,51.0,119.0,OB,OTHER,,False,,51.0,119.0,66.0,190.0,PENALTY_STROKE,False,5,16.6,True,True,LAT3,8,False,True,7,2,False,True,True
이수민 0906(A),11978,,1,13,4,84.0,92.0,69.0,81.0,ROUGH,ROUGH,132.2,True,FAR,69.0,81.0,56.0,18.0,GREEN,True,2,13.0,False,False,LAT3,4,False,True,6,2,False,True,True
이수민 0906(A),11978,,1,14,4,70.0,117.0,78.0,92.0,ROUGH,ROUGH,158.3,True,FAR,78.0,92.0,53.0,27.0,ROUGH,False,3,3.9,False,False,LAT3,4,False,True,5,1,False,True,False
이수민 0906(A),11978,,1,15,4,58.0,114.0,61.0,91.0,ROUGH,ROUGH,200.9,True,FAR,61.0,91.0,58.0,24.0,ROUGH,False,3,4.3,False,False,LAT3,4,False,True,5,1,False,True,False
이지민,12038,,1,1,4,51.0,61.0,62.0,80.0,BUNKER,BUNKER,160.3,True,NEAR,62.0,80.0,72.0,23.0,GREENSIDE_BUNKER,False,3,0.9,True,False,LAT1,3,False,False,4,0,True,False,False
이지민,12038,,1,6,4,84.0,83.0,75.0,88.0,ROUGH,ROUGH,173.4,True,FAR,75.0,88.0,61.0,51.0,FAIRWAY,False,3,8.3,False,False,LAT1,4,False,True,5,1,False,True,False
이지민,12038,,1,7,5,45.0,130.0,38.0,114.0,ROUGH,ROUGH,306.2,True,FAR,38.0,114.0,46.0,107.0,FAIRWAY,False,4,1.1,False,False,LAT3,4,False,True,5,0,True,False,False
이지민,12038,,1,8,4,96.0,89.0,52.0,84.0,ROUGH,ROUGH,158.2,True,FAR,52.0,84.0,64.0,3.0,ROUGH,False,3,5.2,False,False,LAT1,4,False,True,4,0,True,False,False
이지민,12038,,1,9,4,84.0,97.0,56.0,74.0,ROUGH,ROUGH,142.3,True,FAR,56.0,74.0,54.0,68.0,ROUGH,False,4,7.2,False,False,LAT1,4,False,True,6,2,False,True,True
이지민,12038,,1,17,4,48.0,120.0,58.0,87.0,ROUGH,ROUGH,139.5,True,MID,58.0,87.0,55.0,18.0,GREEN,True,2,10.3,False,False,LAT1,3,True,False,4,0,True,False,False
이지민,12038,,2,4,5,36.0,93.0,80.0,114.0,ROUGH,ROUGH,308.7,True,FAR,80.0,114.0,77.0,56.0,ROUGH,False,5,0.5,False,False,LAT1,4,False,True,6,1,False,True,False
이지민,12038,,2,6,4,31.0,111.0,62.0,86.0,ROUGH,ROUGH,158.0,True,MID,62.0,86.0,57.0,14.0,ROUGH,False,3,6.2,False,False,LAT3,3,True,False,5,1,False,True,False
이지민,12038,,2,10,5,57.0,65.0,64.0,113.0,ROUGH,ROUGH,321.7,True,MID,64.0,113.0,63.0,67.0,FAIRWAY,False,4,0.5,False,False,LAT1,3,True,False,5,0,True,False,False
이지민,12038,,2,17,4,87.0,87.0,59.0,84.0,ROUGH,ROUGH,147.3,True,FAR,59.0,84.0,66.0,28.0,GREENSIDE_BUNKER,False,3,8.9,False,False,LAT1,4,False,True,5,1,False,True,False
임선아 1108(A),12078,,1,1,4,51.0,61.0,63.0,83.0,BUNKER,BUNKER,165.7,True,MID,63.0,83.0,84.0,9.0,FRINGE,False,3,1.5,True,False,LAT1,4,False,False,5,1,False,True,False
임선아 1108(A),12078,,1,4,5,94.0,111.0,79.0,114.0,ROUGH,ROUGH,297.1,True,MID,79.0,114.0,73.0,70.0,FAIRWAY,False,4,4.8,False,False,LAT1,3,True,False,6,1,False,True,False
임선아 1108(A),12078,,1,6,4,84.0,83.0,77.0,88.0,ROUGH,ROUGH,174.7,True,FAR,77.0,88.0,55.0,16.0,ROUGH,False,4,1.4,False,False,LAT1,4,False,True,5,1,False,True,False
임선아 1108(A),12078,,1,8,4,96.0,89.0,52.0,72.0,ROUGH,ROUGH,135.1,True,NEAR,52.0,72.0,72.0,17.0,GREEN,True,2,11.2,False,False,LAT1,2,True,False,5,1,False,True,False
임선아 1108(A),12078,,1,9,4,84.0,97.0,54.0,79.0,ROUGH,ROUGH,152.3,True,FAR,54.0,79.0,54.0,61.0,FAIRWAY,False,3,9.1,False,False,LAT1,4,False,True,5,1,False,True,False
임선아 1108(A),12078,,1,10,5,88.0,115.0,68.0,118.0,ROUGH,ROUGH,316.1,True,MID,68.0,118.0,58.0,75.0,FAIRWAY,False,7,0.8,False,False,LAT1,3,True,False,8,3,False,True,True
임선아 1108(A),12078,,1,12,4,93.0,115.0,92.0,87.0,ROUGH,ROUGH,168.6,True,MID,92.0,87.0,57.0,16.0,GREEN,True,2,31.0,False,False,LAT1,3,True,False,4,0,True,False,False
임선아 1108(A),12078,,1,13,4,84.0,92.0,91.0,82.0,ROUGH,ROUGH,148.2,True,FAR,91.0,82.0,47.0,15.0,ROUGH,False,3,1.6,False,False,LAT1,4,False,True,4,0,True,False,False
임선아 1108(A),12078,,1,18,5,92.0,79.0,57.0,96.0,ROUGH,ROUGH,267.3,True,NEAR,57.0,96.0,62.0,28.0,FAIRWAY,True,3,6.6,False,False,LAT3,2,True,False,5,0,True,False,False
임선아 1108(A),12078,,2,3,4,69.0,100.0,62.0,85.0,ROUGH,ROUGH,189.4,True,MID,62.0,85.0,59.0,9.0,FRINGE,False,3,6.5,False,False,LAT1,3,True,False,5,1,False,True,False
임선아 1108(A),12078,,2,4,5,36.0,93.0,79.0,116.0,ROUGH,ROUGH,314.5,True,FAR,79.0,116.0,75.0,48.0,ROUGH,True,3,9.2,False,False,LAT1,4,False,True,5,0,True,False,False
임선아 1108(A),12078,,2,6,4,31.0,111.0,75.0,80.0,ROUGH,ROUGH,149.1,True,NEAR,75.0,80.0,58.0,13.0,GREENSIDE_BUNKER,False,3,1.6,False,False,LAT1,2,True,False,4,0,True,False,False
임선아 1108(A),12078,,2,9,4,45.0,96.0,38.0,68.0,ROUGH,ROUGH,144.4,True,FAR,38.0,68.0,81.0,8.0,ROUGH,False,4,0.5,False,False,LAT3,4,False,True,5,1,False,True,False
임선아 1108(A),12078,,2,10,5,57.0,65.0,67.0,115.0,ROUGH,ROUGH,326.7,True,FAR,67.0,115.0,59.0,70.0,FAIRWAY,False,6,1.3,False,True,LAT1,6,False,True,8,3,False,True,True
임선아 1108(A),12078,,2,12,4,63.0,80.0,86.0,82.0,ROUGH,ROUGH,173.1,True,FAR,86.0,82.0,59.0,10.0,ROUGH,False,3,13.1,False,False,LAT1,4,False,True,5,1,False,True,False
임선아 1108(A),12078,,2,15,4,31.0,130.0,69.0,74.0,ROUGH,ROUGH,149.2,True,NEAR,69.0,74.0,59.0,13.0,ROUGH,False,3,6.6,False,False,LAT1,2,True,False,5,1,False,True,False
양아연 1012(A),12080,,1,1,4,51.0,61.0,52.0,87.0,ROUGH,ROUGH,181.7,True,FAR,52.0,87.0,84.0,9.0,FRINGE,False,3,1.2,False,False,LAT2,4,False,True,4,0,True,False,False
양아연 1012(A),12080,,1,4,5,94.0,111.0,68.0,111.0,ROUGH,ROUGH,287.5,True,NEAR,68.0,111.0,72.0,61.0,FAIRWAY,False,4,3.2,False,False,LAT3,2,True,False,6,1,False,True,False
양아연 1012(A),12080,,1,7,5,45.0,130.0,38.0,105.0,ROUGH,ROUGH,277.9,True,NEAR,38.0,105.0,65.0,43.0,FAIRWAY,True,3,3.5,False,False,LAT3,2,True,False,5,0,True,False,False
양아연 1012(A),12080,,1,8,4,96.0,89.0,36.0,81.0,ROUGH,ROUGH,167.5,True,FAR,36.0,81.0,51.0,40.0,PENALTY_AREA,False,4,5.9,False,True,LAT3,6,False,True,6,2,False,True,True
양아연 1012(A),12080,,1,9,4,84.0,97.0,41.0,64.0,ROUGH,ROUGH,142.1,True,FAR,41.0,64.0,61.0,42.0,FAIRWAY,False,3,0.7,False,False,LAT3,4,False,True,4,0,True,False,False
양아연 1012(A),12080,,1,10,5,88.0,115.0,66.0,120.0,ROUGH,ROUGH,321.7,True,MID,66.0,120.0,65.0,70.0,ROUGH,False,5,3.3,False,False,LAT1,3,True,False,7,2,False,True,True
양아연 1012(A),12080,,1,14,4,70.0,117.0,92.0,75.0,ROUGH,ROUGH,141.0,True,MID,92.0,75.0,50.0,18.0,GREEN,True,2,12.3,False,False,LAT1,3,True,False,4,0,True,False,False
양아연 1012(A),12080,,1,17,4,48.0,120.0,36.0,91.0,ROUGH,ROUGH,154.5,True,FAR,36.0,91.0,45.0,77.0,ROUGH,False,3,9.7,False,False,LAT3,4,False,True,5,1,False,True,False
양아연 1012(A),12080,,2,6,4,31.0,111.0,59.0,83.0,ROUGH,ROUGH,150.2,True,NEAR,59.0,83.0,60.0,27.0,ROUGH,False,3,2.6,False,False,LAT3,2,True,False,4,0,True,False,False
양아연 1012(A),12080,,2,10,5,57.0,65.0,68.0,119.0,ROUGH,ROUGH,341.6,True,FAR,68.0,119.0,58.0,65.0,FAIRWAY,False,4,1.2,False,False,LAT1,4,False,True,5,0,True,False,False
양아연 1012(A),12080,,2,12,4,63.0,80.0,88.0,78.0,ROUGH,ROUGH,165.7,True,MID,88.0,78.0,62.0,17.0,GREEN,True,2,3.7,False,False,LAT1,3,True,False,4,0,True,False,False
양아연 1012(A),12080,,2,13,4,88.0,112.0,88.0,73.0,ROUGH,ROUGH,117.3,True,MID,88.0,73.0,57.0,22.0,GREEN,True,2,13.7,False,False,LAT1,3,True,False,4,0,True,False,False
양아연 1012(A),12080,,2,17,4,87.0,87.0,44.0,80.0,ROUGH,ROUGH,145.9,True,FAR,44.0,80.0,63.0,17.0,GREEN,True,2,2.6,False,False,LAT3,4,False,True,3,-1,True,False,False
에리카 윤 스미스(I),13386,,1,6,4,84.0,83.0,58.0,84.0,ROUGH,ROUGH,165.9,True,MID,58.0,84.0,67.0,12.0,GREEN,True,2,4.6,False,False,LAT3,3,True,False,5,1,False,True,False
에리카 윤 스미스(I),13386,,1,7,5,45.0,130.0,40.0,101.0,ROUGH,ROUGH,267.1,True,NEAR,40.0,101.0,57.0,36.0,ROUGH,True,3,10.4,False,False,LAT3,2,True,False,5,0,True,False,False
에리카 윤 스미스(I),13386,,1,8,4,96.0,89.0,26.0,74.0,LOST_BALL,OTHER,,False,,26.0,74.0,65.0,188.0,PENALTY_STROKE,False,5,1.3,True,True,LAT3,8,False,True,6,2,False,True,True
에리카 윤 스미스(I),13386,,1,10,5,88.0,115.0,65.0,111.0,ROUGH,ROUGH,294.4,True,NEAR,65.0,111.0,58.0,60.0,FAIRWAY,False,4,2.8,False,False,LAT1,2,True,False,5,0,True,False,False
에리카 윤 스미스(I),13386,,1,15,4,58.0,114.0,57.0,59.0,ROUGH,ROUGH,118.9,True,NEAR,57.0,59.0,63.0,25.0,ROUGH,False,3,5.8,False,False,LAT3,2,True,False,5,1,False,True,False
에리카 윤 스미스(I),13386,,1,17,4,48.0,120.0,44.0,82.0,ROUGH,ROUGH,130.9,True,NEAR,44.0,82.0,60.0,13.0,GREEN,True,2,22.3,False,False,LAT3,2,True,False,6,2,False,True,True
에리카 윤 스미스(I),13386,,2,3,4,69.0,100.0,41.0,81.0,ROUGH,ROUGH,186.3,True,MID,41.0,81.0,68.0,30.0,ROUGH,False,4,1.7,False,False,LAT3,3,True,False,5,1,False,True,False
에리카 윤 스미스(I),13386,,2,6,4,31.0,111.0,61.0,82.0,ROUGH,ROUGH,147.7,True,NEAR,61.0,82.0,65.0,26.0,GREENSIDE_BUNKER,False,4,0.2,False,False,LAT3,2,True,False,6,2,False,True,True
에리카 윤 스미스(I),13386,,2,7,5,89.0,103.0,41.0,99.0,ROUGH,ROUGH,276.9,True,NEAR,41.0,99.0,57.0,45.0,FAIRWAY,True,3,12.3,False,False,LAT3,2,True,False,5,0,True,False,False
에리카 윤 스미스(I),13386,,2,8,4,44.0,121.0,33.0,80.0,ROUGH,ROUGH,145.2,True,MID,33.0,80.0,66.0,12.0,GREEN,True,2,15.7,False,False,LAT3,3,True,False,5,1,False,True,False
에리카 윤 스미스(I),13386,,2,10,5,57.0,65.0,67.0,111.0,ROUGH,ROUGH,315.5,True,MID,67.0,111.0,57.0,78.0,FAIRWAY,False,4,1.1,False,False,LAT1,3,True,False,5,0,True,False,False
에리카 윤 스미스(I),13386,,2,17,4,87.0,87.0,46.0,79.0,ROUGH,ROUGH,141.4,True,MID,46.0,79.0,65.0,10.0,ROUGH,False,4,2.2,False,False,LAT3,3,True,False,5,1,False,True,False
에리카 윤 스미스(I),13386,,2,18,5,39.0,110.0,55.0,101.0,ROUGH,ROUGH,266.8,True,NEAR,55.0,101.0,59.0,49.0,FAIRWAY,False,4,2.9,False,False,LAT3,2,True,False,5,0,True,False,False
지한솔,1521,,1,6,4,84.0,83.0,74.0,86.0,ROUGH,ROUGH,170.6,True,MID,74.0,86.0,59.0,35.0,ROUGH,False,3,1.6,False,False,LAT1,3,True,False,5,1,False,True,False
지한솔,1521,,1,7,5,45.0,130.0,52.0,105.0,ROUGH,ROUGH,270.4,True,NEAR,52.0,105.0,59.0,41.0,FAIRWAY,False,4,0.9,False,False,LAT1,2,True,False,5,0,True,False,False
지한솔,1521,,1,9,4,84.0,97.0,51.0,69.0,ROUGH,ROUGH,137.2,True,FAR,51.0,69.0,83.0,15.0,GREEN,True,2,8.5,False,False,LAT1,4,False,True,4,0,True,False,False
지한솔,1521,,1,12,4,93.0,115.0,86.0,79.0,ROUGH,ROUGH,147.1,True,NEAR,86.0,79.0,72.0,37.0,ROUGH,False,3,8.8,False,False,LAT1,2,True,False,4,0,True,False,False
지한솔,1521,,1,15,4,58.0,114.0,61.0,82.0,ROUGH,ROUGH,177.6,True,FAR,61.0,82.0,65.0,2.0,ROUGH,False,3,1.1,False,False,LAT3,4,False,True,4,0,True,False,False
지한솔,1521,,1,18,5,92.0,79.0,67.0,104.0,ROUGH,ROUGH,284.9,True,MID,67.0,104.0,57.0,49.0,ROUGH,True,3,10.0,False,False,LAT1,3,True,False,5,0,True,False,False
지한솔,1521,,2,9,4,45.0,96.0,34.0,71.0,ROUGH,ROUGH,155.1,True,FAR,34.0,71.0,35.0,72.0,PENALTY_STROKE,False,4,0.2,False,True,LAT3,6,False,True,5,1,False,True,False
지한솔,1521,,2,12,4,63.0,80.0,88.0,79.0,ROUGH,ROUGH,168.7,True,MID,88.0,79.0,58.0,9.0,GREENSIDE_BUNKER,False,3,7.8,False,False,LAT1,3,True,False,4,0,True,False,False
지한솔,1521,,2,17,4,87.0,87.0,61.0,84.0,ROUGH,ROUGH,146.1,True,FAR,61.0,84.0,61.0,22.0,GREEN,True,2,14.0,False,False,LAT1,4,False,True,4,0,True,False,False
지한솔,1521,,2,18,5,39.0,110.0,74.0,110.0,ROUGH,ROUGH,290.6,True,FAR,74.0,110.0,61.0,80.0,FAIRWAY,False,5,3.2,False,True,LAT1,6,False,True,7,2,False,True,True
안송이,6916,,1,9,4,84.0,97.0,57.0,62.0,ROUGH,ROUGH,118.2,True,NEAR,57.0,62.0,84.0,12.0,GREEN,True,2,14.6,False,False,LAT1,2,True,False,4,0,True,False,False
안송이,6916,,1,12,4,93.0,115.0,73.0,93.0,ROUGH,ROUGH,174.1,True,FAR,73.0,93.0,66.0,52.0,ROUGH,False,4,1.2,False,False,LAT3,4,False,True,5,1,False,True,False
안송이,6916,,1,17,4,48.0,120.0,57.0,89.0,ROUGH,ROUGH,144.2,True,MID,57.0,89.0,65.0,28.0,GREENSIDE_BUNKER,False,4,0.4,False,False,LAT1,3,True,False,5,1,False,True,False
안송이,6916,,1,18,5,92.0,79.0,55.0,114.0,BUNKER,BUNKER,319.8,True,FAR,55.0,114.0,61.0,57.0,FAIRWAY,True,3,4.1,True,False,LAT3,5,False,True,5,0,True,False,False
안송이,6916,,2,6,4,31.0,111.0,61.0,86.0,ROUGH,ROUGH,157.6,True,MID,61.0,86.0,57.0,16.0,ROUGH,False,3,0.8,False,False,LAT3,3,True,False,4,0,True,False,False
안송이,6916,,2,18,5,39.0,110.0,56.0,106.0,ROUGH,ROUGH,281.7,True,MID,56.0,106.0,59.0,60.0,FAIRWAY,True,3,8.1,False,False,LAT3,3,True,False,5,0,True,False,False
박성현,8179,27,1,1,4,51.0,61.0,45.0,76.0,ROUGH,ROUGH,164.8,True,MID,45.0,76.0,81.0,17.0,GREEN,True,2,16.2,False,False,LAT3,3,True,False,4,0,True,False,False
박성현,8179,27,1,4,5,94.0,111.0,68.0,106.0,BUNKER,BUNKER,272.5,True,NEAR,68.0,106.0,82.0,70.0,ROUGH,False,4,9.3,True,False,LAT3,3,False,False,6,1,False,True,False
박성현,8179,27,1,6,4,84.0,83.0,76.0,77.0,ROUGH,ROUGH,148.4,True,NEAR,76.0,77.0,61.0,13.0,FRINGE,False,3,1.3,False,False,LAT1,2,True,False,4,0,True,False,False
박성현,8179,27,1,7,5,45.0,130.0,40.0,99.0,ROUGH,ROUGH,261.1,True,NEAR,40.0,99.0,60.0,46.0,FAIRWAY,True,3,3.8,False,False,LAT3,2,True,False,4,-1,True,False,False
박성현,8179,27,1,8,4,96.0,89.0,53.0,74.0,ROUGH,ROUGH,138.1,True,MID,53.0,74.0,78.0,20.0,ROUGH,False,4,4.4,False,False,LAT1,3,True,False,6,2,False,True,True
박성현,8179,27,1,9,4,84.0,97.0,60.0,61.0,ROUGH,ROUGH,111.7,True,NEAR,60.0,61.0,82.0,21.0,GREEN,True,2,10.3,False,False,LAT1,2,True,False,4,0,True,False,False
박성현,8179,27,1,13,4,84.0,92.0,68.0,71.0,BUNKER,BUNKER,109.0,True,MID,68.0,71.0,58.0,17.0,FRINGE,False,3,1.0,True,False,LAT3,4,False,False,4,0,True,False,False
박성현,8179,27,1,14,4,70.0,117.0,99.0,87.0,ROUGH,ROUGH,169.2,True,FAR,99.0,87.0,67.0,29.0,ROUGH,False,4,0.5,False,False,LAT1,4,False,True,5,1,False,True,False
박성현,8179,27,1,15,4,58.0,114.0,58.0,70.0,ROUGH,ROUGH,145.7,True,NEAR,58.0,70.0,66.0,22.0,ROUGH,False,3,5.3,False,False,LAT3,2,True,False,4,0,True,False,False
박성현,8179,27,1,18,5,92.0,79.0,67.0,102.0,ROUGH,ROUGH,279.4,True,MID,67.0,102.0,60.0,38.0,FAIRWAY,True,3,11.8,False,False,LAT1,3,True,False,5,0,True,False,False
박성현,8179,27,2,4,5,36.0,93.0,72.0,105.0,ROUGH,ROUGH,277.4,True,NEAR,72.0,105.0,79.0,59.0,ROUGH,False,4,3.0,False,False,LAT2,2,True,False,5,0,True,False,False
박성현,8179,27,2,8,4,44.0,121.0,34.0,72.0,ROUGH,ROUGH,127.8,True,NEAR,34.0,72.0,60.0,15.0,GREEN,True,2,11.5,False,False,LAT3,2,True,False,4,0,True,False,False
박성현,8179,27,2,10,5,57.0,65.0,68.0,116.0,ROUGH,ROUGH,331.5,True,FAR,68.0,116.0,62.0,78.0,FAIRWAY,False,4,1.7,False,False,LAT1,4,False,True,5,0,True,False,False
박성현,8179,27,2,12,4,63.0,80.0,75.0,80.0,ROUGH,ROUGH,161.1,True,MID,75.0,80.0,65.0,49.0,ROUGH,False,3,10.5,False,False,LAT3,3,True,False,5,1,False,True,False
박성현,8179,27,2,13,4,88.0,112.0,88.0,70.0,ROUGH,ROUGH,113.0,True,MID,88.0,70.0,52.0,18.0,GREEN,True,2,27.3,False,False,LAT1,3,True,False,5,1,False,True,False
박성현,8179,27,2,15,4,31.0,130.0,59.0,73.0,ROUGH,ROUGH,147.4,True,NEAR,59.0,73.0,65.0,8.0,GREEN,True,2,22.7,False,False,LAT3,2,True,False,4,0,True,False,False
박성현,8179,27,2,17,4,87.0,87.0,47.0,90.0,ROUGH,ROUGH,164.1,True,FAR,47.0,90.0,63.0,9.0,ROUGH,False,3,12.0,False,False,LAT3,4,False,True,5,1,False,True,False
박성현,8179,27,2,18,5,39.0,110.0,55.0,102.0,ROUGH,ROUGH,267.6,True,NEAR,55.0,102.0,61.0,41.0,FAIRWAY,True,3,7.5,False,False,LAT3,2,True,False,4,-1,True,False,False
박성현,8179,27,3,4,5,94.0,95.0,80.0,109.0,ROUGH,ROUGH,289.5,True,NEAR,80.0,109.0,75.0,58.0,FAIRWAY,True,3,9.5,False,False,LAT1,2,True,False,5,0,True,False,False
박성현,8179,27,3,9,4,56.0,142.0,46.0,56.0,ROUGH,ROUGH,100.7,True,NEAR,46.0,56.0,82.0,20.0,GREEN,True,2,14.1,False,False,LAT3,2,True,False,4,0,True,False,False
박성현,8179,27,3,13,4,39.0,84.0,66.0,62.0,BUNKER,BUNKER,98.2,True,NEAR,66.0,62.0,62.0,38.0,ROUGH,False,3,7.9,True,False,LAT3,3,False,False,4,0,True,False,False
박성현,8179,27,3,15,4,56.0,79.0,71.0,71.0,ROUGH,ROUGH,160.2,True,MID,71.0,71.0,65.0,2.0,ROUGH,False,3,1.4,False,False,LAT1,3,True,False,4,0,True,False,False
박성현,8179,27,3,18,5,74.0,113.0,55.0,100.0,ROUGH,ROUGH,265.1,True,NEAR,55.0,100.0,62.0,45.0,FAIRWAY,True,3,1.8,False,False,LAT3,2,True,False,4,-1,True,False,False
박성현,8179,27,4,4,5,40.0,105.0,70.0,110.0,ROUGH,ROUGH,286.1,True,NEAR,70.0,110.0,75.0,52.0,FAIRWAY,True,3,13.8,False,False,LAT3,2,True,False,5,0,True,False,False
박성현,8179,27,4,8,4,38.0,108.0,38.0,67.0,ROUGH,ROUGH,117.7,True,NEAR,38.0,67.0,60.0,17.0,GREEN,True,2,4.9,False,False,LAT3,2,True,False,4,0,True,False,False
박성현,8179,27,4,9,4,42.0,113.0,47.0,57.0,ROUGH,ROUGH,105.6,True,NEAR,47.0,57.0,83.0,17.0,GREEN,True,2,13.9,False,False,LAT3,2,True,False,5,1,False,True,False
박성현,8179,27,4,10,5,80.0,97.0,65.0,105.0,ROUGH,ROUGH,285.2,True,NEAR,65.0,105.0,64.0,51.0,ROUGH,True,3,11.6,False,False,LAT1,2,True,False,5,0,True,False,False
박성현,8179,27,4,12,4,68.0,122.0,72.0,80.0,ROUGH,ROUGH,139.9,True,NEAR,72.0,80.0,81.0,61.0,ROUGH,False,3,3.3,False,False,LAT3,2,True,False,5,1,False,True,False
박성현,8179,27,4,13,4,59.0,79.0,68.0,66.0,BUNKER,BUNKER,107.2,True,MID,68.0,66.0,50.0,13.0,ROUGH,False,3,11.4,True,False,LAT3,4,False,False,5,1,False,True,False
박성현,8179,27,4,15,4,81.0,77.0,72.0,72.0,ROUGH,ROUGH,166.4,True,MID,72.0,72.0,64.0,5.0,FRINGE,False,3,0.2,False,False,LAT1,3,True,False,4,0,True,False,False
박성현,8179,27,4,18,5,48.0,83.0,55.0,99.0,ROUGH,ROUGH,272.8,True,NEAR,55.0,99.0,55.0,99.0,PENALTY_STROKE,False,4,0.6,False,True,LAT3,4,False,True,5,0,True,False,False
이주미,8234,,1,1,4,51.0,61.0,44.0,76.0,ROUGH,ROUGH,164.8,True,MID,44.0,76.0,76.0,11.0,GREEN,True,2,6.1,False,False,LAT3,3,True,False,3,-1,True,False,False
이주미,8234,,1,9,4,84.0,97.0,61.0,56.0,ROUGH,ROUGH,102.1,True,NEAR,61.0,56.0,82.0,23.0,GREEN,True,2,13.7,False,False,LAT1,2,True,False,4,0,True,False,False
이주미,8234,,1,12,4,93.0,115.0,89.0,87.0,ROUGH,ROUGH,167.3,True,MID,89.0,87.0,57.0,15.0,GREEN,True,2,29.9,False,False,LAT1,3,True,False,4,0,True,False,False
이주미,8234,,1,14,4,70.0,117.0,74.0,82.0,ROUGH,ROUGH,136.5,True,MID,74.0,82.0,53.0,31.0,GREENSIDE_BUNKER,False,3,6.8,False,False,LAT3,3,True,False,5,1,False,True,False
이주미,8234,,1,17,4,48.0,120.0,64.0,83.0,ROUGH,ROUGH,133.1,True,MID,64.0,83.0,63.0,36.0,ROUGH,False,3,1.4,False,False,LAT1,3,True,False,4,0,True,False,False
이주미,8234,,1,18,5,92.0,79.0,54.0,116.0,ROUGH,ROUGH,325.4,True,FAR,54.0,116.0,65.0,68.0,ROUGH,False,6,1.1,False,False,LAT3,4,False,True,7,2,False,True,True
이주미,8234,,2,6,4,31.0,111.0,62.0,86.0,ROUGH,ROUGH,156.3,True,NEAR,62.0,86.0,56.0,15.0,ROUGH,False,3,10.1,False,False,LAT3,2,True,False,5,1,False,True,False
이주미,8234,,2,8,4,44.0,121.0,27.0,81.0,LOST_BALL,OTHER,,False,,27.0,81.0,65.0,188.0,PENALTY_STROKE,False,4,7.0,True,True,LAT3,8,False,True,6,2,False,True,True
이주미,8234,,2,9,4,45.0,96.0,55.0,71.0,ROUGH,ROUGH,129.1,True,MID,55.0,71.0,82.0,14.0,GREEN,True,2,10.8,False,False,LAT1,3,True,False,4,0,True,False,False
이주미,8234,,2,10,5,57.0,65.0,64.0,117.0,ROUGH,ROUGH,335.1,True,FAR,64.0,117.0,56.0,66.0,ROUGH,True,3,4.4,False,False,LAT1,4,False,True,5,0,True,False,False
이주미,8234,,2,14,4,39.0,83.0,103.0,77.0,ROUGH,ROUGH,177.9,True,FAR,103.0,77.0,84.0,85.0,FAIRWAY,False,4,0.4,False,False,LAT1,4,False,True,5,1,False,True,False
이주미,8234,,2,17,4,87.0,87.0,46.0,83.0,ROUGH,ROUGH,149.8,True,FAR,46.0,83.0,66.0,13.0,ROUGH,False,3,8.0,False,False,LAT3,4,False,True,5,1,False,True,False
황정미,8240,,1,6,4,84.0,83.0,76.0,91.0,ROUGH,ROUGH,181.4,True,FAR,76.0,91.0,72.0,14.0,GREENSIDE_BUNKER,False,3,1.6,False,False,LAT1,4,False,True,4,0,True,False,False
황정미,8240,,1,7,5,45.0,130.0,49.0,106.0,ROUGH,ROUGH,275.2,True,NEAR,49.0,106.0,51.0,85.0,ROUGH,False,4,2.7,False,False,LAT1,2,True,False,6,1,False,True,False
황정미,8240,,1,8,4,96.0,89.0,54.0,85.0,ROUGH,ROUGH,160.6,True,FAR,54.0,85.0,64.0,6.0,ROUGH,False,3,9.5,False,False,LAT1,4,False,True,5,1,False,True,False
황정미,8240,,1,12,4,93.0,115.0,93.0,89.0,ROUGH,ROUGH,173.0,True,FAR,93.0,89.0,67.0,26.0,FRINGE,False,3,2.4,False,False,LAT1,4,False,True,4,0,True,False,False
황정미,8240,,1,18,5,92.0,79.0,54.0,106.0,ROUGH,ROUGH,295.4,True,FAR,54.0,106.0,59.0,80.0,FAIRWAY,False,4,4.3,False,False,LAT3,4,False,True,6,1,False,True,False
장은수,8243,57,1,1,4,51.0,61.0,55.0,85.0,ROUGH,ROUGH,173.7,True,FAR,55.0,85.0,78.0,20.0,GREEN,True,2,21.5,False,False,LAT1,4,False,True,4,0,True,False,False
장은수,8243,57,1,3,4,36.0,100.0,61.0,85.0,ROUGH,ROUGH,189.6,True,MID,61.0,85.0,59.0,22.0,ROUGH,False,3,9.7,False,False,LAT1,3,True,False,5,1,False,True,False
장은수,8243,57,1,4,5,94.0,111.0,79.0,114.0,ROUGH,ROUGH,296.6,True,MID,79.0,114.0,74.0,53.0,FAIRWAY,True,3,4.2,False,False,LAT1,3,True,False,4,-1,True,False,False
장은수,8243,57,1,9,4,84.0,97.0,59.0,62.0,ROUGH,ROUGH,114.2,True,NEAR,59.0,62.0,87.0,24.0,ROUGH,False,3,0.4,False,False,LAT1,2,True,False,4,0,True,False,False
장은수,8243,57,1,12,4,93.0,115.0,85.0,78.0,ROUGH,ROUGH,142.6,True,NEAR,85.0,78.0,68.0,27.0,ROUGH,False,3,6.2,False,False,LAT1,2,True,False,5,1,False,True,False
장은수,8243,57,1,14,4,70.0,117.0,76.0,87.0,ROUGH,ROUGH,147.5,True,MID,76.0,87.0,55.0,23.0,GREEN,True,2,4.6,False,False,LAT3,3,True,False,3,-1,True,False,False
장은수,8243,57,2,1,4,47.0,106.0,54.0,89.0,ROUGH,ROUGH,163.3,True,MID,54.0,89.0,75.0,27.0,ROUGH,False,3,0.9,False,False,LAT1,3,True,False,4,0,True,False,False
장은수,8243,57,2,9,4,45.0,96.0,61.0,73.0,ROUGH,ROUGH,128.4,True,MID,61.0,73.0,61.0,42.0,FAIRWAY,False,3,4.9,False,False,LAT1,3,True,False,5,1,False,True,False
장은수,8243,57,2,10,5,57.0,65.0,64.0,119.0,ROUGH,ROUGH,339.6,True,FAR,64.0,119.0,64.0,62.0,ROUGH,False,4,0.3,False,False,LAT1,4,False,True,5,0,True,False,False
장은수,8243,57,2,12,4,63.0,80.0,90.0,83.0,ROUGH,ROUGH,177.6,True,FAR,90.0,83.0,55.0,11.0,ROUGH,False,3,15.3,False,False,LAT1,4,False,True,5,1,False,True,False
장은수,8243,57,2,14,4,39.0,83.0,94.0,75.0,ROUGH,ROUGH,161.9,True,FAR,94.0,75.0,45.0,24.0,FRINGE,False,3,0.9,False,False,LAT1,4,False,True,4,0,True,False,False
장은수,8243,57,2,18,5,39.0,110.0,57.0,108.0,ROUGH,ROUGH,286.1,True,MID,57.0,108.0,55.0,57.0,ROUGH,False,4,5.6,False,False,LAT3,3,True,False,6,1,False,True,False
장은수,8243,57,3,3,4,48.0,79.0,62.0,84.0,ROUGH,ROUGH,196.3,True,FAR,62.0,84.0,55.0,19.0,GREENSIDE_BUNKER,False,3,3.8,False,False,LAT1,4,False,True,4,0,True,False,False
장은수,8243,57,3,4,5,94.0,95.0,78.0,116.0,ROUGH,ROUGH,307.9,True,FAR,78.0,116.0,73.0,54.0,FAIRWAY,True,3,6.4,False,False,LAT1,4,False,True,5,0,True,False,False
장은수,8243,57,3,12,4,83.0,114.0,87.0,82.0,ROUGH,ROUGH,156.0,True,MID,87.0,82.0,63.0,28.0,ROUGH,False,3,1.2,False,False,LAT1,3,True,False,4,0,True,False,False
장은수,8243,57,3,14,4,68.0,108.0,92.0,76.0,ROUGH,ROUGH,145.0,True,MID,92.0,76.0,47.0,16.0,GREEN,True,2,17.3,False,False,LAT1,3,True,False,4,0,True,False,False
장은수,8243,57,4,6,4,73.0,113.0,74.0,84.0,ROUGH,ROUGH,152.8,True,NEAR,74.0,84.0,65.0,25.0,GREENSIDE_BUNKER,False,3,14.6,False,False,LAT1,2,True,False,5,1,False,True,False
장은수,8243,57,4,8,4,38.0,108.0,36.0,80.0,ROUGH,ROUGH,145.2,True,MID,36.0,80.0,60.0,16.0,GREEN,True,2,6.4,False,False,LAT3,3,True,False,4,0,True,False,False
장은수,8243,57,4,9,4,42.0,113.0,43.0,62.0,ROUGH,ROUGH,119.7,True,NEAR,43.0,62.0,85.0,17.0,GREEN,True,2,17.9,False,False,LAT3,2,True,False,4,0,True,False,False
장은수,8243,57,4,10,5,80.0,97.0,62.0,115.0,ROUGH,ROUGH,315.2,True,MID,62.0,115.0,61.0,57.0,FAIRWAY,False,4,1.6,False,False,LAT2,3,True,False,6,1,False,True,False
장은수,8243,57,4,17,4,75.0,110.0,45.0,87.0,ROUGH,ROUGH,148.7,True,FAR,45.0,87.0,60.0,27.0,FRINGE,False,3,4.8,False,False,LAT3,4,False,True,5,1,False,True,False
이소영,8246,,1,1,4,51.0,61.0,59.0,87.0,BUNKER,BUNKER,177.1,True,FAR,59.0,87.0,59.0,63.0,FAIRWAY,False,3,9.6,True,False,LAT1,5,False,True,4,0,True,False,False
이소영,8246,,1,4,5,94.0,111.0,67.0,117.0,ROUGH,ROUGH,304.6,True,FAR,67.0,117.0,77.0,73.0,FAIRWAY,False,5,0.5,False,False,LAT3,4,False,True,6,1,False,True,False
이소영,8246,,1,9,4,84.0,97.0,57.0,61.0,ROUGH,ROUGH,116.0,True,NEAR,57.0,61.0,82.0,21.0,GREEN,True,2,11.4,False,False,LAT1,2,True,False,4,0,True,False,False
이소영,8246,,1,10,5,88.0,115.0,51.0,119.0,OB,OTHER,,False,,51.0,119.0,66.0,190.0,PENALTY_STROKE,False,7,2.7,True,True,LAT3,8,False,True,9,4,False,True,True
이소영,8246,,1,12,4,93.0,115.0,90.0,84.0,ROUGH,ROUGH,159.9,True,MID,90.0,84.0,67.0,27.0,ROUGH,False,3,0.3,False,False,LAT1,3,True,False,4,0,True,False,False
이소영,8246,,1,14,4,70.0,117.0,76.0,83.0,ROUGH,ROUGH,139.0,True,MID,76.0,83.0,58.0,33.0,ROUGH,False,3,1.3,False,False,LAT3,3,True,False,4,0,True,False,False
이소영,8246,,1,15,4,58.0,114.0,72.0,79.0,ROUGH,ROUGH,168.8,True,FAR,72.0,79.0,69.0,29.0,GREENSIDE_BUNKER,False,3,14.0,False,False,LAT1,4,False,True,5,1,False,True,False
이소영,8246,,1,18,5,92.0,79.0,74.0,113.0,LOST_BALL,OTHER,,False,,74.0,113.0,79.0,186.0,PENALTY_STROKE,False,6,12.0,True,True,LAT1,8,False,True,8,3,False,True,True
최민경,8277,57,1,1,4,51.0,61.0,63.0,85.0,BUNKER,BUNKER,169.4,True,MID,63.0,85.0,84.0,10.0,FRINGE,False,3,0.3,True,False,LAT1,4,False,False,4,0,True,False,False
최민경,8277,57,1,6,4,84.0,83.0,59.0,91.0,ROUGH,ROUGH,182.9,True,FAR,59.0,91.0,66.0,9.0,GREEN,True,2,10.6,False,False,LAT3,4,False,True,4,0,True,False,False
최민경,8277,57,1,7,5,45.0,130.0,38.0,111.0,ROUGH,ROUGH,298.6,True,FAR,38.0,111.0,59.0,62.0,FAIRWAY,True,3,2.2,False,False,LAT3,4,False,True,5,0,True,False,False
최민경,8277,57,1,9,4,84.0,97.0,54.0,69.0,ROUGH,ROUGH,133.3,True,MID,54.0,69.0,58.0,52.0,FAIRWAY,False,3,2.6,False,False,LAT1,3,True,False,4,0,True,False,False
최민경,8277,57,1,13,4,84.0,92.0,74.0,65.0,ROUGH,ROUGH,98.3,True,NEAR,74.0,65.0,65.0,24.0,ROUGH,False,3,2.7,False,False,LAT3,2,True,False,5,1,False,True,False
최민경,8277,57,1,14,4,70.0,117.0,79.0,78.0,ROUGH,ROUGH,132.7,True,NEAR,79.0,78.0,86.0,75.0,FAIRWAY,False,3,2.1,False,False,LAT3,2,True,False,5,1,False,True,False
최민경,8277,57,1,17,4,48.0,120.0,64.0,86.0,ROUGH,ROUGH,138.8,True,MID,64.0,86.0,58.0,29.0,ROUGH,False,3,5.3,False,False,LAT1,3,True,False,5,1,False,True,False
최민경,8277,57,2,6,4,31.0,111.0,61.0,101.0,ROUGH,ROUGH,191.5,True,FAR,61.0,101.0,53.0,22.0,ROUGH,False,3,0.4,False,False,LAT3,4,False,True,4,0,True,False,False
최민경,8277,57,2,7,5,89.0,103.0,39.0,105.0,ROUGH,ROUGH,298.0,True,FAR,39.0,105.0,58.0,55.0,FAIRWAY,True,3,13.4,False,False,LAT3,4,False,True,5,0,True,False,False
최민경,8277,57,2,8,4,44.0,121.0,29.0,79.0,ROUGH,ROUGH,147.8,True,MID,29.0,79.0,40.0,78.0,FAIRWAY,False,4,1.1,False,False,LAT3,3,True,False,5,1,False,True,False
최민경,8277,57,2,9,4,45.0,96.0,51.0,71.0,ROUGH,ROUGH,134.8,True,MID,51.0,71.0,80.0,18.0,GREEN,True,2,2.8,False,False,LAT1,3,True,False,3,-1,True,False,False
최민경,8277,57,2,10,5,57.0,65.0,67.0,122.0,ROUGH,ROUGH,348.9,True,FAR,67.0,122.0,57.0,65.0,FAIRWAY,True,3,8.6,False,False,LAT1,4,False,True,5,0,True,False,False
최민경,8277,57,2,12,4,63.0,80.0,88.0,85.0,ROUGH,ROUGH,181.2,True,FAR,88.0,85.0,63.0,12.0,ROUGH,False,3,13.6,False,False,LAT1,4,False,True,6,2,False,True,True
최민경,8277,57,2,14,4,39.0,83.0,96.0,87.0,ROUGH,ROUGH,184.7,True,FAR,96.0,87.0,58.0,27.0,FRINGE,False,3,1.3,False,False,LAT1,4,False,True,4,0,True,False,False
최민경,8277,57,2,15,4,31.0,130.0,72.0,77.0,ROUGH,ROUGH,157.0,True,MID,72.0,77.0,61.0,21.0,ROUGH,False,3,1.0,False,False,LAT1,3,True,False,4,0,True,False,False
최민경,8277,57,2,18,5,39.0,110.0,58.0,106.0,ROUGH,ROUGH,279.5,True,MID,58.0,106.0,61.0,63.0,ROUGH,False,4,9.2,False,False,LAT2,3,True,False,7,2,False,True,True
최민경,8277,57,3,1,4,89.0,99.0,60.0,86.0,BUNKER,BUNKER,163.8,True,MID,60.0,86.0,65.0,75.0,BUNKER,False,3,22.9,True,False,LAT1,4,False,False,5,1,False,True,False
최민경,8277,57,3,3,4,48.0,79.0,65.0,84.0,ROUGH,ROUGH,195.9,True,FAR,65.0,84.0,61.0,23.0,ROUGH,False,3,2.2,False,False,LAT1,4,False,True,5,1,False,True,False
최민경,8277,57,3,4,5,94.0,95.0,65.0,113.0,ROUGH,ROUGH,299.4,True,MID,65.0,113.0,80.0,64.0,ROUGH,True,3,9.8,False,False,LAT3,3,True,False,5,0,True,False,False
최민경,8277,57,3,7,5,63.0,79.0,30.0,110.0,ROUGH,ROUGH,326.8,True,FAR,30.0,110.0,32.0,110.0,ROUGH,False,6,0.5,False,False,LAT3,4,False,True,7,2,False,True,True
최민경,8277,57,3,8,4,90.0,116.0,56.0,77.0,ROUGH,ROUGH,130.0,True,NEAR,56.0,77.0,49.0,66.0,FAIRWAY,False,3,16.1,False,False,LAT1,2,True,False,5,1,False,True,False
최민경,8277,57,3,9,4,56.0,142.0,52.0,69.0,ROUGH,ROUGH,114.6,True,NEAR,52.0,69.0,56.0,26.0,ROUGH,False,3,4.1,False,False,LAT1,2,True,False,5,1,False,True,False
최민경,8277,57,3,10,5,50.0,85.0,64.0,115.0,ROUGH,ROUGH,318.0,True,MID,64.0,115.0,64.0,56.0,ROUGH,True,3,2.1,False,False,LAT1,3,True,False,4,-1,True,False,False
최민경,8277,57,3,12,4,83.0,114.0,77.0,92.0,BUNKER,BUNKER,173.1,True,FAR,77.0,92.0,73.0,64.0,FAIRWAY,False,3,2.1,True,False,LAT3,5,False,True,5,1,False,True,False
최민경,8277,57,3,13,4,39.0,84.0,88.0,73.0,ROUGH,ROUGH,143.1,True,FAR,88.0,73.0,48.0,22.0,FRINGE,False,,,False,False,LAT1,4,False,True,3,-1,True,False,False
최민경,8277,57,3,14,4,68.0,108.0,76.0,78.0,ROUGH,ROUGH,133.1,True,NEAR,76.0,78.0,51.0,18.0,GREEN,True,2,6.8,False,False,LAT3,2,True,False,4,0,True,False,False
최민경,8277,57,3,17,4,44.0,104.0,60.0,79.0,ROUGH,ROUGH,129.5,True,NEAR,60.0,79.0,55.0,18.0,GREEN,True,2,3.9,False,False,LAT1,2,True,False,3,-1,True,False,False
최민경,8277,57,3,18,5,74.0,113.0,56.0,106.0,ROUGH,ROUGH,279.9,True,MID,56.0,106.0,63.0,55.0,ROUGH,False,4,1.7,False,False,LAT3,3,True,False,5,0,True,False,False
최민경,8277,57,4,1,4,45.0,80.0,65.0,87.0,ROUGH,ROUGH,164.8,True,MID,65.0,87.0,64.0,54.0,FAIRWAY,False,3,7.6,False,False,LAT1,3,True,False,5,1,False,True,False
최민경,8277,57,4,4,5,40.0,105.0,80.0,116.0,ROUGH,ROUGH,307.4,True,FAR,80.0,116.0,72.0,51.0,FAIRWAY,True,3,10.8,False,False,LAT1,4,False,True,5,0,True,False,False
최민경,8277,57,4,7,5,84.0,80.0,39.0,106.0,ROUGH,ROUGH,309.4,True,FAR,39.0,106.0,59.0,44.0,FAIRWAY,True,3,5.9,False,False,LAT3,4,False,True,5,0,True,False,False
최민경,8277,57,4,8,4,38.0,108.0,53.0,72.0,ROUGH,ROUGH,119.2,True,NEAR,53.0,72.0,61.0,16.0,GREEN,True,2,4.0,False,False,LAT1,2,True,False,4,0,True,False,False
최민경,8277,57,4,10,5,80.0,97.0,68.0,118.0,ROUGH,ROUGH,324.2,True,FAR,68.0,118.0,59.0,105.0,FAIRWAY,False,5,3.0,False,False,LAT1,4,False,True,6,1,False,True,False
최민경,8277,57,4,15,4,81.0,77.0,59.0,71.0,ROUGH,ROUGH,164.3,True,MID,59.0,71.0,64.0,5.0,GREEN,True,2,16.4,False,False,LAT3,3,True,False,4,0,True,False,False
최민경,8277,57,4,18,5,48.0,83.0,56.0,105.0,ROUGH,ROUGH,287.1,True,MID,56.0,105.0,59.0,48.0,FAIRWAY,True,3,6.8,False,False,LAT3,3,True,False,5,0,True,False,False
최예림,8284,24,1,6,4,84.0,83.0,64.0,111.0,ROUGH,ROUGH,227.7,True,FAR,64.0,111.0,68.0,39.0,ROUGH,False,3,10.4,False,False,LAT3,4,False,True,5,1,False,True,False
최예림,8284,24,1,8,4,96.0,89.0,37.0,81.0,ROUGH,ROUGH,165.3,True,FAR,37.0,81.0,63.0,7.0,FRINGE,False,3,1.3,False,False,LAT3,4,False,True,4,0,True,False,False
최예림,8284,24,1,14,4,70.0,117.0,81.0,77.0,ROUGH,ROUGH,131.3,True,NEAR,81.0,77.0,54.0,23.0,GREEN,True,2,2.5,False,False,LAT3,2,True,False,4,0,True,False,False
최예림,8284,24,2,1,4,47.0,106.0,59.0,87.0,BUNKER,BUNKER,156.4,True,NEAR,59.0,87.0,64.0,59.0,FAIRWAY,False,4,0.3,True,False,LAT1,3,False,False,5,1,False,True,False
최예림,8284,24,2,9,4,45.0,96.0,39.0,65.0,ROUGH,ROUGH,136.6,True,FAR,39.0,65.0,72.0,22.0,ROUGH,False,3,2.1,False,False,LAT3,4,False,True,5,1,False,True,False
최예림,8284,24,2,12,4,63.0,80.0,87.0,77.0,ROUGH,ROUGH,161.3,True,MID,87.0,77.0,65.0,20.0,GREEN,True,2,13.7,False,False,LAT1,3,True,False,3,-1,True,False,False
최예림,8284,24,2,15,4,31.0,130.0,62.0,88.0,ROUGH,ROUGH,184.0,True,FAR,62.0,88.0,65.0,28.0,ROUGH,False,3,3.3,False,False,LAT2,4,False,True,6,2,False,True,True
최예림,8284,24,3,1,4,89.0,99.0,55.0,89.0,ROUGH,ROUGH,172.5,True,FAR,55.0,89.0,77.0,33.0,ROUGH,False,3,1.4,False,False,LAT1,4,False,True,4,0,True,False,False
최예림,8284,24,3,8,4,90.0,116.0,37.0,87.0,ROUGH,ROUGH,164.9,True,FAR,37.0,87.0,58.0,22.0,ROUGH,False,3,4.4,False,False,LAT2,4,False,True,5,1,False,True,False
최예림,8284,24,3,9,4,56.0,142.0,40.0,69.0,ROUGH,ROUGH,130.7,True,MID,40.0,69.0,79.0,19.0,GREEN,True,2,16.0,False,False,LAT3,3,True,False,3,-1,True,False,False
최예림,8284,24,3,10,5,50.0,85.0,62.0,111.0,ROUGH,ROUGH,306.1,True,NEAR,62.0,111.0,64.0,61.0,ROUGH,False,4,0.3,False,False,LAT2,2,True,False,5,0,True,False,False
최예림,8284,24,3,13,4,39.0,84.0,98.0,71.0,PENALTY_AREA,PENALTY_AREA,,False,,98.0,71.0,95.0,75.0,PENALTY_STROKE,False,4,2.0,True,True,LAT1,7,False,True,6,2,False,True,True
최예림,8284,24,3,14,4,68.0,108.0,94.0,80.0,ROUGH,ROUGH,155.0,True,FAR,94.0,80.0,65.0,31.0,ROUGH,False,3,7.3,False,False,LAT1,4,False,True,5,1,False,True,False
최예림,8284,24,3,15,4,56.0,79.0,61.0,85.0,ROUGH,ROUGH,196.7,True,FAR,61.0,85.0,59.0,28.0,ROUGH,False,3,12.4,False,False,LAT3,4,False,True,5,1,False,True,False
최예림,8284,24,3,17,4,44.0,104.0,58.0,81.0,ROUGH,ROUGH,132.8,True,MID,58.0,81.0,57.0,9.0,ROUGH,False,3,3.5,False,False,LAT1,3,True,False,5,1,False,True,False
최예림,8284,24,4,6,4,73.0,113.0,61.0,90.0,ROUGH,ROUGH,164.7,True,MID,61.0,90.0,62.0,52.0,FAIRWAY,False,3,4.0,False,False,LAT3,3,True,False,4,0,True,False,False
최예림,8284,24,4,7,5,84.0,80.0,39.0,104.0,ROUGH,ROUGH,303.5,True,FAR,39.0,104.0,62.0,41.0,FAIRWAY,True,3,3.0,False,False,LAT3,4,False,True,4,-1,True,False,False
최예림,8284,24,4,9,4,42.0,113.0,42.0,61.0,ROUGH,ROUGH,119.5,True,NEAR,42.0,61.0,77.0,14.0,GREEN,True,2,14.4,False,False,LAT3,2,True,False,3,-1,True,False,False
최예림,8284,24,4,12,4,68.0,122.0,87.0,81.0,ROUGH,ROUGH,152.9,True,NEAR,87.0,81.0,63.0,22.0,GREEN,True,2,3.3,False,False,LAT1,2,True,False,4,0,True,False,False
최예림,8284,24,4,15,4,81.0,77.0,61.0,82.0,ROUGH,ROUGH,191.7,True,FAR,61.0,82.0,64.0,3.0,ROUGH,False,3,3.6,False,False,LAT3,4,False,True,4,0,True,False,False
김수지,8300,12,1,4,5,94.0,111.0,69.0,111.0,ROUGH,ROUGH,286.2,True,NEAR,69.0,111.0,70.0,93.0,ROUGH,False,,,False,False,LAT3,2,True,False,5,0,True,False,False
김수지,8300,12,1,8,4,96.0,89.0,37.0,70.0,ROUGH,ROUGH,146.3,True,MID,37.0,70.0,76.0,10.0,ROUGH,False,3,2.2,False,False,LAT3,3,True,False,4,0,True,False,False
김수지,8300,12,1,15,4,58.0,114.0,58.0,67.0,ROUGH,ROUGH,138.8,True,NEAR,58.0,67.0,64.0,19.0,GREEN,True,2,12.8,False,False,LAT3,2,True,False,4,0,True,False,False
김수지,8300,12,1,18,5,92.0,79.0,56.0,101.0,ROUGH,ROUGH,280.4,True,MID,56.0,101.0,62.0,35.0,FAIRWAY,True,3,2.4,False,False,LAT3,3,True,False,5,0,True,False,False
김수지,8300,12,2,1,4,47.0,106.0,60.0,87.0,BUNKER,BUNKER,156.3,True,NEAR,60.0,87.0,79.0,26.0,FRINGE,False,3,1.2,True,False,LAT1,3,False,False,4,0,True,False,False
김수지,8300,12,2,4,5,36.0,93.0,66.0,113.0,ROUGH,ROUGH,301.1,True,MID,66.0,113.0,71.0,82.0,ROUGH,False,4,2.2,False,False,LAT3,3,True,False,5,0,True,False,False
김수지,8300,12,2,7,5,89.0,103.0,38.0,104.0,ROUGH,ROUGH,294.4,True,MID,38.0,104.0,63.0,43.0,FAIRWAY,True,3,11.1,False,False,LAT3,3,True,False,5,0,True,False,False
김수지,8300,12,2,10,5,57.0,65.0,65.0,112.0,ROUGH,ROUGH,317.6,True,MID,65.0,112.0,59.0,59.0,FAIRWAY,True,3,1.2,False,False,LAT1,3,True,False,4,-1,True,False,False
김수지,8300,12,2,12,4,63.0,80.0,68.0,91.0,ROUGH,ROUGH,185.9,True,FAR,68.0,91.0,79.0,83.0,FAIRWAY,False,3,18.4,False,False,LAT3,4,False,True,5,1,False,True,False
김수지,8300,12,2,13,4,88.0,112.0,91.0,72.0,ROUGH,ROUGH,119.7,True,MID,91.0,72.0,59.0,36.0,ROUGH,False,3,0.3,False,False,LAT1,3,True,False,4,0,True,False,False
김수지,8300,12,2,15,4,31.0,130.0,57.0,63.0,ROUGH,ROUGH,120.2,True,NEAR,57.0,63.0,61.0,20.0,FRINGE,False,3,1.1,False,False,LAT3,2,True,False,4,0,True,False,False
김수지,8300,12,2,17,4,87.0,87.0,62.0,76.0,BUNKER,BUNKER,128.5,True,NEAR,62.0,76.0,65.0,28.0,GREENSIDE_BUNKER,False,3,3.1,True,False,LAT1,3,False,False,5,1,False,True,False
김수지,8300,12,2,18,5,39.0,110.0,57.0,101.0,ROUGH,ROUGH,265.2,True,NEAR,57.0,101.0,59.0,43.0,FAIRWAY,True,3,12.1,False,False,LAT3,2,True,False,5,0,True,False,False
김수지,8300,12,3,1,4,89.0,99.0,43.0,83.0,ROUGH,ROUGH,174.5,True,FAR,43.0,83.0,87.0,13.0,FRINGE,False,3,2.3,False,False,LAT3,4,False,True,5,1,False,True,False
김수지,8300,12,3,4,5,94.0,95.0,82.0,110.0,ROUGH,ROUGH,292.4,True,MID,82.0,110.0,72.0,44.0,FAIRWAY,True,3,4.2,False,False,LAT1,3,True,False,5,0,True,False,False
김수지,8300,12,3,7,5,63.0,79.0,49.0,104.0,ROUGH,ROUGH,294.3,True,MID,49.0,104.0,61.0,47.0,FAIRWAY,False,4,1.2,False,False,LAT1,3,True,False,6,1,False,True,False
김수지,8300,12,3,10,5,50.0,85.0,64.0,110.0,ROUGH,ROUGH,302.4,True,NEAR,64.0,110.0,56.0,50.0,ROUGH,False,4,5.0,False,False,LAT1,2,True,False,5,0,True,False,False
김수지,8300,12,3,14,4,68.0,108.0,77.0,77.0,ROUGH,ROUGH,130.6,True,NEAR,77.0,77.0,61.0,26.0,FRINGE,False,3,2.4,False,False,LAT3,2,True,False,4,0,True,False,False
김수지,8300,12,3,17,4,44.0,104.0,47.0,77.0,ROUGH,ROUGH,126.7,True,NEAR,47.0,77.0,61.0,10.0,FRINGE,False,3,1.3,False,False,LAT3,2,True,False,5,1,False,True,False
김수지,8300,12,3,18,5,74.0,113.0,65.0,100.0,ROUGH,ROUGH,261.0,True,NEAR,65.0,100.0,57.0,39.0,FAIRWAY,True,3,2.7,False,False,LAT1,2,True,False,4,-1,True,False,False
김수지,8300,12,4,12,4,68.0,122.0,72.0,95.0,ROUGH,ROUGH,176.4,True,FAR,72.0,95.0,74.0,90.0,ROUGH,False,4,3.9,False,False,LAT3,4,False,True,5,1,False,True,False
김수지,8300,12,4,17,4,75.0,110.0,43.0,81.0,ROUGH,ROUGH,136.2,True,MID,43.0,81.0,66.0,16.0,FRINGE,False,3,0.8,False,False,LAT3,3,True,False,4,0,True,False,False
김수지,8300,12,4,18,5,48.0,83.0,66.0,104.0,ROUGH,ROUGH,283.0,True,MID,66.0,104.0,56.0,54.0,ROUGH,False,4,0.3,False,False,LAT1,3,True,False,5,0,True,False,False
박단유,8318,,1,1,4,51.0,61.0,41.0,93.0,ROUGH,ROUGH,202.9,True,FAR,41.0,93.0,75.0,28.0,ROUGH,False,3,3.0,False,False,LAT3,4,False,True,4,0,True,False,False
박단유,8318,,1,13,4,84.0,92.0,71.0,69.0,ROUGH,ROUGH,107.0,True,MID,71.0,69.0,71.0,60.0,BUNKER,False,4,0.2,False,False,LAT3,3,True,False,5,1,False,True,False
박단유,8318,,1,17,4,48.0,120.0,62.0,81.0,ROUGH,ROUGH,127.3,True,NEAR,62.0,81.0,59.0,38.0,ROUGH,False,3,7.9,False,False,LAT1,2,True,False,5,1,False,True,False
박단유,8318,,1,18,5,92.0,79.0,55.0,107.0,ROUGH,ROUGH,297.7,True,FAR,55.0,107.0,58.0,76.0,FAIRWAY,True,3,9.5,False,False,LAT3,4,False,True,5,0,True,False,False
박단유,8318,,2,1,4,47.0,106.0,55.0,83.0,ROUGH,ROUGH,150.9,True,NEAR,55.0,83.0,84.0,22.0,GREEN,True,2,16.7,False,False,LAT1,2,True,False,4,0,True,False,False
박단유,8318,,2,4,5,36.0,93.0,66.0,113.0,ROUGH,ROUGH,300.8,True,MID,66.0,113.0,71.0,59.0,FAIRWAY,True,3,7.6,False,False,LAT3,3,True,False,5,0,True,False,False
박단유,8318,,2,6,4,31.0,111.0,73.0,84.0,ROUGH,ROUGH,156.2,True,NEAR,73.0,84.0,56.0,16.0,ROUGH,False,3,0.4,False,False,LAT1,2,True,False,4,0,True,False,False
박단유,8318,,2,9,4,45.0,96.0,52.0,69.0,ROUGH,ROUGH,128.6,True,MID,52.0,69.0,71.0,29.0,ROUGH,False,3,7.3,False,False,LAT1,3,True,False,5,1,False,True,False
박단유,8318,,2,14,4,39.0,83.0,81.0,74.0,ROUGH,ROUGH,144.0,True,MID,81.0,74.0,62.0,30.0,ROUGH,False,4,0.5,False,False,LAT3,3,True,False,5,1,False,True,False
박단유,8318,,2,15,4,31.0,130.0,74.0,78.0,ROUGH,ROUGH,161.3,True,MID,74.0,78.0,60.0,21.0,ROUGH,False,3,1.5,False,False,LAT1,3,True,False,5,1,False,True,False
김새로미,8380,55,1,1,4,51.0,61.0,54.0,85.0,ROUGH,ROUGH,175.5,True,FAR,54.0,85.0,73.0,23.0,GREENSIDE_BUNKER,False,3,3.9,False,False,LAT1,4,False,True,5,1,False,True,False
김새로미,8380,55,1,3,4,36.0,100.0,61.0,85.0,ROUGH,ROUGH,188.6,True,MID,61.0,85.0,66.0,18.0,GREENSIDE_BUNKER,False,3,1.0,False,False,LAT1,3,True,False,4,0,True,False,False
김새로미,8380,55,1,8,4,96.0,89.0,34.0,85.0,ROUGH,ROUGH,176.1,True,FAR,34.0,85.0,76.0,9.0,ROUGH,False,3,2.3,False,False,LAT3,4,False,True,5,1,False,True,False
김새로미,8380,55,1,9,4,84.0,97.0,57.0,67.0,ROUGH,ROUGH,125.7,True,MID,57.0,67.0,83.0,12.0,GREEN,True,2,14.9,False,False,LAT1,3,True,False,4,0,True,False,False
김새로미,8380,55,1,10,5,88.0,115.0,54.0,116.0,ROUGH,ROUGH,318.3,True,MID,54.0,116.0,58.0,54.0,FAIRWAY,True,3,9.8,False,False,LAT3,3,True,False,5,0,True,False,False
김새로미,8380,55,1,12,4,93.0,115.0,75.0,83.0,ROUGH,ROUGH,149.5,True,NEAR,75.0,83.0,62.0,11.0,ROUGH,False,4,0.8,False,False,LAT3,2,True,False,5,1,False,True,False
김새로미,8380,55,1,15,4,58.0,114.0,54.0,60.0,ROUGH,ROUGH,122.9,True,NEAR,54.0,60.0,66.0,13.0,GREEN,True,2,3.1,False,False,LAT3,2,True,False,4,0,True,False,False
김새로미,8380,55,1,18,5,92.0,79.0,51.0,100.0,ROUGH,ROUGH,282.3,True,MID,51.0,100.0,56.0,94.0,ROUGH,False,4,1.6,False,False,LAT3,3,True,False,6,1,False,True,False
김새로미,8380,55,2,1,4,47.0,106.0,42.0,87.0,ROUGH,ROUGH,171.7,True,MID,42.0,87.0,85.0,30.0,ROUGH,False,3,2.1,False,False,LAT3,3,True,False,4,0,True,False,False
김새로미,8380,55,2,4,5,36.0,93.0,80.0,112.0,ROUGH,ROUGH,301.2,True,MID,80.0,112.0,74.0,50.0,FAIRWAY,True,3,4.6,False,False,LAT1,3,True,False,5,0,True,False,False
김새로미,8380,55,2,6,4,31.0,111.0,61.0,80.0,ROUGH,ROUGH,142.1,True,NEAR,61.0,80.0,59.0,26.0,ROUGH,False,3,0.3,False,False,LAT3,2,True,False,4,0,True,False,False
김새로미,8380,55,2,8,4,44.0,121.0,60.0,81.0,ROUGH,ROUGH,130.6,True,NEAR,60.0,81.0,44.0,62.0,FAIRWAY,False,3,9.8,False,False,LAT1,2,True,False,5,1,False,True,False
김새로미,8380,55,2,9,4,45.0,96.0,38.0,70.0,ROUGH,ROUGH,148.0,True,FAR,38.0,70.0,87.0,8.0,ROUGH,False,3,6.6,False,False,LAT3,4,False,True,5,1,False,True,False
김새로미,8380,55,2,10,5,57.0,65.0,63.0,113.0,ROUGH,ROUGH,323.6,True,FAR,63.0,113.0,63.0,70.0,FAIRWAY,True,3,14.7,False,False,LAT1,4,False,True,6,1,False,True,False
김새로미,8380,55,3,8,4,90.0,116.0,52.0,78.0,ROUGH,ROUGH,136.0,True,NEAR,52.0,78.0,70.0,5.0,ROUGH,False,4,0.4,False,False,LAT1,2,True,False,5,1,False,True,False
김새로미,8380,55,3,9,4,56.0,142.0,61.0,58.0,ROUGH,ROUGH,83.6,True,NEAR,61.0,58.0,74.0,42.0,ROUGH,False,4,1.6,False,False,LAT1,2,True,False,5,1,False,True,False
김새로미,8380,55,3,12,4,83.0,114.0,75.0,88.0,ROUGH,ROUGH,163.0,True,MID,75.0,88.0,69.0,35.0,ROUGH,False,3,7.9,False,False,LAT3,3,True,False,5,1,False,True,False
김새로미,8380,55,3,13,4,39.0,84.0,73.0,70.0,ROUGH,ROUGH,120.0,True,MID,73.0,70.0,51.0,13.0,ROUGH,False,3,3.6,False,False,LAT3,3,True,False,4,0,True,False,False
김새로미,8380,55,4,1,4,45.0,80.0,40.0,85.0,ROUGH,ROUGH,179.4,True,FAR,40.0,85.0,77.0,27.0,ROUGH,False,3,7.5,False,False,LAT3,4,False,True,5,1,False,True,False
김새로미,8380,55,4,6,4,73.0,113.0,61.0,80.0,ROUGH,ROUGH,141.3,True,NEAR,61.0,80.0,65.0,13.0,GREEN,True,2,14.9,False,False,LAT3,2,True,False,4,0,True,False,False
김새로미,8380,55,4,7,5,84.0,80.0,52.0,103.0,ROUGH,ROUGH,289.6,True,MID,52.0,103.0,66.0,49.0,ROUGH,True,3,10.3,False,False,LAT1,3,True,False,5,0,True,False,False
김새로미,8380,55,4,10,5,80.0,97.0,63.0,113.0,ROUGH,ROUGH,311.1,True,NEAR,63.0,113.0,55.0,57.0,ROUGH,True,3,12.5,False,False,LAT1,2,True,False,6,1,False,True,False
김새로미,8380,55,4,12,4,68.0,122.0,85.0,75.0,ROUGH,ROUGH,137.1,True,NEAR,85.0,75.0,64.0,28.0,ROUGH,False,3,0.4,False,False,LAT1,2,True,False,4,0,True,False,False
김새로미,8380,55,4,15,4,81.0,77.0,86.0,67.0,ROUGH,ROUGH,156.6,True,MID,86.0,67.0,70.0,19.0,PENALTY_AREA,False,4,6.3,False,True,LAT1,5,False,True,6,2,False,True,True
김새로미,8380,55,4,18,5,48.0,83.0,56.0,107.0,ROUGH,ROUGH,294.1,True,FAR,56.0,107.0,57.0,45.0,ROUGH,False,4,2.3,False,False,LAT3,4,False,True,6,1,False,True,False
성은정,8386,,1,1,4,51.0,61.0,66.0,103.0,ROUGH,ROUGH,208.4,True,FAR,66.0,103.0,68.0,57.0,ROUGH,False,4,0.3,False,False,LAT1,4,False,True,5,1,False,True,False
성은정,8386,,1,3,4,36.0,100.0,63.0,82.0,ROUGH,ROUGH,180.7,True,NEAR,63.0,82.0,57.0,9.0,FRINGE,False,3,1.5,False,False,LAT1,2,True,False,4,0,True,False,False
성은정,8386,,1,4,5,94.0,111.0,67.0,115.0,ROUGH,ROUGH,297.9,True,MID,67.0,115.0,68.0,51.0,ROUGH,False,4,3.6,False,False,LAT3,3,True,False,5,0,True,False,False
성은정,8386,,1,7,5,45.0,130.0,50.0,105.0,ROUGH,ROUGH,272.0,True,NEAR,50.0,105.0,55.0,61.0,FAIRWAY,True,3,3.4,False,False,LAT1,2,True,False,4,-1,True,False,False
성은정,8386,,1,10,5,88.0,115.0,56.0,131.0,ROUGH,ROUGH,362.2,True,FAR,56.0,131.0,60.0,94.0,FAIRWAY,False,4,2.1,False,False,LAT2,4,False,True,5,0,True,False,False
성은정,8386,,1,18,5,92.0,79.0,66.0,104.0,ROUGH,ROUGH,287.3,True,MID,66.0,104.0,54.0,43.0,ROUGH,True,3,3.0,False,False,LAT1,3,True,False,4,-1,True,False,False
성은정,8386,,2,6,4,31.0,111.0,79.0,83.0,ROUGH,ROUGH,156.7,True,MID,79.0,83.0,61.0,15.0,GREEN,True,2,10.7,False,False,LAT1,3,True,False,4,0,True,False,False
성은정,8386,,2,7,5,89.0,103.0,51.0,103.0,BUNKER,BUNKER,281.4,True,MID,51.0,103.0,50.0,98.0,FAIRWAY,False,4,4.0,True,False,LAT1,4,False,False,5,0,True,False,False
성은정,8386,,2,10,5,57.0,65.0,64.0,113.0,ROUGH,ROUGH,321.9,True,MID,64.0,113.0,60.0,50.0,FAIRWAY,True,3,6.2,False,False,LAT1,3,True,False,5,0,True,False,False
성은정,8386,,2,12,4,63.0,80.0,67.0,111.0,ROUGH,ROUGH,233.4,True,FAR,67.0,111.0,93.0,94.0,ROUGH,False,4,2.9,False,False,LAT3,4,False,True,5,1,False,True,False
성은정,8386,,2,13,4,88.0,112.0,66.0,72.0,BUNKER,BUNKER,101.7,True,NEAR,66.0,72.0,65.0,40.0,ROUGH,False,3,3.0,True,False,LAT3,3,False,False,5,1,False,True,False
성은정,8386,,2,14,4,39.0,83.0,94.0,75.0,ROUGH,ROUGH,161.4,True,FAR,94.0,75.0,45.0,15.0,FRINGE,False,3,1.1,False,False,LAT1,4,False,True,4,0,True,False,False
성은정,8386,,2,17,4,87.0,87.0,64.0,83.0,ROUGH,ROUGH,144.3,True,FAR,64.0,83.0,63.0,9.0,ROUGH,False,3,0.3,False,False,LAT1,4,False,True,4,0,True,False,False
성은정,8386,,2,18,5,39.0,110.0,57.0,101.0,ROUGH,ROUGH,266.3,True,NEAR,57.0,101.0,56.0,50.0,ROUGH,True,3,25.5,False,False,LAT3,2,True,False,5,0,True,False,False
이다연,8392,5,1,6,4,84.0,83.0,61.0,88.0,ROUGH,ROUGH,174.2,True,FAR,61.0,88.0,69.0,7.0,ROUGH,False,4,1.3,False,True,LAT3,6,False,True,5,1,False,True,False
이다연,8392,5,1,7,5,45.0,130.0,51.0,102.0,BUNKER,BUNKER,263.3,True,NEAR,51.0,102.0,58.0,56.0,FAIRWAY,True,3,5.4,True,False,LAT1,3,False,False,5,0,True,False,False
이다연,8392,5,1,12,4,93.0,115.0,87.0,83.0,ROUGH,ROUGH,154.7,True,MID,87.0,83.0,68.0,30.0,ROUGH,False,3,5.6,False,False,LAT1,3,True,False,5,1,False,True,False
이다연,8392,5,1,14,4,70.0,117.0,93.0,77.0,ROUGH,ROUGH,144.8,True,MID,93.0,77.0,44.0,12.0,ROUGH,False,3,1.7,False,False,LAT1,3,True,False,4,0,True,False,False
이다연,8392,5,1,15,4,58.0,114.0,59.0,69.0,ROUGH,ROUGH,142.5,True,NEAR,59.0,69.0,65.0,7.0,GREEN,True,2,18.7,False,False,LAT3,2,True,False,4,0,True,False,False
이다연,8392,5,1,18,5,92.0,79.0,68.0,99.0,ROUGH,ROUGH,270.0,True,NEAR,68.0,99.0,55.0,35.0,ROUGH,True,3,9.1,False,False,LAT1,2,True,False,5,0,True,False,False
이다연,8392,5,2,1,4,47.0,106.0,55.0,81.0,ROUGH,ROUGH,146.9,True,NEAR,55.0,81.0,77.0,18.0,GREEN,True,2,3.0,False,False,LAT1,2,True,False,3,-1,True,False,False
이다연,8392,5,2,3,4,69.0,100.0,62.0,81.0,ROUGH,ROUGH,177.3,True,NEAR,62.0,81.0,55.0,20.0,GREENSIDE_BUNKER,False,3,0.7,False,False,LAT1,2,True,False,4,0,True,False,False
이다연,8392,5,2,6,4,31.0,111.0,62.0,89.0,ROUGH,ROUGH,165.0,True,MID,62.0,89.0,61.0,12.0,FRINGE,False,3,2.4,False,False,LAT3,3,True,False,5,1,False,True,False
이다연,8392,5,2,10,5,57.0,65.0,63.0,112.0,ROUGH,ROUGH,317.7,True,MID,63.0,112.0,58.0,48.0,FAIRWAY,True,3,6.9,False,False,LAT1,3,True,False,5,0,True,False,False
이다연,8392,5,2,12,4,63.0,80.0,86.0,83.0,ROUGH,ROUGH,174.9,True,FAR,86.0,83.0,62.0,15.0,GREEN,True,2,2.1,False,False,LAT1,4,False,True,3,-1,True,False,False
이다연,8392,5,2,15,4,31.0,130.0,71.0,77.0,ROUGH,ROUGH,157.5,True,MID,71.0,77.0,60.0,14.0,ROUGH,False,3,1.2,False,False,LAT1,3,True,False,4,0,True,False,False
이다연,8392,5,2,17,4,87.0,87.0,47.0,79.0,ROUGH,ROUGH,141.6,True,MID,47.0,79.0,61.0,20.0,GREEN,True,2,9.6,False,False,LAT3,3,True,False,4,0,True,False,False
이다연,8392,5,3,6,4,65.0,69.0,75.0,85.0,ROUGH,ROUGH,176.0,True,FAR,75.0,85.0,71.0,22.0,ROUGH,False,3,1.6,False,False,LAT1,4,False,True,4,0,True,False,False
이다연,8392,5,3,12,4,83.0,114.0,76.0,90.0,ROUGH,ROUGH,167.9,True,MID,76.0,90.0,74.0,67.0,FAIRWAY,False,3,4.1,False,False,LAT3,3,True,False,5,1,False,True,False
이다연,8392,5,3,13,4,39.0,84.0,90.0,72.0,ROUGH,ROUGH,143.2,True,FAR,90.0,72.0,47.0,16.0,ROUGH,False,3,2.0,False,False,LAT1,4,False,True,4,0,True,False,False
이다연,8392,5,3,14,4,68.0,108.0,80.0,77.0,ROUGH,ROUGH,134.8,True,NEAR,80.0,77.0,59.0,26.0,FRINGE,False,3,4.2,False,False,LAT3,2,True,False,5,1,False,True,False
이다연,8392,5,3,15,4,56.0,79.0,73.0,75.0,ROUGH,ROUGH,173.4,True,FAR,73.0,75.0,62.0,16.0,GREEN,True,2,19.9,False,False,LAT1,4,False,True,5,1,False,True,False
이다연,8392,5,3,18,5,74.0,113.0,57.0,108.0,ROUGH,ROUGH,286.4,True,MID,57.0,108.0,59.0,48.0,FAIRWAY,True,3,2.5,False,False,LAT3,3,True,False,4,-1,True,False,False
이다연,8392,5,4,1,4,45.0,80.0,54.0,88.0,ROUGH,ROUGH,173.5,True,FAR,54.0,88.0,78.0,19.0,GREEN,True,2,11.2,False,False,LAT1,4,False,True,5,1,False,True,False
이다연,8392,5,4,3,4,72.0,82.0,60.0,80.0,ROUGH,ROUGH,182.3,True,NEAR,60.0,80.0,59.0,16.0,GREEN,True,2,19.7,False,False,LAT1,2,True,False,5,1,False,True,False
이다연,8392,5,4,14,4,83.0,117.0,78.0,81.0,ROUGH,ROUGH,133.7,True,NEAR,78.0,81.0,58.0,22.0,GREEN,True,2,5.7,False,False,LAT3,2,True,False,4,0,True,False,False
조은채,8430,,1,3,4,36.0,100.0,62.0,88.0,ROUGH,ROUGH,197.6,True,FAR,62.0,88.0,56.0,34.0,ROUGH,False,4,1.7,False,False,LAT1,4,False,True,6,2,False,True,True
조은채,8430,,1,4,5,94.0,111.0,80.0,114.0,ROUGH,ROUGH,295.6,True,MID,80.0,114.0,72.0,55.0,FAIRWAY,False,4,6.7,False,False,LAT1,3,True,False,6,1,False,True,False
조은채,8430,,1,8,4,96.0,89.0,36.0,90.0,ROUGH,ROUGH,184.0,True,FAR,36.0,90.0,57.0,8.0,ROUGH,False,3,0.8,False,False,LAT2,4,False,True,4,0,True,False,False
조은채,8430,,1,10,5,88.0,115.0,65.0,116.0,ROUGH,ROUGH,310.6,True,NEAR,65.0,116.0,54.0,57.0,ROUGH,False,4,17.4,False,False,LAT1,2,True,False,7,2,False,True,True
조은채,8430,,2,1,4,47.0,106.0,44.0,82.0,ROUGH,ROUGH,158.8,True,NEAR,44.0,82.0,79.0,28.0,ROUGH,False,3,1.2,False,False,LAT3,2,True,False,4,0,True,False,False
조은채,8430,,2,6,4,31.0,111.0,76.0,84.0,ROUGH,ROUGH,157.4,True,MID,76.0,84.0,54.0,19.0,ROUGH,False,3,2.2,False,False,LAT1,3,True,False,4,0,True,False,False
조은채,8430,,2,7,5,89.0,103.0,40.0,106.0,ROUGH,ROUGH,299.5,True,FAR,40.0,106.0,57.0,36.0,ROUGH,False,4,2.1,False,False,LAT3,4,False,True,5,0,True,False,False
조은채,8430,,2,8,4,44.0,121.0,35.0,80.0,ROUGH,ROUGH,142.6,True,MID,35.0,80.0,69.0,10.0,GREEN,True,2,22.1,False,False,LAT3,3,True,False,4,0,True,False,False
조은채,8430,,2,9,4,45.0,96.0,34.0,76.0,ROUGH,ROUGH,164.2,True,FAR,34.0,76.0,78.0,9.0,ROUGH,False,3,1.6,False,False,LAT3,4,False,True,5,1,False,True,False
조은채,8430,,2,12,4,63.0,80.0,92.0,84.0,ROUGH,ROUGH,183.3,True,FAR,92.0,84.0,61.0,11.0,ROUGH,False,4,15.2,False,False,LAT1,4,False,True,6,2,False,True,True
조은채,8430,,2,15,4,31.0,130.0,59.0,73.0,ROUGH,ROUGH,144.9,True,NEAR,59.0,73.0,63.0,16.0,GREEN,True,2,3.6,False,False,LAT3,2,True,False,4,0,True,False,False
김지영2,8434,,1,1,4,51.0,61.0,63.0,86.0,BUNKER,BUNKER,172.1,True,MID,63.0,86.0,78.0,15.0,GREEN,True,2,11.0,True,False,LAT1,4,False,False,4,0,True,False,False
김지영2,8434,,1,3,4,36.0,100.0,63.0,89.0,ROUGH,ROUGH,198.5,True,FAR,63.0,89.0,62.0,21.0,ROUGH,False,3,5.3,False,False,LAT1,4,False,True,4,0,True,False,False
김지영2,8434,,1,6,4,84.0,83.0,74.0,86.0,ROUGH,ROUGH,168.6,True,MID,74.0,86.0,67.0,27.0,GREENSIDE_BUNKER,False,3,9.9,False,False,LAT1,3,True,False,4,0,True,False,False
김지영2,8434,,1,10,5,88.0,115.0,50.0,126.0,LOST_BALL,OTHER,,False,,50.0,126.0,66.0,190.0,PENALTY_STROKE,False,6,6.0,True,True,LAT3,8,False,True,8,3,False,True,True
김지영2,8434,,1,17,4,48.0,120.0,62.0,88.0,ROUGH,ROUGH,143.0,True,MID,62.0,88.0,58.0,36.0,ROUGH,False,3,1.7,False,False,LAT1,3,True,False,4,0,True,False,False
김지영2,8434,,2,1,4,47.0,106.0,56.0,90.0,ROUGH,ROUGH,164.6,True,MID,56.0,90.0,78.0,31.0,ROUGH,False,3,2.9,False,False,LAT1,3,True,False,5,1,False,True,False
김지영2,8434,,2,8,4,44.0,121.0,53.0,77.0,ROUGH,ROUGH,124.7,True,NEAR,53.0,77.0,63.0,7.0,ROUGH,False,3,1.3,False,False,LAT1,2,True,False,4,0,True,False,False
김지영2,8434,,2,9,4,45.0,96.0,38.0,65.0,ROUGH,ROUGH,139.7,True,FAR,38.0,65.0,84.0,10.0,GREEN,True,2,21.3,False,False,LAT3,4,False,True,4,0,True,False,False
김지영2,8434,,2,10,5,57.0,65.0,68.0,114.0,ROUGH,ROUGH,323.1,True,FAR,68.0,114.0,59.0,84.0,FAIRWAY,False,4,10.5,False,False,LAT1,4,False,True,7,2,False,True,True
김지영2,8434,,2,12,4,63.0,80.0,90.0,84.0,ROUGH,ROUGH,180.9,True,FAR,90.0,84.0,59.0,11.0,ROUGH,False,3,1.3,False,False,LAT1,4,False,True,4,0,True,False,False
김지영2,8434,,2,13,4,88.0,112.0,88.0,95.0,ROUGH,ROUGH,162.7,True,FAR,88.0,95.0,64.0,44.0,ROUGH,False,3,1.3,False,False,LAT2,4,False,True,4,0,True,False,False
김지영2,8434,,2,15,4,31.0,130.0,51.0,93.0,ROUGH,ROUGH,199.3,True,FAR,51.0,93.0,67.0,62.0,FAIRWAY,False,3,5.4,False,False,LAT3,4,False,True,5,1,False,True,False
김지영2,8434,,2,17,4,87.0,87.0,48.0,83.0,ROUGH,ROUGH,148.5,True,FAR,48.0,83.0,63.0,19.0,GREEN,True,2,6.1,False,False,LAT3,4,False,True,4,0,True,False,False
배소현,8589,16,1,1,4,51.0,61.0,45.0,71.0,ROUGH,ROUGH,155.2,True,NEAR,45.0,71.0,77.0,2.0,ROUGH,False,5,2.3,False,True,LAT3,4,False,True,7,3,False,True,True
배소현,8589,16,1,4,5,94.0,111.0,68.0,106.0,BUNKER,BUNKER,272.9,True,NEAR,68.0,106.0,68.0,106.0,BUNKER,False,5,6.7,True,False,LAT3,3,False,False,7,2,False,True,True
배소현,8589,16,1,6,4,84.0,83.0,74.0,76.0,ROUGH,ROUGH,147.4,True,NEAR,74.0,76.0,72.0,17.0,GREENSIDE_BUNKER,False,3,1.8,False,False,LAT1,2,True,False,4,0,True,False,False
배소현,8589,16,1,8,4,96.0,89.0,57.0,82.0,ROUGH,ROUGH,152.4,True,MID,57.0,82.0,40.0,59.0,ROUGH,False,4,9.5,False,False,LAT1,3,True,False,6,2,False,True,True
배소현,8589,16,1,9,4,84.0,97.0,60.0,62.0,ROUGH,ROUGH,114.6,True,NEAR,60.0,62.0,87.0,25.0,ROUGH,False,3,1.1,False,False,LAT1,2,True,False,5,1,False,True,False
배소현,8589,16,1,10,5,88.0,115.0,49.0,114.0,OB,OTHER,,False,,49.0,114.0,66.0,190.0,PENALTY_STROKE,False,5,5.5,True,True,LAT3,8,False,True,7,2,False,True,True
배소현,8589,16,1,13,4,84.0,92.0,71.0,62.0,BUNKER,BUNKER,90.6,True,NEAR,71.0,62.0,61.0,21.0,GREEN,True,2,1.8,True,False,LAT3,3,False,False,3,-1,True,False,False
배소현,8589,16,1,15,4,58.0,114.0,57.0,66.0,ROUGH,ROUGH,137.0,True,NEAR,57.0,66.0,60.0,21.0,ROUGH,False,3,4.9,False,False,LAT3,2,True,False,5,1,False,True,False
배소현,8589,16,1,17,4,48.0,120.0,45.0,79.0,ROUGH,ROUGH,125.5,True,NEAR,45.0,79.0,61.0,19.0,GREEN,True,2,13.4,False,False,LAT3,2,True,False,4,0,True,False,False
배소현,8589,16,2,1,4,47.0,106.0,61.0,79.0,BUNKER,BUNKER,138.6,True,NEAR,61.0,79.0,83.0,23.0,GREEN,True,2,15.9,True,False,LAT1,3,False,False,4,0,True,False,False
배소현,8589,16,2,7,5,89.0,103.0,42.0,98.0,ROUGH,ROUGH,272.8,True,NEAR,42.0,98.0,64.0,45.0,FAIRWAY,True,3,2.8,False,False,LAT3,2,True,False,5,0,True,False,False
배소현,8589,16,2,18,5,39.0,110.0,53.0,100.0,ROUGH,ROUGH,264.1,True,NEAR,53.0,100.0,57.0,59.0,ROUGH,True,3,11.1,False,False,LAT3,2,True,False,5,0,True,False,False
배소현,8589,16,3,3,4,48.0,79.0,61.0,83.0,ROUGH,ROUGH,192.6,True,FAR,61.0,83.0,64.0,21.0,ROUGH,False,3,0.8,False,False,LAT1,4,False,True,4,0,True,False,False
배소현,8589,16,3,6,4,65.0,69.0,60.0,80.0,ROUGH,ROUGH,162.2,True,MID,60.0,80.0,63.0,12.0,GREEN,True,2,5.9,False,False,LAT3,3,True,False,4,0,True,False,False
배소현,8589,16,3,8,4,90.0,116.0,34.0,71.0,ROUGH,ROUGH,138.6,True,MID,34.0,71.0,69.0,13.0,GREEN,True,2,13.8,False,False,LAT3,3,True,False,4,0,True,False,False
배소현,8589,16,3,14,4,68.0,108.0,78.0,78.0,ROUGH,ROUGH,133.5,True,NEAR,78.0,78.0,58.0,24.0,GREEN,True,2,13.9,False,False,LAT3,2,True,False,4,0,True,False,False
배소현,8589,16,3,15,4,56.0,79.0,58.0,64.0,ROUGH,ROUGH,144.3,True,NEAR,58.0,64.0,66.0,4.0,GREEN,True,2,12.9,False,False,LAT3,2,True,False,4,0,True,False,False
배소현,8589,16,3,17,4,44.0,104.0,45.0,77.0,ROUGH,ROUGH,127.4,True,NEAR,45.0,77.0,56.0,19.0,GREEN,True,2,0.9,False,False,LAT3,2,True,False,3,-1,True,False,False
배소현,8589,16,4,1,4,45.0,80.0,62.0,80.0,BUNKER,BUNKER,151.1,True,NEAR,62.0,80.0,66.0,50.0,FAIRWAY,False,3,5.5,True,False,LAT1,3,False,False,5,1,False,True,False
배소현,8589,16,4,4,5,40.0,105.0,69.0,108.0,ROUGH,ROUGH,281.6,True,NEAR,69.0,108.0,74.0,38.0,FAIRWAY,True,3,6.2,False,False,LAT3,2,True,False,5,0,True,False,False
배소현,8589,16,4,6,4,73.0,113.0,60.0,70.0,ROUGH,ROUGH,120.0,True,NEAR,60.0,70.0,68.0,13.0,GREEN,True,2,16.1,False,False,LAT3,2,True,False,4,0,True,False,False
배소현,8589,16,4,7,5,84.0,80.0,40.0,99.0,ROUGH,ROUGH,288.4,True,MID,40.0,99.0,63.0,40.0,FAIRWAY,True,3,2.5,False,False,LAT3,3,True,False,4,-1,True,False,False
배소현,8589,16,4,12,4,68.0,122.0,75.0,83.0,ROUGH,ROUGH,147.7,True,NEAR,75.0,83.0,67.0,19.0,GREEN,True,2,16.1,False,False,LAT3,2,True,False,5,1,False,True,False
배소현,8589,16,4,18,5,48.0,83.0,55.0,96.0,BUNKER,BUNKER,261.2,True,NEAR,55.0,96.0,61.0,47.0,FAIRWAY,True,3,6.1,True,False,LAT3,3,False,False,5,0,True,False,False
조아연,8770,,1,1,4,51.0,61.0,54.0,83.0,ROUGH,ROUGH,171.7,True,MID,54.0,83.0,74.0,7.0,ROUGH,False,3,0.4,False,False,LAT1,3,True,False,4,0,True,False,False
조아연,8770,,1,6,4,84.0,83.0,61.0,87.0,ROUGH,ROUGH,171.7,True,FAR,61.0,87.0,64.0,46.0,FAIRWAY,False,3,4.1,False,False,LAT3,4,False,True,4,0,True,False,False
조아연,8770,,1,8,4,96.0,89.0,53.0,86.0,ROUGH,ROUGH,162.7,True,FAR,53.0,86.0,62.0,9.0,FRINGE,False,3,2.9,False,False,LAT1,4,False,True,5,1,False,True,False
조아연,8770,,1,9,4,84.0,97.0,36.0,72.0,ROUGH,ROUGH,162.8,True,FAR,36.0,72.0,82.0,15.0,GREEN,True,2,9.6,False,False,LAT3,4,False,True,4,0,True,False,False
조아연,8770,,1,10,5,88.0,115.0,63.0,119.0,ROUGH,ROUGH,320.5,True,MID,63.0,119.0,60.0,63.0,FAIRWAY,False,4,0.6,False,False,LAT1,3,True,False,5,0,True,False,False
조아연,8770,,1,12,4,93.0,115.0,92.0,88.0,ROUGH,ROUGH,171.5,True,FAR,92.0,88.0,63.0,14.0,GREEN,True,2,21.9,False,False,LAT1,4,False,True,4,0,True,False,False
조아연,8770,,1,13,4,84.0,92.0,72.0,70.0,ROUGH,ROUGH,109.3,True,MID,72.0,70.0,60.0,33.0,FRINGE,False,3,2.5,False,False,LAT3,3,True,False,5,1,False,True,False
조아연,8770,,1,14,4,70.0,117.0,101.0,84.0,ROUGH,ROUGH,167.0,True,FAR,101.0,84.0,50.0,29.0,GREENSIDE_BUNKER,False,3,3.5,False,False,LAT1,4,False,True,5,1,False,True,False
조아연,8770,,2,1,4,47.0,106.0,57.0,85.0,ROUGH,ROUGH,154.5,True,NEAR,57.0,85.0,88.0,19.0,ROUGH,False,3,3.6,False,False,LAT1,2,True,False,5,1,False,True,False
조아연,8770,,2,6,4,31.0,111.0,74.0,88.0,ROUGH,ROUGH,165.9,True,MID,74.0,88.0,57.0,11.0,GREENSIDE_BUNKER,False,3,3.7,False,False,LAT1,3,True,False,5,1,False,True,False
조아연,8770,,2,8,4,44.0,121.0,48.0,80.0,ROUGH,ROUGH,132.5,True,NEAR,48.0,80.0,65.0,5.0,ROUGH,False,3,1.5,False,False,LAT1,2,True,False,4,0,True,False,False
조아연,8770,,2,9,4,45.0,96.0,36.0,79.0,ROUGH,ROUGH,165.8,True,FAR,36.0,79.0,76.0,16.0,GREEN,True,2,6.5,False,False,LAT2,4,False,True,4,0,True,False,False
조아연,8770,,2,10,5,57.0,65.0,65.0,120.0,ROUGH,ROUGH,345.0,True,FAR,65.0,120.0,57.0,70.0,FAIRWAY,False,5,0.4,False,False,LAT1,4,False,True,6,1,False,True,False
조아연,8770,,2,14,4,39.0,83.0,92.0,74.0,ROUGH,ROUGH,156.7,True,FAR,92.0,74.0,49.0,19.0,GREEN,True,2,8.3,False,False,LAT1,4,False,True,4,0,True,False,False
조아연,8770,,2,18,5,39.0,110.0,66.0,112.0,ROUGH,ROUGH,294.8,True,FAR,66.0,112.0,61.0,88.0,FAIRWAY,False,4,7.9,False,False,LAT1,4,False,True,6,1,False,True,False
박민지,8772,49,1,6,4,84.0,83.0,60.0,123.0,ROUGH,ROUGH,255.5,True,FAR,60.0,123.0,67.0,118.0,ROUGH,False,4,9.2,False,False,LAT3,4,False,True,6,2,False,True,True
박민지,8772,49,1,8,4,96.0,89.0,50.0,76.0,ROUGH,ROUGH,145.0,True,MID,50.0,76.0,80.0,18.0,PENALTY_AREA,False,3,2.2,False,True,LAT1,5,False,True,4,0,True,False,False
박민지,8772,49,1,13,4,84.0,92.0,72.0,78.0,ROUGH,ROUGH,125.8,True,FAR,72.0,78.0,64.0,26.0,FRINGE,False,3,2.3,False,False,LAT3,4,False,True,5,1,False,True,False
박민지,8772,49,1,17,4,48.0,120.0,46.0,84.0,ROUGH,ROUGH,134.2,True,MID,46.0,84.0,59.0,8.0,ROUGH,False,3,2.3,False,False,LAT3,3,True,False,4,0,True,False,False
박민지,8772,49,2,1,4,47.0,106.0,58.0,87.0,BUNKER,BUNKER,157.6,True,NEAR,58.0,87.0,65.0,45.0,FAIRWAY,False,3,1.0,True,False,LAT1,3,False,False,4,0,True,False,False
박민지,8772,49,2,12,4,63.0,80.0,83.0,70.0,ROUGH,ROUGH,142.5,True,NEAR,83.0,70.0,64.0,16.0,GREEN,True,2,7.3,False,False,LAT1,2,True,False,4,0,True,False,False
박민지,8772,49,2,14,4,39.0,83.0,85.0,73.0,ROUGH,ROUGH,147.2,True,MID,85.0,73.0,47.0,24.0,GREEN,True,2,18.3,False,False,LAT2,3,True,False,4,0,True,False,False
박민지,8772,49,2,18,5,39.0,110.0,66.0,105.0,ROUGH,ROUGH,276.8,True,MID,66.0,105.0,61.0,43.0,FAIRWAY,True,3,3.8,False,False,LAT1,3,True,False,5,0,True,False,False
박민지,8772,49,3,9,4,56.0,142.0,51.0,70.0,ROUGH,ROUGH,117.4,True,NEAR,51.0,70.0,80.0,22.0,GREEN,True,2,8.9,False,False,LAT1,2,True,False,4,0,True,False,False
박민지,8772,49,3,14,4,68.0,108.0,88.0,71.0,ROUGH,ROUGH,130.9,True,NEAR,88.0,71.0,48.0,21.0,GREEN,True,2,11.5,False,False,LAT1,2,True,False,4,0,True,False,False
박민지,8772,49,3,18,5,74.0,113.0,57.0,105.0,ROUGH,ROUGH,276.1,True,NEAR,57.0,105.0,61.0,64.0,FAIRWAY,True,3,21.2,False,False,LAT3,2,True,False,5,0,True,False,False
박민지,8772,49,4,1,4,45.0,80.0,40.0,91.0,ROUGH,ROUGH,191.8,True,FAR,40.0,91.0,77.0,28.0,ROUGH,False,3,10.6,False,False,LAT3,4,False,True,5,1,False,True,False
박민지,8772,49,4,8,4,38.0,108.0,37.0,80.0,ROUGH,ROUGH,145.2,True,MID,37.0,80.0,62.0,15.0,GREEN,True,2,3.3,False,False,LAT3,3,True,False,3,-1,True,False,False
박민지,8772,49,4,9,4,42.0,113.0,49.0,54.0,ROUGH,ROUGH,97.2,True,NEAR,49.0,54.0,80.0,23.0,GREEN,True,2,7.7,False,False,LAT3,2,True,False,4,0,True,False,False
박민지,8772,49,4,10,5,80.0,97.0,54.0,111.0,ROUGH,ROUGH,308.0,True,NEAR,54.0,111.0,60.0,45.0,FAIRWAY,True,3,2.9,False,False,LAT3,2,True,False,5,0,True,False,False
박민지,8772,49,4,12,4,68.0,122.0,76.0,83.0,ROUGH,ROUGH,148.5,True,NEAR,76.0,83.0,67.0,36.0,ROUGH,False,4,1.5,False,False,LAT3,2,True,False,6,2,False,True,True
박민지,8772,49,4,15,4,81.0,77.0,60.0,79.0,ROUGH,ROUGH,184.0,True,FAR,60.0,79.0,66.0,4.0,GREEN,True,2,13.8,False,False,LAT3,4,False,True,4,0,True,False,False
이채은2,8811,,1,8,4,96.0,89.0,36.0,78.0,ROUGH,ROUGH,160.7,True,FAR,36.0,78.0,73.0,9.0,ROUGH,False,3,2.3,False,False,LAT3,4,False,True,4,0,True,False,False
이채은2,8811,,1,9,4,84.0,97.0,52.0,68.0,ROUGH,ROUGH,134.0,True,MID,52.0,68.0,82.0,34.0,PENALTY_AREA,False,4,9.8,False,True,LAT1,5,False,True,6,2,False,True,True
이채은2,8811,,1,12,4,93.0,115.0,87.0,78.0,ROUGH,ROUGH,144.5,True,NEAR,87.0,78.0,67.0,27.0,ROUGH,False,3,0.2,False,False,LAT1,2,True,False,4,0,True,False,False
이채은2,8811,,1,15,4,58.0,114.0,72.0,78.0,ROUGH,ROUGH,165.5,True,MID,72.0,78.0,61.0,21.0,ROUGH,False,3,1.3,False,False,LAT1,3,True,False,4,0,True,False,False
이채은2,8811,,1,17,4,48.0,120.0,58.0,86.0,ROUGH,ROUGH,137.1,True,MID,58.0,86.0,60.0,28.0,ROUGH,False,3,2.0,False,False,LAT1,3,True,False,5,1,False,True,False
이채은2,8811,,2,1,4,47.0,106.0,44.0,84.0,ROUGH,ROUGH,162.4,True,MID,44.0,84.0,84.0,13.0,GREEN,True,2,19.9,False,False,LAT3,3,True,False,4,0,True,False,False
이채은2,8811,,2,4,5,36.0,93.0,82.0,114.0,ROUGH,ROUGH,310.8,True,FAR,82.0,114.0,76.0,69.0,FAIRWAY,True,3,13.7,False,False,LAT1,4,False,True,5,0,True,False,False
이채은2,8811,,2,6,4,31.0,111.0,73.0,82.0,ROUGH,ROUGH,151.7,True,NEAR,73.0,82.0,56.0,19.0,FRINGE,False,3,0.4,False,False,LAT1,2,True,False,4,0,True,False,False
이채은2,8811,,2,7,5,89.0,103.0,50.0,103.0,BUNKER,BUNKER,282.1,True,MID,50.0,103.0,50.0,62.0,ROUGH,False,4,1.3,True,False,LAT1,4,False,False,6,1,False,True,False
이채은2,8811,,2,10,5,57.0,65.0,66.0,116.0,ROUGH,ROUGH,329.9,True,FAR,66.0,116.0,62.0,72.0,FAIRWAY,False,5,0.5,False,False,LAT1,4,False,True,6,1,False,True,False
이채은2,8811,,2,14,4,39.0,83.0,82.0,75.0,ROUGH,ROUGH,147.2,True,MID,82.0,75.0,55.0,19.0,GREEN,True,2,18.6,False,False,LAT3,3,True,False,4,0,True,False,False
이채은2,8811,,2,17,4,87.0,87.0,65.0,83.0,ROUGH,ROUGH,144.2,True,MID,65.0,83.0,61.0,41.0,ROUGH,False,3,2.2,False,False,LAT1,3,True,False,5,1,False,True,False
김우정,8838,37,1,1,4,51.0,61.0,42.0,87.0,ROUGH,ROUGH,188.3,True,FAR,42.0,87.0,83.0,26.0,ROUGH,False,3,9.6,False,False,LAT3,4,False,True,5,1,False,True,False
김우정,8838,37,1,4,5,94.0,111.0,68.0,116.0,ROUGH,ROUGH,301.0,True,MID,68.0,116.0,71.0,63.0,ROUGH,False,4,1.9,False,False,LAT3,3,True,False,6,1,False,True,False
김우정,8838,37,1,7,5,45.0,130.0,38.0,111.0,ROUGH,ROUGH,296.8,True,FAR,38.0,111.0,57.0,55.0,FAIRWAY,True,3,4.2,False,False,LAT3,4,False,True,5,0,True,False,False
김우정,8838,37,1,9,4,84.0,97.0,39.0,74.0,ROUGH,ROUGH,163.9,True,FAR,39.0,74.0,87.0,21.0,FRINGE,False,3,0.4,False,False,LAT2,4,False,True,4,0,True,False,False
김우정,8838,37,1,10,5,88.0,115.0,56.0,119.0,ROUGH,ROUGH,324.6,True,FAR,56.0,119.0,55.0,49.0,ROUGH,False,,,False,False,LAT3,4,False,True,5,0,True,False,False
김우정,8838,37,1,12,4,93.0,115.0,77.0,92.0,BUNKER,BUNKER,171.6,True,FAR,77.0,92.0,78.0,69.0,FAIRWAY,False,3,10.4,True,False,LAT3,5,False,True,4,0,True,False,False
김우정,8838,37,1,15,4,58.0,114.0,57.0,76.0,ROUGH,ROUGH,162.7,True,MID,57.0,76.0,65.0,26.0,ROUGH,False,3,3.4,False,False,LAT3,3,True,False,4,0,True,False,False
김우정,8838,37,2,3,4,69.0,100.0,42.0,88.0,ROUGH,ROUGH,202.8,True,FAR,42.0,88.0,59.0,23.0,ROUGH,False,3,1.2,False,False,LAT3,4,False,True,4,0,True,False,False
김우정,8838,37,2,4,5,36.0,93.0,70.0,111.0,ROUGH,ROUGH,294.4,True,MID,70.0,111.0,79.0,56.0,ROUGH,True,3,0.8,False,False,LAT3,3,True,False,4,-1,True,False,False
김우정,8838,37,2,8,4,44.0,121.0,28.0,73.0,ROUGH,ROUGH,136.9,True,MID,28.0,73.0,42.0,66.0,FAIRWAY,False,3,7.6,False,False,LAT3,3,True,False,5,1,False,True,False
김우정,8838,37,2,10,5,57.0,65.0,54.0,116.0,ROUGH,ROUGH,334.6,True,FAR,54.0,116.0,60.0,66.0,FAIRWAY,True,3,13.5,False,False,LAT3,4,False,True,5,0,True,False,False
김우정,8838,37,2,13,4,88.0,112.0,68.0,71.0,BUNKER,BUNKER,98.5,True,NEAR,68.0,71.0,63.0,33.0,FRINGE,False,3,2.2,True,False,LAT3,3,False,False,5,1,False,True,False
김우정,8838,37,3,1,4,89.0,99.0,55.0,84.0,ROUGH,ROUGH,163.4,True,MID,55.0,84.0,79.0,22.0,GREEN,True,2,18.3,False,False,LAT1,3,True,False,5,1,False,True,False
김우정,8838,37,3,8,4,90.0,116.0,51.0,75.0,ROUGH,ROUGH,128.5,True,NEAR,51.0,75.0,72.0,14.0,GREEN,True,2,8.6,False,False,LAT1,2,True,False,4,0,True,False,False
김우정,8838,37,3,13,4,39.0,84.0,74.0,70.0,ROUGH,ROUGH,120.7,True,MID,74.0,70.0,47.0,17.0,ROUGH,False,3,1.6,False,False,LAT3,3,True,False,4,0,True,False,False
김우정,8838,37,3,14,4,68.0,108.0,78.0,78.0,ROUGH,ROUGH,134.0,True,NEAR,78.0,78.0,61.0,30.0,ROUGH,False,3,2.7,False,False,LAT3,2,True,False,5,1,False,True,False
김우정,8838,37,3,17,4,44.0,104.0,59.0,81.0,ROUGH,ROUGH,134.2,True,MID,59.0,81.0,53.0,19.0,FRINGE,False,,,False,False,LAT1,3,True,False,3,-1,True,False,False
김우정,8838,37,3,18,5,74.0,113.0,55.0,113.0,BUNKER,BUNKER,302.2,True,FAR,55.0,113.0,62.0,98.0,FAIRWAY,False,4,10.6,True,False,LAT3,5,False,True,6,1,False,True,False
김우정,8838,37,4,3,4,72.0,82.0,61.0,89.0,ROUGH,ROUGH,207.5,True,FAR,61.0,89.0,52.0,50.0,ROUGH,False,3,15.8,False,False,LAT1,4,False,True,6,2,False,True,True
김우정,8838,37,4,4,5,40.0,105.0,69.0,114.0,ROUGH,ROUGH,299.9,True,MID,69.0,114.0,74.0,49.0,FAIRWAY,True,3,0.2,False,False,LAT3,3,True,False,4,-1,True,False,False
김우정,8838,37,4,6,4,73.0,113.0,73.0,75.0,ROUGH,ROUGH,132.2,True,NEAR,73.0,75.0,65.0,17.0,GREEN,True,2,5.5,False,False,LAT1,2,True,False,4,0,True,False,False
김우정,8838,37,4,9,4,42.0,113.0,50.0,73.0,ROUGH,ROUGH,131.1,True,MID,50.0,73.0,84.0,14.0,GREEN,True,2,21.3,False,False,LAT1,3,True,False,4,0,True,False,False
김우정,8838,37,4,10,5,80.0,97.0,62.0,110.0,ROUGH,ROUGH,301.5,True,NEAR,62.0,110.0,62.0,45.0,FAIRWAY,True,3,7.8,False,False,LAT2,2,True,False,5,0,True,False,False
김우정,8838,37,4,13,4,59.0,79.0,65.0,70.0,ROUGH,ROUGH,113.7,True,MID,65.0,70.0,56.0,28.0,GREEN,True,2,21.0,False,False,LAT3,3,True,False,4,0,True,False,False
김우정,8838,37,4,17,4,75.0,110.0,37.0,92.0,ROUGH,ROUGH,164.5,True,FAR,37.0,92.0,56.0,37.0,ROUGH,False,3,5.3,False,False,LAT3,4,False,True,5,1,False,True,False
김우정,8838,37,4,18,5,48.0,83.0,56.0,109.0,ROUGH,ROUGH,299.1,True,FAR,56.0,109.0,64.0,48.0,ROUGH,False,4,8.3,False,False,LAT3,4,False,True,6,1,False,True,False
정수빈,8840,,1,1,4,51.0,61.0,56.0,95.0,ROUGH,ROUGH,195.6,True,FAR,56.0,95.0,73.0,24.0,GREENSIDE_BUNKER,False,3,5.7,False,False,LAT1,4,False,True,6,2,False,True,True
정수빈,8840,,1,4,5,94.0,111.0,67.0,119.0,ROUGH,ROUGH,312.4,True,FAR,67.0,119.0,73.0,90.0,ROUGH,False,4,3.7,False,False,LAT3,4,False,True,6,1,False,True,False
정수빈,8840,,1,7,5,45.0,130.0,40.0,107.0,ROUGH,ROUGH,283.2,True,MID,40.0,107.0,61.0,47.0,FAIRWAY,True,3,2.6,False,False,LAT3,3,True,False,5,0,True,False,False
정수빈,8840,,1,9,4,84.0,97.0,52.0,74.0,ROUGH,ROUGH,145.4,True,FAR,52.0,74.0,82.0,23.0,GREEN,True,2,14.2,False,False,LAT1,4,False,True,4,0,True,False,False
정수빈,8840,,1,12,4,93.0,115.0,88.0,83.0,ROUGH,ROUGH,155.9,True,MID,88.0,83.0,69.0,20.0,GREEN,True,2,6.1,False,False,LAT1,3,True,False,4,0,True,False,False
정수빈,8840,,1,17,4,48.0,120.0,60.0,97.0,ROUGH,ROUGH,161.2,True,FAR,60.0,97.0,55.0,65.0,FAIRWAY,False,3,8.6,False,False,LAT1,4,False,True,5,1,False,True,False
정수빈,8840,,2,1,4,47.0,106.0,41.0,94.0,ROUGH,ROUGH,186.8,True,FAR,41.0,94.0,72.0,42.0,ROUGH,False,4,0.4,False,False,LAT3,4,False,True,5,1,False,True,False
정수빈,8840,,2,9,4,45.0,96.0,50.0,76.0,ROUGH,ROUGH,145.0,True,FAR,50.0,76.0,88.0,9.0,ROUGH,False,4,2.4,False,False,LAT1,4,False,True,6,2,False,True,True
정수빈,8840,,2,12,4,63.0,80.0,77.0,91.0,BUNKER,BUNKER,188.5,True,FAR,77.0,91.0,77.0,79.0,FAIRWAY,False,3,18.5,True,False,LAT3,5,False,True,5,1,False,True,False
정수빈,8840,,2,13,4,88.0,112.0,70.0,72.0,BUNKER,BUNKER,103.0,True,NEAR,70.0,72.0,61.0,35.0,ROUGH,False,3,4.7,True,False,LAT3,3,False,False,4,0,True,False,False
정수빈,8840,,2,14,4,39.0,83.0,96.0,85.0,ROUGH,ROUGH,180.9,True,FAR,96.0,85.0,64.0,33.0,ROUGH,False,3,14.9,False,False,LAT1,4,False,True,5,1,False,True,False
이승연,8859,27,1,4,5,94.0,111.0,73.0,107.0,ROUGH,ROUGH,274.2,True,NEAR,73.0,107.0,69.0,44.0,ROUGH,True,3,3.4,False,False,LAT2,2,True,False,5,0,True,False,False
이승연,8859,27,1,6,4,84.0,83.0,73.0,86.0,ROUGH,ROUGH,169.0,True,MID,73.0,86.0,67.0,12.0,GREEN,True,2,4.3,False,False,LAT1,3,True,False,4,0,True,False,False
이승연,8859,27,1,9,4,84.0,97.0,43.0,60.0,ROUGH,ROUGH,134.6,True,MID,43.0,60.0,76.0,24.0,GREEN,True,2,25.7,False,False,LAT3,3,True,False,4,0,True,False,False
이승연,8859,27,1,12,4,93.0,115.0,89.0,89.0,ROUGH,ROUGH,172.0,True,FAR,89.0,89.0,75.0,55.0,FAIRWAY,False,4,1.7,False,False,LAT1,4,False,True,6,2,False,True,True
이승연,8859,27,1,17,4,48.0,120.0,42.0,87.0,ROUGH,ROUGH,144.3,True,FAR,42.0,87.0,58.0,17.0,GREEN,True,2,12.9,False,False,LAT3,4,False,True,4,0,True,False,False
이승연,8859,27,2,3,4,69.0,100.0,61.0,86.0,ROUGH,ROUGH,190.3,True,MID,61.0,86.0,66.0,18.0,GREENSIDE_BUNKER,False,3,2.2,False,False,LAT1,3,True,False,4,0,True,False,False
이승연,8859,27,2,7,5,89.0,103.0,41.0,101.0,ROUGH,ROUGH,283.4,True,MID,41.0,101.0,62.0,45.0,FAIRWAY,True,3,7.3,False,False,LAT3,3,True,False,4,-1,True,False,False
이승연,8859,27,2,9,4,45.0,96.0,57.0,66.0,ROUGH,ROUGH,117.5,True,NEAR,57.0,66.0,76.0,17.0,FRINGE,False,3,0.4,False,False,LAT1,2,True,False,4,0,True,False,False
이승연,8859,27,2,10,5,57.0,65.0,51.0,112.0,ROUGH,ROUGH,325.2,True,FAR,51.0,112.0,58.0,104.0,FAIRWAY,False,,,False,False,LAT3,4,False,True,4,-1,True,False,False
이승연,8859,27,2,12,4,63.0,80.0,86.0,82.0,ROUGH,ROUGH,173.4,True,FAR,86.0,82.0,67.0,23.0,GREEN,True,2,22.2,False,False,LAT1,4,False,True,5,1,False,True,False
이승연,8859,27,3,4,5,94.0,95.0,69.0,111.0,ROUGH,ROUGH,293.2,True,MID,69.0,111.0,72.0,62.0,FAIRWAY,True,3,5.9,False,False,LAT3,3,True,False,5,0,True,False,False
이승연,8859,27,3,10,5,50.0,85.0,63.0,109.0,ROUGH,ROUGH,301.2,True,NEAR,63.0,109.0,63.0,50.0,ROUGH,False,4,7.7,False,False,LAT1,2,True,False,6,1,False,True,False
이승연,8859,27,3,12,4,83.0,114.0,84.0,77.0,ROUGH,ROUGH,142.0,True,NEAR,84.0,77.0,60.0,31.0,ROUGH,False,3,3.9,False,False,LAT2,2,True,False,5,1,False,True,False
이승연,8859,27,3,18,5,74.0,113.0,55.0,101.0,ROUGH,ROUGH,266.2,True,NEAR,55.0,101.0,59.0,42.0,FAIRWAY,True,3,9.3,False,False,LAT3,2,True,False,5,0,True,False,False
이승연,8859,27,4,1,4,45.0,80.0,44.0,82.0,ROUGH,ROUGH,168.8,True,MID,44.0,82.0,74.0,16.0,FRINGE,False,3,0.4,False,False,LAT3,3,True,False,4,0,True,False,False
이승연,8859,27,4,10,5,80.0,97.0,67.0,113.0,ROUGH,ROUGH,309.8,True,NEAR,67.0,113.0,66.0,113.0,PENALTY_STROKE,False,4,4.9,False,True,LAT1,4,False,True,6,1,False,True,False
이승연,8859,27,4,12,4,68.0,122.0,99.0,75.0,ROUGH,ROUGH,154.4,True,MID,99.0,75.0,77.0,71.0,FAIRWAY,False,3,10.0,False,False,LAT1,3,True,False,5,1,False,True,False
이승연,8859,27,4,14,4,83.0,117.0,80.0,78.0,ROUGH,ROUGH,129.6,True,NEAR,80.0,78.0,49.0,27.0,GREENSIDE_BUNKER,False,4,0.5,False,False,LAT3,2,True,False,5,1,False,True,False
이승연,8859,27,4,15,4,81.0,77.0,59.0,71.0,ROUGH,ROUGH,165.0,True,MID,59.0,71.0,59.0,11.0,ROUGH,False,3,5.7,False,False,LAT3,3,True,False,5,1,False,True,False
이승연,8859,27,4,17,4,75.0,110.0,46.0,73.0,ROUGH,ROUGH,117.9,True,NEAR,46.0,73.0,59.0,30.0,ROUGH,False,3,0.9,False,False,LAT3,2,True,False,4,0,True,False,False
이승연,8859,27,4,18,5,48.0,83.0,58.0,103.0,ROUGH,ROUGH,280.4,True,MID,58.0,103.0,60.0,35.0,FAIRWAY,True,3,4.9,False,False,LAT2,3,True,False,5,0,True,False,False
성유진,8881,27,1,1,4,51.0,61.0,54.0,84.0,ROUGH,ROUGH,172.7,True,FAR,54.0,84.0,76.0,13.0,GREEN,True,2,8.2,False,False,LAT1,4,False,True,3,-1,True,False,False
성유진,8881,27,1,8,4,96.0,89.0,48.0,81.0,ROUGH,ROUGH,155.7,True,FAR,48.0,81.0,73.0,12.0,GREEN,True,2,3.0,False,False,LAT1,4,False,True,4,0,True,False,False
성유진,8881,27,1,9,4,84.0,97.0,55.0,65.0,ROUGH,ROUGH,126.4,True,MID,55.0,65.0,89.0,15.0,ROUGH,False,3,0.5,False,False,LAT1,3,True,False,4,0,True,False,False
성유진,8881,27,1,10,5,88.0,115.0,48.0,111.0,OB,OTHER,,False,,48.0,111.0,66.0,190.0,PENALTY_STROKE,False,6,3.9,True,True,LAT3,8,False,True,8,3,False,True,True
성유진,8881,27,1,14,4,70.0,117.0,94.0,79.0,ROUGH,ROUGH,150.3,True,FAR,94.0,79.0,64.0,28.0,ROUGH,False,3,1.6,False,False,LAT1,4,False,True,5,1,False,True,False
성유진,8881,27,1,18,5,92.0,79.0,55.0,106.0,ROUGH,ROUGH,295.8,True,FAR,55.0,106.0,60.0,53.0,FAIRWAY,True,3,8.0,False,False,LAT3,4,False,True,5,0,True,False,False
성유진,8881,27,2,1,4,47.0,106.0,55.0,88.0,ROUGH,ROUGH,161.7,True,NEAR,55.0,88.0,75.0,34.0,ROUGH,False,3,2.4,False,False,LAT1,2,True,False,5,1,False,True,False
성유진,8881,27,2,7,5,89.0,103.0,39.0,108.0,ROUGH,ROUGH,307.6,True,FAR,39.0,108.0,58.0,53.0,FAIRWAY,True,3,4.9,False,False,LAT3,4,False,True,5,0,True,False,False
성유진,8881,27,2,8,4,44.0,121.0,36.0,89.0,ROUGH,ROUGH,158.6,True,FAR,36.0,89.0,59.0,12.0,FRINGE,False,3,1.0,False,False,LAT2,4,False,True,4,0,True,False,False
성유진,8881,27,2,12,4,63.0,80.0,70.0,118.0,ROUGH,ROUGH,250.5,True,FAR,70.0,118.0,80.0,116.0,ROUGH,False,4,1.3,False,False,LAT3,4,False,True,6,2,False,True,True
성유진,8881,27,2,17,4,87.0,87.0,41.0,85.0,ROUGH,ROUGH,157.2,True,FAR,41.0,85.0,62.0,14.0,GREEN,True,2,7.8,False,False,LAT3,4,False,True,4,0,True,False,False
성유진,8881,27,3,1,4,89.0,99.0,53.0,89.0,ROUGH,ROUGH,175.1,True,FAR,53.0,89.0,86.0,8.0,ROUGH,False,3,8.3,False,False,LAT1,4,False,True,6,2,False,True,True
성유진,8881,27,3,10,5,50.0,85.0,65.0,114.0,ROUGH,ROUGH,315.9,True,MID,65.0,114.0,56.0,56.0,ROUGH,False,4,2.0,False,False,LAT1,3,True,False,6,1,False,True,False
성유진,8881,27,3,12,4,83.0,114.0,90.0,92.0,ROUGH,ROUGH,180.1,True,FAR,90.0,92.0,72.0,52.0,FAIRWAY,False,3,0.5,False,False,LAT1,4,False,True,4,0,True,False,False
성유진,8881,27,3,17,4,44.0,104.0,58.0,81.0,ROUGH,ROUGH,133.7,True,MID,58.0,81.0,56.0,16.0,GREEN,True,2,7.3,False,False,LAT1,3,True,False,4,0,True,False,False
성유진,8881,27,4,1,4,45.0,80.0,44.0,84.0,ROUGH,ROUGH,173.9,True,FAR,44.0,84.0,86.0,10.0,ROUGH,False,3,3.1,False,False,LAT3,4,False,True,4,0,True,False,False
성유진,8881,27,4,10,5,80.0,97.0,62.0,114.0,ROUGH,ROUGH,314.0,True,MID,62.0,114.0,62.0,60.0,FAIRWAY,True,3,7.3,False,False,LAT2,3,True,False,5,0,True,False,False
이가영,8883,,1,1,4,51.0,61.0,54.0,88.0,ROUGH,ROUGH,181.0,True,FAR,54.0,88.0,84.0,7.0,ROUGH,False,3,6.2,False,False,LAT1,4,False,True,5,1,False,True,False
이가영,8883,,1,3,4,36.0,100.0,44.0,87.0,ROUGH,ROUGH,196.9,True,FAR,44.0,87.0,63.0,27.0,ROUGH,False,3,2.8,False,False,LAT3,4,False,True,4,0,True,False,False
이가영,8883,,1,9,4,84.0,97.0,39.0,68.0,ROUGH,ROUGH,151.9,True,FAR,39.0,68.0,74.0,32.0,PENALTY_AREA,False,4,1.5,False,True,LAT3,6,False,True,5,1,False,True,False
이가영,8883,,1,12,4,93.0,115.0,84.0,76.0,ROUGH,ROUGH,136.8,True,NEAR,84.0,76.0,69.0,25.0,FRINGE,False,3,0.7,False,False,LAT1,2,True,False,4,0,True,False,False
이가영,8883,,1,13,4,84.0,92.0,72.0,69.0,ROUGH,ROUGH,106.7,True,NEAR,72.0,69.0,67.0,50.0,ROUGH,False,3,1.4,False,False,LAT3,2,True,False,5,1,False,True,False
이가영,8883,,1,17,4,48.0,120.0,48.0,80.0,ROUGH,ROUGH,125.5,True,NEAR,48.0,80.0,59.0,27.0,GREEN,True,2,10.5,False,False,LAT3,2,True,False,3,-1,True,False,False
이가영,8883,,1,18,5,92.0,79.0,57.0,108.0,ROUGH,ROUGH,300.9,True,FAR,57.0,108.0,61.0,43.0,FAIRWAY,True,3,1.2,False,False,LAT3,4,False,True,4,-1,True,False,False
이가영,8883,,2,1,4,47.0,106.0,58.0,86.0,BUNKER,BUNKER,156.2,True,NEAR,58.0,86.0,59.0,86.0,BUNKER,False,5,0.4,True,False,LAT1,3,False,False,6,2,False,True,True
이가영,8883,,2,6,4,31.0,111.0,57.0,118.0,LOST_BALL,OTHER,,False,,57.0,118.0,65.0,186.0,PENALTY_STROKE,False,8,1.0,True,True,LAT3,8,False,True,9,5,False,True,True
이가영,8883,,2,9,4,45.0,96.0,54.0,65.0,ROUGH,ROUGH,119.0,True,NEAR,54.0,65.0,78.0,18.0,GREEN,True,2,1.2,False,False,LAT1,2,True,False,3,-1,True,False,False
이가영,8883,,2,14,4,39.0,83.0,81.0,75.0,ROUGH,ROUGH,145.9,True,MID,81.0,75.0,46.0,13.0,FRINGE,False,3,0.4,False,False,LAT3,3,True,False,4,0,True,False,False
이가영,8883,,2,17,4,87.0,87.0,45.0,88.0,ROUGH,ROUGH,161.8,True,FAR,45.0,88.0,64.0,11.0,FRINGE,False,3,0.8,False,False,LAT3,4,False,True,4,0,True,False,False
이가영,8883,,2,18,5,39.0,110.0,68.0,109.0,ROUGH,ROUGH,288.3,True,FAR,68.0,109.0,58.0,55.0,ROUGH,False,4,0.7,False,False,LAT1,4,False,True,5,0,True,False,False
윤화영,8884,46,1,6,4,84.0,83.0,74.0,93.0,ROUGH,ROUGH,186.1,True,FAR,74.0,93.0,57.0,30.0,ROUGH,False,3,9.7,False,False,LAT1,4,False,True,5,1,False,True,False
윤화영,8884,46,1,8,4,96.0,89.0,37.0,90.0,ROUGH,ROUGH,183.1,True,FAR,37.0,90.0,48.0,67.0,FAIRWAY,False,3,7.8,False,False,LAT2,4,False,True,5,1,False,True,False
윤화영,8884,46,1,9,4,84.0,97.0,53.0,78.0,ROUGH,ROUGH,151.9,True,FAR,53.0,78.0,89.0,20.0,ROUGH,False,3,2.5,False,False,LAT1,4,False,True,4,0,True,False,False
윤화영,8884,46,1,12,4,93.0,115.0,86.0,83.0,ROUGH,ROUGH,156.0,True,MID,86.0,83.0,68.0,34.0,ROUGH,False,3,5.4,False,False,LAT1,3,True,False,5,1,False,True,False
윤화영,8884,46,2,1,4,47.0,106.0,56.0,91.0,ROUGH,ROUGH,167.2,True,MID,56.0,91.0,84.0,13.0,GREEN,True,2,19.9,False,False,LAT1,3,True,False,5,1,False,True,False
윤화영,8884,46,2,4,5,36.0,93.0,79.0,115.0,ROUGH,ROUGH,312.1,True,FAR,79.0,115.0,78.0,52.0,ROUGH,True,3,3.6,False,False,LAT1,4,False,True,4,-1,True,False,False
윤화영,8884,46,2,6,4,31.0,111.0,76.0,92.0,ROUGH,ROUGH,176.5,True,FAR,76.0,92.0,58.0,37.0,ROUGH,False,3,13.0,False,False,LAT1,4,False,True,5,1,False,True,False
윤화영,8884,46,2,10,5,57.0,65.0,53.0,114.0,ROUGH,ROUGH,331.0,True,FAR,53.0,114.0,61.0,59.0,FAIRWAY,True,3,8.2,False,False,LAT3,4,False,True,5,0,True,False,False
윤화영,8884,46,2,13,4,88.0,112.0,71.0,79.0,ROUGH,ROUGH,117.5,True,MID,71.0,79.0,58.0,32.0,FRINGE,False,3,3.3,False,False,LAT3,3,True,False,5,1,False,True,False
윤화영,8884,46,2,15,4,31.0,130.0,58.0,79.0,ROUGH,ROUGH,161.5,True,MID,58.0,79.0,59.0,24.0,ROUGH,False,3,4.0,False,False,LAT3,3,True,False,5,1,False,True,False
윤화영,8884,46,3,4,5,94.0,95.0,68.0,112.0,ROUGH,ROUGH,296.8,True,MID,68.0,112.0,73.0,56.0,FAIRWAY,True,3,4.5,False,False,LAT3,3,True,False,4,-1,True,False,False
윤화영,8884,46,3,7,5,63.0,79.0,38.0,110.0,ROUGH,ROUGH,319.1,True,FAR,38.0,110.0,57.0,55.0,FAIRWAY,True,3,4.8,False,False,LAT3,4,False,True,5,0,True,False,False
윤화영,8884,46,3,8,4,90.0,116.0,51.0,87.0,ROUGH,ROUGH,154.2,True,FAR,51.0,87.0,61.0,11.0,FRINGE,False,3,2.1,False,False,LAT1,4,False,True,5,1,False,True,False
윤화영,8884,46,3,10,5,50.0,85.0,62.0,118.0,ROUGH,ROUGH,328.8,True,FAR,62.0,118.0,61.0,60.0,FAIRWAY,False,,,False,False,LAT1,4,False,True,4,-1,True,False,False
윤화영,8884,46,4,7,5,84.0,80.0,38.0,107.0,ROUGH,ROUGH,314.3,True,FAR,38.0,107.0,59.0,60.0,ROUGH,True,3,20.6,False,False,LAT3,4,False,True,5,0,True,False,False
윤화영,8884,46,4,9,4,42.0,113.0,54.0,76.0,ROUGH,ROUGH,133.0,True,MID,54.0,76.0,49.0,63.0,FAIRWAY,False,3,11.2,False,False,LAT1,3,True,False,6,2,False,True,True
윤화영,8884,46,4,10,5,80.0,97.0,63.0,119.0,ROUGH,ROUGH,329.5,True,FAR,63.0,119.0,57.0,81.0,FAIRWAY,False,4,1.2,False,False,LAT1,4,False,True,5,0,True,False,False
조정민,8972,,1,1,4,51.0,61.0,43.0,88.0,ROUGH,ROUGH,191.4,True,FAR,43.0,88.0,59.0,68.0,FAIRWAY,False,3,11.5,False,False,LAT3,4,False,True,5,1,False,True,False
조정민,8972,,1,6,4,84.0,83.0,61.0,116.0,ROUGH,ROUGH,239.7,True,FAR,61.0,116.0,71.0,52.0,ROUGH,False,3,5.9,False,False,LAT3,4,False,True,5,1,False,True,False
조정민,8972,,1,7,5,45.0,130.0,37.0,108.0,ROUGH,ROUGH,289.4,True,MID,37.0,108.0,60.0,52.0,FAIRWAY,True,3,2.3,False,False,LAT3,3,True,False,4,-1,True,False,False
조정민,8972,,1,10,5,88.0,115.0,69.0,123.0,ROUGH,ROUGH,331.0,True,FAR,69.0,123.0,63.0,86.0,FAIRWAY,False,5,0.7,False,False,LAT1,4,False,True,6,1,False,True,False
조정민,8972,,1,17,4,48.0,120.0,59.0,86.0,ROUGH,ROUGH,137.6,True,MID,59.0,86.0,60.0,35.0,ROUGH,False,3,2.6,False,False,LAT1,3,True,False,4,0,True,False,False
조정민,8972,,1,18,5,92.0,79.0,54.0,106.0,ROUGH,ROUGH,297.1,True,FAR,54.0,106.0,65.0,75.0,ROUGH,False,5,0.4,False,True,LAT3,6,False,True,6,1,False,True,False
조정민,8972,,2,1,4,47.0,106.0,59.0,87.0,BUNKER,BUNKER,156.4,True,NEAR,59.0,87.0,64.0,48.0,FAIRWAY,False,3,2.6,True,False,LAT1,3,False,False,5,1,False,True,False
조정민,8972,,2,3,4,69.0,100.0,64.0,85.0,ROUGH,ROUGH,187.9,True,MID,64.0,85.0,67.0,26.0,ROUGH,False,3,5.4,False,False,LAT1,3,True,False,5,1,False,True,False
조정민,8972,,2,4,5,36.0,93.0,78.0,118.0,ROUGH,ROUGH,319.7,True,FAR,78.0,118.0,78.0,66.0,FAIRWAY,False,5,4.3,False,True,LAT1,6,False,True,6,1,False,True,False
조정민,8972,,2,6,4,31.0,111.0,80.0,98.0,ROUGH,ROUGH,192.2,True,FAR,80.0,98.0,63.0,27.0,GREENSIDE_BUNKER,False,4,0.2,False,False,LAT1,4,False,True,5,1,False,True,False
조정민,8972,,2,9,4,45.0,96.0,38.0,73.0,ROUGH,ROUGH,152.5,True,FAR,38.0,73.0,83.0,18.0,GREEN,True,2,9.8,False,False,LAT3,4,False,True,3,-1,True,False,False
조정민,8972,,2,15,4,31.0,130.0,57.0,66.0,ROUGH,ROUGH,127.7,True,NEAR,57.0,66.0,65.0,12.0,GREEN,True,2,15.0,False,False,LAT3,2,True,False,4,0,True,False,False
김지수,9000,20,1,4,5,94.0,111.0,66.0,117.0,ROUGH,ROUGH,303.8,True,FAR,66.0,117.0,76.0,66.0,FAIRWAY,False,4,2.9,False,False,LAT3,4,False,True,5,0,True,False,False
김지수,9000,20,1,8,4,96.0,89.0,37.0,81.0,ROUGH,ROUGH,166.2,True,FAR,37.0,81.0,68.0,21.0,PENALTY_AREA,False,4,6.6,False,True,LAT3,6,False,True,6,2,False,True,True
김지수,9000,20,1,12,4,93.0,115.0,85.0,80.0,ROUGH,ROUGH,147.9,True,NEAR,85.0,80.0,65.0,28.0,ROUGH,False,3,0.3,False,False,LAT1,2,True,False,4,0,True,False,False
김지수,9000,20,1,15,4,58.0,114.0,56.0,60.0,ROUGH,ROUGH,121.8,True,NEAR,56.0,60.0,67.0,11.0,GREEN,True,2,7.2,False,False,LAT3,2,True,False,3,-1,True,False,False
김지수,9000,20,1,17,4,48.0,120.0,61.0,84.0,ROUGH,ROUGH,133.5,True,MID,61.0,84.0,59.0,20.0,GREEN,True,2,8.6,False,False,LAT1,3,True,False,4,0,True,False,False
김지수,9000,20,1,18,5,92.0,79.0,57.0,111.0,ROUGH,ROUGH,309.1,True,FAR,57.0,111.0,59.0,51.0,FAIRWAY,True,3,1.8,False,False,LAT3,4,False,True,4,-1,True,False,False
김지수,9000,20,2,9,4,45.0,96.0,51.0,67.0,ROUGH,ROUGH,125.7,True,MID,51.0,67.0,79.0,16.0,GREEN,True,2,3.4,False,False,LAT1,3,True,False,4,0,True,False,False
김지수,9000,20,2,15,4,31.0,130.0,72.0,84.0,ROUGH,ROUGH,177.5,True,FAR,72.0,84.0,58.0,21.0,ROUGH,False,3,5.1,False,False,LAT1,4,False,True,5,1,False,True,False
김지수,9000,20,2,18,5,39.0,110.0,57.0,108.0,ROUGH,ROUGH,285.0,True,MID,57.0,108.0,60.0,46.0,FAIRWAY,True,3,3.8,False,False,LAT3,3,True,False,4,-1,True,False,False
김지수,9000,20,3,9,4,56.0,142.0,59.0,80.0,ROUGH,ROUGH,128.5,True,MID,59.0,80.0,48.0,68.0,FAIRWAY,False,4,0.9,False,False,LAT1,3,True,False,5,1,False,True,False
김지수,9000,20,3,14,4,68.0,108.0,76.0,84.0,ROUGH,ROUGH,143.8,True,MID,76.0,84.0,63.0,25.0,ROUGH,False,3,10.0,False,False,LAT3,3,True,False,5,1,False,True,False
김지수,9000,20,3,17,4,44.0,104.0,60.0,87.0,ROUGH,ROUGH,147.3,True,FAR,60.0,87.0,64.0,36.0,ROUGH,False,3,4.4,False,False,LAT1,4,False,True,5,1,False,True,False
김지수,9000,20,3,18,5,74.0,113.0,58.0,109.0,ROUGH,ROUGH,287.3,True,MID,58.0,109.0,51.0,51.0,ROUGH,False,4,1.1,False,False,LAT2,3,True,False,5,0,True,False,False
김지수,9000,20,4,8,4,38.0,108.0,53.0,74.0,ROUGH,ROUGH,122.6,True,NEAR,53.0,74.0,59.0,14.0,GREEN,True,2,9.3,False,False,LAT1,2,True,False,4,0,True,False,False
김지수,9000,20,4,9,4,42.0,113.0,55.0,65.0,ROUGH,ROUGH,111.4,True,NEAR,55.0,65.0,81.0,14.0,GREEN,True,2,16.1,False,False,LAT1,2,True,False,4,0,True,False,False
김지수,9000,20,4,13,4,59.0,79.0,70.0,77.0,ROUGH,ROUGH,130.9,True,FAR,70.0,77.0,58.0,26.0,GREEN,True,2,16.2,False,False,LAT3,4,False,True,4,0,True,False,False
김지수,9000,20,4,15,4,81.0,77.0,72.0,79.0,ROUGH,ROUGH,184.0,True,FAR,72.0,79.0,60.0,21.0,ROUGH,False,3,0.6,False,False,LAT1,4,False,True,4,0,True,False,False
김지수,9000,20,4,18,5,48.0,83.0,67.0,110.0,ROUGH,ROUGH,300.2,True,FAR,67.0,110.0,57.0,52.0,ROUGH,False,4,1.4,False,False,LAT1,4,False,True,6,1,False,True,False
전예성,9082,16,1,6,4,84.0,83.0,52.0,93.0,LOST_BALL,OTHER,,False,,52.0,93.0,65.0,186.0,PENALTY_STROKE,False,5,1.9,True,True,LAT3,8,False,True,7,3,False,True,True
전예성,9082,16,1,8,4,96.0,89.0,38.0,89.0,ROUGH,ROUGH,180.2,True,FAR,38.0,89.0,62.0,5.0,ROUGH,False,3,2.1,False,False,LAT2,4,False,True,4,0,True,False,False
전예성,9082,16,1,10,5,88.0,115.0,56.0,127.0,ROUGH,ROUGH,349.8,True,FAR,56.0,127.0,57.0,115.0,FAIRWAY,False,5,0.5,False,False,LAT2,4,False,True,6,1,False,True,False
전예성,9082,16,2,12,4,63.0,80.0,86.0,80.0,ROUGH,ROUGH,167.9,True,MID,86.0,80.0,61.0,12.0,FRINGE,False,3,0.5,False,False,LAT1,3,True,False,4,0,True,False,False
전예성,9082,16,2,13,4,88.0,112.0,69.0,72.0,BUNKER,BUNKER,102.0,True,NEAR,69.0,72.0,56.0,25.0,GREEN,True,2,13.4,True,False,LAT3,3,False,False,4,0,True,False,False
전예성,9082,16,2,17,4,87.0,87.0,42.0,89.0,ROUGH,ROUGH,164.8,True,FAR,42.0,89.0,62.0,13.0,GREEN,True,2,9.0,False,False,LAT3,4,False,True,4,0,True,False,False
전예성,9082,16,3,1,4,89.0,99.0,53.0,90.0,ROUGH,ROUGH,176.6,True,FAR,53.0,90.0,78.0,22.0,GREEN,True,2,19.3,False,False,LAT1,4,False,True,5,1,False,True,False
전예성,9082,16,3,6,4,65.0,69.0,60.0,90.0,ROUGH,ROUGH,184.2,True,FAR,60.0,90.0,63.0,14.0,GREEN,True,2,7.9,False,False,LAT3,4,False,True,4,0,True,False,False
전예성,9082,16,3,7,5,63.0,79.0,50.0,108.0,ROUGH,ROUGH,307.6,True,FAR,50.0,108.0,58.0,58.0,FAIRWAY,False,4,1.1,False,False,LAT1,4,False,True,5,0,True,False,False
전예성,9082,16,3,8,4,90.0,116.0,48.0,87.0,ROUGH,ROUGH,154.5,True,FAR,48.0,87.0,76.0,7.0,ROUGH,False,3,8.1,False,False,LAT1,4,False,True,5,1,False,True,False
전예성,9082,16,3,9,4,56.0,142.0,50.0,75.0,ROUGH,ROUGH,127.1,True,MID,50.0,75.0,74.0,22.0,ROUGH,False,3,0.8,False,False,LAT1,3,True,False,4,0,True,False,False
전예성,9082,16,3,15,4,56.0,79.0,58.0,82.0,ROUGH,ROUGH,190.8,True,FAR,58.0,82.0,69.0,20.0,ROUGH,False,3,9.5,False,False,LAT3,4,False,True,5,1,False,True,False
전예성,9082,16,3,18,5,74.0,113.0,57.0,111.0,ROUGH,ROUGH,293.8,True,FAR,57.0,111.0,59.0,63.0,FAIRWAY,True,3,2.7,False,False,LAT3,4,False,True,4,-1,True,False,False
전예성,9082,16,4,1,4,45.0,80.0,41.0,94.0,ROUGH,ROUGH,195.3,True,FAR,41.0,94.0,87.0,12.0,FRINGE,False,3,8.0,False,False,LAT3,4,False,True,5,1,False,True,False
김소정,9089,5,1,4,5,94.0,111.0,79.0,112.0,ROUGH,ROUGH,289.7,True,NEAR,79.0,112.0,67.0,49.0,ROUGH,False,4,0.5,False,False,LAT1,2,True,False,5,0,True,False,False
김소정,9089,5,1,8,4,96.0,89.0,34.0,74.0,ROUGH,ROUGH,155.7,True,FAR,34.0,74.0,81.0,9.0,ROUGH,False,3,8.3,False,False,LAT3,4,False,True,5,1,False,True,False
김소정,9089,5,1,9,4,84.0,97.0,65.0,66.0,ROUGH,ROUGH,117.1,True,NEAR,65.0,66.0,83.0,17.0,GREEN,True,2,6.7,False,False,LAT1,2,True,False,4,0,True,False,False
김소정,9089,5,1,10,5,88.0,115.0,67.0,117.0,ROUGH,ROUGH,313.2,True,MID,67.0,117.0,57.0,60.0,FAIRWAY,True,3,15.7,False,False,LAT1,3,True,False,5,0,True,False,False
김소정,9089,5,1,12,4,93.0,115.0,88.0,85.0,ROUGH,ROUGH,161.1,True,MID,88.0,85.0,67.0,34.0,ROUGH,False,4,1.2,False,False,LAT1,3,True,False,5,1,False,True,False
김소정,9089,5,1,13,4,84.0,92.0,59.0,75.0,ROUGH,ROUGH,117.0,True,MID,59.0,75.0,57.0,21.0,GREEN,True,2,7.1,False,False,LAT3,3,True,False,4,0,True,False,False
김소정,9089,5,1,14,4,70.0,117.0,77.0,77.0,ROUGH,ROUGH,127.3,True,NEAR,77.0,77.0,59.0,23.0,GREEN,True,2,12.6,False,False,LAT3,2,True,False,5,1,False,True,False
김소정,9089,5,2,1,4,47.0,106.0,56.0,85.0,ROUGH,ROUGH,154.6,True,NEAR,56.0,85.0,81.0,25.0,GREEN,True,2,15.9,False,False,LAT1,2,True,False,4,0,True,False,False
김소정,9089,5,2,6,4,31.0,111.0,59.0,78.0,ROUGH,ROUGH,138.0,True,NEAR,59.0,78.0,57.0,21.0,GREEN,True,2,6.2,False,False,LAT3,2,True,False,4,0,True,False,False
김소정,9089,5,2,8,4,44.0,121.0,61.0,81.0,ROUGH,ROUGH,132.0,True,NEAR,61.0,81.0,47.0,71.0,FAIRWAY,False,3,7.5,False,False,LAT1,2,True,False,5,1,False,True,False
김소정,9089,5,2,12,4,63.0,80.0,90.0,82.0,ROUGH,ROUGH,175.8,True,FAR,90.0,82.0,57.0,23.0,ROUGH,False,3,1.1,False,False,LAT1,4,False,True,4,0,True,False,False
김소정,9089,5,2,17,4,87.0,87.0,47.0,79.0,ROUGH,ROUGH,140.4,True,MID,47.0,79.0,65.0,11.0,ROUGH,False,4,1.1,False,False,LAT3,3,True,False,5,1,False,True,False
김소정,9089,5,3,1,4,89.0,99.0,56.0,81.0,ROUGH,ROUGH,156.0,True,NEAR,56.0,81.0,78.0,17.0,GREEN,True,2,16.7,False,False,LAT1,2,True,False,4,0,True,False,False
김소정,9089,5,3,3,4,48.0,79.0,43.0,80.0,ROUGH,ROUGH,189.1,True,MID,43.0,80.0,63.0,12.0,GREEN,True,2,10.0,False,False,LAT3,3,True,False,4,0,True,False,False
김소정,9089,5,3,7,5,63.0,79.0,50.0,103.0,BUNKER,BUNKER,289.6,True,MID,50.0,103.0,54.0,82.0,FAIRWAY,False,4,2.3,True,False,LAT1,4,False,False,6,1,False,True,False
김소정,9089,5,3,14,4,68.0,108.0,93.0,76.0,ROUGH,ROUGH,146.9,True,MID,93.0,76.0,47.0,23.0,GREEN,True,2,13.8,False,False,LAT1,3,True,False,5,1,False,True,False
김소정,9089,5,3,15,4,56.0,79.0,75.0,77.0,ROUGH,ROUGH,179.3,True,FAR,75.0,77.0,61.0,23.0,ROUGH,False,3,9.5,False,False,LAT1,4,False,True,5,1,False,True,False
김소정,9089,5,3,18,5,74.0,113.0,55.0,101.0,ROUGH,ROUGH,268.0,True,NEAR,55.0,101.0,56.0,41.0,FAIRWAY,True,3,13.9,False,False,LAT3,2,True,False,5,0,True,False,False
김소정,9089,5,4,1,4,45.0,80.0,44.0,82.0,ROUGH,ROUGH,169.0,True,MID,44.0,82.0,79.0,22.0,GREEN,True,2,19.7,False,False,LAT3,3,True,False,4,0,True,False,False
김소정,9089,5,4,6,4,73.0,113.0,73.0,77.0,ROUGH,ROUGH,136.0,True,NEAR,73.0,77.0,68.0,13.0,GREEN,True,2,16.0,False,False,LAT1,2,True,False,4,0,True,False,False
김소정,9089,5,4,7,5,84.0,80.0,41.0,96.0,ROUGH,ROUGH,277.9,True,NEAR,41.0,96.0,59.0,31.0,ROUGH,True,3,3.1,False,False,LAT3,2,True,False,4,-1,True,False,False
김소정,9089,5,4,9,4,42.0,113.0,42.0,57.0,ROUGH,ROUGH,114.0,True,NEAR,42.0,57.0,74.0,24.0,ROUGH,False,3,0.8,False,False,LAT3,2,True,False,4,0,True,False,False
김소정,9089,5,4,13,4,59.0,79.0,71.0,65.0,ROUGH,ROUGH,106.3,True,NEAR,71.0,65.0,48.0,18.0,FRINGE,False,3,2.4,False,False,LAT3,2,True,False,4,0,True,False,False
김소정,9089,5,4,17,4,75.0,110.0,41.0,73.0,BUNKER,BUNKER,121.8,True,NEAR,41.0,73.0,61.0,19.0,GREEN,True,2,4.6,True,False,LAT3,3,False,False,4,0,True,False,False
김소정,9089,5,4,18,5,48.0,83.0,56.0,102.0,ROUGH,ROUGH,279.9,True,MID,56.0,102.0,61.0,45.0,FAIRWAY,True,3,3.3,False,False,LAT3,3,True,False,4,-1,True,False,False
박서현,9111,61,1,8,4,96.0,89.0,49.0,83.0,ROUGH,ROUGH,159.0,True,FAR,49.0,83.0,59.0,10.0,ROUGH,False,3,2.0,False,False,LAT1,4,False,True,5,1,False,True,False
박서현,9111,61,1,10,5,88.0,115.0,62.0,119.0,ROUGH,ROUGH,322.6,True,MID,62.0,119.0,58.0,58.0,FAIRWAY,False,4,0.3,False,False,LAT1,3,True,False,5,0,True,False,False
박서현,9111,61,1,12,4,93.0,115.0,87.0,82.0,ROUGH,ROUGH,153.3,True,NEAR,87.0,82.0,61.0,29.0,ROUGH,False,,,False,False,LAT1,2,True,False,4,0,True,False,False
박서현,9111,61,1,13,4,84.0,92.0,69.0,74.0,BUNKER,BUNKER,115.1,True,MID,69.0,74.0,65.0,43.0,ROUGH,False,3,7.5,True,False,LAT3,4,False,False,5,1,False,True,False
박서현,9111,61,1,18,5,92.0,79.0,67.0,106.0,ROUGH,ROUGH,290.1,True,FAR,67.0,106.0,62.0,48.0,FAIRWAY,True,3,9.4,False,False,LAT1,4,False,True,4,-1,True,False,False
박서현,9111,61,2,4,5,36.0,93.0,66.0,119.0,ROUGH,ROUGH,318.2,True,FAR,66.0,119.0,78.0,69.0,FAIRWAY,False,4,6.1,False,False,LAT3,4,False,True,6,1,False,True,False
박서현,9111,61,2,7,5,89.0,103.0,53.0,103.0,ROUGH,ROUGH,280.7,True,MID,53.0,103.0,64.0,42.0,FAIRWAY,True,3,9.4,False,False,LAT1,3,True,False,5,0,True,False,False
박서현,9111,61,2,8,4,44.0,121.0,52.0,79.0,ROUGH,ROUGH,129.7,True,NEAR,52.0,79.0,65.0,6.0,ROUGH,False,3,3.3,False,False,LAT1,2,True,False,4,0,True,False,False
박서현,9111,61,2,9,4,45.0,96.0,51.0,72.0,ROUGH,ROUGH,135.3,True,MID,51.0,72.0,86.0,12.0,GREEN,True,2,20.8,False,False,LAT1,3,True,False,4,0,True,False,False
박서현,9111,61,2,10,5,57.0,65.0,62.0,116.0,ROUGH,ROUGH,330.9,True,FAR,62.0,116.0,59.0,51.0,FAIRWAY,True,3,3.6,False,False,LAT1,4,False,True,5,0,True,False,False
박서현,9111,61,2,12,4,63.0,80.0,91.0,82.0,ROUGH,ROUGH,177.6,True,FAR,91.0,82.0,56.0,11.0,ROUGH,False,3,15.0,False,False,LAT1,4,False,True,6,2,False,True,True
박서현,9111,61,2,13,4,88.0,112.0,70.0,72.0,BUNKER,BUNKER,102.1,True,NEAR,70.0,72.0,62.0,32.0,FRINGE,False,3,0.4,True,False,LAT3,3,False,False,4,0,True,False,False
박서현,9111,61,2,17,4,87.0,87.0,58.0,84.0,ROUGH,ROUGH,148.2,True,FAR,58.0,84.0,63.0,18.0,GREEN,True,2,5.1,False,False,LAT1,4,False,True,4,0,True,False,False
박서현,9111,61,2,18,5,39.0,110.0,66.0,104.0,ROUGH,ROUGH,273.4,True,NEAR,66.0,104.0,59.0,67.0,FAIRWAY,True,3,12.2,False,False,LAT1,2,True,False,5,0,True,False,False
박서현,9111,61,3,1,4,89.0,99.0,53.0,87.0,ROUGH,ROUGH,170.9,True,MID,53.0,87.0,83.0,17.0,GREEN,True,2,5.6,False,False,LAT1,3,True,False,4,0,True,False,False
박서현,9111,61,3,10,5,50.0,85.0,63.0,116.0,ROUGH,ROUGH,320.9,True,MID,63.0,116.0,60.0,61.0,FAIRWAY,True,3,13.1,False,False,LAT1,3,True,False,6,1,False,True,False
박서현,9111,61,3,12,4,83.0,114.0,89.0,85.0,ROUGH,ROUGH,162.7,True,MID,89.0,85.0,62.0,22.0,GREEN,True,2,8.2,False,False,LAT1,3,True,False,4,0,True,False,False
박서현,9111,61,3,15,4,56.0,79.0,70.0,81.0,ROUGH,ROUGH,188.2,True,FAR,70.0,81.0,65.0,19.0,GREEN,True,2,25.0,False,False,LAT1,4,False,True,5,1,False,True,False
박서현,9111,61,3,18,5,74.0,113.0,67.0,110.0,ROUGH,ROUGH,289.6,True,FAR,67.0,110.0,59.0,50.0,FAIRWAY,False,4,0.5,False,False,LAT1,4,False,True,5,0,True,False,False
박서현,9111,61,4,6,4,73.0,113.0,74.0,87.0,ROUGH,ROUGH,158.8,True,MID,74.0,87.0,64.0,26.0,GREENSIDE_BUNKER,False,3,3.8,False,False,LAT1,3,True,False,4,0,True,False,False
박서현,9111,61,4,9,4,42.0,113.0,39.0,69.0,ROUGH,ROUGH,138.4,True,FAR,39.0,69.0,84.0,15.0,GREEN,True,2,18.9,False,False,LAT3,4,False,True,6,2,False,True,True
박서현,9111,61,4,10,5,80.0,97.0,65.0,115.0,ROUGH,ROUGH,315.3,True,MID,65.0,115.0,55.0,53.0,ROUGH,False,4,5.5,False,False,LAT1,3,True,False,6,1,False,True,False
박서현,9111,61,4,12,4,68.0,122.0,86.0,80.0,ROUGH,ROUGH,149.1,True,NEAR,86.0,80.0,68.0,31.0,ROUGH,False,3,1.9,False,False,LAT1,2,True,False,5,1,False,True,False
박서현,9111,61,4,14,4,83.0,117.0,98.0,68.0,ROUGH,ROUGH,133.0,True,NEAR,98.0,68.0,56.0,26.0,FRINGE,False,3,1.6,False,False,LAT1,2,True,False,5,1,False,True,False
박서현,9111,61,4,18,5,48.0,83.0,58.0,108.0,ROUGH,ROUGH,295.3,True,FAR,58.0,108.0,60.0,51.0,FAIRWAY,False,4,12.7,False,False,LAT2,4,False,True,6,1,False,True,False
노승희,9113,16,1,10,5,88.0,115.0,64.0,118.0,ROUGH,ROUGH,318.9,True,MID,64.0,118.0,59.0,57.0,FAIRWAY,True,3,2.0,False,False,LAT1,3,True,False,5,0,True,False,False
노승희,9113,16,1,12,4,93.0,115.0,87.0,80.0,ROUGH,ROUGH,149.6,True,NEAR,87.0,80.0,68.0,32.0,ROUGH,False,3,11.3,False,False,LAT1,2,True,False,5,1,False,True,False
노승희,9113,16,1,14,4,70.0,117.0,82.0,77.0,ROUGH,ROUGH,131.6,True,NEAR,82.0,77.0,55.0,28.0,ROUGH,False,3,1.8,False,False,LAT3,2,True,False,5,1,False,True,False
노승희,9113,16,1,15,4,58.0,114.0,71.0,77.0,ROUGH,ROUGH,164.3,True,MID,71.0,77.0,59.0,25.0,ROUGH,False,3,11.3,False,False,LAT1,3,True,False,5,1,False,True,False
노승희,9113,16,1,18,5,92.0,79.0,57.0,104.0,ROUGH,ROUGH,289.4,True,FAR,57.0,104.0,60.0,43.0,FAIRWAY,True,3,5.0,False,False,LAT3,4,False,True,4,-1,True,False,False
노승희,9113,16,2,1,4,47.0,106.0,56.0,87.0,ROUGH,ROUGH,159.7,True,NEAR,56.0,87.0,75.0,17.0,GREEN,True,2,6.5,False,False,LAT1,2,True,False,3,-1,True,False,False
노승희,9113,16,2,4,5,36.0,93.0,78.0,116.0,ROUGH,ROUGH,312.3,True,FAR,78.0,116.0,78.0,57.0,ROUGH,False,4,3.6,False,False,LAT1,4,False,True,6,1,False,True,False
노승희,9113,16,2,7,5,89.0,103.0,49.0,107.0,ROUGH,ROUGH,294.4,True,MID,49.0,107.0,62.0,49.0,FAIRWAY,True,3,4.1,False,False,LAT1,3,True,False,5,0,True,False,False
노승희,9113,16,2,9,4,45.0,96.0,35.0,78.0,ROUGH,ROUGH,166.1,True,FAR,35.0,78.0,70.0,31.0,PENALTY_AREA,False,4,10.9,False,True,LAT2,6,False,True,6,2,False,True,True
노승희,9113,16,2,10,5,57.0,65.0,54.0,117.0,ROUGH,ROUGH,337.5,True,FAR,54.0,117.0,57.0,63.0,FAIRWAY,True,3,1.5,False,False,LAT3,4,False,True,4,-1,True,False,False
노승희,9113,16,2,13,4,88.0,112.0,73.0,75.0,ROUGH,ROUGH,110.0,True,MID,73.0,75.0,59.0,27.0,GREEN,True,2,4.9,False,False,LAT3,3,True,False,4,0,True,False,False
노승희,9113,16,3,8,4,90.0,116.0,52.0,78.0,ROUGH,ROUGH,135.8,True,NEAR,52.0,78.0,60.0,18.0,GREEN,True,2,27.1,False,False,LAT1,2,True,False,4,0,True,False,False
노승희,9113,16,3,12,4,83.0,114.0,79.0,90.0,ROUGH,ROUGH,168.6,True,MID,79.0,90.0,70.0,27.0,ROUGH,False,3,4.9,False,False,LAT3,3,True,False,4,0,True,False,False
노승희,9113,16,4,1,4,45.0,80.0,54.0,91.0,ROUGH,ROUGH,180.2,True,FAR,54.0,91.0,73.0,23.0,GREENSIDE_BUNKER,False,3,4.5,False,False,LAT1,4,False,True,5,1,False,True,False
노승희,9113,16,4,6,4,73.0,113.0,74.0,86.0,ROUGH,ROUGH,158.0,True,MID,74.0,86.0,68.0,25.0,GREENSIDE_BUNKER,False,3,0.8,False,False,LAT1,3,True,False,4,0,True,False,False
노승희,9113,16,4,8,4,38.0,108.0,35.0,82.0,ROUGH,ROUGH,150.3,True,MID,35.0,82.0,60.0,9.0,ROUGH,False,3,1.3,False,False,LAT3,3,True,False,4,0,True,False,False
유해란,9115,1,1,1,4,51.0,61.0,61.0,78.0,BUNKER,BUNKER,156.3,True,NEAR,61.0,78.0,80.0,12.0,GREEN,True,2,6.4,True,False,LAT1,3,False,False,4,0,True,False,False
유해란,9115,1,1,6,4,84.0,83.0,73.0,80.0,ROUGH,ROUGH,156.2,True,NEAR,73.0,80.0,69.0,25.0,GREENSIDE_BUNKER,False,3,2.8,False,False,LAT1,2,True,False,4,0,True,False,False
유해란,9115,1,1,7,5,45.0,130.0,40.0,99.0,ROUGH,ROUGH,258.2,True,NEAR,40.0,99.0,54.0,54.0,ROUGH,True,3,13.4,False,False,LAT3,2,True,False,5,0,True,False,False
유해란,9115,1,1,9,4,84.0,97.0,37.0,60.0,ROUGH,ROUGH,143.8,True,FAR,37.0,60.0,89.0,18.0,ROUGH,False,3,0.4,False,False,LAT3,4,False,True,4,0,True,False,False
유해란,9115,1,1,18,5,92.0,79.0,65.0,99.0,ROUGH,ROUGH,272.3,True,NEAR,65.0,99.0,57.0,44.0,FAIRWAY,False,4,0.7,False,False,LAT1,2,True,False,5,0,True,False,False
유해란,9115,1,2,1,4,47.0,106.0,61.0,78.0,BUNKER,BUNKER,136.2,True,NEAR,61.0,78.0,74.0,29.0,ROUGH,False,3,3.5,True,False,LAT1,3,False,False,4,0,True,False,False
유해란,9115,1,2,7,5,89.0,103.0,44.0,95.0,ROUGH,ROUGH,263.1,True,NEAR,44.0,95.0,61.0,39.0,FAIRWAY,True,3,1.5,False,False,LAT3,2,True,False,4,-1,True,False,False
유해란,9115,1,2,12,4,63.0,80.0,92.0,71.0,ROUGH,ROUGH,154.8,True,MID,92.0,71.0,65.0,33.0,ROUGH,False,4,1.2,False,False,LAT1,3,True,False,6,2,False,True,True
유해란,9115,1,2,18,5,39.0,110.0,66.0,96.0,ROUGH,ROUGH,249.0,True,NEAR,66.0,96.0,57.0,44.0,FAIRWAY,True,3,3.3,False,False,LAT1,2,True,False,5,0,True,False,False
유해란,9115,1,3,3,4,48.0,79.0,66.0,79.0,ROUGH,ROUGH,183.2,True,NEAR,66.0,79.0,64.0,19.0,ROUGH,False,4,0.8,False,False,LAT1,2,True,False,5,1,False,True,False
유해란,9115,1,3,6,4,65.0,69.0,56.0,105.0,LOST_BALL,OTHER,,False,,56.0,105.0,65.0,187.0,PENALTY_STROKE,False,4,6.0,True,True,LAT3,8,False,True,5,1,False,True,False
유해란,9115,1,3,7,5,63.0,79.0,50.0,103.0,BUNKER,BUNKER,289.5,True,MID,50.0,103.0,63.0,49.0,FAIRWAY,True,3,12.1,True,False,LAT1,4,False,False,5,0,True,False,False
유해란,9115,1,3,12,4,83.0,114.0,83.0,68.0,ROUGH,ROUGH,120.0,True,NEAR,83.0,68.0,66.0,27.0,FRINGE,False,3,1.3,False,False,LAT1,2,True,False,4,0,True,False,False
유해란,9115,1,3,17,4,44.0,104.0,63.0,73.0,BUNKER,BUNKER,116.8,True,NEAR,63.0,73.0,62.0,16.0,GREEN,True,2,15.7,True,False,LAT1,3,False,False,3,-1,True,False,False
유해란,9115,1,4,3,4,72.0,82.0,61.0,78.0,ROUGH,ROUGH,179.2,True,NEAR,61.0,78.0,64.0,5.0,ROUGH,False,3,0.8,False,False,LAT1,2,True,False,4,0,True,False,False
유해란,9115,1,4,8,4,38.0,108.0,35.0,70.0,ROUGH,ROUGH,127.1,True,NEAR,35.0,70.0,61.0,22.0,ROUGH,False,3,1.1,False,False,LAT3,2,True,False,4,0,True,False,False
유해란,9115,1,4,9,4,42.0,113.0,43.0,51.0,ROUGH,ROUGH,103.5,True,NEAR,43.0,51.0,80.0,21.0,GREEN,True,2,5.3,False,False,LAT3,2,True,False,4,0,True,False,False
유해란,9115,1,4,14,4,83.0,117.0,96.0,78.0,ROUGH,ROUGH,147.2,True,MID,96.0,78.0,48.0,17.0,GREEN,True,2,20.9,False,False,LAT1,3,True,False,5,1,False,True,False
유해란,9115,1,4,15,4,81.0,77.0,59.0,68.0,ROUGH,ROUGH,158.3,True,MID,59.0,68.0,66.0,4.0,GREEN,True,2,15.0,False,False,LAT3,3,True,False,4,0,True,False,False
유해란,9115,1,4,18,5,48.0,83.0,55.0,97.0,BUNKER,BUNKER,264.5,True,NEAR,55.0,97.0,60.0,52.0,FAIRWAY,False,4,0.5,True,False,LAT3,3,False,False,5,0,True,False,False
박현경,9130,,1,1,4,51.0,61.0,57.0,84.0,ROUGH,ROUGH,171.8,True,MID,57.0,84.0,82.0,6.0,ROUGH,False,3,1.7,False,False,LAT1,3,True,False,4,0,True,False,False
박현경,9130,,1,6,4,84.0,83.0,77.0,91.0,ROUGH,ROUGH,182.7,True,FAR,77.0,91.0,73.0,21.0,ROUGH,False,3,7.4,False,False,LAT1,4,False,True,5,1,False,True,False
박현경,9130,,1,12,4,93.0,115.0,88.0,82.0,ROUGH,ROUGH,153.9,True,MID,88.0,82.0,64.0,17.0,GREEN,True,2,14.2,False,False,LAT1,3,True,False,4,0,True,False,False
박현경,9130,,1,15,4,58.0,114.0,74.0,71.0,ROUGH,ROUGH,149.6,True,NEAR,74.0,71.0,61.0,25.0,ROUGH,False,3,6.5,False,False,LAT1,2,True,False,5,1,False,True,False
박현경,9130,,1,18,5,92.0,79.0,55.0,114.0,BUNKER,BUNKER,318.4,True,FAR,55.0,114.0,63.0,75.0,FAIRWAY,False,4,0.3,True,False,LAT3,5,False,True,5,0,True,False,False
박현경,9130,,2,1,4,47.0,106.0,58.0,87.0,BUNKER,BUNKER,157.9,True,NEAR,58.0,87.0,74.0,35.0,ROUGH,False,3,6.9,True,False,LAT1,3,False,False,5,1,False,True,False
박현경,9130,,2,7,5,89.0,103.0,50.0,107.0,ROUGH,ROUGH,294.9,True,MID,50.0,107.0,58.0,54.0,FAIRWAY,True,3,3.1,False,False,LAT1,3,True,False,5,0,True,False,False
박현경,9130,,2,9,4,45.0,96.0,60.0,71.0,ROUGH,ROUGH,126.2,True,MID,60.0,71.0,59.0,49.0,FAIRWAY,False,4,1.7,False,False,LAT1,3,True,False,5,1,False,True,False
박현경,9130,,2,12,4,63.0,80.0,88.0,82.0,ROUGH,ROUGH,173.5,True,FAR,88.0,82.0,70.0,27.0,ROUGH,False,3,3.3,False,False,LAT1,4,False,True,5,1,False,True,False
서어진,9134,5,1,4,5,94.0,111.0,80.0,117.0,ROUGH,ROUGH,305.9,True,FAR,80.0,117.0,71.0,53.0,FAIRWAY,True,3,5.9,False,False,LAT1,4,False,True,5,0,True,False,False
서어진,9134,5,1,9,4,84.0,97.0,44.0,62.0,ROUGH,ROUGH,135.9,True,FAR,44.0,62.0,79.0,21.0,GREEN,True,2,16.6,False,False,LAT3,4,False,True,4,0,True,False,False
서어진,9134,5,1,13,4,84.0,92.0,73.0,76.0,ROUGH,ROUGH,121.9,True,MID,73.0,76.0,70.0,48.0,FAIRWAY,False,3,3.2,False,False,LAT3,3,True,False,4,0,True,False,False
서어진,9134,5,1,15,4,58.0,114.0,71.0,81.0,ROUGH,ROUGH,173.3,True,FAR,71.0,81.0,63.0,25.0,ROUGH,False,3,4.7,False,False,LAT1,4,False,True,4,0,True,False,False
서어진,9134,5,2,1,4,47.0,106.0,43.0,85.0,ROUGH,ROUGH,166.5,True,MID,43.0,85.0,77.0,26.0,ROUGH,False,3,0.3,False,False,LAT3,3,True,False,4,0,True,False,False
서어진,9134,5,2,3,4,69.0,100.0,61.0,88.0,ROUGH,ROUGH,196.3,True,FAR,61.0,88.0,66.0,18.0,GREENSIDE_BUNKER,False,,,False,False,LAT1,4,False,True,3,-1,True,False,False
서어진,9134,5,2,7,5,89.0,103.0,53.0,107.0,ROUGH,ROUGH,292.4,True,MID,53.0,107.0,62.0,50.0,FAIRWAY,True,3,5.8,False,False,LAT1,3,True,False,4,-1,True,False,False
서어진,9134,5,2,9,4,45.0,96.0,53.0,70.0,ROUGH,ROUGH,130.3,True,MID,53.0,70.0,84.0,10.0,GREEN,True,2,21.2,False,False,LAT1,3,True,False,4,0,True,False,False
서어진,9134,5,2,10,5,57.0,65.0,64.0,119.0,ROUGH,ROUGH,341.6,True,FAR,64.0,119.0,65.0,68.0,ROUGH,False,5,0.3,False,False,LAT1,4,False,True,6,1,False,True,False
서어진,9134,5,2,14,4,39.0,83.0,86.0,72.0,ROUGH,ROUGH,146.0,True,MID,86.0,72.0,54.0,18.0,GREEN,True,2,15.0,False,False,LAT1,3,True,False,4,0,True,False,False
서어진,9134,5,2,18,5,39.0,110.0,57.0,109.0,ROUGH,ROUGH,287.9,True,MID,57.0,109.0,59.0,72.0,FAIRWAY,False,5,2.7,False,True,LAT3,5,False,True,6,1,False,True,False
서어진,9134,5,3,8,4,90.0,116.0,51.0,78.0,ROUGH,ROUGH,134.8,True,NEAR,51.0,78.0,66.0,16.0,GREEN,True,2,15.0,False,False,LAT1,2,True,False,4,0,True,False,False
서어진,9134,5,3,10,5,50.0,85.0,65.0,112.0,ROUGH,ROUGH,308.6,True,NEAR,65.0,112.0,58.0,54.0,FAIRWAY,False,4,0.9,False,False,LAT1,2,True,False,5,0,True,False,False
서어진,9134,5,4,3,4,72.0,82.0,60.0,85.0,ROUGH,ROUGH,196.8,True,FAR,60.0,85.0,62.0,21.0,ROUGH,False,3,2.2,False,False,LAT1,4,False,True,4,0,True,False,False
서어진,9134,5,4,12,4,68.0,122.0,89.0,85.0,ROUGH,ROUGH,163.8,True,MID,89.0,85.0,66.0,29.0,ROUGH,False,3,1.1,False,False,LAT1,3,True,False,4,0,True,False,False
서어진,9134,5,4,14,4,83.0,117.0,95.0,75.0,ROUGH,ROUGH,139.5,True,MID,95.0,75.0,57.0,23.0,GREEN,True,2,3.1,False,False,LAT1,3,True,False,3,-1,True,False,False
서어진,9134,5,4,15,4,81.0,77.0,56.0,88.0,ROUGH,ROUGH,210.3,True,FAR,56.0,88.0,56.0,89.0,PENALTY_STROKE,False,4,10.3,False,True,LAT3,6,False,True,6,2,False,True,True
신다인,9135,27,1,1,4,51.0,61.0,46.0,78.0,ROUGH,ROUGH,167.6,True,MID,46.0,78.0,81.0,20.0,GREEN,True,2,22.9,False,False,LAT3,3,True,False,4,0,True,False,False
신다인,9135,27,1,4,5,94.0,111.0,68.0,116.0,ROUGH,ROUGH,302.5,True,MID,68.0,116.0,75.0,69.0,FAIRWAY,True,3,6.9,False,False,LAT3,3,True,False,5,0,True,False,False
신다인,9135,27,1,6,4,84.0,83.0,73.0,78.0,ROUGH,ROUGH,150.8,True,NEAR,73.0,78.0,64.0,8.0,FRINGE,False,3,3.0,False,False,LAT1,2,True,False,5,1,False,True,False
신다인,9135,27,1,10,5,88.0,115.0,64.0,109.0,ROUGH,ROUGH,290.2,True,NEAR,64.0,109.0,64.0,51.0,ROUGH,False,4,1.8,False,False,LAT1,2,True,False,6,1,False,True,False
신다인,9135,27,1,13,4,84.0,92.0,88.0,69.0,ROUGH,ROUGH,119.1,True,MID,88.0,69.0,49.0,19.0,GREEN,True,2,27.1,False,False,LAT1,3,True,False,5,1,False,True,False
신다인,9135,27,1,15,4,58.0,114.0,59.0,72.0,ROUGH,ROUGH,150.9,True,MID,59.0,72.0,66.0,3.0,FRINGE,False,3,1.1,False,False,LAT3,3,True,False,4,0,True,False,False
신다인,9135,27,1,17,4,48.0,120.0,68.0,75.0,ROUGH,ROUGH,116.4,True,NEAR,68.0,75.0,52.0,27.0,GREENSIDE_BUNKER,False,3,9.5,False,False,LAT1,2,True,False,5,1,False,True,False
신다인,9135,27,2,1,4,47.0,106.0,55.0,83.0,ROUGH,ROUGH,151.7,True,NEAR,55.0,83.0,79.0,29.0,ROUGH,False,3,0.3,False,False,LAT1,2,True,False,4,0,True,False,False
신다인,9135,27,2,7,5,89.0,103.0,42.0,98.0,ROUGH,ROUGH,272.3,True,NEAR,42.0,98.0,59.0,37.0,FAIRWAY,True,3,7.3,False,False,LAT3,2,True,False,4,-1,True,False,False
신다인,9135,27,2,9,4,45.0,96.0,59.0,58.0,ROUGH,ROUGH,99.9,True,NEAR,59.0,58.0,81.0,21.0,GREEN,True,2,9.2,False,False,LAT1,2,True,False,4,0,True,False,False
신다인,9135,27,2,12,4,63.0,80.0,98.0,73.0,ROUGH,ROUGH,166.9,True,MID,98.0,73.0,75.0,70.0,FAIRWAY,False,3,11.6,False,False,LAT1,3,True,False,5,1,False,True,False
신다인,9135,27,2,13,4,88.0,112.0,70.0,66.0,ROUGH,ROUGH,89.1,True,NEAR,70.0,66.0,74.0,55.0,FAIRWAY,False,3,8.8,False,False,LAT3,2,True,False,5,1,False,True,False
신다인,9135,27,2,15,4,31.0,130.0,59.0,69.0,ROUGH,ROUGH,134.8,True,NEAR,59.0,69.0,64.0,14.0,GREEN,True,2,8.2,False,False,LAT3,2,True,False,4,0,True,False,False
신다인,9135,27,2,17,4,87.0,87.0,62.0,76.0,BUNKER,BUNKER,130.2,True,NEAR,62.0,76.0,66.0,20.0,FRINGE,False,3,1.2,True,False,LAT1,3,False,False,4,0,True,False,False
신다인,9135,27,2,18,5,39.0,110.0,57.0,100.0,ROUGH,ROUGH,261.7,True,NEAR,57.0,100.0,64.0,40.0,ROUGH,True,3,8.9,False,False,LAT3,2,True,False,5,0,True,False,False
신다인,9135,27,3,7,5,63.0,79.0,40.0,101.0,ROUGH,ROUGH,291.4,True,MID,40.0,101.0,61.0,46.0,FAIRWAY,True,3,6.7,False,False,LAT3,3,True,False,5,0,True,False,False
신다인,9135,27,3,9,4,56.0,142.0,42.0,63.0,ROUGH,ROUGH,119.1,True,NEAR,42.0,63.0,78.0,29.0,FRINGE,False,3,1.9,False,False,LAT3,2,True,False,4,0,True,False,False
신다인,9135,27,3,12,4,83.0,114.0,87.0,74.0,ROUGH,ROUGH,137.7,True,NEAR,87.0,74.0,64.0,28.0,ROUGH,False,3,0.9,False,False,LAT1,2,True,False,4,0,True,False,False
신다인,9135,27,3,14,4,68.0,108.0,80.0,77.0,ROUGH,ROUGH,133.1,True,NEAR,80.0,77.0,62.0,22.0,FRINGE,False,3,0.3,False,False,LAT3,2,True,False,4,0,True,False,False
신다인,9135,27,3,17,4,44.0,104.0,63.0,72.0,BUNKER,BUNKER,115.0,True,NEAR,63.0,72.0,58.0,24.0,GREEN,True,2,9.2,True,False,LAT1,3,False,False,4,0,True,False,False
신다인,9135,27,3,18,5,74.0,113.0,57.0,101.0,ROUGH,ROUGH,266.6,True,NEAR,57.0,101.0,68.0,46.0,PENALTY_AREA,False,5,0.7,False,True,LAT3,4,False,True,6,1,False,True,False
신다인,9135,27,4,9,4,42.0,113.0,46.0,52.0,ROUGH,ROUGH,98.8,True,NEAR,46.0,52.0,81.0,21.0,GREEN,True,2,7.7,False,False,LAT3,2,True,False,4,0,True,False,False
조혜림,9136,,1,4,5,94.0,111.0,67.0,119.0,ROUGH,ROUGH,309.9,True,FAR,67.0,119.0,76.0,75.0,FAIRWAY,False,4,6.0,False,False,LAT3,4,False,True,6,1,False,True,False
조혜림,9136,,1,9,4,84.0,97.0,52.0,69.0,ROUGH,ROUGH,136.9,True,FAR,52.0,69.0,82.0,20.0,GREEN,True,2,10.1,False,False,LAT1,4,False,True,4,0,True,False,False
조혜림,9136,,2,1,4,47.0,106.0,56.0,86.0,ROUGH,ROUGH,157.1,True,NEAR,56.0,86.0,85.0,13.0,GREEN,True,2,22.1,False,False,LAT1,2,True,False,5,1,False,True,False
조혜림,9136,,2,8,4,44.0,121.0,35.0,84.0,ROUGH,ROUGH,150.3,True,MID,35.0,84.0,61.0,28.0,PENALTY_AREA,False,6,5.5,False,True,LAT3,5,False,True,8,4,False,True,True
조혜림,9136,,2,9,4,45.0,96.0,52.0,70.0,ROUGH,ROUGH,129.7,True,MID,52.0,70.0,84.0,7.0,ROUGH,False,4,0.5,False,False,LAT1,3,True,False,5,1,False,True,False
조혜림,9136,,2,17,4,87.0,87.0,62.0,85.0,ROUGH,ROUGH,150.1,True,FAR,62.0,85.0,61.0,8.0,ROUGH,False,3,2.5,False,False,LAT1,4,False,True,5,1,False,True,False
임희정,9145,55,1,6,4,84.0,83.0,60.0,88.0,ROUGH,ROUGH,174.7,True,FAR,60.0,88.0,67.0,11.0,GREEN,True,2,6.5,False,False,LAT3,4,False,True,4,0,True,False,False
임희정,9145,55,1,9,4,84.0,97.0,43.0,62.0,ROUGH,ROUGH,136.6,True,FAR,43.0,62.0,83.0,19.0,GREEN,True,2,5.6,False,False,LAT3,4,False,True,4,0,True,False,False
임희정,9145,55,1,18,5,92.0,79.0,55.0,103.0,ROUGH,ROUGH,287.7,True,MID,55.0,103.0,61.0,48.0,FAIRWAY,True,3,4.4,False,False,LAT3,3,True,False,4,-1,True,False,False
임희정,9145,55,2,1,4,47.0,106.0,41.0,82.0,ROUGH,ROUGH,162.3,True,MID,41.0,82.0,73.0,17.0,ROUGH,False,4,1.8,False,False,LAT3,3,True,False,6,2,False,True,True
임희정,9145,55,2,8,4,44.0,121.0,55.0,86.0,ROUGH,ROUGH,142.1,True,MID,55.0,86.0,67.0,20.0,FRINGE,False,,,False,False,LAT1,3,True,False,3,-1,True,False,False
임희정,9145,55,2,9,4,45.0,96.0,38.0,63.0,ROUGH,ROUGH,135.6,True,FAR,38.0,63.0,80.0,21.0,GREEN,True,2,8.2,False,False,LAT3,4,False,True,4,0,True,False,False
임희정,9145,55,2,12,4,63.0,80.0,71.0,131.0,ROUGH,ROUGH,282.8,True,FAR,71.0,131.0,68.0,178.0,PENALTY_STROKE,False,6,1.3,False,True,LAT3,6,False,True,7,3,False,True,True
임희정,9145,55,2,13,4,88.0,112.0,74.0,69.0,ROUGH,ROUGH,97.7,True,NEAR,74.0,69.0,62.0,30.0,GREEN,True,2,8.9,False,False,LAT3,2,True,False,4,0,True,False,False
임희정,9145,55,3,1,4,89.0,99.0,54.0,85.0,ROUGH,ROUGH,165.4,True,MID,54.0,85.0,83.0,22.0,GREEN,True,2,13.5,False,False,LAT1,3,True,False,5,1,False,True,False
임희정,9145,55,3,8,4,90.0,116.0,52.0,73.0,ROUGH,ROUGH,124.9,True,NEAR,52.0,73.0,66.0,26.0,PENALTY_AREA,False,4,0.4,False,True,LAT1,4,False,True,5,1,False,True,False
임희정,9145,55,3,10,5,50.0,85.0,64.0,115.0,ROUGH,ROUGH,318.9,True,MID,64.0,115.0,65.0,52.0,ROUGH,False,4,1.8,False,False,LAT1,3,True,False,5,0,True,False,False
임희정,9145,55,3,12,4,83.0,114.0,86.0,80.0,ROUGH,ROUGH,150.3,True,NEAR,86.0,80.0,66.0,25.0,GREEN,True,2,6.3,False,False,LAT1,2,True,False,4,0,True,False,False
임희정,9145,55,3,14,4,68.0,108.0,94.0,90.0,ROUGH,ROUGH,173.4,True,FAR,94.0,90.0,49.0,10.0,ROUGH,False,3,1.4,False,False,LAT2,4,False,True,5,1,False,True,False
임희정,9145,55,3,18,5,74.0,113.0,56.0,108.0,ROUGH,ROUGH,286.9,True,MID,56.0,108.0,62.0,60.0,FAIRWAY,True,3,6.7,False,False,LAT3,3,True,False,5,0,True,False,False
임희정,9145,55,4,1,4,45.0,80.0,55.0,83.0,ROUGH,ROUGH,162.0,True,MID,55.0,83.0,80.0,17.0,GREEN,True,2,10.1,False,False,LAT1,3,True,False,4,0,True,False,False
임희정,9145,55,4,3,4,72.0,82.0,61.0,81.0,ROUGH,ROUGH,187.1,True,MID,61.0,81.0,66.0,21.0,ROUGH,False,3,3.2,False,False,LAT1,3,True,False,5,1,False,True,False
임희정,9145,55,4,4,5,40.0,105.0,79.0,115.0,ROUGH,ROUGH,306.0,True,FAR,79.0,115.0,72.0,56.0,FAIRWAY,True,3,4.8,False,False,LAT1,4,False,True,5,0,True,False,False
임희정,9145,55,4,6,4,73.0,113.0,75.0,82.0,ROUGH,ROUGH,147.4,True,NEAR,75.0,82.0,64.0,26.0,GREENSIDE_BUNKER,False,3,9.1,False,False,LAT1,2,True,False,5,1,False,True,False
임희정,9145,55,4,10,5,80.0,97.0,66.0,113.0,ROUGH,ROUGH,308.4,True,NEAR,66.0,113.0,60.0,54.0,FAIRWAY,True,3,7.3,False,False,LAT1,2,True,False,4,-1,True,False,False
임희정,9145,55,4,12,4,68.0,122.0,88.0,81.0,ROUGH,ROUGH,153.8,True,NEAR,88.0,81.0,66.0,22.0,GREEN,True,2,10.9,False,False,LAT1,2,True,False,4,0,True,False,False
임희정,9145,55,4,17,4,75.0,110.0,62.0,75.0,BUNKER,BUNKER,118.6,True,NEAR,62.0,75.0,62.0,18.0,GREEN,True,2,7.2,True,False,LAT1,3,False,False,4,0,True,False,False
강가율,9174,,1,9,4,84.0,97.0,57.0,65.0,ROUGH,ROUGH,123.3,True,MID,57.0,65.0,81.0,16.0,GREEN,True,2,12.0,False,False,LAT1,3,True,False,4,0,True,False,False
강가율,9174,,1,10,5,88.0,115.0,68.0,115.0,ROUGH,ROUGH,306.6,True,NEAR,68.0,115.0,67.0,105.0,ROUGH,False,6,2.6,False,False,LAT1,2,True,False,7,2,False,True,True
강가율,9174,,1,15,4,58.0,114.0,53.0,51.0,ROUGH,ROUGH,100.2,True,NEAR,53.0,51.0,65.0,18.0,GREEN,True,2,11.4,False,False,LAT3,2,True,False,4,0,True,False,False
강가율,9174,,1,17,4,48.0,120.0,42.0,87.0,ROUGH,ROUGH,144.1,True,MID,42.0,87.0,61.0,14.0,GREEN,True,2,21.4,False,False,LAT3,3,True,False,4,0,True,False,False
강가율,9174,,2,1,4,47.0,106.0,59.0,87.0,BUNKER,BUNKER,156.9,True,NEAR,59.0,87.0,81.0,34.0,ROUGH,False,3,2.0,True,False,LAT1,3,False,False,5,1,False,True,False
강가율,9174,,2,3,4,69.0,100.0,59.0,84.0,ROUGH,ROUGH,184.5,True,MID,59.0,84.0,67.0,23.0,ROUGH,False,3,9.0,False,False,LAT1,3,True,False,5,1,False,True,False
강가율,9174,,2,4,5,36.0,93.0,66.0,116.0,ROUGH,ROUGH,310.0,True,FAR,66.0,116.0,72.0,88.0,ROUGH,False,4,12.9,False,False,LAT3,4,False,True,7,2,False,True,True
강가율,9174,,2,6,4,31.0,111.0,73.0,79.0,ROUGH,ROUGH,145.3,True,NEAR,73.0,79.0,60.0,22.0,GREEN,True,2,8.5,False,False,LAT1,2,True,False,3,-1,True,False,False
강가율,9174,,2,7,5,89.0,103.0,56.0,104.0,LOST_BALL,OTHER,,False,,56.0,104.0,66.0,174.0,PENALTY_STROKE,False,5,13.4,True,True,LAT1,8,False,True,7,2,False,True,True
강가율,9174,,2,8,4,44.0,121.0,35.0,83.0,ROUGH,ROUGH,148.1,True,MID,35.0,83.0,61.0,15.0,GREEN,True,2,10.7,False,False,LAT3,3,True,False,4,0,True,False,False
강가율,9174,,2,9,4,45.0,96.0,56.0,65.0,ROUGH,ROUGH,116.2,True,NEAR,56.0,65.0,72.0,34.0,PENALTY_AREA,False,4,3.8,False,True,LAT1,4,False,True,6,2,False,True,True
강가율,9174,,2,13,4,88.0,112.0,66.0,70.0,BUNKER,BUNKER,97.6,True,NEAR,66.0,70.0,61.0,37.0,ROUGH,False,3,2.5,True,False,LAT3,3,False,False,5,1,False,True,False
강가율,9174,,2,15,4,31.0,130.0,71.0,77.0,ROUGH,ROUGH,157.1,True,MID,71.0,77.0,62.0,23.0,ROUGH,False,3,1.2,False,False,LAT1,3,True,False,4,0,True,False,False
강가율,9174,,2,17,4,87.0,87.0,42.0,85.0,ROUGH,ROUGH,156.5,True,FAR,42.0,85.0,54.0,12.0,ROUGH,False,3,4.9,False,False,LAT3,4,False,True,5,1,False,True,False
강가율,9174,,2,18,5,39.0,110.0,65.0,103.0,ROUGH,ROUGH,270.7,True,NEAR,65.0,103.0,60.0,48.0,FAIRWAY,True,3,6.0,False,False,LAT1,2,True,False,5,0,True,False,False
박결,9183,,1,1,4,51.0,61.0,38.0,101.0,ROUGH,ROUGH,220.9,True,FAR,38.0,101.0,72.0,36.0,ROUGH,False,3,2.8,False,False,LAT3,4,False,True,5,1,False,True,False
박결,9183,,1,8,4,96.0,89.0,40.0,92.0,ROUGH,ROUGH,184.6,True,FAR,40.0,92.0,46.0,67.0,FAIRWAY,False,3,11.1,False,False,LAT1,4,False,True,5,1,False,True,False
박결,9183,,1,13,4,84.0,92.0,86.0,82.0,ROUGH,ROUGH,143.8,True,FAR,86.0,82.0,61.0,22.0,GREEN,True,2,2.0,False,False,LAT2,4,False,True,3,-1,True,False,False
박결,9183,,2,1,4,47.0,106.0,43.0,95.0,ROUGH,ROUGH,185.9,True,FAR,43.0,95.0,72.0,40.0,ROUGH,False,3,0.7,False,False,LAT3,4,False,True,4,0,True,False,False
박결,9183,,2,7,5,89.0,103.0,39.0,115.0,ROUGH,ROUGH,325.6,True,FAR,39.0,115.0,53.0,57.0,ROUGH,True,3,11.7,False,False,LAT3,4,False,True,5,0,True,False,False
박결,9183,,2,9,4,45.0,96.0,48.0,74.0,ROUGH,ROUGH,142.9,True,FAR,48.0,74.0,82.0,15.0,GREEN,True,2,8.2,False,False,LAT1,4,False,True,3,-1,True,False,False
박결,9183,,2,12,4,63.0,80.0,92.0,90.0,ROUGH,ROUGH,196.2,True,FAR,92.0,90.0,68.0,38.0,ROUGH,False,4,2.4,False,False,LAT1,4,False,True,5,1,False,True,False
박결,9183,,2,15,4,31.0,130.0,61.0,80.0,ROUGH,ROUGH,164.2,True,MID,61.0,80.0,62.0,25.0,ROUGH,False,3,0.4,False,False,LAT3,3,True,False,4,0,True,False,False
박결,9183,,2,18,5,39.0,110.0,65.0,108.0,ROUGH,ROUGH,284.3,True,MID,65.0,108.0,57.0,61.0,ROUGH,False,4,2.7,False,False,LAT1,3,True,False,6,1,False,True,False
최은우,9235,24,1,8,4,96.0,89.0,38.0,87.0,ROUGH,ROUGH,176.6,True,FAR,38.0,87.0,60.0,16.0,GREEN,True,2,31.1,False,False,LAT2,4,False,True,5,1,False,True,False
최은우,9235,24,1,9,4,84.0,97.0,39.0,72.0,ROUGH,ROUGH,157.9,True,FAR,39.0,72.0,72.0,39.0,ROUGH,False,3,7.6,False,False,LAT2,4,False,True,5,1,False,True,False
최은우,9235,24,1,10,5,88.0,115.0,68.0,119.0,ROUGH,ROUGH,320.3,True,MID,68.0,119.0,53.0,74.0,ROUGH,False,4,4.8,False,False,LAT1,3,True,False,5,0,True,False,False
최은우,9235,24,1,18,5,92.0,79.0,56.0,107.0,ROUGH,ROUGH,297.9,True,FAR,56.0,107.0,57.0,66.0,ROUGH,False,4,1.5,False,False,LAT3,4,False,True,5,0,True,False,False
최은우,9235,24,2,1,4,47.0,106.0,54.0,88.0,ROUGH,ROUGH,162.8,True,MID,54.0,88.0,76.0,31.0,ROUGH,False,3,0.3,False,False,LAT1,3,True,False,4,0,True,False,False
최은우,9235,24,2,8,4,44.0,121.0,51.0,84.0,ROUGH,ROUGH,141.2,True,MID,51.0,84.0,59.0,23.0,ROUGH,False,3,0.9,False,False,LAT1,3,True,False,4,0,True,False,False
최은우,9235,24,2,18,5,39.0,110.0,66.0,112.0,ROUGH,ROUGH,296.7,True,FAR,66.0,112.0,60.0,56.0,FAIRWAY,True,3,15.5,False,False,LAT1,4,False,True,6,1,False,True,False
최은우,9235,24,3,9,4,56.0,142.0,39.0,68.0,ROUGH,ROUGH,130.7,True,MID,39.0,68.0,80.0,19.0,GREEN,True,2,16.0,False,False,LAT3,3,True,False,4,0,True,False,False
최은우,9235,24,3,18,5,74.0,113.0,56.0,106.0,ROUGH,ROUGH,279.3,True,MID,56.0,106.0,66.0,54.0,PENALTY_AREA,False,4,7.2,False,True,LAT3,5,False,True,6,1,False,True,False
최은우,9235,24,4,1,4,45.0,80.0,55.0,88.0,ROUGH,ROUGH,171.7,True,MID,55.0,88.0,72.0,20.0,GREENSIDE_BUNKER,False,3,1.3,False,False,LAT1,3,True,False,4,0,True,False,False
최은우,9235,24,4,3,4,72.0,82.0,45.0,83.0,ROUGH,ROUGH,198.2,True,FAR,45.0,83.0,64.0,23.0,ROUGH,False,3,4.2,False,False,LAT3,4,False,True,5,1,False,True,False
최은우,9235,24,4,6,4,73.0,113.0,60.0,84.0,ROUGH,ROUGH,151.2,True,NEAR,60.0,84.0,56.0,16.0,ROUGH,False,3,3.9,False,False,LAT3,2,True,False,5,1,False,True,False
최은우,9235,24,4,9,4,42.0,113.0,57.0,62.0,ROUGH,ROUGH,102.2,True,NEAR,57.0,62.0,74.0,21.0,ROUGH,False,3,1.4,False,False,LAT1,2,True,False,4,0,True,False,False
최은우,9235,24,4,15,4,81.0,77.0,62.0,88.0,ROUGH,ROUGH,208.8,True,FAR,62.0,88.0,65.0,22.0,ROUGH,False,3,5.1,False,False,LAT2,4,False,True,5,1,False,True,False
최은우,9235,24,4,18,5,48.0,83.0,65.0,105.0,ROUGH,ROUGH,285.4,True,MID,65.0,105.0,56.0,41.0,ROUGH,True,3,3.8,False,False,LAT1,3,True,False,5,0,True,False,False
김아현,9277,,1,7,5,45.0,130.0,35.0,116.0,ROUGH,ROUGH,314.3,True,FAR,35.0,116.0,42.0,108.0,FAIRWAY,False,4,13.1,False,False,LAT3,4,False,True,6,1,False,True,False
김아현,9277,,1,9,4,84.0,97.0,43.0,66.0,ROUGH,ROUGH,143.5,True,FAR,43.0,66.0,64.0,46.0,FAIRWAY,False,3,4.3,False,False,LAT3,4,False,True,4,0,True,False,False
김아현,9277,,1,10,5,88.0,115.0,62.0,117.0,ROUGH,ROUGH,315.8,True,MID,62.0,117.0,61.0,58.0,FAIRWAY,True,3,17.4,False,False,LAT1,3,True,False,5,0,True,False,False
김아현,9277,,1,12,4,93.0,115.0,77.0,92.0,BUNKER,BUNKER,171.9,True,FAR,77.0,92.0,75.0,63.0,FAIRWAY,False,3,4.7,True,False,LAT3,5,False,True,5,1,False,True,False
김아현,9277,,1,13,4,84.0,92.0,73.0,75.0,ROUGH,ROUGH,119.8,True,MID,73.0,75.0,58.0,21.0,GREEN,True,2,6.2,False,False,LAT3,3,True,False,5,1,False,True,False
김아현,9277,,1,15,4,58.0,114.0,71.0,79.0,ROUGH,ROUGH,168.6,True,FAR,71.0,79.0,66.0,28.0,ROUGH,False,3,7.8,False,False,LAT1,4,False,True,6,2,False,True,True
김아현,9277,,1,17,4,48.0,120.0,60.0,90.0,ROUGH,ROUGH,146.3,True,FAR,60.0,90.0,56.0,49.0,FAIRWAY,False,3,2.3,False,False,LAT1,4,False,True,4,0,True,False,False
김아현,9277,,2,1,4,47.0,106.0,43.0,85.0,ROUGH,ROUGH,166.1,True,MID,43.0,85.0,81.0,28.0,ROUGH,False,3,6.2,False,False,LAT3,3,True,False,5,1,False,True,False
김아현,9277,,2,6,4,31.0,111.0,62.0,90.0,ROUGH,ROUGH,167.6,True,MID,62.0,90.0,59.0,12.0,GREENSIDE_BUNKER,False,3,10.1,False,False,LAT3,3,True,False,5,1,False,True,False
김아현,9277,,2,8,4,44.0,121.0,37.0,83.0,ROUGH,ROUGH,147.1,True,MID,37.0,83.0,60.0,14.0,GREEN,True,2,12.9,False,False,LAT3,3,True,False,4,0,True,False,False
김아현,9277,,2,9,4,45.0,96.0,36.0,76.0,ROUGH,ROUGH,161.5,True,FAR,36.0,76.0,56.0,49.0,FAIRWAY,False,4,0.5,False,False,LAT2,4,False,True,5,1,False,True,False
김아현,9277,,2,15,4,31.0,130.0,58.0,76.0,ROUGH,ROUGH,153.2,True,MID,58.0,76.0,63.0,25.0,ROUGH,False,3,3.0,False,False,LAT3,3,True,False,5,1,False,True,False
김아현,9277,,2,17,4,87.0,87.0,48.0,88.0,ROUGH,ROUGH,159.5,True,FAR,48.0,88.0,63.0,8.0,ROUGH,False,3,9.6,False,False,LAT3,4,False,True,5,1,False,True,False
김아현,9277,,2,18,5,39.0,110.0,58.0,104.0,ROUGH,ROUGH,274.1,True,NEAR,58.0,104.0,63.0,42.0,ROUGH,True,3,14.1,False,False,LAT2,2,True,False,5,0,True,False,False
전우리,9389,20,1,1,4,51.0,61.0,56.0,81.0,ROUGH,ROUGH,166.0,True,MID,56.0,81.0,81.0,13.0,GREEN,True,2,9.0,False,False,LAT1,3,True,False,4,0,True,False,False
전우리,9389,20,1,7,5,45.0,130.0,50.0,105.0,ROUGH,ROUGH,272.7,True,NEAR,50.0,105.0,54.0,62.0,FAIRWAY,False,4,0.2,False,False,LAT1,2,True,False,5,0,True,False,False
전우리,9389,20,1,9,4,84.0,97.0,61.0,74.0,ROUGH,ROUGH,136.6,True,FAR,61.0,74.0,62.0,48.0,FAIRWAY,False,3,4.4,False,False,LAT1,4,False,True,4,0,True,False,False
전우리,9389,20,1,12,4,93.0,115.0,93.0,86.0,ROUGH,ROUGH,168.3,True,MID,93.0,86.0,64.0,20.0,GREEN,True,2,8.5,False,False,LAT1,3,True,False,4,0,True,False,False
전우리,9389,20,1,13,4,84.0,92.0,67.0,70.0,BUNKER,BUNKER,106.2,True,NEAR,67.0,70.0,65.0,55.0,BUNKER,False,4,6.7,True,False,LAT3,3,False,False,6,2,False,True,True
전우리,9389,20,1,18,5,92.0,79.0,59.0,103.0,ROUGH,ROUGH,285.0,True,MID,59.0,103.0,59.0,42.0,FAIRWAY,True,3,12.5,False,False,LAT2,3,True,False,5,0,True,False,False
전우리,9389,20,2,7,5,89.0,103.0,39.0,103.0,ROUGH,ROUGH,291.7,True,MID,39.0,103.0,61.0,51.0,FAIRWAY,True,3,11.4,False,False,LAT3,3,True,False,5,0,True,False,False
전우리,9389,20,2,9,4,45.0,96.0,41.0,64.0,ROUGH,ROUGH,132.9,True,MID,41.0,64.0,78.0,21.0,GREEN,True,2,7.9,False,False,LAT3,3,True,False,3,-1,True,False,False
전우리,9389,20,2,12,4,63.0,80.0,78.0,91.0,BUNKER,BUNKER,189.2,True,FAR,78.0,91.0,72.0,49.0,FAIRWAY,False,3,14.7,True,False,LAT3,5,False,True,6,2,False,True,True
전우리,9389,20,2,13,4,88.0,112.0,74.0,68.0,ROUGH,ROUGH,96.3,True,NEAR,74.0,68.0,63.0,32.0,FRINGE,False,3,0.2,False,False,LAT3,2,True,False,4,0,True,False,False
전우리,9389,20,2,17,4,87.0,87.0,41.0,80.0,ROUGH,ROUGH,148.1,True,FAR,41.0,80.0,59.0,9.0,ROUGH,False,3,4.1,False,False,LAT3,4,False,True,5,1,False,True,False
전우리,9389,20,3,4,5,94.0,95.0,69.0,111.0,ROUGH,ROUGH,293.1,True,MID,69.0,111.0,76.0,61.0,FAIRWAY,False,4,1.4,False,False,LAT3,3,True,False,5,0,True,False,False
전우리,9389,20,3,8,4,90.0,116.0,37.0,75.0,ROUGH,ROUGH,143.3,True,MID,37.0,75.0,45.0,63.0,FAIRWAY,False,3,13.4,False,False,LAT3,3,True,False,4,0,True,False,False
전우리,9389,20,3,9,4,56.0,142.0,40.0,67.0,ROUGH,ROUGH,127.3,True,MID,40.0,67.0,79.0,24.0,GREEN,True,2,6.6,False,False,LAT3,3,True,False,4,0,True,False,False
전우리,9389,20,3,13,4,39.0,84.0,87.0,62.0,ROUGH,ROUGH,123.2,True,MID,87.0,62.0,47.0,21.0,FRINGE,False,3,0.7,False,False,LAT1,3,True,False,4,0,True,False,False
전우리,9389,20,3,17,4,44.0,104.0,45.0,75.0,ROUGH,ROUGH,123.6,True,NEAR,45.0,75.0,61.0,18.0,GREEN,True,2,10.8,False,False,LAT3,2,True,False,4,0,True,False,False
전우리,9389,20,4,1,4,45.0,80.0,58.0,87.0,BUNKER,BUNKER,169.2,True,MID,58.0,87.0,64.0,54.0,FAIRWAY,False,3,15.6,True,False,LAT1,4,False,False,5,1,False,True,False
전우리,9389,20,4,6,4,73.0,113.0,72.0,74.0,ROUGH,ROUGH,129.8,True,NEAR,72.0,74.0,65.0,18.0,GREEN,True,2,4.3,False,False,LAT1,2,True,False,4,0,True,False,False
전우리,9389,20,4,9,4,42.0,113.0,46.0,53.0,ROUGH,ROUGH,101.4,True,NEAR,46.0,53.0,79.0,24.0,GREEN,True,2,7.8,False,False,LAT3,2,True,False,4,0,True,False,False
전우리,9389,20,4,10,5,80.0,97.0,66.0,108.0,ROUGH,ROUGH,292.8,True,NEAR,66.0,108.0,64.0,54.0,ROUGH,True,3,21.2,False,False,LAT1,2,True,False,6,1,False,True,False
전우리,9389,20,4,15,4,81.0,77.0,58.0,72.0,ROUGH,ROUGH,168.0,True,MID,58.0,72.0,61.0,13.0,FRINGE,False,3,2.0,False,False,LAT3,3,True,False,5,1,False,True,False
전우리,9389,20,4,18,5,48.0,83.0,56.0,100.0,ROUGH,ROUGH,274.1,True,NEAR,56.0,100.0,59.0,40.0,FAIRWAY,True,3,3.7,False,False,LAT3,2,True,False,5,0,True,False,False
최가빈,9391,,1,4,5,94.0,111.0,67.0,109.0,BUNKER,BUNKER,280.5,True,NEAR,67.0,109.0,74.0,64.0,FAIRWAY,True,3,16.7,True,False,LAT3,3,False,False,5,0,True,False,False
최가빈,9391,,1,7,5,45.0,130.0,40.0,100.0,ROUGH,ROUGH,261.9,True,NEAR,40.0,100.0,58.0,45.0,FAIRWAY,True,3,5.4,False,False,LAT3,2,True,False,5,0,True,False,False
최가빈,9391,,1,8,4,96.0,89.0,47.0,80.0,ROUGH,ROUGH,154.9,True,FAR,47.0,80.0,69.0,-1.0,ROUGH,False,4,2.9,False,False,LAT1,4,False,True,6,2,False,True,True
최가빈,9391,,1,10,5,88.0,115.0,66.0,116.0,ROUGH,ROUGH,311.3,True,MID,66.0,116.0,62.0,62.0,FAIRWAY,True,3,5.4,False,False,LAT1,3,True,False,5,0,True,False,False
최가빈,9391,,1,15,4,58.0,114.0,58.0,64.0,ROUGH,ROUGH,132.2,True,NEAR,58.0,64.0,66.0,8.0,GREEN,True,2,17.2,False,False,LAT3,2,True,False,4,0,True,False,False
최가빈,9391,,2,1,4,47.0,106.0,42.0,100.0,ROUGH,ROUGH,196.0,True,FAR,42.0,100.0,73.0,35.0,ROUGH,False,3,1.3,False,False,LAT2,4,False,True,5,1,False,True,False
최가빈,9391,,2,3,4,69.0,100.0,44.0,86.0,ROUGH,ROUGH,197.2,True,FAR,44.0,86.0,59.0,13.0,GREEN,True,2,11.4,False,False,LAT3,4,False,True,4,0,True,False,False
최가빈,9391,,2,4,5,36.0,93.0,62.0,113.0,LOST_BALL,OTHER,,False,,62.0,113.0,63.0,187.0,PENALTY_STROKE,False,5,2.3,True,True,LAT3,8,False,True,6,1,False,True,False
최가빈,9391,,2,6,4,31.0,111.0,73.0,78.0,ROUGH,ROUGH,142.9,True,NEAR,73.0,78.0,56.0,25.0,ROUGH,False,3,0.8,False,False,LAT1,2,True,False,4,0,True,False,False
최가빈,9391,,2,7,5,89.0,103.0,37.0,105.0,ROUGH,ROUGH,299.2,True,FAR,37.0,105.0,58.0,45.0,FAIRWAY,True,3,6.6,False,False,LAT3,4,False,True,4,-1,True,False,False
최가빈,9391,,2,8,4,44.0,121.0,35.0,75.0,ROUGH,ROUGH,132.8,True,NEAR,35.0,75.0,61.0,16.0,GREEN,True,2,9.7,False,False,LAT3,2,True,False,4,0,True,False,False
최가빈,9391,,2,13,4,88.0,112.0,75.0,68.0,ROUGH,ROUGH,95.6,True,NEAR,75.0,68.0,63.0,32.0,FRINGE,False,3,1.3,False,False,LAT3,2,True,False,4,0,True,False,False
최가빈,9391,,2,15,4,31.0,130.0,56.0,74.0,ROUGH,ROUGH,150.7,True,MID,56.0,74.0,57.0,46.0,ROUGH,False,3,8.4,False,False,LAT3,3,True,False,5,1,False,True,False
최가빈,9391,,2,17,4,87.0,87.0,61.0,75.0,BUNKER,BUNKER,128.2,True,NEAR,61.0,75.0,62.0,23.0,GREEN,True,2,15.2,True,False,LAT1,3,False,False,4,0,True,False,False
최가빈,9391,,2,18,5,39.0,110.0,55.0,103.0,ROUGH,ROUGH,272.5,True,NEAR,55.0,103.0,55.0,43.0,ROUGH,True,3,3.9,False,False,LAT3,2,True,False,5,0,True,False,False
한진선,9426,37,1,4,5,94.0,111.0,68.0,116.0,ROUGH,ROUGH,303.2,True,MID,68.0,116.0,78.0,66.0,FAIRWAY,True,3,0.5,False,False,LAT3,3,True,False,4,-1,True,False,False
한진선,9426,37,1,6,4,84.0,83.0,62.0,94.0,ROUGH,ROUGH,187.9,True,FAR,62.0,94.0,67.0,46.0,FAIRWAY,False,3,5.3,False,False,LAT3,4,False,True,5,1,False,True,False
한진선,9426,37,1,9,4,84.0,97.0,44.0,60.0,ROUGH,ROUGH,133.0,True,MID,44.0,60.0,81.0,22.0,GREEN,True,2,14.7,False,False,LAT3,3,True,False,4,0,True,False,False
한진선,9426,37,2,1,4,47.0,106.0,43.0,88.0,ROUGH,ROUGH,172.0,True,MID,43.0,88.0,77.0,31.0,ROUGH,False,3,4.4,False,False,LAT3,3,True,False,5,1,False,True,False
한진선,9426,37,2,6,4,31.0,111.0,62.0,89.0,ROUGH,ROUGH,164.5,True,MID,62.0,89.0,58.0,28.0,ROUGH,False,3,1.3,False,False,LAT3,3,True,False,4,0,True,False,False
한진선,9426,37,2,9,4,45.0,96.0,53.0,66.0,ROUGH,ROUGH,120.7,True,NEAR,53.0,66.0,81.0,19.0,GREEN,True,2,6.7,False,False,LAT1,2,True,False,4,0,True,False,False
한진선,9426,37,2,13,4,88.0,112.0,73.0,73.0,ROUGH,ROUGH,106.8,True,NEAR,73.0,73.0,64.0,26.0,FRINGE,False,3,0.7,False,False,LAT3,2,True,False,4,0,True,False,False
한진선,9426,37,3,7,5,63.0,79.0,37.0,114.0,ROUGH,ROUGH,333.2,True,FAR,37.0,114.0,37.0,114.0,ROUGH,False,5,22.1,False,True,LAT3,6,False,True,8,3,False,True,True
한진선,9426,37,3,9,4,56.0,142.0,39.0,74.0,ROUGH,ROUGH,140.3,True,FAR,39.0,74.0,78.0,32.0,PENALTY_AREA,False,4,6.3,False,True,LAT2,6,False,True,6,2,False,True,True
한진선,9426,37,3,10,5,50.0,85.0,62.0,114.0,ROUGH,ROUGH,316.8,True,MID,62.0,114.0,58.0,59.0,FAIRWAY,True,3,12.3,False,False,LAT2,3,True,False,5,0,True,False,False
한진선,9426,37,3,12,4,83.0,114.0,92.0,84.0,ROUGH,ROUGH,165.1,True,MID,92.0,84.0,71.0,27.0,GREENSIDE_BUNKER,False,3,2.7,False,False,LAT1,3,True,False,4,0,True,False,False
한진선,9426,37,3,13,4,39.0,84.0,88.0,68.0,ROUGH,ROUGH,133.9,True,FAR,88.0,68.0,47.0,17.0,ROUGH,False,3,0.9,False,False,LAT1,4,False,True,4,0,True,False,False
한진선,9426,37,3,17,4,44.0,104.0,58.0,83.0,ROUGH,ROUGH,137.1,True,MID,58.0,83.0,56.0,9.0,ROUGH,False,3,1.7,False,False,LAT1,3,True,False,4,0,True,False,False
한진선,9426,37,4,1,4,45.0,80.0,61.0,87.0,BUNKER,BUNKER,166.5,True,MID,61.0,87.0,77.0,21.0,GREEN,True,2,15.3,True,False,LAT1,4,False,False,4,0,True,False,False
한진선,9426,37,4,10,5,80.0,97.0,65.0,115.0,ROUGH,ROUGH,314.1,True,MID,65.0,115.0,59.0,50.0,FAIRWAY,True,3,5.7,False,False,LAT1,3,True,False,5,0,True,False,False
한진선,9426,37,4,12,4,68.0,122.0,88.0,82.0,ROUGH,ROUGH,155.3,True,MID,88.0,82.0,65.0,29.0,ROUGH,False,3,3.9,False,False,LAT1,3,True,False,5,1,False,True,False
한진선,9426,37,4,13,4,59.0,79.0,89.0,74.0,ROUGH,ROUGH,143.9,True,FAR,89.0,74.0,48.0,19.0,FRINGE,False,3,7.1,False,False,LAT1,4,False,True,4,0,True,False,False
한진선,9426,37,4,15,4,81.0,77.0,58.0,67.0,ROUGH,ROUGH,155.2,True,MID,58.0,67.0,67.0,2.0,ROUGH,False,3,1.0,False,False,LAT3,3,True,False,4,0,True,False,False
한진선,9426,37,4,17,4,75.0,110.0,48.0,74.0,ROUGH,ROUGH,120.3,True,NEAR,48.0,74.0,66.0,26.0,GREENSIDE_BUNKER,False,3,1.4,False,False,LAT3,2,True,False,4,0,True,False,False
박보겸,9431,12,1,6,4,84.0,83.0,61.0,86.0,ROUGH,ROUGH,169.7,True,MID,61.0,86.0,67.0,7.0,FRINGE,False,3,0.5,False,False,LAT3,3,True,False,4,0,True,False,False
박보겸,9431,12,1,7,5,45.0,130.0,50.0,103.0,BUNKER,BUNKER,264.7,True,NEAR,50.0,103.0,60.0,54.0,FAIRWAY,True,3,5.6,True,False,LAT1,3,False,False,5,0,True,False,False
박보겸,9431,12,1,9,4,84.0,97.0,41.0,65.0,ROUGH,ROUGH,145.1,True,FAR,41.0,65.0,85.0,16.0,GREEN,True,2,4.2,False,False,LAT3,4,False,True,4,0,True,False,False
박보겸,9431,12,1,10,5,88.0,115.0,66.0,112.0,ROUGH,ROUGH,298.8,True,NEAR,66.0,112.0,62.0,51.0,FAIRWAY,True,3,2.5,False,False,LAT1,2,True,False,4,-1,True,False,False
박보겸,9431,12,1,12,4,93.0,115.0,86.0,74.0,ROUGH,ROUGH,134.2,True,NEAR,86.0,74.0,63.0,15.0,GREEN,True,2,19.7,False,False,LAT1,2,True,False,4,0,True,False,False
박보겸,9431,12,1,13,4,84.0,92.0,89.0,74.0,ROUGH,ROUGH,131.2,True,FAR,89.0,74.0,67.0,23.0,GREENSIDE_BUNKER,False,4,1.7,False,False,LAT1,4,False,True,5,1,False,True,False
박보겸,9431,12,1,14,4,70.0,117.0,95.0,85.0,ROUGH,ROUGH,162.4,True,FAR,95.0,85.0,66.0,35.0,FAIRWAY,False,3,1.1,False,False,LAT1,4,False,True,4,0,True,False,False
박보겸,9431,12,2,8,4,44.0,121.0,54.0,69.0,ROUGH,ROUGH,108.4,True,NEAR,54.0,69.0,70.0,7.0,ROUGH,False,3,0.5,False,False,LAT1,2,True,False,4,0,True,False,False
박보겸,9431,12,2,10,5,57.0,65.0,63.0,113.0,ROUGH,ROUGH,323.1,True,FAR,63.0,113.0,58.0,54.0,FAIRWAY,False,4,0.8,False,False,LAT1,4,False,True,5,0,True,False,False
박보겸,9431,12,2,12,4,63.0,80.0,84.0,68.0,ROUGH,ROUGH,139.1,True,NEAR,84.0,68.0,59.0,12.0,FRINGE,False,3,0.4,False,False,LAT1,2,True,False,4,0,True,False,False
박보겸,9431,12,3,4,5,94.0,95.0,66.0,115.0,ROUGH,ROUGH,306.9,True,FAR,66.0,115.0,70.0,50.0,FAIRWAY,True,3,8.3,False,False,LAT3,4,False,True,5,0,True,False,False
박보겸,9431,12,3,7,5,63.0,79.0,53.0,102.0,ROUGH,ROUGH,285.1,True,MID,53.0,102.0,69.0,37.0,ROUGH,True,3,5.8,False,False,LAT1,3,True,False,5,0,True,False,False
박보겸,9431,12,3,9,4,56.0,142.0,37.0,68.0,ROUGH,ROUGH,134.8,True,MID,37.0,68.0,73.0,11.0,ROUGH,False,3,2.1,False,False,LAT3,3,True,False,5,1,False,True,False
박보겸,9431,12,3,13,4,39.0,84.0,74.0,65.0,ROUGH,ROUGH,111.2,True,MID,74.0,65.0,48.0,18.0,FRINGE,False,3,0.3,False,False,LAT3,3,True,False,4,0,True,False,False
박보겸,9431,12,3,14,4,68.0,108.0,80.0,75.0,ROUGH,ROUGH,129.4,True,NEAR,80.0,75.0,48.0,16.0,GREEN,True,2,14.3,False,False,LAT3,2,True,False,4,0,True,False,False
박보겸,9431,12,3,17,4,44.0,104.0,42.0,81.0,ROUGH,ROUGH,137.9,True,MID,42.0,81.0,60.0,10.0,FRINGE,False,3,5.0,False,False,LAT3,3,True,False,5,1,False,True,False
박보겸,9431,12,3,18,5,74.0,113.0,57.0,104.0,ROUGH,ROUGH,274.1,True,NEAR,57.0,104.0,59.0,37.0,FAIRWAY,True,3,1.3,False,False,LAT3,2,True,False,5,0,True,False,False
박보겸,9431,12,4,1,4,45.0,80.0,54.0,91.0,ROUGH,ROUGH,178.5,True,FAR,54.0,91.0,70.0,30.0,ROUGH,False,3,1.8,False,False,LAT1,4,False,True,4,0,True,False,False
박보겸,9431,12,4,7,5,84.0,80.0,39.0,105.0,ROUGH,ROUGH,306.6,True,FAR,39.0,105.0,62.0,41.0,FAIRWAY,True,3,0.4,False,False,LAT3,4,False,True,4,-1,True,False,False
박보겸,9431,12,4,8,4,38.0,108.0,50.0,77.0,ROUGH,ROUGH,131.1,True,NEAR,50.0,77.0,60.0,11.0,FRINGE,False,3,1.0,False,False,LAT1,2,True,False,4,0,True,False,False
박보겸,9431,12,4,12,4,68.0,122.0,96.0,64.0,ROUGH,ROUGH,127.9,True,NEAR,96.0,64.0,98.0,66.0,ROUGH,False,4,7.7,False,False,LAT1,2,True,False,6,2,False,True,True
박보겸,9431,12,4,14,4,83.0,117.0,77.0,75.0,ROUGH,ROUGH,122.0,True,NEAR,77.0,75.0,57.0,26.0,FRINGE,False,3,0.4,False,False,LAT3,2,True,False,4,0,True,False,False
박보겸,9431,12,4,15,4,81.0,77.0,59.0,74.0,ROUGH,ROUGH,173.5,True,FAR,59.0,74.0,61.0,7.0,ROUGH,False,3,1.2,False,False,LAT3,4,False,True,4,0,True,False,False
박보겸,9431,12,4,17,4,75.0,110.0,45.0,77.0,ROUGH,ROUGH,127.1,True,NEAR,45.0,77.0,61.0,29.0,ROUGH,False,3,1.0,False,False,LAT3,2,True,False,4,0,True,False,False
구래현,9436,,1,7,5,45.0,130.0,39.0,103.0,ROUGH,ROUGH,272.8,True,NEAR,39.0,103.0,63.0,36.0,FAIRWAY,True,3,5.7,False,False,LAT3,2,True,False,5,0,True,False,False
구래현,9436,,1,9,4,84.0,97.0,37.0,69.0,ROUGH,ROUGH,156.1,True,FAR,37.0,69.0,91.0,13.0,ROUGH,False,3,1.0,False,False,LAT3,4,False,True,4,0,True,False,False
구래현,9436,,1,13,4,84.0,92.0,89.0,77.0,ROUGH,ROUGH,137.4,True,FAR,89.0,77.0,60.0,29.0,GREEN,True,2,16.1,False,False,LAT1,4,False,True,4,0,True,False,False
구래현,9436,,2,4,5,36.0,93.0,81.0,112.0,ROUGH,ROUGH,303.1,True,MID,81.0,112.0,77.0,56.0,ROUGH,False,4,11.1,False,False,LAT1,3,True,False,6,1,False,True,False
구래현,9436,,2,8,4,44.0,121.0,31.0,77.0,ROUGH,ROUGH,140.9,True,MID,31.0,77.0,42.0,67.0,FAIRWAY,False,5,9.3,False,True,LAT3,5,False,True,7,3,False,True,True
구래현,9436,,2,9,4,45.0,96.0,62.0,79.0,ROUGH,ROUGH,141.5,True,FAR,62.0,79.0,61.0,56.0,ROUGH,False,4,2.0,False,False,LAT1,4,False,True,5,1,False,True,False
구래현,9436,,2,10,5,57.0,65.0,63.0,112.0,ROUGH,ROUGH,320.6,True,MID,63.0,112.0,58.0,64.0,FAIRWAY,True,3,8.8,False,False,LAT1,3,True,False,5,0,True,False,False
구래현,9436,,2,14,4,39.0,83.0,93.0,76.0,ROUGH,ROUGH,161.4,True,FAR,93.0,76.0,62.0,25.0,GREEN,True,2,36.0,False,False,LAT1,4,False,True,4,0,True,False,False
구래현,9436,,2,17,4,87.0,87.0,59.0,88.0,ROUGH,ROUGH,155.2,True,FAR,59.0,88.0,66.0,27.0,GREENSIDE_BUNKER,False,3,7.8,False,False,LAT1,4,False,True,5,1,False,True,False
구래현,9436,,2,18,5,39.0,110.0,58.0,103.0,ROUGH,ROUGH,271.2,True,NEAR,58.0,103.0,54.0,47.0,ROUGH,True,3,12.2,False,False,LAT2,2,True,False,5,0,True,False,False
이지현3,9449,4,1,6,4,84.0,83.0,77.0,89.0,ROUGH,ROUGH,178.3,True,FAR,77.0,89.0,65.0,6.0,ROUGH,False,3,0.5,False,False,LAT1,4,False,True,4,0,True,False,False
이지현3,9449,4,1,7,5,45.0,130.0,49.0,106.0,ROUGH,ROUGH,274.0,True,NEAR,49.0,106.0,54.0,62.0,FAIRWAY,True,3,10.9,False,False,LAT1,2,True,False,5,0,True,False,False
이지현3,9449,4,1,8,4,96.0,89.0,52.0,82.0,ROUGH,ROUGH,154.6,True,FAR,52.0,82.0,70.0,6.0,ROUGH,False,3,0.8,False,False,LAT1,4,False,True,4,0,True,False,False
이지현3,9449,4,1,10,5,88.0,115.0,63.0,115.0,ROUGH,ROUGH,310.4,True,NEAR,63.0,115.0,63.0,63.0,ROUGH,False,4,0.8,False,False,LAT1,2,True,False,5,0,True,False,False
이지현3,9449,4,2,6,4,31.0,111.0,61.0,86.0,ROUGH,ROUGH,156.4,True,NEAR,61.0,86.0,58.0,29.0,ROUGH,False,3,1.0,False,False,LAT3,2,True,False,4,0,True,False,False
이지현3,9449,4,2,8,4,44.0,121.0,36.0,81.0,ROUGH,ROUGH,143.7,True,MID,36.0,81.0,60.0,21.0,GREEN,True,2,8.4,False,False,LAT3,3,True,False,4,0,True,False,False
이지현3,9449,4,2,10,5,57.0,65.0,51.0,115.0,OB,OTHER,,False,,51.0,115.0,66.0,189.0,PENALTY_STROKE,False,5,3.9,True,True,LAT3,8,False,True,7,2,False,True,True
이지현3,9449,4,2,18,5,39.0,110.0,57.0,106.0,ROUGH,ROUGH,279.9,True,MID,57.0,106.0,61.0,50.0,FAIRWAY,False,4,1.3,False,False,LAT3,3,True,False,6,1,False,True,False
이지현3,9449,4,3,10,5,50.0,85.0,65.0,116.0,ROUGH,ROUGH,322.5,True,MID,65.0,116.0,58.0,55.0,FAIRWAY,True,3,7.5,False,False,LAT1,3,True,False,4,-1,True,False,False
이지현3,9449,4,3,12,4,83.0,114.0,89.0,85.0,ROUGH,ROUGH,163.8,True,MID,89.0,85.0,66.0,23.0,GREEN,True,2,3.3,False,False,LAT1,3,True,False,3,-1,True,False,False
이지현3,9449,4,3,15,4,56.0,79.0,61.0,82.0,ROUGH,ROUGH,190.1,True,FAR,61.0,82.0,59.0,12.0,ROUGH,False,3,6.5,False,False,LAT3,4,False,True,4,0,True,False,False
이지현3,9449,4,4,1,4,45.0,80.0,54.0,91.0,ROUGH,ROUGH,179.3,True,FAR,54.0,91.0,84.0,12.0,GREEN,True,2,14.9,False,False,LAT1,4,False,True,4,0,True,False,False
이지현3,9449,4,4,7,5,84.0,80.0,40.0,106.0,ROUGH,ROUGH,308.6,True,FAR,40.0,106.0,62.0,45.0,FAIRWAY,True,3,10.0,False,False,LAT3,4,False,True,5,0,True,False,False
이지현3,9449,4,4,9,4,42.0,113.0,43.0,60.0,ROUGH,ROUGH,116.9,True,NEAR,43.0,60.0,78.0,25.0,GREEN,True,2,10.2,False,False,LAT3,2,True,False,4,0,True,False,False
이지현3,9449,4,4,13,4,59.0,79.0,57.0,66.0,ROUGH,ROUGH,104.0,True,NEAR,57.0,66.0,65.0,21.0,ROUGH,False,3,1.7,False,False,LAT3,2,True,False,5,1,False,True,False
이지현3,9449,4,4,14,4,83.0,117.0,93.0,70.0,ROUGH,ROUGH,130.2,True,NEAR,93.0,70.0,56.0,22.0,GREEN,True,2,1.3,False,False,LAT1,2,True,False,4,0,True,False,False
안지현,9465,27,1,1,4,51.0,61.0,60.0,80.0,BUNKER,BUNKER,160.7,True,NEAR,60.0,80.0,82.0,13.0,GREEN,True,2,10.6,True,False,LAT1,3,False,False,4,0,True,False,False
안지현,9465,27,1,6,4,84.0,83.0,78.0,85.0,ROUGH,ROUGH,168.7,True,MID,78.0,85.0,69.0,25.0,GREENSIDE_BUNKER,False,3,2.0,False,False,LAT1,3,True,False,4,0,True,False,False
안지현,9465,27,1,7,5,45.0,130.0,51.0,103.0,BUNKER,BUNKER,264.1,True,NEAR,51.0,103.0,55.0,40.0,ROUGH,True,3,7.7,True,False,LAT1,3,False,False,5,0,True,False,False
안지현,9465,27,1,8,4,96.0,89.0,38.0,84.0,ROUGH,ROUGH,169.2,True,FAR,38.0,84.0,65.0,8.0,GREEN,True,2,22.9,False,False,LAT2,4,False,True,5,1,False,True,False
안지현,9465,27,1,9,4,84.0,97.0,53.0,68.0,ROUGH,ROUGH,132.8,True,MID,53.0,68.0,85.0,16.0,GREEN,True,2,5.3,False,False,LAT1,3,True,False,4,0,True,False,False
안지현,9465,27,1,10,5,88.0,115.0,65.0,119.0,ROUGH,ROUGH,319.3,True,MID,65.0,119.0,60.0,61.0,FAIRWAY,True,3,21.1,False,False,LAT1,3,True,False,6,1,False,True,False
안지현,9465,27,1,12,4,93.0,115.0,88.0,83.0,ROUGH,ROUGH,156.3,True,MID,88.0,83.0,63.0,30.0,ROUGH,False,3,0.8,False,False,LAT1,3,True,False,4,0,True,False,False
안지현,9465,27,1,14,4,70.0,117.0,79.0,76.0,ROUGH,ROUGH,127.6,True,NEAR,79.0,76.0,56.0,22.0,GREEN,True,2,6.0,False,False,LAT3,2,True,False,5,1,False,True,False
안지현,9465,27,1,17,4,48.0,120.0,60.0,87.0,ROUGH,ROUGH,139.5,True,MID,60.0,87.0,58.0,25.0,GREEN,True,2,5.0,False,False,LAT1,3,True,False,4,0,True,False,False
안지현,9465,27,1,18,5,92.0,79.0,54.0,125.0,ROUGH,ROUGH,351.9,True,FAR,54.0,125.0,60.0,79.0,FAIRWAY,False,4,1.6,False,False,LAT3,4,False,True,5,0,True,False,False
안지현,9465,27,2,1,4,47.0,106.0,60.0,86.0,BUNKER,BUNKER,155.3,True,NEAR,60.0,86.0,63.0,46.0,FAIRWAY,False,3,1.9,True,False,LAT1,3,False,False,5,1,False,True,False
안지현,9465,27,2,4,5,36.0,93.0,69.0,114.0,ROUGH,ROUGH,303.6,True,FAR,69.0,114.0,74.0,56.0,FAIRWAY,True,3,10.6,False,False,LAT3,4,False,True,5,0,True,False,False
안지현,9465,27,2,7,5,89.0,103.0,38.0,104.0,ROUGH,ROUGH,294.4,True,MID,38.0,104.0,63.0,39.0,FAIRWAY,True,3,15.9,False,False,LAT3,3,True,False,5,0,True,False,False
안지현,9465,27,2,9,4,45.0,96.0,54.0,64.0,ROUGH,ROUGH,116.4,True,NEAR,54.0,64.0,82.0,19.0,GREEN,True,2,7.1,False,False,LAT1,2,True,False,4,0,True,False,False
안지현,9465,27,2,17,4,87.0,87.0,45.0,87.0,ROUGH,ROUGH,158.2,True,FAR,45.0,87.0,55.0,34.0,GREENSIDE_BUNKER,False,3,6.6,False,False,LAT3,4,False,True,5,1,False,True,False
안지현,9465,27,3,9,4,56.0,142.0,55.0,62.0,ROUGH,ROUGH,98.1,True,NEAR,55.0,62.0,81.0,23.0,GREEN,True,2,8.2,False,False,LAT1,2,True,False,4,0,True,False,False
안지현,9465,27,3,10,5,50.0,85.0,63.0,115.0,ROUGH,ROUGH,318.9,True,MID,63.0,115.0,61.0,53.0,FAIRWAY,True,3,1.6,False,False,LAT1,3,True,False,4,-1,True,False,False
안지현,9465,27,3,15,4,56.0,79.0,60.0,93.0,ROUGH,ROUGH,218.0,True,FAR,60.0,93.0,67.0,69.0,FAIRWAY,False,4,1.9,False,False,LAT3,4,False,True,5,1,False,True,False
안지현,9465,27,3,18,5,74.0,113.0,54.0,107.0,ROUGH,ROUGH,283.2,True,MID,54.0,107.0,60.0,71.0,FAIRWAY,False,4,1.2,False,False,LAT3,3,True,False,5,0,True,False,False
안지현,9465,27,4,1,4,45.0,80.0,55.0,87.0,ROUGH,ROUGH,170.8,True,MID,55.0,87.0,72.0,24.0,GREENSIDE_BUNKER,False,3,7.6,False,False,LAT1,3,True,False,5,1,False,True,False
안지현,9465,27,4,7,5,84.0,80.0,39.0,104.0,ROUGH,ROUGH,302.6,True,FAR,39.0,104.0,62.0,44.0,FAIRWAY,True,3,1.4,False,False,LAT3,4,False,True,4,-1,True,False,False
안지현,9465,27,4,9,4,42.0,113.0,48.0,53.0,ROUGH,ROUGH,97.6,True,NEAR,48.0,53.0,82.0,18.0,GREEN,True,2,11.5,False,False,LAT3,2,True,False,5,1,False,True,False
안지현,9465,27,4,12,4,68.0,122.0,75.0,81.0,ROUGH,ROUGH,142.5,True,NEAR,75.0,81.0,69.0,40.0,ROUGH,False,3,1.2,False,False,LAT3,2,True,False,4,0,True,False,False
안지현,9465,27,4,15,4,81.0,77.0,73.0,73.0,ROUGH,ROUGH,168.2,True,FAR,73.0,73.0,61.0,5.0,ROUGH,False,3,7.4,False,False,LAT1,4,False,True,5,1,False,True,False
안지현,9465,27,4,17,4,75.0,110.0,48.0,78.0,ROUGH,ROUGH,127.3,True,NEAR,48.0,78.0,58.0,30.0,ROUGH,False,3,1.1,False,False,LAT3,2,True,False,4,0,True,False,False
한지원,9483,40,1,8,4,96.0,89.0,37.0,85.0,ROUGH,ROUGH,172.7,True,FAR,37.0,85.0,60.0,26.0,ROUGH,False,4,0.8,False,False,LAT3,4,False,True,5,1,False,True,False
한지원,9483,40,1,9,4,84.0,97.0,39.0,67.0,ROUGH,ROUGH,151.4,True,FAR,39.0,67.0,82.0,16.0,GREEN,True,2,9.0,False,False,LAT3,4,False,True,4,0,True,False,False
한지원,9483,40,1,12,4,93.0,115.0,85.0,76.0,ROUGH,ROUGH,138.3,True,NEAR,85.0,76.0,64.0,20.0,GREEN,True,2,9.8,False,False,LAT1,2,True,False,4,0,True,False,False
한지원,9483,40,1,14,4,70.0,117.0,90.0,71.0,ROUGH,ROUGH,132.1,True,NEAR,90.0,71.0,57.0,20.0,GREEN,True,2,8.7,False,False,LAT1,2,True,False,4,0,True,False,False
한지원,9483,40,1,15,4,58.0,114.0,72.0,78.0,ROUGH,ROUGH,166.4,True,MID,72.0,78.0,68.0,32.0,GREENSIDE_BUNKER,False,4,6.4,False,False,LAT1,3,True,False,5,1,False,True,False
한지원,9483,40,2,4,5,36.0,93.0,70.0,111.0,ROUGH,ROUGH,294.7,True,MID,70.0,111.0,77.0,67.0,FAIRWAY,True,3,20.3,False,False,LAT3,3,True,False,5,0,True,False,False
한지원,9483,40,2,6,4,31.0,111.0,75.0,88.0,ROUGH,ROUGH,165.4,True,MID,75.0,88.0,56.0,15.0,ROUGH,False,3,2.9,False,False,LAT1,3,True,False,4,0,True,False,False
한지원,9483,40,2,9,4,45.0,96.0,41.0,66.0,ROUGH,ROUGH,136.2,True,FAR,41.0,66.0,76.0,14.0,FRINGE,False,3,2.0,False,False,LAT3,4,False,True,4,0,True,False,False
한지원,9483,40,2,15,4,31.0,130.0,58.0,63.0,ROUGH,ROUGH,121.1,True,NEAR,58.0,63.0,64.0,14.0,GREEN,True,2,6.8,False,False,LAT3,2,True,False,4,0,True,False,False
한지원,9483,40,3,4,5,94.0,95.0,80.0,114.0,ROUGH,ROUGH,303.5,True,MID,80.0,114.0,72.0,53.0,FAIRWAY,True,3,15.4,False,False,LAT1,3,True,False,6,1,False,True,False
한지원,9483,40,3,7,5,63.0,79.0,49.0,106.0,ROUGH,ROUGH,299.3,True,FAR,49.0,106.0,58.0,61.0,FAIRWAY,True,3,25.6,False,False,LAT1,4,False,True,5,0,True,False,False
한지원,9483,40,3,12,4,83.0,114.0,75.0,85.0,ROUGH,ROUGH,156.3,True,MID,75.0,85.0,74.0,56.0,FAIRWAY,False,3,1.6,False,False,LAT3,3,True,False,4,0,True,False,False
한지원,9483,40,3,15,4,56.0,79.0,61.0,78.0,ROUGH,ROUGH,178.9,True,FAR,61.0,78.0,67.0,2.0,ROUGH,False,3,5.7,False,False,LAT3,4,False,True,4,0,True,False,False
한지원,9483,40,3,17,4,44.0,104.0,47.0,85.0,ROUGH,ROUGH,143.0,True,MID,47.0,85.0,57.0,12.0,GREEN,True,2,16.6,False,False,LAT3,3,True,False,4,0,True,False,False
한지원,9483,40,4,1,4,45.0,80.0,41.0,88.0,ROUGH,ROUGH,184.9,True,FAR,41.0,88.0,74.0,22.0,ROUGH,False,3,1.7,False,False,LAT3,4,False,True,4,0,True,False,False
한지원,9483,40,4,8,4,38.0,108.0,35.0,76.0,ROUGH,ROUGH,139.6,True,MID,35.0,76.0,69.0,5.0,ROUGH,False,3,6.7,False,False,LAT3,3,True,False,5,1,False,True,False
한지원,9483,40,4,9,4,42.0,113.0,41.0,64.0,ROUGH,ROUGH,126.1,True,MID,41.0,64.0,82.0,18.0,GREEN,True,2,11.6,False,False,LAT3,3,True,False,3,-1,True,False,False
한지원,9483,40,4,10,5,80.0,97.0,63.0,114.0,ROUGH,ROUGH,312.3,True,MID,63.0,114.0,55.0,54.0,ROUGH,True,3,15.9,False,False,LAT1,3,True,False,5,0,True,False,False
한지원,9483,40,4,15,4,81.0,77.0,57.0,66.0,ROUGH,ROUGH,152.6,True,MID,57.0,66.0,67.0,2.0,ROUGH,False,,,False,False,LAT3,3,True,False,3,-1,True,False,False
한지원,9483,40,4,18,5,48.0,83.0,55.0,104.0,ROUGH,ROUGH,285.7,True,MID,55.0,104.0,59.0,82.0,FAIRWAY,False,4,0.5,False,False,LAT3,3,True,False,5,0,True,False,False
김재희,9487,,1,1,4,51.0,61.0,54.0,82.0,ROUGH,ROUGH,168.6,True,MID,54.0,82.0,77.0,15.0,GREEN,True,2,12.4,False,False,LAT2,3,True,False,4,0,True,False,False
김재희,9487,,1,6,4,84.0,83.0,69.0,136.0,ROUGH,ROUGH,284.9,True,FAR,69.0,136.0,51.0,100.0,LOST_BALL,False,5,3.5,False,True,LAT2,6,False,True,7,3,False,True,True
김재희,9487,,1,13,4,84.0,92.0,68.0,68.0,BUNKER,BUNKER,102.8,True,NEAR,68.0,68.0,55.0,27.0,GREEN,True,2,15.3,True,False,LAT3,3,False,False,4,0,True,False,False
김재희,9487,,1,14,4,70.0,117.0,101.0,78.0,ROUGH,ROUGH,156.2,True,FAR,101.0,78.0,72.0,41.0,FAIRWAY,False,3,3.8,False,False,LAT1,4,False,True,4,0,True,False,False
김재희,9487,,2,1,4,47.0,106.0,43.0,89.0,ROUGH,ROUGH,173.4,True,FAR,43.0,89.0,79.0,18.0,GREEN,True,2,2.7,False,False,LAT3,4,False,True,4,0,True,False,False
김재희,9487,,2,4,5,36.0,93.0,63.0,113.0,LOST_BALL,OTHER,,False,,63.0,113.0,63.0,187.0,PENALTY_STROKE,False,5,4.4,True,True,LAT3,8,False,True,7,2,False,True,True
김재희,9487,,2,8,4,44.0,121.0,58.0,87.0,ROUGH,ROUGH,145.2,True,MID,58.0,87.0,54.0,82.0,ROUGH,False,4,3.9,False,False,LAT1,3,True,False,5,1,False,True,False
이세희,9652,49,1,1,4,51.0,61.0,57.0,83.0,ROUGH,ROUGH,169.4,True,MID,57.0,83.0,76.0,7.0,ROUGH,False,3,0.5,False,False,LAT1,3,True,False,4,0,True,False,False
이세희,9652,49,1,4,5,94.0,111.0,84.0,112.0,ROUGH,ROUGH,292.2,True,NEAR,84.0,112.0,70.0,94.0,ROUGH,False,4,4.1,False,False,LAT1,2,True,False,6,1,False,True,False
이세희,9652,49,1,6,4,84.0,83.0,79.0,101.0,ROUGH,ROUGH,206.6,True,FAR,79.0,101.0,69.0,28.0,ROUGH,False,3,5.3,False,False,LAT1,4,False,True,5,1,False,True,False
이세희,9652,49,1,9,4,84.0,97.0,55.0,64.0,ROUGH,ROUGH,124.1,True,MID,55.0,64.0,85.0,15.0,GREEN,True,2,6.4,False,False,LAT1,3,True,False,4,0,True,False,False
이세희,9652,49,1,12,4,93.0,115.0,76.0,95.0,BUNKER,BUNKER,179.0,True,FAR,76.0,95.0,72.0,60.0,FAIRWAY,False,3,3.3,True,False,LAT3,5,False,True,5,1,False,True,False
이세희,9652,49,1,15,4,58.0,114.0,72.0,79.0,ROUGH,ROUGH,169.5,True,FAR,72.0,79.0,59.0,24.0,ROUGH,False,3,7.6,False,False,LAT1,4,False,True,5,1,False,True,False
이세희,9652,49,1,18,5,92.0,79.0,55.0,99.0,ROUGH,ROUGH,276.7,True,MID,55.0,99.0,52.0,58.0,ROUGH,False,4,7.7,False,False,LAT3,3,True,False,5,0,True,False,False
이세희,9652,49,2,4,5,36.0,93.0,71.0,109.0,ROUGH,ROUGH,289.0,True,NEAR,71.0,109.0,70.0,43.0,FAIRWAY,True,3,11.2,False,False,LAT3,2,True,False,5,0,True,False,False
이세희,9652,49,2,12,4,63.0,80.0,84.0,76.0,ROUGH,ROUGH,156.5,True,MID,84.0,76.0,66.0,28.0,ROUGH,False,3,1.5,False,False,LAT1,3,True,False,4,0,True,False,False
이세희,9652,49,2,15,4,31.0,130.0,72.0,81.0,ROUGH,ROUGH,167.1,True,MID,72.0,81.0,57.0,21.0,ROUGH,False,3,4.8,False,False,LAT1,3,True,False,5,1,False,True,False
이세희,9652,49,2,18,5,39.0,110.0,66.0,107.0,ROUGH,ROUGH,281.5,True,MID,66.0,107.0,58.0,41.0,FAIRWAY,True,3,4.6,False,False,LAT1,3,True,False,4,-1,True,False,False
이세희,9652,49,3,1,4,89.0,99.0,38.0,81.0,ROUGH,ROUGH,176.7,True,FAR,38.0,81.0,45.0,77.0,ROUGH,False,4,4.2,False,False,LAT3,4,False,True,6,2,False,True,True
이세희,9652,49,3,6,4,65.0,69.0,74.0,84.0,ROUGH,ROUGH,173.0,True,FAR,74.0,84.0,66.0,6.0,ROUGH,False,3,1.7,False,False,LAT1,4,False,True,4,0,True,False,False
이세희,9652,49,3,7,5,63.0,79.0,33.0,109.0,ROUGH,ROUGH,321.9,True,FAR,33.0,109.0,54.0,78.0,FAIRWAY,False,4,5.1,False,False,LAT3,4,False,True,7,2,False,True,True
이세희,9652,49,3,10,5,50.0,85.0,65.0,117.0,ROUGH,ROUGH,323.4,True,FAR,65.0,117.0,61.0,60.0,FAIRWAY,True,3,4.9,False,False,LAT1,4,False,True,5,0,True,False,False
이세희,9652,49,3,13,4,39.0,84.0,70.0,67.0,BUNKER,BUNKER,112.5,True,MID,70.0,67.0,59.0,24.0,GREEN,True,2,21.5,True,False,LAT3,4,False,False,4,0,True,False,False
이세희,9652,49,4,6,4,73.0,113.0,77.0,81.0,ROUGH,ROUGH,145.7,True,NEAR,77.0,81.0,70.0,23.0,ROUGH,False,3,1.1,False,False,LAT1,2,True,False,5,1,False,True,False
이세희,9652,49,4,9,4,42.0,113.0,47.0,54.0,ROUGH,ROUGH,100.9,True,NEAR,47.0,54.0,75.0,22.0,FRINGE,False,3,2.1,False,False,LAT3,2,True,False,4,0,True,False,False
이세희,9652,49,4,10,5,80.0,97.0,66.0,112.0,ROUGH,ROUGH,305.8,True,NEAR,66.0,112.0,63.0,59.0,ROUGH,False,4,1.2,False,False,LAT1,2,True,False,5,0,True,False,False
이세희,9652,49,4,12,4,68.0,122.0,73.0,75.0,ROUGH,ROUGH,127.8,True,NEAR,73.0,75.0,68.0,26.0,FRINGE,False,3,1.4,False,False,LAT3,2,True,False,4,0,True,False,False
이세희,9652,49,4,15,4,81.0,77.0,59.0,65.0,ROUGH,ROUGH,149.3,True,NEAR,59.0,65.0,67.0,3.0,FRINGE,False,3,1.1,False,False,LAT3,2,True,False,4,0,True,False,False
이세희,9652,49,4,17,4,75.0,110.0,47.0,76.0,ROUGH,ROUGH,124.9,True,NEAR,47.0,76.0,61.0,19.0,GREEN,True,2,4.3,False,False,LAT3,2,True,False,4,0,True,False,False
김리안,9702,,1,1,4,51.0,61.0,54.0,89.0,ROUGH,ROUGH,183.8,True,FAR,54.0,89.0,73.0,29.0,ROUGH,False,3,6.5,False,False,LAT1,4,False,True,5,1,False,True,False
김리안,9702,,1,8,4,96.0,89.0,51.0,81.0,ROUGH,ROUGH,153.0,True,FAR,51.0,81.0,48.0,64.0,FAIRWAY,False,3,4.9,False,False,LAT1,4,False,True,5,1,False,True,False
김리안,9702,,1,17,4,48.0,120.0,61.0,91.0,ROUGH,ROUGH,148.6,True,FAR,61.0,91.0,57.0,68.0,FAIRWAY,False,,,False,False,LAT1,4,False,True,4,0,True,False,False
김리안,9702,,1,18,5,92.0,79.0,57.0,111.0,ROUGH,ROUGH,308.5,True,FAR,57.0,111.0,60.0,68.0,FAIRWAY,False,4,6.0,False,False,LAT3,4,False,True,6,1,False,True,False
김리안,9702,,2,12,4,63.0,80.0,80.0,90.0,ROUGH,ROUGH,186.4,True,FAR,80.0,90.0,62.0,11.0,ROUGH,False,3,16.4,False,False,LAT3,4,False,True,5,1,False,True,False
김리안,9702,,2,14,4,39.0,83.0,69.0,98.0,PENALTY_AREA,PENALTY_AREA,,False,,69.0,98.0,72.0,97.0,PENALTY_STROKE,False,4,1.0,True,True,LAT3,7,False,True,5,1,False,True,False
김리안,9702,,2,17,4,87.0,87.0,46.0,87.0,ROUGH,ROUGH,158.8,True,FAR,46.0,87.0,62.0,30.0,ROUGH,False,3,2.3,False,False,LAT3,4,False,True,5,1,False,True,False
김리안,9702,,2,18,5,39.0,110.0,65.0,108.0,ROUGH,ROUGH,283.6,True,MID,65.0,108.0,54.0,45.0,ROUGH,True,3,7.6,False,False,LAT1,3,True,False,5,0,True,False,False
홍지원,9705,40,1,6,4,84.0,83.0,77.0,95.0,ROUGH,ROUGH,190.7,True,FAR,77.0,95.0,64.0,52.0,FAIRWAY,False,3,4.7,False,False,LAT1,4,False,True,4,0,True,False,False
홍지원,9705,40,1,7,5,45.0,130.0,40.0,107.0,ROUGH,ROUGH,283.6,True,MID,40.0,107.0,61.0,41.0,FAIRWAY,True,3,5.6,False,False,LAT3,3,True,False,5,0,True,False,False
홍지원,9705,40,1,10,5,88.0,115.0,54.0,119.0,ROUGH,ROUGH,326.9,True,FAR,54.0,119.0,58.0,59.0,FAIRWAY,False,4,1.2,False,False,LAT3,4,False,True,5,0,True,False,False
홍지원,9705,40,1,15,4,58.0,114.0,70.0,71.0,ROUGH,ROUGH,147.6,True,NEAR,70.0,71.0,63.0,21.0,ROUGH,False,3,3.0,False,False,LAT1,2,True,False,5,1,False,True,False
홍지원,9705,40,2,1,4,47.0,106.0,46.0,101.0,ROUGH,ROUGH,195.2,True,FAR,46.0,101.0,84.0,28.0,ROUGH,False,3,3.6,False,False,LAT2,4,False,True,5,1,False,True,False
홍지원,9705,40,2,6,4,31.0,111.0,61.0,87.0,ROUGH,ROUGH,159.5,True,MID,61.0,87.0,56.0,15.0,ROUGH,False,4,0.6,False,False,LAT3,3,True,False,5,1,False,True,False
홍지원,9705,40,2,9,4,45.0,96.0,40.0,68.0,ROUGH,ROUGH,141.3,True,FAR,40.0,68.0,87.0,12.0,GREEN,True,2,22.1,False,False,LAT3,4,False,True,5,1,False,True,False
홍지원,9705,40,2,10,5,57.0,65.0,62.0,116.0,ROUGH,ROUGH,333.3,True,FAR,62.0,116.0,58.0,53.0,FAIRWAY,True,3,6.5,False,False,LAT1,4,False,True,5,0,True,False,False
홍지원,9705,40,2,12,4,63.0,80.0,90.0,89.0,ROUGH,ROUGH,191.2,True,FAR,90.0,89.0,61.0,14.0,GREEN,True,2,3.6,False,False,LAT1,4,False,True,4,0,True,False,False
홍지원,9705,40,3,9,4,56.0,142.0,53.0,68.0,ROUGH,ROUGH,111.6,True,NEAR,53.0,68.0,77.0,20.0,GREEN,True,2,15.6,False,False,LAT1,2,True,False,5,1,False,True,False
홍지원,9705,40,3,17,4,44.0,104.0,44.0,83.0,ROUGH,ROUGH,141.0,True,MID,44.0,83.0,60.0,20.0,GREEN,True,2,8.2,False,False,LAT3,3,True,False,4,0,True,False,False
홍지원,9705,40,3,18,5,74.0,113.0,56.0,110.0,ROUGH,ROUGH,292.0,True,FAR,56.0,110.0,55.0,52.0,ROUGH,False,4,9.3,False,False,LAT3,4,False,True,6,1,False,True,False
홍지원,9705,40,4,4,5,40.0,105.0,79.0,118.0,ROUGH,ROUGH,314.6,True,FAR,79.0,118.0,72.0,61.0,FAIRWAY,True,3,11.5,False,False,LAT1,4,False,True,6,1,False,True,False
홍지원,9705,40,4,8,4,38.0,108.0,50.0,80.0,ROUGH,ROUGH,136.1,True,NEAR,50.0,80.0,60.0,15.0,GREEN,True,2,5.6,False,False,LAT1,2,True,False,4,0,True,False,False
홍지원,9705,40,4,9,4,42.0,113.0,36.0,69.0,ROUGH,ROUGH,141.4,True,FAR,36.0,69.0,77.0,13.0,FRINGE,False,3,4.7,False,False,LAT3,4,False,True,5,1,False,True,False
홍지원,9705,40,4,18,5,48.0,83.0,66.0,109.0,ROUGH,ROUGH,297.1,True,FAR,66.0,109.0,56.0,69.0,ROUGH,False,4,3.2,False,False,LAT1,4,False,True,5,0,True,False,False
이재윤,9708,27,1,1,4,51.0,61.0,59.0,78.0,ROUGH,ROUGH,157.9,True,NEAR,59.0,78.0,78.0,12.0,GREEN,True,2,5.3,False,False,LAT1,2,True,False,4,0,True,False,False
이재윤,9708,27,1,3,4,36.0,100.0,62.0,84.0,ROUGH,ROUGH,187.3,True,MID,62.0,84.0,60.0,20.0,GREEN,True,2,16.2,False,False,LAT1,3,True,False,4,0,True,False,False
이재윤,9708,27,1,9,4,84.0,97.0,47.0,57.0,ROUGH,ROUGH,123.7,True,MID,47.0,57.0,90.0,20.0,ROUGH,False,3,10.3,False,False,LAT3,3,True,False,5,1,False,True,False
이재윤,9708,27,1,15,4,58.0,114.0,59.0,72.0,ROUGH,ROUGH,150.2,True,MID,59.0,72.0,60.0,13.0,FRINGE,False,3,3.4,False,False,LAT3,3,True,False,5,1,False,True,False
이재윤,9708,27,1,17,4,48.0,120.0,64.0,83.0,ROUGH,ROUGH,132.4,True,MID,64.0,83.0,57.0,34.0,ROUGH,False,3,2.1,False,False,LAT1,3,True,False,4,0,True,False,False
이재윤,9708,27,1,18,5,92.0,79.0,56.0,101.0,ROUGH,ROUGH,280.6,True,MID,56.0,101.0,58.0,32.0,FAIRWAY,True,3,9.3,False,False,LAT3,3,True,False,5,0,True,False,False
이재윤,9708,27,2,1,4,47.0,106.0,45.0,81.0,ROUGH,ROUGH,156.5,True,NEAR,45.0,81.0,70.0,25.0,GREENSIDE_BUNKER,False,3,5.2,False,False,LAT3,2,True,False,4,0,True,False,False
이재윤,9708,27,2,3,4,69.0,100.0,59.0,80.0,ROUGH,ROUGH,175.3,True,NEAR,59.0,80.0,59.0,13.0,GREEN,True,2,11.7,False,False,LAT1,2,True,False,4,0,True,False,False
이재윤,9708,27,2,6,4,31.0,111.0,76.0,82.0,ROUGH,ROUGH,153.5,True,NEAR,76.0,82.0,55.0,17.0,ROUGH,False,3,1.2,False,False,LAT1,2,True,False,4,0,True,False,False
이재윤,9708,27,2,8,4,44.0,121.0,54.0,72.0,ROUGH,ROUGH,113.3,True,NEAR,54.0,72.0,59.0,18.0,GREEN,True,2,10.0,False,False,LAT1,2,True,False,4,0,True,False,False
이재윤,9708,27,2,9,4,45.0,96.0,59.0,58.0,ROUGH,ROUGH,100.9,True,NEAR,59.0,58.0,75.0,17.0,FRINGE,False,3,1.5,False,False,LAT1,2,True,False,4,0,True,False,False
이재윤,9708,27,2,15,4,31.0,130.0,57.0,78.0,ROUGH,ROUGH,158.3,True,MID,57.0,78.0,58.0,24.0,ROUGH,False,3,7.3,False,False,LAT3,3,True,False,5,1,False,True,False
이재윤,9708,27,3,3,4,48.0,79.0,63.0,81.0,ROUGH,ROUGH,187.1,True,MID,63.0,81.0,69.0,16.0,ROUGH,False,3,3.0,False,False,LAT1,3,True,False,4,0,True,False,False
이재윤,9708,27,3,9,4,56.0,142.0,57.0,62.0,ROUGH,ROUGH,95.7,True,NEAR,57.0,62.0,78.0,23.0,GREEN,True,2,9.2,False,False,LAT1,2,True,False,4,0,True,False,False
이재윤,9708,27,3,10,5,50.0,85.0,65.0,113.0,ROUGH,ROUGH,311.2,True,NEAR,65.0,113.0,60.0,71.0,FAIRWAY,True,3,19.7,False,False,LAT1,2,True,False,6,1,False,True,False
이재윤,9708,27,3,12,4,83.0,114.0,74.0,104.0,ROUGH,ROUGH,201.5,True,FAR,74.0,104.0,77.0,67.0,FAIRWAY,False,3,2.6,False,False,LAT3,4,False,True,4,0,True,False,False
이재윤,9708,27,3,15,4,56.0,79.0,54.0,61.0,ROUGH,ROUGH,139.0,True,NEAR,54.0,61.0,67.0,3.0,FRINGE,False,3,1.4,False,False,LAT3,2,True,False,4,0,True,False,False
이재윤,9708,27,3,17,4,44.0,104.0,47.0,76.0,ROUGH,ROUGH,123.9,True,NEAR,47.0,76.0,61.0,19.0,GREEN,True,2,11.1,False,False,LAT3,2,True,False,4,0,True,False,False
이재윤,9708,27,4,4,5,40.0,105.0,69.0,108.0,ROUGH,ROUGH,281.8,True,NEAR,69.0,108.0,79.0,59.0,ROUGH,True,3,11.8,False,False,LAT3,2,True,False,5,0,True,False,False
이재윤,9708,27,4,7,5,84.0,80.0,42.0,98.0,ROUGH,ROUGH,281.8,True,MID,42.0,98.0,56.0,41.0,ROUGH,True,3,2.8,False,False,LAT3,3,True,False,4,-1,True,False,False
이재윤,9708,27,4,12,4,68.0,122.0,86.0,74.0,ROUGH,ROUGH,136.1,True,NEAR,86.0,74.0,58.0,24.0,ROUGH,False,3,0.4,False,False,LAT1,2,True,False,4,0,True,False,False
이재윤,9708,27,4,14,4,83.0,117.0,81.0,78.0,ROUGH,ROUGH,130.0,True,NEAR,81.0,78.0,60.0,27.0,FRINGE,False,3,1.5,False,False,LAT3,2,True,False,5,1,False,True,False
이재윤,9708,27,4,15,4,81.0,77.0,70.0,70.0,ROUGH,ROUGH,160.8,True,MID,70.0,70.0,68.0,11.0,GREEN,True,2,6.8,False,False,LAT1,3,True,False,4,0,True,False,False
이재윤,9708,27,4,18,5,48.0,83.0,56.0,100.0,ROUGH,ROUGH,274.1,True,NEAR,56.0,100.0,59.0,36.0,FAIRWAY,True,3,3.1,False,False,LAT3,2,True,False,5,0,True,False,False
유지나,9714,,1,8,4,96.0,89.0,48.0,88.0,ROUGH,ROUGH,168.5,True,FAR,48.0,88.0,48.0,69.0,FAIRWAY,False,3,6.2,False,False,LAT1,4,False,True,4,0,True,False,False
유지나,9714,,1,10,5,88.0,115.0,62.0,115.0,ROUGH,ROUGH,309.6,True,NEAR,62.0,115.0,59.0,59.0,FAIRWAY,False,4,1.6,False,False,LAT2,2,True,False,6,1,False,True,False
유지나,9714,,1,15,4,58.0,114.0,58.0,70.0,ROUGH,ROUGH,145.5,True,NEAR,58.0,70.0,67.0,8.0,GREEN,True,2,17.3,False,False,LAT3,2,True,False,4,0,True,False,False
유지나,9714,,2,1,4,47.0,106.0,52.0,87.0,ROUGH,ROUGH,161.7,True,NEAR,52.0,87.0,80.0,23.0,GREEN,True,2,10.3,False,False,LAT2,2,True,False,4,0,True,False,False
유지나,9714,,2,3,4,69.0,100.0,44.0,87.0,ROUGH,ROUGH,200.5,True,FAR,44.0,87.0,48.0,12.0,ROUGH,False,3,1.7,False,False,LAT3,4,False,True,4,0,True,False,False
유지나,9714,,2,8,4,44.0,121.0,36.0,79.0,ROUGH,ROUGH,140.1,True,MID,36.0,79.0,65.0,8.0,GREEN,True,2,23.6,False,False,LAT3,3,True,False,4,0,True,False,False
유지나,9714,,2,9,4,45.0,96.0,52.0,70.0,ROUGH,ROUGH,131.5,True,MID,52.0,70.0,85.0,8.0,ROUGH,False,3,4.2,False,False,LAT1,3,True,False,5,1,False,True,False
유지나,9714,,2,17,4,87.0,87.0,64.0,88.0,ROUGH,ROUGH,154.6,True,FAR,64.0,88.0,57.0,8.0,ROUGH,False,3,3.2,False,False,LAT1,4,False,True,4,0,True,False,False
유지나,9714,,2,18,5,39.0,110.0,58.0,109.0,ROUGH,ROUGH,287.0,True,MID,58.0,109.0,61.0,51.0,FAIRWAY,False,4,4.4,False,False,LAT2,3,True,False,6,1,False,True,False
노원경,9723,,1,4,5,94.0,111.0,68.0,115.0,ROUGH,ROUGH,298.7,True,MID,68.0,115.0,78.0,62.0,FAIRWAY,True,3,5.0,False,False,LAT3,3,True,False,5,0,True,False,False
노원경,9723,,1,6,4,84.0,83.0,85.0,84.0,LOST_BALL,OTHER,,False,,85.0,84.0,65.0,186.0,PENALTY_STROKE,False,4,10.7,True,True,LAT1,8,False,True,6,2,False,True,True
노원경,9723,,1,9,4,84.0,97.0,55.0,68.0,ROUGH,ROUGH,130.5,True,MID,55.0,68.0,86.0,20.0,GREEN,True,2,4.9,False,False,LAT1,3,True,False,4,0,True,False,False
노원경,9723,,1,10,5,88.0,115.0,54.0,113.0,ROUGH,ROUGH,307.1,True,NEAR,54.0,113.0,67.0,62.0,ROUGH,False,4,1.5,False,False,LAT3,2,True,False,5,0,True,False,False
노원경,9723,,1,12,4,93.0,115.0,88.0,66.0,ROUGH,ROUGH,116.9,True,NEAR,88.0,66.0,59.0,23.0,FRINGE,False,3,0.5,False,False,LAT1,2,True,False,4,0,True,False,False
노원경,9723,,1,17,4,48.0,120.0,59.0,87.0,ROUGH,ROUGH,138.6,True,MID,59.0,87.0,62.0,46.0,FAIRWAY,False,3,4.6,False,False,LAT1,3,True,False,5,1,False,True,False
노원경,9723,,1,18,5,92.0,79.0,56.0,105.0,ROUGH,ROUGH,293.9,True,FAR,56.0,105.0,60.0,37.0,FAIRWAY,True,3,13.7,False,False,LAT3,4,False,True,6,1,False,True,False
노원경,9723,,2,7,5,89.0,103.0,39.0,111.0,ROUGH,ROUGH,314.8,True,FAR,39.0,111.0,57.0,51.0,FAIRWAY,True,3,3.2,False,False,LAT3,4,False,True,5,0,True,False,False
노원경,9723,,2,12,4,63.0,80.0,86.0,79.0,ROUGH,ROUGH,165.2,True,MID,86.0,79.0,63.0,12.0,ROUGH,False,3,14.4,False,False,LAT1,3,True,False,5,1,False,True,False
홍정민,9750,,1,1,4,51.0,61.0,40.0,89.0,ROUGH,ROUGH,195.2,True,FAR,40.0,89.0,79.0,34.0,ROUGH,False,3,13.9,False,False,LAT3,4,False,True,6,2,False,True,True
홍정민,9750,,1,6,4,84.0,83.0,61.0,85.0,ROUGH,ROUGH,168.0,True,MID,61.0,85.0,68.0,7.0,ROUGH,False,3,8.3,False,False,LAT3,3,True,False,5,1,False,True,False
홍정민,9750,,1,10,5,88.0,115.0,50.0,113.0,OB,OTHER,,False,,50.0,113.0,66.0,190.0,PENALTY_STROKE,False,6,3.8,True,True,LAT3,8,False,True,8,3,False,True,True
홍정민,9750,,1,12,4,93.0,115.0,77.0,92.0,BUNKER,BUNKER,170.9,True,FAR,77.0,92.0,77.0,54.0,FAIRWAY,False,3,5.0,True,False,LAT3,5,False,True,5,1,False,True,False
홍정민,9750,,1,13,4,84.0,92.0,70.0,72.0,BUNKER,BUNKER,112.6,True,MID,70.0,72.0,68.0,68.0,BUNKER,False,4,0.9,True,False,LAT3,4,False,False,5,1,False,True,False
홍정민,9750,,1,17,4,48.0,120.0,43.0,88.0,ROUGH,ROUGH,144.8,True,FAR,43.0,88.0,67.0,33.0,GREENSIDE_BUNKER,False,3,3.4,False,False,LAT3,4,False,True,4,0,True,False,False
홍정민,9750,,2,7,5,89.0,103.0,49.0,104.0,ROUGH,ROUGH,286.2,True,MID,49.0,104.0,59.0,41.0,FAIRWAY,True,3,6.3,False,False,LAT1,3,True,False,4,-1,True,False,False
홍정민,9750,,2,9,4,45.0,96.0,50.0,78.0,ROUGH,ROUGH,149.0,True,FAR,50.0,78.0,76.0,21.0,GREEN,True,2,8.4,False,False,LAT1,4,False,True,4,0,True,False,False
홍정민,9750,,2,10,5,57.0,65.0,54.0,116.0,ROUGH,ROUGH,336.7,True,FAR,54.0,116.0,65.0,61.0,ROUGH,True,3,5.5,False,False,LAT3,4,False,True,5,0,True,False,False
홍정민,9750,,2,12,4,63.0,80.0,78.0,92.0,BUNKER,BUNKER,191.2,True,FAR,78.0,92.0,77.0,51.0,FAIRWAY,False,3,2.7,True,False,LAT3,5,False,True,5,1,False,True,False
홍정민,9750,,2,14,4,39.0,83.0,95.0,83.0,ROUGH,ROUGH,177.2,True,FAR,95.0,83.0,62.0,29.0,ROUGH,False,3,1.7,False,False,LAT1,4,False,True,4,0,True,False,False
홍정민,9750,,2,15,4,31.0,130.0,75.0,81.0,ROUGH,ROUGH,169.4,True,FAR,75.0,81.0,64.0,5.0,FRINGE,False,3,4.1,False,False,LAT1,4,False,True,6,2,False,True,True
홍정민,9750,,2,17,4,87.0,87.0,46.0,84.0,ROUGH,ROUGH,153.1,True,FAR,46.0,84.0,62.0,11.0,GREEN,True,2,13.6,False,False,LAT3,4,False,True,4,0,True,False,False
홍정민,9750,,2,18,5,39.0,110.0,58.0,109.0,ROUGH,ROUGH,289.2,True,FAR,58.0,109.0,64.0,59.0,ROUGH,False,6,1.1,False,True,LAT2,6,False,True,7,2,False,True,True
이율린,9759,46,1,6,4,84.0,83.0,75.0,81.0,ROUGH,ROUGH,157.5,True,MID,75.0,81.0,61.0,9.0,ROUGH,False,3,0.9,False,False,LAT1,3,True,False,4,0,True,False,False
이율린,9759,46,1,8,4,96.0,89.0,53.0,72.0,ROUGH,ROUGH,133.9,True,NEAR,53.0,72.0,73.0,8.0,ROUGH,False,3,2.2,False,False,LAT1,2,True,False,4,0,True,False,False
이율린,9759,46,1,9,4,84.0,97.0,44.0,63.0,ROUGH,ROUGH,136.0,True,FAR,44.0,63.0,84.0,21.0,GREEN,True,2,8.9,False,False,LAT3,4,False,True,4,0,True,False,False
이율린,9759,46,1,12,4,93.0,115.0,88.0,73.0,ROUGH,ROUGH,134.3,True,NEAR,88.0,73.0,59.0,11.0,GREEN,True,2,33.6,False,False,LAT1,2,True,False,4,0,True,False,False
이율린,9759,46,1,17,4,48.0,120.0,48.0,79.0,ROUGH,ROUGH,123.0,True,NEAR,48.0,79.0,61.0,22.0,GREEN,True,2,9.4,False,False,LAT3,2,True,False,4,0,True,False,False
이율린,9759,46,1,18,5,92.0,79.0,58.0,97.0,ROUGH,ROUGH,267.7,True,NEAR,58.0,97.0,63.0,31.0,ROUGH,True,3,3.8,False,False,LAT3,2,True,False,5,0,True,False,False
이율린,9759,46,2,6,4,31.0,111.0,73.0,80.0,ROUGH,ROUGH,147.5,True,NEAR,73.0,80.0,57.0,17.0,FRINGE,False,3,1.2,False,False,LAT1,2,True,False,4,0,True,False,False
이율린,9759,46,2,7,5,89.0,103.0,50.0,103.0,BUNKER,BUNKER,281.5,True,MID,50.0,103.0,52.0,74.0,FAIRWAY,True,3,24.7,True,False,LAT1,4,False,False,5,0,True,False,False
이율린,9759,46,2,8,4,44.0,121.0,55.0,77.0,ROUGH,ROUGH,123.9,True,NEAR,55.0,77.0,62.0,22.0,FRINGE,False,3,1.8,False,False,LAT1,2,True,False,5,1,False,True,False
이율린,9759,46,2,10,5,57.0,65.0,65.0,115.0,ROUGH,ROUGH,327.5,True,FAR,65.0,115.0,62.0,58.0,FAIRWAY,True,3,7.1,False,False,LAT1,4,False,True,5,0,True,False,False
이율린,9759,46,3,1,4,89.0,99.0,41.0,94.0,ROUGH,ROUGH,197.7,True,FAR,41.0,94.0,89.0,14.0,ROUGH,False,3,1.5,False,False,LAT3,4,False,True,4,0,True,False,False
이율린,9759,46,3,7,5,63.0,79.0,36.0,104.0,ROUGH,ROUGH,303.6,True,FAR,36.0,104.0,58.0,75.0,ROUGH,False,4,1.9,False,False,LAT3,4,False,True,5,0,True,False,False
이율린,9759,46,3,8,4,90.0,116.0,35.0,70.0,ROUGH,ROUGH,136.7,True,MID,35.0,70.0,80.0,20.0,PENALTY_AREA,False,4,1.4,False,True,LAT3,5,False,True,6,2,False,True,True
이율린,9759,46,3,10,5,50.0,85.0,63.0,113.0,ROUGH,ROUGH,313.2,True,MID,63.0,113.0,58.0,76.0,FAIRWAY,True,3,6.8,False,False,LAT1,3,True,False,5,0,True,False,False
이율린,9759,46,3,12,4,83.0,114.0,86.0,77.0,ROUGH,ROUGH,143.6,True,NEAR,86.0,77.0,61.0,16.0,GREEN,True,2,17.5,False,False,LAT1,2,True,False,5,1,False,True,False
이율린,9759,46,3,15,4,56.0,79.0,72.0,85.0,ROUGH,ROUGH,197.3,True,FAR,72.0,85.0,63.0,4.0,ROUGH,False,3,3.7,False,False,LAT1,4,False,True,4,0,True,False,False
이율린,9759,46,3,17,4,44.0,104.0,59.0,79.0,ROUGH,ROUGH,129.8,True,NEAR,59.0,79.0,53.0,16.0,ROUGH,False,3,2.9,False,False,LAT1,2,True,False,4,0,True,False,False
이율린,9759,46,3,18,5,74.0,113.0,56.0,104.0,ROUGH,ROUGH,273.6,True,NEAR,56.0,104.0,60.0,42.0,FAIRWAY,True,3,2.5,False,False,LAT3,2,True,False,5,0,True,False,False
이율린,9759,46,4,1,4,45.0,80.0,44.0,82.0,ROUGH,ROUGH,169.6,True,MID,44.0,82.0,69.0,44.0,FAIRWAY,False,4,0.4,False,False,LAT3,3,True,False,5,1,False,True,False
이율린,9759,46,4,4,5,40.0,105.0,68.0,107.0,BUNKER,BUNKER,276.6,True,NEAR,68.0,107.0,77.0,53.0,ROUGH,True,3,12.0,True,False,LAT3,3,False,False,5,0,True,False,False
이율린,9759,46,4,7,5,84.0,80.0,36.0,106.0,ROUGH,ROUGH,312.2,True,FAR,36.0,106.0,68.0,50.0,ROUGH,False,4,1.5,False,False,LAT3,4,False,True,6,1,False,True,False
이율린,9759,46,4,9,4,42.0,113.0,38.0,58.0,ROUGH,ROUGH,121.6,True,MID,38.0,58.0,82.0,17.0,GREEN,True,2,14.0,False,False,LAT3,3,True,False,4,0,True,False,False
이율린,9759,46,4,14,4,83.0,117.0,84.0,73.0,ROUGH,ROUGH,123.2,True,NEAR,84.0,73.0,58.0,25.0,GREEN,True,2,7.5,False,False,LAT2,2,True,False,3,-1,True,False,False
이율린,9759,46,4,15,4,81.0,77.0,59.0,67.0,ROUGH,ROUGH,153.7,True,MID,59.0,67.0,64.0,4.0,ROUGH,False,3,1.2,False,False,LAT3,3,True,False,4,0,True,False,False
이율린,9759,46,4,18,5,48.0,83.0,55.0,101.0,ROUGH,ROUGH,278.3,True,MID,55.0,101.0,59.0,47.0,FAIRWAY,True,3,5.9,False,False,LAT3,3,True,False,5,0,True,False,False
정소이,9765,60,1,4,5,94.0,111.0,68.0,113.0,ROUGH,ROUGH,294.3,True,MID,68.0,113.0,77.0,64.0,FAIRWAY,True,3,9.6,False,False,LAT3,3,True,False,5,0,True,False,False
정소이,9765,60,1,9,4,84.0,97.0,50.0,81.0,ROUGH,ROUGH,161.7,True,FAR,50.0,81.0,81.0,15.0,GREEN,True,2,12.8,False,False,LAT1,4,False,True,5,1,False,True,False
정소이,9765,60,1,10,5,88.0,115.0,65.0,118.0,ROUGH,ROUGH,319.1,True,MID,65.0,118.0,61.0,63.0,FAIRWAY,False,5,0.5,False,False,LAT1,3,True,False,6,1,False,True,False
정소이,9765,60,2,1,4,47.0,106.0,57.0,88.0,ROUGH,ROUGH,160.7,True,NEAR,57.0,88.0,74.0,27.0,ROUGH,False,4,1.9,False,False,LAT1,2,True,False,5,1,False,True,False
정소이,9765,60,2,6,4,31.0,111.0,74.0,86.0,ROUGH,ROUGH,161.5,True,MID,74.0,86.0,57.0,26.0,ROUGH,False,3,3.8,False,False,LAT1,3,True,False,5,1,False,True,False
정소이,9765,60,2,8,4,44.0,121.0,48.0,82.0,ROUGH,ROUGH,136.8,True,MID,48.0,82.0,54.0,9.0,ROUGH,False,5,0.5,False,True,LAT1,5,False,True,6,2,False,True,True
정소이,9765,60,2,9,4,45.0,96.0,33.0,75.0,ROUGH,ROUGH,161.9,True,FAR,33.0,75.0,82.0,14.0,GREEN,True,2,11.7,False,False,LAT3,4,False,True,3,-1,True,False,False
정소이,9765,60,2,14,4,39.0,83.0,95.0,75.0,ROUGH,ROUGH,163.4,True,FAR,95.0,75.0,43.0,12.0,ROUGH,False,3,1.4,False,False,LAT1,4,False,True,4,0,True,False,False
정소이,9765,60,2,17,4,87.0,87.0,57.0,85.0,ROUGH,ROUGH,149.7,True,FAR,57.0,85.0,59.0,26.0,GREEN,True,2,24.6,False,False,LAT1,4,False,True,4,0,True,False,False
정소이,9765,60,2,18,5,39.0,110.0,56.0,114.0,BUNKER,BUNKER,304.2,True,FAR,56.0,114.0,60.0,67.0,FAIRWAY,True,3,5.4,True,False,LAT3,5,False,True,5,0,True,False,False
정소이,9765,60,3,4,5,94.0,95.0,83.0,116.0,ROUGH,ROUGH,310.5,True,FAR,83.0,116.0,85.0,105.0,ROUGH,False,5,2.5,False,False,LAT1,4,False,True,6,1,False,True,False
정소이,9765,60,3,6,4,65.0,69.0,62.0,86.0,ROUGH,ROUGH,176.0,True,FAR,62.0,86.0,62.0,20.0,GREEN,True,2,21.8,False,False,LAT3,4,False,True,5,1,False,True,False
정소이,9765,60,3,8,4,90.0,116.0,36.0,84.0,ROUGH,ROUGH,159.5,True,FAR,36.0,84.0,77.0,10.0,ROUGH,False,3,4.0,False,False,LAT3,4,False,True,4,0,True,False,False
정소이,9765,60,3,12,4,83.0,114.0,75.0,84.0,ROUGH,ROUGH,152.3,True,NEAR,75.0,84.0,62.0,13.0,GREEN,True,2,23.3,False,False,LAT3,2,True,False,5,1,False,True,False
정소이,9765,60,3,13,4,39.0,84.0,73.0,71.0,ROUGH,ROUGH,123.6,True,FAR,73.0,71.0,57.0,32.0,FRINGE,False,3,36.0,False,False,LAT3,4,False,True,4,0,True,False,False
정소이,9765,60,3,15,4,56.0,79.0,72.0,82.0,ROUGH,ROUGH,191.3,True,FAR,72.0,82.0,63.0,6.0,GREEN,True,2,10.1,False,False,LAT1,4,False,True,4,0,True,False,False
정소이,9765,60,3,17,4,44.0,104.0,47.0,79.0,ROUGH,ROUGH,131.4,True,NEAR,47.0,79.0,55.0,11.0,ROUGH,False,3,0.5,False,False,LAT3,2,True,False,4,0,True,False,False
정소이,9765,60,3,18,5,74.0,113.0,57.0,113.0,ROUGH,ROUGH,299.6,True,FAR,57.0,113.0,66.0,61.0,ROUGH,True,3,14.4,False,False,LAT2,4,False,True,5,0,True,False,False
정소이,9765,60,4,8,4,38.0,108.0,56.0,80.0,ROUGH,ROUGH,134.3,True,NEAR,56.0,80.0,47.0,64.0,FAIRWAY,False,3,7.4,False,False,LAT1,2,True,False,5,1,False,True,False
정소이,9765,60,4,10,5,80.0,97.0,65.0,115.0,ROUGH,ROUGH,316.4,True,MID,65.0,115.0,61.0,63.0,FAIRWAY,True,3,8.5,False,False,LAT1,3,True,False,6,1,False,True,False
정소이,9765,60,4,15,4,81.0,77.0,60.0,91.0,ROUGH,ROUGH,214.9,True,FAR,60.0,91.0,64.0,79.0,FAIRWAY,False,4,0.4,False,False,LAT3,4,False,True,5,1,False,True,False
정소이,9765,60,4,17,4,75.0,110.0,60.0,86.0,ROUGH,ROUGH,142.1,True,MID,60.0,86.0,60.0,34.0,ROUGH,False,3,10.9,False,False,LAT1,3,True,False,5,1,False,True,False
이예원,9784,9,1,4,5,94.0,111.0,82.0,114.0,ROUGH,ROUGH,296.8,True,MID,82.0,114.0,76.0,63.0,FAIRWAY,False,4,0.7,False,False,LAT1,3,True,False,5,0,True,False,False
이예원,9784,9,1,6,4,84.0,83.0,58.0,84.0,ROUGH,ROUGH,166.5,True,MID,58.0,84.0,67.0,11.0,GREEN,True,2,7.0,False,False,LAT3,3,True,False,3,-1,True,False,False
이예원,9784,9,1,8,4,96.0,89.0,54.0,69.0,ROUGH,ROUGH,127.1,True,NEAR,54.0,69.0,66.0,17.0,GREEN,True,2,20.7,False,False,LAT1,2,True,False,4,0,True,False,False
이예원,9784,9,1,13,4,84.0,92.0,89.0,78.0,ROUGH,ROUGH,138.0,True,FAR,89.0,78.0,56.0,29.0,FRINGE,False,3,3.7,False,False,LAT1,4,False,True,5,1,False,True,False
이예원,9784,9,1,15,4,58.0,114.0,71.0,69.0,ROUGH,ROUGH,142.6,True,NEAR,71.0,69.0,63.0,21.0,FRINGE,False,3,1.0,False,False,LAT1,2,True,False,4,0,True,False,False
이예원,9784,9,2,13,4,88.0,112.0,60.0,60.0,BUNKER,BUNKER,73.7,True,NEAR,60.0,60.0,58.0,28.0,GREEN,True,2,10.0,True,False,LAT3,3,False,False,4,0,True,False,False
이예원,9784,9,2,15,4,31.0,130.0,71.0,75.0,ROUGH,ROUGH,151.8,True,MID,71.0,75.0,60.0,20.0,ROUGH,False,3,0.8,False,False,LAT1,3,True,False,4,0,True,False,False
이예원,9784,9,3,1,4,89.0,99.0,59.0,87.0,BUNKER,BUNKER,166.4,True,MID,59.0,87.0,63.0,55.0,FAIRWAY,False,3,5.5,True,False,LAT1,4,False,False,5,1,False,True,False
이예원,9784,9,3,7,5,63.0,79.0,38.0,111.0,ROUGH,ROUGH,322.2,True,FAR,38.0,111.0,55.0,71.0,FAIRWAY,True,3,5.7,False,False,LAT3,4,False,True,5,0,True,False,False
이예원,9784,9,3,14,4,68.0,108.0,95.0,66.0,ROUGH,ROUGH,132.5,True,NEAR,95.0,66.0,45.0,14.0,FRINGE,False,3,1.4,False,False,LAT1,2,True,False,4,0,True,False,False
이예원,9784,9,4,1,4,45.0,80.0,54.0,87.0,ROUGH,ROUGH,171.0,True,MID,54.0,87.0,86.0,16.0,GREEN,True,2,20.3,False,False,LAT1,3,True,False,5,1,False,True,False
이예원,9784,9,4,4,5,40.0,105.0,70.0,107.0,ROUGH,ROUGH,278.1,True,NEAR,70.0,107.0,74.0,40.0,FAIRWAY,True,3,2.3,False,False,LAT3,2,True,False,5,0,True,False,False
이예원,9784,9,4,8,4,38.0,108.0,54.0,69.0,ROUGH,ROUGH,112.1,True,NEAR,54.0,69.0,59.0,11.0,ROUGH,False,3,1.2,False,False,LAT1,2,True,False,4,0,True,False,False
이예원,9784,9,4,12,4,68.0,122.0,84.0,74.0,ROUGH,ROUGH,134.0,True,NEAR,84.0,74.0,68.0,26.0,FRINGE,False,3,0.9,False,False,LAT1,2,True,False,5,1,False,True,False
이예원,9784,9,4,18,5,48.0,83.0,57.0,102.0,ROUGH,ROUGH,278.6,True,MID,57.0,102.0,57.0,49.0,ROUGH,False,4,0.9,False,False,LAT3,3,True,False,5,0,True,False,False
정윤지,9820,27,1,1,4,51.0,61.0,55.0,83.0,ROUGH,ROUGH,171.1,True,MID,55.0,83.0,72.0,37.0,ROUGH,False,3,3.2,False,False,LAT1,3,True,False,4,0,True,False,False
정윤지,9820,27,1,4,5,94.0,111.0,69.0,111.0,ROUGH,ROUGH,287.5,True,NEAR,69.0,111.0,73.0,58.0,FAIRWAY,False,4,2.9,False,False,LAT3,2,True,False,6,1,False,True,False
정윤지,9820,27,1,8,4,96.0,89.0,34.0,77.0,ROUGH,ROUGH,162.0,True,FAR,34.0,77.0,66.0,25.0,PENALTY_AREA,False,8,0.3,False,True,LAT3,6,False,True,9,5,False,True,True
정윤지,9820,27,1,13,4,84.0,92.0,75.0,69.0,ROUGH,ROUGH,109.2,True,MID,75.0,69.0,61.0,25.0,GREEN,True,2,6.8,False,False,LAT3,3,True,False,4,0,True,False,False
정윤지,9820,27,2,1,4,47.0,106.0,63.0,85.0,BUNKER,BUNKER,151.2,True,NEAR,63.0,85.0,81.0,35.0,ROUGH,False,3,1.6,True,False,LAT1,3,False,False,6,2,False,True,True
정윤지,9820,27,2,3,4,69.0,100.0,62.0,86.0,ROUGH,ROUGH,190.4,True,MID,62.0,86.0,59.0,56.0,FAIRWAY,False,3,4.1,False,False,LAT1,3,True,False,5,1,False,True,False
정윤지,9820,27,2,15,4,31.0,130.0,59.0,69.0,ROUGH,ROUGH,134.9,True,NEAR,59.0,69.0,61.0,20.0,ROUGH,False,3,0.7,False,False,LAT3,2,True,False,4,0,True,False,False
정윤지,9820,27,3,1,4,89.0,99.0,58.0,87.0,BUNKER,BUNKER,166.6,True,MID,58.0,87.0,57.0,83.0,ROUGH,False,4,0.9,True,False,LAT1,4,False,False,5,1,False,True,False
정윤지,9820,27,3,7,5,63.0,79.0,40.0,100.0,ROUGH,ROUGH,288.6,True,MID,40.0,100.0,59.0,43.0,FAIRWAY,True,3,3.7,False,False,LAT3,3,True,False,5,0,True,False,False
정윤지,9820,27,3,14,4,68.0,108.0,91.0,74.0,ROUGH,ROUGH,141.5,True,MID,91.0,74.0,54.0,22.0,GREEN,True,2,4.3,False,False,LAT1,3,True,False,4,0,True,False,False
정윤지,9820,27,3,18,5,74.0,113.0,55.0,104.0,ROUGH,ROUGH,274.5,True,NEAR,55.0,104.0,58.0,43.0,FAIRWAY,True,3,6.7,False,False,LAT3,2,True,False,5,0,True,False,False
정윤지,9820,27,4,1,4,45.0,80.0,42.0,87.0,ROUGH,ROUGH,181.0,True,FAR,42.0,87.0,74.0,29.0,ROUGH,False,3,3.4,False,False,LAT3,4,False,True,4,0,True,False,False
정윤지,9820,27,4,6,4,73.0,113.0,61.0,78.0,ROUGH,ROUGH,136.6,True,NEAR,61.0,78.0,66.0,26.0,GREENSIDE_BUNKER,False,3,6.5,False,False,LAT3,2,True,False,4,0,True,False,False
정윤지,9820,27,4,8,4,38.0,108.0,35.0,70.0,ROUGH,ROUGH,126.6,True,NEAR,35.0,70.0,60.0,16.0,GREEN,True,2,5.0,False,False,LAT3,2,True,False,4,0,True,False,False
정윤지,9820,27,4,10,5,80.0,97.0,64.0,110.0,ROUGH,ROUGH,299.8,True,NEAR,64.0,110.0,56.0,51.0,ROUGH,False,4,2.8,False,False,LAT1,2,True,False,6,1,False,True,False
정윤지,9820,27,4,14,4,83.0,117.0,93.0,77.0,ROUGH,ROUGH,141.3,True,MID,93.0,77.0,68.0,36.0,FAIRWAY,False,4,0.5,False,False,LAT1,3,True,False,5,1,False,True,False
정윤지,9820,27,4,18,5,48.0,83.0,55.0,101.0,ROUGH,ROUGH,275.8,True,NEAR,55.0,101.0,58.0,45.0,FAIRWAY,False,4,3.0,False,False,LAT3,2,True,False,5,0,True,False,False
황유나,9937,,1,9,4,84.0,97.0,53.0,71.0,ROUGH,ROUGH,138.3,True,FAR,53.0,71.0,85.0,8.0,ROUGH,False,3,2.9,False,False,LAT1,4,False,True,5,1,False,True,False
황유나,9937,,1,12,4,93.0,115.0,77.0,92.0,BUNKER,BUNKER,171.8,True,FAR,77.0,92.0,70.0,51.0,FAIRWAY,False,3,1.4,True,False,LAT3,5,False,True,5,1,False,True,False
황유나,9937,,1,13,4,84.0,92.0,91.0,79.0,ROUGH,ROUGH,142.1,True,FAR,91.0,79.0,58.0,32.0,FRINGE,False,3,3.7,False,False,LAT1,4,False,True,5,1,False,True,False
황유나,9937,,1,15,4,58.0,114.0,72.0,87.0,ROUGH,ROUGH,189.2,True,FAR,72.0,87.0,61.0,26.0,ROUGH,False,3,1.9,False,False,LAT1,4,False,True,4,0,True,False,False
황유나,9937,,1,17,4,48.0,120.0,46.0,90.0,ROUGH,ROUGH,147.9,True,FAR,46.0,90.0,61.0,31.0,ROUGH,False,3,1.1,False,False,LAT3,4,False,True,4,0,True,False,False
황유나,9937,,2,6,4,31.0,111.0,56.0,90.0,ROUGH,ROUGH,166.4,True,MID,56.0,90.0,62.0,78.0,ROUGH,False,4,2.8,False,False,LAT3,3,True,False,5,1,False,True,False
황유나,9937,,2,7,5,89.0,103.0,40.0,106.0,ROUGH,ROUGH,300.9,True,FAR,40.0,106.0,58.0,53.0,FAIRWAY,True,3,11.7,False,False,LAT3,4,False,True,5,0,True,False,False
황유나,9937,,2,8,4,44.0,121.0,57.0,91.0,ROUGH,ROUGH,153.1,True,FAR,57.0,91.0,52.0,77.0,ROUGH,False,4,1.1,False,False,LAT1,4,False,True,5,1,False,True,False
황유나,9937,,2,12,4,63.0,80.0,86.0,81.0,ROUGH,ROUGH,170.3,True,MID,86.0,81.0,63.0,21.0,GREEN,True,2,14.2,False,False,LAT1,3,True,False,4,0,True,False,False
황유나,9937,,2,15,4,31.0,130.0,61.0,82.0,ROUGH,ROUGH,169.6,True,FAR,61.0,82.0,62.0,25.0,ROUGH,False,3,0.5,False,False,LAT3,4,False,True,4,0,True,False,False
황유나,9937,,2,17,4,87.0,87.0,63.0,89.0,ROUGH,ROUGH,158.8,True,FAR,63.0,89.0,54.0,12.0,ROUGH,False,3,1.9,False,False,LAT1,4,False,True,4,0,True,False,False
황유나,9937,,2,18,5,39.0,110.0,65.0,109.0,ROUGH,ROUGH,287.3,True,MID,65.0,109.0,58.0,43.0,FAIRWAY,True,3,7.0,False,False,LAT1,3,True,False,5,0,True,False,False
윤수아,9990,37,1,1,4,51.0,61.0,43.0,85.0,ROUGH,ROUGH,183.4,True,FAR,43.0,85.0,73.0,20.0,GREENSIDE_BUNKER,False,3,6.4,False,False,LAT3,4,False,True,4,0,True,False,False
윤수아,9990,37,1,8,4,96.0,89.0,50.0,74.0,ROUGH,ROUGH,140.8,True,MID,50.0,74.0,82.0,0.0,ROUGH,False,4,2.4,False,False,LAT1,3,True,False,5,1,False,True,False
윤수아,9990,37,1,14,4,70.0,117.0,74.0,82.0,ROUGH,ROUGH,134.9,True,NEAR,74.0,82.0,53.0,16.0,GREEN,True,2,12.6,False,False,LAT3,2,True,False,3,-1,True,False,False
윤수아,9990,37,1,15,4,58.0,114.0,60.0,73.0,ROUGH,ROUGH,153.2,True,MID,60.0,73.0,64.0,5.0,GREEN,True,2,25.3,False,False,LAT3,3,True,False,4,0,True,False,False
윤수아,9990,37,1,17,4,48.0,120.0,58.0,85.0,ROUGH,ROUGH,135.3,True,MID,58.0,85.0,59.0,12.0,GREEN,True,2,23.7,False,False,LAT1,3,True,False,5,1,False,True,False
윤수아,9990,37,1,18,5,92.0,79.0,55.0,108.0,ROUGH,ROUGH,301.0,True,FAR,55.0,108.0,56.0,70.0,ROUGH,True,3,9.7,False,False,LAT3,4,False,True,4,-1,True,False,False
윤수아,9990,37,2,4,5,36.0,93.0,67.0,117.0,ROUGH,ROUGH,313.7,True,FAR,67.0,117.0,76.0,65.0,FAIRWAY,True,3,15.6,False,False,LAT3,4,False,True,5,0,True,False,False
윤수아,9990,37,2,6,4,31.0,111.0,73.0,84.0,ROUGH,ROUGH,157.0,True,MID,73.0,84.0,58.0,15.0,ROUGH,False,3,1.9,False,False,LAT1,3,True,False,4,0,True,False,False
윤수아,9990,37,2,12,4,63.0,80.0,85.0,79.0,ROUGH,ROUGH,164.4,True,MID,85.0,79.0,63.0,14.0,GREEN,True,2,4.4,False,False,LAT1,3,True,False,4,0,True,False,False
윤수아,9990,37,2,13,4,88.0,112.0,75.0,71.0,ROUGH,ROUGH,103.5,True,NEAR,75.0,71.0,65.0,36.0,ROUGH,False,4,0.5,False,False,LAT3,2,True,False,5,1,False,True,False
윤수아,9990,37,3,9,4,56.0,142.0,40.0,66.0,ROUGH,ROUGH,126.3,True,MID,40.0,66.0,86.0,16.0,GREEN,True,2,26.8,False,False,LAT3,3,True,False,5,1,False,True,False
윤수아,9990,37,3,12,4,83.0,114.0,78.0,89.0,ROUGH,ROUGH,165.0,True,MID,78.0,89.0,67.0,21.0,GREEN,True,2,3.5,False,False,LAT3,3,True,False,4,0,True,False,False
윤수아,9990,37,3,17,4,44.0,104.0,61.0,81.0,ROUGH,ROUGH,134.3,True,MID,61.0,81.0,59.0,26.0,GREEN,True,2,15.3,False,False,LAT1,3,True,False,4,0,True,False,False
윤수아,9990,37,3,18,5,74.0,113.0,57.0,111.0,ROUGH,ROUGH,294.6,True,FAR,57.0,111.0,62.0,52.0,FAIRWAY,True,3,5.7,False,False,LAT3,4,False,True,6,1,False,True,False
윤수아,9990,37,4,7,5,84.0,80.0,50.0,103.0,BUNKER,BUNKER,291.7,True,MID,50.0,103.0,55.0,68.0,FAIRWAY,False,4,1.1,True,False,LAT1,4,False,False,5,0,True,False,False
윤수아,9990,37,4,9,4,42.0,113.0,44.0,62.0,ROUGH,ROUGH,118.3,True,NEAR,44.0,62.0,75.0,17.0,FRINGE,False,3,1.3,False,False,LAT3,2,True,False,4,0,True,False,False
윤수아,9990,37,4,17,4,75.0,110.0,59.0,78.0,ROUGH,ROUGH,124.7,True,NEAR,59.0,78.0,65.0,30.0,GREENSIDE_BUNKER,False,3,3.5,False,False,LAT1,2,True,False,5,1,False,True,False
윤수아,9990,37,4,18,5,48.0,83.0,54.0,106.0,ROUGH,ROUGH,292.9,True,FAR,54.0,106.0,54.0,90.0,BUNKER,False,5,0.4,False,False,LAT3,4,False,True,6,1,False,True,False
