game_code,player_code,player_name,round,hole,par,strokes,score_to_par,first_shot_state,fw_hit,tee_miss_state,gir,gir_shot_number,gir_miss,final_score,par_or_better,source_gap
2026100005,10002,,1,1,4,4,0,1,True,,True,2,False,4,True,False
2026100005,10002,,1,2,3,4,1,5,,,False,2,True,4,False,False
2026100005,10002,,1,3,4,4,0,1,True,,True,2,False,4,True,False
2026100005,10002,,1,4,5,5,0,1,True,,False,4,True,5,True,False
2026100005,10002,,1,5,3,3,0,3,,,True,1,False,3,True,False
2026100005,10002,,1,6,4,4,0,2,False,ROUGH,False,3,True,4,True,False
2026100005,10002,,1,7,5,5,0,2,False,ROUGH,True,3,False,5,True,False
2026100005,10002,,1,8,4,4,0,1,True,,False,3,True,4,True,False
2026100005,10002,,1,9,4,4,0,2,False,ROUGH,True,2,False,4,True,False
2026100005,10002,,1,10,5,5,0,1,True,,True,3,False,5,True,False
2026100005,10002,,1,11,3,3,0,3,,,True,1,False,3,True,False
2026100005,10002,,1,12,4,4,0,2,False,ROUGH,False,3,True,4,True,False
2026100005,10002,,1,13,4,4,0,1,True,,True,2,False,4,True,False
2026100005,10002,,1,14,4,4,0,2,False,ROUGH,False,3,True,4,True,False
2026100005,10002,,1,15,4,4,0,2,False,ROUGH,False,3,True,4,True,False
2026100005,10002,,1,16,3,3,0,3,,,True,1,False,3,True,False
2026100005,10002,,1,17,4,5,1,1,True,,False,3,True,5,False,False
2026100005,10002,,1,18,5,4,-1,1,True,,True,3,False,4,True,False
2026100005,10002,,2,1,4,5,1,2,False,ROUGH,False,3,True,5,False,False
2026100005,10002,,2,2,3,5,2,5,,,False,3,True,5,False,False
2026100005,10002,,2,3,4,4,0,1,True,,False,3,True,4,True,False
2026100005,10002,,2,4,5,5,0,1,True,,True,3,False,5,True,False
2026100005,10002,,2,5,3,3,0,3,,,True,1,False,3,True,False
2026100005,10002,,2,6,4,4,0,1,True,,False,3,True,4,True,False
2026100005,10002,,2,7,5,5,0,1,True,,True,3,False,5,True,False
2026100005,10002,,2,8,4,4,0,1,True,,False,3,True,4,True,False
2026100005,10002,,2,9,4,4,0,1,True,,False,3,True,4,True,False
2026100005,10002,,2,10,5,5,0,1,True,,True,3,False,5,True,False
2026100005,10002,,2,11,3,5,2,2,,,False,3,True,5,False,False
2026100005,10002,,2,12,4,4,0,2,False,ROUGH,False,3,True,4,True,False
2026100005,10002,,2,13,4,4,0,1,True,,True,2,False,4,True,False
2026100005,10002,,2,14,4,5,1,2,False,ROUGH,False,3,True,5,False,False
2026100005,10002,,2,15,4,3,-1,1,True,,True,2,False,3,True,False
2026100005,10002,,2,16,3,3,0,3,,,True,1,False,3,True,False
2026100005,10002,,2,17,4,5,1,2,False,ROUGH,False,3,True,5,False,False
2026100005,10002,,2,18,5,5,0,2,False,ROUGH,True,3,False,5,True,False
2026100005,10002,,3,1,4,4,0,2,False,ROUGH,True,2,False,4,True,False
2026100005,10002,,3,2,3,3,0,3,,,True,1,False,3,True,False
2026100005,10002,,3,3,4,4,0,1,True,,True,2,False,4,True,False
2026100005,10002,,3,4,5,5,0,1,True,,True,3,False,5,True,False
2026100005,10002,,3,5,3,3,0,3,,,True,1,False,3,True,False
2026100005,10002,,3,6,4,4,0,2,False,ROUGH,True,2,False,4,True,False
2026100005,10002,,3,7,5,5,0,1,True,,True,3,False,5,True,False
2026100005,10002,,3,8,4,5,1,1,True,,False,3,True,5,False,False
2026100005,10002,,3,9,4,4,0,1,True,,False,3,True,4,True,False
2026100005,10002,,3,10,5,5,0,2,False,ROUGH,False,4,True,5,True,False
2026100005,10002,,3,11,3,3,0,3,,,True,1,False,3,True,False
2026100005,10002,,3,12,4,3,-1,1,True,,True,2,False,3,True,False
2026100005,10002,,3,13,4,5,1,1,True,,True,2,False,5,False,False
2026100005,10002,,3,14,4,5,1,2,False,ROUGH,False,3,True,5,False,False
2026100005,10002,,3,15,4,5,1,2,False,ROUGH,False,3,True,5,False,False
2026100005,10002,,3,16,3,5,2,5,,,False,3,True,5,False,False
2026100005,10002,,3,17,4,4,0,6,False,BUNKER,True,2,False,4,True,False
2026100005,10002,,3,18,5,5,0,1,True,,True,3,False,5,True,False
2026100005,10002,,4,1,4,5,1,2,False,ROUGH,True,2,False,5,False,False
2026100005,10002,,4,2,3,3,0,3,,,True,1,False,3,True,False
2026100005,10002,,4,3,4,4,0,1,True,,True,2,False,4,True,False
2026100005,10002,,4,4,5,5,0,1,True,,True,3,False,5,True,False
2026100005,10002,,4,5,3,2,-1,3,,,True,1,False,2,True,False
2026100005,10002,,4,6,4,4,0,1,True,,True,2,False,4,True,False
2026100005,10002,,4,7,5,4,-1,1,True,,True,3,False,4,True,False
2026100005,10002,,4,8,4,3,-1,2,False,ROUGH,False,,True,3,True,False
2026100005,10002,,4,9,4,4,0,1,True,,False,3,True,4,True,False
2026100005,10002,,4,10,5,5,0,1,True,,False,4,True,5,True,False
2026100005,10002,,4,11,3,4,1,3,,,True,1,False,4,False,False
2026100005,10002,,4,12,4,3,-1,1,True,,False,,True,3,True,False
2026100005,10002,,4,13,4,4,0,1,True,,True,2,False,4,True,False
2026100005,10002,,4,14,4,4,0,1,True,,False,3,True,4,True,False
2026100005,10002,,4,15,4,5,1,1,True,,False,3,True,5,False,False
2026100005,10002,,4,16,3,3,0,3,,,True,1,False,3,True,False
2026100005,10002,,4,17,4,4,0,1,True,,True,2,False,4,True,False
2026100005,10002,,4,18,5,5,0,1,True,,True,3,False,5,True,False
2026100005,10022,,1,1,4,3,-1,1,True,,True,2,False,3,True,False
2026100005,10022,,1,2,3,3,0,3,,,True,1,False,3,True,False
2026100005,10022,,1,3,4,4,0,1,True,,True,2,False,4,True,False
2026100005,10022,,1,4,5,5,0,1,True,,False,4,True,5,True,False
2026100005,10022,,1,5,3,3,0,12,,,False,2,True,3,True,False
2026100005,10022,,1,6,4,5,1,1,True,,False,3,True,5,False,False
2026100005,10022,,1,7,5,4,-1,1,True,,True,3,False,4,True,False
2026100005,10022,,1,8,4,4,0,2,False,ROUGH,False,3,True,4,True,False
2026100005,10022,,1,9,4,4,0,2,False,ROUGH,True,2,False,4,True,False
2026100005,10022,,1,10,5,4,-1,1,True,,True,3,False,4,True,False
2026100005,10022,,1,11,3,4,1,3,,,True,1,False,4,False,False
2026100005,10022,,1,12,4,5,1,2,False,ROUGH,False,3,True,5,False,False
2026100005,10022,,1,13,4,4,0,6,False,BUNKER,True,2,False,4,True,False
2026100005,10022,,1,14,4,4,0,1,True,,False,3,True,4,True,False
2026100005,10022,,1,15,4,4,0,1,True,,True,2,False,4,True,False
2026100005,10022,,1,16,3,3,0,2,,,False,2,True,3,True,False
2026100005,10022,,1,17,4,5,1,2,False,ROUGH,False,3,True,5,False,False
2026100005,10022,,1,18,5,5,0,1,True,,False,4,True,5,True,False
2026100005,10022,,2,1,4,3,-1,1,True,,True,2,False,3,True,False
2026100005,10022,,2,2,3,3,0,2,,,False,2,True,3,True,False
2026100005,10022,,2,3,4,4,0,2,False,ROUGH,True,2,False,4,True,False
2026100005,10022,,2,4,5,5,0,2,False,ROUGH,True,3,False,5,True,False
2026100005,10022,,2,5,3,4,1,9,,,False,3,True,4,False,False
2026100005,10022,,2,6,4,4,0,2,False,ROUGH,False,3,True,4,True,False
2026100005,10022,,2,7,5,5,0,1,True,,True,3,False,5,True,False
2026100005,10022,,2,8,4,4,0,2,False,ROUGH,False,3,True,4,True,False
2026100005,10022,,2,9,4,4,0,1,True,,True,2,False,4,True,False
2026100005,10022,,2,10,5,5,0,1,True,,True,3,False,5,True,False
2026100005,10022,,2,11,3,5,2,2,,,False,3,True,5,False,False
2026100005,10022,,2,12,4,5,1,2,False,ROUGH,False,4,True,5,False,False
2026100005,10022,,2,13,4,4,0,1,True,,True,2,False,4,True,False
2026100005,10022,,2,14,4,4,0,2,False,ROUGH,False,3,True,4,True,False
2026100005,10022,,2,15,4,3,-1,2,False,ROUGH,False,,True,3,True,False
2026100005,10022,,2,16,3,5,2,5,,,False,3,True,5,False,False
2026100005,10022,,2,17,4,4,0,1,True,,True,2,False,4,True,False
2026100005,10022,,2,18,5,4,-1,2,False,ROUGH,True,3,False,4,True,False
2026100005,10022,,3,1,4,5,1,2,False,ROUGH,False,3,True,5,False,False
2026100005,10022,,3,2,3,3,0,3,,,True,1,False,3,True,False
2026100005,10022,,3,3,4,4,0,1,True,,True,2,False,4,True,False
2026100005,10022,,3,4,5,5,0,1,True,,False,4,True,5,True,False
2026100005,10022,,3,5,3,3,0,3,,,True,1,False,3,True,False
2026100005,10022,,3,6,4,4,0,1,True,,True,2,False,4,True,False
2026100005,10022,,3,7,5,4,-1,1,True,,True,3,False,4,True,False
2026100005,10022,,3,8,4,4,0,2,False,ROUGH,False,3,True,4,True,False
2026100005,10022,,3,9,4,4,0,2,False,ROUGH,True,2,False,4,True,False
2026100005,10022,,3,10,5,6,1,2,False,ROUGH,True,3,False,6,False,False
2026100005,10022,,3,11,3,3,0,3,,,True,1,False,3,True,False
2026100005,10022,,3,12,4,6,2,2,False,ROUGH,False,4,True,6,False,False
2026100005,10022,,3,13,4,4,0,2,False,ROUGH,True,2,False,4,True,False
2026100005,10022,,3,14,4,4,0,1,True,,True,2,False,4,True,False
2026100005,10022,,3,15,4,5,1,2,False,ROUGH,False,3,True,5,False,False
2026100005,10022,,3,16,3,3,0,3,,,True,1,False,3,True,False
2026100005,10022,,3,17,4,5,1,2,False,ROUGH,True,2,False,5,False,False
2026100005,10022,,3,18,5,5,0,2,False,ROUGH,False,4,True,5,True,False
2026100005,10022,,4,1,4,4,0,6,False,BUNKER,False,3,True,4,True,False
2026100005,10022,,4,2,3,4,1,5,,,False,3,True,4,False,False
2026100005,10022,,4,3,4,4,0,2,False,ROUGH,True,2,False,4,True,False
2026100005,10022,,4,4,5,5,0,2,False,ROUGH,True,3,False,5,True,False
2026100005,10022,,4,5,3,3,0,3,,,True,1,False,3,True,False
2026100005,10022,,4,6,4,4,0,2,False,ROUGH,True,2,False,4,True,False
2026100005,10022,,4,7,5,5,0,1,True,,True,3,False,5,True,False
2026100005,10022,,4,8,4,3,-1,1,True,,True,2,False,3,True,False
2026100005,10022,,4,9,4,4,0,2,False,ROUGH,False,3,True,4,True,False
2026100005,10022,,4,10,5,7,2,4,False,OB,False,5,True,7,False,False
2026100005,10022,,4,11,3,3,0,2,,,False,2,True,3,True,False
2026100005,10022,,4,12,4,4,0,1,True,,False,3,True,4,True,False
2026100005,10022,,4,13,4,4,0,1,True,,False,3,True,4,True,False
2026100005,10022,,4,14,4,4,0,2,False,ROUGH,False,3,True,4,True,False
2026100005,10022,,4,15,4,5,1,2,False,ROUGH,False,3,True,5,False,False
2026100005,10022,,4,16,3,3,0,3,,,True,1,False,3,True,False
2026100005,10022,,4,17,4,5,1,2,False,ROUGH,False,3,True,5,False,False
2026100005,10022,,4,18,5,5,0,2,False,ROUGH,False,4,True,5,True,False
2026100005,10081,,1,1,4,4,0,2,False,ROUGH,False,3,True,4,True,False
2026100005,10081,,1,2,3,3,0,3,,,True,1,False,3,True,False
2026100005,10081,,1,3,4,4,0,1,True,,True,2,False,4,True,False
2026100005,10081,,1,4,5,4,-1,1,True,,True,3,False,4,True,False
2026100005,10081,,1,5,3,2,-1,3,,,True,1,False,2,True,False
2026100005,10081,,1,6,4,3,-1,1,True,,True,2,False,3,True,False
2026100005,10081,,1,7,5,5,0,1,True,,True,3,False,5,True,False
2026100005,10081,,1,8,4,4,0,1,True,,True,2,False,4,True,False
2026100005,10081,,1,9,4,5,1,2,False,ROUGH,False,3,True,5,False,False
2026100005,10081,,1,10,5,5,0,2,False,ROUGH,True,3,False,5,True,False
2026100005,10081,,1,11,3,3,0,3,,,True,1,False,3,True,False
2026100005,10081,,1,12,4,4,0,1,True,,True,2,False,4,True,False
2026100005,10081,,1,13,4,6,2,6,False,BUNKER,False,3,True,6,False,False
2026100005,10081,,1,14,4,4,0,1,True,,True,2,False,4,True,False
2026100005,10081,,1,15,4,4,0,1,True,,True,2,False,4,True,False
2026100005,10081,,1,16,3,3,0,3,,,True,1,False,3,True,False
2026100005,10081,,1,17,4,5,1,2,False,ROUGH,False,4,True,5,False,False
2026100005,10081,,1,18,5,5,0,1,True,,True,3,False,5,True,False
2026100005,10081,,2,1,4,3,-1,1,True,,True,2,False,3,True,False
2026100005,10081,,2,2,3,3,0,3,,,True,1,False,3,True,False
2026100005,10081,,2,3,4,5,1,1,True,,False,3,True,5,False,False
2026100005,10081,,2,4,5,5,0,2,False,ROUGH,True,3,False,5,True,False
2026100005,10081,,2,5,3,2,-1,3,,,True,1,False,2,True,False
2026100005,10081,,2,6,4,5,1,1,True,,False,4,True,5,False,False
2026100005,10081,,2,7,5,5,0,1,True,,True,3,False,5,True,False
2026100005,10081,,2,8,4,4,0,2,False,ROUGH,True,2,False,4,True,False
2026100005,10081,,2,9,4,4,0,1,True,,True,2,False,4,True,False
2026100005,10081,,2,10,5,5,0,2,False,ROUGH,False,4,True,5,True,False
2026100005,10081,,2,11,3,3,0,12,,,False,2,True,3,True,False
2026100005,10081,,2,12,4,3,-1,2,False,ROUGH,True,2,False,3,True,False
2026100005,10081,,2,13,4,5,1,2,False,ROUGH,False,4,True,5,False,False
2026100005,10081,,2,14,4,4,0,1,True,,True,2,False,4,True,False
2026100005,10081,,2,15,4,5,1,2,False,ROUGH,True,2,False,5,False,False
2026100005,10081,,2,16,3,2,-1,3,,,True,1,False,2,True,False
2026100005,10081,,2,17,4,5,1,2,False,ROUGH,False,3,True,5,False,False
2026100005,10081,,2,18,5,5,0,1,True,,True,3,False,5,True,False
2026100005,10081,,3,1,4,5,1,1,True,,False,3,True,5,False,False
2026100005,10081,,3,2,3,2,-1,3,,,True,1,False,2,True,False
2026100005,10081,,3,3,4,5,1,1,True,,True,2,False,5,False,False
2026100005,10081,,3,4,5,5,0,1,True,,True,3,False,5,True,False
2026100005,10081,,3,5,3,3,0,3,,,True,1,False,3,True,False
2026100005,10081,,3,6,4,4,0,1,True,,True,2,False,4,True,False
2026100005,10081,,3,7,5,5,0,1,True,,True,3,False,5,True,False
2026100005,10081,,3,8,4,4,0,1,True,,False,3,True,4,True,False
2026100005,10081,,3,9,4,5,1,2,False,ROUGH,False,3,True,5,False,False
2026100005,10081,,3,10,5,4,-1,2,False,ROUGH,True,3,False,4,True,False
2026100005,10081,,3,11,3,3,0,3,,,True,1,False,3,True,False
2026100005,10081,,3,12,4,4,0,1,True,,True,2,False,4,True,False
2026100005,10081,,3,13,4,4,0,1,True,,True,2,False,4,True,False
2026100005,10081,,3,14,4,4,0,2,False,ROUGH,True,2,False,4,True,False
2026100005,10081,,3,15,4,3,-1,1,True,,True,2,False,3,True,False
2026100005,10081,,3,16,3,2,-1,3,,,True,1,False,2,True,False
2026100005,10081,,3,17,4,5,1,2,False,ROUGH,True,2,False,5,False,False
2026100005,10081,,3,18,5,5,0,2,False,ROUGH,True,3,False,5,True,False
2026100005,10081,,4,1,4,4,0,1,True,,False,3,True,4,True,False
2026100005,10081,,4,2,3,3,0,3,,,True,1,False,3,True,False
2026100005,10081,,4,3,4,4,0,1,True,,True,2,False,4,True,False
2026100005,10081,,4,4,5,5,0,1,True,,True,3,False,5,True,False
2026100005,10081,,4,5,3,3,0,3,,,True,1,False,3,True,False
2026100005,10081,,4,6,4,4,0,1,True,,True,2,False,4,True,False
2026100005,10081,,4,7,5,4,-1,1,True,,True,3,False,4,True,False
2026100005,10081,,4,8,4,3,-1,1,True,,True,2,False,3,True,False
2026100005,10081,,4,9,4,4,0,2,False,ROUGH,True,2,False,4,True,False
2026100005,10081,,4,10,5,5,0,1,True,,True,3,False,5,True,False
2026100005,10081,,4,11,3,4,1,3,,,True,1,False,4,False,False
2026100005,10081,,4,12,4,4,0,1,True,,True,2,False,4,True,False
2026100005,10081,,4,13,4,4,0,1,True,,True,2,False,4,True,False
2026100005,10081,,4,14,4,4,0,1,True,,False,3,True,4,True,False
2026100005,10081,,4,15,4,4,0,1,True,,False,3,True,4,True,False
2026100005,10081,,4,16,3,2,-1,3,,,True,1,False,2,True,False
2026100005,10081,,4,17,4,4,0,2,False,ROUGH,False,3,True,4,True,False
2026100005,10081,,4,18,5,5,0,1,True,,True,3,False,5,True,False
2026100005,10083,,1,1,4,4,0,1,True,,False,3,True,4,True,False
2026100005,10083,,1,2,3,3,0,3,,,True,1,False,3,True,False
2026100005,10083,,1,3,4,3,-1,1,True,,True,2,False,3,True,False
2026100005,10083,,1,4,5,6,1,1,True,,True,3,False,6,False,False
2026100005,10083,,1,5,3,3,0,3,,,True,1,False,3,True,False
2026100005,10083,,1,6,4,4,0,2,False,ROUGH,False,3,True,4,True,False
2026100005,10083,,1,7,5,5,0,2,False,ROUGH,True,3,False,5,True,False
2026100005,10083,,1,8,4,4,0,1,True,,False,3,True,4,True,False
2026100005,10083,,1,9,4,4,0,1,True,,True,2,False,4,True,False
2026100005,10083,,1,10,5,6,1,1,True,,False,4,True,6,False,False
2026100005,10083,,1,11,3,3,0,3,,,True,1,False,3,True,False
2026100005,10083,,1,12,4,5,1,1,True,,False,3,True,5,False,False
2026100005,10083,,1,13,4,4,0,1,True,,True,2,False,4,True,False
2026100005,10083,,1,14,4,5,1,1,True,,False,3,True,5,False,False
2026100005,10083,,1,15,4,4,0,1,True,,True,2,False,4,True,False
2026100005,10083,,1,16,3,3,0,3,,,True,1,False,3,True,False
2026100005,10083,,1,17,4,4,0,2,False,ROUGH,True,2,False,4,True,False
2026100005,10083,,1,18,5,5,0,2,False,ROUGH,False,4,True,5,True,False
2026100005,10083,,2,1,4,4,0,6,False,BUNKER,False,3,True,4,True,False
2026100005,10083,,2,2,3,3,0,12,,,False,2,True,3,True,False
2026100005,10083,,2,3,4,4,0,1,True,,True,2,False,4,True,False
2026100005,10083,,2,4,5,5,0,1,True,,True,3,False,5,True,False
2026100005,10083,,2,5,3,3,0,3,,,True,1,False,3,True,False
2026100005,10083,,2,6,4,4,0,1,True,,True,2,False,4,True,False
2026100005,10083,,2,7,5,6,1,1,True,,True,3,False,6,False,False
2026100005,10083,,2,8,4,4,0,1,True,,True,2,False,4,True,False
2026100005,10083,,2,9,4,5,1,2,False,ROUGH,False,4,True,5,False,False
2026100005,10083,,2,10,5,6,1,2,False,ROUGH,False,5,True,6,False,False
2026100005,10083,,2,11,3,4,1,9,,,False,3,True,4,False,False
2026100005,10083,,2,12,4,5,1,2,False,ROUGH,False,3,True,5,False,False
2026100005,10083,,2,13,4,4,0,1,True,,True,2,False,4,True,False
2026100005,10083,,2,14,4,5,1,2,False,ROUGH,False,4,True,5,False,False
2026100005,10083,,2,15,4,4,0,1,True,,False,3,True,4,True,False
2026100005,10083,,2,16,3,3,0,3,,,True,1,False,3,True,False
2026100005,10083,,2,17,4,4,0,2,False,ROUGH,True,2,False,4,True,False
2026100005,10083,,2,18,5,5,0,1,True,,True,3,False,5,True,False
2026100005,10083,,3,1,4,3,-1,1,True,,True,2,False,3,True,False
2026100005,10083,,3,2,3,2,-1,3,,,True,1,False,2,True,False
2026100005,10083,,3,3,4,4,0,1,True,,True,2,False,4,True,False
2026100005,10083,,3,4,5,5,0,1,True,,True,3,False,5,True,False
2026100005,10083,,3,5,3,3,0,3,,,True,1,False,3,True,False
2026100005,10083,,3,6,4,4,0,1,True,,True,2,False,4,True,False
2026100005,10083,,3,7,5,5,0,1,True,,True,3,False,5,True,False
2026100005,10083,,3,8,4,4,0,1,True,,True,2,False,4,True,False
2026100005,10083,,3,9,4,3,-1,2,False,ROUGH,True,2,False,3,True,False
2026100005,10083,,3,10,5,5,0,2,False,ROUGH,True,3,False,5,True,False
2026100005,10083,,3,11,3,4,1,2,,,False,2,True,4,False,False
2026100005,10083,,3,12,4,4,0,2,False,ROUGH,False,3,True,4,True,False
2026100005,10083,,3,13,4,4,0,2,False,ROUGH,True,2,False,4,True,False
2026100005,10083,,3,14,4,4,0,1,True,,True,2,False,4,True,False
2026100005,10083,,3,15,4,4,0,2,False,ROUGH,False,3,True,4,True,False
2026100005,10083,,3,16,3,3,0,12,,,False,2,True,3,True,False
2026100005,10083,,3,17,4,5,1,2,False,ROUGH,False,3,True,5,False,False
2026100005,10083,,3,18,5,5,0,2,False,ROUGH,True,3,False,5,True,False
2026100005,10083,,4,1,4,5,1,1,True,,False,3,True,5,False,False
2026100005,10083,,4,2,3,3,0,3,,,True,1,False,3,True,False
2026100005,10083,,4,3,4,4,0,1,True,,False,3,True,4,True,False
2026100005,10083,,4,4,5,4,-1,1,True,,True,3,False,4,True,False
2026100005,10083,,4,5,3,3,0,3,,,True,1,False,3,True,False
2026100005,10083,,4,6,4,3,-1,1,True,,True,2,False,3,True,False
2026100005,10083,,4,7,5,5,0,1,True,,True,3,False,5,True,False
2026100005,10083,,4,8,4,4,0,1,True,,True,2,False,4,True,False
2026100005,10083,,4,9,4,4,0,2,False,ROUGH,True,2,False,4,True,False
2026100005,10083,,4,10,5,4,-1,1,True,,True,3,False,4,True,False
2026100005,10083,,4,11,3,2,-1,3,,,True,1,False,2,True,False
2026100005,10083,,4,12,4,4,0,1,True,,True,2,False,4,True,False
2026100005,10083,,4,13,4,4,0,1,True,,False,3,True,4,True,False
2026100005,10083,,4,14,4,3,-1,1,True,,True,2,False,3,True,False
2026100005,10083,,4,15,4,5,1,1,True,,False,3,True,5,False,False
2026100005,10083,,4,16,3,3,0,2,,,False,2,True,3,True,False
2026100005,10083,,4,17,4,4,0,1,True,,True,2,False,4,True,False
2026100005,10083,,4,18,5,6,1,2,False,ROUGH,False,4,True,6,False,False
2026100005,10095,,1,1,4,4,0,1,True,,True,2,False,4,True,False
2026100005,10095,,1,2,3,2,-1,3,,,True,1,False,2,True,False
2026100005,10095,,1,3,4,4,0,1,True,,True,2,False,4,True,False
2026100005,10095,,1,4,5,4,-1,1,True,,True,3,False,4,True,False
2026100005,10095,,1,5,3,4,1,9,,,False,2,True,4,False,False
2026100005,10095,,1,6,4,4,0,2,False,ROUGH,False,3,True,4,True,False
2026100005,10095,,1,7,5,5,0,2,False,ROUGH,True,3,False,5,True,False
2026100005,10095,,1,8,4,5,1,1,True,,False,3,True,5,False,False
2026100005,10095,,1,9,4,3,-1,2,False,ROUGH,True,2,False,3,True,False
2026100005,10095,,1,10,5,5,0,2,False,ROUGH,True,3,False,5,True,False
2026100005,10095,,1,11,3,3,0,3,,,True,1,False,3,True,False
2026100005,10095,,1,12,4,4,0,1,True,,True,2,False,4,True,False
2026100005,10095,,1,13,4,4,0,2,False,ROUGH,True,2,False,4,True,False
2026100005,10095,,1,14,4,4,0,1,True,,False,3,True,4,True,False
2026100005,10095,,1,15,4,5,1,2,False,ROUGH,False,4,True,5,False,False
2026100005,10095,,1,16,3,4,1,3,,,True,1,False,4,False,False
2026100005,10095,,1,17,4,4,0,1,True,,False,3,True,4,True,False
2026100005,10095,,1,18,5,4,-1,2,False,ROUGH,True,3,False,4,True,False
2026100005,10095,,2,1,4,3,-1,1,True,,True,2,False,3,True,False
2026100005,10095,,2,2,3,5,2,5,,,False,3,True,5,False,False
2026100005,10095,,2,3,4,5,1,1,True,,False,3,True,5,False,False
2026100005,10095,,2,4,5,5,0,2,False,ROUGH,True,3,False,5,True,False
2026100005,10095,,2,5,3,3,0,12,,,False,2,True,3,True,False
2026100005,10095,,2,6,4,4,0,2,False,ROUGH,False,3,True,4,True,False
2026100005,10095,,2,7,5,7,2,2,False,ROUGH,False,5,True,7,False,False
2026100005,10095,,2,8,4,4,0,1,True,,True,2,False,4,True,False
2026100005,10095,,2,9,4,4,0,2,False,ROUGH,True,2,False,4,True,False
2026100005,10095,,2,10,5,6,1,1,True,,True,3,False,6,False,False
2026100005,10095,,2,11,3,3,0,2,,,False,2,True,3,True,False
2026100005,10095,,2,12,4,5,1,1,True,,True,2,False,5,False,False
2026100005,10095,,2,13,4,4,0,1,True,,True,2,False,4,True,False
2026100005,10095,,2,14,4,4,0,1,True,,True,2,False,4,True,False
2026100005,10095,,2,15,4,5,1,2,False,ROUGH,True,2,False,5,False,False
2026100005,10095,,2,16,3,3,0,2,,,False,2,True,3,True,False
2026100005,10095,,2,17,4,4,0,2,False,ROUGH,True,2,False,4,True,False
2026100005,10095,,2,18,5,5,0,1,True,,False,4,True,5,True,False
2026100005,10095,,3,1,4,4,0,1,True,,True,2,False,4,True,False
2026100005,10095,,3,2,3,3,0,2,,,False,2,True,3,True,False
2026100005,10095,,3,3,4,4,0,2,False,ROUGH,False,3,True,4,True,False
2026100005,10095,,3,4,5,5,0,1,True,,True,3,False,5,True,False
2026100005,10095,,3,5,3,3,0,3,,,True,1,False,3,True,False
2026100005,10095,,3,6,4,5,1,1,True,,True,2,False,5,False,False
2026100005,10095,,3,7,5,5,0,1,True,,True,3,False,5,True,False
2026100005,10095,,3,8,4,5,1,1,True,,False,3,True,5,False,False
2026100005,10095,,3,9,4,3,-1,1,True,,True,2,False,3,True,False
2026100005,10095,,3,10,5,5,0,2,False,ROUGH,True,3,False,5,True,False
2026100005,10095,,3,11,3,2,-1,3,,,True,1,False,2,True,False
2026100005,10095,,3,12,4,6,2,7,False,OTHER,False,4,True,6,False,False
2026100005,10095,,3,13,4,5,1,2,False,ROUGH,False,3,True,5,False,False
2026100005,10095,,3,14,4,4,0,1,True,,True,2,False,4,True,False
2026100005,10095,,3,15,4,4,0,1,True,,True,2,False,4,True,False
2026100005,10095,,3,16,3,3,0,3,,,True,1,False,3,True,False
2026100005,10095,,3,17,4,4,0,2,False,ROUGH,True,2,False,4,True,False
2026100005,10095,,3,18,5,4,-1,1,True,,True,3,False,4,True,False
2026100005,10095,,4,1,4,5,1,1,True,,True,2,False,5,False,False
2026100005,10095,,4,2,3,2,-1,3,,,True,1,False,2,True,False
2026100005,10095,,4,3,4,4,0,2,False,ROUGH,True,2,False,4,True,False
2026100005,10095,,4,4,5,5,0,1,True,,True,3,False,5,True,False
2026100005,10095,,4,5,3,3,0,3,,,True,1,False,3,True,False
2026100005,10095,,4,6,4,4,0,1,True,,True,2,False,4,True,False
2026100005,10095,,4,7,5,4,-1,1,True,,False,,True,4,True,False
2026100005,10095,,4,8,4,4,0,1,True,,True,2,False,4,True,False
2026100005,10095,,4,9,4,4,0,2,False,ROUGH,True,2,False,4,True,False
2026100005,10095,,4,10,5,5,0,1,True,,True,3,False,5,True,False
2026100005,10095,,4,11,3,3,0,2,,,False,2,True,3,True,False
2026100005,10095,,4,12,4,4,0,2,False,ROUGH,True,2,False,4,True,False
2026100005,10095,,4,13,4,4,0,6,False,BUNKER,True,2,False,4,True,False
2026100005,10095,,4,14,4,3,-1,1,True,,True,2,False,3,True,False
2026100005,10095,,4,15,4,4,0,1,True,,True,2,False,4,True,False
2026100005,10095,,4,16,3,2,-1,3,,,True,1,False,2,True,False
2026100005,10095,,4,17,4,4,0,2,False,ROUGH,True,2,False,4,True,False
2026100005,10095,,4,18,5,6,1,2,False,ROUGH,False,4,True,6,False,False
2026100005,10097,,1,1,4,4,0,1,True,,True,2,False,4,True,False
2026100005,10097,,1,2,3,3,0,3,,,True,1,False,3,True,False
2026100005,10097,,1,3,4,4,0,2,False,ROUGH,False,3,True,4,True,False
2026100005,10097,,1,4,5,5,0,2,False,ROUGH,True,3,False,5,True,False
2026100005,10097,,1,5,3,4,1,9,,,False,2,True,4,False,False
2026100005,10097,,1,6,4,4,0,1,True,,True,2,False,4,True,False
2026100005,10097,,1,7,5,6,1,1,True,,True,3,False,6,False,False
2026100005,10097,,1,8,4,6,2,2,False,ROUGH,False,4,True,6,False,False
2026100005,10097,,1,9,4,4,0,1,True,,True,2,False,4,True,False
2026100005,10097,,1,10,5,4,-1,2,False,ROUGH,False,,True,4,True,False
2026100005,10097,,1,11,3,3,0,3,,,True,1,False,3,True,False
2026100005,10097,,1,12,4,4,0,2,False,ROUGH,True,2,False,4,True,False
2026100005,10097,,1,13,4,5,1,1,True,,False,3,True,5,False,False
2026100005,10097,,1,14,4,4,0,1,True,,True,2,False,4,True,False
2026100005,10097,,1,15,4,5,1,1,True,,False,3,True,5,False,False
2026100005,10097,,1,16,3,3,0,3,,,True,1,False,3,True,False
2026100005,10097,,1,17,4,4,0,1,True,,True,2,False,4,True,False
2026100005,10097,,1,18,5,5,0,2,False,ROUGH,True,3,False,5,True,False
2026100005,10097,,2,1,4,4,0,1,True,,False,3,True,4,True,False
2026100005,10097,,2,2,3,3,0,3,,,True,1,False,3,True,False
2026100005,10097,,2,3,4,4,0,1,True,,True,2,False,4,True,False
2026100005,10097,,2,4,5,5,0,1,True,,False,4,True,5,True,False
2026100005,10097,,2,5,3,3,0,3,,,True,1,False,3,True,False
2026100005,10097,,2,6,4,4,0,1,True,,False,3,True,4,True,False
2026100005,10097,,2,7,5,5,0,1,True,,True,3,False,5,True,False
2026100005,10097,,2,8,4,4,0,2,False,ROUGH,False,3,True,4,True,False
2026100005,10097,,2,9,4,4,0,1,True,,True,2,False,4,True,False
2026100005,10097,,2,10,5,5,0,1,True,,False,4,True,5,True,False
2026100005,10097,,2,11,3,3,0,2,,,False,2,True,3,True,False
2026100005,10097,,2,12,4,4,0,1,True,,True,2,False,4,True,False
2026100005,10097,,2,13,4,4,0,2,False,ROUGH,False,3,True,4,True,False
2026100005,10097,,2,14,4,4,0,2,False,ROUGH,True,2,False,4,True,False
2026100005,10097,,2,15,4,4,0,1,True,,True,2,False,4,True,False
2026100005,10097,,2,16,3,3,0,3,,,True,1,False,3,True,False
2026100005,10097,,2,17,4,4,0,1,True,,True,2,False,4,True,False
2026100005,10097,,2,18,5,5,0,1,True,,True,3,False,5,True,False
2026100005,10097,,3,1,4,4,0,2,False,ROUGH,True,2,False,4,True,False
2026100005,10097,,3,2,3,5,2,3,,,True,1,False,5,False,False
2026100005,10097,,3,3,4,5,1,1,True,,False,4,True,5,False,False
2026100005,10097,,3,4,5,6,1,2,False,ROUGH,False,4,True,6,False,False
2026100005,10097,,3,5,3,3,0,3,,,True,1,False,3,True,False
2026100005,10097,,3,6,4,3,-1,1,True,,True,2,False,3,True,False
2026100005,10097,,3,7,5,5,0,1,True,,True,3,False,5,True,False
2026100005,10097,,3,8,4,4,0,1,True,,True,2,False,4,True,False
2026100005,10097,,3,9,4,5,1,2,False,ROUGH,False,3,True,5,False,False
2026100005,10097,,3,10,5,7,2,4,False,OB,False,5,True,7,False,False
2026100005,10097,,3,11,3,3,0,2,,,False,2,True,3,True,False
2026100005,10097,,3,12,4,4,0,1,True,,True,2,False,4,True,False
2026100005,10097,,3,13,4,3,-1,1,True,,True,2,False,3,True,False
2026100005,10097,,3,14,4,3,-1,1,True,,True,2,False,3,True,False
2026100005,10097,,3,15,4,4,0,2,False,ROUGH,False,3,True,4,True,False
2026100005,10097,,3,16,3,3,0,12,,,False,2,True,3,True,False
2026100005,10097,,3,17,4,4,0,1,True,,True,2,False,4,True,False
2026100005,10097,,3,18,5,5,0,1,True,,True,3,False,5,True,False
2026100005,10097,,4,1,4,5,1,2,False,ROUGH,False,3,True,5,False,False
2026100005,10097,,4,2,3,3,0,3,,,True,1,False,3,True,False
2026100005,10097,,4,3,4,4,0,1,True,,True,2,False,4,True,False
2026100005,10097,,4,4,5,4,-1,1,True,,True,3,False,4,True,False
2026100005,10097,,4,5,3,3,0,3,,,True,1,False,3,True,False
2026100005,10097,,4,6,4,6,2,7,False,OTHER,False,4,True,6,False,False
2026100005,10097,,4,7,5,5,0,1,True,,True,3,False,5,True,False
2026100005,10097,,4,8,4,3,-1,1,True,,True,2,False,3,True,False
2026100005,10097,,4,9,4,4,0,1,True,,True,2,False,4,True,False
2026100005,10097,,4,10,5,5,0,1,True,,True,3,False,5,True,False
2026100005,10097,,4,11,3,4,1,2,,,False,2,True,4,False,False
2026100005,10097,,4,12,4,4,0,1,True,,True,2,False,4,True,False
2026100005,10097,,4,13,4,5,1,2,False,ROUGH,False,3,True,5,False,False
2026100005,10097,,4,14,4,4,0,1,True,,False,3,True,4,True,False
2026100005,10097,,4,15,4,4,0,2,False,ROUGH,True,2,False,4,True,False
2026100005,10097,,4,16,3,2,-1,3,,,True,1,False,2,True,False
2026100005,10097,,4,17,4,4,0,1,True,,True,2,False,4,True,False
2026100005,10097,,4,18,5,5,0,1,True,,True,3,False,5,True,False
2026100005,10109,,1,1,4,5,1,1,True,,False,3,True,5,False,False
2026100005,10109,,1,2,3,3,0,3,,,True,1,False,3,True,False
2026100005,10109,,1,3,4,4,0,1,True,,False,3,True,4,True,False
2026100005,10109,,1,4,5,6,1,1,True,,True,3,False,6,False,False
2026100005,10109,,1,5,3,3,0,3,,,True,1,False,3,True,False
2026100005,10109,,1,6,4,4,0,1,True,,False,3,True,4,True,False
2026100005,10109,,1,7,5,5,0,1,True,,True,3,False,5,True,False
2026100005,10109,,1,8,4,5,1,1,True,,True,2,False,5,False,False
2026100005,10109,,1,9,4,4,0,2,False,ROUGH,False,3,True,4,True,False
2026100005,10109,,1,10,5,5,0,2,False,ROUGH,False,4,True,5,True,False
2026100005,10109,,1,11,3,3,0,3,,,True,1,False,3,True,False
2026100005,10109,,1,12,4,5,1,1,True,,True,2,False,5,False,False
2026100005,10109,,1,13,4,4,0,1,True,,True,2,False,4,True,False
2026100005,10109,,1,14,4,4,0,1,True,,False,3,True,4,True,False
2026100005,10109,,1,15,4,5,1,2,False,ROUGH,True,2,False,5,False,False
2026100005,10109,,1,16,3,3,0,12,,,False,2,True,3,True,False
2026100005,10109,,1,17,4,5,1,1,True,,False,3,True,5,False,False
2026100005,10109,,1,18,5,5,0,1,True,,False,4,True,5,True,False
2026100005,10109,,2,1,4,5,1,6,False,BUNKER,False,4,True,5,False,False
2026100005,10109,,2,2,3,3,0,3,,,True,1,False,3,True,False
2026100005,10109,,2,3,4,4,0,1,True,,True,2,False,4,True,False
2026100005,10109,,2,4,5,4,-1,2,False,ROUGH,True,3,False,4,True,False
2026100005,10109,,2,5,3,3,0,3,,,True,1,False,3,True,False
2026100005,10109,,2,6,4,5,1,2,False,ROUGH,False,3,True,5,False,False
2026100005,10109,,2,7,5,6,1,2,False,ROUGH,True,3,False,6,False,False
2026100005,10109,,2,8,4,5,1,2,False,ROUGH,False,3,True,5,False,False
2026100005,10109,,2,9,4,4,0,1,True,,True,2,False,4,True,False
2026100005,10109,,2,10,5,5,0,1,True,,True,3,False,5,True,False
2026100005,10109,,2,11,3,3,0,3,,,True,1,False,3,True,False
2026100005,10109,,2,12,4,5,1,1,True,,True,2,False,5,False,False
2026100005,10109,,2,13,4,3,-1,1,True,,True,2,False,3,True,False
2026100005,10109,,2,14,4,4,0,1,True,,False,3,True,4,True,False
2026100005,10109,,2,15,4,4,0,1,True,,False,3,True,4,True,False
2026100005,10109,,2,16,3,3,0,3,,,True,1,False,3,True,False
2026100005,10109,,2,17,4,4,0,1,True,,True,2,False,4,True,False
2026100005,10109,,2,18,5,5,0,1,True,,False,4,True,5,True,False
2026100005,10109,,3,1,4,4,0,1,True,,True,2,False,4,True,False
2026100005,10109,,3,2,3,4,1,3,,,True,1,False,4,False,False
2026100005,10109,,3,3,4,4,0,1,True,,True,2,False,4,True,False
2026100005,10109,,3,4,5,5,0,1,True,,True,3,False,5,True,False
2026100005,10109,,3,5,3,3,0,3,,,True,1,False,3,True,False
2026100005,10109,,3,6,4,4,0,1,True,,True,2,False,4,True,False
2026100005,10109,,3,7,5,4,-1,1,True,,True,3,False,4,True,False
2026100005,10109,,3,8,4,5,1,1,True,,True,2,False,5,False,False
2026100005,10109,,3,9,4,3,-1,1,True,,True,2,False,3,True,False
2026100005,10109,,3,10,5,5,0,1,True,,True,3,False,5,True,False
2026100005,10109,,3,11,3,3,0,3,,,True,1,False,3,True,False
2026100005,10109,,3,12,4,4,0,2,False,ROUGH,False,3,True,4,True,False
2026100005,10109,,3,13,4,3,-1,1,True,,True,2,False,3,True,False
2026100005,10109,,3,14,4,4,0,1,True,,False,3,True,4,True,False
2026100005,10109,,3,15,4,4,0,1,True,,False,3,True,4,True,False
2026100005,10109,,3,16,3,3,0,3,,,True,1,False,3,True,False
2026100005,10109,,3,17,4,4,0,2,False,ROUGH,True,2,False,4,True,False
2026100005,10109,,3,18,5,6,1,2,False,ROUGH,False,5,True,6,False,False
2026100005,10109,,4,1,4,5,1,1,True,,False,3,True,5,False,False
2026100005,10109,,4,2,3,4,1,2,,,False,2,True,4,False,False
2026100005,10109,,4,3,4,5,1,1,True,,False,3,True,5,False,False
2026100005,10109,,4,4,5,5,0,1,True,,False,4,True,5,True,False
2026100005,10109,,4,5,3,4,1,2,,,False,3,True,4,False,False
2026100005,10109,,4,6,4,5,1,2,False,ROUGH,False,3,True,5,False,False
2026100005,10109,,4,7,5,5,0,2,False,ROUGH,True,3,False,5,True,False
2026100005,10109,,4,8,4,4,0,2,False,ROUGH,True,2,False,4,True,False
2026100005,10109,,4,9,4,4,0,2,False,ROUGH,False,3,True,4,True,False
2026100005,10109,,4,10,5,5,0,1,True,,True,3,False,5,True,False
2026100005,10109,,4,11,3,2,-1,3,,,True,1,False,2,True,False
2026100005,10109,,4,12,4,4,0,2,False,ROUGH,True,2,False,4,True,False
2026100005,10109,,4,13,4,4,0,1,True,,True,2,False,4,True,False
2026100005,10109,,4,14,4,4,0,2,False,ROUGH,False,3,True,4,True,False
2026100005,10109,,4,15,4,5,1,1,True,,False,4,True,5,False,False
2026100005,10109,,4,16,3,3,0,3,,,True,1,False,3,True,False
2026100005,10109,,4,17,4,4,0,2,False,ROUGH,True,2,False,4,True,False
2026100005,10109,,4,18,5,5,0,1,True,,True,3,False,5,True,False
2026100005,10112,,1,1,4,6,2,6,False,BUNKER,False,4,True,6,False,False
2026100005,10112,,1,2,3,5,2,5,,,False,3,True,5,False,False
2026100005,10112,,1,3,4,5,1,2,False,ROUGH,True,2,False,5,False,False
2026100005,10112,,1,4,5,6,1,1,True,,False,4,True,6,False,False
2026100005,10112,,1,5,3,3,0,3,,,True,1,False,3,True,False
2026100005,10112,,1,6,4,4,0,1,True,,True,2,False,4,True,False
2026100005,10112,,1,7,5,5,0,1,True,,True,3,False,5,True,False
2026100005,10112,,1,8,4,4,0,2,False,ROUGH,False,3,True,4,True,False
2026100005,10112,,1,9,4,3,-1,1,True,,True,2,False,3,True,False
2026100005,10112,,1,10,5,4,-1,2,False,ROUGH,True,3,False,4,True,False
2026100005,10112,,1,11,3,3,0,3,,,True,1,False,3,True,False
2026100005,10112,,1,12,4,4,0,2,False,ROUGH,True,2,False,4,True,False
2026100005,10112,,1,13,4,4,0,1,True,,True,2,False,4,True,False
2026100005,10112,,1,14,4,5,1,2,False,ROUGH,False,3,True,5,False,False
2026100005,10112,,1,15,4,4,0,2,False,ROUGH,False,3,True,4,True,False
2026100005,10112,,1,16,3,5,2,5,,,False,4,True,5,False,False
2026100005,10112,,1,17,4,4,0,1,True,,True,2,False,4,True,False
2026100005,10112,,1,18,5,7,2,1,True,,False,4,True,7,False,False
2026100005,10112,고지우,2,1,4,,,,,,,,,,,True
2026100005,10112,고지우,2,2,3,,,,,,,,,,,True
2026100005,10112,고지우,2,3,4,,,,,,,,,,,True
2026100005,10112,고지우,2,4,5,,,,,,,,,,,True
2026100005,10112,고지우,2,5,3,,,,,,,,,,,True
2026100005,10112,고지우,2,6,4,,,,,,,,,,,True
2026100005,10112,고지우,2,7,5,,,,,,,,,,,True
2026100005,10112,고지우,2,8,4,,,,,,,,,,,True
2026100005,10112,고지우,2,9,4,,,,,,,,,,,True
2026100005,10112,고지우,2,10,5,,,,,,,,,,,True
2026100005,10112,고지우,2,11,3,,,,,,,,,,,True
2026100005,10112,고지우,2,12,4,,,,,,,,,,,True
2026100005,10112,고지우,2,13,4,,,,,,,,,,,True
2026100005,10112,고지우,2,14,4,,,,,,,,,,,True
2026100005,10112,고지우,2,15,4,,,,,,,,,,,True
2026100005,10112,고지우,2,16,3,,,,,,,,,,,True
2026100005,10112,고지우,2,17,4,,,,,,,,,,,True
2026100005,10112,고지우,2,18,5,,,,,,,,,,,True
2026100005,10138,,1,1,4,4,0,1,True,,True,2,False,4,True,False
2026100005,10138,,1,2,3,2,-1,3,,,True,1,False,2,True,False
2026100005,10138,,1,3,4,4,0,1,True,,False,3,True,4,True,False
2026100005,10138,,1,4,5,5,0,1,True,,True,3,False,5,True,False
2026100005,10138,,1,5,3,3,0,12,,,False,2,True,3,True,False
2026100005,10138,,1,6,4,4,0,2,False,ROUGH,False,3,True,4,True,False
2026100005,10138,,1,7,5,5,0,2,False,ROUGH,True,3,False,5,True,False
2026100005,10138,,1,8,4,4,0,1,True,,True,2,False,4,True,False
2026100005,10138,,1,9,4,4,0,1,True,,True,2,False,4,True,False
2026100005,10138,,1,10,5,7,2,7,False,OTHER,False,6,True,7,False,False
2026100005,10138,,1,11,3,2,-1,3,,,True,1,False,2,True,False
2026100005,10138,,1,12,4,5,1,2,False,ROUGH,False,3,True,5,False,False
2026100005,10138,,1,13,4,4,0,1,True,,True,2,False,4,True,False
2026100005,10138,,1,14,4,4,0,1,True,,True,2,False,4,True,False
2026100005,10138,,1,15,4,4,0,1,True,,True,2,False,4,True,False
2026100005,10138,,1,16,3,3,0,3,,,True,1,False,3,True,False
2026100005,10138,,1,17,4,4,0,2,False,ROUGH,True,2,False,4,True,False
2026100005,10138,,1,18,5,5,0,1,True,,True,3,False,5,True,False
2026100005,10138,,2,1,4,5,1,1,True,,False,3,True,5,False,False
2026100005,10138,,2,2,3,3,0,3,,,True,1,False,3,True,False
2026100005,10138,,2,3,4,4,0,1,True,,False,3,True,4,True,False
2026100005,10138,,2,4,5,4,-1,2,False,ROUGH,True,3,False,4,True,False
2026100005,10138,,2,5,3,3,0,3,,,True,1,False,3,True,False
2026100005,10138,,2,6,4,4,0,1,True,,False,3,True,4,True,False
2026100005,10138,,2,7,5,5,0,1,True,,True,3,False,5,True,False
2026100005,10138,,2,8,4,5,1,2,False,ROUGH,False,3,True,5,False,False
2026100005,10138,,2,9,4,4,0,2,False,ROUGH,True,2,False,4,True,False
2026100005,10138,,2,10,5,5,0,2,False,ROUGH,False,4,True,5,True,False
2026100005,10138,,2,11,3,3,0,12,,,False,2,True,3,True,False
2026100005,10138,,2,12,4,4,0,2,False,ROUGH,True,2,False,4,True,False
2026100005,10138,,2,13,4,4,0,2,False,ROUGH,True,2,False,4,True,False
2026100005,10138,,2,14,4,4,0,2,False,ROUGH,False,3,True,4,True,False
2026100005,10138,,2,15,4,5,1,1,True,,False,3,True,5,False,False
2026100005,10138,,2,16,3,3,0,3,,,True,1,False,3,True,False
2026100005,10138,,2,17,4,5,1,1,True,,True,2,False,5,False,False
2026100005,10138,,2,18,5,5,0,1,True,,False,4,True,5,True,False
2026100005,10138,,3,1,4,5,1,1,True,,True,2,False,5,False,False
2026100005,10138,,3,2,3,3,0,2,,,False,2,True,3,True,False
2026100005,10138,,3,3,4,4,0,1,True,,True,2,False,4,True,False
2026100005,10138,,3,4,5,5,0,1,True,,True,3,False,5,True,False
2026100005,10138,,3,5,3,3,0,3,,,True,1,False,3,True,False
2026100005,10138,,3,6,4,3,-1,1,True,,True,2,False,3,True,False
2026100005,10138,,3,7,5,5,0,1,True,,True,3,False,5,True,False
2026100005,10138,,3,8,4,4,0,1,True,,False,3,True,4,True,False
2026100005,10138,,3,9,4,3,-1,2,False,ROUGH,True,2,False,3,True,False
2026100005,10138,,3,10,5,5,0,2,False,ROUGH,True,3,False,5,True,False
2026100005,10138,,3,11,3,3,0,3,,,True,1,False,3,True,False
2026100005,10138,,3,12,4,5,1,6,False,BUNKER,False,3,True,5,False,False
2026100005,10138,,3,13,4,4,0,1,True,,False,3,True,4,True,False
2026100005,10138,,3,14,4,4,0,1,True,,True,2,False,4,True,False
2026100005,10138,,3,15,4,5,1,1,True,,False,3,True,5,False,False
2026100005,10138,,3,16,3,3,0,3,,,True,1,False,3,True,False
2026100005,10138,,3,17,4,4,0,2,False,ROUGH,False,3,True,4,True,False
2026100005,10138,,3,18,5,5,0,2,False,ROUGH,False,4,True,5,True,False
2026100005,10138,,4,1,4,4,0,1,True,,False,3,True,4,True,False
2026100005,10138,,4,2,3,3,0,12,,,False,2,True,3,True,False
2026100005,10138,,4,3,4,4,0,1,True,,True,2,False,4,True,False
2026100005,10138,,4,4,5,5,0,1,True,,True,3,False,5,True,False
2026100005,10138,,4,5,3,3,0,9,,,False,2,True,3,True,False
2026100005,10138,,4,6,4,4,0,1,True,,True,2,False,4,True,False
2026100005,10138,,4,7,5,5,0,2,False,ROUGH,True,3,False,5,True,False
2026100005,10138,,4,8,4,4,0,1,True,,True,2,False,4,True,False
2026100005,10138,,4,9,4,4,0,1,True,,True,2,False,4,True,False
2026100005,10138,,4,10,5,5,0,1,True,,True,3,False,5,True,False
2026100005,10138,,4,11,3,3,0,12,,,False,2,True,3,True,False
2026100005,10138,,4,12,4,4,0,2,False,ROUGH,True,2,False,4,True,False
2026100005,10138,,4,13,4,5,1,2,False,ROUGH,False,3,True,5,False,False
2026100005,10138,,4,14,4,4,0,1,True,,True,2,False,4,True,False
2026100005,10138,,4,15,4,5,1,2,False,ROUGH,True,2,False,5,False,False
2026100005,10138,,4,16,3,3,0,3,,,True,1,False,3,True,False
2026100005,10138,,4,17,4,4,0,1,True,,True,2,False,4,True,False
2026100005,10138,,4,18,5,7,2,2,False,ROUGH,False,5,True,7,False,False
2026100005,10139,,1,1,4,4,0,1,True,,True,2,False,4,True,False
2026100005,10139,,1,2,3,3,0,3,,,True,1,False,3,True,False
2026100005,10139,,1,3,4,4,0,1,True,,True,2,False,4,True,False
2026100005,10139,,1,4,5,4,-1,1,True,,True,3,False,4,True,False
2026100005,10139,,1,5,3,3,0,3,,,True,1,False,3,True,False
2026100005,10139,,1,6,4,4,0,1,True,,False,3,True,4,True,False
2026100005,10139,,1,7,5,5,0,2,False,ROUGH,False,4,True,5,True,False
2026100005,10139,,1,8,4,7,3,7,False,OTHER,False,5,True,7,False,False
2026100005,10139,,1,9,4,4,0,2,False,ROUGH,True,2,False,4,True,False
2026100005,10139,,1,10,5,5,0,2,False,ROUGH,True,3,False,5,True,False
2026100005,10139,,1,11,3,3,0,3,,,True,1,False,3,True,False
2026100005,10139,,1,12,4,5,1,2,False,ROUGH,False,4,True,5,False,False
2026100005,10139,,1,13,4,4,0,1,True,,True,2,False,4,True,False
2026100005,10139,,1,14,4,4,0,1,True,,True,2,False,4,True,False
2026100005,10139,,1,15,4,4,0,2,False,ROUGH,True,2,False,4,True,False
2026100005,10139,,1,16,3,4,1,3,,,True,1,False,4,False,False
2026100005,10139,,1,17,4,7,3,7,False,OTHER,False,6,True,7,False,False
2026100005,10139,,1,18,5,6,1,1,True,,True,3,False,6,False,False
2026100005,10139,,2,1,4,4,0,1,True,,True,2,False,4,True,False
2026100005,10139,,2,2,3,6,3,5,,,False,4,True,6,False,False
2026100005,10139,,2,3,4,4,0,1,True,,True,2,False,4,True,False
2026100005,10139,,2,4,5,5,0,1,True,,True,3,False,5,True,False
2026100005,10139,,2,5,3,4,1,3,,,True,1,False,4,False,False
2026100005,10139,,2,6,4,5,1,1,True,,False,3,True,5,False,False
2026100005,10139,,2,7,5,5,0,2,False,ROUGH,False,4,True,5,True,False
2026100005,10139,,2,8,4,3,-1,1,True,,True,2,False,3,True,False
2026100005,10139,,2,9,4,4,0,2,False,ROUGH,True,2,False,4,True,False
2026100005,10139,,2,10,5,6,1,2,False,ROUGH,False,4,True,6,False,False
2026100005,10139,,2,11,3,3,0,3,,,True,1,False,3,True,False
2026100005,10139,,2,12,4,8,4,2,False,ROUGH,False,5,True,8,False,False
2026100005,10139,,2,13,4,5,1,2,False,ROUGH,False,3,True,5,False,False
2026100005,10139,,2,14,4,3,-1,1,True,,True,2,False,3,True,False
2026100005,10139,,2,15,4,3,-1,1,True,,True,2,False,3,True,False
2026100005,10139,,2,16,3,2,-1,3,,,True,1,False,2,True,False
2026100005,10139,,2,17,4,4,0,1,True,,True,2,False,4,True,False
2026100005,10139,,2,18,5,6,1,1,True,,False,4,True,6,False,False
2026100005,10178,,1,1,4,4,0,6,False,BUNKER,True,2,False,4,True,False
2026100005,10178,,1,2,3,3,0,3,,,True,1,False,3,True,False
2026100005,10178,,1,3,4,4,0,1,True,,False,3,True,4,True,False
2026100005,10178,,1,4,5,5,0,1,True,,True,3,False,5,True,False
2026100005,10178,,1,5,3,4,1,3,,,True,1,False,4,False,False
2026100005,10178,,1,6,4,4,0,2,False,ROUGH,True,2,False,4,True,False
2026100005,10178,,1,7,5,5,0,2,False,ROUGH,True,3,False,5,True,False
2026100005,10178,,1,8,4,7,3,2,False,ROUGH,False,6,True,7,False,False
2026100005,10178,,1,9,4,4,0,2,False,ROUGH,False,3,True,4,True,False
2026100005,10178,,1,10,5,7,2,2,False,ROUGH,False,6,True,7,False,False
2026100005,10178,,1,11,3,3,0,3,,,True,1,False,3,True,False
2026100005,10178,,1,12,4,5,1,2,False,ROUGH,False,3,True,5,False,False
2026100005,10178,,1,13,4,5,1,1,True,,False,3,True,5,False,False
2026100005,10178,,1,14,4,4,0,1,True,,True,2,False,4,True,False
2026100005,10178,,1,15,4,4,0,2,False,ROUGH,False,3,True,4,True,False
2026100005,10178,,1,16,3,3,0,2,,,False,2,True,3,True,False
2026100005,10178,,1,17,4,4,0,1,True,,True,2,False,4,True,False
2026100005,10178,,1,18,5,5,0,2,False,ROUGH,False,4,True,5,True,False
2026100005,10178,,2,1,4,5,1,6,False,BUNKER,False,4,True,5,False,False
2026100005,10178,,2,2,3,2,-1,3,,,True,1,False,2,True,False
2026100005,10178,,2,3,4,5,1,2,False,ROUGH,False,3,True,5,False,False
2026100005,10178,,2,4,5,5,0,2,False,ROUGH,True,3,False,5,True,False
2026100005,10178,,2,5,3,3,0,3,,,True,1,False,3,True,False
2026100005,10178,,2,6,4,6,2,2,False,ROUGH,False,4,True,6,False,False
2026100005,10178,,2,7,5,5,0,1,True,,False,4,True,5,True,False
2026100005,10178,,2,8,4,4,0,1,True,,False,3,True,4,True,False
2026100005,10178,,2,9,4,4,0,1,True,,True,2,False,4,True,False
2026100005,10178,,2,10,5,6,1,2,False,ROUGH,False,4,True,6,False,False
2026100005,10178,,2,11,3,3,0,3,,,True,1,False,3,True,False
2026100005,10178,,2,12,4,7,3,5,False,PENALTY,False,5,True,7,False,False
2026100005,10178,,2,13,4,5,1,5,False,PENALTY,False,4,True,5,False,False
2026100005,10178,,2,14,4,5,1,2,False,ROUGH,False,3,True,5,False,False
2026100005,10178,,2,15,4,5,1,2,False,ROUGH,False,3,True,5,False,False
2026100005,10178,,2,16,3,3,0,2,,,False,2,True,3,True,False
2026100005,10178,,2,17,4,4,0,1,True,,True,2,False,4,True,False
2026100005,10178,,2,18,5,4,-1,1,True,,True,3,False,4,True,False
2026100005,10296,,1,1,4,4,0,1,True,,True,2,False,4,True,False
2026100005,10296,,1,2,3,2,-1,3,,,True,1,False,2,True,False
2026100005,10296,,1,3,4,3,-1,1,True,,True,2,False,3,True,False
2026100005,10296,,1,4,5,5,0,1,True,,True,3,False,5,True,False
2026100005,10296,,1,5,3,3,0,9,,,False,2,True,3,True,False
2026100005,10296,,1,6,4,4,0,1,True,,False,3,True,4,True,False
2026100005,10296,,1,7,5,4,-1,1,True,,True,3,False,4,True,False
2026100005,10296,,1,8,4,4,0,2,False,ROUGH,False,3,True,4,True,False
2026100005,10296,,1,9,4,4,0,2,False,ROUGH,True,2,False,4,True,False
2026100005,10296,,1,10,5,5,0,1,True,,True,3,False,5,True,False
2026100005,10296,,1,11,3,4,1,3,,,True,1,False,4,False,False
2026100005,10296,,1,12,4,3,-1,1,True,,True,2,False,3,True,False
2026100005,10296,,1,13,4,4,0,1,True,,True,2,False,4,True,False
2026100005,10296,,1,14,4,5,1,2,False,ROUGH,False,3,True,5,False,False
2026100005,10296,,1,15,4,4,0,2,False,ROUGH,True,2,False,4,True,False
2026100005,10296,,1,16,3,3,0,3,,,True,1,False,3,True,False
2026100005,10296,,1,17,4,5,1,2,False,ROUGH,True,2,False,5,False,False
2026100005,10296,,1,18,5,5,0,1,True,,True,3,False,5,True,False
2026100005,10296,,2,1,4,4,0,1,True,,False,3,True,4,True,False
2026100005,10296,,2,2,3,3,0,12,,,False,2,True,3,True,False
2026100005,10296,,2,3,4,4,0,1,True,,True,2,False,4,True,False
2026100005,10296,,2,4,5,5,0,1,True,,True,3,False,5,True,False
2026100005,10296,,2,5,3,3,0,3,,,True,1,False,3,True,False
2026100005,10296,,2,6,4,5,1,1,True,,False,3,True,5,False,False
2026100005,10296,,2,7,5,5,0,1,True,,True,3,False,5,True,False
2026100005,10296,,2,8,4,5,1,2,False,ROUGH,False,3,True,5,False,False
2026100005,10296,,2,9,4,4,0,2,False,ROUGH,True,2,False,4,True,False
2026100005,10296,,2,10,5,5,0,1,True,,False,4,True,5,True,False
2026100005,10296,,2,11,3,2,-1,12,,,False,,True,2,True,False
2026100005,10296,,2,12,4,4,0,2,False,ROUGH,False,3,True,4,True,False
2026100005,10296,,2,13,4,3,-1,1,True,,True,2,False,3,True,False
2026100005,10296,,2,14,4,6,2,2,False,ROUGH,False,4,True,6,False,False
2026100005,10296,,2,15,4,5,1,2,False,ROUGH,True,2,False,5,False,False
2026100005,10296,,2,16,3,3,0,5,,,False,2,True,3,True,False
2026100005,10296,,2,17,4,4,0,2,False,ROUGH,False,3,True,4,True,False
2026100005,10296,,2,18,5,5,0,2,False,ROUGH,True,3,False,5,True,False
2026100005,10296,,3,1,4,4,0,1,True,,True,2,False,4,True,False
2026100005,10296,,3,2,3,3,0,3,,,True,1,False,3,True,False
2026100005,10296,,3,3,4,4,0,1,True,,False,3,True,4,True,False
2026100005,10296,,3,4,5,5,0,2,False,ROUGH,False,4,True,5,True,False
2026100005,10296,,3,5,3,3,0,3,,,True,1,False,3,True,False
2026100005,10296,,3,6,4,3,-1,1,True,,True,2,False,3,True,False
2026100005,10296,,3,7,5,6,1,1,True,,False,4,True,6,False,False
2026100005,10296,,3,8,4,5,1,2,False,ROUGH,False,4,True,5,False,False
2026100005,10296,,3,9,4,3,-1,1,True,,True,2,False,3,True,False
2026100005,10296,,3,10,5,6,1,1,True,,True,3,False,6,False,False
2026100005,10296,,3,11,3,4,1,2,,,False,2,True,4,False,False
2026100005,10296,,3,12,4,5,1,1,True,,True,2,False,5,False,False
2026100005,10296,,3,13,4,4,0,1,True,,False,3,True,4,True,False
2026100005,10296,,3,14,4,5,1,1,True,,False,3,True,5,False,False
2026100005,10296,,3,15,4,4,0,2,False,ROUGH,True,2,False,4,True,False
2026100005,10296,,3,16,3,3,0,3,,,True,1,False,3,True,False
2026100005,10296,,3,17,4,4,0,2,False,ROUGH,True,2,False,4,True,False
2026100005,10296,,3,18,5,6,1,1,True,,True,3,False,6,False,False
2026100005,10296,,4,1,4,5,1,2,False,ROUGH,False,3,True,5,False,False
2026100005,10296,,4,2,3,5,2,5,,,False,3,True,5,False,False
2026100005,10296,,4,3,4,4,0,2,False,ROUGH,True,2,False,4,True,False
2026100005,10296,,4,4,5,4,-1,1,True,,True,3,False,4,True,False
2026100005,10296,,4,5,3,3,0,3,,,True,1,False,3,True,False
2026100005,10296,,4,6,4,4,0,1,True,,True,2,False,4,True,False
2026100005,10296,,4,7,5,5,0,1,True,,True,3,False,5,True,False
2026100005,10296,,4,8,4,4,0,1,True,,True,2,False,4,True,False
2026100005,10296,,4,9,4,5,1,2,False,ROUGH,False,3,True,5,False,False
2026100005,10296,,4,10,5,5,0,1,True,,True,3,False,5,True,False
2026100005,10296,,4,11,3,2,-1,3,,,True,1,False,2,True,False
2026100005,10296,,4,12,4,4,0,1,True,,True,2,False,4,True,False
2026100005,10296,,4,13,4,4,0,1,True,,True,2,False,4,True,False
2026100005,10296,,4,14,4,4,0,1,True,,True,2,False,4,True,False
2026100005,10296,,4,15,4,5,1,1,True,,True,2,False,5,False,False
2026100005,10296,,4,16,3,3,0,3,,,True,1,False,3,True,False
2026100005,10296,,4,17,4,3,-1,1,True,,True,2,False,3,True,False
2026100005,10296,,4,18,5,5,0,2,False,ROUGH,True,3,False,5,True,False
2026100005,10481,,1,1,4,4,0,1,True,,True,2,False,4,True,False
2026100005,10481,,1,2,3,4,1,3,,,True,1,False,4,False,False
2026100005,10481,,1,3,4,5,1,1,True,,False,4,True,5,False,False
2026100005,10481,,1,4,5,4,-1,1,True,,True,3,False,4,True,False
2026100005,10481,,1,5,3,3,0,3,,,True,1,False,3,True,False
2026100005,10481,,1,6,4,4,0,2,False,ROUGH,True,2,False,4,True,False
2026100005,10481,,1,7,5,5,0,6,False,BUNKER,True,3,False,5,True,False
2026100005,10481,,1,8,4,4,0,2,False,ROUGH,False,3,True,4,True,False
2026100005,10481,,1,9,4,4,0,2,False,ROUGH,True,2,False,4,True,False
2026100005,10481,,1,10,5,5,0,1,True,,False,4,True,5,True,False
2026100005,10481,,1,11,3,3,0,3,,,True,1,False,3,True,False
2026100005,10481,,1,12,4,5,1,1,True,,True,2,False,5,False,False
2026100005,10481,,1,13,4,4,0,1,True,,True,2,False,4,True,False
2026100005,10481,,1,14,4,4,0,2,False,ROUGH,False,3,True,4,True,False
2026100005,10481,,1,15,4,4,0,1,True,,True,2,False,4,True,False
2026100005,10481,,1,16,3,2,-1,3,,,True,1,False,2,True,False
2026100005,10481,,1,17,4,4,0,1,True,,False,3,True,4,True,False
2026100005,10481,,1,18,5,5,0,2,False,ROUGH,True,3,False,5,True,False
2026100005,10481,,2,1,4,4,0,1,True,,True,2,False,4,True,False
2026100005,10481,,2,2,3,3,0,3,,,True,1,False,3,True,False
2026100005,10481,,2,3,4,4,0,2,False,ROUGH,False,3,True,4,True,False
2026100005,10481,,2,4,5,5,0,6,False,BUNKER,True,3,False,5,True,False
2026100005,10481,,2,5,3,3,0,3,,,True,1,False,3,True,False
2026100005,10481,,2,6,4,5,1,2,False,ROUGH,False,4,True,5,False,False
2026100005,10481,,2,7,5,5,0,2,False,ROUGH,True,3,False,5,True,False
2026100005,10481,,2,8,4,4,0,1,True,,False,3,True,4,True,False
2026100005,10481,,2,9,4,4,0,2,False,ROUGH,False,3,True,4,True,False
2026100005,10481,,2,10,5,5,0,2,False,ROUGH,True,3,False,5,True,False
2026100005,10481,,2,11,3,4,1,2,,,False,2,True,4,False,False
2026100005,10481,,2,12,4,4,0,1,True,,True,2,False,4,True,False
2026100005,10481,,2,13,4,5,1,6,False,BUNKER,False,3,True,5,False,False
2026100005,10481,,2,14,4,4,0,2,False,ROUGH,False,3,True,4,True,False
2026100005,10481,,2,15,4,3,-1,2,False,ROUGH,False,,True,3,True,False
2026100005,10481,,2,16,3,3,0,3,,,True,1,False,3,True,False
2026100005,10481,,2,17,4,4,0,2,False,ROUGH,True,2,False,4,True,False
2026100005,10481,,2,18,5,5,0,1,True,,True,3,False,5,True,False
2026100005,10481,,3,1,4,6,2,2,False,ROUGH,False,3,True,6,False,False
2026100005,10481,,3,2,3,3,0,3,,,True,1,False,3,True,False
2026100005,10481,,3,3,4,5,1,2,False,ROUGH,False,4,True,5,False,False
2026100005,10481,,3,4,5,5,0,1,True,,False,4,True,5,True,False
2026100005,10481,,3,5,3,3,0,3,,,True,1,False,3,True,False
2026100005,10481,,3,6,4,4,0,1,True,,True,2,False,4,True,False
2026100005,10481,,3,7,5,5,0,1,True,,True,3,False,5,True,False
2026100005,10481,,3,8,4,6,2,7,False,OTHER,False,5,True,6,False,False
2026100005,10481,,3,9,4,4,0,1,True,,True,2,False,4,True,False
2026100005,10481,,3,10,5,5,0,2,False,ROUGH,True,3,False,5,True,False
2026100005,10481,,3,11,3,3,0,3,,,True,1,False,3,True,False
2026100005,10481,,3,12,4,4,0,1,True,,True,2,False,4,True,False
2026100005,10481,,3,13,4,4,0,2,False,ROUGH,False,3,True,4,True,False
2026100005,10481,,3,14,4,4,0,1,True,,False,3,True,4,True,False
2026100005,10481,,3,15,4,4,0,2,False,ROUGH,True,2,False,4,True,False
2026100005,10481,,3,16,3,5,2,5,,,False,3,True,5,False,False
2026100005,10481,,3,17,4,5,1,2,False,ROUGH,True,2,False,5,False,False
2026100005,10481,,3,18,5,5,0,1,True,,True,3,False,5,True,False
2026100005,10481,,4,1,4,4,0,1,True,,True,2,False,4,True,False
2026100005,10481,,4,2,3,3,0,3,,,True,1,False,3,True,False
2026100005,10481,,4,3,4,4,0,2,False,ROUGH,True,2,False,4,True,False
2026100005,10481,,4,4,5,5,0,1,True,,True,3,False,5,True,False
2026100005,10481,,4,5,3,3,0,3,,,True,1,False,3,True,False
2026100005,10481,,4,6,4,4,0,1,True,,True,2,False,4,True,False
2026100005,10481,,4,7,5,4,-1,1,True,,True,3,False,4,True,False
2026100005,10481,,4,8,4,4,0,1,True,,True,2,False,4,True,False
2026100005,10481,,4,9,4,4,0,1,True,,True,2,False,4,True,False
2026100005,10481,,4,10,5,6,1,2,False,ROUGH,False,4,True,6,False,False
2026100005,10481,,4,11,3,3,0,3,,,True,1,False,3,True,False
2026100005,10481,,4,12,4,5,1,1,True,,False,3,True,5,False,False
2026100005,10481,,4,13,4,4,0,1,True,,True,2,False,4,True,False
2026100005,10481,,4,14,4,5,1,2,False,ROUGH,True,2,False,5,False,False
2026100005,10481,,4,15,4,5,1,2,False,ROUGH,False,3,True,5,False,False
2026100005,10481,,4,16,3,3,0,3,,,True,1,False,3,True,False
2026100005,10481,,4,17,4,4,0,1,True,,True,2,False,4,True,False
2026100005,10481,,4,18,5,5,0,2,False,ROUGH,True,3,False,5,True,False
2026100005,10531,,1,1,4,4,0,1,True,,True,2,False,4,True,False
2026100005,10531,,1,2,3,4,1,3,,,True,1,False,4,False,False
2026100005,10531,,1,3,4,4,0,1,True,,True,2,False,4,True,False
2026100005,10531,,1,4,5,5,0,1,True,,True,3,False,5,True,False
2026100005,10531,,1,5,3,3,0,3,,,True,1,False,3,True,False
2026100005,10531,,1,6,4,3,-1,1,True,,True,2,False,3,True,False
2026100005,10531,,1,7,5,4,-1,1,True,,True,3,False,4,True,False
2026100005,10531,,1,8,4,5,1,2,False,ROUGH,False,3,True,5,False,False
2026100005,10531,,1,9,4,4,0,2,False,ROUGH,True,2,False,4,True,False
2026100005,10531,,1,10,5,5,0,1,True,,False,4,True,5,True,False
2026100005,10531,,1,11,3,3,0,2,,,False,2,True,3,True,False
2026100005,10531,,1,12,4,5,1,2,False,ROUGH,True,2,False,5,False,False
2026100005,10531,,1,13,4,4,0,2,False,ROUGH,True,2,False,4,True,False
2026100005,10531,,1,14,4,5,1,2,False,ROUGH,False,3,True,5,False,False
2026100005,10531,,1,15,4,4,0,1,True,,True,2,False,4,True,False
2026100005,10531,,1,16,3,3,0,3,,,True,1,False,3,True,False
2026100005,10531,,1,17,4,5,1,1,True,,False,3,True,5,False,False
2026100005,10531,,1,18,5,5,0,1,True,,True,3,False,5,True,False
2026100005,10531,,2,1,4,4,0,1,True,,True,2,False,4,True,False
2026100005,10531,,2,2,3,3,0,3,,,True,1,False,3,True,False
2026100005,10531,,2,3,4,5,1,1,True,,False,3,True,5,False,False
2026100005,10531,,2,4,5,5,0,1,True,,False,4,True,5,True,False
2026100005,10531,,2,5,3,3,0,3,,,True,1,False,3,True,False
2026100005,10531,,2,6,4,4,0,2,False,ROUGH,False,3,True,4,True,False
2026100005,10531,,2,7,5,4,-1,1,True,,True,3,False,4,True,False
2026100005,10531,,2,8,4,5,1,2,False,ROUGH,False,3,True,5,False,False
2026100005,10531,,2,9,4,4,0,2,False,ROUGH,False,3,True,4,True,False
2026100005,10531,,2,10,5,5,0,2,False,ROUGH,False,4,True,5,True,False
2026100005,10531,,2,11,3,4,1,2,,,False,3,True,4,False,False
2026100005,10531,,2,12,4,5,1,1,True,,False,3,True,5,False,False
2026100005,10531,,2,13,4,4,0,1,True,,True,2,False,4,True,False
2026100005,10531,,2,14,4,4,0,2,False,ROUGH,True,2,False,4,True,False
2026100005,10531,,2,15,4,4,0,2,False,ROUGH,True,2,False,4,True,False
2026100005,10531,,2,16,3,3,0,3,,,True,1,False,3,True,False
2026100005,10531,,2,17,4,4,0,1,True,,False,3,True,4,True,False
2026100005,10531,,2,18,5,6,1,1,True,,True,3,False,6,False,False
2026100005,10531,,3,1,4,4,0,2,False,ROUGH,False,3,True,4,True,False
2026100005,10531,,3,2,3,3,0,2,,,False,,True,3,True,False
2026100005,10531,,3,3,4,4,0,2,False,ROUGH,False,3,True,4,True,False
2026100005,10531,,3,4,5,4,-1,1,True,,True,3,False,4,True,False
2026100005,10531,,3,5,3,2,-1,3,,,True,1,False,2,True,False
2026100005,10531,,3,6,4,4,0,2,False,ROUGH,False,3,True,4,True,False
2026100005,10531,,3,7,5,5,0,2,False,ROUGH,True,3,False,5,True,False
2026100005,10531,,3,8,4,3,-1,1,True,,True,2,False,3,True,False
2026100005,10531,,3,9,4,4,0,2,False,ROUGH,True,2,False,4,True,False
2026100005,10531,,3,10,5,5,0,2,False,ROUGH,True,3,False,5,True,False
2026100005,10531,,3,11,3,3,0,3,,,True,1,False,3,True,False
2026100005,10531,,3,12,4,5,1,1,True,,True,2,False,5,False,False
2026100005,10531,,3,13,4,4,0,6,False,BUNKER,False,3,True,4,True,False
2026100005,10531,,3,14,4,4,0,1,True,,False,3,True,4,True,False
2026100005,10531,,3,15,4,4,0,2,False,ROUGH,True,2,False,4,True,False
2026100005,10531,,3,16,3,3,0,3,,,True,1,False,3,True,False
2026100005,10531,,3,17,4,4,0,2,False,ROUGH,False,3,True,4,True,False
2026100005,10531,,3,18,5,4,-1,2,False,ROUGH,True,3,False,4,True,False
2026100005,10531,,4,1,4,4,0,6,False,BUNKER,False,3,True,4,True,False
2026100005,10531,,4,2,3,4,1,2,,,False,2,True,4,False,False
2026100005,10531,,4,3,4,4,0,1,True,,True,2,False,4,True,False
2026100005,10531,,4,4,5,5,0,2,False,ROUGH,True,3,False,5,True,False
2026100005,10531,,4,5,3,3,0,3,,,True,1,False,3,True,False
2026100005,10531,,4,6,4,4,0,1,True,,True,2,False,4,True,False
2026100005,10531,,4,7,5,4,-1,1,True,,True,3,False,4,True,False
2026100005,10531,,4,8,4,4,0,1,True,,True,2,False,4,True,False
2026100005,10531,,4,9,4,4,0,2,False,ROUGH,False,3,True,4,True,False
2026100005,10531,,4,10,5,5,0,1,True,,True,3,False,5,True,False
2026100005,10531,,4,11,3,3,0,3,,,True,1,False,3,True,False
2026100005,10531,,4,12,4,4,0,2,False,ROUGH,True,2,False,4,True,False
2026100005,10531,,4,13,4,4,0,2,False,ROUGH,True,2,False,4,True,False
2026100005,10531,,4,14,4,5,1,1,True,,False,3,True,5,False,False
2026100005,10531,,4,15,4,4,0,1,True,,False,3,True,4,True,False
2026100005,10531,,4,16,3,3,0,3,,,True,1,False,3,True,False
2026100005,10531,,4,17,4,4,0,2,False,ROUGH,False,3,True,4,True,False
2026100005,10531,,4,18,5,5,0,2,False,ROUGH,True,3,False,5,True,False
2026100005,10577,,1,1,4,5,1,1,True,,False,3,True,5,False,False
2026100005,10577,,1,2,3,3,0,3,,,True,1,False,3,True,False
2026100005,10577,,1,3,4,5,1,1,True,,False,3,True,5,False,False
2026100005,10577,,1,4,5,6,1,2,False,ROUGH,False,4,True,6,False,False
2026100005,10577,,1,5,3,3,0,3,,,True,1,False,3,True,False
2026100005,10577,,1,6,4,3,-1,1,True,,True,2,False,3,True,False
2026100005,10577,,1,7,5,4,-1,1,True,,True,3,False,4,True,False
2026100005,10577,,1,8,4,4,0,1,True,,False,3,True,4,True,False
2026100005,10577,,1,9,4,4,0,1,True,,True,2,False,4,True,False
2026100005,10577,,1,10,5,5,0,1,True,,True,3,False,5,True,False
2026100005,10577,,1,11,3,4,1,12,,,False,2,True,4,False,False
2026100005,10577,,1,12,4,4,0,2,False,ROUGH,True,2,False,4,True,False
2026100005,10577,,1,13,4,4,0,1,True,,True,2,False,4,True,False
2026100005,10577,,1,14,4,5,1,1,True,,False,3,True,5,False,False
2026100005,10577,,1,15,4,4,0,1,True,,True,2,False,4,True,False
2026100005,10577,,1,16,3,3,0,3,,,True,1,False,3,True,False
2026100005,10577,,1,17,4,4,0,1,True,,False,3,True,4,True,False
2026100005,10577,,1,18,5,5,0,1,True,,True,3,False,5,True,False
2026100005,10577,,2,1,4,3,-1,1,True,,True,2,False,3,True,False
2026100005,10577,,2,2,3,3,0,3,,,True,1,False,3,True,False
2026100005,10577,,2,3,4,6,2,1,True,,False,4,True,6,False,False
2026100005,10577,,2,4,5,5,0,1,True,,True,3,False,5,True,False
2026100005,10577,,2,5,3,2,-1,3,,,True,1,False,2,True,False
2026100005,10577,,2,6,4,4,0,1,True,,False,3,True,4,True,False
2026100005,10577,,2,7,5,4,-1,1,True,,True,3,False,4,True,False
2026100005,10577,,2,8,4,4,0,2,False,ROUGH,False,3,True,4,True,False
2026100005,10577,,2,9,4,4,0,1,True,,True,2,False,4,True,False
2026100005,10577,,2,10,5,5,0,1,True,,False,4,True,5,True,False
2026100005,10577,,2,11,3,3,0,3,,,True,1,False,3,True,False
2026100005,10577,,2,12,4,4,0,1,True,,True,2,False,4,True,False
2026100005,10577,,2,13,4,5,1,1,True,,True,2,False,5,False,False
2026100005,10577,,2,14,4,6,2,2,False,ROUGH,False,3,True,6,False,False
2026100005,10577,,2,15,4,4,0,1,True,,True,2,False,4,True,False
2026100005,10577,,2,16,3,3,0,3,,,True,1,False,3,True,False
2026100005,10577,,2,17,4,3,-1,2,False,ROUGH,True,2,False,3,True,False
2026100005,10577,,2,18,5,5,0,1,True,,True,3,False,5,True,False
2026100005,10577,,3,1,4,4,0,1,True,,False,3,True,4,True,False
2026100005,10577,,3,2,3,4,1,2,,,False,3,True,4,False,False
2026100005,10577,,3,3,4,4,0,1,True,,True,2,False,4,True,False
2026100005,10577,,3,4,5,4,-1,1,True,,True,3,False,4,True,False
2026100005,10577,,3,5,3,3,0,3,,,True,1,False,3,True,False
2026100005,10577,,3,6,4,4,0,1,True,,True,2,False,4,True,False
2026100005,10577,,3,7,5,4,-1,1,True,,True,3,False,4,True,False
2026100005,10577,,3,8,4,5,1,2,False,ROUGH,False,3,True,5,False,False
2026100005,10577,,3,9,4,5,1,2,False,ROUGH,True,2,False,5,False,False
2026100005,10577,,3,10,5,5,0,1,True,,True,3,False,5,True,False
2026100005,10577,,3,11,3,2,-1,3,,,True,1,False,2,True,False
2026100005,10577,,3,12,4,3,-1,1,True,,True,2,False,3,True,False
2026100005,10577,,3,13,4,5,1,1,True,,False,3,True,5,False,False
2026100005,10577,,3,14,4,4,0,1,True,,True,2,False,4,True,False
2026100005,10577,,3,15,4,4,0,2,False,ROUGH,True,2,False,4,True,False
2026100005,10577,,3,16,3,3,0,3,,,True,1,False,3,True,False
2026100005,10577,,3,17,4,4,0,1,True,,True,2,False,4,True,False
2026100005,10577,,3,18,5,5,0,1,True,,True,3,False,5,True,False
2026100005,10577,,4,1,4,4,0,1,True,,True,2,False,4,True,False
2026100005,10577,,4,2,3,2,-1,3,,,True,1,False,2,True,False
2026100005,10577,,4,3,4,4,0,1,True,,True,2,False,4,True,False
2026100005,10577,,4,4,5,6,1,1,True,,False,4,True,6,False,False
2026100005,10577,,4,5,3,3,0,3,,,True,1,False,3,True,False
2026100005,10577,,4,6,4,5,1,1,True,,False,3,True,5,False,False
2026100005,10577,,4,7,5,5,0,2,False,ROUGH,False,4,True,5,True,False
2026100005,10577,,4,8,4,3,-1,1,True,,True,2,False,3,True,False
2026100005,10577,,4,9,4,4,0,1,True,,True,2,False,4,True,False
2026100005,10577,,4,10,5,5,0,2,False,ROUGH,True,3,False,5,True,False
2026100005,10577,,4,11,3,2,-1,3,,,True,1,False,2,True,False
2026100005,10577,,4,12,4,4,0,1,True,,True,2,False,4,True,False
2026100005,10577,,4,13,4,3,-1,1,True,,True,2,False,3,True,False
2026100005,10577,,4,14,4,4,0,2,False,ROUGH,True,2,False,4,True,False
2026100005,10577,,4,15,4,5,1,1,True,,False,3,True,5,False,False
2026100005,10577,,4,16,3,3,0,3,,,True,1,False,3,True,False
2026100005,10577,,4,17,4,3,-1,2,False,ROUGH,False,,True,3,True,False
2026100005,10577,,4,18,5,5,0,2,False,ROUGH,True,3,False,5,True,False
2026100005,10586,,1,1,4,5,1,1,True,,False,3,True,5,False,False
2026100005,10586,,1,2,3,2,-1,3,,,True,1,False,2,True,False
2026100005,10586,,1,3,4,5,1,1,True,,False,3,True,5,False,False
2026100005,10586,,1,4,5,5,0,1,True,,False,4,True,5,True,False
2026100005,10586,,1,5,3,3,0,3,,,True,1,False,3,True,False
2026100005,10586,,1,6,4,5,1,1,True,,False,3,True,5,False,False
2026100005,10586,,1,7,5,5,0,2,False,ROUGH,True,3,False,5,True,False
2026100005,10586,,1,8,4,4,0,1,True,,True,2,False,4,True,False
2026100005,10586,,1,9,4,4,0,1,True,,True,2,False,4,True,False
2026100005,10586,,1,10,5,5,0,1,True,,True,3,False,5,True,False
2026100005,10586,,1,11,3,2,-1,12,,,False,,True,2,True,False
2026100005,10586,,1,12,4,4,0,2,False,ROUGH,True,2,False,4,True,False
2026100005,10586,,1,13,4,4,0,1,True,,True,2,False,4,True,False
2026100005,10586,,1,14,4,4,0,1,True,,False,3,True,4,True,False
2026100005,10586,,1,15,4,5,1,2,False,ROUGH,False,3,True,5,False,False
2026100005,10586,,1,16,3,3,0,3,,,True,1,False,3,True,False
2026100005,10586,,1,17,4,4,0,1,True,,True,2,False,4,True,False
2026100005,10586,,1,18,5,5,0,2,False,ROUGH,True,3,False,5,True,False
2026100005,10586,,2,1,4,4,0,1,True,,True,2,False,4,True,False
2026100005,10586,,2,2,3,3,0,3,,,True,1,False,3,True,False
2026100005,10586,,2,3,4,4,0,1,True,,True,2,False,4,True,False
2026100005,10586,,2,4,5,5,0,1,True,,True,3,False,5,True,False
2026100005,10586,,2,5,3,4,1,3,,,True,1,False,4,False,False
2026100005,10586,,2,6,4,4,0,1,True,,True,2,False,4,True,False
2026100005,10586,,2,7,5,5,0,1,True,,True,3,False,5,True,False
2026100005,10586,,2,8,4,4,0,1,True,,True,2,False,4,True,False
2026100005,10586,,2,9,4,4,0,1,True,,True,2,False,4,True,False
2026100005,10586,,2,10,5,5,0,1,True,,True,3,False,5,True,False
2026100005,10586,,2,11,3,5,2,2,,,False,3,True,5,False,False
2026100005,10586,,2,12,4,3,-1,1,True,,True,2,False,3,True,False
2026100005,10586,,2,13,4,4,0,6,False,BUNKER,False,3,True,4,True,False
2026100005,10586,,2,14,4,4,0,1,True,,True,2,False,4,True,False
2026100005,10586,,2,15,4,4,0,1,True,,True,2,False,4,True,False
2026100005,10586,,2,16,3,3,0,3,,,True,1,False,3,True,False
2026100005,10586,,2,17,4,5,1,2,False,ROUGH,False,3,True,5,False,False
2026100005,10586,,2,18,5,4,-1,1,True,,True,3,False,4,True,False
2026100005,10586,,3,1,4,4,0,1,True,,True,2,False,4,True,False
2026100005,10586,,3,2,3,4,1,3,,,True,1,False,4,False,False
2026100005,10586,,3,3,4,4,0,1,True,,True,2,False,4,True,False
2026100005,10586,,3,4,5,5,0,1,True,,True,3,False,5,True,False
2026100005,10586,,3,5,3,3,0,3,,,True,1,False,3,True,False
2026100005,10586,,3,6,4,4,0,1,True,,True,2,False,4,True,False
2026100005,10586,,3,7,5,5,0,1,True,,False,4,True,5,True,False
2026100005,10586,,3,8,4,4,0,1,True,,True,2,False,4,True,False
2026100005,10586,,3,9,4,5,1,2,False,ROUGH,False,4,True,5,False,False
2026100005,10586,,3,10,5,5,0,1,True,,True,3,False,5,True,False
2026100005,10586,,3,11,3,2,-1,3,,,True,1,False,2,True,False
2026100005,10586,,3,12,4,4,0,2,False,ROUGH,False,3,True,4,True,False
2026100005,10586,,3,13,4,4,0,1,True,,False,3,True,4,True,False
2026100005,10586,,3,14,4,4,0,2,False,ROUGH,True,2,False,4,True,False
2026100005,10586,,3,15,4,4,0,1,True,,False,3,True,4,True,False
2026100005,10586,,3,16,3,2,-1,3,,,True,1,False,2,True,False
2026100005,10586,,3,17,4,4,0,1,True,,True,2,False,4,True,False
2026100005,10586,,3,18,5,5,0,1,True,,True,3,False,5,True,False
2026100005,10586,,4,1,4,3,-1,2,False,ROUGH,True,2,False,3,True,False
2026100005,10586,,4,2,3,4,1,5,,,False,3,True,4,False,False
2026100005,10586,,4,3,4,4,0,1,True,,True,2,False,4,True,False
2026100005,10586,,4,4,5,5,0,1,True,,True,3,False,5,True,False
2026100005,10586,,4,5,3,2,-1,3,,,True,1,False,2,True,False
2026100005,10586,,4,6,4,4,0,1,True,,True,2,False,4,True,False
2026100005,10586,,4,7,5,5,0,1,True,,True,3,False,5,True,False
2026100005,10586,,4,8,4,4,0,2,False,ROUGH,False,3,True,4,True,False
2026100005,10586,,4,9,4,4,0,2,False,ROUGH,True,2,False,4,True,False
2026100005,10586,,4,10,5,5,0,1,True,,True,3,False,5,True,False
2026100005,10586,,4,11,3,3,0,3,,,True,1,False,3,True,False
2026100005,10586,,4,12,4,6,2,2,False,ROUGH,False,4,True,6,False,False
2026100005,10586,,4,13,4,4,0,2,False,ROUGH,False,3,True,4,True,False
2026100005,10586,,4,14,4,3,-1,1,True,,True,2,False,3,True,False
2026100005,10586,,4,15,4,4,0,2,False,ROUGH,True,2,False,4,True,False
2026100005,10586,,4,16,3,3,0,3,,,True,1,False,3,True,False
2026100005,10586,,4,17,4,4,0,1,True,,True,2,False,4,True,False
2026100005,10586,,4,18,5,4,-1,2,False,ROUGH,True,3,False,4,True,False
2026100005,10725,,1,1,4,4,0,6,False,BUNKER,False,3,True,4,True,False
2026100005,10725,,1,2,3,3,0,3,,,True,1,False,3,True,False
2026100005,10725,,1,3,4,4,0,1,True,,True,2,False,4,True,False
2026100005,10725,,1,4,5,5,0,6,False,BUNKER,True,3,False,5,True,False
2026100005,10725,,1,5,3,3,0,3,,,True,1,False,3,True,False
2026100005,10725,,1,6,4,4,0,2,False,ROUGH,False,3,True,4,True,False
2026100005,10725,,1,7,5,4,-1,1,True,,True,3,False,4,True,False
2026100005,10725,,1,8,4,4,0,2,False,ROUGH,False,3,True,4,True,False
2026100005,10725,,1,9,4,3,-1,1,True,,True,2,False,3,True,False
2026100005,10725,,1,10,5,4,-1,2,False,ROUGH,True,3,False,4,True,False
2026100005,10725,,1,11,3,4,1,12,,,False,2,True,4,False,False
2026100005,10725,,1,12,4,4,0,1,True,,True,2,False,4,True,False
2026100005,10725,,1,13,4,4,0,1,True,,True,2,False,4,True,False
2026100005,10725,,1,14,4,4,0,1,True,,False,3,True,4,True,False
2026100005,10725,,1,15,4,4,0,1,True,,True,2,False,4,True,False
2026100005,10725,,1,16,3,3,0,3,,,True,1,False,3,True,False
2026100005,10725,,1,17,4,4,0,1,True,,True,2,False,4,True,False
2026100005,10725,,1,18,5,5,0,2,False,ROUGH,True,3,False,5,True,False
2026100005,10725,,2,1,4,4,0,1,True,,False,3,True,4,True,False
2026100005,10725,,2,2,3,3,0,3,,,True,1,False,3,True,False
2026100005,10725,,2,3,4,3,-1,2,False,ROUGH,True,2,False,3,True,False
2026100005,10725,,2,4,5,5,0,2,False,ROUGH,True,3,False,5,True,False
2026100005,10725,,2,5,3,3,0,3,,,True,1,False,3,True,False
2026100005,10725,,2,6,4,4,0,1,True,,False,3,True,4,True,False
2026100005,10725,,2,7,5,5,0,2,False,ROUGH,True,3,False,5,True,False
2026100005,10725,,2,8,4,4,0,2,False,ROUGH,False,3,True,4,True,False
2026100005,10725,,2,9,4,4,0,1,True,,False,3,True,4,True,False
2026100005,10725,,2,10,5,5,0,1,True,,True,3,False,5,True,False
2026100005,10725,,2,11,3,2,-1,3,,,True,1,False,2,True,False
2026100005,10725,,2,12,4,4,0,1,True,,True,2,False,4,True,False
2026100005,10725,,2,13,4,4,0,1,True,,True,2,False,4,True,False
2026100005,10725,,2,14,4,4,0,1,True,,True,2,False,4,True,False
2026100005,10725,,2,15,4,5,1,2,False,ROUGH,False,3,True,5,False,False
2026100005,10725,,2,16,3,2,-1,3,,,True,1,False,2,True,False
2026100005,10725,,2,17,4,4,0,1,True,,True,2,False,4,True,False
2026100005,10725,,2,18,5,5,0,2,False,ROUGH,True,3,False,5,True,False
2026100005,10725,,3,1,4,4,0,6,False,BUNKER,True,2,False,4,True,False
2026100005,10725,,3,2,3,4,1,2,,,False,3,True,4,False,False
2026100005,10725,,3,3,4,4,0,1,True,,True,2,False,4,True,False
2026100005,10725,,3,4,5,5,0,2,False,ROUGH,True,3,False,5,True,False
2026100005,10725,,3,5,3,3,0,3,,,True,1,False,3,True,False
2026100005,10725,,3,6,4,5,1,2,False,ROUGH,False,3,True,5,False,False
2026100005,10725,,3,7,5,4,-1,1,True,,True,3,False,4,True,False
2026100005,10725,,3,8,4,5,1,1,True,,False,4,True,5,False,False
2026100005,10725,,3,9,4,4,0,1,True,,True,2,False,4,True,False
2026100005,10725,,3,10,5,5,0,1,True,,False,4,True,5,True,False
2026100005,10725,,3,11,3,4,1,12,,,False,2,True,4,False,False
2026100005,10725,,3,12,4,4,0,1,True,,True,2,False,4,True,False
2026100005,10725,,3,13,4,4,0,6,False,BUNKER,False,3,True,4,True,False
2026100005,10725,,3,14,4,6,2,5,False,PENALTY,False,4,True,6,False,False
2026100005,10725,,3,15,4,4,0,2,False,ROUGH,False,3,True,4,True,False
2026100005,10725,,3,16,3,3,0,3,,,True,1,False,3,True,False
2026100005,10725,,3,17,4,4,0,1,True,,True,2,False,4,True,False
2026100005,10725,,3,18,5,5,0,1,True,,True,3,False,5,True,False
2026100005,10725,,4,1,4,3,-1,1,True,,False,,True,3,True,False
2026100005,10725,,4,2,3,3,0,3,,,True,1,False,3,True,False
2026100005,10725,,4,3,4,4,0,1,True,,True,2,False,4,True,False
2026100005,10725,,4,4,5,4,-1,1,True,,True,3,False,4,True,False
2026100005,10725,,4,5,3,3,0,3,,,True,1,False,3,True,False
2026100005,10725,,4,6,4,4,0,1,True,,True,2,False,4,True,False
2026100005,10725,,4,7,5,5,0,2,False,ROUGH,True,3,False,5,True,False
2026100005,10725,,4,8,4,4,0,1,True,,True,2,False,4,True,False
2026100005,10725,,4,9,4,4,0,2,False,ROUGH,True,2,False,4,True,False
2026100005,10725,,4,10,5,5,0,1,True,,True,3,False,5,True,False
2026100005,10725,,4,11,3,4,1,12,,,False,3,True,4,False,False
2026100005,10725,,4,12,4,4,0,1,True,,True,2,False,4,True,False
2026100005,10725,,4,13,4,4,0,2,False,ROUGH,True,2,False,4,True,False
2026100005,10725,,4,14,4,4,0,1,True,,True,2,False,4,True,False
2026100005,10725,,4,15,4,4,0,1,True,,True,2,False,4,True,False
2026100005,10725,,4,16,3,3,0,12,,,False,2,True,3,True,False
2026100005,10725,,4,17,4,4,0,1,True,,False,3,True,4,True,False
2026100005,10725,,4,18,5,5,0,1,True,,True,3,False,5,True,False
2026100005,10726,,1,1,4,5,1,1,True,,False,3,True,5,False,False
2026100005,10726,,1,2,3,3,0,2,,,False,2,True,3,True,False
2026100005,10726,,1,3,4,5,1,1,True,,False,3,True,5,False,False
2026100005,10726,,1,4,5,5,0,2,False,ROUGH,False,4,True,5,True,False
2026100005,10726,,1,5,3,3,0,12,,,False,2,True,3,True,False
2026100005,10726,,1,6,4,4,0,1,True,,True,2,False,4,True,False
2026100005,10726,,1,7,5,5,0,6,False,BUNKER,True,3,False,5,True,False
2026100005,10726,,1,8,4,4,0,1,True,,False,3,True,4,True,False
2026100005,10726,,1,9,4,3,-1,1,True,,True,2,False,3,True,False
2026100005,10726,,1,10,5,6,1,2,False,ROUGH,True,3,False,6,False,False
2026100005,10726,,1,11,3,3,0,2,,,False,2,True,3,True,False
2026100005,10726,,1,12,4,4,0,2,False,ROUGH,False,3,True,4,True,False
2026100005,10726,,1,13,4,4,0,1,True,,True,2,False,4,True,False
2026100005,10726,,1,14,4,4,0,1,True,,False,3,True,4,True,False
2026100005,10726,,1,15,4,4,0,1,True,,True,2,False,4,True,False
2026100005,10726,,1,16,3,3,0,3,,,True,1,False,3,True,False
2026100005,10726,,1,17,4,4,0,2,False,ROUGH,True,2,False,4,True,False
2026100005,10726,,1,18,5,5,0,1,True,,True,3,False,5,True,False
2026100005,10726,,2,1,4,4,0,6,False,BUNKER,True,2,False,4,True,False
2026100005,10726,,2,2,3,3,0,3,,,True,1,False,3,True,False
2026100005,10726,,2,3,4,4,0,1,True,,True,2,False,4,True,False
2026100005,10726,,2,4,5,5,0,1,True,,True,3,False,5,True,False
2026100005,10726,,2,5,3,3,0,2,,,False,2,True,3,True,False
2026100005,10726,,2,6,4,4,0,1,True,,True,2,False,4,True,False
2026100005,10726,,2,7,5,5,0,1,True,,True,3,False,5,True,False
2026100005,10726,,2,8,4,3,-1,1,True,,True,2,False,3,True,False
2026100005,10726,,2,9,4,4,0,2,False,ROUGH,True,2,False,4,True,False
2026100005,10726,,2,10,5,6,1,2,False,ROUGH,False,4,True,6,False,False
2026100005,10726,,2,11,3,2,-1,3,,,True,1,False,2,True,False
2026100005,10726,,2,12,4,4,0,1,True,,True,2,False,4,True,False
2026100005,10726,,2,13,4,3,-1,1,True,,True,2,False,3,True,False
2026100005,10726,,2,14,4,5,1,2,False,ROUGH,False,3,True,5,False,False
2026100005,10726,,2,15,4,4,0,1,True,,True,2,False,4,True,False
2026100005,10726,,2,16,3,3,0,3,,,True,1,False,3,True,False
2026100005,10726,,2,17,4,4,0,1,True,,True,2,False,4,True,False
2026100005,10726,,2,18,5,5,0,1,True,,True,3,False,5,True,False
2026100005,10726,,3,1,4,4,0,2,False,ROUGH,False,3,True,4,True,False
2026100005,10726,,3,2,3,3,0,2,,,False,2,True,3,True,False
2026100005,10726,,3,3,4,4,0,1,True,,True,2,False,4,True,False
2026100005,10726,,3,4,5,5,0,1,True,,True,3,False,5,True,False
2026100005,10726,,3,5,3,3,0,3,,,True,1,False,3,True,False
2026100005,10726,,3,6,4,4,0,1,True,,True,2,False,4,True,False
2026100005,10726,,3,7,5,5,0,1,True,,True,3,False,5,True,False
2026100005,10726,,3,8,4,5,1,2,False,ROUGH,False,4,True,5,False,False
2026100005,10726,,3,9,4,4,0,1,True,,False,3,True,4,True,False
2026100005,10726,,3,10,5,5,0,1,True,,True,3,False,5,True,False
2026100005,10726,,3,11,3,3,0,3,,,True,1,False,3,True,False
2026100005,10726,,3,12,4,4,0,1,True,,True,2,False,4,True,False
2026100005,10726,,3,13,4,5,1,2,False,ROUGH,False,3,True,5,False,False
2026100005,10726,,3,14,4,4,0,1,True,,True,2,False,4,True,False
2026100005,10726,,3,15,4,4,0,2,False,ROUGH,False,3,True,4,True,False
2026100005,10726,,3,16,3,5,2,5,,,False,3,True,5,False,False
2026100005,10726,,3,17,4,4,0,1,True,,True,2,False,4,True,False
2026100005,10726,,3,18,5,5,0,1,True,,False,4,True,5,True,False
2026100005,10726,,4,1,4,4,0,1,True,,True,2,False,4,True,False
2026100005,10726,,4,2,3,3,0,2,,,False,2,True,3,True,False
2026100005,10726,,4,3,4,4,0,1,True,,True,2,False,4,True,False
2026100005,10726,,4,4,5,4,-1,1,True,,True,3,False,4,True,False
2026100005,10726,,4,5,3,3,0,3,,,True,1,False,3,True,False
2026100005,10726,,4,6,4,4,0,2,False,ROUGH,True,2,False,4,True,False
2026100005,10726,,4,7,5,4,-1,1,True,,True,3,False,4,True,False
2026100005,10726,,4,8,4,4,0,2,False,ROUGH,False,3,True,4,True,False
2026100005,10726,,4,9,4,4,0,2,False,ROUGH,True,2,False,4,True,False
2026100005,10726,,4,10,5,6,1,2,False,ROUGH,True,3,False,6,False,False
2026100005,10726,,4,11,3,4,1,2,,,False,3,True,4,False,False
2026100005,10726,,4,12,4,5,1,1,True,,False,3,True,5,False,False
2026100005,10726,,4,13,4,5,1,6,False,BUNKER,False,3,True,5,False,False
2026100005,10726,,4,14,4,3,-1,1,True,,True,2,False,3,True,False
2026100005,10726,,4,15,4,5,1,1,True,,True,2,False,5,False,False
2026100005,10726,,4,16,3,5,2,5,,,False,4,True,5,False,False
2026100005,10726,,4,17,4,4,0,2,False,ROUGH,True,2,False,4,True,False
2026100005,10726,,4,18,5,5,0,1,True,,True,3,False,5,True,False
2026100005,10727,,1,1,4,5,1,1,True,,True,2,False,5,False,False
2026100005,10727,,1,2,3,2,-1,3,,,True,1,False,2,True,False
2026100005,10727,,1,3,4,4,0,1,True,,True,2,False,4,True,False
2026100005,10727,,1,4,5,5,0,2,False,ROUGH,False,4,True,5,True,False
2026100005,10727,,1,5,3,3,0,3,,,True,1,False,3,True,False
2026100005,10727,,1,6,4,4,0,1,True,,True,2,False,4,True,False
2026100005,10727,,1,7,5,5,0,1,True,,True,3,False,5,True,False
2026100005,10727,,1,8,4,5,1,2,False,ROUGH,True,2,False,5,False,False
2026100005,10727,,1,9,4,3,-1,1,True,,True,2,False,3,True,False
2026100005,10727,,1,10,5,5,0,1,True,,True,3,False,5,True,False
2026100005,10727,,1,11,3,3,0,3,,,True,1,False,3,True,False
2026100005,10727,,1,12,4,6,2,2,False,ROUGH,False,4,True,6,False,False
2026100005,10727,,1,13,4,4,0,1,True,,True,2,False,4,True,False
2026100005,10727,,1,14,4,4,0,1,True,,True,2,False,4,True,False
2026100005,10727,,1,15,4,4,0,1,True,,True,2,False,4,True,False
2026100005,10727,,1,16,3,3,0,3,,,True,1,False,3,True,False
2026100005,10727,,1,17,4,4,0,2,False,ROUGH,False,3,True,4,True,False
2026100005,10727,,1,18,5,5,0,1,True,,True,3,False,5,True,False
2026100005,10727,,2,1,4,4,0,2,False,ROUGH,False,3,True,4,True,False
2026100005,10727,,2,2,3,3,0,3,,,True,1,False,3,True,False
2026100005,10727,,2,3,4,5,1,1,True,,False,3,True,5,False,False
2026100005,10727,,2,4,5,7,2,7,False,OTHER,False,5,True,7,False,False
2026100005,10727,,2,5,3,3,0,3,,,True,1,False,3,True,False
2026100005,10727,,2,6,4,5,1,1,True,,False,4,True,5,False,False
2026100005,10727,,2,7,5,5,0,1,True,,True,3,False,5,True,False
2026100005,10727,,2,8,4,4,0,2,False,ROUGH,True,2,False,4,True,False
2026100005,10727,,2,9,4,4,0,1,True,,True,2,False,4,True,False
2026100005,10727,,2,10,5,5,0,2,False,ROUGH,False,4,True,5,True,False
2026100005,10727,,2,11,3,4,1,3,,,True,1,False,4,False,False
2026100005,10727,,2,12,4,5,1,6,False,BUNKER,False,3,True,5,False,False
2026100005,10727,,2,13,4,5,1,6,False,BUNKER,False,4,True,5,False,False
2026100005,10727,,2,14,4,5,1,1,True,,False,4,True,5,False,False
2026100005,10727,,2,15,4,4,0,2,False,ROUGH,True,2,False,4,True,False
2026100005,10727,,2,16,3,3,0,3,,,True,1,False,3,True,False
2026100005,10727,,2,17,4,5,1,1,True,,True,2,False,5,False,False
2026100005,10727,,2,18,5,6,1,2,False,ROUGH,False,4,True,6,False,False
2026100005,10789,,1,1,4,5,1,1,True,,True,2,False,5,False,False
2026100005,10789,,1,2,3,2,-1,3,,,True,1,False,2,True,False
2026100005,10789,,1,3,4,4,0,1,True,,False,3,True,4,True,False
2026100005,10789,,1,4,5,4,-1,1,True,,True,3,False,4,True,False
2026100005,10789,,1,5,3,4,1,2,,,False,3,True,4,False,False
2026100005,10789,,1,6,4,4,0,1,True,,False,3,True,4,True,False
2026100005,10789,,1,7,5,5,0,1,True,,True,3,False,5,True,False
2026100005,10789,,1,8,4,7,3,2,False,ROUGH,False,5,True,7,False,False
2026100005,10789,,1,9,4,4,0,1,True,,True,2,False,4,True,False
2026100005,10789,,1,10,5,5,0,1,True,,True,3,False,5,True,False
2026100005,10789,,1,11,3,4,1,2,,,False,2,True,4,False,False
2026100005,10789,,1,12,4,4,0,2,False,ROUGH,False,3,True,4,True,False
2026100005,10789,,1,13,4,5,1,2,False,ROUGH,False,4,True,5,False,False
2026100005,10789,,1,14,4,3,-1,1,True,,True,2,False,3,True,False
2026100005,10789,,1,15,4,4,0,1,True,,True,2,False,4,True,False
2026100005,10789,,1,16,3,5,2,5,,,False,3,True,5,False,False
2026100005,10789,,1,17,4,5,1,2,False,ROUGH,False,3,True,5,False,False
2026100005,10789,,1,18,5,4,-1,1,True,,True,3,False,4,True,False
2026100005,10789,,2,1,4,4,0,1,True,,False,3,True,4,True,False
2026100005,10789,,2,2,3,3,0,3,,,True,1,False,3,True,False
2026100005,10789,,2,3,4,5,1,1,True,,False,3,True,5,False,False
2026100005,10789,,2,4,5,5,0,2,False,ROUGH,True,3,False,5,True,False
2026100005,10789,,2,5,3,4,1,3,,,True,1,False,4,False,False
2026100005,10789,,2,6,4,5,1,1,True,,False,4,True,5,False,False
2026100005,10789,,2,7,5,5,0,1,True,,False,4,True,5,True,False
2026100005,10789,,2,8,4,5,1,2,False,ROUGH,False,4,True,5,False,False
2026100005,10789,,2,9,4,4,0,1,True,,True,2,False,4,True,False
2026100005,10789,,2,10,5,5,0,2,False,ROUGH,False,4,True,5,True,False
2026100005,10789,,2,11,3,3,0,2,,,False,2,True,3,True,False
2026100005,10789,,2,12,4,4,0,2,False,ROUGH,True,2,False,4,True,False
2026100005,10789,,2,13,4,4,0,1,True,,True,2,False,4,True,False
2026100005,10789,,2,14,4,5,1,2,False,ROUGH,False,3,True,5,False,False
2026100005,10789,,2,15,4,5,1,2,False,ROUGH,True,2,False,5,False,False
2026100005,10789,,2,16,3,4,1,3,,,True,1,False,4,False,False
2026100005,10789,,2,17,4,4,0,2,False,ROUGH,False,3,True,4,True,False
2026100005,10789,,2,18,5,6,1,2,False,ROUGH,False,5,True,6,False,False
2026100005,10790,,1,1,4,4,0,2,False,ROUGH,False,3,True,4,True,False
2026100005,10790,,1,2,3,3,0,2,,,False,2,True,3,True,False
2026100005,10790,,1,3,4,3,-1,1,True,,True,2,False,3,True,False
2026100005,10790,,1,4,5,4,-1,1,True,,False,,True,4,True,False
2026100005,10790,,1,5,3,3,0,12,,,False,2,True,3,True,False
2026100005,10790,,1,6,4,5,1,1,True,,False,3,True,5,False,False
2026100005,10790,,1,7,5,4,-1,1,True,,True,3,False,4,True,False
2026100005,10790,,1,8,4,6,2,1,True,,False,4,True,6,False,False
2026100005,10790,,1,9,4,5,1,2,False,ROUGH,False,3,True,5,False,False
2026100005,10790,,1,10,5,6,1,2,False,ROUGH,False,5,True,6,False,False
2026100005,10790,,1,11,3,3,0,3,,,True,1,False,3,True,False
2026100005,10790,,1,12,4,4,0,2,False,ROUGH,False,3,True,4,True,False
2026100005,10790,,1,13,4,4,0,1,True,,True,2,False,4,True,False
2026100005,10790,,1,14,4,4,0,1,True,,True,2,False,4,True,False
2026100005,10790,,1,15,4,4,0,2,False,ROUGH,True,2,False,4,True,False
2026100005,10790,,1,16,3,3,0,2,,,False,2,True,3,True,False
2026100005,10790,,1,17,4,5,1,2,False,ROUGH,True,2,False,5,False,False
2026100005,10790,,1,18,5,6,1,1,True,,False,4,True,6,False,False
2026100005,10790,,2,1,4,4,0,2,False,ROUGH,False,3,True,4,True,False
2026100005,10790,,2,2,3,3,0,3,,,True,1,False,3,True,False
2026100005,10790,,2,3,4,3,-1,1,True,,True,2,False,3,True,False
2026100005,10790,,2,4,5,6,1,1,True,,True,3,False,6,False,False
2026100005,10790,,2,5,3,3,0,3,,,True,1,False,3,True,False
2026100005,10790,,2,6,4,4,0,2,False,ROUGH,True,2,False,4,True,False
2026100005,10790,,2,7,5,5,0,1,True,,True,3,False,5,True,False
2026100005,10790,,2,8,4,4,0,1,True,,False,3,True,4,True,False
2026100005,10790,,2,9,4,4,0,2,False,ROUGH,False,3,True,4,True,False
2026100005,10790,,2,10,5,6,1,2,False,ROUGH,False,4,True,6,False,False
2026100005,10790,,2,11,3,4,1,2,,,False,3,True,4,False,False
2026100005,10790,,2,12,4,5,1,1,True,,True,2,False,5,False,False
2026100005,10790,,2,13,4,4,0,2,False,ROUGH,True,2,False,4,True,False
2026100005,10790,,2,14,4,3,-1,1,True,,True,2,False,3,True,False
2026100005,10790,,2,15,4,3,-1,1,True,,False,,True,3,True,False
2026100005,10790,,2,16,3,3,0,3,,,True,1,False,3,True,False
2026100005,10790,,2,17,4,5,1,2,False,ROUGH,False,4,True,5,False,False
2026100005,10790,,2,18,5,4,-1,6,False,BUNKER,True,3,False,4,True,False
2026100005,10790,,3,1,4,5,1,2,False,ROUGH,False,3,True,5,False,False
2026100005,10790,,3,2,3,3,0,12,,,False,2,True,3,True,False
2026100005,10790,,3,3,4,6,2,1,True,,False,3,True,6,False,False
2026100005,10790,,3,4,5,5,0,1,True,,False,4,True,5,True,False
2026100005,10790,,3,5,3,3,0,3,,,True,1,False,3,True,False
2026100005,10790,,3,6,4,4,0,1,True,,True,2,False,4,True,False
2026100005,10790,,3,7,5,5,0,1,True,,True,3,False,5,True,False
2026100005,10790,,3,8,4,4,0,1,True,,True,2,False,4,True,False
2026100005,10790,,3,9,4,4,0,1,True,,True,2,False,4,True,False
2026100005,10790,,3,10,5,5,0,1,True,,True,3,False,5,True,False
2026100005,10790,,3,11,3,3,0,12,,,False,2,True,3,True,False
2026100005,10790,,3,12,4,4,0,1,True,,True,2,False,4,True,False
2026100005,10790,,3,13,4,4,0,1,True,,False,3,True,4,True,False
2026100005,10790,,3,14,4,4,0,1,True,,True,2,False,4,True,False
2026100005,10790,,3,15,4,4,0,1,True,,False,3,True,4,True,False
2026100005,10790,,3,16,3,3,0,3,,,True,1,False,3,True,False
2026100005,10790,,3,17,4,4,0,2,False,ROUGH,True,2,False,4,True,False
2026100005,10790,,3,18,5,5,0,2,False,ROUGH,True,3,False,5,True,False
2026100005,10790,,4,1,4,4,0,6,False,BUNKER,True,2,False,4,True,False
2026100005,10790,,4,2,3,4,1,3,,,True,1,False,4,False,False
2026100005,10790,,4,3,4,5,1,1,True,,False,3,True,5,False,False
2026100005,10790,,4,4,5,5,0,1,True,,True,3,False,5,True,False
2026100005,10790,,4,5,3,3,0,3,,,True,1,False,3,True,False
2026100005,10790,,4,6,4,5,1,2,False,ROUGH,False,4,True,5,False,False
2026100005,10790,,4,7,5,5,0,2,False,ROUGH,True,3,False,5,True,False
2026100005,10790,,4,8,4,3,-1,1,True,,True,2,False,3,True,False
2026100005,10790,,4,9,4,4,0,1,True,,True,2,False,4,True,False
2026100005,10790,,4,10,5,6,1,2,False,ROUGH,True,3,False,6,False,False
2026100005,10790,,4,11,3,3,0,3,,,True,1,False,3,True,False
2026100005,10790,,4,12,4,5,1,1,True,,True,2,False,5,False,False
2026100005,10790,,4,13,4,4,0,1,True,,True,2,False,4,True,False
2026100005,10790,,4,14,4,3,-1,1,True,,True,2,False,3,True,False
2026100005,10790,,4,15,4,4,0,1,True,,False,3,True,4,True,False
2026100005,10790,,4,16,3,3,0,3,,,True,1,False,3,True,False
2026100005,10790,,4,17,4,4,0,1,True,,True,2,False,4,True,False
2026100005,10790,,4,18,5,5,0,1,True,,True,3,False,5,True,False
2026100005,10867,,1,1,4,4,0,1,True,,True,2,False,4,True,False
2026100005,10867,,1,2,3,5,2,5,,,False,3,True,5,False,False
2026100005,10867,,1,3,4,5,1,1,True,,True,2,False,5,False,False
2026100005,10867,,1,4,5,5,0,1,True,,True,3,False,5,True,False
2026100005,10867,,1,5,3,4,1,2,,,False,3,True,4,False,False
2026100005,10867,,1,6,4,5,1,1,True,,True,2,False,5,False,False
2026100005,10867,,1,7,5,5,0,1,True,,True,3,False,5,True,False
2026100005,10867,,1,8,4,4,0,2,False,ROUGH,False,3,True,4,True,False
2026100005,10867,,1,9,4,5,1,2,False,ROUGH,False,3,True,5,False,False
2026100005,10867,,1,10,5,5,0,1,True,,False,4,True,5,True,False
2026100005,10867,,1,11,3,3,0,3,,,True,1,False,3,True,False
2026100005,10867,,1,12,4,4,0,1,True,,False,3,True,4,True,False
2026100005,10867,,1,13,4,4,0,1,True,,True,2,False,4,True,False
2026100005,10867,,1,14,4,4,0,2,False,ROUGH,True,2,False,4,True,False
2026100005,10867,,1,15,4,4,0,2,False,ROUGH,True,2,False,4,True,False
2026100005,10867,,1,16,3,4,1,12,,,False,2,True,4,False,False
2026100005,10867,,1,17,4,6,2,2,False,ROUGH,False,4,True,6,False,False
2026100005,10867,,1,18,5,6,1,1,True,,False,4,True,6,False,False
2026100005,10867,,2,1,4,5,1,1,True,,False,3,True,5,False,False
2026100005,10867,,2,2,3,3,0,3,,,True,1,False,3,True,False
2026100005,10867,,2,3,4,5,1,2,False,ROUGH,False,3,True,5,False,False
2026100005,10867,,2,4,5,5,0,1,True,,True,3,False,5,True,False
2026100005,10867,,2,5,3,3,0,3,,,True,1,False,3,True,False
2026100005,10867,,2,6,4,5,1,1,True,,False,4,True,5,False,False
2026100005,10867,,2,7,5,5,0,2,False,ROUGH,True,3,False,5,True,False
2026100005,10867,,2,8,4,4,0,2,False,ROUGH,False,3,True,4,True,False
2026100005,10867,,2,9,4,6,2,2,False,ROUGH,False,4,True,6,False,False
2026100005,10867,,2,10,5,6,1,1,True,,False,4,True,6,False,False
2026100005,10867,,2,11,3,3,0,2,,,False,2,True,3,True,False
2026100005,10867,,2,12,4,4,0,2,False,ROUGH,True,2,False,4,True,False
2026100005,10867,,2,13,4,4,0,1,True,,False,3,True,4,True,False
2026100005,10867,,2,14,4,4,0,1,True,,True,2,False,4,True,False
2026100005,10867,,2,15,4,4,0,1,True,,True,2,False,4,True,False
2026100005,10867,,2,16,3,5,2,5,,,False,3,True,5,False,False
2026100005,10867,,2,17,4,4,0,2,False,ROUGH,False,3,True,4,True,False
2026100005,10867,,2,18,5,6,1,2,False,ROUGH,False,5,True,6,False,False
2026100005,11040,,1,1,4,5,1,6,False,BUNKER,False,3,True,5,False,False
2026100005,11040,,1,2,3,4,1,5,,,False,2,True,4,False,False
2026100005,11040,,1,3,4,4,0,1,True,,True,2,False,4,True,False
2026100005,11040,,1,4,5,5,0,1,True,,True,3,False,5,True,False
2026100005,11040,,1,5,3,4,1,2,,,False,2,True,4,False,False
2026100005,11040,,1,6,4,5,1,1,True,,False,3,True,5,False,False
2026100005,11040,,1,7,5,4,-1,1,True,,True,3,False,4,True,False
2026100005,11040,,1,8,4,4,0,1,True,,True,2,False,4,True,False
2026100005,11040,,1,9,4,6,2,2,False,ROUGH,False,4,True,6,False,False
2026100005,11040,,1,10,5,5,0,2,False,ROUGH,False,4,True,5,True,False
2026100005,11040,,1,11,3,3,0,3,,,True,1,False,3,True,False
2026100005,11040,,1,12,4,4,0,2,False,ROUGH,True,2,False,4,True,False
2026100005,11040,,1,13,4,4,0,1,True,,True,2,False,4,True,False
2026100005,11040,,1,14,4,4,0,2,False,ROUGH,True,2,False,4,True,False
2026100005,11040,,1,15,4,5,1,2,False,ROUGH,True,2,False,5,False,False
2026100005,11040,,1,16,3,3,0,3,,,True,1,False,3,True,False
2026100005,11040,,1,17,4,5,1,2,False,ROUGH,False,3,True,5,False,False
2026100005,11040,,1,18,5,6,1,1,True,,True,3,False,6,False,False
2026100005,11040,,2,1,4,4,0,1,True,,False,3,True,4,True,False
2026100005,11040,,2,2,3,2,-1,3,,,True,1,False,2,True,False
2026100005,11040,,2,3,4,4,0,2,False,ROUGH,True,2,False,4,True,False
2026100005,11040,,2,4,5,6,1,6,False,BUNKER,True,3,False,6,False,False
2026100005,11040,,2,5,3,3,0,3,,,True,1,False,3,True,False
2026100005,11040,,2,6,4,4,0,1,True,,False,3,True,4,True,False
2026100005,11040,,2,7,5,5,0,1,True,,True,3,False,5,True,False
2026100005,11040,,2,8,4,4,0,2,False,ROUGH,False,3,True,4,True,False
2026100005,11040,,2,9,4,5,1,2,False,ROUGH,False,4,True,5,False,False
2026100005,11040,,2,10,5,6,1,2,False,ROUGH,True,3,False,6,False,False
2026100005,11040,,2,11,3,5,2,2,,,False,3,True,5,False,False
2026100005,11040,,2,12,4,4,0,2,False,ROUGH,False,3,True,4,True,False
2026100005,11040,,2,13,4,5,1,5,False,PENALTY,False,3,True,5,False,False
2026100005,11040,,2,14,4,4,0,1,True,,True,2,False,4,True,False
2026100005,11040,,2,15,4,3,-1,2,False,ROUGH,True,2,False,3,True,False
2026100005,11040,,2,16,3,4,1,5,,,False,2,True,4,False,False
2026100005,11040,,2,17,4,4,0,2,False,ROUGH,False,3,True,4,True,False
2026100005,11040,,2,18,5,5,0,2,False,ROUGH,True,3,False,5,True,False
2026100005,11042,,1,1,4,4,0,2,False,ROUGH,True,2,False,4,True,False
2026100005,11042,,1,2,3,2,-1,3,,,True,1,False,2,True,False
2026100005,11042,,1,3,4,4,0,1,True,,False,3,True,4,True,False
2026100005,11042,,1,4,5,5,0,1,True,,False,4,True,5,True,False
2026100005,11042,,1,5,3,3,0,12,,,False,2,True,3,True,False
2026100005,11042,,1,6,4,4,0,1,True,,True,2,False,4,True,False
2026100005,11042,,1,7,5,5,0,1,True,,False,4,True,5,True,False
2026100005,11042,,1,8,4,4,0,2,False,ROUGH,False,3,True,4,True,False
2026100005,11042,,1,9,4,5,1,2,False,ROUGH,False,3,True,5,False,False
2026100005,11042,,1,10,5,6,1,1,True,,False,5,True,6,False,False
2026100005,11042,,1,11,3,3,0,3,,,True,1,False,3,True,False
2026100005,11042,,1,12,4,4,0,2,False,ROUGH,False,3,True,4,True,False
2026100005,11042,,1,13,4,5,1,6,False,BUNKER,False,3,True,5,False,False
2026100005,11042,,1,14,4,4,0,1,True,,True,2,False,4,True,False
2026100005,11042,,1,15,4,4,0,1,True,,True,2,False,4,True,False
2026100005,11042,,1,16,3,3,0,12,,,False,2,True,3,True,False
2026100005,11042,,1,17,4,5,1,2,False,ROUGH,True,2,False,5,False,False
2026100005,11042,,1,18,5,5,0,1,True,,True,3,False,5,True,False
2026100005,11042,,2,1,4,4,0,1,True,,False,3,True,4,True,False
2026100005,11042,,2,2,3,3,0,3,,,True,1,False,3,True,False
2026100005,11042,,2,3,4,4,0,1,True,,True,2,False,4,True,False
2026100005,11042,,2,4,5,4,-1,2,False,ROUGH,True,3,False,4,True,False
2026100005,11042,,2,5,3,3,0,3,,,True,1,False,3,True,False
2026100005,11042,,2,6,4,4,0,1,True,,True,2,False,4,True,False
2026100005,11042,,2,7,5,5,0,6,False,BUNKER,False,4,True,5,True,False
2026100005,11042,,2,8,4,5,1,2,False,ROUGH,False,3,True,5,False,False
2026100005,11042,,2,9,4,5,1,2,False,ROUGH,False,4,True,5,False,False
2026100005,11042,,2,10,5,5,0,1,True,,False,4,True,5,True,False
2026100005,11042,,2,11,3,3,0,2,,,False,2,True,3,True,False
2026100005,11042,,2,12,4,5,1,1,True,,False,3,True,5,False,False
2026100005,11042,,2,13,4,4,0,1,True,,True,2,False,4,True,False
2026100005,11042,,2,14,4,4,0,1,True,,True,2,False,4,True,False
2026100005,11042,,2,15,4,5,1,1,True,,False,3,True,5,False,False
2026100005,11042,,2,16,3,2,-1,3,,,True,1,False,2,True,False
2026100005,11042,,2,17,4,6,2,1,True,,False,3,True,6,False,False
2026100005,11042,,2,18,5,5,0,2,False,ROUGH,True,3,False,5,True,False
2026100005,11042,,3,1,4,4,0,2,False,ROUGH,True,2,False,4,True,False
2026100005,11042,,3,2,3,3,0,2,,,False,,True,3,True,False
2026100005,11042,,3,3,4,4,0,2,False,ROUGH,True,2,False,4,True,False
2026100005,11042,,3,4,5,5,0,2,False,ROUGH,True,3,False,5,True,False
2026100005,11042,,3,5,3,3,0,3,,,True,1,False,3,True,False
2026100005,11042,,3,6,4,4,0,2,False,ROUGH,False,3,True,4,True,False
2026100005,11042,,3,7,5,5,0,1,True,,True,3,False,5,True,False
2026100005,11042,,3,8,4,5,1,1,True,,False,3,True,5,False,False
2026100005,11042,,3,9,4,4,0,1,True,,True,2,False,4,True,False
2026100005,11042,,3,10,5,5,0,1,True,,True,3,False,5,True,False
2026100005,11042,,3,11,3,3,0,12,,,False,2,True,3,True,False
2026100005,11042,,3,12,4,5,1,1,True,,False,3,True,5,False,False
2026100005,11042,,3,13,4,4,0,2,False,ROUGH,True,2,False,4,True,False
2026100005,11042,,3,14,4,4,0,1,True,,True,2,False,4,True,False
2026100005,11042,,3,15,4,3,-1,2,False,ROUGH,True,2,False,3,True,False
2026100005,11042,,3,16,3,3,0,3,,,True,1,False,3,True,False
2026100005,11042,,3,17,4,4,0,1,True,,False,3,True,4,True,False
2026100005,11042,,3,18,5,5,0,2,False,ROUGH,False,4,True,5,True,False
2026100005,11042,,4,1,4,5,1,6,False,BUNKER,False,3,True,5,False,False
2026100005,11042,,4,2,3,3,0,3,,,True,1,False,3,True,False
2026100005,11042,,4,3,4,4,0,1,True,,True,2,False,4,True,False
2026100005,11042,,4,4,5,5,0,2,False,ROUGH,True,3,False,5,True,False
2026100005,11042,,4,5,3,3,0,12,,,False,2,True,3,True,False
2026100005,11042,,4,6,4,4,0,1,True,,True,2,False,4,True,False
2026100005,11042,,4,7,5,5,0,1,True,,True,3,False,5,True,False
2026100005,11042,,4,8,4,4,0,1,True,,True,2,False,4,True,False
2026100005,11042,,4,9,4,4,0,1,True,,True,2,False,4,True,False
2026100005,11042,,4,10,5,5,0,1,True,,True,3,False,5,True,False
2026100005,11042,,4,11,3,4,1,3,,,True,1,False,4,False,False
2026100005,11042,,4,12,4,4,0,1,True,,True,2,False,4,True,False
2026100005,11042,,4,13,4,5,1,2,False,ROUGH,False,3,True,5,False,False
2026100005,11042,,4,14,4,3,-1,2,False,ROUGH,True,2,False,3,True,False
2026100005,11042,,4,15,4,5,1,2,False,ROUGH,False,3,True,5,False,False
2026100005,11042,,4,16,3,3,0,3,,,True,1,False,3,True,False
2026100005,11042,,4,17,4,4,0,2,False,ROUGH,False,3,True,4,True,False
2026100005,11042,,4,18,5,5,0,2,False,ROUGH,True,3,False,5,True,False
2026100005,11045,,1,1,4,3,-1,2,False,ROUGH,True,2,False,3,True,False
2026100005,11045,,1,2,3,2,-1,3,,,True,1,False,2,True,False
2026100005,11045,,1,3,4,3,-1,1,True,,True,2,False,3,True,False
2026100005,11045,,1,4,5,6,1,1,True,,False,4,True,6,False,False
2026100005,11045,,1,5,3,3,0,12,,,False,2,True,3,True,False
2026100005,11045,,1,6,4,4,0,1,True,,True,2,False,4,True,False
2026100005,11045,,1,7,5,5,0,2,False,ROUGH,True,3,False,5,True,False
2026100005,11045,,1,8,4,7,3,1,True,,False,6,True,7,False,False
2026100005,11045,,1,9,4,5,1,2,False,ROUGH,False,4,True,5,False,False
2026100005,11045,,1,10,5,5,0,1,True,,True,3,False,5,True,False
2026100005,11045,,1,11,3,4,1,3,,,True,1,False,4,False,False
2026100005,11045,,1,12,4,5,1,2,False,ROUGH,False,4,True,5,False,False
2026100005,11045,,1,13,4,5,1,1,True,,True,2,False,5,False,False
2026100005,11045,,1,14,4,5,1,1,True,,False,3,True,5,False,False
2026100005,11045,,1,15,4,6,2,1,True,,False,4,True,6,False,False
2026100005,11045,,1,16,3,3,0,3,,,True,1,False,3,True,False
2026100005,11045,,1,17,4,4,0,2,False,ROUGH,True,2,False,4,True,False
2026100005,11045,,1,18,5,5,0,2,False,ROUGH,True,3,False,5,True,False
2026100005,11045,,2,1,4,5,1,1,True,,False,3,True,5,False,False
2026100005,11045,,2,2,3,5,2,5,,,False,3,True,5,False,False
2026100005,11045,,2,3,4,4,0,1,True,,True,2,False,4,True,False
2026100005,11045,,2,4,5,5,0,2,False,ROUGH,True,3,False,5,True,False
2026100005,11045,,2,5,3,3,0,2,,,False,2,True,3,True,False
2026100005,11045,,2,6,4,4,0,2,False,ROUGH,False,3,True,4,True,False
2026100005,11045,,2,7,5,5,0,1,True,,False,4,True,5,True,False
2026100005,11045,,2,8,4,5,1,1,True,,True,2,False,5,False,False
2026100005,11045,,2,9,4,4,0,2,False,ROUGH,True,2,False,4,True,False
2026100005,11045,,2,10,5,5,0,1,True,,False,4,True,5,True,False
2026100005,11045,,2,11,3,4,1,12,,,False,2,True,4,False,False
2026100005,11045,,2,12,4,6,2,2,False,ROUGH,False,4,True,6,False,False
2026100005,11045,,2,13,4,4,0,1,True,,True,2,False,4,True,False
2026100005,11045,,2,14,4,5,1,1,True,,False,3,True,5,False,False
2026100005,11045,,2,15,4,4,0,2,False,ROUGH,False,3,True,4,True,False
2026100005,11045,,2,16,3,3,0,3,,,True,1,False,3,True,False
2026100005,11045,,2,17,4,4,0,6,False,BUNKER,True,2,False,4,True,False
2026100005,11045,,2,18,5,5,0,1,True,,True,3,False,5,True,False
2026100005,11056,,1,1,4,4,0,1,True,,False,3,True,4,True,False
2026100005,11056,,1,2,3,3,0,3,,,True,1,False,3,True,False
2026100005,11056,,1,3,4,4,0,1,True,,True,2,False,4,True,False
2026100005,11056,,1,4,5,5,0,2,False,ROUGH,False,4,True,5,True,False
2026100005,11056,,1,5,3,3,0,3,,,True,1,False,3,True,False
2026100005,11056,,1,6,4,5,1,2,False,ROUGH,False,3,True,5,False,False
2026100005,11056,,1,7,5,5,0,2,False,ROUGH,True,3,False,5,True,False
2026100005,11056,,1,8,4,4,0,2,False,ROUGH,False,3,True,4,True,False
2026100005,11056,,1,9,4,5,1,1,True,,True,2,False,5,False,False
2026100005,11056,,1,10,5,7,2,2,False,ROUGH,False,5,True,7,False,False
2026100005,11056,,1,11,3,3,0,3,,,True,1,False,3,True,False
2026100005,11056,,1,12,4,5,1,2,False,ROUGH,False,3,True,5,False,False
2026100005,11056,,1,13,4,4,0,1,True,,True,2,False,4,True,False
2026100005,11056,,1,14,4,4,0,1,True,,True,2,False,4,True,False
2026100005,11056,,1,15,4,5,1,2,False,ROUGH,False,3,True,5,False,False
2026100005,11056,,1,16,3,3,0,12,,,False,2,True,3,True,False
2026100005,11056,,1,17,4,4,0,2,False,ROUGH,True,2,False,4,True,False
2026100005,11056,,1,18,5,5,0,2,False,ROUGH,True,3,False,5,True,False
2026100005,11056,,2,1,4,4,0,1,True,,False,3,True,4,True,False
2026100005,11056,,2,2,3,2,-1,3,,,True,1,False,2,True,False
2026100005,11056,,2,3,4,4,0,1,True,,False,3,True,4,True,False
2026100005,11056,,2,4,5,5,0,1,True,,True,3,False,5,True,False
2026100005,11056,,2,5,3,3,0,2,,,False,2,True,3,True,False
2026100005,11056,,2,6,4,5,1,2,False,ROUGH,False,3,True,5,False,False
2026100005,11056,,2,7,5,5,0,1,True,,True,3,False,5,True,False
2026100005,11056,,2,8,4,6,2,7,False,OTHER,False,4,True,6,False,False
2026100005,11056,,2,9,4,5,1,2,False,ROUGH,False,4,True,5,False,False
2026100005,11056,,2,10,5,6,1,1,True,,True,3,False,6,False,False
2026100005,11056,,2,11,3,4,1,5,,,False,3,True,4,False,False
2026100005,11056,,2,12,4,4,0,1,True,,True,2,False,4,True,False
2026100005,11056,,2,13,4,4,0,1,True,,True,2,False,4,True,False
2026100005,11056,,2,14,4,6,2,1,True,,False,3,True,6,False,False
2026100005,11056,,2,15,4,5,1,1,True,,False,3,True,5,False,False
2026100005,11056,,2,16,3,3,0,5,,,False,2,True,3,True,False
2026100005,11056,,2,17,4,4,0,1,True,,True,2,False,4,True,False
2026100005,11056,,2,18,5,8,3,2,False,ROUGH,False,5,True,8,False,False
2026100005,11057,,1,1,4,4,0,2,False,ROUGH,True,2,False,4,True,False
2026100005,11057,,1,2,3,3,0,3,,,True,1,False,3,True,False
2026100005,11057,,1,3,4,4,0,2,False,ROUGH,False,3,True,4,True,False
2026100005,11057,,1,4,5,6,1,1,True,,False,4,True,6,False,False
2026100005,11057,,1,5,3,4,1,2,,,False,3,True,4,False,False
2026100005,11057,,1,6,4,5,1,2,False,ROUGH,False,3,True,5,False,False
2026100005,11057,,1,7,5,5,0,1,True,,True,3,False,5,True,False
2026100005,11057,,1,8,4,7,3,2,False,ROUGH,False,5,True,7,False,False
2026100005,11057,,1,9,4,5,1,2,False,ROUGH,True,2,False,5,False,False
2026100005,11057,,1,10,5,5,0,2,False,ROUGH,False,4,True,5,True,False
2026100005,11057,,1,11,3,2,-1,3,,,True,1,False,2,True,False
2026100005,11057,,1,12,4,5,1,1,True,,False,4,True,5,False,False
2026100005,11057,,1,13,4,4,0,2,False,ROUGH,False,3,True,4,True,False
2026100005,11057,,1,14,4,4,0,1,True,,True,2,False,4,True,False
2026100005,11057,,1,15,4,4,0,1,True,,True,2,False,4,True,False
2026100005,11057,,1,16,3,3,0,3,,,True,1,False,3,True,False
2026100005,11057,,1,17,4,3,-1,2,False,ROUGH,True,2,False,3,True,False
2026100005,11057,,1,18,5,5,0,2,False,ROUGH,False,4,True,5,True,False
2026100005,11057,,2,1,4,4,0,2,False,ROUGH,True,2,False,4,True,False
2026100005,11057,,2,2,3,3,0,3,,,True,1,False,3,True,False
2026100005,11057,,2,3,4,5,1,1,True,,False,3,True,5,False,False
2026100005,11057,,2,4,5,4,-1,2,False,ROUGH,True,3,False,4,True,False
2026100005,11057,,2,5,3,3,0,9,,,False,,True,3,True,False
2026100005,11057,,2,6,4,5,1,1,True,,False,4,True,5,False,False
2026100005,11057,,2,7,5,5,0,2,False,ROUGH,True,3,False,5,True,False
2026100005,11057,,2,8,4,3,-1,1,True,,True,2,False,3,True,False
2026100005,11057,,2,9,4,4,0,2,False,ROUGH,True,2,False,4,True,False
2026100005,11057,,2,10,5,5,0,1,True,,False,4,True,5,True,False
2026100005,11057,,2,11,3,3,0,2,,,False,2,True,3,True,False
2026100005,11057,,2,12,4,5,1,1,True,,False,3,True,5,False,False
2026100005,11057,,2,13,4,4,0,6,False,BUNKER,False,3,True,4,True,False
2026100005,11057,,2,14,4,6,2,2,False,ROUGH,False,4,True,6,False,False
2026100005,11057,,2,15,4,4,0,1,True,,True,2,False,4,True,False
2026100005,11057,,2,16,3,3,0,3,,,True,1,False,3,True,False
2026100005,11057,,2,17,4,5,1,2,False,ROUGH,False,3,True,5,False,False
2026100005,11057,,2,18,5,5,0,1,True,,True,3,False,5,True,False
2026100005,11060,,1,1,4,5,1,6,False,BUNKER,False,3,True,5,False,False
2026100005,11060,,1,2,3,2,-1,3,,,True,1,False,2,True,False
2026100005,11060,,1,3,4,4,0,2,False,ROUGH,False,3,True,4,True,False
2026100005,11060,,1,4,5,5,0,2,False,ROUGH,False,4,True,5,True,False
2026100005,11060,,1,5,3,3,0,9,,,False,2,True,3,True,False
2026100005,11060,,1,6,4,4,0,1,True,,True,2,False,4,True,False
2026100005,11060,,1,7,5,5,0,6,False,BUNKER,True,3,False,5,True,False
2026100005,11060,,1,8,4,5,1,2,False,ROUGH,False,3,True,5,False,False
2026100005,11060,,1,9,4,4,0,1,True,,True,2,False,4,True,False
2026100005,11060,,1,10,5,4,-1,2,False,ROUGH,True,3,False,4,True,False
2026100005,11060,,1,11,3,4,1,3,,,True,1,False,4,False,False
2026100005,11060,,1,12,4,5,1,2,False,ROUGH,False,3,True,5,False,False
2026100005,11060,,1,13,4,4,0,2,False,ROUGH,True,2,False,4,True,False
2026100005,11060,,1,14,4,4,0,1,True,,True,2,False,4,True,False
2026100005,11060,,1,15,4,4,0,2,False,ROUGH,True,2,False,4,True,False
2026100005,11060,,1,16,3,4,1,2,,,False,2,True,4,False,False
2026100005,11060,,1,17,4,4,0,2,False,ROUGH,True,2,False,4,True,False
2026100005,11060,,1,18,5,5,0,1,True,,True,3,False,5,True,False
2026100005,11060,,2,1,4,5,1,2,False,ROUGH,False,3,True,5,False,False
2026100005,11060,,2,2,3,5,2,5,,,False,3,True,5,False,False
2026100005,11060,,2,3,4,4,0,1,True,,True,2,False,4,True,False
2026100005,11060,,2,4,5,5,0,2,False,ROUGH,True,3,False,5,True,False
2026100005,11060,,2,5,3,3,0,3,,,True,1,False,3,True,False
2026100005,11060,,2,6,4,3,-1,1,True,,True,2,False,3,True,False
2026100005,11060,,2,7,5,5,0,1,True,,True,3,False,5,True,False
2026100005,11060,,2,8,4,6,2,1,True,,False,5,True,6,False,False
2026100005,11060,,2,9,4,5,1,2,False,ROUGH,False,3,True,5,False,False
2026100005,11060,,2,10,5,5,0,2,False,ROUGH,True,3,False,5,True,False
2026100005,11060,,2,11,3,3,0,3,,,True,1,False,3,True,False
2026100005,11060,,2,12,4,5,1,2,False,ROUGH,False,3,True,5,False,False
2026100005,11060,,2,13,4,3,-1,1,True,,True,2,False,3,True,False
2026100005,11060,,2,14,4,4,0,2,False,ROUGH,False,3,True,4,True,False
2026100005,11060,,2,15,4,4,0,1,True,,False,3,True,4,True,False
2026100005,11060,,2,16,3,3,0,3,,,True,1,False,3,True,False
2026100005,11060,,2,17,4,5,1,2,False,ROUGH,False,3,True,5,False,False
2026100005,11060,,2,18,5,5,0,1,True,,True,3,False,5,True,False
2026100005,11060,,3,1,4,5,1,1,True,,True,2,False,5,False,False
2026100005,11060,,3,2,3,4,1,3,,,True,1,False,4,False,False
2026100005,11060,,3,3,4,4,0,1,True,,True,2,False,4,True,False
2026100005,11060,,3,4,5,5,0,1,True,,True,3,False,5,True,False
2026100005,11060,,3,5,3,3,0,12,,,False,2,True,3,True,False
2026100005,11060,,3,6,4,4,0,1,True,,True,2,False,4,True,False
2026100005,11060,,3,7,5,5,0,1,True,,True,3,False,5,True,False
2026100005,11060,,3,8,4,3,-1,1,True,,True,2,False,3,True,False
2026100005,11060,,3,9,4,5,1,2,False,ROUGH,False,3,True,5,False,False
2026100005,11060,,3,10,5,6,1,1,True,,True,3,False,6,False,False
2026100005,11060,,3,11,3,4,1,2,,,False,2,True,4,False,False
2026100005,11060,,3,12,4,4,0,1,True,,True,2,False,4,True,False
2026100005,11060,,3,13,4,4,0,2,False,ROUGH,False,3,True,4,True,False
2026100005,11060,,3,14,4,4,0,1,True,,True,2,False,4,True,False
2026100005,11060,,3,15,4,5,1,1,True,,False,3,True,5,False,False
2026100005,11060,,3,16,3,2,-1,3,,,True,1,False,2,True,False
2026100005,11060,,3,17,4,5,1,2,False,ROUGH,False,3,True,5,False,False
2026100005,11060,,3,18,5,5,0,1,True,,True,3,False,5,True,False
2026100005,11060,,4,1,4,4,0,2,False,ROUGH,True,2,False,4,True,False
2026100005,11060,,4,2,3,3,0,3,,,True,1,False,3,True,False
2026100005,11060,,4,3,4,6,2,2,False,ROUGH,False,4,True,6,False,False
2026100005,11060,,4,4,5,5,0,1,True,,True,3,False,5,True,False
2026100005,11060,,4,5,3,3,0,3,,,True,1,False,3,True,False
2026100005,11060,,4,6,4,4,0,2,False,ROUGH,True,2,False,4,True,False
2026100005,11060,,4,7,5,5,0,1,True,,True,3,False,5,True,False
2026100005,11060,,4,8,4,4,0,2,False,ROUGH,False,3,True,4,True,False
2026100005,11060,,4,9,4,4,0,1,True,,True,2,False,4,True,False
2026100005,11060,,4,10,5,5,0,1,True,,True,3,False,5,True,False
2026100005,11060,,4,11,3,4,1,3,,,True,1,False,4,False,False
2026100005,11060,,4,12,4,5,1,2,False,ROUGH,False,3,True,5,False,False
2026100005,11060,,4,13,4,5,1,2,False,ROUGH,False,3,True,5,False,False
2026100005,11060,,4,14,4,4,0,2,False,ROUGH,False,,True,4,True,False
2026100005,11060,,4,15,4,4,0,1,True,,False,3,True,4,True,False
2026100005,11060,,4,16,3,3,0,3,,,True,1,False,3,True,False
2026100005,11060,,4,17,4,3,-1,1,True,,True,2,False,3,True,False
2026100005,11060,,4,18,5,5,0,2,False,ROUGH,True,3,False,5,True,False
2026100005,11066,,1,1,4,4,0,1,True,,False,3,True,4,True,False
2026100005,11066,,1,2,3,2,-1,3,,,True,1,False,2,True,False
2026100005,11066,,1,3,4,4,0,1,True,,False,3,True,4,True,False
2026100005,11066,,1,4,5,4,-1,1,True,,True,3,False,4,True,False
2026100005,11066,,1,5,3,4,1,3,,,True,1,False,4,False,False
2026100005,11066,,1,6,4,7,3,2,False,ROUGH,False,5,True,7,False,False
2026100005,11066,,1,7,5,5,0,1,True,,True,3,False,5,True,False
2026100005,11066,,1,8,4,4,0,1,True,,True,2,False,4,True,False
2026100005,11066,,1,9,4,4,0,1,True,,False,3,True,4,True,False
2026100005,11066,,1,10,5,7,2,4,False,OB,False,5,True,7,False,False
2026100005,11066,,1,11,3,2,-1,3,,,True,1,False,2,True,False
2026100005,11066,,1,12,4,4,0,2,False,ROUGH,False,3,True,4,True,False
2026100005,11066,,1,13,4,4,0,1,True,,True,2,False,4,True,False
2026100005,11066,,1,14,4,4,0,1,True,,True,2,False,4,True,False
2026100005,11066,,1,15,4,4,0,1,True,,True,2,False,4,True,False
2026100005,11066,,1,16,3,2,-1,3,,,True,1,False,2,True,False
2026100005,11066,,1,17,4,5,1,2,False,ROUGH,False,3,True,5,False,False
2026100005,11066,,1,18,5,4,-1,2,False,ROUGH,True,3,False,4,True,False
2026100005,11066,,2,1,4,5,1,2,False,ROUGH,False,3,True,5,False,False
2026100005,11066,,2,2,3,3,0,3,,,True,1,False,3,True,False
2026100005,11066,,2,3,4,5,1,1,True,,False,4,True,5,False,False
2026100005,11066,,2,4,5,5,0,1,True,,True,3,False,5,True,False
2026100005,11066,,2,5,3,3,0,3,,,True,1,False,3,True,False
2026100005,11066,,2,6,4,5,1,2,False,ROUGH,False,3,True,5,False,False
2026100005,11066,,2,7,5,4,-1,2,False,ROUGH,True,3,False,4,True,False
2026100005,11066,,2,8,4,4,0,1,True,,True,2,False,4,True,False
2026100005,11066,,2,9,4,3,-1,2,False,ROUGH,True,2,False,3,True,False
2026100005,11066,,2,10,5,6,1,2,False,ROUGH,False,4,True,6,False,False
2026100005,11066,,2,11,3,2,-1,3,,,True,1,False,2,True,False
2026100005,11066,,2,12,4,5,1,2,False,ROUGH,True,2,False,5,False,False
2026100005,11066,,2,13,4,4,0,1,True,,True,2,False,4,True,False
2026100005,11066,,2,14,4,4,0,2,False,ROUGH,True,2,False,4,True,False
2026100005,11066,,2,15,4,4,0,1,True,,False,3,True,4,True,False
2026100005,11066,,2,16,3,3,0,3,,,True,1,False,3,True,False
2026100005,11066,,2,17,4,4,0,2,False,ROUGH,True,2,False,4,True,False
2026100005,11066,,2,18,5,6,1,1,True,,False,5,True,6,False,False
2026100005,11066,,3,1,4,4,0,1,True,,True,2,False,4,True,False
2026100005,11066,,3,2,3,3,0,3,,,True,1,False,3,True,False
2026100005,11066,,3,3,4,3,-1,1,True,,True,2,False,3,True,False
2026100005,11066,,3,4,5,5,0,1,True,,True,3,False,5,True,False
2026100005,11066,,3,5,3,3,0,3,,,True,1,False,3,True,False
2026100005,11066,,3,6,4,4,0,1,True,,False,3,True,4,True,False
2026100005,11066,,3,7,5,4,-1,1,True,,True,3,False,4,True,False
2026100005,11066,,3,8,4,5,1,2,False,ROUGH,False,3,True,5,False,False
2026100005,11066,,3,9,4,4,0,1,True,,True,2,False,4,True,False
2026100005,11066,,3,10,5,5,0,1,True,,True,3,False,5,True,False
2026100005,11066,,3,11,3,2,-1,3,,,True,1,False,2,True,False
2026100005,11066,,3,12,4,3,-1,1,True,,True,2,False,3,True,False
2026100005,11066,,3,13,4,4,0,1,True,,False,3,True,4,True,False
2026100005,11066,,3,14,4,4,0,1,True,,True,2,False,4,True,False
2026100005,11066,,3,15,4,3,-1,1,True,,True,2,False,3,True,False
2026100005,11066,,3,16,3,2,-1,3,,,True,1,False,2,True,False
2026100005,11066,,3,17,4,5,1,2,False,ROUGH,False,4,True,5,False,False
2026100005,11066,,3,18,5,4,-1,1,True,,True,3,False,4,True,False
2026100005,11066,,4,1,4,5,1,2,False,ROUGH,False,3,True,5,False,False
2026100005,11066,,4,2,3,3,0,3,,,True,1,False,3,True,False
2026100005,11066,,4,3,4,4,0,1,True,,False,3,True,4,True,False
2026100005,11066,,4,4,5,5,0,1,True,,True,3,False,5,True,False
2026100005,11066,,4,5,3,3,0,3,,,True,1,False,3,True,False
2026100005,11066,,4,6,4,4,0,1,True,,True,2,False,4,True,False
2026100005,11066,,4,7,5,4,-1,2,False,ROUGH,True,3,False,4,True,False
2026100005,11066,,4,8,4,4,0,1,True,,True,2,False,4,True,False
2026100005,11066,,4,9,4,5,1,2,False,ROUGH,True,2,False,5,False,False
2026100005,11066,,4,10,5,5,0,1,True,,True,3,False,5,True,False
2026100005,11066,,4,11,3,3,0,3,,,True,1,False,3,True,False
2026100005,11066,,4,12,4,5,1,2,False,ROUGH,False,3,True,5,False,False
2026100005,11066,,4,13,4,4,0,1,True,,False,3,True,4,True,False
2026100005,11066,,4,14,4,4,0,2,False,ROUGH,False,3,True,4,True,False
2026100005,11066,,4,15,4,4,0,2,False,ROUGH,False,3,True,4,True,False
2026100005,11066,,4,16,3,3,0,3,,,True,1,False,3,True,False
2026100005,11066,,4,17,4,5,1,1,True,,True,2,False,5,False,False
2026100005,11066,,4,18,5,5,0,1,True,,False,4,True,5,True,False
2026100005,11073,,1,1,4,5,1,1,True,,True,2,False,5,False,False
2026100005,11073,,1,2,3,5,2,5,,,False,3,True,5,False,False
2026100005,11073,,1,3,4,5,1,1,True,,False,3,True,5,False,False
2026100005,11073,,1,4,5,7,2,2,False,ROUGH,False,4,True,7,False,False
2026100005,11073,,1,5,3,3,0,2,,,False,2,True,3,True,False
2026100005,11073,,1,6,4,4,0,1,True,,True,2,False,4,True,False
2026100005,11073,,1,7,5,5,0,1,True,,True,3,False,5,True,False
2026100005,11073,,1,8,4,4,0,2,False,ROUGH,False,3,True,4,True,False
2026100005,11073,,1,9,4,4,0,2,False,ROUGH,True,2,False,4,True,False
2026100005,11073,,1,10,5,5,0,2,False,ROUGH,False,4,True,5,True,False
2026100005,11073,,1,11,3,4,1,3,,,True,1,False,4,False,False
2026100005,11073,,1,12,4,5,1,1,True,,True,2,False,5,False,False
2026100005,11073,,1,13,4,4,0,1,True,,False,3,True,4,True,False
2026100005,11073,,1,14,4,4,0,2,False,ROUGH,True,2,False,4,True,False
2026100005,11073,,1,15,4,5,1,2,False,ROUGH,True,2,False,5,False,False
2026100005,11073,,1,16,3,3,0,3,,,True,1,False,3,True,False
2026100005,11073,,1,17,4,4,0,1,True,,True,2,False,4,True,False
2026100005,11073,,1,18,5,6,1,1,True,,False,4,True,6,False,False
2026100005,11073,,2,1,4,5,1,2,False,ROUGH,False,3,True,5,False,False
2026100005,11073,,2,2,3,4,1,3,,,True,1,False,4,False,False
2026100005,11073,,2,3,4,5,1,1,True,,False,4,True,5,False,False
2026100005,11073,,2,4,5,6,1,1,True,,False,4,True,6,False,False
2026100005,11073,,2,5,3,3,0,3,,,True,1,False,3,True,False
2026100005,11073,,2,6,4,5,1,1,True,,False,3,True,5,False,False
2026100005,11073,,2,7,5,5,0,6,False,BUNKER,True,3,False,5,True,False
2026100005,11073,,2,8,4,5,1,2,False,ROUGH,False,4,True,5,False,False
2026100005,11073,,2,9,4,4,0,2,False,ROUGH,False,3,True,4,True,False
2026100005,11073,,2,10,5,5,0,1,True,,False,4,True,5,True,False
2026100005,11073,,2,11,3,5,2,2,,,False,3,True,5,False,False
2026100005,11073,,2,12,4,4,0,1,True,,True,2,False,4,True,False
2026100005,11073,,2,13,4,4,0,1,True,,False,3,True,4,True,False
2026100005,11073,,2,14,4,5,1,1,True,,False,3,True,5,False,False
2026100005,11073,,2,15,4,4,0,1,True,,False,3,True,4,True,False
2026100005,11073,,2,16,3,2,-1,3,,,True,1,False,2,True,False
2026100005,11073,,2,17,4,5,1,1,True,,False,3,True,5,False,False
2026100005,11073,,2,18,5,5,0,2,False,ROUGH,True,3,False,5,True,False
2026100005,11076,,1,1,4,5,1,2,False,ROUGH,False,3,True,5,False,False
2026100005,11076,,1,2,3,3,0,3,,,True,1,False,3,True,False
2026100005,11076,,1,3,4,4,0,2,False,ROUGH,True,2,False,4,True,False
2026100005,11076,,1,4,5,6,1,2,False,ROUGH,False,4,True,6,False,False
2026100005,11076,,1,5,3,3,0,3,,,True,1,False,3,True,False
2026100005,11076,,1,6,4,5,1,2,False,ROUGH,False,3,True,5,False,False
2026100005,11076,,1,7,5,6,1,1,True,,False,4,True,6,False,False
2026100005,11076,,1,8,4,6,2,2,False,ROUGH,False,4,True,6,False,False
2026100005,11076,,1,9,4,6,2,2,False,ROUGH,False,5,True,6,False,False
2026100005,11076,,1,10,5,7,2,2,False,ROUGH,False,5,True,7,False,False
2026100005,11076,,1,11,3,4,1,3,,,True,1,False,4,False,False
2026100005,11076,,1,12,4,4,0,6,False,BUNKER,False,3,True,4,True,False
2026100005,11076,,1,13,4,5,1,6,False,BUNKER,False,3,True,5,False,False
2026100005,11076,,1,14,4,5,1,2,False,ROUGH,False,4,True,5,False,False
2026100005,11076,,1,15,4,5,1,1,True,,True,2,False,5,False,False
2026100005,11076,,1,16,3,4,1,2,,,False,2,True,4,False,False
2026100005,11076,,1,17,4,4,0,2,False,ROUGH,True,2,False,4,True,False
2026100005,11076,,1,18,5,6,1,1,True,,True,3,False,6,False,False
2026100005,11076,조하리,2,1,4,,,,,,,,,,,True
2026100005,11076,조하리,2,2,3,,,,,,,,,,,True
2026100005,11076,조하리,2,3,4,,,,,,,,,,,True
2026100005,11076,조하리,2,4,5,,,,,,,,,,,True
2026100005,11076,조하리,2,5,3,,,,,,,,,,,True
2026100005,11076,조하리,2,6,4,,,,,,,,,,,True
2026100005,11076,조하리,2,7,5,,,,,,,,,,,True
2026100005,11076,조하리,2,8,4,,,,,,,,,,,True
2026100005,11076,조하리,2,9,4,,,,,,,,,,,True
2026100005,11076,조하리,2,10,5,,,,,,,,,,,True
2026100005,11076,조하리,2,11,3,,,,,,,,,,,True
2026100005,11076,조하리,2,12,4,,,,,,,,,,,True
2026100005,11076,조하리,2,13,4,,,,,,,,,,,True
2026100005,11076,조하리,2,14,4,,,,,,,,,,,True
2026100005,11076,조하리,2,15,4,,,,,,,,,,,True
2026100005,11076,조하리,2,16,3,,,,,,,,,,,True
2026100005,11076,조하리,2,17,4,,,,,,,,,,,True
2026100005,11076,조하리,2,18,5,,,,,,,,,,,True
2026100005,11134,,1,1,4,5,1,1,True,,False,3,True,5,False,False
2026100005,11134,,1,2,3,2,-1,3,,,True,1,False,2,True,False
2026100005,11134,,1,3,4,5,1,1,True,,False,4,True,5,False,False
2026100005,11134,,1,4,5,5,0,1,True,,False,4,True,5,True,False
2026100005,11134,,1,5,3,4,1,3,,,True,1,False,4,False,False
2026100005,11134,,1,6,4,4,0,2,False,ROUGH,False,3,True,4,True,False
2026100005,11134,,1,7,5,4,-1,1,True,,True,3,False,4,True,False
2026100005,11134,,1,8,4,4,0,1,True,,True,2,False,4,True,False
2026100005,11134,,1,9,4,4,0,1,True,,True,2,False,4,True,False
2026100005,11134,,1,10,5,5,0,1,True,,True,3,False,5,True,False
2026100005,11134,,1,11,3,3,0,3,,,True,1,False,3,True,False
2026100005,11134,,1,12,4,4,0,2,False,ROUGH,True,2,False,4,True,False
2026100005,11134,,1,13,4,4,0,1,True,,True,2,False,4,True,False
2026100005,11134,,1,14,4,4,0,2,False,ROUGH,True,2,False,4,True,False
2026100005,11134,,1,15,4,4,0,1,True,,False,3,True,4,True,False
2026100005,11134,,1,16,3,5,2,5,,,False,3,True,5,False,False
2026100005,11134,,1,17,4,4,0,1,True,,True,2,False,4,True,False
2026100005,11134,,1,18,5,4,-1,1,True,,True,3,False,4,True,False
2026100005,11134,,2,1,4,4,0,1,True,,False,3,True,4,True,False
2026100005,11134,,2,2,3,3,0,3,,,True,1,False,3,True,False
2026100005,11134,,2,3,4,4,0,1,True,,True,2,False,4,True,False
2026100005,11134,,2,4,5,5,0,1,True,,True,3,False,5,True,False
2026100005,11134,,2,5,3,3,0,3,,,True,1,False,3,True,False
2026100005,11134,,2,6,4,4,0,1,True,,True,2,False,4,True,False
2026100005,11134,,2,7,5,4,-1,2,False,ROUGH,True,3,False,4,True,False
2026100005,11134,,2,8,4,6,2,2,False,ROUGH,False,4,True,6,False,False
2026100005,11134,,2,9,4,3,-1,2,False,ROUGH,False,,True,3,True,False
2026100005,11134,,2,10,5,5,0,2,False,ROUGH,True,3,False,5,True,False
2026100005,11134,,2,11,3,4,1,3,,,True,1,False,4,False,False
2026100005,11134,,2,12,4,6,2,2,False,ROUGH,False,3,True,6,False,False
2026100005,11134,,2,13,4,4,0,1,True,,True,2,False,4,True,False
2026100005,11134,,2,14,4,4,0,2,False,ROUGH,True,2,False,4,True,False
2026100005,11134,,2,15,4,4,0,2,False,ROUGH,True,2,False,4,True,False
2026100005,11134,,2,16,3,3,0,3,,,True,1,False,3,True,False
2026100005,11134,,2,17,4,5,1,1,True,,False,3,True,5,False,False
2026100005,11134,,2,18,5,4,-1,1,True,,True,3,False,4,True,False
2026100005,11134,,3,1,4,4,0,1,True,,True,2,False,4,True,False
2026100005,11134,,3,2,3,5,2,3,,,True,1,False,5,False,False
2026100005,11134,,3,3,4,4,0,1,True,,True,2,False,4,True,False
2026100005,11134,,3,4,5,5,0,2,False,ROUGH,True,3,False,5,True,False
2026100005,11134,,3,5,3,3,0,3,,,True,1,False,3,True,False
2026100005,11134,,3,6,4,4,0,2,False,ROUGH,True,2,False,4,True,False
2026100005,11134,,3,7,5,6,1,2,False,ROUGH,False,4,True,6,False,False
2026100005,11134,,3,8,4,3,-1,1,True,,True,2,False,3,True,False
2026100005,11134,,3,9,4,4,0,1,True,,True,2,False,4,True,False
2026100005,11134,,3,10,5,5,0,1,True,,True,3,False,5,True,False
2026100005,11134,,3,11,3,3,0,3,,,True,1,False,3,True,False
2026100005,11134,,3,12,4,5,1,2,False,ROUGH,False,3,True,5,False,False
2026100005,11134,,3,13,4,5,1,1,True,,True,2,False,5,False,False
2026100005,11134,,3,14,4,4,0,1,True,,True,2,False,4,True,False
2026100005,11134,,3,15,4,4,0,1,True,,False,3,True,4,True,False
2026100005,11134,,3,16,3,3,0,3,,,True,1,False,3,True,False
2026100005,11134,,3,17,4,4,0,2,False,ROUGH,False,3,True,4,True,False
2026100005,11134,,3,18,5,4,-1,1,True,,True,3,False,4,True,False
2026100005,11134,,4,1,4,4,0,2,False,ROUGH,True,2,False,4,True,False
2026100005,11134,,4,2,3,2,-1,3,,,True,1,False,2,True,False
2026100005,11134,,4,3,4,4,0,1,True,,False,3,True,4,True,False
2026100005,11134,,4,4,5,5,0,2,False,ROUGH,True,3,False,5,True,False
2026100005,11134,,4,5,3,3,0,3,,,True,1,False,3,True,False
2026100005,11134,,4,6,4,4,0,2,False,ROUGH,True,2,False,4,True,False
2026100005,11134,,4,7,5,5,0,1,True,,True,3,False,5,True,False
2026100005,11134,,4,8,4,4,0,2,False,ROUGH,True,2,False,4,True,False
2026100005,11134,,4,9,4,4,0,2,False,ROUGH,True,2,False,4,True,False
2026100005,11134,,4,10,5,5,0,1,True,,True,3,False,5,True,False
2026100005,11134,,4,11,3,3,0,3,,,True,1,False,3,True,False
2026100005,11134,,4,12,4,4,0,1,True,,False,3,True,4,True,False
2026100005,11134,,4,13,4,4,0,2,False,ROUGH,True,2,False,4,True,False
2026100005,11134,,4,14,4,4,0,1,True,,True,2,False,4,True,False
2026100005,11134,,4,15,4,4,0,1,True,,True,2,False,4,True,False
2026100005,11134,,4,16,3,3,0,3,,,True,1,False,3,True,False
2026100005,11134,,4,17,4,4,0,1,True,,True,2,False,4,True,False
2026100005,11134,,4,18,5,5,0,2,False,ROUGH,True,3,False,5,True,False
2026100005,11143,,1,1,4,3,-1,1,True,,True,2,False,3,True,False
2026100005,11143,,1,2,3,3,0,3,,,True,1,False,3,True,False
2026100005,11143,,1,3,4,4,0,1,True,,False,3,True,4,True,False
2026100005,11143,,1,4,5,4,-1,1,True,,True,3,False,4,True,False
2026100005,11143,,1,5,3,4,1,12,,,False,2,True,4,False,False
2026100005,11143,,1,6,4,4,0,2,False,ROUGH,False,3,True,4,True,False
2026100005,11143,,1,7,5,5,0,1,True,,False,4,True,5,True,False
2026100005,11143,,1,8,4,5,1,2,False,ROUGH,False,3,True,5,False,False
2026100005,11143,,1,9,4,4,0,2,False,ROUGH,True,2,False,4,True,False
2026100005,11143,,1,10,5,5,0,2,False,ROUGH,False,4,True,5,True,False
2026100005,11143,,1,11,3,3,0,12,,,False,2,True,3,True,False
2026100005,11143,,1,12,4,6,2,2,False,ROUGH,False,4,True,6,False,False
2026100005,11143,,1,13,4,3,-1,1,True,,True,2,False,3,True,False
2026100005,11143,,1,14,4,4,0,2,False,ROUGH,False,3,True,4,True,False
2026100005,11143,,1,15,4,5,1,1,True,,False,3,True,5,False,False
2026100005,11143,,1,16,3,3,0,3,,,True,1,False,3,True,False
2026100005,11143,,1,17,4,5,1,2,False,ROUGH,True,2,False,5,False,False
2026100005,11143,,1,18,5,5,0,2,False,ROUGH,True,3,False,5,True,False
2026100005,11143,,2,1,4,3,-1,6,False,BUNKER,True,2,False,3,True,False
2026100005,11143,,2,2,3,3,0,3,,,True,1,False,3,True,False
2026100005,11143,,2,3,4,4,0,2,False,ROUGH,False,3,True,4,True,False
2026100005,11143,,2,4,5,4,-1,2,False,ROUGH,True,3,False,4,True,False
2026100005,11143,,2,5,3,2,-1,3,,,True,1,False,2,True,False
2026100005,11143,,2,6,4,4,0,2,False,ROUGH,False,3,True,4,True,False
2026100005,11143,,2,7,5,5,0,2,False,ROUGH,True,3,False,5,True,False
2026100005,11143,,2,8,4,6,2,2,False,ROUGH,False,4,True,6,False,False
2026100005,11143,,2,9,4,4,0,2,False,ROUGH,True,2,False,4,True,False
2026100005,11143,,2,10,5,5,0,1,True,,True,3,False,5,True,False
2026100005,11143,,2,11,3,4,1,2,,,False,3,True,4,False,False
2026100005,11143,,2,12,4,4,0,2,False,ROUGH,False,3,True,4,True,False
2026100005,11143,,2,13,4,3,-1,1,True,,True,2,False,3,True,False
2026100005,11143,,2,14,4,4,0,1,True,,False,3,True,4,True,False
2026100005,11143,,2,15,4,4,0,1,True,,True,2,False,4,True,False
2026100005,11143,,2,16,3,3,0,3,,,True,1,False,3,True,False
2026100005,11143,,2,17,4,4,0,2,False,ROUGH,False,3,True,4,True,False
2026100005,11143,,2,18,5,5,0,1,True,,True,3,False,5,True,False
2026100005,11143,,3,1,4,5,1,1,True,,False,3,True,5,False,False
2026100005,11143,,3,2,3,3,0,12,,,False,2,True,3,True,False
2026100005,11143,,3,3,4,4,0,1,True,,False,3,True,4,True,False
2026100005,11143,,3,4,5,5,0,1,True,,True,3,False,5,True,False
2026100005,11143,,3,5,3,3,0,3,,,True,1,False,3,True,False
2026100005,11143,,3,6,4,5,1,2,False,ROUGH,False,4,True,5,False,False
2026100005,11143,,3,7,5,5,0,6,False,BUNKER,False,4,True,5,True,False
2026100005,11143,,3,8,4,5,1,2,False,ROUGH,False,4,True,5,False,False
2026100005,11143,,3,9,4,3,-1,1,True,,True,2,False,3,True,False
2026100005,11143,,3,10,5,5,0,1,True,,True,3,False,5,True,False
2026100005,11143,,3,11,3,3,0,3,,,True,1,False,3,True,False
2026100005,11143,,3,12,4,4,0,1,True,,True,2,False,4,True,False
2026100005,11143,,3,13,4,5,1,6,False,BUNKER,False,3,True,5,False,False
2026100005,11143,,3,14,4,4,0,1,True,,True,2,False,4,True,False
2026100005,11143,,3,15,4,5,1,2,False,ROUGH,False,3,True,5,False,False
2026100005,11143,,3,16,3,3,0,3,,,True,1,False,3,True,False
2026100005,11143,,3,17,4,4,0,1,True,,True,2,False,4,True,False
2026100005,11143,,3,18,5,6,1,2,False,ROUGH,True,3,False,6,False,False
2026100005,11143,,4,1,4,3,-1,6,False,BUNKER,True,2,False,3,True,False
2026100005,11143,,4,2,3,3,0,3,,,True,1,False,3,True,False
2026100005,11143,,4,3,4,4,0,2,False,ROUGH,False,3,True,4,True,False
2026100005,11143,,4,4,5,5,0,2,False,ROUGH,True,3,False,5,True,False
2026100005,11143,,4,5,3,3,0,3,,,True,1,False,3,True,False
2026100005,11143,,4,6,4,4,0,1,True,,True,2,False,4,True,False
2026100005,11143,,4,7,5,4,-1,1,True,,True,3,False,4,True,False
2026100005,11143,,4,8,4,4,0,1,True,,True,2,False,4,True,False
2026100005,11143,,4,9,4,3,-1,1,True,,True,2,False,3,True,False
2026100005,11143,,4,10,5,5,0,2,False,ROUGH,True,3,False,5,True,False
2026100005,11143,,4,11,3,4,1,3,,,True,1,False,4,False,False
2026100005,11143,,4,12,4,5,1,1,True,,False,3,True,5,False,False
2026100005,11143,,4,13,4,4,0,1,True,,False,3,True,4,True,False
2026100005,11143,,4,14,4,4,0,1,True,,True,2,False,4,True,False
2026100005,11143,,4,15,4,4,0,2,False,ROUGH,False,3,True,4,True,False
2026100005,11143,,4,16,3,3,0,3,,,True,1,False,3,True,False
2026100005,11143,,4,17,4,3,-1,1,True,,True,2,False,3,True,False
2026100005,11143,,4,18,5,5,0,1,True,,True,3,False,5,True,False
2026100005,11216,,1,1,4,5,1,6,False,BUNKER,False,3,True,5,False,False
2026100005,11216,,1,2,3,4,1,2,,,False,2,True,4,False,False
2026100005,11216,,1,3,4,5,1,1,True,,False,3,True,5,False,False
2026100005,11216,,1,4,5,5,0,1,True,,True,3,False,5,True,False
2026100005,11216,,1,5,3,4,1,9,,,False,2,True,4,False,False
2026100005,11216,,1,6,4,4,0,2,False,ROUGH,False,3,True,4,True,False
2026100005,11216,,1,7,5,5,0,1,True,,True,3,False,5,True,False
2026100005,11216,,1,8,4,5,1,1,True,,False,3,True,5,False,False
2026100005,11216,,1,9,4,5,1,2,False,ROUGH,False,3,True,5,False,False
2026100005,11216,,1,10,5,5,0,2,False,ROUGH,False,4,True,5,True,False
2026100005,11216,,1,11,3,4,1,2,,,False,2,True,4,False,False
2026100005,11216,,1,12,4,4,0,1,True,,True,2,False,4,True,False
2026100005,11216,,1,13,4,4,0,1,True,,True,2,False,4,True,False
2026100005,11216,,1,14,4,5,1,2,False,ROUGH,False,3,True,5,False,False
2026100005,11216,,1,15,4,5,1,2,False,ROUGH,False,3,True,5,False,False
2026100005,11216,,1,16,3,3,0,3,,,True,1,False,3,True,False
2026100005,11216,,1,17,4,5,1,2,False,ROUGH,True,2,False,5,False,False
2026100005,11216,,1,18,5,5,0,1,True,,True,3,False,5,True,False
2026100005,11216,,2,1,4,5,1,2,False,ROUGH,True,2,False,5,False,False
2026100005,11216,,2,2,3,4,1,12,,,False,2,True,4,False,False
2026100005,11216,,2,3,4,4,0,1,True,,False,3,True,4,True,False
2026100005,11216,,2,4,5,6,1,2,False,ROUGH,True,3,False,6,False,False
2026100005,11216,,2,5,3,4,1,3,,,True,1,False,4,False,False
2026100005,11216,,2,6,4,5,1,2,False,ROUGH,False,3,True,5,False,False
2026100005,11216,,2,7,5,5,0,1,True,,True,3,False,5,True,False
2026100005,11216,,2,8,4,5,1,2,False,ROUGH,False,4,True,5,False,False
2026100005,11216,,2,9,4,4,0,1,True,,True,2,False,4,True,False
2026100005,11216,,2,10,5,6,1,2,False,ROUGH,False,4,True,6,False,False
2026100005,11216,,2,11,3,4,1,2,,,False,3,True,4,False,False
2026100005,11216,,2,12,4,4,0,2,False,ROUGH,True,2,False,4,True,False
2026100005,11216,,2,13,4,4,0,2,False,ROUGH,True,2,False,4,True,False
2026100005,11216,,2,14,4,5,1,1,True,,False,3,True,5,False,False
2026100005,11216,,2,15,4,4,0,1,True,,False,3,True,4,True,False
2026100005,11216,,2,16,3,3,0,3,,,True,1,False,3,True,False
2026100005,11216,,2,17,4,4,0,1,True,,True,2,False,4,True,False
2026100005,11216,,2,18,5,3,-2,1,True,,False,,True,3,True,False
2026100005,11447,,1,1,4,4,0,1,True,,True,2,False,4,True,False
2026100005,11447,,1,2,3,3,0,3,,,True,1,False,3,True,False
2026100005,11447,,1,3,4,4,0,1,True,,True,2,False,4,True,False
2026100005,11447,,1,4,5,5,0,2,False,ROUGH,False,4,True,5,True,False
2026100005,11447,,1,5,3,5,2,9,,,False,3,True,5,False,False
2026100005,11447,,1,6,4,5,1,1,True,,False,3,True,5,False,False
2026100005,11447,,1,7,5,5,0,6,False,BUNKER,False,4,True,5,True,False
2026100005,11447,,1,8,4,4,0,2,False,ROUGH,False,3,True,4,True,False
2026100005,11447,,1,9,4,4,0,2,False,ROUGH,False,3,True,4,True,False
2026100005,11447,,1,10,5,5,0,2,False,ROUGH,True,3,False,5,True,False
2026100005,11447,,1,11,3,3,0,3,,,True,1,False,3,True,False
2026100005,11447,,1,12,4,4,0,1,True,,True,2,False,4,True,False
2026100005,11447,,1,13,4,4,0,1,True,,False,3,True,4,True,False
2026100005,11447,,1,14,4,5,1,1,True,,False,3,True,5,False,False
2026100005,11447,,1,15,4,4,0,1,True,,True,2,False,4,True,False
2026100005,11447,,1,16,3,3,0,3,,,True,1,False,3,True,False
2026100005,11447,,1,17,4,4,0,1,True,,True,2,False,4,True,False
2026100005,11447,,1,18,5,6,1,6,False,BUNKER,True,3,False,6,False,False
2026100005,11447,,2,1,4,3,-1,1,True,,True,2,False,3,True,False
2026100005,11447,,2,2,3,3,0,3,,,True,1,False,3,True,False
2026100005,11447,,2,3,4,4,0,1,True,,True,2,False,4,True,False
2026100005,11447,,2,4,5,5,0,2,False,ROUGH,True,3,False,5,True,False
2026100005,11447,,2,5,3,3,0,3,,,True,1,False,3,True,False
2026100005,11447,,2,6,4,4,0,1,True,,False,3,True,4,True,False
2026100005,11447,,2,7,5,4,-1,1,True,,True,3,False,4,True,False
2026100005,11447,,2,8,4,3,-1,2,False,ROUGH,True,2,False,3,True,False
2026100005,11447,,2,9,4,4,0,2,False,ROUGH,True,2,False,4,True,False
2026100005,11447,,2,10,5,7,2,2,False,ROUGH,False,4,True,7,False,False
2026100005,11447,,2,11,3,3,0,3,,,True,1,False,3,True,False
2026100005,11447,,2,12,4,5,1,2,False,ROUGH,True,2,False,5,False,False
2026100005,11447,,2,13,4,3,-1,1,True,,True,2,False,3,True,False
2026100005,11447,,2,14,4,3,-1,1,True,,True,2,False,3,True,False
2026100005,11447,,2,15,4,4,0,2,False,ROUGH,False,3,True,4,True,False
2026100005,11447,,2,16,3,2,-1,3,,,True,1,False,2,True,False
2026100005,11447,,2,17,4,4,0,6,False,BUNKER,True,2,False,4,True,False
2026100005,11447,,2,18,5,6,1,2,False,ROUGH,False,4,True,6,False,False
2026100005,11447,,3,1,4,4,0,2,False,ROUGH,True,2,False,4,True,False
2026100005,11447,,3,2,3,3,0,3,,,True,1,False,3,True,False
2026100005,11447,,3,3,4,6,2,2,False,ROUGH,False,4,True,6,False,False
2026100005,11447,,3,4,5,5,0,2,False,ROUGH,False,4,True,5,True,False
2026100005,11447,,3,5,3,3,0,3,,,True,1,False,3,True,False
2026100005,11447,,3,6,4,4,0,1,True,,True,2,False,4,True,False
2026100005,11447,,3,7,5,7,2,7,False,OTHER,False,5,True,7,False,False
2026100005,11447,,3,8,4,4,0,2,False,ROUGH,False,3,True,4,True,False
2026100005,11447,,3,9,4,4,0,1,True,,False,3,True,4,True,False
2026100005,11447,,3,10,5,5,0,2,False,ROUGH,True,3,False,5,True,False
2026100005,11447,,3,11,3,4,1,2,,,False,2,True,4,False,False
2026100005,11447,,3,12,4,4,0,1,True,,True,2,False,4,True,False
2026100005,11447,,3,13,4,5,1,2,False,ROUGH,False,3,True,5,False,False
2026100005,11447,,3,14,4,4,0,1,True,,True,2,False,4,True,False
2026100005,11447,,3,15,4,4,0,2,False,ROUGH,False,3,True,4,True,False
2026100005,11447,,3,16,3,3,0,3,,,True,1,False,3,True,False
2026100005,11447,,3,17,4,3,-1,1,True,,True,2,False,3,True,False
2026100005,11447,,3,18,5,5,0,6,False,BUNKER,True,3,False,5,True,False
2026100005,11447,,4,1,4,4,0,1,True,,True,2,False,4,True,False
2026100005,11447,,4,2,3,3,0,2,,,False,2,True,3,True,False
2026100005,11447,,4,3,4,5,1,1,True,,False,3,True,5,False,False
2026100005,11447,,4,4,5,5,0,1,True,,True,3,False,5,True,False
2026100005,11447,,4,5,3,3,0,3,,,True,1,False,3,True,False
2026100005,11447,,4,6,4,5,1,1,True,,False,3,True,5,False,False
2026100005,11447,,4,7,5,5,0,6,False,BUNKER,False,4,True,5,True,False
2026100005,11447,,4,8,4,5,1,2,False,ROUGH,False,3,True,5,False,False
2026100005,11447,,4,9,4,4,0,1,True,,True,2,False,4,True,False
2026100005,11447,,4,10,5,5,0,1,True,,True,3,False,5,True,False
2026100005,11447,,4,11,3,3,0,3,,,True,1,False,3,True,False
2026100005,11447,,4,12,4,5,1,2,False,ROUGH,True,2,False,5,False,False
2026100005,11447,,4,13,4,5,1,6,False,BUNKER,False,3,True,5,False,False
2026100005,11447,,4,14,4,4,0,1,True,,False,3,True,4,True,False
2026100005,11447,,4,15,4,4,0,1,True,,True,2,False,4,True,False
2026100005,11447,,4,16,3,3,0,3,,,True,1,False,3,True,False
2026100005,11447,,4,17,4,4,0,1,True,,True,2,False,4,True,False
2026100005,11447,,4,18,5,5,0,1,True,,False,4,True,5,True,False
2026100005,11469,,1,1,4,4,0,1,True,,True,2,False,4,True,False
2026100005,11469,,1,2,3,3,0,3,,,True,1,False,3,True,False
2026100005,11469,,1,3,4,5,1,2,False,ROUGH,False,4,True,5,False,False
2026100005,11469,,1,4,5,6,1,1,True,,False,4,True,6,False,False
2026100005,11469,,1,5,3,3,0,2,,,False,2,True,3,True,False
2026100005,11469,,1,6,4,5,1,1,True,,False,4,True,5,False,False
2026100005,11469,,1,7,5,5,0,2,False,ROUGH,True,3,False,5,True,False
2026100005,11469,,1,8,4,5,1,2,False,ROUGH,False,3,True,5,False,False
2026100005,11469,,1,9,4,5,1,1,True,,False,3,True,5,False,False
2026100005,11469,,1,10,5,8,3,2,False,ROUGH,False,6,True,8,False,False
2026100005,11469,,1,11,3,3,0,3,,,True,1,False,3,True,False
2026100005,11469,,1,12,4,4,0,2,False,ROUGH,True,2,False,4,True,False
2026100005,11469,,1,13,4,4,0,2,False,ROUGH,False,3,True,4,True,False
2026100005,11469,,1,14,4,5,1,1,True,,True,2,False,5,False,False
2026100005,11469,,1,15,4,4,0,2,False,ROUGH,True,2,False,4,True,False
2026100005,11469,,1,16,3,3,0,12,,,False,2,True,3,True,False
2026100005,11469,,1,17,4,4,0,1,True,,True,2,False,4,True,False
2026100005,11469,,1,18,5,5,0,1,True,,False,4,True,5,True,False
2026100005,11469,,2,1,4,5,1,2,False,ROUGH,False,3,True,5,False,False
2026100005,11469,,2,2,3,3,0,3,,,True,1,False,3,True,False
2026100005,11469,,2,3,4,4,0,1,True,,False,3,True,4,True,False
2026100005,11469,,2,4,5,5,0,1,True,,True,3,False,5,True,False
2026100005,11469,,2,5,3,3,0,3,,,True,1,False,3,True,False
2026100005,11469,,2,6,4,4,0,1,True,,False,3,True,4,True,False
2026100005,11469,,2,7,5,4,-1,1,True,,True,3,False,4,True,False
2026100005,11469,,2,8,4,4,0,1,True,,True,2,False,4,True,False
2026100005,11469,,2,9,4,4,0,1,True,,True,2,False,4,True,False
2026100005,11469,,2,10,5,7,2,2,False,ROUGH,False,6,True,7,False,False
2026100005,11469,,2,11,3,4,1,12,,,False,2,True,4,False,False
2026100005,11469,,2,12,4,5,1,1,True,,False,3,True,5,False,False
2026100005,11469,,2,13,4,4,0,1,True,,False,3,True,4,True,False
2026100005,11469,,2,14,4,5,1,1,True,,False,3,True,5,False,False
2026100005,11469,,2,15,4,4,0,1,True,,True,2,False,4,True,False
2026100005,11469,,2,16,3,3,0,3,,,True,1,False,3,True,False
2026100005,11469,,2,17,4,4,0,1,True,,True,2,False,4,True,False
2026100005,11469,,2,18,5,5,0,1,True,,True,3,False,5,True,False
2026100005,11640,,1,1,4,4,0,2,False,ROUGH,True,2,False,4,True,False
2026100005,11640,,1,2,3,4,1,2,,,False,2,True,4,False,False
2026100005,11640,,1,3,4,5,1,1,True,,False,3,True,5,False,False
2026100005,11640,,1,4,5,5,0,2,False,ROUGH,True,3,False,5,True,False
2026100005,11640,,1,5,3,3,0,3,,,True,1,False,3,True,False
2026100005,11640,,1,6,4,4,0,2,False,ROUGH,False,3,True,4,True,False
2026100005,11640,,1,7,5,5,0,1,True,,True,3,False,5,True,False
2026100005,11640,,1,8,4,4,0,1,True,,True,2,False,4,True,False
2026100005,11640,,1,9,4,4,0,2,False,ROUGH,False,3,True,4,True,False
2026100005,11640,,1,10,5,7,2,2,False,ROUGH,False,4,True,7,False,False
2026100005,11640,,1,11,3,4,1,3,,,True,1,False,4,False,False
2026100005,11640,,1,12,4,4,0,2,False,ROUGH,True,2,False,4,True,False
2026100005,11640,,1,13,4,4,0,1,True,,True,2,False,4,True,False
2026100005,11640,,1,14,4,5,1,1,True,,False,3,True,5,False,False
2026100005,11640,,1,15,4,4,0,1,True,,True,2,False,4,True,False
2026100005,11640,,1,16,3,3,0,3,,,True,1,False,3,True,False
2026100005,11640,,1,17,4,4,0,1,True,,False,3,True,4,True,False
2026100005,11640,,1,18,5,6,1,1,True,,True,3,False,6,False,False
2026100005,11640,,2,1,4,5,1,2,False,ROUGH,False,3,True,5,False,False
2026100005,11640,,2,2,3,2,-1,3,,,True,1,False,2,True,False
2026100005,11640,,2,3,4,4,0,2,False,ROUGH,True,2,False,4,True,False
2026100005,11640,,2,4,5,5,0,1,True,,True,3,False,5,True,False
2026100005,11640,,2,5,3,3,0,3,,,True,1,False,3,True,False
2026100005,11640,,2,6,4,4,0,1,True,,True,2,False,4,True,False
2026100005,11640,,2,7,5,4,-1,1,True,,True,3,False,4,True,False
2026100005,11640,,2,8,4,4,0,1,True,,True,2,False,4,True,False
2026100005,11640,,2,9,4,5,1,2,False,ROUGH,False,3,True,5,False,False
2026100005,11640,,2,10,5,5,0,1,True,,False,4,True,5,True,False
2026100005,11640,,2,11,3,3,0,2,,,False,2,True,3,True,False
2026100005,11640,,2,12,4,4,0,1,True,,True,2,False,4,True,False
2026100005,11640,,2,13,4,3,-1,1,True,,True,2,False,3,True,False
2026100005,11640,,2,14,4,3,-1,1,True,,True,2,False,3,True,False
2026100005,11640,,2,15,4,4,0,1,True,,False,3,True,4,True,False
2026100005,11640,,2,16,3,4,1,5,,,False,3,True,4,False,False
2026100005,11640,,2,17,4,4,0,1,True,,True,2,False,4,True,False
2026100005,11640,,2,18,5,5,0,1,True,,True,3,False,5,True,False
2026100005,11640,,3,1,4,4,0,2,False,ROUGH,False,3,True,4,True,False
2026100005,11640,,3,2,3,3,0,3,,,True,1,False,3,True,False
2026100005,11640,,3,3,4,5,1,1,True,,False,4,True,5,False,False
2026100005,11640,,3,4,5,5,0,1,True,,True,3,False,5,True,False
2026100005,11640,,3,5,3,3,0,3,,,True,1,False,3,True,False
2026100005,11640,,3,6,4,5,1,2,False,ROUGH,False,3,True,5,False,False
2026100005,11640,,3,7,5,5,0,2,False,ROUGH,False,4,True,5,True,False
2026100005,11640,,3,8,4,3,-1,1,True,,True,2,False,3,True,False
2026100005,11640,,3,9,4,3,-1,1,True,,True,2,False,3,True,False
2026100005,11640,,3,10,5,6,1,1,True,,False,4,True,6,False,False
2026100005,11640,,3,11,3,3,0,2,,,False,2,True,3,True,False
2026100005,11640,,3,12,4,4,0,1,True,,False,3,True,4,True,False
2026100005,11640,,3,13,4,3,-1,1,True,,True,2,False,3,True,False
2026100005,11640,,3,14,4,5,1,1,True,,True,2,False,5,False,False
2026100005,11640,,3,15,4,5,1,2,False,ROUGH,True,2,False,5,False,False
2026100005,11640,,3,16,3,2,-1,3,,,True,1,False,2,True,False
2026100005,11640,,3,17,4,4,0,6,False,BUNKER,False,3,True,4,True,False
2026100005,11640,,3,18,5,5,0,2,False,ROUGH,True,3,False,5,True,False
2026100005,11640,,4,1,4,4,0,1,True,,True,2,False,4,True,False
2026100005,11640,,4,2,3,2,-1,3,,,True,1,False,2,True,False
2026100005,11640,,4,3,4,4,0,1,True,,True,2,False,4,True,False
2026100005,11640,,4,4,5,6,1,1,True,,True,3,False,6,False,False
2026100005,11640,,4,5,3,3,0,3,,,True,1,False,3,True,False
2026100005,11640,,4,6,4,4,0,2,False,ROUGH,False,3,True,4,True,False
2026100005,11640,,4,7,5,5,0,2,False,ROUGH,True,3,False,5,True,False
2026100005,11640,,4,8,4,4,0,1,True,,True,2,False,4,True,False
2026100005,11640,,4,9,4,4,0,1,True,,True,2,False,4,True,False
2026100005,11640,,4,10,5,5,0,1,True,,False,4,True,5,True,False
2026100005,11640,,4,11,3,3,0,3,,,True,1,False,3,True,False
2026100005,11640,,4,12,4,4,0,1,True,,True,2,False,4,True,False
2026100005,11640,,4,13,4,4,0,1,True,,True,2,False,4,True,False
2026100005,11640,,4,14,4,5,1,1,True,,True,2,False,5,False,False
2026100005,11640,,4,15,4,4,0,2,False,ROUGH,False,3,True,4,True,False
2026100005,11640,,4,16,3,3,0,3,,,True,1,False,3,True,False
2026100005,11640,,4,17,4,4,0,2,False,ROUGH,True,2,False,4,True,False
2026100005,11640,,4,18,5,5,0,6,False,BUNKER,True,3,False,5,True,False
2026100005,11770,,1,1,4,5,1,1,True,,False,3,True,5,False,False
2026100005,11770,,1,2,3,3,0,12,,,False,2,True,3,True,False
2026100005,11770,,1,3,4,3,-1,1,True,,True,2,False,3,True,False
2026100005,11770,,1,4,5,5,0,1,True,,True,3,False,5,True,False
2026100005,11770,,1,5,3,3,0,2,,,False,2,True,3,True,False
2026100005,11770,,1,6,4,4,0,1,True,,True,2,False,4,True,False
2026100005,11770,,1,7,5,6,1,2,False,ROUGH,False,5,True,6,False,False
2026100005,11770,,1,8,4,4,0,1,True,,True,2,False,4,True,False
2026100005,11770,,1,9,4,4,0,1,True,,True,2,False,4,True,False
2026100005,11770,,1,10,5,7,2,1,True,,False,4,True,7,False,False
2026100005,11770,,1,11,3,4,1,2,,,False,2,True,4,False,False
2026100005,11770,,1,12,4,5,1,2,False,ROUGH,False,3,True,5,False,False
2026100005,11770,,1,13,4,3,-1,1,True,,True,2,False,3,True,False
2026100005,11770,,1,14,4,4,0,1,True,,True,2,False,4,True,False
2026100005,11770,,1,15,4,4,0,2,False,ROUGH,False,3,True,4,True,False
2026100005,11770,,1,16,3,3,0,3,,,True,1,False,3,True,False
2026100005,11770,,1,17,4,5,1,2,False,ROUGH,False,4,True,5,False,False
2026100005,11770,,1,18,5,5,0,2,False,ROUGH,True,3,False,5,True,False
2026100005,11770,,2,1,4,5,1,2,False,ROUGH,False,3,True,5,False,False
2026100005,11770,,2,2,3,3,0,3,,,True,1,False,3,True,False
2026100005,11770,,2,3,4,4,0,1,True,,True,2,False,4,True,False
2026100005,11770,,2,4,5,5,0,1,True,,True,3,False,5,True,False
2026100005,11770,,2,5,3,2,-1,3,,,True,1,False,2,True,False
2026100005,11770,,2,6,4,4,0,1,True,,False,3,True,4,True,False
2026100005,11770,,2,7,5,5,0,1,True,,True,3,False,5,True,False
2026100005,11770,,2,8,4,4,0,1,True,,True,2,False,4,True,False
2026100005,11770,,2,9,4,3,-1,1,True,,True,2,False,3,True,False
2026100005,11770,,2,10,5,4,-1,2,False,ROUGH,False,,True,4,True,False
2026100005,11770,,2,11,3,3,0,2,,,False,2,True,3,True,False
2026100005,11770,,2,12,4,4,0,1,True,,True,2,False,4,True,False
2026100005,11770,,2,13,4,4,0,1,True,,True,2,False,4,True,False
2026100005,11770,,2,14,4,5,1,2,False,ROUGH,False,3,True,5,False,False
2026100005,11770,,2,15,4,4,0,1,True,,True,2,False,4,True,False
2026100005,11770,,2,16,3,3,0,3,,,True,1,False,3,True,False
2026100005,11770,,2,17,4,4,0,2,False,ROUGH,True,2,False,4,True,False
2026100005,11770,,2,18,5,5,0,1,True,,True,3,False,5,True,False
2026100005,11770,,3,1,4,4,0,2,False,ROUGH,True,2,False,4,True,False
2026100005,11770,,3,2,3,3,0,3,,,True,1,False,3,True,False
2026100005,11770,,3,3,4,4,0,1,True,,False,3,True,4,True,False
2026100005,11770,,3,4,5,4,-1,1,True,,True,3,False,4,True,False
2026100005,11770,,3,5,3,3,0,3,,,True,1,False,3,True,False
2026100005,11770,,3,6,4,6,2,2,False,ROUGH,False,5,True,6,False,False
2026100005,11770,,3,7,5,4,-1,1,True,,True,3,False,4,True,False
2026100005,11770,,3,8,4,5,1,2,False,ROUGH,False,3,True,5,False,False
2026100005,11770,,3,9,4,4,0,1,True,,False,3,True,4,True,False
2026100005,11770,,3,10,5,5,0,1,True,,True,3,False,5,True,False
2026100005,11770,,3,11,3,2,-1,3,,,True,1,False,2,True,False
2026100005,11770,,3,12,4,8,4,2,False,ROUGH,False,6,True,8,False,False
2026100005,11770,,3,13,4,4,0,2,False,ROUGH,False,3,True,4,True,False
2026100005,11770,,3,14,4,5,1,1,True,,False,3,True,5,False,False
2026100005,11770,,3,15,4,4,0,1,True,,True,2,False,4,True,False
2026100005,11770,,3,16,3,4,1,3,,,True,1,False,4,False,False
2026100005,11770,,3,17,4,4,0,1,True,,True,2,False,4,True,False
2026100005,11770,,3,18,5,4,-1,2,False,ROUGH,True,3,False,4,True,False
2026100005,11770,,4,1,4,5,1,2,False,ROUGH,False,3,True,5,False,False
2026100005,11770,,4,2,3,3,0,3,,,True,1,False,3,True,False
2026100005,11770,,4,3,4,4,0,1,True,,True,2,False,4,True,False
2026100005,11770,,4,4,5,6,1,2,False,ROUGH,True,3,False,6,False,False
2026100005,11770,,4,5,3,3,0,3,,,True,1,False,3,True,False
2026100005,11770,,4,6,4,5,1,1,True,,False,3,True,5,False,False
2026100005,11770,,4,7,5,5,0,1,True,,True,3,False,5,True,False
2026100005,11770,,4,8,4,4,0,1,True,,True,2,False,4,True,False
2026100005,11770,,4,9,4,4,0,2,False,ROUGH,True,2,False,4,True,False
2026100005,11770,,4,10,5,5,0,2,False,ROUGH,True,3,False,5,True,False
2026100005,11770,,4,11,3,2,-1,3,,,True,1,False,2,True,False
2026100005,11770,,4,12,4,4,0,1,True,,True,2,False,4,True,False
2026100005,11770,,4,13,4,4,0,1,True,,True,2,False,4,True,False
2026100005,11770,,4,14,4,5,1,2,False,ROUGH,False,3,True,5,False,False
2026100005,11770,,4,15,4,4,0,2,False,ROUGH,False,3,True,4,True,False
2026100005,11770,,4,16,3,3,0,3,,,True,1,False,3,True,False
2026100005,11770,,4,17,4,4,0,6,False,BUNKER,True,2,False,4,True,False
2026100005,11770,,4,18,5,5,0,1,True,,True,3,False,5,True,False
2026100005,11978,,1,1,4,5,1,2,False,ROUGH,False,3,True,5,False,False
2026100005,11978,,1,2,3,3,0,3,,,True,1,False,3,True,False
2026100005,11978,,1,3,4,5,1,1,True,,False,3,True,5,False,False
2026100005,11978,,1,4,5,6,1,2,False,ROUGH,False,5,True,6,False,False
2026100005,11978,,1,5,3,3,0,3,,,True,1,False,3,True,False
2026100005,11978,,1,6,4,6,2,2,False,ROUGH,False,3,True,6,False,False
2026100005,11978,,1,7,5,6,1,1,True,,False,4,True,6,False,False
2026100005,11978,,1,8,4,5,1,2,False,ROUGH,False,3,True,5,False,False
2026100005,11978,,1,9,4,5,1,2,False,ROUGH,False,3,True,5,False,False
2026100005,11978,,1,10,5,7,2,4,False,OB,False,5,True,7,False,False
2026100005,11978,,1,11,3,3,0,3,,,True,1,False,3,True,False
2026100005,11978,,1,12,4,4,0,1,True,,True,2,False,4,True,False
2026100005,11978,,1,13,4,6,2,2,False,ROUGH,True,2,False,6,False,False
2026100005,11978,,1,14,4,5,1,2,False,ROUGH,False,3,True,5,False,False
2026100005,11978,,1,15,4,5,1,2,False,ROUGH,False,3,True,5,False,False
2026100005,11978,,1,16,3,4,1,2,,,False,2,True,4,False,False
2026100005,11978,,1,17,4,5,1,1,True,,False,3,True,5,False,False
2026100005,11978,,1,18,5,5,0,1,True,,True,3,False,5,True,False
2026100005,11978,이수민 0906(A),2,1,4,,,,,,,,,,,True
2026100005,11978,이수민 0906(A),2,2,3,,,,,,,,,,,True
2026100005,11978,이수민 0906(A),2,3,4,,,,,,,,,,,True
2026100005,11978,이수민 0906(A),2,4,5,,,,,,,,,,,True
2026100005,11978,이수민 0906(A),2,5,3,,,,,,,,,,,True
2026100005,11978,이수민 0906(A),2,6,4,,,,,,,,,,,True
2026100005,11978,이수민 0906(A),2,7,5,,,,,,,,,,,True
2026100005,11978,이수민 0906(A),2,8,4,,,,,,,,,,,True
2026100005,11978,이수민 0906(A),2,9,4,,,,,,,,,,,True
2026100005,11978,이수민 0906(A),2,10,5,,,,,,,,,,,True
2026100005,11978,이수민 0906(A),2,11,3,,,,,,,,,,,True
2026100005,11978,이수민 0906(A),2,12,4,,,,,,,,,,,True
2026100005,11978,이수민 0906(A),2,13,4,,,,,,,,,,,True
2026100005,11978,이수민 0906(A),2,14,4,,,,,,,,,,,True
2026100005,11978,이수민 0906(A),2,15,4,,,,,,,,,,,True
2026100005,11978,이수민 0906(A),2,16,3,,,,,,,,,,,True
2026100005,11978,이수민 0906(A),2,17,4,,,,,,,,,,,True
2026100005,11978,이수민 0906(A),2,18,5,,,,,,,,,,,True
2026100005,12038,,1,1,4,4,0,6,False,BUNKER,False,3,True,4,True,False
2026100005,12038,,1,2,3,3,0,3,,,True,1,False,3,True,False
2026100005,12038,,1,3,4,4,0,1,True,,False,3,True,4,True,False
2026100005,12038,,1,4,5,8,3,1,True,,False,6,True,8,False,False
2026100005,12038,,1,5,3,4,1,2,,,False,3,True,4,False,False
2026100005,12038,,1,6,4,5,1,2,False,ROUGH,False,3,True,5,False,False
2026100005,12038,,1,7,5,5,0,2,False,ROUGH,False,4,True,5,True,False
2026100005,12038,,1,8,4,4,0,2,False,ROUGH,False,3,True,4,True,False
2026100005,12038,,1,9,4,6,2,2,False,ROUGH,False,4,True,6,False,False
2026100005,12038,,1,10,5,5,0,1,True,,True,3,False,5,True,False
2026100005,12038,,1,11,3,4,1,2,,,False,2,True,4,False,False
2026100005,12038,,1,12,4,4,0,1,True,,True,2,False,4,True,False
2026100005,12038,,1,13,4,4,0,1,True,,True,2,False,4,True,False
2026100005,12038,,1,14,4,4,0,1,True,,True,2,False,4,True,False
2026100005,12038,,1,15,4,3,-1,1,True,,True,2,False,3,True,False
2026100005,12038,,1,16,3,4,1,2,,,False,2,True,4,False,False
2026100005,12038,,1,17,4,4,0,2,False,ROUGH,True,2,False,4,True,False
2026100005,12038,,1,18,5,5,0,1,True,,False,4,True,5,True,False
2026100005,12038,,2,1,4,3,-1,1,True,,True,2,False,3,True,False
2026100005,12038,,2,2,3,4,1,12,,,False,2,True,4,False,False
2026100005,12038,,2,3,4,5,1,1,True,,True,2,False,5,False,False
2026100005,12038,,2,4,5,6,1,2,False,ROUGH,False,5,True,6,False,False
2026100005,12038,,2,5,3,3,0,3,,,True,1,False,3,True,False
2026100005,12038,,2,6,4,5,1,2,False,ROUGH,False,3,True,5,False,False
2026100005,12038,,2,7,5,5,0,1,True,,False,4,True,5,True,False
2026100005,12038,,2,8,4,4,0,1,True,,True,2,False,4,True,False
2026100005,12038,,2,9,4,4,0,1,True,,True,2,False,4,True,False
2026100005,12038,,2,10,5,5,0,2,False,ROUGH,False,4,True,5,True,False
2026100005,12038,,2,11,3,2,-1,3,,,True,1,False,2,True,False
2026100005,12038,,2,12,4,5,1,1,True,,False,3,True,5,False,False
2026100005,12038,,2,13,4,4,0,1,True,,True,2,False,4,True,False
2026100005,12038,,2,14,4,4,0,1,True,,True,2,False,4,True,False
2026100005,12038,,2,15,4,5,1,1,True,,False,3,True,5,False,False
2026100005,12038,,2,16,3,4,1,3,,,True,1,False,4,False,False
2026100005,12038,,2,17,4,5,1,2,False,ROUGH,False,3,True,5,False,False
2026100005,12038,,2,18,5,5,0,1,True,,True,3,False,5,True,False
2026100005,12078,,1,1,4,5,1,6,False,BUNKER,False,3,True,5,False,False
2026100005,12078,,1,2,3,4,1,3,,,True,1,False,4,False,False
2026100005,12078,,1,3,4,6,2,1,True,,False,4,True,6,False,False
2026100005,12078,,1,4,5,6,1,2,False,ROUGH,False,4,True,6,False,False
2026100005,12078,,1,5,3,4,1,9,,,False,2,True,4,False,False
2026100005,12078,,1,6,4,5,1,2,False,ROUGH,False,4,True,5,False,False
2026100005,12078,,1,7,5,5,0,1,True,,True,3,False,5,True,False
2026100005,12078,,1,8,4,5,1,2,False,ROUGH,True,2,False,5,False,False
2026100005,12078,,1,9,4,5,1,2,False,ROUGH,False,3,True,5,False,False
2026100005,12078,,1,10,5,8,3,2,False,ROUGH,False,7,True,8,False,False
2026100005,12078,,1,11,3,4,1,2,,,False,2,True,4,False,False
2026100005,12078,,1,12,4,4,0,2,False,ROUGH,True,2,False,4,True,False
2026100005,12078,,1,13,4,4,0,2,False,ROUGH,False,3,True,4,True,False
2026100005,12078,,1,14,4,6,2,1,True,,False,4,True,6,False,False
2026100005,12078,,1,15,4,4,0,1,True,,True,2,False,4,True,False
2026100005,12078,,1,16,3,2,-1,3,,,True,1,False,2,True,False
2026100005,12078,,1,17,4,5,1,1,True,,True,2,False,5,False,False
2026100005,12078,,1,18,5,5,0,2,False,ROUGH,True,3,False,5,True,False
2026100005,12078,,2,1,4,5,1,1,True,,False,3,True,5,False,False
2026100005,12078,,2,2,3,3,0,12,,,False,2,True,3,True,False
2026100005,12078,,2,3,4,5,1,2,False,ROUGH,False,3,True,5,False,False
2026100005,12078,,2,4,5,5,0,2,False,ROUGH,True,3,False,5,True,False
2026100005,12078,,2,5,3,4,1,2,,,False,2,True,4,False,False
2026100005,12078,,2,6,4,4,0,2,False,ROUGH,False,3,True,4,True,False
2026100005,12078,,2,7,5,5,0,1,True,,True,3,False,5,True,False
2026100005,12078,,2,8,4,4,0,1,True,,False,3,True,4,True,False
2026100005,12078,,2,9,4,5,1,2,False,ROUGH,False,4,True,5,False,False
2026100005,12078,,2,10,5,8,3,2,False,ROUGH,False,6,True,8,False,False
2026100005,12078,,2,11,3,4,1,2,,,False,3,True,4,False,False
2026100005,12078,,2,12,4,5,1,2,False,ROUGH,False,3,True,5,False,False
2026100005,12078,,2,13,4,4,0,1,True,,True,2,False,4,True,False
2026100005,12078,,2,14,4,5,1,1,True,,False,4,True,5,False,False
2026100005,12078,,2,15,4,5,1,2,False,ROUGH,False,3,True,5,False,False
2026100005,12078,,2,16,3,3,0,12,,,False,2,True,3,True,False
2026100005,12078,,2,17,4,5,1,1,True,,True,2,False,5,False,False
2026100005,12078,,2,18,5,5,0,1,True,,True,3,False,5,True,False
2026100005,12080,,1,1,4,4,0,2,False,ROUGH,False,3,True,4,True,False
2026100005,12080,,1,2,3,3,0,3,,,True,1,False,3,True,False
2026100005,12080,,1,3,4,5,1,1,True,,False,4,True,5,False,False
2026100005,12080,,1,4,5,6,1,2,False,ROUGH,False,4,True,6,False,False
2026100005,12080,,1,5,3,4,1,9,,,False,2,True,4,False,False
2026100005,12080,,1,6,4,4,0,1,True,,False,3,True,4,True,False
2026100005,12080,,1,7,5,5,0,2,False,ROUGH,True,3,False,5,True,False
2026100005,12080,,1,8,4,6,2,2,False,ROUGH,False,4,True,6,False,False
2026100005,12080,,1,9,4,4,0,2,False,ROUGH,False,3,True,4,True,False
2026100005,12080,,1,10,5,7,2,2,False,ROUGH,False,5,True,7,False,False
2026100005,12080,,1,11,3,4,1,2,,,False,2,True,4,False,False
2026100005,12080,,1,12,4,4,0,1,True,,True,2,False,4,True,False
2026100005,12080,,1,13,4,4,0,1,True,,True,2,False,4,True,False
2026100005,12080,,1,14,4,4,0,2,False,ROUGH,True,2,False,4,True,False
2026100005,12080,,1,15,4,4,0,1,True,,True,2,False,4,True,False
2026100005,12080,,1,16,3,3,0,3,,,True,1,False,3,True,False
2026100005,12080,,1,17,4,5,1,2,False,ROUGH,False,3,True,5,False,False
2026100005,12080,,1,18,5,4,-1,1,True,,True,3,False,4,True,False
2026100005,12080,,2,1,4,4,0,1,True,,False,3,True,4,True,False
2026100005,12080,,2,2,3,6,3,5,,,False,3,True,6,False,False
2026100005,12080,,2,3,4,4,0,1,True,,True,2,False,4,True,False
2026100005,12080,,2,4,5,4,-1,1,True,,True,3,False,4,True,False
2026100005,12080,,2,5,3,3,0,3,,,True,1,False,3,True,False
2026100005,12080,,2,6,4,4,0,2,False,ROUGH,False,3,True,4,True,False
2026100005,12080,,2,7,5,5,0,1,True,,True,3,False,5,True,False
2026100005,12080,,2,8,4,4,0,1,True,,True,2,False,4,True,False
2026100005,12080,,2,9,4,4,0,1,True,,True,2,False,4,True,False
2026100005,12080,,2,10,5,5,0,2,False,ROUGH,False,4,True,5,True,False
2026100005,12080,,2,11,3,3,0,3,,,True,1,False,3,True,False
2026100005,12080,,2,12,4,4,0,2,False,ROUGH,True,2,False,4,True,False
2026100005,12080,,2,13,4,4,0,2,False,ROUGH,True,2,False,4,True,False
2026100005,12080,,2,14,4,5,1,1,True,,True,2,False,5,False,False
2026100005,12080,,2,15,4,4,0,1,True,,False,3,True,4,True,False
2026100005,12080,,2,16,3,3,0,3,,,True,1,False,3,True,False
2026100005,12080,,2,17,4,3,-1,2,False,ROUGH,True,2,False,3,True,False
2026100005,12080,,2,18,5,6,1,1,True,,True,3,False,6,False,False
2026100005,13386,,1,1,4,4,0,1,True,,False,3,True,4,True,False
2026100005,13386,,1,2,3,2,-1,3,,,True,1,False,2,True,False
2026100005,13386,,1,3,4,4,0,1,True,,False,3,True,4,True,False
2026100005,13386,,1,4,5,5,0,1,True,,False,4,True,5,True,False
2026100005,13386,,1,5,3,3,0,2,,,False,2,True,3,True,False
2026100005,13386,,1,6,4,5,1,2,False,ROUGH,True,2,False,5,False,False
2026100005,13386,,1,7,5,5,0,2,False,ROUGH,True,3,False,5,True,False
2026100005,13386,,1,8,4,6,2,7,False,OTHER,False,5,True,6,False,False
2026100005,13386,,1,9,4,6,2,1,True,,True,2,False,6,False,False
2026100005,13386,,1,10,5,5,0,2,False,ROUGH,False,4,True,5,True,False
2026100005,13386,,1,11,3,4,1,2,,,False,2,True,4,False,False
2026100005,13386,,1,12,4,4,0,1,True,,True,2,False,4,True,False
2026100005,13386,,1,13,4,4,0,1,True,,True,2,False,4,True,False
2026100005,13386,,1,14,4,4,0,1,True,,True,2,False,4,True,False
2026100005,13386,,1,15,4,5,1,2,False,ROUGH,False,3,True,5,False,False
2026100005,13386,,1,16,3,3,0,3,,,True,1,False,3,True,False
2026100005,13386,,1,17,4,6,2,2,False,ROUGH,True,2,False,6,False,False
2026100005,13386,,1,18,5,5,0,1,True,,True,3,False,5,True,False
2026100005,13386,,2,1,4,5,1,1,True,,False,4,True,5,False,False
2026100005,13386,,2,2,3,3,0,3,,,True,1,False,3,True,False
2026100005,13386,,2,3,4,5,1,2,False,ROUGH,False,4,True,5,False,False
2026100005,13386,,2,4,5,5,0,1,True,,True,3,False,5,True,False
2026100005,13386,,2,5,3,4,1,3,,,True,1,False,4,False,False
2026100005,13386,,2,6,4,6,2,2,False,ROUGH,False,4,True,6,False,False
2026100005,13386,,2,7,5,5,0,2,False,ROUGH,True,3,False,5,True,False
2026100005,13386,,2,8,4,5,1,2,False,ROUGH,True,2,False,5,False,False
2026100005,13386,,2,9,4,4,0,1,True,,True,2,False,4,True,False
2026100005,13386,,2,10,5,5,0,2,False,ROUGH,False,4,True,5,True,False
2026100005,13386,,2,11,3,3,0,3,,,True,1,False,3,True,False
2026100005,13386,,2,12,4,5,1,1,True,,True,2,False,5,False,False
2026100005,13386,,2,13,4,4,0,1,True,,False,3,True,4,True,False
2026100005,13386,,2,14,4,4,0,1,True,,True,2,False,4,True,False
2026100005,13386,,2,15,4,4,0,1,True,,False,3,True,4,True,False
2026100005,13386,,2,16,3,4,1,3,,,True,1,False,4,False,False
2026100005,13386,,2,17,4,5,1,2,False,ROUGH,False,4,True,5,False,False
2026100005,13386,,2,18,5,5,0,2,False,ROUGH,False,4,True,5,True,False
2026100005,1521,,1,1,4,4,0,1,True,,True,2,False,4,True,False
2026100005,1521,,1,2,3,3,0,2,,,False,2,True,3,True,False
2026100005,1521,,1,3,4,4,0,1,True,,True,2,False,4,True,False
2026100005,1521,,1,4,5,5,0,1,True,,True,3,False,5,True,False
2026100005,1521,,1,5,3,3,0,3,,,True,1,False,3,True,False
2026100005,1521,,1,6,4,5,1,2,False,ROUGH,False,3,True,5,False,False
2026100005,1521,,1,7,5,5,0,2,False,ROUGH,False,4,True,5,True,False
2026100005,1521,,1,8,4,4,0,1,True,,True,2,False,4,True,False
2026100005,1521,,1,9,4,4,0,2,False,ROUGH,True,2,False,4,True,False
2026100005,1521,,1,10,5,5,0,1,True,,False,4,True,5,True,False
2026100005,1521,,1,11,3,3,0,3,,,True,1,False,3,True,False
2026100005,1521,,1,12,4,4,0,2,False,ROUGH,False,3,True,4,True,False
2026100005,1521,,1,13,4,4,0,1,True,,True,2,False,4,True,False
2026100005,1521,,1,14,4,4,0,1,True,,True,2,False,4,True,False
2026100005,1521,,1,15,4,4,0,2,False,ROUGH,False,3,True,4,True,False
2026100005,1521,,1,16,3,3,0,3,,,True,1,False,3,True,False
2026100005,1521,,1,17,4,4,0,1,True,,False,3,True,4,True,False
2026100005,1521,,1,18,5,5,0,2,False,ROUGH,True,3,False,5,True,False
2026100005,1521,,2,1,4,5,1,1,True,,False,3,True,5,False,False
2026100005,1521,,2,2,3,5,2,5,,,False,3,True,5,False,False
2026100005,1521,,2,3,4,4,0,1,True,,False,3,True,4,True,False
2026100005,1521,,2,4,5,5,0,1,True,,False,4,True,5,True,False
2026100005,1521,,2,5,3,3,0,3,,,True,1,False,3,True,False
2026100005,1521,,2,6,4,5,1,1,True,,False,3,True,5,False,False
2026100005,1521,,2,7,5,6,1,1,True,,True,3,False,6,False,False
2026100005,1521,,2,8,4,4,0,1,True,,True,2,False,4,True,False
2026100005,1521,,2,9,4,5,1,2,False,ROUGH,False,4,True,5,False,False
2026100005,1521,,2,10,5,6,1,1,True,,False,4,True,6,False,False
2026100005,1521,,2,11,3,3,0,2,,,False,2,True,3,True,False
2026100005,1521,,2,12,4,4,0,2,False,ROUGH,False,3,True,4,True,False
2026100005,1521,,2,13,4,4,0,1,True,,True,2,False,4,True,False
2026100005,1521,,2,14,4,5,1,1,True,,True,2,False,5,False,False
2026100005,1521,,2,15,4,4,0,1,True,,True,2,False,4,True,False
2026100005,1521,,2,16,3,3,0,3,,,True,1,False,3,True,False
2026100005,1521,,2,17,4,4,0,2,False,ROUGH,True,2,False,4,True,False
2026100005,1521,,2,18,5,7,2,2,False,ROUGH,False,5,True,7,False,False
2026100005,6916,,1,1,4,4,0,1,True,,True,2,False,4,True,False
2026100005,6916,,1,2,3,3,0,2,,,False,2,True,3,True,False
2026100005,6916,,1,3,4,5,1,1,True,,False,3,True,5,False,False
2026100005,6916,,1,4,5,5,0,1,True,,False,4,True,5,True,False
2026100005,6916,,1,5,3,4,1,2,,,False,3,True,4,False,False
2026100005,6916,,1,6,4,4,0,1,True,,True,2,False,4,True,False
2026100005,6916,,1,7,5,4,-1,1,True,,True,3,False,4,True,False
2026100005,6916,,1,8,4,6,2,1,True,,False,4,True,6,False,False
2026100005,6916,,1,9,4,4,0,2,False,ROUGH,True,2,False,4,True,False
2026100005,6916,,1,10,5,5,0,1,True,,False,4,True,5,True,False
2026100005,6916,,1,11,3,3,0,3,,,True,1,False,3,True,False
2026100005,6916,,1,12,4,5,1,2,False,ROUGH,False,4,True,5,False,False
2026100005,6916,,1,13,4,4,0,1,True,,True,2,False,4,True,False
2026100005,6916,,1,14,4,4,0,1,True,,True,2,False,4,True,False
2026100005,6916,,1,15,4,4,0,1,True,,False,3,True,4,True,False
2026100005,6916,,1,16,3,3,0,12,,,False,2,True,3,True,False
2026100005,6916,,1,17,4,5,1,2,False,ROUGH,False,4,True,5,False,False
2026100005,6916,,1,18,5,5,0,6,False,BUNKER,True,3,False,5,True,False
2026100005,6916,,2,1,4,4,0,1,True,,False,3,True,4,True,False
2026100005,6916,,2,2,3,4,1,12,,,False,2,True,4,False,False
2026100005,6916,,2,3,4,5,1,1,True,,False,3,True,5,False,False
2026100005,6916,,2,4,5,5,0,1,True,,True,3,False,5,True,False
2026100005,6916,,2,5,3,3,0,3,,,True,1,False,3,True,False
2026100005,6916,,2,6,4,4,0,2,False,ROUGH,False,3,True,4,True,False
2026100005,6916,,2,7,5,5,0,1,True,,True,3,False,5,True,False
2026100005,6916,,2,8,4,4,0,1,True,,True,2,False,4,True,False
2026100005,6916,,2,9,4,4,0,1,True,,True,2,False,4,True,False
2026100005,6916,,2,10,5,6,1,1,True,,True,3,False,6,False,False
2026100005,6916,,2,11,3,4,1,3,,,True,1,False,4,False,False
2026100005,6916,,2,12,4,3,-1,1,True,,True,2,False,3,True,False
2026100005,6916,,2,13,4,4,0,1,True,,True,2,False,4,True,False
2026100005,6916,,2,14,4,5,1,1,True,,False,3,True,5,False,False
2026100005,6916,,2,15,4,4,0,1,True,,True,2,False,4,True,False
2026100005,6916,,2,16,3,5,2,5,,,False,3,True,5,False,False
2026100005,6916,,2,17,4,4,0,1,True,,True,2,False,4,True,False
2026100005,6916,,2,18,5,5,0,2,False,ROUGH,True,3,False,5,True,False
2026100005,8179,,1,1,4,4,0,2,False,ROUGH,True,2,False,4,True,False
2026100005,8179,,1,2,3,3,0,3,,,True,1,False,3,True,False
2026100005,8179,,1,3,4,4,0,1,True,,True,2,False,4,True,False
2026100005,8179,,1,4,5,6,1,6,False,BUNKER,False,4,True,6,False,False
2026100005,8179,,1,5,3,3,0,2,,,False,2,True,3,True,False
2026100005,8179,,1,6,4,4,0,2,False,ROUGH,False,3,True,4,True,False
2026100005,8179,,1,7,5,4,-1,2,False,ROUGH,True,3,False,4,True,False
2026100005,8179,,1,8,4,6,2,2,False,ROUGH,False,4,True,6,False,False
2026100005,8179,,1,9,4,4,0,2,False,ROUGH,True,2,False,4,True,False
2026100005,8179,,1,10,5,6,1,1,True,,True,3,False,6,False,False
2026100005,8179,,1,11,3,2,-1,3,,,True,1,False,2,True,False
2026100005,8179,,1,12,4,5,1,1,True,,False,3,True,5,False,False
2026100005,8179,,1,13,4,4,0,6,False,BUNKER,False,3,True,4,True,False
2026100005,8179,,1,14,4,5,1,2,False,ROUGH,False,4,True,5,False,False
2026100005,8179,,1,15,4,4,0,2,False,ROUGH,False,3,True,4,True,False
2026100005,8179,,1,16,3,4,1,3,,,True,1,False,4,False,False
2026100005,8179,,1,17,4,4,0,1,True,,False,3,True,4,True,False
2026100005,8179,,1,18,5,5,0,2,False,ROUGH,True,3,False,5,True,False
2026100005,8179,,2,1,4,4,0,1,True,,True,2,False,4,True,False
2026100005,8179,,2,2,3,3,0,3,,,True,1,False,3,True,False
2026100005,8179,,2,3,4,3,-1,1,True,,True,2,False,3,True,False
2026100005,8179,,2,4,5,5,0,2,False,ROUGH,False,4,True,5,True,False
2026100005,8179,,2,5,3,3,0,3,,,True,1,False,3,True,False
2026100005,8179,,2,6,4,4,0,1,True,,True,2,False,4,True,False
2026100005,8179,,2,7,5,4,-1,1,True,,True,3,False,4,True,False
2026100005,8179,,2,8,4,4,0,2,False,ROUGH,True,2,False,4,True,False
2026100005,8179,,2,9,4,3,-1,1,True,,True,2,False,3,True,False
2026100005,8179,,2,10,5,5,0,2,False,ROUGH,False,4,True,5,True,False
2026100005,8179,,2,11,3,3,0,3,,,True,1,False,3,True,False
2026100005,8179,,2,12,4,5,1,2,False,ROUGH,False,3,True,5,False,False
2026100005,8179,,2,13,4,5,1,2,False,ROUGH,True,2,False,5,False,False
2026100005,8179,,2,14,4,4,0,1,True,,True,2,False,4,True,False
2026100005,8179,,2,15,4,4,0,2,False,ROUGH,True,2,False,4,True,False
2026100005,8179,,2,16,3,3,0,3,,,True,1,False,3,True,False
2026100005,8179,,2,17,4,5,1,2,False,ROUGH,False,3,True,5,False,False
2026100005,8179,,2,18,5,4,-1,2,False,ROUGH,True,3,False,4,True,False
2026100005,8179,,3,1,4,4,0,1,True,,True,2,False,4,True,False
2026100005,8179,,3,2,3,3,0,3,,,True,1,False,3,True,False
2026100005,8179,,3,3,4,5,1,1,True,,False,4,True,5,False,False
2026100005,8179,,3,4,5,5,0,2,False,ROUGH,True,3,False,5,True,False
2026100005,8179,,3,5,3,3,0,9,,,False,2,True,3,True,False
2026100005,8179,,3,6,4,4,0,1,True,,True,2,False,4,True,False
2026100005,8179,,3,7,5,5,0,1,True,,False,4,True,5,True,False
2026100005,8179,,3,8,4,4,0,1,True,,True,2,False,4,True,False
2026100005,8179,,3,9,4,4,0,2,False,ROUGH,True,2,False,4,True,False
2026100005,8179,,3,10,5,5,0,1,True,,True,3,False,5,True,False
2026100005,8179,,3,11,3,6,3,2,,,False,3,True,6,False,False
2026100005,8179,,3,12,4,4,0,1,True,,True,2,False,4,True,False
2026100005,8179,,3,13,4,4,0,6,False,BUNKER,False,3,True,4,True,False
2026100005,8179,,3,14,4,4,0,1,True,,True,2,False,4,True,False
2026100005,8179,,3,15,4,4,0,2,False,ROUGH,False,3,True,4,True,False
2026100005,8179,,3,16,3,3,0,3,,,True,1,False,3,True,False
2026100005,8179,,3,17,4,4,0,1,True,,False,3,True,4,True,False
2026100005,8179,,3,18,5,4,-1,2,False,ROUGH,True,3,False,4,True,False
2026100005,8179,,4,1,4,4,0,1,True,,False,3,True,4,True,False
2026100005,8179,,4,2,3,3,0,3,,,True,1,False,3,True,False
2026100005,8179,,4,3,4,4,0,1,True,,True,2,False,4,True,False
2026100005,8179,,4,4,5,5,0,2,False,ROUGH,True,3,False,5,True,False
2026100005,8179,,4,5,3,4,1,2,,,False,2,True,4,False,False
2026100005,8179,,4,6,4,4,0,1,True,,True,2,False,4,True,False
2026100005,8179,,4,7,5,5,0,1,True,,True,3,False,5,True,False
2026100005,8179,,4,8,4,4,0,2,False,ROUGH,True,2,False,4,True,False
2026100005,8179,,4,9,4,5,1,2,False,ROUGH,True,2,False,5,False,False
2026100005,8179,,4,10,5,5,0,2,False,ROUGH,True,3,False,5,True,False
2026100005,8179,,4,11,3,3,0,3,,,True,1,False,3,True,False
2026100005,8179,,4,12,4,5,1,2,False,ROUGH,False,3,True,5,False,False
2026100005,8179,,4,13,4,5,1,6,False,BUNKER,False,3,True,5,False,False
2026100005,8179,,4,14,4,3,-1,1,True,,True,2,False,3,True,False
2026100005,8179,,4,15,4,4,0,2,False,ROUGH,False,3,True,4,True,False
2026100005,8179,,4,16,3,3,0,3,,,True,1,False,3,True,False
2026100005,8179,,4,17,4,3,-1,1,True,,True,2,False,3,True,False
2026100005,8179,,4,18,5,5,0,2,False,ROUGH,False,4,True,5,True,False
2026100005,8234,,1,1,4,3,-1,2,False,ROUGH,True,2,False,3,True,False
2026100005,8234,,1,2,3,4,1,3,,,True,1,False,4,False,False
2026100005,8234,,1,3,4,4,0,1,True,,False,3,True,4,True,False
2026100005,8234,,1,4,5,6,1,1,True,,False,5,True,6,False,False
2026100005,8234,,1,5,3,4,1,5,,,False,,True,4,False,False
2026100005,8234,,1,6,4,4,0,1,True,,True,2,False,4,True,False
2026100005,8234,,1,7,5,4,-1,1,True,,True,3,False,4,True,False
2026100005,8234,,1,8,4,5,1,1,True,,True,2,False,5,False,False
2026100005,8234,,1,9,4,4,0,2,False,ROUGH,True,2,False,4,True,False
2026100005,8234,,1,10,5,5,0,1,True,,False,4,True,5,True,False
2026100005,8234,,1,11,3,3,0,3,,,True,1,False,3,True,False
2026100005,8234,,1,12,4,4,0,2,False,ROUGH,True,2,False,4,True,False
2026100005,8234,,1,13,4,4,0,1,True,,True,2,False,4,True,False
2026100005,8234,,1,14,4,5,1,2,False,ROUGH,False,3,True,5,False,False
2026100005,8234,,1,15,4,4,0,1,True,,False,3,True,4,True,False
2026100005,8234,,1,16,3,3,0,3,,,True,1,False,3,True,False
2026100005,8234,,1,17,4,4,0,2,False,ROUGH,False,3,True,4,True,False
2026100005,8234,,1,18,5,7,2,2,False,ROUGH,False,6,True,7,False,False
2026100005,8234,,2,1,4,5,1,1,True,,False,3,True,5,False,False
2026100005,8234,,2,2,3,3,0,3,,,True,1,False,3,True,False
2026100005,8234,,2,3,4,5,1,1,True,,False,3,True,5,False,False
2026100005,8234,,2,4,5,5,0,1,True,,True,3,False,5,True,False
2026100005,8234,,2,5,3,3,0,3,,,True,1,False,3,True,False
2026100005,8234,,2,6,4,5,1,2,False,ROUGH,False,3,True,5,False,False
2026100005,8234,,2,7,5,5,0,1,True,,True,3,False,5,True,False
2026100005,8234,,2,8,4,6,2,7,False,OTHER,False,4,True,6,False,False
2026100005,8234,,2,9,4,4,0,2,False,ROUGH,True,2,False,4,True,False
2026100005,8234,,2,10,5,5,0,2,False,ROUGH,True,3,False,5,True,False
2026100005,8234,,2,11,3,3,0,3,,,True,1,False,3,True,False
2026100005,8234,,2,12,4,4,0,1,True,,True,2,False,4,True,False
2026100005,8234,,2,13,4,3,-1,1,True,,True,2,False,3,True,False
2026100005,8234,,2,14,4,5,1,2,False,ROUGH,False,4,True,5,False,False
2026100005,8234,,2,15,4,4,0,1,True,,False,3,True,4,True,False
2026100005,8234,,2,16,3,3,0,3,,,True,1,False,3,True,False
2026100005,8234,,2,17,4,5,1,2,False,ROUGH,False,3,True,5,False,False
2026100005,8234,,2,18,5,5,0,1,True,,True,3,False,5,True,False
2026100005,8240,,1,1,4,4,0,1,True,,True,2,False,4,True,False
2026100005,8240,,1,2,3,5,2,5,,,False,3,True,5,False,False
2026100005,8240,,1,3,4,4,0,1,True,,False,3,True,4,True,False
2026100005,8240,,1,4,5,5,0,1,True,,True,3,False,5,True,False
2026100005,8240,,1,5,3,4,1,2,,,False,2,True,4,False,False
2026100005,8240,,1,6,4,4,0,2,False,ROUGH,False,3,True,4,True,False
2026100005,8240,,1,7,5,6,1,2,False,ROUGH,False,4,True,6,False,False
2026100005,8240,,1,8,4,5,1,2,False,ROUGH,False,3,True,5,False,False
2026100005,8240,,1,9,4,4,0,1,True,,False,3,True,4,True,False
2026100005,8240,,1,10,5,5,0,1,True,,False,4,True,5,True,False
2026100005,8240,,1,11,3,3,0,3,,,True,1,False,3,True,False
2026100005,8240,,1,12,4,4,0,2,False,ROUGH,False,3,True,4,True,False
2026100005,8240,,1,13,4,4,0,1,True,,True,2,False,4,True,False
2026100005,8240,,1,14,4,4,0,1,True,,True,2,False,4,True,False
2026100005,8240,,1,15,4,4,0,1,True,,True,2,False,4,True,False
2026100005,8240,,1,16,3,3,0,3,,,True,1,False,3,True,False
2026100005,8240,,1,17,4,4,0,1,True,,False,3,True,4,True,False
2026100005,8240,,1,18,5,6,1,2,False,ROUGH,False,4,True,6,False,False
2026100005,8240,황정미,2,1,4,,,,,,,,,,,True
2026100005,8240,황정미,2,2,3,,,,,,,,,,,True
2026100005,8240,황정미,2,3,4,,,,,,,,,,,True
2026100005,8240,황정미,2,4,5,,,,,,,,,,,True
2026100005,8240,황정미,2,5,3,,,,,,,,,,,True
2026100005,8240,황정미,2,6,4,,,,,,,,,,,True
2026100005,8240,황정미,2,7,5,,,,,,,,,,,True
2026100005,8240,황정미,2,8,4,,,,,,,,,,,True
2026100005,8240,황정미,2,9,4,,,,,,,,,,,True
2026100005,8240,황정미,2,10,5,,,,,,,,,,,True
2026100005,8240,황정미,2,11,3,,,,,,,,,,,True
2026100005,8240,황정미,2,12,4,,,,,,,,,,,True
2026100005,8240,황정미,2,13,4,,,,,,,,,,,True
2026100005,8240,황정미,2,14,4,,,,,,,,,,,True
2026100005,8240,황정미,2,15,4,,,,,,,,,,,True
2026100005,8240,황정미,2,16,3,,,,,,,,,,,True
2026100005,8240,황정미,2,17,4,,,,,,,,,,,True
2026100005,8240,황정미,2,18,5,,,,,,,,,,,True
2026100005,8243,,1,1,4,4,0,2,False,ROUGH,True,2,False,4,True,False
2026100005,8243,,1,2,3,3,0,3,,,True,1,False,3,True,False
2026100005,8243,,1,3,4,5,1,2,False,ROUGH,False,3,True,5,False,False
2026100005,8243,,1,4,5,4,-1,2,False,ROUGH,True,3,False,4,True,False
2026100005,8243,,1,5,3,3,0,3,,,True,1,False,3,True,False
2026100005,8243,,1,6,4,5,1,1,True,,False,3,True,5,False,False
2026100005,8243,,1,7,5,4,-1,1,True,,True,3,False,4,True,False
2026100005,8243,,1,8,4,5,1,1,True,,False,3,True,5,False,False
2026100005,8243,,1,9,4,4,0,2,False,ROUGH,False,3,True,4,True,False
2026100005,8243,,1,10,5,5,0,1,True,,True,3,False,5,True,False
2026100005,8243,,1,11,3,3,0,2,,,False,2,True,3,True,False
2026100005,8243,,1,12,4,5,1,2,False,ROUGH,False,3,True,5,False,False
2026100005,8243,,1,13,4,4,0,1,True,,True,2,False,4,True,False
2026100005,8243,,1,14,4,3,-1,2,False,ROUGH,True,2,False,3,True,False
2026100005,8243,,1,15,4,4,0,1,True,,True,2,False,4,True,False
2026100005,8243,,1,16,3,5,2,5,,,False,3,True,5,False,False
2026100005,8243,,1,17,4,6,2,1,True,,False,4,True,6,False,False
2026100005,8243,,1,18,5,4,-1,1,True,,True,3,False,4,True,False
2026100005,8243,,2,1,4,4,0,2,False,ROUGH,False,3,True,4,True,False
2026100005,8243,,2,2,3,3,0,3,,,True,1,False,3,True,False
2026100005,8243,,2,3,4,4,0,1,True,,True,2,False,4,True,False
2026100005,8243,,2,4,5,6,1,1,True,,True,3,False,6,False,False
2026100005,8243,,2,5,3,3,0,12,,,False,2,True,3,True,False
2026100005,8243,,2,6,4,4,0,1,True,,True,2,False,4,True,False
2026100005,8243,,2,7,5,5,0,1,True,,True,3,False,5,True,False
2026100005,8243,,2,8,4,5,1,1,True,,False,,True,5,False,False
2026100005,8243,,2,9,4,5,1,2,False,ROUGH,False,3,True,5,False,False
2026100005,8243,,2,10,5,5,0,2,False,ROUGH,False,4,True,5,True,False
2026100005,8243,,2,11,3,3,0,3,,,True,1,False,3,True,False
2026100005,8243,,2,12,4,5,1,2,False,ROUGH,False,3,True,5,False,False
2026100005,8243,,2,13,4,4,0,1,True,,True,2,False,4,True,False
2026100005,8243,,2,14,4,4,0,2,False,ROUGH,False,3,True,4,True,False
2026100005,8243,,2,15,4,4,0,1,True,,False,,True,4,True,False
2026100005,8243,,2,16,3,3,0,3,,,True,1,False,3,True,False
2026100005,8243,,2,17,4,4,0,1,True,,True,2,False,4,True,False
2026100005,8243,,2,18,5,6,1,2,False,ROUGH,False,4,True,6,False,False
2026100005,8243,,3,1,4,4,0,1,True,,True,2,False,4,True,False
2026100005,8243,,3,2,3,3,0,12,,,False,2,True,3,True,False
2026100005,8243,,3,3,4,4,0,2,False,ROUGH,False,3,True,4,True,False
2026100005,8243,,3,4,5,5,0,2,False,ROUGH,True,3,False,5,True,False
2026100005,8243,,3,5,3,4,1,3,,,True,1,False,4,False,False
2026100005,8243,,3,6,4,4,0,1,True,,True,2,False,4,True,False
2026100005,8243,,3,7,5,5,0,1,True,,True,3,False,5,True,False
2026100005,8243,,3,8,4,6,2,1,True,,False,4,True,6,False,False
2026100005,8243,,3,9,4,4,0,1,True,,False,3,True,4,True,False
2026100005,8243,,3,10,5,5,0,1,True,,True,3,False,5,True,False
2026100005,8243,,3,11,3,3,0,3,,,True,1,False,3,True,False
2026100005,8243,,3,12,4,4,0,2,False,ROUGH,False,3,True,4,True,False
2026100005,8243,,3,13,4,4,0,1,True,,False,3,True,4,True,False
2026100005,8243,,3,14,4,4,0,2,False,ROUGH,True,2,False,4,True,False
2026100005,8243,,3,15,4,5,1,1,True,,False,3,True,5,False,False
2026100005,8243,,3,16,3,3,0,3,,,True,1,False,3,True,False
2026100005,8243,,3,17,4,4,0,1,True,,True,2,False,4,True,False
2026100005,8243,,3,18,5,5,0,1,True,,False,4,True,5,True,False
2026100005,8243,,4,1,4,4,0,1,True,,True,2,False,4,True,False
2026100005,8243,,4,2,3,3,0,3,,,True,1,False,3,True,False
2026100005,8243,,4,3,4,4,0,1,True,,True,2,False,4,True,False
2026100005,8243,,4,4,5,5,0,1,True,,True,3,False,5,True,False
2026100005,8243,,4,5,3,3,0,3,,,True,1,False,3,True,False
2026100005,8243,,4,6,4,5,1,2,False,ROUGH,False,3,True,5,False,False
2026100005,8243,,4,7,5,5,0,1,True,,True,3,False,5,True,False
2026100005,8243,,4,8,4,4,0,2,False,ROUGH,True,2,False,4,True,False
2026100005,8243,,4,9,4,4,0,2,False,ROUGH,True,2,False,4,True,False
2026100005,8243,,4,10,5,6,1,2,False,ROUGH,False,4,True,6,False,False
2026100005,8243,,4,11,3,3,0,3,,,True,1,False,3,True,False
2026100005,8243,,4,12,4,4,0,1,True,,True,2,False,4,True,False
2026100005,8243,,4,13,4,4,0,1,True,,True,2,False,4,True,False
2026100005,8243,,4,14,4,4,0,1,True,,True,2,False,4,True,False
2026100005,8243,,4,15,4,4,0,1,True,,True,2,False,4,True,False
2026100005,8243,,4,16,3,3,0,3,,,True,1,False,3,True,False
2026100005,8243,,4,17,4,5,1,2,False,ROUGH,False,3,True,5,False,False
2026100005,8243,,4,18,5,6,1,1,True,,True,3,False,6,False,False
2026100005,8246,,1,1,4,4,0,6,False,BUNKER,False,3,True,4,True,False
2026100005,8246,,1,2,3,4,1,2,,,False,3,True,4,False,False
2026100005,8246,,1,3,4,4,0,1,True,,True,2,False,4,True,False
2026100005,8246,,1,4,5,6,1,2,False,ROUGH,False,5,True,6,False,False
2026100005,8246,,1,5,3,3,0,3,,,True,1,False,3,True,False
2026100005,8246,,1,6,4,7,3,1,True,,False,4,True,7,False,False
2026100005,8246,,1,7,5,5,0,1,True,,True,3,False,5,True,False
2026100005,8246,,1,8,4,5,1,1,True,,False,3,True,5,False,False
2026100005,8246,,1,9,4,4,0,2,False,ROUGH,True,2,False,4,True,False
2026100005,8246,,1,10,5,9,4,4,False,OB,False,7,True,9,False,False
2026100005,8246,,1,11,3,3,0,2,,,False,2,True,3,True,False
2026100005,8246,,1,12,4,4,0,2,False,ROUGH,False,3,True,4,True,False
2026100005,8246,,1,13,4,4,0,1,True,,True,2,False,4,True,False
2026100005,8246,,1,14,4,4,0,2,False,ROUGH,False,3,True,4,True,False
2026100005,8246,,1,15,4,5,1,2,False,ROUGH,False,3,True,5,False,False
2026100005,8246,,1,16,3,5,2,5,,,False,3,True,5,False,False
2026100005,8246,,1,17,4,4,0,1,True,,False,3,True,4,True,False
2026100005,8246,,1,18,5,8,3,7,False,OTHER,False,6,True,8,False,False
2026100005,8246,이소영,2,1,4,,,,,,,,,,,True
2026100005,8246,이소영,2,2,3,,,,,,,,,,,True
2026100005,8246,이소영,2,3,4,,,,,,,,,,,True
2026100005,8246,이소영,2,4,5,,,,,,,,,,,True
2026100005,8246,이소영,2,5,3,,,,,,,,,,,True
2026100005,8246,이소영,2,6,4,,,,,,,,,,,True
2026100005,8246,이소영,2,7,5,,,,,,,,,,,True
2026100005,8246,이소영,2,8,4,,,,,,,,,,,True
2026100005,8246,이소영,2,9,4,,,,,,,,,,,True
2026100005,8246,이소영,2,10,5,,,,,,,,,,,True
2026100005,8246,이소영,2,11,3,,,,,,,,,,,True
2026100005,8246,이소영,2,12,4,,,,,,,,,,,True
2026100005,8246,이소영,2,13,4,,,,,,,,,,,True
2026100005,8246,이소영,2,14,4,,,,,,,,,,,True
2026100005,8246,이소영,2,15,4,,,,,,,,,,,True
2026100005,8246,이소영,2,16,3,,,,,,,,,,,True
2026100005,8246,이소영,2,17,4,,,,,,,,,,,True
2026100005,8246,이소영,2,18,5,,,,,,,,,,,True
2026100005,8277,,1,1,4,4,0,6,False,BUNKER,False,3,True,4,True,False
2026100005,8277,,1,2,3,2,-1,3,,,True,1,False,2,True,False
2026100005,8277,,1,3,4,4,0,1,True,,True,2,False,4,True,False
2026100005,8277,,1,4,5,5,0,1,True,,True,3,False,5,True,False
2026100005,8277,,1,5,3,3,0,12,,,False,2,True,3,True,False
2026100005,8277,,1,6,4,4,0,2,False,ROUGH,True,2,False,4,True,False
2026100005,8277,,1,7,5,5,0,2,False,ROUGH,True,3,False,5,True,False
2026100005,8277,,1,8,4,4,0,1,True,,True,2,False,4,True,False
2026100005,8277,,1,9,4,4,0,2,False,ROUGH,False,3,True,4,True,False
2026100005,8277,,1,10,5,5,0,1,True,,True,3,False,5,True,False
2026100005,8277,,1,11,3,4,1,2,,,False,2,True,4,False,False
2026100005,8277,,1,12,4,4,0,1,True,,True,2,False,4,True,False
2026100005,8277,,1,13,4,5,1,2,False,ROUGH,False,3,True,5,False,False
2026100005,8277,,1,14,4,5,1,2,False,ROUGH,False,3,True,5,False,False
2026100005,8277,,1,15,4,4,0,1,True,,True,2,False,4,True,False
2026100005,8277,,1,16,3,3,0,2,,,False,2,True,3,True,False
2026100005,8277,,1,17,4,5,1,2,False,ROUGH,False,3,True,5,False,False
2026100005,8277,,1,18,5,5,0,1,True,,True,3,False,5,True,False
2026100005,8277,,2,1,4,5,1,1,True,,True,2,False,5,False,False
2026100005,8277,,2,2,3,2,-1,3,,,True,1,False,2,True,False
2026100005,8277,,2,3,4,4,0,1,True,,False,3,True,4,True,False
2026100005,8277,,2,4,5,5,0,1,True,,True,3,False,5,True,False
2026100005,8277,,2,5,3,3,0,3,,,True,1,False,3,True,False
2026100005,8277,,2,6,4,4,0,2,False,ROUGH,False,3,True,4,True,False
2026100005,8277,,2,7,5,5,0,2,False,ROUGH,True,3,False,5,True,False
2026100005,8277,,2,8,4,5,1,2,False,ROUGH,False,4,True,5,False,False
2026100005,8277,,2,9,4,3,-1,2,False,ROUGH,True,2,False,3,True,False
2026100005,8277,,2,10,5,5,0,2,False,ROUGH,True,3,False,5,True,False
2026100005,8277,,2,11,3,3,0,3,,,True,1,False,3,True,False
2026100005,8277,,2,12,4,6,2,2,False,ROUGH,False,3,True,6,False,False
2026100005,8277,,2,13,4,4,0,1,True,,False,3,True,4,True,False
2026100005,8277,,2,14,4,4,0,2,False,ROUGH,False,3,True,4,True,False
2026100005,8277,,2,15,4,4,0,2,False,ROUGH,False,3,True,4,True,False
2026100005,8277,,2,16,3,4,1,3,,,True,1,False,4,False,False
2026100005,8277,,2,17,4,4,0,1,True,,True,2,False,4,True,False
2026100005,8277,,2,18,5,7,2,2,False,ROUGH,False,4,True,7,False,False
2026100005,8277,,3,1,4,5,1,6,False,BUNKER,False,3,True,5,False,False
2026100005,8277,,3,2,3,3,0,3,,,True,1,False,3,True,False
2026100005,8277,,3,3,4,5,1,2,False,ROUGH,False,3,True,5,False,False
2026100005,8277,,3,4,5,5,0,2,False,ROUGH,True,3,False,5,True,False
2026100005,8277,,3,5,3,3,0,12,,,False,2,True,3,True,False
2026100005,8277,,3,6,4,4,0,1,True,,True,2,False,4,True,False
2026100005,8277,,3,7,5,7,2,2,False,ROUGH,False,6,True,7,False,False
2026100005,8277,,3,8,4,5,1,2,False,ROUGH,False,3,True,5,False,False
2026100005,8277,,3,9,4,5,1,2,False,ROUGH,False,3,True,5,False,False
2026100005,8277,,3,10,5,4,-1,2,False,ROUGH,True,3,False,4,True,False
2026100005,8277,,3,11,3,4,1,2,,,False,2,True,4,False,False
2026100005,8277,,3,12,4,5,1,6,False,BUNKER,False,3,True,5,False,False
2026100005,8277,,3,13,4,3,-1,2,False,ROUGH,False,,True,3,True,False
2026100005,8277,,3,14,4,4,0,2,False,ROUGH,True,2,False,4,True,False
2026100005,8277,,3,15,4,5,1,1,True,,False,3,True,5,False,False
2026100005,8277,,3,16,3,4,1,2,,,False,2,True,4,False,False
2026100005,8277,,3,17,4,3,-1,2,False,ROUGH,True,2,False,3,True,False
2026100005,8277,,3,18,5,5,0,2,False,ROUGH,False,4,True,5,True,False
2026100005,8277,,4,1,4,5,1,2,False,ROUGH,False,3,True,5,False,False
2026100005,8277,,4,2,3,3,0,3,,,True,1,False,3,True,False
2026100005,8277,,4,3,4,4,0,1,True,,False,3,True,4,True,False
2026100005,8277,,4,4,5,5,0,2,False,ROUGH,True,3,False,5,True,False
2026100005,8277,,4,5,3,2,-1,3,,,True,1,False,2,True,False
2026100005,8277,,4,6,4,3,-1,1,True,,True,2,False,3,True,False
2026100005,8277,,4,7,5,5,0,2,False,ROUGH,True,3,False,5,True,False
2026100005,8277,,4,8,4,4,0,2,False,ROUGH,True,2,False,4,True,False
2026100005,8277,,4,9,4,4,0,1,True,,True,2,False,4,True,False
2026100005,8277,,4,10,5,6,1,2,False,ROUGH,False,5,True,6,False,False
2026100005,8277,,4,11,3,4,1,3,,,True,1,False,4,False,False
2026100005,8277,,4,12,4,5,1,1,True,,False,3,True,5,False,False
2026100005,8277,,4,13,4,4,0,1,True,,True,2,False,4,True,False
2026100005,8277,,4,14,4,4,0,1,True,,True,2,False,4,True,False
2026100005,8277,,4,15,4,4,0,2,False,ROUGH,True,2,False,4,True,False
2026100005,8277,,4,16,3,3,0,3,,,True,1,False,3,True,False
2026100005,8277,,4,17,4,4,0,1,True,,True,2,False,4,True,False
2026100005,8277,,4,18,5,5,0,2,False,ROUGH,True,3,False,5,True,False
2026100005,8284,,1,1,4,5,1,1,True,,False,3,True,5,False,False
2026100005,8284,,1,2,3,3,0,3,,,True,1,False,3,True,False
2026100005,8284,,1,3,4,4,0,1,True,,True,2,False,4,True,False
2026100005,8284,,1,4,5,5,0,1,True,,True,3,False,5,True,False
2026100005,8284,,1,5,3,3,0,2,,,False,2,True,3,True,False
2026100005,8284,,1,6,4,5,1,2,False,ROUGH,False,3,True,5,False,False
2026100005,8284,,1,7,5,5,0,1,True,,True,3,False,5,True,False
2026100005,8284,,1,8,4,4,0,2,False,ROUGH,False,3,True,4,True,False
2026100005,8284,,1,9,4,4,0,1,True,,True,2,False,4,True,False
2026100005,8284,,1,10,5,5,0,1,True,,False,4,True,5,True,False
2026100005,8284,,1,11,3,3,0,3,,,True,1,False,3,True,False
2026100005,8284,,1,12,4,4,0,1,True,,True,2,False,4,True,False
2026100005,8284,,1,13,4,4,0,1,True,,True,2,False,4,True,False
2026100005,8284,,1,14,4,4,0,2,False,ROUGH,True,2,False,4,True,False
2026100005,8284,,1,15,4,4,0,1,True,,False,3,True,4,True,False
2026100005,8284,,1,16,3,3,0,3,,,True,1,False,3,True,False
2026100005,8284,,1,17,4,4,0,1,True,,False,3,True,4,True,False
2026100005,8284,,1,18,5,4,-1,1,True,,True,3,False,4,True,False
2026100005,8284,,2,1,4,5,1,6,False,BUNKER,False,4,True,5,False,False
2026100005,8284,,2,2,3,2,-1,3,,,True,1,False,2,True,False
2026100005,8284,,2,3,4,4,0,1,True,,False,3,True,4,True,False
2026100005,8284,,2,4,5,5,0,1,True,,True,3,False,5,True,False
2026100005,8284,,2,5,3,3,0,3,,,True,1,False,3,True,False
2026100005,8284,,2,6,4,5,1,1,True,,False,3,True,5,False,False
2026100005,8284,,2,7,5,5,0,1,True,,True,3,False,5,True,False
2026100005,8284,,2,8,4,3,-1,1,True,,False,,True,3,True,False
2026100005,8284,,2,9,4,5,1,2,False,ROUGH,False,3,True,5,False,False
2026100005,8284,,2,10,5,5,0,1,True,,True,3,False,5,True,False
2026100005,8284,,2,11,3,3,0,3,,,True,1,False,3,True,False
2026100005,8284,,2,12,4,3,-1,2,False,ROUGH,True,2,False,3,True,False
2026100005,8284,,2,13,4,4,0,1,True,,True,2,False,4,True,False
2026100005,8284,,2,14,4,5,1,1,True,,False,3,True,5,False,False
2026100005,8284,,2,15,4,6,2,2,False,ROUGH,False,3,True,6,False,False
2026100005,8284,,2,16,3,3,0,3,,,True,1,False,3,True,False
2026100005,8284,,2,17,4,4,0,1,True,,True,2,False,4,True,False
2026100005,8284,,2,18,5,5,0,1,True,,True,3,False,5,True,False
2026100005,8284,,3,1,4,4,0,2,False,ROUGH,False,3,True,4,True,False
2026100005,8284,,3,2,3,3,0,3,,,True,1,False,3,True,False
2026100005,8284,,3,3,4,4,0,1,True,,False,3,True,4,True,False
2026100005,8284,,3,4,5,5,0,1,True,,True,3,False,5,True,False
2026100005,8284,,3,5,3,3,0,3,,,True,1,False,3,True,False
2026100005,8284,,3,6,4,4,0,1,True,,True,2,False,4,True,False
2026100005,8284,,3,7,5,5,0,1,True,,False,4,True,5,True,False
2026100005,8284,,3,8,4,5,1,2,False,ROUGH,False,3,True,5,False,False
2026100005,8284,,3,9,4,3,-1,2,False,ROUGH,True,2,False,3,True,False
2026100005,8284,,3,10,5,5,0,2,False,ROUGH,False,4,True,5,True,False
2026100005,8284,,3,11,3,4,1,3,,,True,1,False,4,False,False
2026100005,8284,,3,12,4,4,0,1,True,,True,2,False,4,True,False
2026100005,8284,,3,13,4,6,2,5,False,PENALTY,False,4,True,6,False,False
2026100005,8284,,3,14,4,5,1,2,False,ROUGH,False,3,True,5,False,False
2026100005,8284,,3,15,4,5,1,2,False,ROUGH,False,3,True,5,False,False
2026100005,8284,,3,16,3,3,0,3,,,True,1,False,3,True,False
2026100005,8284,,3,17,4,5,1,2,False,ROUGH,False,3,True,5,False,False
2026100005,8284,,3,18,5,4,-1,1,True,,True,3,False,4,True,False
2026100005,8284,,4,1,4,4,0,1,True,,False,3,True,4,True,False
2026100005,8284,,4,2,3,3,0,3,,,True,1,False,3,True,False
2026100005,8284,,4,3,4,4,0,1,True,,False,3,True,4,True,False
2026100005,8284,,4,4,5,5,0,1,True,,True,3,False,5,True,False
2026100005,8284,,4,5,3,2,-1,3,,,True,1,False,2,True,False
2026100005,8284,,4,6,4,4,0,2,False,ROUGH,False,3,True,4,True,False
2026100005,8284,,4,7,5,4,-1,2,False,ROUGH,True,3,False,4,True,False
2026100005,8284,,4,8,4,4,0,1,True,,False,3,True,4,True,False
2026100005,8284,,4,9,4,3,-1,2,False,ROUGH,True,2,False,3,True,False
2026100005,8284,,4,10,5,6,1,1,True,,True,3,False,6,False,False
2026100005,8284,,4,11,3,3,0,3,,,True,1,False,3,True,False
2026100005,8284,,4,12,4,4,0,2,False,ROUGH,True,2,False,4,True,False
2026100005,8284,,4,13,4,4,0,1,True,,True,2,False,4,True,False
2026100005,8284,,4,14,4,6,2,1,True,,False,3,True,6,False,False
2026100005,8284,,4,15,4,4,0,2,False,ROUGH,False,3,True,4,True,False
2026100005,8284,,4,16,3,3,0,3,,,True,1,False,3,True,False
2026100005,8284,,4,17,4,3,-1,1,True,,True,2,False,3,True,False
2026100005,8284,,4,18,5,5,0,1,True,,True,3,False,5,True,False
2026100005,8300,,1,1,4,4,0,1,True,,True,2,False,4,True,False
2026100005,8300,,1,2,3,3,0,3,,,True,1,False,3,True,False
2026100005,8300,,1,3,4,4,0,1,True,,True,2,False,4,True,False
2026100005,8300,,1,4,5,5,0,2,False,ROUGH,False,,True,5,True,False
2026100005,8300,,1,5,3,3,0,9,,,False,2,True,3,True,False
2026100005,8300,,1,6,4,5,1,1,True,,False,3,True,5,False,False
2026100005,8300,,1,7,5,5,0,1,True,,True,3,False,5,True,False
2026100005,8300,,1,8,4,4,0,2,False,ROUGH,False,3,True,4,True,False
2026100005,8300,,1,9,4,4,0,1,True,,True,2,False,4,True,False
2026100005,8300,,1,10,5,5,0,1,True,,False,4,True,5,True,False
2026100005,8300,,1,11,3,3,0,2,,,False,2,True,3,True,False
2026100005,8300,,1,12,4,4,0,1,True,,True,2,False,4,True,False
2026100005,8300,,1,13,4,4,0,1,True,,True,2,False,4,True,False
2026100005,8300,,1,14,4,4,0,1,True,,True,2,False,4,True,False
2026100005,8300,,1,15,4,4,0,2,False,ROUGH,True,2,False,4,True,False
2026100005,8300,,1,16,3,3,0,3,,,True,1,False,3,True,False
2026100005,8300,,1,17,4,4,0,1,True,,True,2,False,4,True,False
2026100005,8300,,1,18,5,5,0,2,False,ROUGH,True,3,False,5,True,False
2026100005,8300,,2,1,4,4,0,6,False,BUNKER,False,3,True,4,True,False
2026100005,8300,,2,2,3,2,-1,3,,,True,1,False,2,True,False
2026100005,8300,,2,3,4,4,0,1,True,,True,2,False,4,True,False
2026100005,8300,,2,4,5,5,0,2,False,ROUGH,False,4,True,5,True,False
2026100005,8300,,2,5,3,3,0,3,,,True,1,False,3,True,False
2026100005,8300,,2,6,4,4,0,1,True,,True,2,False,4,True,False
2026100005,8300,,2,7,5,5,0,2,False,ROUGH,True,3,False,5,True,False
2026100005,8300,,2,8,4,4,0,1,True,,True,2,False,4,True,False
2026100005,8300,,2,9,4,4,0,1,True,,True,2,False,4,True,False
2026100005,8300,,2,10,5,4,-1,2,False,ROUGH,True,3,False,4,True,False
2026100005,8300,,2,11,3,3,0,3,,,True,1,False,3,True,False
2026100005,8300,,2,12,4,5,1,2,False,ROUGH,False,3,True,5,False,False
2026100005,8300,,2,13,4,4,0,2,False,ROUGH,False,3,True,4,True,False
2026100005,8300,,2,14,4,4,0,1,True,,True,2,False,4,True,False
2026100005,8300,,2,15,4,4,0,2,False,ROUGH,False,3,True,4,True,False
2026100005,8300,,2,16,3,3,0,3,,,True,1,False,3,True,False
2026100005,8300,,2,17,4,5,1,6,False,BUNKER,False,3,True,5,False,False
2026100005,8300,,2,18,5,5,0,2,False,ROUGH,True,3,False,5,True,False
2026100005,8300,,3,1,4,5,1,2,False,ROUGH,False,3,True,5,False,False
2026100005,8300,,3,2,3,3,0,3,,,True,1,False,3,True,False
2026100005,8300,,3,3,4,4,0,1,True,,False,3,True,4,True,False
2026100005,8300,,3,4,5,5,0,2,False,ROUGH,True,3,False,5,True,False
2026100005,8300,,3,5,3,3,0,3,,,True,1,False,3,True,False
2026100005,8300,,3,6,4,4,0,1,True,,True,2,False,4,True,False
2026100005,8300,,3,7,5,6,1,2,False,ROUGH,False,4,True,6,False,False
2026100005,8300,,3,8,4,4,0,1,True,,True,2,False,4,True,False
2026100005,8300,,3,9,4,3,-1,1,True,,True,2,False,3,True,False
2026100005,8300,,3,10,5,5,0,2,False,ROUGH,False,4,True,5,True,False
2026100005,8300,,3,11,3,2,-1,3,,,True,1,False,2,True,False
2026100005,8300,,3,12,4,5,1,1,True,,False,3,True,5,False,False
2026100005,8300,,3,13,4,4,0,1,True,,True,2,False,4,True,False
2026100005,8300,,3,14,4,4,0,2,False,ROUGH,False,3,True,4,True,False
2026100005,8300,,3,15,4,4,0,1,True,,False,3,True,4,True,False
2026100005,8300,,3,16,3,3,0,3,,,True,1,False,3,True,False
2026100005,8300,,3,17,4,5,1,2,False,ROUGH,False,3,True,5,False,False
2026100005,8300,,3,18,5,4,-1,2,False,ROUGH,True,3,False,4,True,False
2026100005,8300,,4,1,4,5,1,1,True,,True,2,False,5,False,False
2026100005,8300,,4,2,3,3,0,3,,,True,1,False,3,True,False
2026100005,8300,,4,3,4,5,1,1,True,,True,2,False,5,False,False
2026100005,8300,,4,4,5,5,0,1,True,,True,3,False,5,True,False
2026100005,8300,,4,5,3,3,0,3,,,True,1,False,3,True,False
2026100005,8300,,4,6,4,4,0,1,True,,True,2,False,4,True,False
2026100005,8300,,4,7,5,5,0,1,True,,True,3,False,5,True,False
2026100005,8300,,4,8,4,4,0,1,True,,True,2,False,4,True,False
2026100005,8300,,4,9,4,3,-1,1,True,,True,2,False,3,True,False
2026100005,8300,,4,10,5,5,0,1,True,,True,3,False,5,True,False
2026100005,8300,,4,11,3,3,0,3,,,True,1,False,3,True,False
2026100005,8300,,4,12,4,5,1,2,False,ROUGH,False,4,True,5,False,False
2026100005,8300,,4,13,4,4,0,1,True,,True,2,False,4,True,False
2026100005,8300,,4,14,4,4,0,1,True,,False,3,True,4,True,False
2026100005,8300,,4,15,4,4,0,1,True,,True,2,False,4,True,False
2026100005,8300,,4,16,3,3,0,3,,,True,1,False,3,True,False
2026100005,8300,,4,17,4,4,0,2,False,ROUGH,False,3,True,4,True,False
2026100005,8300,,4,18,5,5,0,2,False,ROUGH,False,4,True,5,True,False
2026100005,8318,,1,1,4,4,0,2,False,ROUGH,False,3,True,4,True,False
2026100005,8318,,1,2,3,3,0,3,,,True,1,False,3,True,False
2026100005,8318,,1,3,4,5,1,1,True,,False,4,True,5,False,False
2026100005,8318,,1,4,5,6,1,1,True,,False,4,True,6,False,False
2026100005,8318,,1,5,3,5,2,2,,,False,2,True,5,False,False
2026100005,8318,,1,6,4,5,1,1,True,,False,3,True,5,False,False
2026100005,8318,,1,7,5,5,0,1,True,,False,4,True,5,True,False
2026100005,8318,,1,8,4,5,1,1,True,,False,3,True,5,False,False
2026100005,8318,,1,9,4,4,0,1,True,,True,2,False,4,True,False
2026100005,8318,,1,10,5,5,0,1,True,,False,4,True,5,True,False
2026100005,8318,,1,11,3,4,1,9,,,False,3,True,4,False,False
2026100005,8318,,1,12,4,4,0,1,True,,True,2,False,4,True,False
2026100005,8318,,1,13,4,5,1,2,False,ROUGH,False,4,True,5,False,False
2026100005,8318,,1,14,4,4,0,1,True,,True,2,False,4,True,False
2026100005,8318,,1,15,4,5,1,1,True,,True,2,False,5,False,False
2026100005,8318,,1,16,3,3,0,3,,,True,1,False,3,True,False
2026100005,8318,,1,17,4,5,1,2,False,ROUGH,False,3,True,5,False,False
2026100005,8318,,1,18,5,5,0,2,False,ROUGH,True,3,False,5,True,False
2026100005,8318,,2,1,4,4,0,2,False,ROUGH,True,2,False,4,True,False
2026100005,8318,,2,2,3,3,0,3,,,True,1,False,3,True,False
2026100005,8318,,2,3,4,4,0,1,True,,True,2,False,4,True,False
2026100005,8318,,2,4,5,5,0,2,False,ROUGH,True,3,False,5,True,False
2026100005,8318,,2,5,3,2,-1,3,,,True,1,False,2,True,False
2026100005,8318,,2,6,4,4,0,2,False,ROUGH,False,3,True,4,True,False
2026100005,8318,,2,7,5,5,0,1,True,,True,3,False,5,True,False
2026100005,8318,,2,8,4,4,0,1,True,,True,2,False,4,True,False
2026100005,8318,,2,9,4,5,1,2,False,ROUGH,False,3,True,5,False,False
2026100005,8318,,2,10,5,7,2,1,True,,False,6,True,7,False,False
2026100005,8318,,2,11,3,4,1,2,,,False,2,True,4,False,False
2026100005,8318,,2,12,4,5,1,1,True,,True,2,False,5,False,False
2026100005,8318,,2,13,4,4,0,1,True,,True,2,False,4,True,False
2026100005,8318,,2,14,4,5,1,2,False,ROUGH,False,4,True,5,False,False
2026100005,8318,,2,15,4,5,1,2,False,ROUGH,False,3,True,5,False,False
2026100005,8318,,2,16,3,3,0,3,,,True,1,False,3,True,False
2026100005,8318,,2,17,4,4,0,1,True,,False,3,True,4,True,False
2026100005,8318,,2,18,5,5,0,1,True,,True,3,False,5,True,False
2026100005,8380,,1,1,4,5,1,2,False,ROUGH,False,3,True,5,False,False
2026100005,8380,,1,2,3,3,0,3,,,True,1,False,3,True,False
2026100005,8380,,1,3,4,4,0,2,False,ROUGH,False,3,True,4,True,False
2026100005,8380,,1,4,5,5,0,1,True,,True,3,False,5,True,False
2026100005,8380,,1,5,3,3,0,3,,,True,1,False,3,True,False
2026100005,8380,,1,6,4,5,1,1,True,,False,3,True,5,False,False
2026100005,8380,,1,7,5,4,-1,1,True,,True,3,False,4,True,False
2026100005,8380,,1,8,4,5,1,2,False,ROUGH,False,3,True,5,False,False
2026100005,8380,,1,9,4,4,0,2,False,ROUGH,True,2,False,4,True,False
2026100005,8380,,1,10,5,5,0,2,False,ROUGH,True,3,False,5,True,False
2026100005,8380,,1,11,3,4,1,2,,,False,2,True,4,False,False
2026100005,8380,,1,12,4,5,1,2,False,ROUGH,False,4,True,5,False,False
2026100005,8380,,1,13,4,4,0,1,True,,False,3,True,4,True,False
2026100005,8380,,1,14,4,4,0,1,True,,True,2,False,4,True,False
2026100005,8380,,1,15,4,4,0,2,False,ROUGH,True,2,False,4,True,False
2026100005,8380,,1,16,3,3,0,3,,,True,1,False,3,True,False
2026100005,8380,,1,17,4,4,0,1,True,,True,2,False,4,True,False
2026100005,8380,,1,18,5,6,1,2,False,ROUGH,False,4,True,6,False,False
2026100005,8380,,2,1,4,4,0,2,False,ROUGH,False,3,True,4,True,False
2026100005,8380,,2,2,3,3,0,3,,,True,1,False,3,True,False
2026100005,8380,,2,3,4,4,0,1,True,,True,2,False,4,True,False
2026100005,8380,,2,4,5,5,0,2,False,ROUGH,True,3,False,5,True,False
2026100005,8380,,2,5,3,3,0,3,,,True,1,False,3,True,False
2026100005,8380,,2,6,4,4,0,2,False,ROUGH,False,3,True,4,True,False
2026100005,8380,,2,7,5,4,-1,1,True,,True,3,False,4,True,False
2026100005,8380,,2,8,4,5,1,2,False,ROUGH,False,3,True,5,False,False
2026100005,8380,,2,9,4,5,1,2,False,ROUGH,False,3,True,5,False,False
2026100005,8380,,2,10,5,6,1,2,False,ROUGH,True,3,False,6,False,False
2026100005,8380,,2,11,3,3,0,3,,,True,1,False,3,True,False
2026100005,8380,,2,12,4,5,1,1,True,,True,2,False,5,False,False
2026100005,8380,,2,13,4,4,0,1,True,,True,2,False,4,True,False
2026100005,8380,,2,14,4,3,-1,1,True,,True,2,False,3,True,False
2026100005,8380,,2,15,4,4,0,1,True,,True,2,False,4,True,False
2026100005,8380,,2,16,3,3,0,3,,,True,1,False,3,True,False
2026100005,8380,,2,17,4,4,0,1,True,,True,2,False,4,True,False
2026100005,8380,,2,18,5,4,-1,1,True,,True,3,False,4,True,False
2026100005,8380,,3,1,4,6,2,1,True,,False,4,True,6,False,False
2026100005,8380,,3,2,3,3,0,2,,,False,2,True,3,True,False
2026100005,8380,,3,3,4,4,0,1,True,,True,2,False,4,True,False
2026100005,8380,,3,4,5,5,0,1,True,,True,3,False,5,True,False
2026100005,8380,,3,5,3,2,-1,3,,,True,1,False,2,True,False
2026100005,8380,,3,6,4,3,-1,1,True,,True,2,False,3,True,False
2026100005,8380,,3,7,5,5,0,1,True,,True,3,False,5,True,False
2026100005,8380,,3,8,4,5,1,2,False,ROUGH,False,4,True,5,False,False
2026100005,8380,,3,9,4,5,1,2,False,ROUGH,False,4,True,5,False,False
2026100005,8380,,3,10,5,5,0,1,True,,False,4,True,5,True,False
2026100005,8380,,3,11,3,3,0,3,,,True,1,False,3,True,False
2026100005,8380,,3,12,4,5,1,2,False,ROUGH,False,3,True,5,False,False
2026100005,8380,,3,13,4,4,0,2,False,ROUGH,False,3,True,4,True,False
2026100005,8380,,3,14,4,4,0,1,True,,True,2,False,4,True,False
2026100005,8380,,3,15,4,4,0,1,True,,False,3,True,4,True,False
2026100005,8380,,3,16,3,4,1,5,,,False,3,True,4,False,False
2026100005,8380,,3,17,4,3,-1,1,True,,True,2,False,3,True,False
2026100005,8380,,3,18,5,5,0,1,True,,True,3,False,5,True,False
2026100005,8380,,4,1,4,5,1,2,False,ROUGH,False,3,True,5,False,False
2026100005,8380,,4,2,3,5,2,5,,,False,3,True,5,False,False
2026100005,8380,,4,3,4,4,0,1,True,,True,2,False,4,True,False
2026100005,8380,,4,4,5,5,0,1,True,,True,3,False,5,True,False
2026100005,8380,,4,5,3,3,0,3,,,True,1,False,3,True,False
2026100005,8380,,4,6,4,4,0,2,False,ROUGH,True,2,False,4,True,False
2026100005,8380,,4,7,5,5,0,2,False,ROUGH,True,3,False,5,True,False
2026100005,8380,,4,8,4,4,0,1,True,,True,2,False,4,True,False
2026100005,8380,,4,9,4,4,0,1,True,,True,2,False,4,True,False
2026100005,8380,,4,10,5,6,1,2,False,ROUGH,True,3,False,6,False,False
2026100005,8380,,4,11,3,4,1,2,,,False,3,True,4,False,False
2026100005,8380,,4,12,4,4,0,2,False,ROUGH,False,3,True,4,True,False
2026100005,8380,,4,13,4,4,0,1,True,,True,2,False,4,True,False
2026100005,8380,,4,14,4,4,0,1,True,,False,3,True,4,True,False
2026100005,8380,,4,15,4,6,2,2,False,ROUGH,False,4,True,6,False,False
2026100005,8380,,4,16,3,2,-1,3,,,True,1,False,2,True,False
2026100005,8380,,4,17,4,3,-1,1,True,,True,2,False,3,True,False
2026100005,8380,,4,18,5,6,1,2,False,ROUGH,False,4,True,6,False,False
2026100005,8386,,1,1,4,5,1,2,False,ROUGH,False,4,True,5,False,False
2026100005,8386,,1,2,3,3,0,3,,,True,1,False,3,True,False
2026100005,8386,,1,3,4,4,0,2,False,ROUGH,False,3,True,4,True,False
2026100005,8386,,1,4,5,5,0,2,False,ROUGH,False,4,True,5,True,False
2026100005,8386,,1,5,3,4,1,2,,,False,2,True,4,False,False
2026100005,8386,,1,6,4,7,3,1,True,,False,5,True,7,False,False
2026100005,8386,,1,7,5,4,-1,2,False,ROUGH,True,3,False,4,True,False
2026100005,8386,,1,8,4,4,0,1,True,,True,2,False,4,True,False
2026100005,8386,,1,9,4,6,2,1,True,,False,3,True,6,False,False
2026100005,8386,,1,10,5,5,0,2,False,ROUGH,False,4,True,5,True,False
2026100005,8386,,1,11,3,3,0,3,,,True,1,False,3,True,False
2026100005,8386,,1,12,4,5,1,1,True,,False,3,True,5,False,False
2026100005,8386,,1,13,4,4,0,1,True,,True,2,False,4,True,False
2026100005,8386,,1,14,4,4,0,1,True,,False,3,True,4,True,False
2026100005,8386,,1,15,4,3,-1,1,True,,True,2,False,3,True,False
2026100005,8386,,1,16,3,5,2,5,,,False,3,True,5,False,False
2026100005,8386,,1,17,4,4,0,1,True,,True,2,False,4,True,False
2026100005,8386,,1,18,5,4,-1,2,False,ROUGH,True,3,False,4,True,False
2026100005,8386,,2,1,4,4,0,1,True,,False,3,True,4,True,False
2026100005,8386,,2,2,3,3,0,3,,,True,1,False,3,True,False
2026100005,8386,,2,3,4,6,2,1,True,,False,4,True,6,False,False
2026100005,8386,,2,4,5,6,1,1,True,,False,5,True,6,False,False
2026100005,8386,,2,5,3,3,0,3,,,True,1,False,3,True,False
2026100005,8386,,2,6,4,4,0,2,False,ROUGH,True,2,False,4,True,False
2026100005,8386,,2,7,5,5,0,6,False,BUNKER,False,4,True,5,True,False
2026100005,8386,,2,8,4,5,1,1,True,,True,2,False,5,False,False
2026100005,8386,,2,9,4,3,-1,1,True,,True,2,False,3,True,False
2026100005,8386,,2,10,5,5,0,2,False,ROUGH,True,3,False,5,True,False
2026100005,8386,,2,11,3,3,0,12,,,False,2,True,3,True,False
2026100005,8386,,2,12,4,5,1,2,False,ROUGH,False,4,True,5,False,False
2026100005,8386,,2,13,4,5,1,6,False,BUNKER,False,3,True,5,False,False
2026100005,8386,,2,14,4,4,0,2,False,ROUGH,False,3,True,4,True,False
2026100005,8386,,2,15,4,4,0,1,True,,True,2,False,4,True,False
2026100005,8386,,2,16,3,3,0,3,,,True,1,False,3,True,False
2026100005,8386,,2,17,4,4,0,2,False,ROUGH,False,3,True,4,True,False
2026100005,8386,,2,18,5,5,0,2,False,ROUGH,True,3,False,5,True,False
2026100005,8392,,1,1,4,5,1,1,True,,True,2,False,5,False,False
2026100005,8392,,1,2,3,2,-1,3,,,True,1,False,2,True,False
2026100005,8392,,1,3,4,3,-1,1,True,,True,2,False,3,True,False
2026100005,8392,,1,4,5,5,0,1,True,,True,3,False,5,True,False
2026100005,8392,,1,5,3,3,0,3,,,True,1,False,3,True,False
2026100005,8392,,1,6,4,5,1,2,False,ROUGH,False,4,True,5,False,False
2026100005,8392,,1,7,5,5,0,6,False,BUNKER,True,3,False,5,True,False
2026100005,8392,,1,8,4,4,0,1,True,,True,2,False,4,True,False
2026100005,8392,,1,9,4,4,0,1,True,,True,2,False,4,True,False
2026100005,8392,,1,10,5,5,0,1,True,,False,4,True,5,True,False
2026100005,8392,,1,11,3,2,-1,3,,,True,1,False,2,True,False
2026100005,8392,,1,12,4,5,1,2,False,ROUGH,False,3,True,5,False,False
2026100005,8392,,1,13,4,4,0,1,True,,True,2,False,4,True,False
2026100005,8392,,1,14,4,4,0,2,False,ROUGH,False,3,True,4,True,False
2026100005,8392,,1,15,4,4,0,2,False,ROUGH,True,2,False,4,True,False
2026100005,8392,,1,16,3,3,0,12,,,False,2,True,3,True,False
2026100005,8392,,1,17,4,4,0,1,True,,False,3,True,4,True,False
2026100005,8392,,1,18,5,5,0,2,False,ROUGH,True,3,False,5,True,False
2026100005,8392,,2,1,4,3,-1,2,False,ROUGH,True,2,False,3,True,False
2026100005,8392,,2,2,3,5,2,5,,,False,3,True,5,False,False
2026100005,8392,,2,3,4,4,0,2,False,ROUGH,False,3,True,4,True,False
2026100005,8392,,2,4,5,6,1,1,True,,False,4,True,6,False,False
2026100005,8392,,2,5,3,2,-1,3,,,True,1,False,2,True,False
2026100005,8392,,2,6,4,5,1,2,False,ROUGH,False,3,True,5,False,False
2026100005,8392,,2,7,5,5,0,1,True,,True,3,False,5,True,False
2026100005,8392,,2,8,4,6,2,1,True,,False,4,True,6,False,False
2026100005,8392,,2,9,4,4,0,1,True,,True,2,False,4,True,False
2026100005,8392,,2,10,5,5,0,2,False,ROUGH,True,3,False,5,True,False
2026100005,8392,,2,11,3,3,0,3,,,True,1,False,3,True,False
2026100005,8392,,2,12,4,3,-1,2,False,ROUGH,True,2,False,3,True,False
2026100005,8392,,2,13,4,4,0,1,True,,True,2,False,4,True,False
2026100005,8392,,2,14,4,4,0,1,True,,True,2,False,4,True,False
2026100005,8392,,2,15,4,4,0,2,False,ROUGH,False,3,True,4,True,False
2026100005,8392,,2,16,3,3,0,3,,,True,1,False,3,True,False
2026100005,8392,,2,17,4,4,0,2,False,ROUGH,True,2,False,4,True,False
2026100005,8392,,2,18,5,5,0,1,True,,True,3,False,5,True,False
2026100005,8392,,3,1,4,5,1,1,True,,True,2,False,5,False,False
2026100005,8392,,3,2,3,3,0,2,,,False,2,True,3,True,False
2026100005,8392,,3,3,4,3,-1,1,True,,True,2,False,3,True,False
2026100005,8392,,3,4,5,5,0,1,True,,False,4,True,5,True,False
2026100005,8392,,3,5,3,2,-1,3,,,True,1,False,2,True,False
2026100005,8392,,3,6,4,4,0,2,False,ROUGH,False,3,True,4,True,False
2026100005,8392,,3,7,5,4,-1,1,True,,True,3,False,4,True,False
2026100005,8392,,3,8,4,5,1,1,True,,False,3,True,5,False,False
2026100005,8392,,3,9,4,5,1,1,True,,True,2,False,5,False,False
2026100005,8392,,3,10,5,6,1,1,True,,False,4,True,6,False,False
2026100005,8392,,3,11,3,3,0,2,,,False,2,True,3,True,False
2026100005,8392,,3,12,4,5,1,2,False,ROUGH,False,3,True,5,False,False
2026100005,8392,,3,13,4,4,0,2,False,ROUGH,False,3,True,4,True,False
2026100005,8392,,3,14,4,5,1,2,False,ROUGH,False,3,True,5,False,False
2026100005,8392,,3,15,4,5,1,2,False,ROUGH,True,2,False,5,False,False
2026100005,8392,,3,16,3,3,0,3,,,True,1,False,3,True,False
2026100005,8392,,3,17,4,3,-1,1,True,,True,2,False,3,True,False
2026100005,8392,,3,18,5,4,-1,2,False,ROUGH,True,3,False,4,True,False
2026100005,8392,,4,1,4,5,1,2,False,ROUGH,True,2,False,5,False,False
2026100005,8392,,4,2,3,3,0,3,,,True,1,False,3,True,False
2026100005,8392,,4,3,4,5,1,2,False,ROUGH,True,2,False,5,False,False
2026100005,8392,,4,4,5,4,-1,1,True,,True,3,False,4,True,False
2026100005,8392,,4,5,3,3,0,3,,,True,1,False,3,True,False
2026100005,8392,,4,6,4,4,0,1,True,,True,2,False,4,True,False
2026100005,8392,,4,7,5,5,0,1,True,,True,3,False,5,True,False
2026100005,8392,,4,8,4,3,-1,1,True,,True,2,False,3,True,False
2026100005,8392,,4,9,4,4,0,1,True,,True,2,False,4,True,False
2026100005,8392,,4,10,5,4,-1,1,True,,True,3,False,4,True,False
2026100005,8392,,4,11,3,3,0,3,,,True,1,False,3,True,False
2026100005,8392,,4,12,4,3,-1,1,True,,True,2,False,3,True,False
2026100005,8392,,4,13,4,4,0,1,True,,True,2,False,4,True,False
2026100005,8392,,4,14,4,4,0,2,False,ROUGH,True,2,False,4,True,False
2026100005,8392,,4,15,4,4,0,1,True,,True,2,False,4,True,False
2026100005,8392,,4,16,3,3,0,3,,,True,1,False,3,True,False
2026100005,8392,,4,17,4,3,-1,1,True,,True,2,False,3,True,False
2026100005,8392,,4,18,5,5,0,1,True,,True,3,False,5,True,False
2026100005,8430,,1,1,4,4,0,1,True,,True,2,False,4,True,False
2026100005,8430,,1,2,3,5,2,5,,,False,3,True,5,False,False
2026100005,8430,,1,3,4,6,2,2,False,ROUGH,False,4,True,6,False,False
2026100005,8430,,1,4,5,6,1,2,False,ROUGH,False,4,True,6,False,False
2026100005,8430,,1,5,3,3,0,3,,,True,1,False,3,True,False
2026100005,8430,,1,6,4,5,1,1,True,,False,3,True,5,False,False
2026100005,8430,,1,7,5,4,-1,1,True,,True,3,False,4,True,False
2026100005,8430,,1,8,4,4,0,2,False,ROUGH,False,3,True,4,True,False
2026100005,8430,,1,9,4,3,-1,1,True,,True,2,False,3,True,False
2026100005,8430,,1,10,5,7,2,2,False,ROUGH,False,4,True,7,False,False
2026100005,8430,,1,11,3,3,0,3,,,True,1,False,3,True,False
2026100005,8430,,1,12,4,4,0,1,True,,True,2,False,4,True,False
2026100005,8430,,1,13,4,4,0,1,True,,False,3,True,4,True,False
2026100005,8430,,1,14,4,5,1,1,True,,False,3,True,5,False,False
2026100005,8430,,1,15,4,4,0,1,True,,True,2,False,4,True,False
2026100005,8430,,1,16,3,3,0,5,,,False,2,True,3,True,False
2026100005,8430,,1,17,4,3,-1,1,True,,True,2,False,3,True,False
2026100005,8430,,1,18,5,5,0,1,True,,True,3,False,5,True,False
2026100005,8430,,2,1,4,4,0,2,False,ROUGH,False,3,True,4,True,False
2026100005,8430,,2,2,3,4,1,3,,,True,1,False,4,False,False
2026100005,8430,,2,3,4,4,0,1,True,,True,2,False,4,True,False
2026100005,8430,,2,4,5,5,0,1,True,,False,4,True,5,True,False
2026100005,8430,,2,5,3,3,0,3,,,True,1,False,3,True,False
2026100005,8430,,2,6,4,4,0,2,False,ROUGH,False,3,True,4,True,False
2026100005,8430,,2,7,5,5,0,2,False,ROUGH,False,4,True,5,True,False
2026100005,8430,,2,8,4,4,0,2,False,ROUGH,True,2,False,4,True,False
2026100005,8430,,2,9,4,5,1,2,False,ROUGH,False,3,True,5,False,False
2026100005,8430,,2,10,5,5,0,1,True,,True,3,False,5,True,False
2026100005,8430,,2,11,3,3,0,2,,,False,2,True,3,True,False
2026100005,8430,,2,12,4,6,2,2,False,ROUGH,False,4,True,6,False,False
2026100005,8430,,2,13,4,5,1,1,True,,False,3,True,5,False,False
2026100005,8430,,2,14,4,4,0,1,True,,True,2,False,4,True,False
2026100005,8430,,2,15,4,4,0,2,False,ROUGH,True,2,False,4,True,False
2026100005,8430,,2,16,3,3,0,3,,,True,1,False,3,True,False
2026100005,8430,,2,17,4,4,0,1,True,,True,2,False,4,True,False
2026100005,8430,,2,18,5,4,-1,1,True,,True,3,False,4,True,False
2026100005,8434,,1,1,4,4,0,6,False,BUNKER,True,2,False,4,True,False
2026100005,8434,,1,2,3,3,0,3,,,True,1,False,3,True,False
2026100005,8434,,1,3,4,4,0,2,False,ROUGH,False,3,True,4,True,False
2026100005,8434,,1,4,5,6,1,1,True,,False,4,True,6,False,False
2026100005,8434,,1,5,3,3,0,3,,,True,1,False,3,True,False
2026100005,8434,,1,6,4,4,0,2,False,ROUGH,False,3,True,4,True,False
2026100005,8434,,1,7,5,5,0,1,True,,False,4,True,5,True,False
2026100005,8434,,1,8,4,4,0,1,True,,True,2,False,4,True,False
2026100005,8434,,1,9,4,4,0,1,True,,True,2,False,4,True,False
2026100005,8434,,1,10,5,8,3,7,False,OTHER,False,6,True,8,False,False
2026100005,8434,,1,11,3,5,2,5,,,False,3,True,5,False,False
2026100005,8434,,1,12,4,4,0,1,True,,False,3,True,4,True,False
2026100005,8434,,1,13,4,4,0,1,True,,True,2,False,4,True,False
2026100005,8434,,1,14,4,5,1,1,True,,False,3,True,5,False,False
2026100005,8434,,1,15,4,4,0,1,True,,True,2,False,4,True,False
2026100005,8434,,1,16,3,3,0,3,,,True,1,False,3,True,False
2026100005,8434,,1,17,4,4,0,2,False,ROUGH,False,3,True,4,True,False
2026100005,8434,,1,18,5,5,0,1,True,,True,3,False,5,True,False
2026100005,8434,,2,1,4,5,1,2,False,ROUGH,False,3,True,5,False,False
2026100005,8434,,2,2,3,3,0,3,,,True,1,False,3,True,False
2026100005,8434,,2,3,4,5,1,1,True,,False,3,True,5,False,False
2026100005,8434,,2,4,5,5,0,1,True,,False,4,True,5,True,False
2026100005,8434,,2,5,3,4,1,2,,,False,2,True,4,False,False
2026100005,8434,,2,6,4,5,1,1,True,,False,3,True,5,False,False
2026100005,8434,,2,7,5,5,0,1,True,,True,3,False,5,True,False
2026100005,8434,,2,8,4,4,0,2,False,ROUGH,False,3,True,4,True,False
2026100005,8434,,2,9,4,4,0,2,False,ROUGH,True,2,False,4,True,False
2026100005,8434,,2,10,5,7,2,2,False,ROUGH,False,4,True,7,False,False
2026100005,8434,,2,11,3,6,3,5,,,False,4,True,6,False,False
2026100005,8434,,2,12,4,4,0,2,False,ROUGH,False,3,True,4,True,False
2026100005,8434,,2,13,4,4,0,2,False,ROUGH,False,3,True,4,True,False
2026100005,8434,,2,14,4,4,0,1,True,,True,2,False,4,True,False
2026100005,8434,,2,15,4,5,1,2,False,ROUGH,False,3,True,5,False,False
2026100005,8434,,2,16,3,5,2,5,,,False,3,True,5,False,False
2026100005,8434,,2,17,4,4,0,2,False,ROUGH,True,2,False,4,True,False
2026100005,8434,,2,18,5,5,0,1,True,,True,3,False,5,True,False
2026100005,8589,,1,1,4,7,3,2,False,ROUGH,False,5,True,7,False,False
2026100005,8589,,1,2,3,3,0,3,,,True,1,False,3,True,False
2026100005,8589,,1,3,4,4,0,1,True,,True,2,False,4,True,False
2026100005,8589,,1,4,5,7,2,6,False,BUNKER,False,5,True,7,False,False
2026100005,8589,,1,5,3,4,1,2,,,False,2,True,4,False,False
2026100005,8589,,1,6,4,4,0,2,False,ROUGH,False,3,True,4,True,False
2026100005,8589,,1,7,5,5,0,1,True,,True,3,False,5,True,False
2026100005,8589,,1,8,4,6,2,2,False,ROUGH,False,4,True,6,False,False
2026100005,8589,,1,9,4,5,1,2,False,ROUGH,False,3,True,5,False,False
2026100005,8589,,1,10,5,7,2,4,False,OB,False,5,True,7,False,False
2026100005,8589,,1,11,3,3,0,12,,,False,2,True,3,True,False
2026100005,8589,,1,12,4,4,0,1,True,,True,2,False,4,True,False
2026100005,8589,,1,13,4,3,-1,6,False,BUNKER,True,2,False,3,True,False
2026100005,8589,,1,14,4,4,0,1,True,,True,2,False,4,True,False
2026100005,8589,,1,15,4,5,1,2,False,ROUGH,False,3,True,5,False,False
2026100005,8589,,1,16,3,3,0,3,,,True,1,False,3,True,False
2026100005,8589,,1,17,4,4,0,2,False,ROUGH,True,2,False,4,True,False
2026100005,8589,,1,18,5,4,-1,1,True,,True,3,False,4,True,False
2026100005,8589,,2,1,4,4,0,6,False,BUNKER,True,2,False,4,True,False
2026100005,8589,,2,2,3,4,1,2,,,False,2,True,4,False,False
2026100005,8589,,2,3,4,4,0,1,True,,True,2,False,4,True,False
2026100005,8589,,2,4,5,4,-1,1,True,,True,3,False,4,True,False
2026100005,8589,,2,5,3,2,-1,3,,,True,1,False,2,True,False
2026100005,8589,,2,6,4,4,0,1,True,,False,3,True,4,True,False
2026100005,8589,,2,7,5,5,0,2,False,ROUGH,True,3,False,5,True,False
2026100005,8589,,2,8,4,4,0,1,True,,False,3,True,4,True,False
2026100005,8589,,2,9,4,4,0,1,True,,True,2,False,4,True,False
2026100005,8589,,2,10,5,4,-1,1,True,,True,3,False,4,True,False
2026100005,8589,,2,11,3,3,0,2,,,False,2,True,3,True,False
2026100005,8589,,2,12,4,4,0,1,True,,True,2,False,4,True,False
2026100005,8589,,2,13,4,4,0,1,True,,False,3,True,4,True,False
2026100005,8589,,2,14,4,4,0,1,True,,True,2,False,4,True,False
2026100005,8589,,2,15,4,4,0,1,True,,True,2,False,4,True,False
2026100005,8589,,2,16,3,3,0,3,,,True,1,False,3,True,False
2026100005,8589,,2,17,4,4,0,1,True,,True,2,False,4,True,False
2026100005,8589,,2,18,5,5,0,2,False,ROUGH,True,3,False,5,True,False
2026100005,8589,,3,1,4,3,-1,1,True,,True,2,False,3,True,False
2026100005,8589,,3,2,3,3,0,2,,,False,2,True,3,True,False
2026100005,8589,,3,3,4,4,0,2,False,ROUGH,False,3,True,4,True,False
2026100005,8589,,3,4,5,5,0,1,True,,True,3,False,5,True,False
2026100005,8589,,3,5,3,3,0,3,,,True,1,False,3,True,False
2026100005,8589,,3,6,4,4,0,2,False,ROUGH,True,2,False,4,True,False
2026100005,8589,,3,7,5,4,-1,1,True,,True,3,False,4,True,False
2026100005,8589,,3,8,4,4,0,2,False,ROUGH,True,2,False,4,True,False
2026100005,8589,,3,9,4,3,-1,1,True,,True,2,False,3,True,False
2026100005,8589,,3,10,5,5,0,1,True,,True,3,False,5,True,False
2026100005,8589,,3,11,3,3,0,3,,,True,1,False,3,True,False
2026100005,8589,,3,12,4,4,0,1,True,,True,2,False,4,True,False
2026100005,8589,,3,13,4,4,0,1,True,,False,3,True,4,True,False
2026100005,8589,,3,14,4,4,0,2,False,ROUGH,True,2,False,4,True,False
2026100005,8589,,3,15,4,4,0,2,False,ROUGH,True,2,False,4,True,False
2026100005,8589,,3,16,3,3,0,3,,,True,1,False,3,True,False
2026100005,8589,,3,17,4,3,-1,2,False,ROUGH,True,2,False,3,True,False
2026100005,8589,,3,18,5,5,0,1,True,,True,3,False,5,True,False
2026100005,8589,,4,1,4,5,1,6,False,BUNKER,False,3,True,5,False,False
2026100005,8589,,4,2,3,2,-1,3,,,True,1,False,2,True,False
2026100005,8589,,4,3,4,4,0,1,True,,True,2,False,4,True,False
2026100005,8589,,4,4,5,5,0,2,False,ROUGH,True,3,False,5,True,False
2026100005,8589,,4,5,3,3,0,2,,,False,2,True,3,True,False
2026100005,8589,,4,6,4,4,0,2,False,ROUGH,True,2,False,4,True,False
2026100005,8589,,4,7,5,4,-1,2,False,ROUGH,True,3,False,4,True,False
2026100005,8589,,4,8,4,4,0,1,True,,True,2,False,4,True,False
2026100005,8589,,4,9,4,4,0,1,True,,True,2,False,4,True,False
2026100005,8589,,4,10,5,5,0,1,True,,True,3,False,5,True,False
2026100005,8589,,4,11,3,3,0,3,,,True,1,False,3,True,False
2026100005,8589,,4,12,4,5,1,2,False,ROUGH,True,2,False,5,False,False
2026100005,8589,,4,13,4,4,0,1,True,,True,2,False,4,True,False
2026100005,8589,,4,14,4,5,1,1,True,,False,3,True,5,False,False
2026100005,8589,,4,15,4,4,0,1,True,,False,3,True,4,True,False
2026100005,8589,,4,16,3,3,0,3,,,True,1,False,3,True,False
2026100005,8589,,4,17,4,5,1,1,True,,False,3,True,5,False,False
2026100005,8589,,4,18,5,5,0,6,False,BUNKER,True,3,False,5,True,False
2026100005,8770,,1,1,4,4,0,2,False,ROUGH,False,3,True,4,True,False
2026100005,8770,,1,2,3,3,0,3,,,True,1,False,3,True,False
2026100005,8770,,1,3,4,4,0,1,True,,True,2,False,4,True,False
2026100005,8770,,1,4,5,6,1,1,True,,False,4,True,6,False,False
2026100005,8770,,1,5,3,4,1,3,,,True,1,False,4,False,False
2026100005,8770,,1,6,4,4,0,2,False,ROUGH,False,3,True,4,True,False
2026100005,8770,,1,7,5,5,0,1,True,,True,3,False,5,True,False
2026100005,8770,,1,8,4,5,1,2,False,ROUGH,False,3,True,5,False,False
2026100005,8770,,1,9,4,4,0,2,False,ROUGH,True,2,False,4,True,False
2026100005,8770,,1,10,5,5,0,2,False,ROUGH,False,4,True,5,True,False
2026100005,8770,,1,11,3,3,0,2,,,False,2,True,3,True,False
2026100005,8770,,1,12,4,4,0,2,False,ROUGH,True,2,False,4,True,False
2026100005,8770,,1,13,4,5,1,2,False,ROUGH,False,3,True,5,False,False
2026100005,8770,,1,14,4,5,1,2,False,ROUGH,False,3,True,5,False,False
2026100005,8770,,1,15,4,4,0,1,True,,True,2,False,4,True,False
2026100005,8770,,1,16,3,3,0,12,,,False,2,True,3,True,False
2026100005,8770,,1,17,4,4,0,1,True,,True,2,False,4,True,False
2026100005,8770,,1,18,5,5,0,1,True,,True,3,False,5,True,False
2026100005,8770,,2,1,4,5,1,2,False,ROUGH,False,3,True,5,False,False
2026100005,8770,,2,2,3,3,0,3,,,True,1,False,3,True,False
2026100005,8770,,2,3,4,5,1,1,True,,False,3,True,5,False,False
2026100005,8770,,2,4,5,5,0,1,True,,True,3,False,5,True,False
2026100005,8770,,2,5,3,4,1,3,,,True,1,False,4,False,False
2026100005,8770,,2,6,4,5,1,2,False,ROUGH,False,3,True,5,False,False
2026100005,8770,,2,7,5,5,0,1,True,,True,3,False,5,True,False
2026100005,8770,,2,8,4,4,0,2,False,ROUGH,False,3,True,4,True,False
2026100005,8770,,2,9,4,4,0,2,False,ROUGH,True,2,False,4,True,False
2026100005,8770,,2,10,5,6,1,2,False,ROUGH,False,5,True,6,False,False
2026100005,8770,,2,11,3,5,2,2,,,False,3,True,5,False,False
2026100005,8770,,2,12,4,4,0,1,True,,True,2,False,4,True,False
2026100005,8770,,2,13,4,4,0,1,True,,False,3,True,4,True,False
2026100005,8770,,2,14,4,4,0,2,False,ROUGH,True,2,False,4,True,False
2026100005,8770,,2,15,4,4,0,1,True,,False,3,True,4,True,False
2026100005,8770,,2,16,3,3,0,3,,,True,1,False,3,True,False
2026100005,8770,,2,17,4,4,0,1,True,,True,2,False,4,True,False
2026100005,8770,,2,18,5,6,1,2,False,ROUGH,False,4,True,6,False,False
2026100005,8772,,1,1,4,4,0,1,True,,True,2,False,4,True,False
2026100005,8772,,1,2,3,3,0,3,,,True,1,False,3,True,False
2026100005,8772,,1,3,4,4,0,1,True,,False,3,True,4,True,False
2026100005,8772,,1,4,5,5,0,1,True,,False,4,True,5,True,False
2026100005,8772,,1,5,3,3,0,3,,,True,1,False,3,True,False
2026100005,8772,,1,6,4,6,2,2,False,ROUGH,False,4,True,6,False,False
2026100005,8772,,1,7,5,5,0,1,True,,True,3,False,5,True,False
2026100005,8772,,1,8,4,4,0,2,False,ROUGH,False,3,True,4,True,False
2026100005,8772,,1,9,4,4,0,1,True,,True,2,False,4,True,False
2026100005,8772,,1,10,5,5,0,1,True,,False,4,True,5,True,False
2026100005,8772,,1,11,3,3,0,3,,,True,1,False,3,True,False
2026100005,8772,,1,12,4,4,0,1,True,,False,3,True,4,True,False
2026100005,8772,,1,13,4,5,1,2,False,ROUGH,False,3,True,5,False,False
2026100005,8772,,1,14,4,4,0,1,True,,True,2,False,4,True,False
2026100005,8772,,1,15,4,4,0,1,True,,True,2,False,4,True,False
2026100005,8772,,1,16,3,3,0,3,,,True,1,False,3,True,False
2026100005,8772,,1,17,4,4,0,2,False,ROUGH,False,3,True,4,True,False
2026100005,8772,,1,18,5,5,0,1,True,,True,3,False,5,True,False
2026100005,8772,,2,1,4,4,0,6,False,BUNKER,False,3,True,4,True,False
2026100005,8772,,2,2,3,3,0,3,,,True,1,False,3,True,False
2026100005,8772,,2,3,4,4,0,1,True,,True,2,False,4,True,False
2026100005,8772,,2,4,5,5,0,1,True,,True,3,False,5,True,False
2026100005,8772,,2,5,3,3,0,12,,,False,2,True,3,True,False
2026100005,8772,,2,6,4,4,0,1,True,,True,2,False,4,True,False
2026100005,8772,,2,7,5,4,-1,1,True,,True,3,False,4,True,False
2026100005,8772,,2,8,4,4,0,1,True,,False,3,True,4,True,False
2026100005,8772,,2,9,4,4,0,1,True,,True,2,False,4,True,False
2026100005,8772,,2,10,5,4,-1,1,True,,True,3,False,4,True,False
2026100005,8772,,2,11,3,4,1,2,,,False,2,True,4,False,False
2026100005,8772,,2,12,4,4,0,2,False,ROUGH,True,2,False,4,True,False
2026100005,8772,,2,13,4,4,0,1,True,,True,2,False,4,True,False
2026100005,8772,,2,14,4,4,0,2,False,ROUGH,True,2,False,4,True,False
2026100005,8772,,2,15,4,4,0,1,True,,False,3,True,4,True,False
2026100005,8772,,2,16,3,5,2,5,,,False,3,True,5,False,False
2026100005,8772,,2,17,4,4,0,1,True,,True,2,False,4,True,False
2026100005,8772,,2,18,5,5,0,2,False,ROUGH,True,3,False,5,True,False
2026100005,8772,,3,1,4,5,1,1,True,,False,3,True,5,False,False
2026100005,8772,,3,2,3,3,0,2,,,False,2,True,3,True,False
2026100005,8772,,3,3,4,4,0,1,True,,True,2,False,4,True,False
2026100005,8772,,3,4,5,6,1,1,True,,False,4,True,6,False,False
2026100005,8772,,3,5,3,3,0,3,,,True,1,False,3,True,False
2026100005,8772,,3,6,4,5,1,1,True,,True,2,False,5,False,False
2026100005,8772,,3,7,5,6,1,1,True,,True,3,False,6,False,False
2026100005,8772,,3,8,4,5,1,1,True,,True,2,False,5,False,False
2026100005,8772,,3,9,4,4,0,2,False,ROUGH,True,2,False,4,True,False
2026100005,8772,,3,10,5,5,0,1,True,,False,4,True,5,True,False
2026100005,8772,,3,11,3,3,0,2,,,False,2,True,3,True,False
2026100005,8772,,3,12,4,4,0,1,True,,False,3,True,4,True,False
2026100005,8772,,3,13,4,4,0,1,True,,False,3,True,4,True,False
2026100005,8772,,3,14,4,4,0,2,False,ROUGH,True,2,False,4,True,False
2026100005,8772,,3,15,4,6,2,1,True,,True,2,False,6,False,False
2026100005,8772,,3,16,3,3,0,3,,,True,1,False,3,True,False
2026100005,8772,,3,17,4,3,-1,1,True,,True,2,False,3,True,False
2026100005,8772,,3,18,5,5,0,2,False,ROUGH,True,3,False,5,True,False
2026100005,8772,,4,1,4,5,1,2,False,ROUGH,False,3,True,5,False,False
2026100005,8772,,4,2,3,3,0,3,,,True,1,False,3,True,False
2026100005,8772,,4,3,4,5,1,1,True,,True,2,False,5,False,False
2026100005,8772,,4,4,5,5,0,1,True,,True,3,False,5,True,False
2026100005,8772,,4,5,3,3,0,3,,,True,1,False,3,True,False
2026100005,8772,,4,6,4,4,0,1,True,,True,2,False,4,True,False
2026100005,8772,,4,7,5,5,0,1,True,,True,3,False,5,True,False
2026100005,8772,,4,8,4,3,-1,2,False,ROUGH,True,2,False,3,True,False
2026100005,8772,,4,9,4,4,0,2,False,ROUGH,True,2,False,4,True,False
2026100005,8772,,4,10,5,5,0,2,False,ROUGH,True,3,False,5,True,False
2026100005,8772,,4,11,3,2,-1,3,,,True,1,False,2,True,False
2026100005,8772,,4,12,4,6,2,2,False,ROUGH,False,4,True,6,False,False
2026100005,8772,,4,13,4,4,0,1,True,,True,2,False,4,True,False
2026100005,8772,,4,14,4,4,0,1,True,,True,2,False,4,True,False
2026100005,8772,,4,15,4,4,0,2,False,ROUGH,True,2,False,4,True,False
2026100005,8772,,4,16,3,3,0,3,,,True,1,False,3,True,False
2026100005,8772,,4,17,4,5,1,1,True,,False,3,True,5,False,False
2026100005,8772,,4,18,5,5,0,1,True,,True,3,False,5,True,False
2026100005,8811,,1,1,4,4,0,1,True,,True,2,False,4,True,False
2026100005,8811,,1,2,3,4,1,2,,,False,2,True,4,False,False
2026100005,8811,,1,3,4,5,1,1,True,,False,3,True,5,False,False
2026100005,8811,,1,4,5,4,-1,1,True,,True,3,False,4,True,False
2026100005,8811,,1,5,3,3,0,3,,,True,1,False,3,True,False
2026100005,8811,,1,6,4,4,0,1,True,,False,3,True,4,True,False
2026100005,8811,,1,7,5,6,1,1,True,,False,4,True,6,False,False
2026100005,8811,,1,8,4,4,0,2,False,ROUGH,False,3,True,4,True,False
2026100005,8811,,1,9,4,6,2,2,False,ROUGH,False,4,True,6,False,False
2026100005,8811,,1,10,5,6,1,1,True,,False,5,True,6,False,False
2026100005,8811,,1,11,3,3,0,3,,,True,1,False,3,True,False
2026100005,8811,,1,12,4,4,0,2,False,ROUGH,False,3,True,4,True,False
2026100005,8811,,1,13,4,4,0,1,True,,True,2,False,4,True,False
2026100005,8811,,1,14,4,4,0,1,True,,False,3,True,4,True,False
2026100005,8811,,1,15,4,4,0,2,False,ROUGH,False,3,True,4,True,False
2026100005,8811,,1,16,3,3,0,2,,,False,2,True,3,True,False
2026100005,8811,,1,17,4,5,1,2,False,ROUGH,False,3,True,5,False,False
2026100005,8811,,1,18,5,4,-1,1,True,,True,3,False,4,True,False
2026100005,8811,,2,1,4,4,0,2,False,ROUGH,True,2,False,4,True,False
2026100005,8811,,2,2,3,3,0,3,,,True,1,False,3,True,False
2026100005,8811,,2,3,4,5,1,1,True,,False,3,True,5,False,False
2026100005,8811,,2,4,5,5,0,2,False,ROUGH,True,3,False,5,True,False
2026100005,8811,,2,5,3,3,0,3,,,True,1,False,3,True,False
2026100005,8811,,2,6,4,4,0,2,False,ROUGH,False,3,True,4,True,False
2026100005,8811,,2,7,5,6,1,6,False,BUNKER,False,4,True,6,False,False
2026100005,8811,,2,8,4,4,0,1,True,,True,2,False,4,True,False
2026100005,8811,,2,9,4,4,0,1,True,,True,2,False,4,True,False
2026100005,8811,,2,10,5,6,1,2,False,ROUGH,False,5,True,6,False,False
2026100005,8811,,2,11,3,3,0,3,,,True,1,False,3,True,False
2026100005,8811,,2,12,4,4,0,1,True,,True,2,False,4,True,False
2026100005,8811,,2,13,4,4,0,1,True,,True,2,False,4,True,False
2026100005,8811,,2,14,4,4,0,2,False,ROUGH,True,2,False,4,True,False
2026100005,8811,,2,15,4,5,1,1,True,,False,3,True,5,False,False
2026100005,8811,,2,16,3,4,1,3,,,True,1,False,4,False,False
2026100005,8811,,2,17,4,5,1,2,False,ROUGH,False,3,True,5,False,False
2026100005,8811,,2,18,5,5,0,1,True,,True,3,False,5,True,False
2026100005,8838,,1,1,4,5,1,2,False,ROUGH,False,3,True,5,False,False
2026100005,8838,,1,2,3,3,0,3,,,True,1,False,3,True,False
2026100005,8838,,1,3,4,4,0,1,True,,True,2,False,4,True,False
2026100005,8838,,1,4,5,6,1,2,False,ROUGH,False,4,True,6,False,False
2026100005,8838,,1,5,3,4,1,12,,,False,2,True,4,False,False
2026100005,8838,,1,6,4,5,1,1,True,,False,3,True,5,False,False
2026100005,8838,,1,7,5,5,0,2,False,ROUGH,True,3,False,5,True,False
2026100005,8838,,1,8,4,4,0,1,True,,True,2,False,4,True,False
2026100005,8838,,1,9,4,4,0,2,False,ROUGH,False,3,True,4,True,False
2026100005,8838,,1,10,5,5,0,2,False,ROUGH,False,,True,5,True,False
2026100005,8838,,1,11,3,4,1,9,,,False,3,True,4,False,False
2026100005,8838,,1,12,4,4,0,6,False,BUNKER,False,3,True,4,True,False
2026100005,8838,,1,13,4,4,0,1,True,,True,2,False,4,True,False
2026100005,8838,,1,14,4,5,1,1,True,,False,3,True,5,False,False
2026100005,8838,,1,15,4,4,0,2,False,ROUGH,False,3,True,4,True,False
2026100005,8838,,1,16,3,3,0,12,,,False,2,True,3,True,False
2026100005,8838,,1,17,4,3,-1,1,True,,True,2,False,3,True,False
2026100005,8838,,1,18,5,5,0,1,True,,True,3,False,5,True,False
2026100005,8838,,2,1,4,4,0,1,True,,True,2,False,4,True,False
2026100005,8838,,2,2,3,3,0,12,,,False,2,True,3,True,False
2026100005,8838,,2,3,4,4,0,2,False,ROUGH,False,3,True,4,True,False
2026100005,8838,,2,4,5,4,-1,2,False,ROUGH,True,3,False,4,True,False
2026100005,8838,,2,5,3,3,0,3,,,True,1,False,3,True,False
2026100005,8838,,2,6,4,4,0,1,True,,False,3,True,4,True,False
2026100005,8838,,2,7,5,5,0,1,True,,True,3,False,5,True,False
2026100005,8838,,2,8,4,5,1,2,False,ROUGH,False,3,True,5,False,False
2026100005,8838,,2,9,4,4,0,1,True,,True,2,False,4,True,False
2026100005,8838,,2,10,5,5,0,2,False,ROUGH,True,3,False,5,True,False
2026100005,8838,,2,11,3,3,0,2,,,False,2,True,3,True,False
2026100005,8838,,2,12,4,4,0,1,True,,True,2,False,4,True,False
2026100005,8838,,2,13,4,5,1,6,False,BUNKER,False,3,True,5,False,False
2026100005,8838,,2,14,4,3,-1,1,True,,True,2,False,3,True,False
2026100005,8838,,2,15,4,4,0,1,True,,True,2,False,4,True,False
2026100005,8838,,2,16,3,3,0,3,,,True,1,False,3,True,False
2026100005,8838,,2,17,4,4,0,1,True,,True,2,False,4,True,False
2026100005,8838,,2,18,5,5,0,1,True,,False,4,True,5,True,False
2026100005,8838,,3,1,4,5,1,2,False,ROUGH,True,2,False,5,False,False
2026100005,8838,,3,2,3,2,-1,3,,,True,1,False,2,True,False
2026100005,8838,,3,3,4,4,0,1,True,,False,3,True,4,True,False
2026100005,8838,,3,4,5,4,-1,1,True,,True,3,False,4,True,False
2026100005,8838,,3,5,3,4,1,2,,,False,2,True,4,False,False
2026100005,8838,,3,6,4,4,0,1,True,,True,2,False,4,True,False
2026100005,8838,,3,7,5,5,0,1,True,,True,3,False,5,True,False
2026100005,8838,,3,8,4,4,0,2,False,ROUGH,True,2,False,4,True,False
2026100005,8838,,3,9,4,4,0,1,True,,True,2,False,4,True,False
2026100005,8838,,3,10,5,5,0,1,True,,True,3,False,5,True,False
2026100005,8838,,3,11,3,3,0,3,,,True,1,False,3,True,False
2026100005,8838,,3,12,4,4,0,1,True,,True,2,False,4,True,False
2026100005,8838,,3,13,4,4,0,2,False,ROUGH,False,3,True,4,True,False
2026100005,8838,,3,14,4,5,1,2,False,ROUGH,False,3,True,5,False,False
2026100005,8838,,3,15,4,5,1,1,True,,False,3,True,5,False,False
2026100005,8838,,3,16,3,2,-1,3,,,True,1,False,2,True,False
2026100005,8838,,3,17,4,3,-1,2,False,ROUGH,False,,True,3,True,False
2026100005,8838,,3,18,5,6,1,6,False,BUNKER,False,4,True,6,False,False
2026100005,8838,,4,1,4,5,1,1,True,,False,3,True,5,False,False
2026100005,8838,,4,2,3,3,0,3,,,True,1,False,3,True,False
2026100005,8838,,4,3,4,6,2,2,False,ROUGH,False,3,True,6,False,False
2026100005,8838,,4,4,5,4,-1,2,False,ROUGH,True,3,False,4,True,False
2026100005,8838,,4,5,3,3,0,12,,,False,2,True,3,True,False
2026100005,8838,,4,6,4,4,0,2,False,ROUGH,True,2,False,4,True,False
2026100005,8838,,4,7,5,5,0,1,True,,True,3,False,5,True,False
2026100005,8838,,4,8,4,4,0,1,True,,True,2,False,4,True,False
2026100005,8838,,4,9,4,4,0,2,False,ROUGH,True,2,False,4,True,False
2026100005,8838,,4,10,5,5,0,2,False,ROUGH,True,3,False,5,True,False
2026100005,8838,,4,11,3,4,1,3,,,True,1,False,4,False,False
2026100005,8838,,4,12,4,4,0,1,True,,True,2,False,4,True,False
2026100005,8838,,4,13,4,4,0,2,False,ROUGH,True,2,False,4,True,False
2026100005,8838,,4,14,4,4,0,1,True,,False,3,True,4,True,False
2026100005,8838,,4,15,4,3,-1,1,True,,True,2,False,3,True,False
2026100005,8838,,4,16,3,3,0,3,,,True,1,False,3,True,False
2026100005,8838,,4,17,4,5,1,2,False,ROUGH,False,3,True,5,False,False
2026100005,8838,,4,18,5,6,1,2,False,ROUGH,False,4,True,6,False,False
2026100005,8840,,1,1,4,6,2,2,False,ROUGH,False,3,True,6,False,False
2026100005,8840,,1,2,3,2,-1,3,,,True,1,False,2,True,False
2026100005,8840,,1,3,4,5,1,1,True,,False,3,True,5,False,False
2026100005,8840,,1,4,5,6,1,2,False,ROUGH,False,4,True,6,False,False
2026100005,8840,,1,5,3,3,0,3,,,True,1,False,3,True,False
2026100005,8840,,1,6,4,5,1,1,True,,False,3,True,5,False,False
2026100005,8840,,1,7,5,5,0,2,False,ROUGH,True,3,False,5,True,False
2026100005,8840,,1,8,4,5,1,1,True,,False,3,True,5,False,False
2026100005,8840,,1,9,4,4,0,2,False,ROUGH,True,2,False,4,True,False
2026100005,8840,,1,10,5,5,0,1,True,,False,4,True,5,True,False
2026100005,8840,,1,11,3,4,1,2,,,False,3,True,4,False,False
2026100005,8840,,1,12,4,4,0,2,False,ROUGH,True,2,False,4,True,False
2026100005,8840,,1,13,4,4,0,1,True,,True,2,False,4,True,False
2026100005,8840,,1,14,4,4,0,1,True,,True,2,False,4,True,False
2026100005,8840,,1,15,4,4,0,1,True,,True,2,False,4,True,False
2026100005,8840,,1,16,3,3,0,3,,,True,1,False,3,True,False
2026100005,8840,,1,17,4,5,1,2,False,ROUGH,False,3,True,5,False,False
2026100005,8840,,1,18,5,5,0,1,True,,True,3,False,5,True,False
2026100005,8840,,2,1,4,5,1,2,False,ROUGH,False,4,True,5,False,False
2026100005,8840,,2,2,3,2,-1,3,,,True,1,False,2,True,False
2026100005,8840,,2,3,4,4,0,1,True,,False,3,True,4,True,False
2026100005,8840,,2,4,5,4,-1,1,True,,True,3,False,4,True,False
2026100005,8840,,2,5,3,3,0,3,,,True,1,False,3,True,False
2026100005,8840,,2,6,4,5,1,1,True,,False,4,True,5,False,False
2026100005,8840,,2,7,5,5,0,1,True,,True,3,False,5,True,False
2026100005,8840,,2,8,4,4,0,1,True,,True,2,False,4,True,False
2026100005,8840,,2,9,4,6,2,2,False,ROUGH,False,4,True,6,False,False
2026100005,8840,,2,10,5,5,0,1,True,,True,3,False,5,True,False
2026100005,8840,,2,11,3,6,3,5,,,False,4,True,6,False,False
2026100005,8840,,2,12,4,5,1,6,False,BUNKER,False,3,True,5,False,False
2026100005,8840,,2,13,4,4,0,6,False,BUNKER,False,3,True,4,True,False
2026100005,8840,,2,14,4,5,1,2,False,ROUGH,False,3,True,5,False,False
2026100005,8840,,2,15,4,4,0,1,True,,False,3,True,4,True,False
2026100005,8840,,2,16,3,5,2,5,,,False,3,True,5,False,False
2026100005,8840,,2,17,4,5,1,1,True,,True,2,False,5,False,False
2026100005,8840,,2,18,5,4,-1,1,True,,True,3,False,4,True,False
2026100005,8859,,1,1,4,4,0,1,True,,True,2,False,4,True,False
2026100005,8859,,1,2,3,3,0,3,,,True,1,False,3,True,False
2026100005,8859,,1,3,4,4,0,1,True,,True,2,False,4,True,False
2026100005,8859,,1,4,5,5,0,2,False,ROUGH,True,3,False,5,True,False
2026100005,8859,,1,5,3,2,-1,3,,,True,1,False,2,True,False
2026100005,8859,,1,6,4,4,0,2,False,ROUGH,True,2,False,4,True,False
2026100005,8859,,1,7,5,5,0,1,True,,True,3,False,5,True,False
2026100005,8859,,1,8,4,4,0,1,True,,False,3,True,4,True,False
2026100005,8859,,1,9,4,4,0,2,False,ROUGH,True,2,False,4,True,False
2026100005,8859,,1,10,5,5,0,1,True,,True,3,False,5,True,False
2026100005,8859,,1,11,3,3,0,3,,,True,1,False,3,True,False
2026100005,8859,,1,12,4,6,2,2,False,ROUGH,False,4,True,6,False,False
2026100005,8859,,1,13,4,4,0,1,True,,True,2,False,4,True,False
2026100005,8859,,1,14,4,4,0,1,True,,False,3,True,4,True,False
2026100005,8859,,1,15,4,4,0,1,True,,False,3,True,4,True,False
2026100005,8859,,1,16,3,2,-1,3,,,True,1,False,2,True,False
2026100005,8859,,1,17,4,4,0,2,False,ROUGH,True,2,False,4,True,False
2026100005,8859,,1,18,5,4,-1,1,True,,True,3,False,4,True,False
2026100005,8859,,2,1,4,4,0,1,True,,True,2,False,4,True,False
2026100005,8859,,2,2,3,3,0,3,,,True,1,False,3,True,False
2026100005,8859,,2,3,4,4,0,2,False,ROUGH,False,3,True,4,True,False
2026100005,8859,,2,4,5,5,0,1,True,,True,3,False,5,True,False
2026100005,8859,,2,5,3,3,0,3,,,True,1,False,3,True,False
2026100005,8859,,2,6,4,4,0,1,True,,True,2,False,4,True,False
2026100005,8859,,2,7,5,4,-1,2,False,ROUGH,True,3,False,4,True,False
2026100005,8859,,2,8,4,3,-1,1,True,,True,2,False,3,True,False
2026100005,8859,,2,9,4,4,0,2,False,ROUGH,False,3,True,4,True,False
2026100005,8859,,2,10,5,4,-1,2,False,ROUGH,False,,True,4,True,False
2026100005,8859,,2,11,3,3,0,3,,,True,1,False,3,True,False
2026100005,8859,,2,12,4,5,1,2,False,ROUGH,True,2,False,5,False,False
2026100005,8859,,2,13,4,5,1,1,True,,True,2,False,5,False,False
2026100005,8859,,2,14,4,4,0,1,True,,True,2,False,4,True,False
2026100005,8859,,2,15,4,4,0,1,True,,True,2,False,4,True,False
2026100005,8859,,2,16,3,4,1,3,,,True,1,False,4,False,False
2026100005,8859,,2,17,4,4,0,1,True,,True,2,False,4,True,False
2026100005,8859,,2,18,5,5,0,1,True,,True,3,False,5,True,False
2026100005,8859,,3,1,4,4,0,1,True,,False,3,True,4,True,False
2026100005,8859,,3,2,3,3,0,3,,,True,1,False,3,True,False
2026100005,8859,,3,3,4,4,0,1,True,,True,2,False,4,True,False
2026100005,8859,,3,4,5,5,0,2,False,ROUGH,True,3,False,5,True,False
2026100005,8859,,3,5,3,3,0,3,,,True,1,False,3,True,False
2026100005,8859,,3,6,4,4,0,1,True,,True,2,False,4,True,False
2026100005,8859,,3,7,5,4,-1,1,True,,True,3,False,4,True,False
2026100005,8859,,3,8,4,5,1,1,True,,True,2,False,5,False,False
2026100005,8859,,3,9,4,3,-1,1,True,,True,2,False,3,True,False
2026100005,8859,,3,10,5,6,1,2,False,ROUGH,False,4,True,6,False,False
2026100005,8859,,3,11,3,4,1,2,,,False,2,True,4,False,False
2026100005,8859,,3,12,4,5,1,2,False,ROUGH,False,3,True,5,False,False
2026100005,8859,,3,13,4,4,0,1,True,,True,2,False,4,True,False
2026100005,8859,,3,14,4,5,1,1,True,,False,3,True,5,False,False
2026100005,8859,,3,15,4,6,2,1,True,,False,3,True,6,False,False
2026100005,8859,,3,16,3,3,0,3,,,True,1,False,3,True,False
2026100005,8859,,3,17,4,4,0,1,True,,False,3,True,4,True,False
2026100005,8859,,3,18,5,5,0,2,False,ROUGH,True,3,False,5,True,False
2026100005,8859,,4,1,4,4,0,2,False,ROUGH,False,3,True,4,True,False
2026100005,8859,,4,2,3,3,0,3,,,True,1,False,3,True,False
2026100005,8859,,4,3,4,4,0,1,True,,True,2,False,4,True,False
2026100005,8859,,4,4,5,5,0,1,True,,False,4,True,5,True,False
2026100005,8859,,4,5,3,2,-1,3,,,True,1,False,2,True,False
2026100005,8859,,4,6,4,4,0,1,True,,True,2,False,4,True,False
2026100005,8859,,4,7,5,5,0,1,True,,True,3,False,5,True,False
2026100005,8859,,4,8,4,4,0,1,True,,True,2,False,4,True,False
2026100005,8859,,4,9,4,4,0,1,True,,True,2,False,4,True,False
2026100005,8859,,4,10,5,6,1,2,False,ROUGH,False,4,True,6,False,False
2026100005,8859,,4,11,3,4,1,3,,,True,1,False,4,False,False
2026100005,8859,,4,12,4,5,1,2,False,ROUGH,False,3,True,5,False,False
2026100005,8859,,4,13,4,4,0,1,True,,True,2,False,4,True,False
2026100005,8859,,4,14,4,5,1,2,False,ROUGH,False,4,True,5,False,False
2026100005,8859,,4,15,4,5,1,2,False,ROUGH,False,3,True,5,False,False
2026100005,8859,,4,16,3,4,1,2,,,False,2,True,4,False,False
2026100005,8859,,4,17,4,4,0,2,False,ROUGH,False,3,True,4,True,False
2026100005,8859,,4,18,5,5,0,2,False,ROUGH,True,3,False,5,True,False
2026100005,8881,,1,1,4,3,-1,2,False,ROUGH,True,2,False,3,True,False
2026100005,8881,,1,2,3,3,0,3,,,True,1,False,3,True,False
2026100005,8881,,1,3,4,4,0,1,True,,True,2,False,4,True,False
2026100005,8881,,1,4,5,5,0,1,True,,True,3,False,5,True,False
2026100005,8881,,1,5,3,3,0,3,,,True,1,False,3,True,False
2026100005,8881,,1,6,4,4,0,1,True,,True,2,False,4,True,False
2026100005,8881,,1,7,5,5,0,1,True,,True,3,False,5,True,False
2026100005,8881,,1,8,4,4,0,2,False,ROUGH,True,2,False,4,True,False
2026100005,8881,,1,9,4,4,0,2,False,ROUGH,False,3,True,4,True,False
2026100005,8881,,1,10,5,8,3,4,False,OB,False,6,True,8,False,False
2026100005,8881,,1,11,3,3,0,3,,,True,1,False,3,True,False
2026100005,8881,,1,12,4,5,1,1,True,,True,2,False,5,False,False
2026100005,8881,,1,13,4,4,0,1,True,,True,2,False,4,True,False
2026100005,8881,,1,14,4,5,1,2,False,ROUGH,False,3,True,5,False,False
2026100005,8881,,1,15,4,4,0,1,True,,True,2,False,4,True,False
2026100005,8881,,1,16,3,2,-1,3,,,True,1,False,2,True,False
2026100005,8881,,1,17,4,4,0,1,True,,True,2,False,4,True,False
2026100005,8881,,1,18,5,5,0,2,False,ROUGH,True,3,False,5,True,False
2026100005,8881,,2,1,4,5,1,2,False,ROUGH,False,3,True,5,False,False
2026100005,8881,,2,2,3,5,2,5,,,False,4,True,5,False,False
2026100005,8881,,2,3,4,5,1,1,True,,False,3,True,5,False,False
2026100005,8881,,2,4,5,5,0,1,True,,True,3,False,5,True,False
2026100005,8881,,2,5,3,4,1,9,,,False,3,True,4,False,False
2026100005,8881,,2,6,4,4,0,1,True,,True,2,False,4,True,False
2026100005,8881,,2,7,5,5,0,2,False,ROUGH,True,3,False,5,True,False
2026100005,8881,,2,8,4,4,0,2,False,ROUGH,False,3,True,4,True,False
2026100005,8881,,2,9,4,4,0,1,True,,True,2,False,4,True,False
2026100005,8881,,2,10,5,5,0,1,True,,True,3,False,5,True,False
2026100005,8881,,2,11,3,2,-1,3,,,True,1,False,2,True,False
2026100005,8881,,2,12,4,6,2,2,False,ROUGH,False,4,True,6,False,False
2026100005,8881,,2,13,4,3,-1,1,True,,True,2,False,3,True,False
2026100005,8881,,2,14,4,3,-1,1,True,,True,2,False,3,True,False
2026100005,8881,,2,15,4,4,0,1,True,,False,3,True,4,True,False
2026100005,8881,,2,16,3,4,1,3,,,True,1,False,4,False,False
2026100005,8881,,2,17,4,4,0,2,False,ROUGH,True,2,False,4,True,False
2026100005,8881,,2,18,5,5,0,1,True,,True,3,False,5,True,False
2026100005,8881,,3,1,4,6,2,2,False,ROUGH,False,3,True,6,False,False
2026100005,8881,,3,2,3,4,1,3,,,True,1,False,4,False,False
2026100005,8881,,3,3,4,4,0,1,True,,True,2,False,4,True,False
2026100005,8881,,3,4,5,5,0,1,True,,True,3,False,5,True,False
2026100005,8881,,3,5,3,3,0,3,,,True,1,False,3,True,False
2026100005,8881,,3,6,4,4,0,1,True,,False,3,True,4,True,False
2026100005,8881,,3,7,5,4,-1,1,True,,True,3,False,4,True,False
2026100005,8881,,3,8,4,4,0,1,True,,True,2,False,4,True,False
2026100005,8881,,3,9,4,5,1,1,True,,False,3,True,5,False,False
2026100005,8881,,3,10,5,6,1,2,False,ROUGH,False,4,True,6,False,False
2026100005,8881,,3,11,3,3,0,3,,,True,1,False,3,True,False
2026100005,8881,,3,12,4,4,0,2,False,ROUGH,False,3,True,4,True,False
2026100005,8881,,3,13,4,4,0,1,True,,True,2,False,4,True,False
2026100005,8881,,3,14,4,4,0,1,True,,False,3,True,4,True,False
2026100005,8881,,3,15,4,4,0,1,True,,False,3,True,4,True,False
2026100005,8881,,3,16,3,2,-1,3,,,True,1,False,2,True,False
2026100005,8881,,3,17,4,4,0,2,False,ROUGH,True,2,False,4,True,False
2026100005,8881,,3,18,5,5,0,1,True,,True,3,False,5,True,False
2026100005,8881,,4,1,4,4,0,2,False,ROUGH,False,3,True,4,True,False
2026100005,8881,,4,2,3,3,0,3,,,True,1,False,3,True,False
2026100005,8881,,4,3,4,4,0,1,True,,True,2,False,4,True,False
2026100005,8881,,4,4,5,5,0,1,True,,False,4,True,5,True,False
2026100005,8881,,4,5,3,3,0,3,,,True,1,False,3,True,False
2026100005,8881,,4,6,4,4,0,1,True,,True,2,False,4,True,False
2026100005,8881,,4,7,5,4,-1,1,True,,True,3,False,4,True,False
2026100005,8881,,4,8,4,4,0,1,True,,True,2,False,4,True,False
2026100005,8881,,4,9,4,3,-1,1,True,,True,2,False,3,True,False
2026100005,8881,,4,10,5,5,0,2,False,ROUGH,True,3,False,5,True,False
2026100005,8881,,4,11,3,3,0,3,,,True,1,False,3,True,False
2026100005,8881,,4,12,4,4,0,1,True,,False,3,True,4,True,False
2026100005,8881,,4,13,4,4,0,1,True,,True,2,False,4,True,False
2026100005,8881,,4,14,4,4,0,1,True,,False,3,True,4,True,False
2026100005,8881,,4,15,4,4,0,1,True,,False,3,True,4,True,False
2026100005,8881,,4,16,3,3,0,3,,,True,1,False,3,True,False
2026100005,8881,,4,17,4,4,0,1,True,,True,2,False,4,True,False
2026100005,8881,,4,18,5,5,0,1,True,,True,3,False,5,True,False
2026100005,8883,,1,1,4,5,1,2,False,ROUGH,False,3,True,5,False,False
2026100005,8883,,1,2,3,3,0,3,,,True,1,False,3,True,False
2026100005,8883,,1,3,4,4,0,2,False,ROUGH,False,3,True,4,True,False
2026100005,8883,,1,4,5,4,-1,1,True,,True,3,False,4,True,False
2026100005,8883,,1,5,3,2,-1,3,,,True,1,False,2,True,False
2026100005,8883,,1,6,4,4,0,1,True,,True,2,False,4,True,False
2026100005,8883,,1,7,5,4,-1,1,True,,True,3,False,4,True,False
2026100005,8883,,1,8,4,4,0,1,True,,True,2,False,4,True,False
2026100005,8883,,1,9,4,5,1,2,False,ROUGH,False,4,True,5,False,False
2026100005,8883,,1,10,5,5,0,1,True,,True,3,False,5,True,False
2026100005,8883,,1,11,3,4,1,3,,,True,1,False,4,False,False
2026100005,8883,,1,12,4,4,0,2,False,ROUGH,False,3,True,4,True,False
2026100005,8883,,1,13,4,5,1,2,False,ROUGH,False,3,True,5,False,False
2026100005,8883,,1,14,4,4,0,1,True,,True,2,False,4,True,False
2026100005,8883,,1,15,4,5,1,1,True,,False,3,True,5,False,False
2026100005,8883,,1,16,3,3,0,3,,,True,1,False,3,True,False
2026100005,8883,,1,17,4,3,-1,2,False,ROUGH,True,2,False,3,True,False
2026100005,8883,,1,18,5,4,-1,2,False,ROUGH,True,3,False,4,True,False
2026100005,8883,,2,1,4,6,2,6,False,BUNKER,False,5,True,6,False,False
2026100005,8883,,2,2,3,3,0,3,,,True,1,False,3,True,False
2026100005,8883,,2,3,4,5,1,1,True,,False,3,True,5,False,False
2026100005,8883,,2,4,5,5,0,1,True,,True,3,False,5,True,False
2026100005,8883,,2,5,3,3,0,3,,,True,1,False,3,True,False
2026100005,8883,,2,6,4,9,5,7,False,OTHER,False,8,True,9,False,False
2026100005,8883,,2,7,5,5,0,1,True,,True,3,False,5,True,False
2026100005,8883,,2,8,4,6,2,1,True,,False,4,True,6,False,False
2026100005,8883,,2,9,4,3,-1,2,False,ROUGH,True,2,False,3,True,False
2026100005,8883,,2,10,5,4,-1,1,True,,True,3,False,4,True,False
2026100005,8883,,2,11,3,4,1,12,,,False,2,True,4,False,False
2026100005,8883,,2,12,4,4,0,1,True,,True,2,False,4,True,False
2026100005,8883,,2,13,4,4,0,1,True,,True,2,False,4,True,False
2026100005,8883,,2,14,4,4,0,2,False,ROUGH,False,3,True,4,True,False
2026100005,8883,,2,15,4,4,0,1,True,,False,3,True,4,True,False
2026100005,8883,,2,16,3,4,1,3,,,True,1,False,4,False,False
2026100005,8883,,2,17,4,4,0,2,False,ROUGH,False,3,True,4,True,False
2026100005,8883,,2,18,5,5,0,2,False,ROUGH,False,4,True,5,True,False
2026100005,8884,,1,1,4,5,1,1,True,,False,3,True,5,False,False
2026100005,8884,,1,2,3,4,1,3,,,True,1,False,4,False,False
2026100005,8884,,1,3,4,5,1,1,True,,False,3,True,5,False,False
2026100005,8884,,1,4,5,5,0,1,True,,True,3,False,5,True,False
2026100005,8884,,1,5,3,3,0,12,,,False,2,True,3,True,False
2026100005,8884,,1,6,4,5,1,2,False,ROUGH,False,3,True,5,False,False
2026100005,8884,,1,7,5,5,0,1,True,,True,3,False,5,True,False
2026100005,8884,,1,8,4,5,1,2,False,ROUGH,False,3,True,5,False,False
2026100005,8884,,1,9,4,4,0,2,False,ROUGH,False,3,True,4,True,False
2026100005,8884,,1,10,5,5,0,1,True,,True,3,False,5,True,False
2026100005,8884,,1,11,3,4,1,2,,,False,2,True,4,False,False
2026100005,8884,,1,12,4,5,1,2,False,ROUGH,False,3,True,5,False,False
2026100005,8884,,1,13,4,4,0,1,True,,True,2,False,4,True,False
2026100005,8884,,1,14,4,4,0,1,True,,True,2,False,4,True,False
2026100005,8884,,1,15,4,4,0,1,True,,True,2,False,4,True,False
2026100005,8884,,1,16,3,3,0,2,,,False,2,True,3,True,False
2026100005,8884,,1,17,4,4,0,1,True,,True,2,False,4,True,False
2026100005,8884,,1,18,5,5,0,1,True,,True,3,False,5,True,False
2026100005,8884,,2,1,4,5,1,2,False,ROUGH,True,2,False,5,False,False
2026100005,8884,,2,2,3,3,0,3,,,True,1,False,3,True,False
2026100005,8884,,2,3,4,5,1,1,True,,False,3,True,5,False,False
2026100005,8884,,2,4,5,4,-1,2,False,ROUGH,True,3,False,4,True,False
2026100005,8884,,2,5,3,3,0,3,,,True,1,False,3,True,False
2026100005,8884,,2,6,4,5,1,2,False,ROUGH,False,3,True,5,False,False
2026100005,8884,,2,7,5,6,1,1,True,,False,5,True,6,False,False
2026100005,8884,,2,8,4,3,-1,1,True,,True,2,False,3,True,False
2026100005,8884,,2,9,4,4,0,1,True,,True,2,False,4,True,False
2026100005,8884,,2,10,5,5,0,2,False,ROUGH,True,3,False,5,True,False
2026100005,8884,,2,11,3,2,-1,3,,,True,1,False,2,True,False
2026100005,8884,,2,12,4,4,0,1,True,,True,2,False,4,True,False
2026100005,8884,,2,13,4,5,1,2,False,ROUGH,False,3,True,5,False,False
2026100005,8884,,2,14,4,4,0,1,True,,True,2,False,4,True,False
2026100005,8884,,2,15,4,5,1,2,False,ROUGH,False,3,True,5,False,False
2026100005,8884,,2,16,3,3,0,3,,,True,1,False,3,True,False
2026100005,8884,,2,17,4,4,0,1,True,,True,2,False,4,True,False
2026100005,8884,,2,18,5,4,-1,1,True,,True,3,False,4,True,False
2026100005,8884,,3,1,4,4,0,1,True,,False,3,True,4,True,False
2026100005,8884,,3,2,3,4,1,12,,,False,2,True,4,False,False
2026100005,8884,,3,3,4,5,1,1,True,,True,2,False,5,False,False
2026100005,8884,,3,4,5,4,-1,2,False,ROUGH,True,3,False,4,True,False
2026100005,8884,,3,5,3,3,0,3,,,True,1,False,3,True,False
2026100005,8884,,3,6,4,4,0,1,True,,True,2,False,4,True,False
2026100005,8884,,3,7,5,5,0,2,False,ROUGH,True,3,False,5,True,False
2026100005,8884,,3,8,4,5,1,2,False,ROUGH,False,3,True,5,False,False
2026100005,8884,,3,9,4,4,0,1,True,,False,3,True,4,True,False
2026100005,8884,,3,10,5,4,-1,2,False,ROUGH,False,,True,4,True,False
2026100005,8884,,3,11,3,3,0,3,,,True,1,False,3,True,False
2026100005,8884,,3,12,4,4,0,1,True,,True,2,False,4,True,False
2026100005,8884,,3,13,4,4,0,1,True,,True,2,False,4,True,False
2026100005,8884,,3,14,4,4,0,1,True,,False,3,True,4,True,False
2026100005,8884,,3,15,4,4,0,1,True,,True,2,False,4,True,False
2026100005,8884,,3,16,3,3,0,3,,,True,1,False,3,True,False
2026100005,8884,,3,17,4,3,-1,1,True,,False,,True,3,True,False
2026100005,8884,,3,18,5,5,0,1,True,,True,3,False,5,True,False
2026100005,8884,,4,1,4,5,1,1,True,,False,3,True,5,False,False
2026100005,8884,,4,2,3,3,0,3,,,True,1,False,3,True,False
2026100005,8884,,4,3,4,3,-1,1,True,,True,2,False,3,True,False
2026100005,8884,,4,4,5,5,0,1,True,,True,3,False,5,True,False
2026100005,8884,,4,5,3,3,0,3,,,True,1,False,3,True,False
2026100005,8884,,4,6,4,5,1,1,True,,False,3,True,5,False,False
2026100005,8884,,4,7,5,5,0,2,False,ROUGH,True,3,False,5,True,False
2026100005,8884,,4,8,4,5,1,1,True,,False,3,True,5,False,False
2026100005,8884,,4,9,4,6,2,2,False,ROUGH,False,3,True,6,False,False
2026100005,8884,,4,10,5,5,0,2,False,ROUGH,False,4,True,5,True,False
2026100005,8884,,4,11,3,3,0,3,,,True,1,False,3,True,False
2026100005,8884,,4,12,4,4,0,1,True,,True,2,False,4,True,False
2026100005,8884,,4,13,4,3,-1,1,True,,True,2,False,3,True,False
2026100005,8884,,4,14,4,6,2,1,True,,False,5,True,6,False,False
2026100005,8884,,4,15,4,3,-1,1,True,,True,2,False,3,True,False
2026100005,8884,,4,16,3,3,0,3,,,True,1,False,3,True,False
2026100005,8884,,4,17,4,3,-1,1,True,,True,2,False,3,True,False
2026100005,8884,,4,18,5,5,0,1,True,,True,3,False,5,True,False
2026100005,8972,,1,1,4,5,1,2,False,ROUGH,False,3,True,5,False,False
2026100005,8972,,1,2,3,3,0,3,,,True,1,False,3,True,False
2026100005,8972,,1,3,4,4,0,1,True,,False,3,True,4,True,False
2026100005,8972,,1,4,5,5,0,1,True,,True,3,False,5,True,False
2026100005,8972,,1,5,3,4,1,12,,,False,2,True,4,False,False
2026100005,8972,,1,6,4,5,1,2,False,ROUGH,False,3,True,5,False,False
2026100005,8972,,1,7,5,4,-1,2,False,ROUGH,True,3,False,4,True,False
2026100005,8972,,1,8,4,5,1,1,True,,False,3,True,5,False,False
2026100005,8972,,1,9,4,3,-1,1,True,,True,2,False,3,True,False
2026100005,8972,,1,10,5,6,1,2,False,ROUGH,False,5,True,6,False,False
2026100005,8972,,1,11,3,4,1,2,,,False,2,True,4,False,False
2026100005,8972,,1,12,4,4,0,1,True,,True,2,False,4,True,False
2026100005,8972,,1,13,4,4,0,1,True,,True,2,False,4,True,False
2026100005,8972,,1,14,4,4,0,1,True,,False,3,True,4,True,False
2026100005,8972,,1,15,4,4,0,1,True,,False,3,True,4,True,False
2026100005,8972,,1,16,3,4,1,2,,,False,2,True,4,False,False
2026100005,8972,,1,17,4,4,0,2,False,ROUGH,False,3,True,4,True,False
2026100005,8972,,1,18,5,6,1,2,False,ROUGH,False,5,True,6,False,False
2026100005,8972,,2,1,4,5,1,6,False,BUNKER,False,3,True,5,False,False
2026100005,8972,,2,2,3,3,0,3,,,True,1,False,3,True,False
2026100005,8972,,2,3,4,5,1,2,False,ROUGH,False,3,True,5,False,False
2026100005,8972,,2,4,5,6,1,2,False,ROUGH,False,5,True,6,False,False
2026100005,8972,,2,5,3,3,0,2,,,False,2,True,3,True,False
2026100005,8972,,2,6,4,5,1,2,False,ROUGH,False,4,True,5,False,False
2026100005,8972,,2,7,5,5,0,1,True,,True,3,False,5,True,False
2026100005,8972,,2,8,4,5,1,1,True,,False,4,True,5,False,False
2026100005,8972,,2,9,4,3,-1,2,False,ROUGH,True,2,False,3,True,False
2026100005,8972,,2,10,5,4,-1,1,True,,True,3,False,4,True,False
2026100005,8972,,2,11,3,3,0,2,,,False,2,True,3,True,False
2026100005,8972,,2,12,4,4,0,1,True,,False,3,True,4,True,False
2026100005,8972,,2,13,4,5,1,1,True,,True,2,False,5,False,False
2026100005,8972,,2,14,4,4,0,1,True,,False,3,True,4,True,False
2026100005,8972,,2,15,4,4,0,2,False,ROUGH,True,2,False,4,True,False
2026100005,8972,,2,16,3,3,0,3,,,True,1,False,3,True,False
2026100005,8972,,2,17,4,4,0,1,True,,True,2,False,4,True,False
2026100005,8972,,2,18,5,5,0,1,True,,True,3,False,5,True,False
2026100005,9000,,1,1,4,5,1,1,True,,False,3,True,5,False,False
2026100005,9000,,1,2,3,3,0,3,,,True,1,False,3,True,False
2026100005,9000,,1,3,4,3,-1,1,True,,True,2,False,3,True,False
2026100005,9000,,1,4,5,5,0,2,False,ROUGH,False,4,True,5,True,False
2026100005,9000,,1,5,3,3,0,12,,,False,2,True,3,True,False
2026100005,9000,,1,6,4,5,1,1,True,,False,3,True,5,False,False
2026100005,9000,,1,7,5,4,-1,1,True,,True,3,False,4,True,False
2026100005,9000,,1,8,4,6,2,2,False,ROUGH,False,4,True,6,False,False
2026100005,9000,,1,9,4,4,0,1,True,,True,2,False,4,True,False
2026100005,9000,,1,10,5,5,0,1,True,,True,3,False,5,True,False
2026100005,9000,,1,11,3,3,0,12,,,False,2,True,3,True,False
2026100005,9000,,1,12,4,4,0,2,False,ROUGH,False,3,True,4,True,False
2026100005,9000,,1,13,4,4,0,1,True,,True,2,False,4,True,False
2026100005,9000,,1,14,4,4,0,1,True,,True,2,False,4,True,False
2026100005,9000,,1,15,4,3,-1,2,False,ROUGH,True,2,False,3,True,False
2026100005,9000,,1,16,3,2,-1,3,,,True,1,False,2,True,False
2026100005,9000,,1,17,4,4,0,2,False,ROUGH,True,2,False,4,True,False
2026100005,9000,,1,18,5,4,-1,2,False,ROUGH,True,3,False,4,True,False
2026100005,9000,,2,1,4,5,1,1,True,,False,3,True,5,False,False
2026100005,9000,,2,2,3,2,-1,3,,,True,1,False,2,True,False
2026100005,9000,,2,3,4,5,1,1,True,,False,3,True,5,False,False
2026100005,9000,,2,4,5,5,0,1,True,,True,3,False,5,True,False
2026100005,9000,,2,5,3,3,0,9,,,False,2,True,3,True,False
2026100005,9000,,2,6,4,4,0,1,True,,False,3,True,4,True,False
2026100005,9000,,2,7,5,5,0,1,True,,True,3,False,5,True,False
2026100005,9000,,2,8,4,5,1,1,True,,False,3,True,5,False,False
2026100005,9000,,2,9,4,4,0,2,False,ROUGH,True,2,False,4,True,False
2026100005,9000,,2,10,5,5,0,1,True,,True,3,False,5,True,False
2026100005,9000,,2,11,3,3,0,3,,,True,1,False,3,True,False
2026100005,9000,,2,12,4,5,1,1,True,,False,3,True,5,False,False
2026100005,9000,,2,13,4,4,0,1,True,,True,2,False,4,True,False
2026100005,9000,,2,14,4,3,-1,1,True,,True,2,False,3,True,False
2026100005,9000,,2,15,4,5,1,2,False,ROUGH,False,3,True,5,False,False
2026100005,9000,,2,16,3,3,0,3,,,True,1,False,3,True,False
2026100005,9000,,2,17,4,4,0,1,True,,True,2,False,4,True,False
2026100005,9000,,2,18,5,4,-1,2,False,ROUGH,True,3,False,4,True,False
2026100005,9000,,3,1,4,4,0,1,True,,False,3,True,4,True,False
2026100005,9000,,3,2,3,4,1,3,,,True,1,False,4,False,False
2026100005,9000,,3,3,4,4,0,1,True,,True,2,False,4,True,False
2026100005,9000,,3,4,5,5,0,1,True,,False,4,True,5,True,False
2026100005,9000,,3,5,3,3,0,3,,,True,1,False,3,True,False
2026100005,9000,,3,6,4,4,0,1,True,,True,2,False,4,True,False
2026100005,9000,,3,7,5,4,-1,1,True,,True,3,False,4,True,False
2026100005,9000,,3,8,4,4,0,1,True,,False,3,True,4,True,False
2026100005,9000,,3,9,4,5,1,2,False,ROUGH,False,4,True,5,False,False
2026100005,9000,,3,10,5,5,0,1,True,,True,3,False,5,True,False
2026100005,9000,,3,11,3,3,0,3,,,True,1,False,3,True,False
2026100005,9000,,3,12,4,3,-1,1,True,,True,2,False,3,True,False
2026100005,9000,,3,13,4,4,0,1,True,,False,3,True,4,True,False
2026100005,9000,,3,14,4,5,1,2,False,ROUGH,False,3,True,5,False,False
2026100005,9000,,3,15,4,4,0,1,True,,True,2,False,4,True,False
2026100005,9000,,3,16,3,3,0,3,,,True,1,False,3,True,False
2026100005,9000,,3,17,4,5,1,2,False,ROUGH,False,3,True,5,False,False
2026100005,9000,,3,18,5,5,0,2,False,ROUGH,False,4,True,5,True,False
2026100005,9000,,4,1,4,5,1,1,True,,False,3,True,5,False,False
2026100005,9000,,4,2,3,3,0,3,,,True,1,False,3,True,False
2026100005,9000,,4,3,4,3,-1,1,True,,True,2,False,3,True,False
2026100005,9000,,4,4,5,5,0,1,True,,True,3,False,5,True,False
2026100005,9000,,4,5,3,3,0,3,,,True,1,False,3,True,False
2026100005,9000,,4,6,4,4,0,1,True,,False,3,True,4,True,False
2026100005,9000,,4,7,5,5,0,1,True,,True,3,False,5,True,False
2026100005,9000,,4,8,4,4,0,2,False,ROUGH,True,2,False,4,True,False
2026100005,9000,,4,9,4,4,0,2,False,ROUGH,True,2,False,4,True,False
2026100005,9000,,4,10,5,5,0,1,True,,True,3,False,5,True,False
2026100005,9000,,4,11,3,4,1,3,,,True,1,False,4,False,False
2026100005,9000,,4,12,4,4,0,1,True,,False,3,True,4,True,False
2026100005,9000,,4,13,4,4,0,2,False,ROUGH,True,2,False,4,True,False
2026100005,9000,,4,14,4,4,0,1,True,,False,3,True,4,True,False
2026100005,9000,,4,15,4,4,0,2,False,ROUGH,False,3,True,4,True,False
2026100005,9000,,4,16,3,5,2,5,,,False,3,True,5,False,False
2026100005,9000,,4,17,4,4,0,1,True,,True,2,False,4,True,False
2026100005,9000,,4,18,5,6,1,2,False,ROUGH,False,4,True,6,False,False
2026100005,9082,,1,1,4,4,0,1,True,,False,3,True,4,True,False
2026100005,9082,,1,2,3,3,0,3,,,True,1,False,3,True,False
2026100005,9082,,1,3,4,4,0,1,True,,False,3,True,4,True,False
2026100005,9082,,1,4,5,4,-1,1,True,,True,3,False,4,True,False
2026100005,9082,,1,5,3,4,1,9,,,False,2,True,4,False,False
2026100005,9082,,1,6,4,7,3,7,False,OTHER,False,5,True,7,False,False
2026100005,9082,,1,7,5,5,0,1,True,,True,3,False,5,True,False
2026100005,9082,,1,8,4,4,0,2,False,ROUGH,False,3,True,4,True,False
2026100005,9082,,1,9,4,4,0,1,True,,True,2,False,4,True,False
2026100005,9082,,1,10,5,6,1,2,False,ROUGH,False,5,True,6,False,False
2026100005,9082,,1,11,3,3,0,2,,,False,2,True,3,True,False
2026100005,9082,,1,12,4,4,0,1,True,,True,2,False,4,True,False
2026100005,9082,,1,13,4,4,0,1,True,,True,2,False,4,True,False
2026100005,9082,,1,14,4,4,0,1,True,,False,3,True,4,True,False
2026100005,9082,,1,15,4,5,1,1,True,,True,2,False,5,False,False
2026100005,9082,,1,16,3,3,0,3,,,True,1,False,3,True,False
2026100005,9082,,1,17,4,3,-1,1,True,,True,2,False,3,True,False
2026100005,9082,,1,18,5,4,-1,1,True,,True,3,False,4,True,False
2026100005,9082,,2,1,4,4,0,1,True,,True,2,False,4,True,False
2026100005,9082,,2,2,3,3,0,3,,,True,1,False,3,True,False
2026100005,9082,,2,3,4,4,0,1,True,,True,2,False,4,True,False
2026100005,9082,,2,4,5,5,0,1,True,,True,3,False,5,True,False
2026100005,9082,,2,5,3,2,-1,3,,,True,1,False,2,True,False
2026100005,9082,,2,6,4,4,0,1,True,,True,2,False,4,True,False
2026100005,9082,,2,7,5,5,0,1,True,,True,3,False,5,True,False
2026100005,9082,,2,8,4,4,0,1,True,,False,3,True,4,True,False
2026100005,9082,,2,9,4,4,0,1,True,,True,2,False,4,True,False
2026100005,9082,,2,10,5,5,0,1,True,,True,3,False,5,True,False
2026100005,9082,,2,11,3,4,1,2,,,False,2,True,4,False,False
2026100005,9082,,2,12,4,4,0,2,False,ROUGH,False,3,True,4,True,False
2026100005,9082,,2,13,4,4,0,6,False,BUNKER,True,2,False,4,True,False
2026100005,9082,,2,14,4,5,1,1,True,,False,3,True,5,False,False
2026100005,9082,,2,15,4,3,-1,1,True,,True,2,False,3,True,False
2026100005,9082,,2,16,3,3,0,3,,,True,1,False,3,True,False
2026100005,9082,,2,17,4,4,0,2,False,ROUGH,True,2,False,4,True,False
2026100005,9082,,2,18,5,5,0,1,True,,True,3,False,5,True,False
2026100005,9082,,3,1,4,5,1,2,False,ROUGH,True,2,False,5,False,False
2026100005,9082,,3,2,3,3,0,3,,,True,1,False,3,True,False
2026100005,9082,,3,3,4,4,0,1,True,,False,3,True,4,True,False
2026100005,9082,,3,4,5,5,0,1,True,,True,3,False,5,True,False
2026100005,9082,,3,5,3,3,0,3,,,True,1,False,3,True,False
2026100005,9082,,3,6,4,4,0,2,False,ROUGH,True,2,False,4,True,False
2026100005,9082,,3,7,5,5,0,2,False,ROUGH,False,4,True,5,True,False
2026100005,9082,,3,8,4,5,1,2,False,ROUGH,False,3,True,5,False,False
2026100005,9082,,3,9,4,4,0,2,False,ROUGH,False,3,True,4,True,False
2026100005,9082,,3,10,5,4,-1,1,True,,True,3,False,4,True,False
2026100005,9082,,3,11,3,4,1,3,,,True,1,False,4,False,False
2026100005,9082,,3,12,4,3,-1,1,True,,True,2,False,3,True,False
2026100005,9082,,3,13,4,4,0,1,True,,False,3,True,4,True,False
2026100005,9082,,3,14,4,3,-1,1,True,,True,2,False,3,True,False
2026100005,9082,,3,15,4,5,1,2,False,ROUGH,False,3,True,5,False,False
2026100005,9082,,3,16,3,2,-1,3,,,True,1,False,2,True,False
2026100005,9082,,3,17,4,4,0,1,True,,True,2,False,4,True,False
2026100005,9082,,3,18,5,4,-1,2,False,ROUGH,True,3,False,4,True,False
2026100005,9082,,4,1,4,5,1,2,False,ROUGH,False,3,True,5,False,False
2026100005,9082,,4,2,3,3,0,12,,,False,2,True,3,True,False
2026100005,9082,,4,3,4,4,0,1,True,,True,2,False,4,True,False
2026100005,9082,,4,4,5,6,1,1,True,,False,4,True,6,False,False
2026100005,9082,,4,5,3,3,0,3,,,True,1,False,3,True,False
2026100005,9082,,4,6,4,4,0,1,True,,True,2,False,4,True,False
2026100005,9082,,4,7,5,5,0,1,True,,True,3,False,5,True,False
2026100005,9082,,4,8,4,5,1,1,True,,True,2,False,5,False,False
2026100005,9082,,4,9,4,4,0,1,True,,True,2,False,4,True,False
2026100005,9082,,4,10,5,4,-1,1,True,,False,,True,4,True,False
2026100005,9082,,4,11,3,3,0,3,,,True,1,False,3,True,False
2026100005,9082,,4,12,4,4,0,1,True,,False,3,True,4,True,False
2026100005,9082,,4,13,4,5,1,1,True,,False,3,True,5,False,False
2026100005,9082,,4,14,4,4,0,1,True,,False,3,True,4,True,False
2026100005,9082,,4,15,4,4,0,1,True,,True,2,False,4,True,False
2026100005,9082,,4,16,3,3,0,3,,,True,1,False,3,True,False
2026100005,9082,,4,17,4,4,0,1,True,,True,2,False,4,True,False
2026100005,9082,,4,18,5,6,1,1,True,,False,4,True,6,False,False
2026100005,9089,,1,1,4,4,0,1,True,,False,3,True,4,True,False
2026100005,9089,,1,2,3,3,0,3,,,True,1,False,3,True,False
2026100005,9089,,1,3,4,5,1,1,True,,False,3,True,5,False,False
2026100005,9089,,1,4,5,5,0,2,False,ROUGH,False,4,True,5,True,False
2026100005,9089,,1,5,3,3,0,12,,,False,2,True,3,True,False
2026100005,9089,,1,6,4,4,0,1,True,,True,2,False,4,True,False
2026100005,9089,,1,7,5,5,0,1,True,,True,3,False,5,True,False
2026100005,9089,,1,8,4,5,1,2,False,ROUGH,False,3,True,5,False,False
2026100005,9089,,1,9,4,4,0,2,False,ROUGH,True,2,False,4,True,False
2026100005,9089,,1,10,5,5,0,2,False,ROUGH,True,3,False,5,True,False
2026100005,9089,,1,11,3,3,0,3,,,True,1,False,3,True,False
2026100005,9089,,1,12,4,5,1,2,False,ROUGH,False,4,True,5,False,False
2026100005,9089,,1,13,4,4,0,2,False,ROUGH,True,2,False,4,True,False
2026100005,9089,,1,14,4,5,1,2,False,ROUGH,True,2,False,5,False,False
2026100005,9089,,1,15,4,4,0,1,True,,True,2,False,4,True,False
2026100005,9089,,1,16,3,2,-1,3,,,True,1,False,2,True,False
2026100005,9089,,1,17,4,4,0,1,True,,False,3,True,4,True,False
2026100005,9089,,1,18,5,4,-1,1,True,,True,3,False,4,True,False
2026100005,9089,,2,1,4,4,0,2,False,ROUGH,True,2,False,4,True,False
2026100005,9089,,2,2,3,2,-1,3,,,True,1,False,2,True,False
2026100005,9089,,2,3,4,4,0,1,True,,False,3,True,4,True,False
2026100005,9089,,2,4,5,4,-1,1,True,,True,3,False,4,True,False
2026100005,9089,,2,5,3,3,0,3,,,True,1,False,3,True,False
2026100005,9089,,2,6,4,4,0,2,False,ROUGH,True,2,False,4,True,False
2026100005,9089,,2,7,5,6,1,1,True,,False,4,True,6,False,False
2026100005,9089,,2,8,4,5,1,2,False,ROUGH,False,3,True,5,False,False
2026100005,9089,,2,9,4,3,-1,1,True,,True,2,False,3,True,False
2026100005,9089,,2,10,5,4,-1,1,True,,True,3,False,4,True,False
2026100005,9089,,2,11,3,3,0,3,,,True,1,False,3,True,False
2026100005,9089,,2,12,4,4,0,2,False,ROUGH,False,3,True,4,True,False
2026100005,9089,,2,13,4,4,0,1,True,,True,2,False,4,True,False
2026100005,9089,,2,14,4,4,0,1,True,,True,2,False,4,True,False
2026100005,9089,,2,15,4,5,1,1,True,,True,2,False,5,False,False
2026100005,9089,,2,16,3,2,-1,3,,,True,1,False,2,True,False
2026100005,9089,,2,17,4,5,1,2,False,ROUGH,False,4,True,5,False,False
2026100005,9089,,2,18,5,5,0,1,True,,True,3,False,5,True,False
2026100005,9089,,3,1,4,4,0,2,False,ROUGH,True,2,False,4,True,False
2026100005,9089,,3,2,3,2,-1,3,,,True,1,False,2,True,False
2026100005,9089,,3,3,4,4,0,2,False,ROUGH,True,2,False,4,True,False
2026100005,9089,,3,4,5,4,-1,1,True,,True,3,False,4,True,False
2026100005,9089,,3,5,3,3,0,3,,,True,1,False,3,True,False
2026100005,9089,,3,6,4,4,0,1,True,,True,2,False,4,True,False
2026100005,9089,,3,7,5,6,1,6,False,BUNKER,False,4,True,6,False,False
2026100005,9089,,3,8,4,4,0,1,True,,False,3,True,4,True,False
2026100005,9089,,3,9,4,4,0,1,True,,True,2,False,4,True,False
2026100005,9089,,3,10,5,6,1,1,True,,True,3,False,6,False,False
2026100005,9089,,3,11,3,3,0,3,,,True,1,False,3,True,False
2026100005,9089,,3,12,4,4,0,1,True,,True,2,False,4,True,False
2026100005,9089,,3,13,4,4,0,1,True,,True,2,False,4,True,False
2026100005,9089,,3,14,4,5,1,2,False,ROUGH,True,2,False,5,False,False
2026100005,9089,,3,15,4,5,1,2,False,ROUGH,False,3,True,5,False,False
2026100005,9089,,3,16,3,3,0,3,,,True,1,False,3,True,False
2026100005,9089,,3,17,4,4,0,1,True,,True,2,False,4,True,False
2026100005,9089,,3,18,5,5,0,2,False,ROUGH,True,3,False,5,True,False
2026100005,9089,,4,1,4,4,0,2,False,ROUGH,True,2,False,4,True,False
2026100005,9089,,4,2,3,4,1,2,,,False,2,True,4,False,False
2026100005,9089,,4,3,4,4,0,1,True,,False,3,True,4,True,False
2026100005,9089,,4,4,5,5,0,1,True,,True,3,False,5,True,False
2026100005,9089,,4,5,3,3,0,2,,,False,2,True,3,True,False
2026100005,9089,,4,6,4,4,0,2,False,ROUGH,True,2,False,4,True,False
2026100005,9089,,4,7,5,4,-1,2,False,ROUGH,True,3,False,4,True,False
2026100005,9089,,4,8,4,3,-1,1,True,,True,2,False,3,True,False
2026100005,9089,,4,9,4,4,0,2,False,ROUGH,False,3,True,4,True,False
2026100005,9089,,4,10,5,5,0,1,True,,True,3,False,5,True,False
2026100005,9089,,4,11,3,3,0,3,,,True,1,False,3,True,False
2026100005,9089,,4,12,4,4,0,1,True,,True,2,False,4,True,False
2026100005,9089,,4,13,4,4,0,2,False,ROUGH,False,3,True,4,True,False
2026100005,9089,,4,14,4,4,0,1,True,,False,3,True,4,True,False
2026100005,9089,,4,15,4,4,0,1,True,,False,3,True,4,True,False
2026100005,9089,,4,16,3,4,1,3,,,True,1,False,4,False,False
2026100005,9089,,4,17,4,4,0,6,False,BUNKER,True,2,False,4,True,False
2026100005,9089,,4,18,5,4,-1,2,False,ROUGH,True,3,False,4,True,False
2026100005,9111,,1,1,4,3,-1,1,True,,True,2,False,3,True,False
2026100005,9111,,1,2,3,3,0,3,,,True,1,False,3,True,False
2026100005,9111,,1,3,4,6,2,1,True,,False,4,True,6,False,False
2026100005,9111,,1,4,5,5,0,1,True,,True,3,False,5,True,False
2026100005,9111,,1,5,3,3,0,3,,,True,1,False,3,True,False
2026100005,9111,,1,6,4,5,1,1,True,,False,3,True,5,False,False
2026100005,9111,,1,7,5,5,0,1,True,,True,3,False,5,True,False
2026100005,9111,,1,8,4,5,1,2,False,ROUGH,False,3,True,5,False,False
2026100005,9111,,1,9,4,4,0,1,True,,False,3,True,4,True,False
2026100005,9111,,1,10,5,5,0,2,False,ROUGH,False,4,True,5,True,False
2026100005,9111,,1,11,3,3,0,3,,,True,1,False,3,True,False
2026100005,9111,,1,12,4,4,0,2,False,ROUGH,False,,True,4,True,False
2026100005,9111,,1,13,4,5,1,6,False,BUNKER,False,3,True,5,False,False
2026100005,9111,,1,14,4,4,0,1,True,,True,2,False,4,True,False
2026100005,9111,,1,15,4,5,1,1,True,,False,3,True,5,False,False
2026100005,9111,,1,16,3,2,-1,3,,,True,1,False,2,True,False
2026100005,9111,,1,17,4,4,0,1,True,,True,2,False,4,True,False
2026100005,9111,,1,18,5,4,-1,2,False,ROUGH,True,3,False,4,True,False
2026100005,9111,,2,1,4,4,0,1,True,,True,2,False,4,True,False
2026100005,9111,,2,2,3,3,0,3,,,True,1,False,3,True,False
2026100005,9111,,2,3,4,4,0,1,True,,True,2,False,4,True,False
2026100005,9111,,2,4,5,6,1,2,False,ROUGH,False,4,True,6,False,False
2026100005,9111,,2,5,3,4,1,12,,,False,2,True,4,False,False
2026100005,9111,,2,6,4,4,0,1,True,,True,2,False,4,True,False
2026100005,9111,,2,7,5,5,0,2,False,ROUGH,True,3,False,5,True,False
2026100005,9111,,2,8,4,4,0,2,False,ROUGH,False,3,True,4,True,False
2026100005,9111,,2,9,4,4,0,2,False,ROUGH,True,2,False,4,True,False
2026100005,9111,,2,10,5,5,0,2,False,ROUGH,True,3,False,5,True,False
2026100005,9111,,2,11,3,4,1,2,,,False,3,True,4,False,False
2026100005,9111,,2,12,4,6,2,2,False,ROUGH,False,3,True,6,False,False
2026100005,9111,,2,13,4,4,0,6,False,BUNKER,False,3,True,4,True,False
2026100005,9111,,2,14,4,5,1,1,True,,False,4,True,5,False,False
2026100005,9111,,2,15,4,4,0,1,True,,True,2,False,4,True,False
2026100005,9111,,2,16,3,3,0,3,,,True,1,False,3,True,False
2026100005,9111,,2,17,4,4,0,2,False,ROUGH,True,2,False,4,True,False
2026100005,9111,,2,18,5,5,0,2,False,ROUGH,True,3,False,5,True,False
2026100005,9111,,3,1,4,4,0,2,False,ROUGH,True,2,False,4,True,False
2026100005,9111,,3,2,3,3,0,12,,,False,2,True,3,True,False
2026100005,9111,,3,3,4,5,1,1,True,,False,3,True,5,False,False
2026100005,9111,,3,4,5,5,0,1,True,,True,3,False,5,True,False
2026100005,9111,,3,5,3,3,0,3,,,True,1,False,3,True,False
2026100005,9111,,3,6,4,4,0,1,True,,True,2,False,4,True,False
2026100005,9111,,3,7,5,5,0,1,True,,False,4,True,5,True,False
2026100005,9111,,3,8,4,7,3,1,True,,False,6,True,7,False,False
2026100005,9111,,3,9,4,6,2,1,True,,False,4,True,6,False,False
2026100005,9111,,3,10,5,6,1,2,False,ROUGH,True,3,False,6,False,False
2026100005,9111,,3,11,3,3,0,2,,,False,2,True,3,True,False
2026100005,9111,,3,12,4,4,0,2,False,ROUGH,True,2,False,4,True,False
2026100005,9111,,3,13,4,5,1,1,True,,True,2,False,5,False,False
2026100005,9111,,3,14,4,4,0,1,True,,True,2,False,4,True,False
2026100005,9111,,3,15,4,5,1,2,False,ROUGH,True,2,False,5,False,False
2026100005,9111,,3,16,3,3,0,3,,,True,1,False,3,True,False
2026100005,9111,,3,17,4,4,0,1,True,,False,3,True,4,True,False
2026100005,9111,,3,18,5,5,0,2,False,ROUGH,False,4,True,5,True,False
2026100005,9111,,4,1,4,4,0,1,True,,True,2,False,4,True,False
2026100005,9111,,4,2,3,3,0,12,,,False,2,True,3,True,False
2026100005,9111,,4,3,4,5,1,1,True,,True,2,False,5,False,False
2026100005,9111,,4,4,5,6,1,1,True,,True,3,False,6,False,False
2026100005,9111,,4,5,3,3,0,3,,,True,1,False,3,True,False
2026100005,9111,,4,6,4,4,0,2,False,ROUGH,False,3,True,4,True,False
2026100005,9111,,4,7,5,4,-1,1,True,,True,3,False,4,True,False
2026100005,9111,,4,8,4,4,0,1,True,,True,2,False,4,True,False
2026100005,9111,,4,9,4,6,2,2,False,ROUGH,True,2,False,6,False,False
2026100005,9111,,4,10,5,6,1,2,False,ROUGH,False,4,True,6,False,False
2026100005,9111,,4,11,3,3,0,3,,,True,1,False,3,True,False
2026100005,9111,,4,12,4,5,1,2,False,ROUGH,False,3,True,5,False,False
2026100005,9111,,4,13,4,4,0,1,True,,False,3,True,4,True,False
2026100005,9111,,4,14,4,5,1,2,False,ROUGH,False,3,True,5,False,False
2026100005,9111,,4,15,4,4,0,1,True,,True,2,False,4,True,False
2026100005,9111,,4,16,3,3,0,3,,,True,1,False,3,True,False
2026100005,9111,,4,17,4,5,1,1,True,,True,2,False,5,False,False
2026100005,9111,,4,18,5,6,1,2,False,ROUGH,False,4,True,6,False,False
2026100005,9113,,1,1,4,4,0,1,True,,True,2,False,4,True,False
2026100005,9113,,1,2,3,4,1,5,,,False,3,True,4,False,False
2026100005,9113,,1,3,4,4,0,1,True,,True,2,False,4,True,False
2026100005,9113,,1,4,5,5,0,1,True,,False,4,True,5,True,False
2026100005,9113,,1,5,3,5,2,2,,,False,4,True,5,False,False
2026100005,9113,,1,6,4,4,0,1,True,,True,2,False,4,True,False
2026100005,9113,,1,7,5,5,0,1,True,,True,3,False,5,True,False
2026100005,9113,,1,8,4,3,-1,1,True,,True,2,False,3,True,False
2026100005,9113,,1,9,4,4,0,1,True,,True,2,False,4,True,False
2026100005,9113,,1,10,5,5,0,2,False,ROUGH,True,3,False,5,True,False
2026100005,9113,,1,11,3,3,0,3,,,True,1,False,3,True,False
2026100005,9113,,1,12,4,5,1,2,False,ROUGH,False,3,True,5,False,False
2026100005,9113,,1,13,4,5,1,1,True,,False,3,True,5,False,False
2026100005,9113,,1,14,4,5,1,2,False,ROUGH,False,3,True,5,False,False
2026100005,9113,,1,15,4,5,1,2,False,ROUGH,False,3,True,5,False,False
2026100005,9113,,1,16,3,3,0,3,,,True,1,False,3,True,False
2026100005,9113,,1,17,4,4,0,1,True,,False,3,True,4,True,False
2026100005,9113,,1,18,5,4,-1,2,False,ROUGH,True,3,False,4,True,False
2026100005,9113,,2,1,4,3,-1,2,False,ROUGH,True,2,False,3,True,False
2026100005,9113,,2,2,3,4,1,3,,,True,1,False,4,False,False
2026100005,9113,,2,3,4,4,0,1,True,,False,3,True,4,True,False
2026100005,9113,,2,4,5,6,1,2,False,ROUGH,False,4,True,6,False,False
2026100005,9113,,2,5,3,3,0,3,,,True,1,False,3,True,False
2026100005,9113,,2,6,4,5,1,1,True,,False,3,True,5,False,False
2026100005,9113,,2,7,5,5,0,2,False,ROUGH,True,3,False,5,True,False
2026100005,9113,,2,8,4,4,0,1,True,,True,2,False,4,True,False
2026100005,9113,,2,9,4,6,2,2,False,ROUGH,False,4,True,6,False,False
2026100005,9113,,2,10,5,4,-1,2,False,ROUGH,True,3,False,4,True,False
2026100005,9113,,2,11,3,3,0,2,,,False,2,True,3,True,False
2026100005,9113,,2,12,4,4,0,1,True,,True,2,False,4,True,False
2026100005,9113,,2,13,4,4,0,2,False,ROUGH,True,2,False,4,True,False
2026100005,9113,,2,14,4,4,0,1,True,,True,2,False,4,True,False
2026100005,9113,,2,15,4,4,0,1,True,,True,2,False,4,True,False
2026100005,9113,,2,16,3,2,-1,3,,,True,1,False,2,True,False
2026100005,9113,,2,17,4,4,0,1,True,,True,2,False,4,True,False
2026100005,9113,,2,18,5,5,0,1,True,,True,3,False,5,True,False
2026100005,9113,,3,1,4,4,0,1,True,,True,2,False,4,True,False
2026100005,9113,,3,2,3,4,1,3,,,True,1,False,4,False,False
2026100005,9113,,3,3,4,4,0,1,True,,True,2,False,4,True,False
2026100005,9113,,3,4,5,5,0,1,True,,True,3,False,5,True,False
2026100005,9113,,3,5,3,2,-1,3,,,True,1,False,2,True,False
2026100005,9113,,3,6,4,4,0,1,True,,True,2,False,4,True,False
2026100005,9113,,3,7,5,5,0,1,True,,True,3,False,5,True,False
2026100005,9113,,3,8,4,4,0,2,False,ROUGH,True,2,False,4,True,False
2026100005,9113,,3,9,4,4,0,1,True,,True,2,False,4,True,False
2026100005,9113,,3,10,5,5,0,1,True,,True,3,False,5,True,False
2026100005,9113,,3,11,3,3,0,3,,,True,1,False,3,True,False
2026100005,9113,,3,12,4,4,0,2,False,ROUGH,False,3,True,4,True,False
2026100005,9113,,3,13,4,3,-1,1,True,,True,2,False,3,True,False
2026100005,9113,,3,14,4,4,0,1,True,,False,3,True,4,True,False
2026100005,9113,,3,15,4,5,1,1,True,,False,3,True,5,False,False
2026100005,9113,,3,16,3,3,0,3,,,True,1,False,3,True,False
2026100005,9113,,3,17,4,4,0,1,True,,True,2,False,4,True,False
2026100005,9113,,3,18,5,5,0,1,True,,True,3,False,5,True,False
2026100005,9113,,4,1,4,5,1,2,False,ROUGH,False,3,True,5,False,False
2026100005,9113,,4,2,3,3,0,3,,,True,1,False,3,True,False
2026100005,9113,,4,3,4,5,1,1,True,,False,3,True,5,False,False
2026100005,9113,,4,4,5,5,0,1,True,,True,3,False,5,True,False
2026100005,9113,,4,5,3,2,-1,3,,,True,1,False,2,True,False
2026100005,9113,,4,6,4,4,0,2,False,ROUGH,False,3,True,4,True,False
2026100005,9113,,4,7,5,5,0,1,True,,False,4,True,5,True,False
2026100005,9113,,4,8,4,4,0,2,False,ROUGH,False,3,True,4,True,False
2026100005,9113,,4,9,4,4,0,1,True,,False,3,True,4,True,False
2026100005,9113,,4,10,5,5,0,1,True,,True,3,False,5,True,False
2026100005,9113,,4,11,3,3,0,3,,,True,1,False,3,True,False
2026100005,9113,,4,12,4,4,0,1,True,,True,2,False,4,True,False
2026100005,9113,,4,13,4,3,-1,1,True,,True,2,False,3,True,False
2026100005,9113,,4,14,4,4,0,1,True,,False,3,True,4,True,False
2026100005,9113,,4,15,4,4,0,1,True,,False,3,True,4,True,False
2026100005,9113,,4,16,3,3,0,3,,,True,1,False,3,True,False
2026100005,9113,,4,17,4,4,0,1,True,,True,2,False,4,True,False
2026100005,9113,,4,18,5,4,-1,1,True,,True,3,False,4,True,False
2026100005,9115,,1,1,4,4,0,6,False,BUNKER,True,2,False,4,True,False
2026100005,9115,,1,2,3,2,-1,3,,,True,1,False,2,True,False
2026100005,9115,,1,3,4,4,0,1,True,,False,3,True,4,True,False
2026100005,9115,,1,4,5,5,0,1,True,,True,3,False,5,True,False
2026100005,9115,,1,5,3,3,0,12,,,False,2,True,3,True,False
2026100005,9115,,1,6,4,4,0,2,False,ROUGH,False,3,True,4,True,False
2026100005,9115,,1,7,5,5,0,2,False,ROUGH,True,3,False,5,True,False
2026100005,9115,,1,8,4,3,-1,1,True,,True,2,False,3,True,False
2026100005,9115,,1,9,4,4,0,2,False,ROUGH,False,3,True,4,True,False
2026100005,9115,,1,10,5,6,1,1,True,,False,4,True,6,False,False
2026100005,9115,,1,11,3,3,0,2,,,False,2,True,3,True,False
2026100005,9115,,1,12,4,4,0,1,True,,True,2,False,4,True,False
2026100005,9115,,1,13,4,4,0,1,True,,True,2,False,4,True,False
2026100005,9115,,1,14,4,5,1,1,True,,True,2,False,5,False,False
2026100005,9115,,1,15,4,4,0,1,True,,True,2,False,4,True,False
2026100005,9115,,1,16,3,4,1,3,,,True,1,False,4,False,False
2026100005,9115,,1,17,4,4,0,1,True,,False,3,True,4,True,False
2026100005,9115,,1,18,5,5,0,2,False,ROUGH,False,4,True,5,True,False
2026100005,9115,,2,1,4,4,0,6,False,BUNKER,False,3,True,4,True,False
2026100005,9115,,2,2,3,2,-1,3,,,True,1,False,2,True,False
2026100005,9115,,2,3,4,5,1,1,True,,False,3,True,5,False,False
2026100005,9115,,2,4,5,5,0,1,True,,True,3,False,5,True,False
2026100005,9115,,2,5,3,3,0,3,,,True,1,False,3,True,False
2026100005,9115,,2,6,4,3,-1,1,True,,True,2,False,3,True,False
2026100005,9115,,2,7,5,4,-1,2,False,ROUGH,True,3,False,4,True,False
2026100005,9115,,2,8,4,4,0,1,True,,True,2,False,4,True,False
2026100005,9115,,2,9,4,3,-1,1,True,,True,2,False,3,True,False
2026100005,9115,,2,10,5,5,0,1,True,,True,3,False,5,True,False
2026100005,9115,,2,11,3,2,-1,3,,,True,1,False,2,True,False
2026100005,9115,,2,12,4,6,2,2,False,ROUGH,False,4,True,6,False,False
2026100005,9115,,2,13,4,4,0,1,True,,True,2,False,4,True,False
2026100005,9115,,2,14,4,4,0,1,True,,True,2,False,4,True,False
2026100005,9115,,2,15,4,3,-1,1,True,,True,2,False,3,True,False
2026100005,9115,,2,16,3,3,0,3,,,True,1,False,3,True,False
2026100005,9115,,2,17,4,4,0,1,True,,True,2,False,4,True,False
2026100005,9115,,2,18,5,5,0,2,False,ROUGH,True,3,False,5,True,False
2026100005,9115,,3,1,4,4,0,1,True,,True,2,False,4,True,False
2026100005,9115,,3,2,3,2,-1,3,,,True,1,False,2,True,False
2026100005,9115,,3,3,4,5,1,2,False,ROUGH,False,4,True,5,False,False
2026100005,9115,,3,4,5,5,0,1,True,,True,3,False,5,True,False
2026100005,9115,,3,5,3,3,0,3,,,True,1,False,3,True,False
2026100005,9115,,3,6,4,5,1,7,False,OTHER,False,4,True,5,False,False
2026100005,9115,,3,7,5,5,0,6,False,BUNKER,True,3,False,5,True,False
2026100005,9115,,3,8,4,4,0,1,True,,True,2,False,4,True,False
2026100005,9115,,3,9,4,5,1,1,True,,True,2,False,5,False,False
2026100005,9115,,3,10,5,5,0,1,True,,True,3,False,5,True,False
2026100005,9115,,3,11,3,3,0,3,,,True,1,False,3,True,False
2026100005,9115,,3,12,4,4,0,2,False,ROUGH,False,3,True,4,True,False
2026100005,9115,,3,13,4,4,0,1,True,,True,2,False,4,True,False
2026100005,9115,,3,14,4,4,0,1,True,,True,2,False,4,True,False
2026100005,9115,,3,15,4,5,1,1,True,,False,3,True,5,False,False
2026100005,9115,,3,16,3,3,0,3,,,True,1,False,3,True,False
2026100005,9115,,3,17,4,3,-1,6,False,BUNKER,True,2,False,3,True,False
2026100005,9115,,3,18,5,4,-1,1,True,,True,3,False,4,True,False
2026100005,9115,,4,1,4,4,0,1,True,,True,2,False,4,True,False
2026100005,9115,,4,2,3,3,0,3,,,True,1,False,3,True,False
2026100005,9115,,4,3,4,4,0,2,False,ROUGH,False,3,True,4,True,False
2026100005,9115,,4,4,5,4,-1,1,True,,True,3,False,4,True,False
2026100005,9115,,4,5,3,3,0,3,,,True,1,False,3,True,False
2026100005,9115,,4,6,4,3,-1,1,True,,True,2,False,3,True,False
2026100005,9115,,4,7,5,5,0,1,True,,True,3,False,5,True,False
2026100005,9115,,4,8,4,4,0,2,False,ROUGH,False,3,True,4,True,False
2026100005,9115,,4,9,4,4,0,2,False,ROUGH,True,2,False,4,True,False
2026100005,9115,,4,10,5,4,-1,1,True,,True,3,False,4,True,False
2026100005,9115,,4,11,3,3,0,3,,,True,1,False,3,True,False
2026100005,9115,,4,12,4,4,0,1,True,,False,3,True,4,True,False
2026100005,9115,,4,13,4,4,0,1,True,,True,2,False,4,True,False
2026100005,9115,,4,14,4,5,1,2,False,ROUGH,True,2,False,5,False,False
2026100005,9115,,4,15,4,4,0,2,False,ROUGH,True,2,False,4,True,False
2026100005,9115,,4,16,3,2,-1,3,,,True,1,False,2,True,False
2026100005,9115,,4,17,4,4,0,1,True,,True,2,False,4,True,False
2026100005,9115,,4,18,5,5,0,6,False,BUNKER,False,4,True,5,True,False
2026100005,9130,,1,1,4,4,0,2,False,ROUGH,False,3,True,4,True,False
2026100005,9130,,1,2,3,3,0,2,,,False,2,True,3,True,False
2026100005,9130,,1,3,4,5,1,1,True,,False,3,True,5,False,False
2026100005,9130,,1,4,5,4,-1,1,True,,False,,True,4,True,False
2026100005,9130,,1,5,3,2,-1,3,,,True,1,False,2,True,False
2026100005,9130,,1,6,4,5,1,2,False,ROUGH,False,3,True,5,False,False
2026100005,9130,,1,7,5,5,0,1,True,,True,3,False,5,True,False
2026100005,9130,,1,8,4,3,-1,1,True,,False,,True,3,True,False
2026100005,9130,,1,9,4,4,0,1,True,,True,2,False,4,True,False
2026100005,9130,,1,10,5,7,2,1,True,,False,4,True,7,False,False
2026100005,9130,,1,11,3,2,-1,3,,,True,1,False,2,True,False
2026100005,9130,,1,12,4,4,0,2,False,ROUGH,True,2,False,4,True,False
2026100005,9130,,1,13,4,4,0,1,True,,True,2,False,4,True,False
2026100005,9130,,1,14,4,4,0,1,True,,True,2,False,4,True,False
2026100005,9130,,1,15,4,5,1,2,False,ROUGH,False,3,True,5,False,False
2026100005,9130,,1,16,3,5,2,2,,,False,4,True,5,False,False
2026100005,9130,,1,17,4,5,1,1,True,,False,3,True,5,False,False
2026100005,9130,,1,18,5,5,0,6,False,BUNKER,False,4,True,5,True,False
2026100005,9130,,2,1,4,5,1,6,False,BUNKER,False,3,True,5,False,False
2026100005,9130,,2,2,3,3,0,3,,,True,1,False,3,True,False
2026100005,9130,,2,3,4,4,0,1,True,,True,2,False,4,True,False
2026100005,9130,,2,4,5,5,0,1,True,,True,3,False,5,True,False
2026100005,9130,,2,5,3,4,1,2,,,False,2,True,4,False,False
2026100005,9130,,2,6,4,4,0,1,True,,False,3,True,4,True,False
2026100005,9130,,2,7,5,5,0,2,False,ROUGH,True,3,False,5,True,False
2026100005,9130,,2,8,4,6,2,1,True,,False,4,True,6,False,False
2026100005,9130,,2,9,4,5,1,2,False,ROUGH,False,4,True,5,False,False
2026100005,9130,,2,10,5,5,0,1,True,,True,3,False,5,True,False
2026100005,9130,,2,11,3,4,1,2,,,False,3,True,4,False,False
2026100005,9130,,2,12,4,5,1,2,False,ROUGH,False,3,True,5,False,False
2026100005,9130,,2,13,4,3,-1,1,True,,True,2,False,3,True,False
2026100005,9130,,2,14,4,4,0,1,True,,True,2,False,4,True,False
2026100005,9130,,2,15,4,5,1,1,True,,False,3,True,5,False,False
2026100005,9130,,2,16,3,2,-1,3,,,True,1,False,2,True,False
2026100005,9130,,2,17,4,4,0,1,True,,True,2,False,4,True,False
2026100005,9130,,2,18,5,5,0,1,True,,True,3,False,5,True,False
2026100005,9134,,1,1,4,4,0,1,True,,True,2,False,4,True,False
2026100005,9134,,1,2,3,3,0,3,,,True,1,False,3,True,False
2026100005,9134,,1,3,4,4,0,1,True,,False,3,True,4,True,False
2026100005,9134,,1,4,5,5,0,2,False,ROUGH,True,3,False,5,True,False
2026100005,9134,,1,5,3,3,0,3,,,True,1,False,3,True,False
2026100005,9134,,1,6,4,4,0,1,True,,False,3,True,4,True,False
2026100005,9134,,1,7,5,5,0,1,True,,True,3,False,5,True,False
2026100005,9134,,1,8,4,4,0,1,True,,True,2,False,4,True,False
2026100005,9134,,1,9,4,4,0,2,False,ROUGH,True,2,False,4,True,False
2026100005,9134,,1,10,5,5,0,1,True,,True,3,False,5,True,False
2026100005,9134,,1,11,3,4,1,3,,,True,1,False,4,False,False
2026100005,9134,,1,12,4,4,0,1,True,,True,2,False,4,True,False
2026100005,9134,,1,13,4,4,0,2,False,ROUGH,False,3,True,4,True,False
2026100005,9134,,1,14,4,4,0,1,True,,False,3,True,4,True,False
2026100005,9134,,1,15,4,4,0,2,False,ROUGH,False,3,True,4,True,False
2026100005,9134,,1,16,3,2,-1,3,,,True,1,False,2,True,False
2026100005,9134,,1,17,4,3,-1,1,True,,True,2,False,3,True,False
2026100005,9134,,1,18,5,5,0,1,True,,True,3,False,5,True,False
2026100005,9134,,2,1,4,4,0,2,False,ROUGH,False,3,True,4,True,False
2026100005,9134,,2,2,3,3,0,3,,,True,1,False,3,True,False
2026100005,9134,,2,3,4,3,-1,2,False,ROUGH,False,,True,3,True,False
2026100005,9134,,2,4,5,5,0,1,True,,True,3,False,5,True,False
2026100005,9134,,2,5,3,3,0,3,,,True,1,False,3,True,False
2026100005,9134,,2,6,4,4,0,1,True,,True,2,False,4,True,False
2026100005,9134,,2,7,5,4,-1,2,False,ROUGH,True,3,False,4,True,False
2026100005,9134,,2,8,4,4,0,1,True,,False,3,True,4,True,False
2026100005,9134,,2,9,4,4,0,2,False,ROUGH,True,2,False,4,True,False
2026100005,9134,,2,10,5,6,1,2,False,ROUGH,False,5,True,6,False,False
2026100005,9134,,2,11,3,3,0,2,,,False,2,True,3,True,False
2026100005,9134,,2,12,4,5,1,1,True,,False,3,True,5,False,False
2026100005,9134,,2,13,4,4,0,1,True,,True,2,False,4,True,False
2026100005,9134,,2,14,4,4,0,2,False,ROUGH,True,2,False,4,True,False
2026100005,9134,,2,15,4,5,1,1,True,,False,3,True,5,False,False
2026100005,9134,,2,16,3,4,1,5,,,False,2,True,4,False,False
2026100005,9134,,2,17,4,4,0,1,True,,True,2,False,4,True,False
2026100005,9134,,2,18,5,6,1,2,False,ROUGH,False,5,True,6,False,False
2026100005,9134,,3,1,4,4,0,1,True,,True,2,False,4,True,False
2026100005,9134,,3,2,3,3,0,2,,,False,2,True,3,True,False
2026100005,9134,,3,3,4,4,0,1,True,,True,2,False,4,True,False
2026100005,9134,,3,4,5,5,0,1,True,,True,3,False,5,True,False
2026100005,9134,,3,5,3,3,0,3,,,True,1,False,3,True,False
2026100005,9134,,3,6,4,4,0,1,True,,True,2,False,4,True,False
2026100005,9134,,3,7,5,5,0,1,True,,True,3,False,5,True,False
2026100005,9134,,3,8,4,4,0,2,False,ROUGH,True,2,False,4,True,False
2026100005,9134,,3,9,4,4,0,1,True,,False,3,True,4,True,False
2026100005,9134,,3,10,5,5,0,2,False,ROUGH,False,4,True,5,True,False
2026100005,9134,,3,11,3,2,-1,3,,,True,1,False,2,True,False
2026100005,9134,,3,12,4,4,0,1,True,,True,2,False,4,True,False
2026100005,9134,,3,13,4,5,1,1,True,,False,3,True,5,False,False
2026100005,9134,,3,14,4,4,0,1,True,,True,2,False,4,True,False
2026100005,9134,,3,15,4,4,0,1,True,,False,3,True,4,True,False
2026100005,9134,,3,16,3,2,-1,3,,,True,1,False,2,True,False
2026100005,9134,,3,17,4,4,0,1,True,,True,2,False,4,True,False
2026100005,9134,,3,18,5,5,0,1,True,,True,3,False,5,True,False
2026100005,9134,,4,1,4,4,0,1,True,,True,2,False,4,True,False
2026100005,9134,,4,2,3,2,-1,3,,,True,1,False,2,True,False
2026100005,9134,,4,3,4,4,0,2,False,ROUGH,False,3,True,4,True,False
2026100005,9134,,4,4,5,5,0,1,True,,True,3,False,5,True,False
2026100005,9134,,4,5,3,3,0,12,,,False,2,True,3,True,False
2026100005,9134,,4,6,4,4,0,1,True,,True,2,False,4,True,False
2026100005,9134,,4,7,5,5,0,1,True,,True,3,False,5,True,False
2026100005,9134,,4,8,4,4,0,1,True,,True,2,False,4,True,False
2026100005,9134,,4,9,4,4,0,1,True,,True,2,False,4,True,False
2026100005,9134,,4,10,5,4,-1,1,True,,True,3,False,4,True,False
2026100005,9134,,4,11,3,3,0,2,,,False,2,True,3,True,False
2026100005,9134,,4,12,4,4,0,2,False,ROUGH,False,3,True,4,True,False
2026100005,9134,,4,13,4,4,0,1,True,,True,2,False,4,True,False
2026100005,9134,,4,14,4,3,-1,2,False,ROUGH,True,2,False,3,True,False
2026100005,9134,,4,15,4,6,2,2,False,ROUGH,False,4,True,6,False,False
2026100005,9134,,4,16,3,3,0,12,,,False,2,True,3,True,False
2026100005,9134,,4,17,4,5,1,1,True,,True,2,False,5,False,False
2026100005,9134,,4,18,5,6,1,1,True,,True,3,False,6,False,False
2026100005,9135,,1,1,4,4,0,2,False,ROUGH,True,2,False,4,True,False
2026100005,9135,,1,2,3,3,0,2,,,False,2,True,3,True,False
2026100005,9135,,1,3,4,4,0,1,True,,True,2,False,4,True,False
2026100005,9135,,1,4,5,5,0,2,False,ROUGH,True,3,False,5,True,False
2026100005,9135,,1,5,3,3,0,3,,,True,1,False,3,True,False
2026100005,9135,,1,6,4,5,1,2,False,ROUGH,False,3,True,5,False,False
2026100005,9135,,1,7,5,5,0,1,True,,True,3,False,5,True,False
2026100005,9135,,1,8,4,4,0,1,True,,True,2,False,4,True,False
2026100005,9135,,1,9,4,4,0,1,True,,True,2,False,4,True,False
2026100005,9135,,1,10,5,6,1,2,False,ROUGH,False,4,True,6,False,False
2026100005,9135,,1,11,3,4,1,2,,,False,2,True,4,False,False
2026100005,9135,,1,12,4,4,0,1,True,,True,2,False,4,True,False
2026100005,9135,,1,13,4,5,1,2,False,ROUGH,True,2,False,5,False,False
2026100005,9135,,1,14,4,3,-1,1,True,,True,2,False,3,True,False
2026100005,9135,,1,15,4,4,0,2,False,ROUGH,False,3,True,4,True,False
2026100005,9135,,1,16,3,3,0,3,,,True,1,False,3,True,False
2026100005,9135,,1,17,4,5,1,2,False,ROUGH,False,3,True,5,False,False
2026100005,9135,,1,18,5,5,0,1,True,,True,3,False,5,True,False
2026100005,9135,,2,1,4,4,0,2,False,ROUGH,False,3,True,4,True,False
2026100005,9135,,2,2,3,2,-1,3,,,True,1,False,2,True,False
2026100005,9135,,2,3,4,4,0,1,True,,False,3,True,4,True,False
2026100005,9135,,2,4,5,5,0,1,True,,True,3,False,5,True,False
2026100005,9135,,2,5,3,3,0,2,,,False,2,True,3,True,False
2026100005,9135,,2,6,4,4,0,1,True,,True,2,False,4,True,False
2026100005,9135,,2,7,5,4,-1,2,False,ROUGH,True,3,False,4,True,False
2026100005,9135,,2,8,4,4,0,1,True,,True,2,False,4,True,False
2026100005,9135,,2,9,4,4,0,2,False,ROUGH,True,2,False,4,True,False
2026100005,9135,,2,10,5,5,0,1,True,,False,4,True,5,True,False
2026100005,9135,,2,11,3,3,0,2,,,False,2,True,3,True,False
2026100005,9135,,2,12,4,5,1,2,False,ROUGH,False,3,True,5,False,False
2026100005,9135,,2,13,4,5,1,2,False,ROUGH,False,3,True,5,False,False
2026100005,9135,,2,14,4,4,0,1,True,,True,2,False,4,True,False
2026100005,9135,,2,15,4,4,0,2,False,ROUGH,True,2,False,4,True,False
2026100005,9135,,2,16,3,3,0,3,,,True,1,False,3,True,False
2026100005,9135,,2,17,4,4,0,6,False,BUNKER,False,3,True,4,True,False
2026100005,9135,,2,18,5,5,0,2,False,ROUGH,True,3,False,5,True,False
2026100005,9135,,3,1,4,5,1,1,True,,False,3,True,5,False,False
2026100005,9135,,3,2,3,3,0,12,,,False,2,True,3,True,False
2026100005,9135,,3,3,4,4,0,1,True,,False,3,True,4,True,False
2026100005,9135,,3,4,5,5,0,1,True,,True,3,False,5,True,False
2026100005,9135,,3,5,3,3,0,3,,,True,1,False,3,True,False
2026100005,9135,,3,6,4,4,0,1,True,,True,2,False,4,True,False
2026100005,9135,,3,7,5,5,0,2,False,ROUGH,True,3,False,5,True,False
2026100005,9135,,3,8,4,4,0,1,True,,True,2,False,4,True,False
2026100005,9135,,3,9,4,4,0,2,False,ROUGH,False,3,True,4,True,False
2026100005,9135,,3,10,5,6,1,1,True,,False,4,True,6,False,False
2026100005,9135,,3,11,3,4,1,3,,,True,1,False,4,False,False
2026100005,9135,,3,12,4,4,0,2,False,ROUGH,False,3,True,4,True,False
2026100005,9135,,3,13,4,4,0,1,True,,False,3,True,4,True,False
2026100005,9135,,3,14,4,4,0,2,False,ROUGH,False,3,True,4,True,False
2026100005,9135,,3,15,4,5,1,1,True,,False,3,True,5,False,False
2026100005,9135,,3,16,3,3,0,3,,,True,1,False,3,True,False
2026100005,9135,,3,17,4,4,0,6,False,BUNKER,True,2,False,4,True,False
2026100005,9135,,3,18,5,6,1,2,False,ROUGH,False,5,True,6,False,False
2026100005,9135,,4,1,4,4,0,1,True,,False,3,True,4,True,False
2026100005,9135,,4,2,3,3,0,3,,,True,1,False,3,True,False
2026100005,9135,,4,3,4,4,0,1,True,,True,2,False,4,True,False
2026100005,9135,,4,4,5,4,-1,1,True,,True,3,False,4,True,False
2026100005,9135,,4,5,3,3,0,3,,,True,1,False,3,True,False
2026100005,9135,,4,6,4,4,0,1,True,,True,2,False,4,True,False
2026100005,9135,,4,7,5,4,-1,1,True,,True,3,False,4,True,False
2026100005,9135,,4,8,4,4,0,1,True,,True,2,False,4,True,False
2026100005,9135,,4,9,4,4,0,2,False,ROUGH,True,2,False,4,True,False
2026100005,9135,,4,10,5,6,1,1,True,,False,4,True,6,False,False
2026100005,9135,,4,11,3,4,1,3,,,True,1,False,4,False,False
2026100005,9135,,4,12,4,4,0,1,True,,False,3,True,4,True,False
2026100005,9135,,4,13,4,4,0,1,True,,True,2,False,4,True,False
2026100005,9135,,4,14,4,3,-1,1,True,,True,2,False,3,True,False
2026100005,9135,,4,15,4,4,0,1,True,,True,2,False,4,True,False
2026100005,9135,,4,16,3,3,0,3,,,True,1,False,3,True,False
2026100005,9135,,4,17,4,4,0,1,True,,True,2,False,4,True,False
2026100005,9135,,4,18,5,6,1,1,True,,False,5,True,6,False,False
2026100005,9136,,1,1,4,4,0,1,True,,False,3,True,4,True,False
2026100005,9136,,1,2,3,5,2,5,,,False,3,True,5,False,False
2026100005,9136,,1,3,4,4,0,1,True,,False,3,True,4,True,False
2026100005,9136,,1,4,5,6,1,2,False,ROUGH,False,4,True,6,False,False
2026100005,9136,,1,5,3,4,1,3,,,True,1,False,4,False,False
2026100005,9136,,1,6,4,4,0,1,True,,True,2,False,4,True,False
2026100005,9136,,1,7,5,5,0,1,True,,True,3,False,5,True,False
2026100005,9136,,1,8,4,5,1,1,True,,False,3,True,5,False,False
2026100005,9136,,1,9,4,4,0,2,False,ROUGH,True,2,False,4,True,False
2026100005,9136,,1,10,5,5,0,1,True,,True,3,False,5,True,False
2026100005,9136,,1,11,3,4,1,9,,,False,2,True,4,False,False
2026100005,9136,,1,12,4,4,0,1,True,,True,2,False,4,True,False
2026100005,9136,,1,13,4,3,-1,1,True,,True,2,False,3,True,False
2026100005,9136,,1,14,4,5,1,1,True,,False,3,True,5,False,False
2026100005,9136,,1,15,4,5,1,1,True,,False,3,True,5,False,False
2026100005,9136,,1,16,3,2,-1,3,,,True,1,False,2,True,False
2026100005,9136,,1,17,4,4,0,1,True,,True,2,False,4,True,False
2026100005,9136,,1,18,5,6,1,1,True,,True,3,False,6,False,False
2026100005,9136,,2,1,4,5,1,2,False,ROUGH,True,2,False,5,False,False
2026100005,9136,,2,2,3,3,0,3,,,True,1,False,3,True,False
2026100005,9136,,2,3,4,5,1,1,True,,False,3,True,5,False,False
2026100005,9136,,2,4,5,5,0,1,True,,True,3,False,5,True,False
2026100005,9136,,2,5,3,2,-1,3,,,True,1,False,2,True,False
2026100005,9136,,2,6,4,3,-1,1,True,,False,,True,3,True,False
2026100005,9136,,2,7,5,6,1,1,True,,True,3,False,6,False,False
2026100005,9136,,2,8,4,8,4,2,False,ROUGH,False,6,True,8,False,False
2026100005,9136,,2,9,4,5,1,2,False,ROUGH,False,4,True,5,False,False
2026100005,9136,,2,10,5,5,0,1,True,,False,4,True,5,True,False
2026100005,9136,,2,11,3,4,1,2,,,False,2,True,4,False,False
2026100005,9136,,2,12,4,4,0,1,True,,True,2,False,4,True,False
2026100005,9136,,2,13,4,4,0,1,True,,True,2,False,4,True,False
2026100005,9136,,2,14,4,4,0,1,True,,True,2,False,4,True,False
2026100005,9136,,2,15,4,5,1,1,True,,False,3,True,5,False,False
2026100005,9136,,2,16,3,3,0,3,,,True,1,False,3,True,False
2026100005,9136,,2,17,4,5,1,2,False,ROUGH,False,3,True,5,False,False
2026100005,9136,,2,18,5,5,0,1,True,,True,3,False,5,True,False
2026100005,9145,,1,1,4,4,0,1,True,,True,2,False,4,True,False
2026100005,9145,,1,2,3,3,0,2,,,False,2,True,3,True,False
2026100005,9145,,1,3,4,4,0,1,True,,True,2,False,4,True,False
2026100005,9145,,1,4,5,6,1,1,True,,False,4,True,6,False,False
2026100005,9145,,1,5,3,3,0,3,,,True,1,False,3,True,False
2026100005,9145,,1,6,4,4,0,2,False,ROUGH,True,2,False,4,True,False
2026100005,9145,,1,7,5,6,1,1,True,,False,4,True,6,False,False
2026100005,9145,,1,8,4,4,0,1,True,,True,2,False,4,True,False
2026100005,9145,,1,9,4,4,0,2,False,ROUGH,True,2,False,4,True,False
2026100005,9145,,1,10,5,6,1,1,True,,False,4,True,6,False,False
2026100005,9145,,1,11,3,2,-1,3,,,True,1,False,2,True,False
2026100005,9145,,1,12,4,5,1,1,True,,False,3,True,5,False,False
2026100005,9145,,1,13,4,4,0,1,True,,True,2,False,4,True,False
2026100005,9145,,1,14,4,4,0,1,True,,False,3,True,4,True,False
2026100005,9145,,1,15,4,4,0,1,True,,True,2,False,4,True,False
2026100005,9145,,1,16,3,3,0,2,,,False,2,True,3,True,False
2026100005,9145,,1,17,4,4,0,1,True,,True,2,False,4,True,False
2026100005,9145,,1,18,5,4,-1,2,False,ROUGH,True,3,False,4,True,False
2026100005,9145,,2,1,4,6,2,2,False,ROUGH,False,4,True,6,False,False
2026100005,9145,,2,2,3,3,0,3,,,True,1,False,3,True,False
2026100005,9145,,2,3,4,5,1,1,True,,False,3,True,5,False,False
2026100005,9145,,2,4,5,5,0,1,True,,False,4,True,5,True,False
2026100005,9145,,2,5,3,4,1,2,,,False,3,True,4,False,False
2026100005,9145,,2,6,4,5,1,1,True,,False,3,True,5,False,False
2026100005,9145,,2,7,5,5,0,1,True,,True,3,False,5,True,False
2026100005,9145,,2,8,4,3,-1,2,False,ROUGH,False,,True,3,True,False
2026100005,9145,,2,9,4,4,0,2,False,ROUGH,True,2,False,4,True,False
2026100005,9145,,2,10,5,5,0,1,True,,True,3,False,5,True,False
2026100005,9145,,2,11,3,3,0,3,,,True,1,False,3,True,False
2026100005,9145,,2,12,4,7,3,2,False,ROUGH,False,6,True,7,False,False
2026100005,9145,,2,13,4,4,0,2,False,ROUGH,True,2,False,4,True,False
2026100005,9145,,2,14,4,4,0,1,True,,False,3,True,4,True,False
2026100005,9145,,2,15,4,5,1,1,True,,False,3,True,5,False,False
2026100005,9145,,2,16,3,2,-1,3,,,True,1,False,2,True,False
2026100005,9145,,2,17,4,4,0,1,True,,True,2,False,4,True,False
2026100005,9145,,2,18,5,5,0,1,True,,True,3,False,5,True,False
2026100005,9145,,3,1,4,5,1,2,False,ROUGH,True,2,False,5,False,False
2026100005,9145,,3,2,3,4,1,3,,,True,1,False,4,False,False
2026100005,9145,,3,3,4,4,0,1,True,,False,3,True,4,True,False
2026100005,9145,,3,4,5,5,0,1,True,,True,3,False,5,True,False
2026100005,9145,,3,5,3,3,0,12,,,False,2,True,3,True,False
2026100005,9145,,3,6,4,3,-1,1,True,,True,2,False,3,True,False
2026100005,9145,,3,7,5,5,0,1,True,,True,3,False,5,True,False
2026100005,9145,,3,8,4,5,1,2,False,ROUGH,False,4,True,5,False,False
2026100005,9145,,3,9,4,4,0,1,True,,True,2,False,4,True,False
2026100005,9145,,3,10,5,5,0,2,False,ROUGH,False,4,True,5,True,False
2026100005,9145,,3,11,3,3,0,3,,,True,1,False,3,True,False
2026100005,9145,,3,12,4,4,0,2,False,ROUGH,True,2,False,4,True,False
2026100005,9145,,3,13,4,4,0,1,True,,True,2,False,4,True,False
2026100005,9145,,3,14,4,5,1,2,False,ROUGH,False,3,True,5,False,False
2026100005,9145,,3,15,4,4,0,1,True,,True,2,False,4,True,False
2026100005,9145,,3,16,3,3,0,3,,,True,1,False,3,True,False
2026100005,9145,,3,17,4,4,0,1,True,,False,3,True,4,True,False
2026100005,9145,,3,18,5,5,0,2,False,ROUGH,True,3,False,5,True,False
2026100005,9145,,4,1,4,4,0,2,False,ROUGH,True,2,False,4,True,False
2026100005,9145,,4,2,3,7,4,5,,,False,5,True,7,False,False
2026100005,9145,,4,3,4,5,1,2,False,ROUGH,False,3,True,5,False,False
2026100005,9145,,4,4,5,5,0,2,False,ROUGH,True,3,False,5,True,False
2026100005,9145,,4,5,3,3,0,3,,,True,1,False,3,True,False
2026100005,9145,,4,6,4,5,1,2,False,ROUGH,False,3,True,5,False,False
2026100005,9145,,4,7,5,4,-1,1,True,,True,3,False,4,True,False
2026100005,9145,,4,8,4,4,0,1,True,,True,2,False,4,True,False
2026100005,9145,,4,9,4,4,0,1,True,,False,3,True,4,True,False
2026100005,9145,,4,10,5,4,-1,2,False,ROUGH,True,3,False,4,True,False
2026100005,9145,,4,11,3,2,-1,3,,,True,1,False,2,True,False
2026100005,9145,,4,12,4,4,0,2,False,ROUGH,True,2,False,4,True,False
2026100005,9145,,4,13,4,4,0,1,True,,True,2,False,4,True,False
2026100005,9145,,4,14,4,4,0,1,True,,False,3,True,4,True,False
2026100005,9145,,4,15,4,4,0,1,True,,True,2,False,4,True,False
2026100005,9145,,4,16,3,3,0,3,,,True,1,False,3,True,False
2026100005,9145,,4,17,4,4,0,6,False,BUNKER,True,2,False,4,True,False
2026100005,9145,,4,18,5,5,0,1,True,,True,3,False,5,True,False
2026100005,9174,,1,1,4,5,1,1,True,,False,3,True,5,False,False
2026100005,9174,,1,2,3,3,0,3,,,True,1,False,3,True,False
2026100005,9174,,1,3,4,3,-1,1,True,,True,2,False,3,True,False
2026100005,9174,,1,4,5,5,0,1,True,,True,3,False,5,True,False
2026100005,9174,,1,5,3,3,0,3,,,True,1,False,3,True,False
2026100005,9174,,1,6,4,5,1,1,True,,False,3,True,5,False,False
2026100005,9174,,1,7,5,5,0,1,True,,True,3,False,5,True,False
2026100005,9174,,1,8,4,3,-1,1,True,,True,2,False,3,True,False
2026100005,9174,,1,9,4,4,0,2,False,ROUGH,True,2,False,4,True,False
2026100005,9174,,1,10,5,7,2,2,False,ROUGH,False,6,True,7,False,False
2026100005,9174,,1,11,3,3,0,2,,,False,2,True,3,True,False
2026100005,9174,,1,12,4,4,0,1,True,,True,2,False,4,True,False
2026100005,9174,,1,13,4,4,0,1,True,,True,2,False,4,True,False
2026100005,9174,,1,14,4,6,2,1,True,,False,3,True,6,False,False
2026100005,9174,,1,15,4,4,0,2,False,ROUGH,True,2,False,4,True,False
2026100005,9174,,1,16,3,3,0,3,,,True,1,False,3,True,False
2026100005,9174,,1,17,4,4,0,2,False,ROUGH,True,2,False,4,True,False
2026100005,9174,,1,18,5,5,0,1,True,,True,3,False,5,True,False
2026100005,9174,,2,1,4,5,1,6,False,BUNKER,False,3,True,5,False,False
2026100005,9174,,2,2,3,3,0,3,,,True,1,False,3,True,False
2026100005,9174,,2,3,4,5,1,2,False,ROUGH,False,3,True,5,False,False
2026100005,9174,,2,4,5,7,2,2,False,ROUGH,False,4,True,7,False,False
2026100005,9174,,2,5,3,2,-1,3,,,True,1,False,2,True,False
2026100005,9174,,2,6,4,3,-1,2,False,ROUGH,True,2,False,3,True,False
2026100005,9174,,2,7,5,7,2,7,False,OTHER,False,5,True,7,False,False
2026100005,9174,,2,8,4,4,0,2,False,ROUGH,True,2,False,4,True,False
2026100005,9174,,2,9,4,6,2,2,False,ROUGH,False,4,True,6,False,False
2026100005,9174,,2,10,5,5,0,1,True,,False,4,True,5,True,False
2026100005,9174,,2,11,3,2,-1,3,,,True,1,False,2,True,False
2026100005,9174,,2,12,4,5,1,1,True,,True,2,False,5,False,False
2026100005,9174,,2,13,4,5,1,6,False,BUNKER,False,3,True,5,False,False
2026100005,9174,,2,14,4,4,0,1,True,,True,2,False,4,True,False
2026100005,9174,,2,15,4,4,0,2,False,ROUGH,False,3,True,4,True,False
2026100005,9174,,2,16,3,3,0,3,,,True,1,False,3,True,False
2026100005,9174,,2,17,4,5,1,2,False,ROUGH,False,3,True,5,False,False
2026100005,9174,,2,18,5,5,0,2,False,ROUGH,True,3,False,5,True,False
2026100005,9183,,1,1,4,5,1,2,False,ROUGH,False,3,True,5,False,False
2026100005,9183,,1,2,3,3,0,3,,,True,1,False,3,True,False
2026100005,9183,,1,3,4,5,1,1,True,,False,3,True,5,False,False
2026100005,9183,,1,4,5,6,1,1,True,,False,5,True,6,False,False
2026100005,9183,,1,5,3,3,0,9,,,False,2,True,3,True,False
2026100005,9183,,1,6,4,4,0,1,True,,True,2,False,4,True,False
2026100005,9183,,1,7,5,6,1,1,True,,False,4,True,6,False,False
2026100005,9183,,1,8,4,5,1,2,False,ROUGH,False,3,True,5,False,False
2026100005,9183,,1,9,4,4,0,1,True,,False,3,True,4,True,False
2026100005,9183,,1,10,5,5,0,1,True,,False,,True,5,True,False
2026100005,9183,,1,11,3,3,0,3,,,True,1,False,3,True,False
2026100005,9183,,1,12,4,5,1,1,True,,False,3,True,5,False,False
2026100005,9183,,1,13,4,3,-1,2,False,ROUGH,True,2,False,3,True,False
2026100005,9183,,1,14,4,3,-1,1,True,,True,2,False,3,True,False
2026100005,9183,,1,15,4,5,1,1,True,,False,3,True,5,False,False
2026100005,9183,,1,16,3,3,0,3,,,True,1,False,3,True,False
2026100005,9183,,1,17,4,5,1,1,True,,False,4,True,5,False,False
2026100005,9183,,1,18,5,4,-1,1,True,,True,3,False,4,True,False
2026100005,9183,,2,1,4,4,0,2,False,ROUGH,False,3,True,4,True,False
2026100005,9183,,2,2,3,4,1,2,,,False,2,True,4,False,False
2026100005,9183,,2,3,4,4,0,1,True,,False,3,True,4,True,False
2026100005,9183,,2,4,5,5,0,1,True,,True,3,False,5,True,False
2026100005,9183,,2,5,3,4,1,9,,,False,2,True,4,False,False
2026100005,9183,,2,6,4,4,0,1,True,,False,3,True,4,True,False
2026100005,9183,,2,7,5,5,0,2,False,ROUGH,True,3,False,5,True,False
2026100005,9183,,2,8,4,6,2,1,True,,False,4,True,6,False,False
2026100005,9183,,2,9,4,3,-1,2,False,ROUGH,True,2,False,3,True,False
2026100005,9183,,2,10,5,5,0,1,True,,False,4,True,5,True,False
2026100005,9183,,2,11,3,4,1,2,,,False,3,True,4,False,False
2026100005,9183,,2,12,4,5,1,2,False,ROUGH,False,4,True,5,False,False
2026100005,9183,,2,13,4,4,0,1,True,,True,2,False,4,True,False
2026100005,9183,,2,14,4,3,-1,1,True,,True,2,False,3,True,False
2026100005,9183,,2,15,4,4,0,2,False,ROUGH,False,3,True,4,True,False
2026100005,9183,,2,16,3,3,0,3,,,True,1,False,3,True,False
2026100005,9183,,2,17,4,4,0,1,True,,True,2,False,4,True,False
2026100005,9183,,2,18,5,6,1,2,False,ROUGH,False,4,True,6,False,False
2026100005,9235,,1,1,4,6,2,1,True,,False,4,True,6,False,False
2026100005,9235,,1,2,3,3,0,2,,,False,2,True,3,True,False
2026100005,9235,,1,3,4,4,0,1,True,,True,2,False,4,True,False
2026100005,9235,,1,4,5,6,1,1,True,,False,4,True,6,False,False
2026100005,9235,,1,5,3,3,0,3,,,True,1,False,3,True,False
2026100005,9235,,1,6,4,4,0,1,True,,True,2,False,4,True,False
2026100005,9235,,1,7,5,5,0,1,True,,True,3,False,5,True,False
2026100005,9235,,1,8,4,5,1,2,False,ROUGH,True,2,False,5,False,False
2026100005,9235,,1,9,4,5,1,2,False,ROUGH,False,3,True,5,False,False
2026100005,9235,,1,10,5,5,0,2,False,ROUGH,False,4,True,5,True,False
2026100005,9235,,1,11,3,3,0,3,,,True,1,False,3,True,False
2026100005,9235,,1,12,4,4,0,1,True,,True,2,False,4,True,False
2026100005,9235,,1,13,4,4,0,1,True,,True,2,False,4,True,False
2026100005,9235,,1,14,4,3,-1,1,True,,True,2,False,3,True,False
2026100005,9235,,1,15,4,4,0,1,True,,True,2,False,4,True,False
2026100005,9235,,1,16,3,3,0,3,,,True,1,False,3,True,False
2026100005,9235,,1,17,4,4,0,1,True,,True,2,False,4,True,False
2026100005,9235,,1,18,5,5,0,2,False,ROUGH,False,4,True,5,True,False
2026100005,9235,,2,1,4,4,0,2,False,ROUGH,False,3,True,4,True,False
2026100005,9235,,2,2,3,3,0,3,,,True,1,False,3,True,False
2026100005,9235,,2,3,4,4,0,1,True,,False,3,True,4,True,False
2026100005,9235,,2,4,5,4,-1,1,True,,True,3,False,4,True,False
2026100005,9235,,2,5,3,3,0,3,,,True,1,False,3,True,False
2026100005,9235,,2,6,4,4,0,1,True,,True,2,False,4,True,False
2026100005,9235,,2,7,5,5,0,1,True,,True,3,False,5,True,False
2026100005,9235,,2,8,4,4,0,2,False,ROUGH,False,3,True,4,True,False
2026100005,9235,,2,9,4,4,0,1,True,,True,2,False,4,True,False
2026100005,9235,,2,10,5,5,0,1,True,,False,4,True,5,True,False
2026100005,9235,,2,11,3,2,-1,3,,,True,1,False,2,True,False
2026100005,9235,,2,12,4,4,0,1,True,,True,2,False,4,True,False
2026100005,9235,,2,13,4,4,0,1,True,,False,3,True,4,True,False
2026100005,9235,,2,14,4,4,0,1,True,,True,2,False,4,True,False
2026100005,9235,,2,15,4,4,0,1,True,,False,3,True,4,True,False
2026100005,9235,,2,16,3,3,0,3,,,True,1,False,3,True,False
2026100005,9235,,2,17,4,4,0,1,True,,True,2,False,4,True,False
2026100005,9235,,2,18,5,6,1,2,False,ROUGH,True,3,False,6,False,False
2026100005,9235,,3,1,4,4,0,1,True,,True,2,False,4,True,False
2026100005,9235,,3,2,3,3,0,3,,,True,1,False,3,True,False
2026100005,9235,,3,3,4,4,0,1,True,,True,2,False,4,True,False
2026100005,9235,,3,4,5,5,0,1,True,,True,3,False,5,True,False
2026100005,9235,,3,5,3,3,0,12,,,False,2,True,3,True,False
2026100005,9235,,3,6,4,4,0,1,True,,False,3,True,4,True,False
2026100005,9235,,3,7,5,5,0,1,True,,False,4,True,5,True,False
2026100005,9235,,3,8,4,4,0,1,True,,False,3,True,4,True,False
2026100005,9235,,3,9,4,4,0,2,False,ROUGH,True,2,False,4,True,False
2026100005,9235,,3,10,5,5,0,1,True,,True,3,False,5,True,False
2026100005,9235,,3,11,3,3,0,3,,,True,1,False,3,True,False
2026100005,9235,,3,12,4,4,0,1,True,,True,2,False,4,True,False
2026100005,9235,,3,13,4,4,0,1,True,,True,2,False,4,True,False
2026100005,9235,,3,14,4,4,0,1,True,,True,2,False,4,True,False
2026100005,9235,,3,15,4,4,0,1,True,,False,3,True,4,True,False
2026100005,9235,,3,16,3,3,0,3,,,True,1,False,3,True,False
2026100005,9235,,3,17,4,4,0,1,True,,True,2,False,4,True,False
2026100005,9235,,3,18,5,6,1,2,False,ROUGH,False,4,True,6,False,False
2026100005,9235,,4,1,4,4,0,2,False,ROUGH,False,3,True,4,True,False
2026100005,9235,,4,2,3,3,0,3,,,True,1,False,3,True,False
2026100005,9235,,4,3,4,5,1,2,False,ROUGH,False,3,True,5,False,False
2026100005,9235,,4,4,5,6,1,1,True,,True,3,False,6,False,False
2026100005,9235,,4,5,3,3,0,3,,,True,1,False,3,True,False
2026100005,9235,,4,6,4,5,1,2,False,ROUGH,False,3,True,5,False,False
2026100005,9235,,4,7,5,5,0,1,True,,True,3,False,5,True,False
2026100005,9235,,4,8,4,4,0,1,True,,True,2,False,4,True,False
2026100005,9235,,4,9,4,4,0,2,False,ROUGH,False,3,True,4,True,False
2026100005,9235,,4,10,5,5,0,1,True,,True,3,False,5,True,False
2026100005,9235,,4,11,3,3,0,3,,,True,1,False,3,True,False
2026100005,9235,,4,12,4,4,0,1,True,,True,2,False,4,True,False
2026100005,9235,,4,13,4,4,0,1,True,,True,2,False,4,True,False
2026100005,9235,,4,14,4,4,0,1,True,,False,3,True,4,True,False
2026100005,9235,,4,15,4,5,1,2,False,ROUGH,False,3,True,5,False,False
2026100005,9235,,4,16,3,3,0,3,,,True,1,False,3,True,False
2026100005,9235,,4,17,4,4,0,1,True,,True,2,False,4,True,False
2026100005,9235,,4,18,5,5,0,2,False,ROUGH,True,3,False,5,True,False
2026100005,9277,,1,1,4,6,2,1,True,,False,3,True,6,False,False
2026100005,9277,,1,2,3,4,1,5,,,False,3,True,4,False,False
2026100005,9277,,1,3,4,5,1,1,True,,False,3,True,5,False,False
2026100005,9277,,1,4,5,5,0,1,True,,False,4,True,5,True,False
2026100005,9277,,1,5,3,3,0,3,,,True,1,False,3,True,False
2026100005,9277,,1,6,4,4,0,1,True,,False,3,True,4,True,False
2026100005,9277,,1,7,5,6,1,2,False,ROUGH,False,4,True,6,False,False
2026100005,9277,,1,8,4,4,0,1,True,,False,3,True,4,True,False
2026100005,9277,,1,9,4,4,0,2,False,ROUGH,False,3,True,4,True,False
2026100005,9277,,1,10,5,5,0,2,False,ROUGH,True,3,False,5,True,False
2026100005,9277,,1,11,3,4,1,3,,,True,1,False,4,False,False
2026100005,9277,,1,12,4,5,1,6,False,BUNKER,False,3,True,5,False,False
2026100005,9277,,1,13,4,5,1,2,False,ROUGH,True,2,False,5,False,False
2026100005,9277,,1,14,4,4,0,1,True,,False,3,True,4,True,False
2026100005,9277,,1,15,4,6,2,2,False,ROUGH,False,3,True,6,False,False
2026100005,9277,,1,16,3,3,0,3,,,True,1,False,3,True,False
2026100005,9277,,1,17,4,4,0,2,False,ROUGH,False,3,True,4,True,False
2026100005,9277,,1,18,5,5,0,1,True,,True,3,False,5,True,False
2026100005,9277,,2,1,4,5,1,2,False,ROUGH,False,3,True,5,False,False
2026100005,9277,,2,2,3,3,0,3,,,True,1,False,3,True,False
2026100005,9277,,2,3,4,5,1,1,True,,False,3,True,5,False,False
2026100005,9277,,2,4,5,6,1,1,True,,False,4,True,6,False,False
2026100005,9277,,2,5,3,3,0,3,,,True,1,False,3,True,False
2026100005,9277,,2,6,4,5,1,2,False,ROUGH,False,3,True,5,False,False
2026100005,9277,,2,7,5,4,-1,1,True,,True,3,False,4,True,False
2026100005,9277,,2,8,4,4,0,2,False,ROUGH,True,2,False,4,True,False
2026100005,9277,,2,9,4,5,1,2,False,ROUGH,False,4,True,5,False,False
2026100005,9277,,2,10,5,6,1,1,True,,False,4,True,6,False,False
2026100005,9277,,2,11,3,3,0,12,,,False,2,True,3,True,False
2026100005,9277,,2,12,4,5,1,1,True,,True,2,False,5,False,False
2026100005,9277,,2,13,4,4,0,1,True,,True,2,False,4,True,False
2026100005,9277,,2,14,4,4,0,1,True,,True,2,False,4,True,False
2026100005,9277,,2,15,4,5,1,2,False,ROUGH,False,3,True,5,False,False
2026100005,9277,,2,16,3,3,0,3,,,True,1,False,3,True,False
2026100005,9277,,2,17,4,5,1,2,False,ROUGH,False,3,True,5,False,False
2026100005,9277,,2,18,5,5,0,2,False,ROUGH,True,3,False,5,True,False
2026100005,9389,,1,1,4,4,0,2,False,ROUGH,True,2,False,4,True,False
2026100005,9389,,1,2,3,3,0,3,,,True,1,False,3,True,False
2026100005,9389,,1,3,4,4,0,1,True,,True,2,False,4,True,False
2026100005,9389,,1,4,5,5,0,1,True,,True,3,False,5,True,False
2026100005,9389,,1,5,3,4,1,3,,,True,1,False,4,False,False
2026100005,9389,,1,6,4,4,0,1,True,,False,3,True,4,True,False
2026100005,9389,,1,7,5,5,0,2,False,ROUGH,False,4,True,5,True,False
2026100005,9389,,1,8,4,5,1,1,True,,False,3,True,5,False,False
2026100005,9389,,1,9,4,4,0,2,False,ROUGH,False,3,True,4,True,False
2026100005,9389,,1,10,5,5,0,1,True,,True,3,False,5,True,False
2026100005,9389,,1,11,3,3,0,2,,,False,2,True,3,True,False
2026100005,9389,,1,12,4,4,0,2,False,ROUGH,True,2,False,4,True,False
2026100005,9389,,1,13,4,6,2,6,False,BUNKER,False,4,True,6,False,False
2026100005,9389,,1,14,4,4,0,1,True,,False,3,True,4,True,False
2026100005,9389,,1,15,4,4,0,1,True,,True,2,False,4,True,False
2026100005,9389,,1,16,3,3,0,3,,,True,1,False,3,True,False
2026100005,9389,,1,17,4,4,0,1,True,,True,2,False,4,True,False
2026100005,9389,,1,18,5,5,0,2,False,ROUGH,True,3,False,5,True,False
2026100005,9389,,2,1,4,4,0,1,True,,False,3,True,4,True,False
2026100005,9389,,2,2,3,2,-1,3,,,True,1,False,2,True,False
2026100005,9389,,2,3,4,4,0,1,True,,True,2,False,4,True,False
2026100005,9389,,2,4,5,4,-1,1,True,,True,3,False,4,True,False
2026100005,9389,,2,5,3,3,0,9,,,False,2,True,3,True,False
2026100005,9389,,2,6,4,4,0,1,True,,True,2,False,4,True,False
2026100005,9389,,2,7,5,5,0,2,False,ROUGH,True,3,False,5,True,False
2026100005,9389,,2,8,4,4,0,1,True,,True,2,False,4,True,False
2026100005,9389,,2,9,4,3,-1,2,False,ROUGH,True,2,False,3,True,False
2026100005,9389,,2,10,5,5,0,1,True,,True,3,False,5,True,False
2026100005,9389,,2,11,3,3,0,2,,,False,2,True,3,True,False
2026100005,9389,,2,12,4,6,2,6,False,BUNKER,False,3,True,6,False,False
2026100005,9389,,2,13,4,4,0,2,False,ROUGH,False,3,True,4,True,False
2026100005,9389,,2,14,4,4,0,1,True,,True,2,False,4,True,False
2026100005,9389,,2,15,4,3,-1,1,True,,True,2,False,3,True,False
2026100005,9389,,2,16,3,3,0,3,,,True,1,False,3,True,False
2026100005,9389,,2,17,4,5,1,2,False,ROUGH,False,3,True,5,False,False
2026100005,9389,,2,18,5,5,0,1,True,,True,3,False,5,True,False
2026100005,9389,,3,1,4,4,0,1,True,,False,3,True,4,True,False
2026100005,9389,,3,2,3,3,0,3,,,True,1,False,3,True,False
2026100005,9389,,3,3,4,4,0,1,True,,True,2,False,4,True,False
2026100005,9389,,3,4,5,5,0,2,False,ROUGH,False,4,True,5,True,False
2026100005,9389,,3,5,3,3,0,3,,,True,1,False,3,True,False
2026100005,9389,,3,6,4,4,0,1,True,,True,2,False,4,True,False
2026100005,9389,,3,7,5,5,0,1,True,,False,4,True,5,True,False
2026100005,9389,,3,8,4,4,0,2,False,ROUGH,False,3,True,4,True,False
2026100005,9389,,3,9,4,4,0,2,False,ROUGH,True,2,False,4,True,False
2026100005,9389,,3,10,5,5,0,1,True,,False,4,True,5,True,False
2026100005,9389,,3,11,3,3,0,3,,,True,1,False,3,True,False
2026100005,9389,,3,12,4,3,-1,1,True,,True,2,False,3,True,False
2026100005,9389,,3,13,4,4,0,2,False,ROUGH,False,3,True,4,True,False
2026100005,9389,,3,14,4,4,0,1,True,,True,2,False,4,True,False
2026100005,9389,,3,15,4,5,1,1,True,,False,3,True,5,False,False
2026100005,9389,,3,16,3,3,0,3,,,True,1,False,3,True,False
2026100005,9389,,3,17,4,4,0,2,False,ROUGH,True,2,False,4,True,False
2026100005,9389,,3,18,5,5,0,1,True,,True,3,False,5,True,False
2026100005,9389,,4,1,4,5,1,6,False,BUNKER,False,3,True,5,False,False
2026100005,9389,,4,2,3,4,1,3,,,True,1,False,4,False,False
2026100005,9389,,4,3,4,4,0,1,True,,True,2,False,4,True,False
2026100005,9389,,4,4,5,5,0,1,True,,False,4,True,5,True,False
2026100005,9389,,4,5,3,3,0,3,,,True,1,False,3,True,False
2026100005,9389,,4,6,4,4,0,2,False,ROUGH,True,2,False,4,True,False
2026100005,9389,,4,7,5,5,0,1,True,,True,3,False,5,True,False
2026100005,9389,,4,8,4,4,0,1,True,,True,2,False,4,True,False
2026100005,9389,,4,9,4,4,0,2,False,ROUGH,True,2,False,4,True,False
2026100005,9389,,4,10,5,6,1,2,False,ROUGH,True,3,False,6,False,False
2026100005,9389,,4,11,3,3,0,3,,,True,1,False,3,True,False
2026100005,9389,,4,12,4,4,0,1,True,,False,3,True,4,True,False
2026100005,9389,,4,13,4,4,0,1,True,,True,2,False,4,True,False
2026100005,9389,,4,14,4,4,0,1,True,,True,2,False,4,True,False
2026100005,9389,,4,15,4,5,1,2,False,ROUGH,False,3,True,5,False,False
2026100005,9389,,4,16,3,3,0,2,,,False,2,True,3,True,False
2026100005,9389,,4,17,4,4,0,1,True,,True,2,False,4,True,False
2026100005,9389,,4,18,5,5,0,2,False,ROUGH,True,3,False,5,True,False
2026100005,9391,,1,1,4,4,0,1,True,,False,3,True,4,True,False
2026100005,9391,,1,2,3,3,0,3,,,True,1,False,3,True,False
2026100005,9391,,1,3,4,5,1,1,True,,False,3,True,5,False,False
2026100005,9391,,1,4,5,5,0,6,False,BUNKER,True,3,False,5,True,False
2026100005,9391,,1,5,3,3,0,3,,,True,1,False,3,True,False
2026100005,9391,,1,6,4,5,1,1,True,,False,4,True,5,False,False
2026100005,9391,,1,7,5,5,0,2,False,ROUGH,True,3,False,5,True,False
2026100005,9391,,1,8,4,6,2,2,False,ROUGH,False,4,True,6,False,False
2026100005,9391,,1,9,4,4,0,1,True,,False,3,True,4,True,False
2026100005,9391,,1,10,5,5,0,2,False,ROUGH,True,3,False,5,True,False
2026100005,9391,,1,11,3,4,1,3,,,True,1,False,4,False,False
2026100005,9391,,1,12,4,4,0,1,True,,True,2,False,4,True,False
2026100005,9391,,1,13,4,4,0,1,True,,True,2,False,4,True,False
2026100005,9391,,1,14,4,4,0,1,True,,True,2,False,4,True,False
2026100005,9391,,1,15,4,4,0,2,False,ROUGH,True,2,False,4,True,False
2026100005,9391,,1,16,3,2,-1,3,,,True,1,False,2,True,False
2026100005,9391,,1,17,4,4,0,1,True,,False,3,True,4,True,False
2026100005,9391,,1,18,5,6,1,1,True,,True,3,False,6,False,False
2026100005,9391,,2,1,4,5,1,2,False,ROUGH,False,3,True,5,False,False
2026100005,9391,,2,2,3,5,2,2,,,False,3,True,5,False,False
2026100005,9391,,2,3,4,4,0,2,False,ROUGH,True,2,False,4,True,False
2026100005,9391,,2,4,5,6,1,7,False,OTHER,False,5,True,6,False,False
2026100005,9391,,2,5,3,4,1,12,,,False,2,True,4,False,False
2026100005,9391,,2,6,4,4,0,2,False,ROUGH,False,3,True,4,True,False
2026100005,9391,,2,7,5,4,-1,2,False,ROUGH,True,3,False,4,True,False
2026100005,9391,,2,8,4,4,0,2,False,ROUGH,True,2,False,4,True,False
2026100005,9391,,2,9,4,4,0,1,True,,True,2,False,4,True,False
2026100005,9391,,2,10,5,5,0,1,True,,False,4,True,5,True,False
2026100005,9391,,2,11,3,4,1,2,,,False,2,True,4,False,False
2026100005,9391,,2,12,4,4,0,1,True,,True,2,False,4,True,False
2026100005,9391,,2,13,4,4,0,2,False,ROUGH,False,3,True,4,True,False
2026100005,9391,,2,14,4,4,0,1,True,,True,2,False,4,True,False
2026100005,9391,,2,15,4,5,1,2,False,ROUGH,False,3,True,5,False,False
2026100005,9391,,2,16,3,2,-1,2,,,False,,True,2,True,False
2026100005,9391,,2,17,4,4,0,6,False,BUNKER,True,2,False,4,True,False
2026100005,9391,,2,18,5,5,0,2,False,ROUGH,True,3,False,5,True,False
2026100005,9401,마다솜,1,1,4,,,,,,,,,,,True
2026100005,9401,마다솜,1,2,3,,,,,,,,,,,True
2026100005,9401,마다솜,1,3,4,,,,,,,,,,,True
2026100005,9401,마다솜,1,4,5,,,,,,,,,,,True
2026100005,9401,마다솜,1,5,3,,,,,,,,,,,True
2026100005,9401,마다솜,1,6,4,,,,,,,,,,,True
2026100005,9401,마다솜,1,7,5,,,,,,,,,,,True
2026100005,9401,마다솜,1,8,4,,,,,,,,,,,True
2026100005,9401,마다솜,1,9,4,,,,,,,,,,,True
2026100005,9401,마다솜,1,10,5,,,,,,,,,,,True
2026100005,9401,마다솜,1,11,3,,,,,,,,,,,True
2026100005,9401,마다솜,1,12,4,,,,,,,,,,,True
2026100005,9401,마다솜,1,13,4,,,,,,,,,,,True
2026100005,9401,마다솜,1,14,4,,,,,,,,,,,True
2026100005,9401,마다솜,1,15,4,,,,,,,,,,,True
2026100005,9401,마다솜,1,16,3,,,,,,,,,,,True
2026100005,9401,마다솜,1,17,4,,,,,,,,,,,True
2026100005,9401,마다솜,1,18,5,,,,,,,,,,,True
2026100005,9426,,1,1,4,4,0,1,True,,True,2,False,4,True,False
2026100005,9426,,1,2,3,5,2,5,,,False,3,True,5,False,False
2026100005,9426,,1,3,4,4,0,1,True,,True,2,False,4,True,False
2026100005,9426,,1,4,5,4,-1,2,False,ROUGH,True,3,False,4,True,False
2026100005,9426,,1,5,3,3,0,9,,,False,2,True,3,True,False
2026100005,9426,,1,6,4,5,1,2,False,ROUGH,False,3,True,5,False,False
2026100005,9426,,1,7,5,4,-1,1,True,,True,3,False,4,True,False
2026100005,9426,,1,8,4,3,-1,1,True,,True,2,False,3,True,False
2026100005,9426,,1,9,4,4,0,2,False,ROUGH,True,2,False,4,True,False
2026100005,9426,,1,10,5,7,2,1,True,,False,5,True,7,False,False
2026100005,9426,,1,11,3,3,0,3,,,True,1,False,3,True,False
2026100005,9426,,1,12,4,5,1,1,True,,False,3,True,5,False,False
2026100005,9426,,1,13,4,3,-1,1,True,,True,2,False,3,True,False
2026100005,9426,,1,14,4,3,-1,1,True,,True,2,False,3,True,False
2026100005,9426,,1,15,4,3,-1,1,True,,True,2,False,3,True,False
2026100005,9426,,1,16,3,7,4,5,,,False,6,True,7,False,False
2026100005,9426,,1,17,4,4,0,1,True,,True,2,False,4,True,False
2026100005,9426,,1,18,5,4,-1,1,True,,True,3,False,4,True,False
2026100005,9426,,2,1,4,5,1,2,False,ROUGH,False,3,True,5,False,False
2026100005,9426,,2,2,3,5,2,5,,,False,3,True,5,False,False
2026100005,9426,,2,3,4,4,0,1,True,,False,3,True,4,True,False
2026100005,9426,,2,4,5,5,0,1,True,,False,4,True,5,True,False
2026100005,9426,,2,5,3,3,0,3,,,True,1,False,3,True,False
2026100005,9426,,2,6,4,4,0,2,False,ROUGH,False,3,True,4,True,False
2026100005,9426,,2,7,5,6,1,1,True,,False,4,True,6,False,False
2026100005,9426,,2,8,4,4,0,1,True,,True,2,False,4,True,False
2026100005,9426,,2,9,4,4,0,2,False,ROUGH,True,2,False,4,True,False
2026100005,9426,,2,10,5,4,-1,1,True,,True,3,False,4,True,False
2026100005,9426,,2,11,3,3,0,3,,,True,1,False,3,True,False
2026100005,9426,,2,12,4,4,0,1,True,,False,3,True,4,True,False
2026100005,9426,,2,13,4,4,0,2,False,ROUGH,False,3,True,4,True,False
2026100005,9426,,2,14,4,3,-1,1,True,,True,2,False,3,True,False
2026100005,9426,,2,15,4,4,0,1,True,,False,3,True,4,True,False
2026100005,9426,,2,16,3,3,0,3,,,True,1,False,3,True,False
2026100005,9426,,2,17,4,3,-1,1,True,,True,2,False,3,True,False
2026100005,9426,,2,18,5,5,0,1,True,,True,3,False,5,True,False
2026100005,9426,,3,1,4,4,0,1,True,,False,,True,4,True,False
2026100005,9426,,3,2,3,2,-1,3,,,True,1,False,2,True,False
2026100005,9426,,3,3,4,4,0,1,True,,False,3,True,4,True,False
2026100005,9426,,3,4,5,5,0,1,True,,True,3,False,5,True,False
2026100005,9426,,3,5,3,3,0,3,,,True,1,False,3,True,False
2026100005,9426,,3,6,4,6,2,1,True,,False,3,True,6,False,False
2026100005,9426,,3,7,5,8,3,2,False,ROUGH,False,5,True,8,False,False
2026100005,9426,,3,8,4,4,0,1,True,,True,2,False,4,True,False
2026100005,9426,,3,9,4,6,2,2,False,ROUGH,False,4,True,6,False,False
2026100005,9426,,3,10,5,5,0,2,False,ROUGH,True,3,False,5,True,False
2026100005,9426,,3,11,3,3,0,3,,,True,1,False,3,True,False
2026100005,9426,,3,12,4,4,0,2,False,ROUGH,False,3,True,4,True,False
2026100005,9426,,3,13,4,4,0,2,False,ROUGH,False,3,True,4,True,False
2026100005,9426,,3,14,4,3,-1,1,True,,True,2,False,3,True,False
2026100005,9426,,3,15,4,5,1,1,True,,True,2,False,5,False,False
2026100005,9426,,3,16,3,3,0,12,,,False,2,True,3,True,False
2026100005,9426,,3,17,4,4,0,2,False,ROUGH,False,3,True,4,True,False
2026100005,9426,,3,18,5,5,0,1,True,,True,3,False,5,True,False
2026100005,9426,,4,1,4,4,0,6,False,BUNKER,True,2,False,4,True,False
2026100005,9426,,4,2,3,3,0,3,,,True,1,False,3,True,False
2026100005,9426,,4,3,4,4,0,1,True,,False,3,True,4,True,False
2026100005,9426,,4,4,5,6,1,1,True,,True,3,False,6,False,False
2026100005,9426,,4,5,3,3,0,2,,,False,2,True,3,True,False
2026100005,9426,,4,6,4,4,0,1,True,,True,2,False,4,True,False
2026100005,9426,,4,7,5,4,-1,1,True,,True,3,False,4,True,False
2026100005,9426,,4,8,4,4,0,1,True,,True,2,False,4,True,False
2026100005,9426,,4,9,4,4,0,1,True,,True,2,False,4,True,False
2026100005,9426,,4,10,5,5,0,2,False,ROUGH,True,3,False,5,True,False
2026100005,9426,,4,11,3,3,0,3,,,True,1,False,3,True,False
2026100005,9426,,4,12,4,5,1,2,False,ROUGH,False,3,True,5,False,False
2026100005,9426,,4,13,4,4,0,2,False,ROUGH,False,3,True,4,True,False
2026100005,9426,,4,14,4,4,0,1,True,,True,2,False,4,True,False
2026100005,9426,,4,15,4,4,0,2,False,ROUGH,False,3,True,4,True,False
2026100005,9426,,4,16,3,3,0,3,,,True,1,False,3,True,False
2026100005,9426,,4,17,4,4,0,2,False,ROUGH,False,3,True,4,True,False
2026100005,9426,,4,18,5,4,-1,1,True,,True,3,False,4,True,False
2026100005,9431,,1,1,4,4,0,1,True,,True,2,False,4,True,False
2026100005,9431,,1,2,3,2,-1,3,,,True,1,False,2,True,False
2026100005,9431,,1,3,4,4,0,1,True,,False,3,True,4,True,False
2026100005,9431,,1,4,5,5,0,1,True,,False,4,True,5,True,False
2026100005,9431,,1,5,3,3,0,12,,,False,2,True,3,True,False
2026100005,9431,,1,6,4,4,0,2,False,ROUGH,False,3,True,4,True,False
2026100005,9431,,1,7,5,5,0,6,False,BUNKER,True,3,False,5,True,False
2026100005,9431,,1,8,4,4,0,1,True,,True,2,False,4,True,False
2026100005,9431,,1,9,4,4,0,2,False,ROUGH,True,2,False,4,True,False
2026100005,9431,,1,10,5,4,-1,2,False,ROUGH,True,3,False,4,True,False
2026100005,9431,,1,11,3,3,0,3,,,True,1,False,3,True,False
2026100005,9431,,1,12,4,4,0,2,False,ROUGH,True,2,False,4,True,False
2026100005,9431,,1,13,4,5,1,2,False,ROUGH,False,4,True,5,False,False
2026100005,9431,,1,14,4,4,0,2,False,ROUGH,False,3,True,4,True,False
2026100005,9431,,1,15,4,4,0,1,True,,True,2,False,4,True,False
2026100005,9431,,1,16,3,3,0,3,,,True,1,False,3,True,False
2026100005,9431,,1,17,4,4,0,1,True,,False,3,True,4,True,False
2026100005,9431,,1,18,5,5,0,1,True,,True,3,False,5,True,False
2026100005,9431,,2,1,4,5,1,1,True,,False,3,True,5,False,False
2026100005,9431,,2,2,3,5,2,5,,,False,3,True,5,False,False
2026100005,9431,,2,3,4,4,0,1,True,,True,2,False,4,True,False
2026100005,9431,,2,4,5,5,0,1,True,,True,3,False,5,True,False
2026100005,9431,,2,5,3,2,-1,3,,,True,1,False,2,True,False
2026100005,9431,,2,6,4,4,0,1,True,,False,3,True,4,True,False
2026100005,9431,,2,7,5,5,0,1,True,,True,3,False,5,True,False
2026100005,9431,,2,8,4,4,0,2,False,ROUGH,False,3,True,4,True,False
2026100005,9431,,2,9,4,4,0,1,True,,True,2,False,4,True,False
2026100005,9431,,2,10,5,5,0,2,False,ROUGH,False,4,True,5,True,False
2026100005,9431,,2,11,3,3,0,3,,,True,1,False,3,True,False
2026100005,9431,,2,12,4,4,0,2,False,ROUGH,False,3,True,4,True,False
2026100005,9431,,2,13,4,4,0,1,True,,True,2,False,4,True,False
2026100005,9431,,2,14,4,4,0,1,True,,True,2,False,4,True,False
2026100005,9431,,2,15,4,4,0,1,True,,False,3,True,4,True,False
2026100005,9431,,2,16,3,2,-1,3,,,True,1,False,2,True,False
2026100005,9431,,2,17,4,4,0,1,True,,False,3,True,4,True,False
2026100005,9431,,2,18,5,5,0,1,True,,True,3,False,5,True,False
2026100005,9431,,3,1,4,4,0,1,True,,False,3,True,4,True,False
2026100005,9431,,3,2,3,3,0,3,,,True,1,False,3,True,False
2026100005,9431,,3,3,4,4,0,1,True,,True,2,False,4,True,False
2026100005,9431,,3,4,5,5,0,2,False,ROUGH,True,3,False,5,True,False
2026100005,9431,,3,5,3,4,1,2,,,False,2,True,4,False,False
2026100005,9431,,3,6,4,5,1,1,True,,False,3,True,5,False,False
2026100005,9431,,3,7,5,5,0,2,False,ROUGH,True,3,False,5,True,False
2026100005,9431,,3,8,4,4,0,1,True,,False,3,True,4,True,False
2026100005,9431,,3,9,4,5,1,2,False,ROUGH,False,3,True,5,False,False
2026100005,9431,,3,10,5,5,0,1,True,,True,3,False,5,True,False
2026100005,9431,,3,11,3,2,-1,3,,,True,1,False,2,True,False
2026100005,9431,,3,12,4,5,1,1,True,,True,2,False,5,False,False
2026100005,9431,,3,13,4,4,0,2,False,ROUGH,False,3,True,4,True,False
2026100005,9431,,3,14,4,4,0,2,False,ROUGH,True,2,False,4,True,False
2026100005,9431,,3,15,4,3,-1,1,True,,True,2,False,3,True,False
2026100005,9431,,3,16,3,3,0,3,,,True,1,False,3,True,False
2026100005,9431,,3,17,4,5,1,2,False,ROUGH,False,3,True,5,False,False
2026100005,9431,,3,18,5,5,0,2,False,ROUGH,True,3,False,5,True,False
2026100005,9431,,4,1,4,4,0,2,False,ROUGH,False,3,True,4,True,False
2026100005,9431,,4,2,3,2,-1,3,,,True,1,False,2,True,False
2026100005,9431,,4,3,4,3,-1,1,True,,False,,True,3,True,False
2026100005,9431,,4,4,5,6,1,1,True,,False,5,True,6,False,False
2026100005,9431,,4,5,3,3,0,2,,,False,2,True,3,True,False
2026100005,9431,,4,6,4,4,0,1,True,,True,2,False,4,True,False
2026100005,9431,,4,7,5,4,-1,2,False,ROUGH,True,3,False,4,True,False
2026100005,9431,,4,8,4,4,0,2,False,ROUGH,False,3,True,4,True,False
2026100005,9431,,4,9,4,3,-1,1,True,,True,2,False,3,True,False
2026100005,9431,,4,10,5,5,0,1,True,,True,3,False,5,True,False
2026100005,9431,,4,11,3,4,1,2,,,False,2,True,4,False,False
2026100005,9431,,4,12,4,6,2,2,False,ROUGH,False,4,True,6,False,False
2026100005,9431,,4,13,4,5,1,1,True,,True,2,False,5,False,False
2026100005,9431,,4,14,4,4,0,2,False,ROUGH,False,3,True,4,True,False
2026100005,9431,,4,15,4,4,0,2,False,ROUGH,False,3,True,4,True,False
2026100005,9431,,4,16,3,3,0,3,,,True,1,False,3,True,False
2026100005,9431,,4,17,4,4,0,2,False,ROUGH,False,3,True,4,True,False
2026100005,9431,,4,18,5,5,0,1,True,,True,3,False,5,True,False
2026100005,9436,,1,1,4,4,0,1,True,,True,2,False,4,True,False
2026100005,9436,,1,2,3,3,0,3,,,True,1,False,3,True,False
2026100005,9436,,1,3,4,4,0,1,True,,True,2,False,4,True,False
2026100005,9436,,1,4,5,5,0,1,True,,True,3,False,5,True,False
2026100005,9436,,1,5,3,3,0,3,,,True,1,False,3,True,False
2026100005,9436,,1,6,4,5,1,1,True,,False,3,True,5,False,False
2026100005,9436,,1,7,5,5,0,2,False,ROUGH,True,3,False,5,True,False
2026100005,9436,,1,8,4,5,1,1,True,,False,3,True,5,False,False
2026100005,9436,,1,9,4,4,0,2,False,ROUGH,False,3,True,4,True,False
2026100005,9436,,1,10,5,5,0,1,True,,False,4,True,5,True,False
2026100005,9436,,1,11,3,3,0,3,,,True,1,False,3,True,False
2026100005,9436,,1,12,4,4,0,1,True,,True,2,False,4,True,False
2026100005,9436,,1,13,4,4,0,2,False,ROUGH,True,2,False,4,True,False
2026100005,9436,,1,14,4,5,1,1,True,,False,3,True,5,False,False
2026100005,9436,,1,15,4,4,0,1,True,,True,2,False,4,True,False
2026100005,9436,,1,16,3,5,2,5,,,False,3,True,5,False,False
2026100005,9436,,1,17,4,4,0,1,True,,False,3,True,4,True,False
2026100005,9436,,1,18,5,5,0,1,True,,True,3,False,5,True,False
2026100005,9436,,2,1,4,4,0,1,True,,True,2,False,4,True,False
2026100005,9436,,2,2,3,2,-1,3,,,True,1,False,2,True,False
2026100005,9436,,2,3,4,4,0,1,True,,False,3,True,4,True,False
2026100005,9436,,2,4,5,6,1,2,False,ROUGH,False,4,True,6,False,False
2026100005,9436,,2,5,3,3,0,3,,,True,1,False,3,True,False
2026100005,9436,,2,6,4,7,3,1,True,,False,5,True,7,False,False
2026100005,9436,,2,7,5,5,0,1,True,,True,3,False,5,True,False
2026100005,9436,,2,8,4,7,3,2,False,ROUGH,False,5,True,7,False,False
2026100005,9436,,2,9,4,5,1,2,False,ROUGH,False,4,True,5,False,False
2026100005,9436,,2,10,5,5,0,2,False,ROUGH,True,3,False,5,True,False
2026100005,9436,,2,11,3,3,0,9,,,False,2,True,3,True,False
2026100005,9436,,2,12,4,5,1,1,True,,False,3,True,5,False,False
2026100005,9436,,2,13,4,4,0,1,True,,True,2,False,4,True,False
2026100005,9436,,2,14,4,4,0,2,False,ROUGH,True,2,False,4,True,False
2026100005,9436,,2,15,4,4,0,1,True,,True,2,False,4,True,False
2026100005,9436,,2,16,3,3,0,3,,,True,1,False,3,True,False
2026100005,9436,,2,17,4,5,1,2,False,ROUGH,False,3,True,5,False,False
2026100005,9436,,2,18,5,5,0,2,False,ROUGH,True,3,False,5,True,False
2026100005,9449,,1,1,4,4,0,1,True,,False,3,True,4,True,False
2026100005,9449,,1,2,3,3,0,3,,,True,1,False,3,True,False
2026100005,9449,,1,3,4,4,0,1,True,,True,2,False,4,True,False
2026100005,9449,,1,4,5,6,1,1,True,,True,3,False,6,False,False
2026100005,9449,,1,5,3,3,0,2,,,False,2,True,3,True,False
2026100005,9449,,1,6,4,4,0,2,False,ROUGH,False,3,True,4,True,False
2026100005,9449,,1,7,5,5,0,2,False,ROUGH,True,3,False,5,True,False
2026100005,9449,,1,8,4,4,0,2,False,ROUGH,False,3,True,4,True,False
2026100005,9449,,1,9,4,4,0,1,True,,True,2,False,4,True,False
2026100005,9449,,1,10,5,5,0,2,False,ROUGH,False,4,True,5,True,False
2026100005,9449,,1,11,3,3,0,3,,,True,1,False,3,True,False
2026100005,9449,,1,12,4,4,0,1,True,,True,2,False,4,True,False
2026100005,9449,,1,13,4,4,0,1,True,,True,2,False,4,True,False
2026100005,9449,,1,14,4,4,0,1,True,,True,2,False,4,True,False
2026100005,9449,,1,15,4,4,0,1,True,,True,2,False,4,True,False
2026100005,9449,,1,16,3,3,0,3,,,True,1,False,3,True,False
2026100005,9449,,1,17,4,3,-1,1,True,,True,2,False,3,True,False
2026100005,9449,,1,18,5,5,0,1,True,,True,3,False,5,True,False
2026100005,9449,,2,1,4,5,1,1,True,,False,3,True,5,False,False
2026100005,9449,,2,2,3,3,0,12,,,False,2,True,3,True,False
2026100005,9449,,2,3,4,5,1,1,True,,False,4,True,5,False,False
2026100005,9449,,2,4,5,6,1,1,True,,False,5,True,6,False,False
2026100005,9449,,2,5,3,3,0,3,,,True,1,False,3,True,False
2026100005,9449,,2,6,4,4,0,2,False,ROUGH,False,3,True,4,True,False
2026100005,9449,,2,7,5,5,0,1,True,,True,3,False,5,True,False
2026100005,9449,,2,8,4,4,0,2,False,ROUGH,True,2,False,4,True,False
2026100005,9449,,2,9,4,4,0,1,True,,False,3,True,4,True,False
2026100005,9449,,2,10,5,7,2,4,False,OB,False,5,True,7,False,False
2026100005,9449,,2,11,3,3,0,12,,,False,2,True,3,True,False
2026100005,9449,,2,12,4,4,0,1,True,,True,2,False,4,True,False
2026100005,9449,,2,13,4,4,0,1,True,,True,2,False,4,True,False
2026100005,9449,,2,14,4,4,0,1,True,,False,3,True,4,True,False
2026100005,9449,,2,15,4,4,0,1,True,,True,2,False,4,True,False
2026100005,9449,,2,16,3,2,-1,3,,,True,1,False,2,True,False
2026100005,9449,,2,17,4,6,2,1,True,,False,4,True,6,False,False
2026100005,9449,,2,18,5,6,1,2,False,ROUGH,False,4,True,6,False,False
2026100005,9449,,3,1,4,4,0,1,True,,True,2,False,4,True,False
2026100005,9449,,3,2,3,3,0,3,,,True,1,False,3,True,False
2026100005,9449,,3,3,4,4,0,1,True,,False,3,True,4,True,False
2026100005,9449,,3,4,5,5,0,1,True,,True,3,False,5,True,False
2026100005,9449,,3,5,3,3,0,2,,,False,2,True,3,True,False
2026100005,9449,,3,6,4,3,-1,1,True,,True,2,False,3,True,False
2026100005,9449,,3,7,5,5,0,1,True,,True,3,False,5,True,False
2026100005,9449,,3,8,4,4,0,1,True,,True,2,False,4,True,False
2026100005,9449,,3,9,4,3,-1,1,True,,True,2,False,3,True,False
2026100005,9449,,3,10,5,4,-1,2,False,ROUGH,True,3,False,4,True,False
2026100005,9449,,3,11,3,4,1,2,,,False,3,True,4,False,False
2026100005,9449,,3,12,4,3,-1,2,False,ROUGH,True,2,False,3,True,False
2026100005,9449,,3,13,4,3,-1,1,True,,True,2,False,3,True,False
2026100005,9449,,3,14,4,4,0,1,True,,True,2,False,4,True,False
2026100005,9449,,3,15,4,4,0,2,False,ROUGH,False,3,True,4,True,False
2026100005,9449,,3,16,3,3,0,3,,,True,1,False,3,True,False
2026100005,9449,,3,17,4,4,0,1,True,,True,2,False,4,True,False
2026100005,9449,,3,18,5,5,0,1,True,,True,3,False,5,True,False
2026100005,9449,,4,1,4,4,0,2,False,ROUGH,True,2,False,4,True,False
2026100005,9449,,4,2,3,3,0,3,,,True,1,False,3,True,False
2026100005,9449,,4,3,4,5,1,1,True,,True,2,False,5,False,False
2026100005,9449,,4,4,5,4,-1,1,True,,True,3,False,4,True,False
2026100005,9449,,4,5,3,3,0,2,,,False,2,True,3,True,False
2026100005,9449,,4,6,4,4,0,1,True,,False,3,True,4,True,False
2026100005,9449,,4,7,5,5,0,2,False,ROUGH,True,3,False,5,True,False
2026100005,9449,,4,8,4,3,-1,1,True,,True,2,False,3,True,False
2026100005,9449,,4,9,4,4,0,2,False,ROUGH,True,2,False,4,True,False
2026100005,9449,,4,10,5,5,0,1,True,,True,3,False,5,True,False
2026100005,9449,,4,11,3,3,0,3,,,True,1,False,3,True,False
2026100005,9449,,4,12,4,4,0,1,True,,True,2,False,4,True,False
2026100005,9449,,4,13,4,5,1,2,False,ROUGH,False,3,True,5,False,False
2026100005,9449,,4,14,4,4,0,2,False,ROUGH,True,2,False,4,True,False
2026100005,9449,,4,15,4,4,0,1,True,,True,2,False,4,True,False
2026100005,9449,,4,16,3,2,-1,3,,,True,1,False,2,True,False
2026100005,9449,,4,17,4,3,-1,1,True,,True,2,False,3,True,False
2026100005,9449,,4,18,5,5,0,1,True,,True,3,False,5,True,False
2026100005,9465,,1,1,4,4,0,6,False,BUNKER,True,2,False,4,True,False
2026100005,9465,,1,2,3,2,-1,3,,,True,1,False,2,True,False
2026100005,9465,,1,3,4,5,1,1,True,,False,3,True,5,False,False
2026100005,9465,,1,4,5,5,0,1,True,,True,3,False,5,True,False
2026100005,9465,,1,5,3,4,1,9,,,False,2,True,4,False,False
2026100005,9465,,1,6,4,4,0,2,False,ROUGH,False,3,True,4,True,False
2026100005,9465,,1,7,5,5,0,6,False,BUNKER,True,3,False,5,True,False
2026100005,9465,,1,8,4,5,1,2,False,ROUGH,True,2,False,5,False,False
2026100005,9465,,1,9,4,4,0,2,False,ROUGH,True,2,False,4,True,False
2026100005,9465,,1,10,5,6,1,2,False,ROUGH,True,3,False,6,False,False
2026100005,9465,,1,11,3,3,0,3,,,True,1,False,3,True,False
2026100005,9465,,1,12,4,4,0,2,False,ROUGH,False,3,True,4,True,False
2026100005,9465,,1,13,4,4,0,1,True,,True,2,False,4,True,False
2026100005,9465,,1,14,4,5,1,2,False,ROUGH,True,2,False,5,False,False
2026100005,9465,,1,15,4,4,0,1,True,,True,2,False,4,True,False
2026100005,9465,,1,16,3,2,-1,3,,,True,1,False,2,True,False
2026100005,9465,,1,17,4,4,0,2,False,ROUGH,True,2,False,4,True,False
2026100005,9465,,1,18,5,5,0,2,False,ROUGH,False,4,True,5,True,False
2026100005,9465,,2,1,4,5,1,6,False,BUNKER,False,3,True,5,False,False
2026100005,9465,,2,2,3,3,0,3,,,True,1,False,3,True,False
2026100005,9465,,2,3,4,4,0,1,True,,False,3,True,4,True,False
2026100005,9465,,2,4,5,5,0,2,False,ROUGH,True,3,False,5,True,False
2026100005,9465,,2,5,3,3,0,12,,,False,2,True,3,True,False
2026100005,9465,,2,6,4,4,0,1,True,,True,2,False,4,True,False
2026100005,9465,,2,7,5,5,0,2,False,ROUGH,True,3,False,5,True,False
2026100005,9465,,2,8,4,6,2,1,True,,False,4,True,6,False,False
2026100005,9465,,2,9,4,4,0,2,False,ROUGH,True,2,False,4,True,False
2026100005,9465,,2,10,5,5,0,1,True,,True,3,False,5,True,False
2026100005,9465,,2,11,3,4,1,2,,,False,2,True,4,False,False
2026100005,9465,,2,12,4,4,0,1,True,,True,2,False,4,True,False
2026100005,9465,,2,13,4,4,0,1,True,,True,2,False,4,True,False
2026100005,9465,,2,14,4,3,-1,1,True,,True,2,False,3,True,False
2026100005,9465,,2,15,4,3,-1,1,True,,True,2,False,3,True,False
2026100005,9465,,2,16,3,5,2,5,,,False,3,True,5,False,False
2026100005,9465,,2,17,4,5,1,2,False,ROUGH,False,3,True,5,False,False
2026100005,9465,,2,18,5,5,0,1,True,,False,4,True,5,True,False
2026100005,9465,,3,1,4,5,1,1,True,,True,2,False,5,False,False
2026100005,9465,,3,2,3,3,0,3,,,True,1,False,3,True,False
2026100005,9465,,3,3,4,4,0,1,True,,True,2,False,4,True,False
2026100005,9465,,3,4,5,5,0,1,True,,True,3,False,5,True,False
2026100005,9465,,3,5,3,3,0,3,,,True,1,False,3,True,False
2026100005,9465,,3,6,4,4,0,1,True,,False,3,True,4,True,False
2026100005,9465,,3,7,5,5,0,1,True,,True,3,False,5,True,False
2026100005,9465,,3,8,4,4,0,1,True,,True,2,False,4,True,False
2026100005,9465,,3,9,4,4,0,2,False,ROUGH,True,2,False,4,True,False
2026100005,9465,,3,10,5,4,-1,2,False,ROUGH,True,3,False,4,True,False
2026100005,9465,,3,11,3,3,0,3,,,True,1,False,3,True,False
2026100005,9465,,3,12,4,4,0,1,True,,False,3,True,4,True,False
2026100005,9465,,3,13,4,3,-1,1,True,,True,2,False,3,True,False
2026100005,9465,,3,14,4,4,0,1,True,,True,2,False,4,True,False
2026100005,9465,,3,15,4,5,1,2,False,ROUGH,False,4,True,5,False,False
2026100005,9465,,3,16,3,3,0,3,,,True,1,False,3,True,False
2026100005,9465,,3,17,4,3,-1,1,True,,True,2,False,3,True,False
2026100005,9465,,3,18,5,5,0,2,False,ROUGH,False,4,True,5,True,False
2026100005,9465,,4,1,4,5,1,2,False,ROUGH,False,3,True,5,False,False
2026100005,9465,,4,2,3,3,0,12,,,False,2,True,3,True,False
2026100005,9465,,4,3,4,5,1,1,True,,False,3,True,5,False,False
2026100005,9465,,4,4,5,5,0,1,True,,True,3,False,5,True,False
2026100005,9465,,4,5,3,3,0,3,,,True,1,False,3,True,False
2026100005,9465,,4,6,4,3,-1,1,True,,True,2,False,3,True,False
2026100005,9465,,4,7,5,4,-1,2,False,ROUGH,True,3,False,4,True,False
2026100005,9465,,4,8,4,4,0,1,True,,True,2,False,4,True,False
2026100005,9465,,4,9,4,5,1,2,False,ROUGH,True,2,False,5,False,False
2026100005,9465,,4,10,5,5,0,1,True,,True,3,False,5,True,False
2026100005,9465,,4,11,3,3,0,3,,,True,1,False,3,True,False
2026100005,9465,,4,12,4,4,0,2,False,ROUGH,False,3,True,4,True,False
2026100005,9465,,4,13,4,4,0,1,True,,True,2,False,4,True,False
2026100005,9465,,4,14,4,4,0,1,True,,False,3,True,4,True,False
2026100005,9465,,4,15,4,5,1,2,False,ROUGH,False,3,True,5,False,False
2026100005,9465,,4,16,3,3,0,3,,,True,1,False,3,True,False
2026100005,9465,,4,17,4,4,0,2,False,ROUGH,False,3,True,4,True,False
2026100005,9465,,4,18,5,5,0,1,True,,True,3,False,5,True,False
2026100005,9483,,1,1,4,4,0,1,True,,False,3,True,4,True,False
2026100005,9483,,1,2,3,3,0,3,,,True,1,False,3,True,False
2026100005,9483,,1,3,4,4,0,1,True,,False,3,True,4,True,False
2026100005,9483,,1,4,5,6,1,1,True,,True,3,False,6,False,False
2026100005,9483,,1,5,3,4,1,2,,,False,3,True,4,False,False
2026100005,9483,,1,6,4,4,0,1,True,,True,2,False,4,True,False
2026100005,9483,,1,7,5,5,0,1,True,,True,3,False,5,True,False
2026100005,9483,,1,8,4,5,1,2,False,ROUGH,False,4,True,5,False,False
2026100005,9483,,1,9,4,4,0,2,False,ROUGH,True,2,False,4,True,False
2026100005,9483,,1,10,5,5,0,1,True,,True,3,False,5,True,False
2026100005,9483,,1,11,3,4,1,2,,,False,2,True,4,False,False
2026100005,9483,,1,12,4,4,0,2,False,ROUGH,True,2,False,4,True,False
2026100005,9483,,1,13,4,5,1,1,True,,True,2,False,5,False,False
2026100005,9483,,1,14,4,4,0,2,False,ROUGH,True,2,False,4,True,False
2026100005,9483,,1,15,4,5,1,2,False,ROUGH,False,4,True,5,False,False
2026100005,9483,,1,16,3,3,0,12,,,False,2,True,3,True,False
2026100005,9483,,1,17,4,3,-1,1,True,,True,2,False,3,True,False
2026100005,9483,,1,18,5,5,0,1,True,,True,3,False,5,True,False
2026100005,9483,,2,1,4,6,2,1,True,,False,3,True,6,False,False
2026100005,9483,,2,2,3,3,0,3,,,True,1,False,3,True,False
2026100005,9483,,2,3,4,5,1,1,True,,False,3,True,5,False,False
2026100005,9483,,2,4,5,5,0,2,False,ROUGH,True,3,False,5,True,False
2026100005,9483,,2,5,3,3,0,3,,,True,1,False,3,True,False
2026100005,9483,,2,6,4,4,0,2,False,ROUGH,False,3,True,4,True,False
2026100005,9483,,2,7,5,5,0,1,True,,True,3,False,5,True,False
2026100005,9483,,2,8,4,4,0,1,True,,True,2,False,4,True,False
2026100005,9483,,2,9,4,4,0,2,False,ROUGH,False,3,True,4,True,False
2026100005,9483,,2,10,5,5,0,1,True,,False,4,True,5,True,False
2026100005,9483,,2,11,3,2,-1,3,,,True,1,False,2,True,False
2026100005,9483,,2,12,4,4,0,1,True,,True,2,False,4,True,False
2026100005,9483,,2,13,4,4,0,1,True,,True,2,False,4,True,False
2026100005,9483,,2,14,4,5,1,1,True,,False,4,True,5,False,False
2026100005,9483,,2,15,4,4,0,2,False,ROUGH,True,2,False,4,True,False
2026100005,9483,,2,16,3,2,-1,3,,,True,1,False,2,True,False
2026100005,9483,,2,17,4,3,-1,1,True,,True,2,False,3,True,False
2026100005,9483,,2,18,5,5,0,1,True,,True,3,False,5,True,False
2026100005,9483,,3,1,4,4,0,1,True,,True,2,False,4,True,False
2026100005,9483,,3,2,3,2,-1,2,,,False,,True,2,True,False
2026100005,9483,,3,3,4,4,0,1,True,,False,3,True,4,True,False
2026100005,9483,,3,4,5,6,1,2,False,ROUGH,True,3,False,6,False,False
2026100005,9483,,3,5,3,3,0,3,,,True,1,False,3,True,False
2026100005,9483,,3,6,4,5,1,1,True,,False,4,True,5,False,False
2026100005,9483,,3,7,5,5,0,2,False,ROUGH,True,3,False,5,True,False
2026100005,9483,,3,8,4,4,0,1,True,,True,2,False,4,True,False
2026100005,9483,,3,9,4,4,0,1,True,,False,3,True,4,True,False
2026100005,9483,,3,10,5,6,1,1,True,,False,4,True,6,False,False
2026100005,9483,,3,11,3,3,0,3,,,True,1,False,3,True,False
2026100005,9483,,3,12,4,4,0,2,False,ROUGH,False,3,True,4,True,False
2026100005,9483,,3,13,4,6,2,1,True,,False,3,True,6,False,False
2026100005,9483,,3,14,4,4,0,1,True,,True,2,False,4,True,False
2026100005,9483,,3,15,4,4,0,2,False,ROUGH,False,3,True,4,True,False
2026100005,9483,,3,16,3,3,0,3,,,True,1,False,3,True,False
2026100005,9483,,3,17,4,4,0,2,False,ROUGH,True,2,False,4,True,False
2026100005,9483,,3,18,5,6,1,1,True,,False,5,True,6,False,False
2026100005,9483,,4,1,4,4,0,2,False,ROUGH,False,3,True,4,True,False
2026100005,9483,,4,2,3,2,-1,3,,,True,1,False,2,True,False
2026100005,9483,,4,3,4,4,0,1,True,,True,2,False,4,True,False
2026100005,9483,,4,4,5,5,0,1,True,,True,3,False,5,True,False
2026100005,9483,,4,5,3,4,1,3,,,True,1,False,4,False,False
2026100005,9483,,4,6,4,3,-1,1,True,,True,2,False,3,True,False
2026100005,9483,,4,7,5,6,1,1,True,,True,3,False,6,False,False
2026100005,9483,,4,8,4,5,1,2,False,ROUGH,False,3,True,5,False,False
2026100005,9483,,4,9,4,3,-1,2,False,ROUGH,True,2,False,3,True,False
2026100005,9483,,4,10,5,5,0,2,False,ROUGH,True,3,False,5,True,False
2026100005,9483,,4,11,3,4,1,9,,,False,2,True,4,False,False
2026100005,9483,,4,12,4,4,0,1,True,,False,3,True,4,True,False
2026100005,9483,,4,13,4,3,-1,1,True,,True,2,False,3,True,False
2026100005,9483,,4,14,4,5,1,1,True,,False,3,True,5,False,False
2026100005,9483,,4,15,4,3,-1,2,False,ROUGH,False,,True,3,True,False
2026100005,9483,,4,16,3,3,0,3,,,True,1,False,3,True,False
2026100005,9483,,4,17,4,4,0,1,True,,True,2,False,4,True,False
2026100005,9483,,4,18,5,5,0,2,False,ROUGH,False,4,True,5,True,False
2026100005,9487,,1,1,4,4,0,2,False,ROUGH,True,2,False,4,True,False
2026100005,9487,,1,2,3,3,0,3,,,True,1,False,3,True,False
2026100005,9487,,1,3,4,6,2,1,True,,False,4,True,6,False,False
2026100005,9487,,1,4,5,5,0,1,True,,True,3,False,5,True,False
2026100005,9487,,1,5,3,4,1,12,,,False,2,True,4,False,False
2026100005,9487,,1,6,4,7,3,2,False,ROUGH,False,5,True,7,False,False
2026100005,9487,,1,7,5,5,0,1,True,,True,3,False,5,True,False
2026100005,9487,,1,8,4,3,-1,1,True,,True,2,False,3,True,False
2026100005,9487,,1,9,4,4,0,1,True,,True,2,False,4,True,False
2026100005,9487,,1,10,5,5,0,1,True,,False,4,True,5,True,False
2026100005,9487,,1,11,3,4,1,12,,,False,2,True,4,False,False
2026100005,9487,,1,12,4,4,0,1,True,,True,2,False,4,True,False
2026100005,9487,,1,13,4,4,0,6,False,BUNKER,True,2,False,4,True,False
2026100005,9487,,1,14,4,4,0,2,False,ROUGH,False,3,True,4,True,False
2026100005,9487,,1,15,4,4,0,1,True,,True,2,False,4,True,False
2026100005,9487,,1,16,3,3,0,3,,,True,1,False,3,True,False
2026100005,9487,,1,17,4,5,1,1,True,,False,3,True,5,False,False
2026100005,9487,,1,18,5,5,0,1,True,,True,3,False,5,True,False
2026100005,9487,,2,1,4,4,0,2,False,ROUGH,True,2,False,4,True,False
2026100005,9487,,2,2,3,3,0,3,,,True,1,False,3,True,False
2026100005,9487,,2,3,4,4,0,1,True,,True,2,False,4,True,False
2026100005,9487,,2,4,5,7,2,7,False,OTHER,False,5,True,7,False,False
2026100005,9487,,2,5,3,3,0,3,,,True,1,False,3,True,False
2026100005,9487,,2,6,4,4,0,1,True,,False,,True,4,True,False
2026100005,9487,,2,7,5,4,-1,1,True,,True,3,False,4,True,False
2026100005,9487,,2,8,4,5,1,2,False,ROUGH,False,4,True,5,False,False
2026100005,9487,,2,9,4,4,0,1,True,,False,3,True,4,True,False
2026100005,9487,,2,10,5,5,0,1,True,,False,4,True,5,True,False
2026100005,9487,,2,11,3,3,0,3,,,True,1,False,3,True,False
2026100005,9487,,2,12,4,6,2,1,True,,False,3,True,6,False,False
2026100005,9487,,2,13,4,4,0,1,True,,False,3,True,4,True,False
2026100005,9487,,2,14,4,5,1,1,True,,True,2,False,5,False,False
2026100005,9487,,2,15,4,3,-1,1,True,,True,2,False,3,True,False
2026100005,9487,,2,16,3,2,-1,3,,,True,1,False,2,True,False
2026100005,9487,,2,17,4,4,0,1,True,,True,2,False,4,True,False
2026100005,9487,,2,18,5,5,0,1,True,,False,4,True,5,True,False
2026100005,9652,,1,1,4,4,0,2,False,ROUGH,False,3,True,4,True,False
2026100005,9652,,1,2,3,4,1,5,,,False,3,True,4,False,False
2026100005,9652,,1,3,4,5,1,1,True,,False,3,True,5,False,False
2026100005,9652,,1,4,5,6,1,2,False,ROUGH,False,4,True,6,False,False
2026100005,9652,,1,5,3,3,0,3,,,True,1,False,3,True,False
2026100005,9652,,1,6,4,5,1,2,False,ROUGH,False,3,True,5,False,False
2026100005,9652,,1,7,5,4,-1,1,True,,True,3,False,4,True,False
2026100005,9652,,1,8,4,4,0,1,True,,True,2,False,4,True,False
2026100005,9652,,1,9,4,4,0,2,False,ROUGH,True,2,False,4,True,False
2026100005,9652,,1,10,5,5,0,1,True,,False,4,True,5,True,False
2026100005,9652,,1,11,3,4,1,2,,,False,2,True,4,False,False
2026100005,9652,,1,12,4,5,1,6,False,BUNKER,False,3,True,5,False,False
2026100005,9652,,1,13,4,4,0,1,True,,True,2,False,4,True,False
2026100005,9652,,1,14,4,4,0,1,True,,False,3,True,4,True,False
2026100005,9652,,1,15,4,5,1,2,False,ROUGH,False,3,True,5,False,False
2026100005,9652,,1,16,3,5,2,5,,,False,3,True,5,False,False
2026100005,9652,,1,17,4,4,0,1,True,,True,2,False,4,True,False
2026100005,9652,,1,18,5,5,0,2,False,ROUGH,False,4,True,5,True,False
2026100005,9652,,2,1,4,5,1,1,True,,True,2,False,5,False,False
2026100005,9652,,2,2,3,3,0,3,,,True,1,False,3,True,False
2026100005,9652,,2,3,4,4,0,1,True,,False,3,True,4,True,False
2026100005,9652,,2,4,5,5,0,2,False,ROUGH,True,3,False,5,True,False
2026100005,9652,,2,5,3,3,0,3,,,True,1,False,3,True,False
2026100005,9652,,2,6,4,4,0,1,True,,False,3,True,4,True,False
2026100005,9652,,2,7,5,4,-1,1,True,,True,3,False,4,True,False
2026100005,9652,,2,8,4,4,0,1,True,,True,2,False,4,True,False
2026100005,9652,,2,9,4,4,0,1,True,,True,2,False,4,True,False
2026100005,9652,,2,10,5,6,1,1,True,,True,3,False,6,False,False
2026100005,9652,,2,11,3,3,0,3,,,True,1,False,3,True,False
2026100005,9652,,2,12,4,4,0,2,False,ROUGH,False,3,True,4,True,False
2026100005,9652,,2,13,4,4,0,1,True,,True,2,False,4,True,False
2026100005,9652,,2,14,4,4,0,1,True,,True,2,False,4,True,False
2026100005,9652,,2,15,4,5,1,2,False,ROUGH,False,3,True,5,False,False
2026100005,9652,,2,16,3,3,0,3,,,True,1,False,3,True,False
2026100005,9652,,2,17,4,4,0,1,True,,True,2,False,4,True,False
2026100005,9652,,2,18,5,4,-1,2,False,ROUGH,True,3,False,4,True,False
2026100005,9652,,3,1,4,6,2,2,False,ROUGH,False,4,True,6,False,False
2026100005,9652,,3,2,3,3,0,3,,,True,1,False,3,True,False
2026100005,9652,,3,3,4,4,0,1,True,,True,2,False,4,True,False
2026100005,9652,,3,4,5,5,0,1,True,,True,3,False,5,True,False
2026100005,9652,,3,5,3,3,0,3,,,True,1,False,3,True,False
2026100005,9652,,3,6,4,4,0,2,False,ROUGH,False,3,True,4,True,False
2026100005,9652,,3,7,5,7,2,2,False,ROUGH,False,4,True,7,False,False
2026100005,9652,,3,8,4,4,0,1,True,,True,2,False,4,True,False
2026100005,9652,,3,9,4,4,0,1,True,,True,2,False,4,True,False
2026100005,9652,,3,10,5,5,0,2,False,ROUGH,True,3,False,5,True,False
2026100005,9652,,3,11,3,4,1,2,,,False,3,True,4,False,False
2026100005,9652,,3,12,4,4,0,1,True,,True,2,False,4,True,False
2026100005,9652,,3,13,4,4,0,6,False,BUNKER,True,2,False,4,True,False
2026100005,9652,,3,14,4,4,0,1,True,,True,2,False,4,True,False
2026100005,9652,,3,15,4,4,0,1,True,,True,2,False,4,True,False
2026100005,9652,,3,16,3,3,0,3,,,True,1,False,3,True,False
2026100005,9652,,3,17,4,4,0,1,True,,False,3,True,4,True,False
2026100005,9652,,3,18,5,5,0,1,True,,True,3,False,5,True,False
2026100005,9652,,4,1,4,4,0,1,True,,True,2,False,4,True,False
2026100005,9652,,4,2,3,3,0,3,,,True,1,False,3,True,False
2026100005,9652,,4,3,4,5,1,1,True,,False,3,True,5,False,False
2026100005,9652,,4,4,5,5,0,1,True,,False,4,True,5,True,False
2026100005,9652,,4,5,3,3,0,3,,,True,1,False,3,True,False
2026100005,9652,,4,6,4,5,1,2,False,ROUGH,False,3,True,5,False,False
2026100005,9652,,4,7,5,4,-1,1,True,,True,3,False,4,True,False
2026100005,9652,,4,8,4,3,-1,1,True,,True,2,False,3,True,False
2026100005,9652,,4,9,4,4,0,2,False,ROUGH,False,3,True,4,True,False
2026100005,9652,,4,10,5,5,0,2,False,ROUGH,False,4,True,5,True,False
2026100005,9652,,4,11,3,2,-1,3,,,True,1,False,2,True,False
2026100005,9652,,4,12,4,4,0,2,False,ROUGH,False,3,True,4,True,False
2026100005,9652,,4,13,4,4,0,1,True,,True,2,False,4,True,False
2026100005,9652,,4,14,4,4,0,1,True,,False,3,True,4,True,False
2026100005,9652,,4,15,4,4,0,2,False,ROUGH,False,3,True,4,True,False
2026100005,9652,,4,16,3,3,0,3,,,True,1,False,3,True,False
2026100005,9652,,4,17,4,4,0,2,False,ROUGH,True,2,False,4,True,False
2026100005,9652,,4,18,5,5,0,1,True,,True,3,False,5,True,False
2026100005,9702,,1,1,4,5,1,2,False,ROUGH,False,3,True,5,False,False
2026100005,9702,,1,2,3,3,0,3,,,True,1,False,3,True,False
2026100005,9702,,1,3,4,4,0,1,True,,True,2,False,4,True,False
2026100005,9702,,1,4,5,5,0,1,True,,True,3,False,5,True,False
2026100005,9702,,1,5,3,3,0,3,,,True,1,False,3,True,False
2026100005,9702,,1,6,4,5,1,1,True,,True,2,False,5,False,False
2026100005,9702,,1,7,5,5,0,1,True,,True,3,False,5,True,False
2026100005,9702,,1,8,4,5,1,2,False,ROUGH,False,3,True,5,False,False
2026100005,9702,,1,9,4,4,0,1,True,,True,2,False,4,True,False
2026100005,9702,,1,10,5,5,0,1,True,,False,4,True,5,True,False
2026100005,9702,,1,11,3,2,-1,3,,,True,1,False,2,True,False
2026100005,9702,,1,12,4,4,0,1,True,,True,2,False,4,True,False
2026100005,9702,,1,13,4,5,1,1,True,,False,3,True,5,False,False
2026100005,9702,,1,14,4,4,0,1,True,,True,2,False,4,True,False
2026100005,9702,,1,15,4,5,1,1,True,,True,2,False,5,False,False
2026100005,9702,,1,16,3,3,0,2,,,False,2,True,3,True,False
2026100005,9702,,1,17,4,4,0,2,False,ROUGH,False,,True,4,True,False
2026100005,9702,,1,18,5,6,1,2,False,ROUGH,False,4,True,6,False,False
2026100005,9702,,2,1,4,4,0,1,True,,False,3,True,4,True,False
2026100005,9702,,2,2,3,3,0,3,,,True,1,False,3,True,False
2026100005,9702,,2,3,4,5,1,1,True,,False,3,True,5,False,False
2026100005,9702,,2,4,5,6,1,1,True,,True,3,False,6,False,False
2026100005,9702,,2,5,3,3,0,3,,,True,1,False,3,True,False
2026100005,9702,,2,6,4,5,1,1,True,,False,3,True,5,False,False
2026100005,9702,,2,7,5,6,1,1,True,,True,3,False,6,False,False
2026100005,9702,,2,8,4,4,0,1,True,,False,3,True,4,True,False
2026100005,9702,,2,9,4,4,0,1,True,,True,2,False,4,True,False
2026100005,9702,,2,10,5,6,1,1,True,,False,4,True,6,False,False
2026100005,9702,,2,11,3,3,0,2,,,False,2,True,3,True,False
2026100005,9702,,2,12,4,5,1,2,False,ROUGH,False,3,True,5,False,False
2026100005,9702,,2,13,4,4,0,1,True,,False,3,True,4,True,False
2026100005,9702,,2,14,4,5,1,5,False,PENALTY,False,4,True,5,False,False
2026100005,9702,,2,15,4,4,0,1,True,,True,2,False,4,True,False
2026100005,9702,,2,16,3,3,0,3,,,True,1,False,3,True,False
2026100005,9702,,2,17,4,5,1,2,False,ROUGH,False,3,True,5,False,False
2026100005,9702,,2,18,5,5,0,2,False,ROUGH,True,3,False,5,True,False
2026100005,9705,,1,1,4,4,0,1,True,,False,3,True,4,True,False
2026100005,9705,,1,2,3,3,0,3,,,True,1,False,3,True,False
2026100005,9705,,1,3,4,5,1,1,True,,False,3,True,5,False,False
2026100005,9705,,1,4,5,5,0,1,True,,True,3,False,5,True,False
2026100005,9705,,1,5,3,4,1,3,,,True,1,False,4,False,False
2026100005,9705,,1,6,4,4,0,2,False,ROUGH,False,3,True,4,True,False
2026100005,9705,,1,7,5,5,0,2,False,ROUGH,True,3,False,5,True,False
2026100005,9705,,1,8,4,3,-1,1,True,,True,2,False,3,True,False
2026100005,9705,,1,9,4,4,0,1,True,,True,2,False,4,True,False
2026100005,9705,,1,10,5,5,0,2,False,ROUGH,False,4,True,5,True,False
2026100005,9705,,1,11,3,3,0,2,,,False,2,True,3,True,False
2026100005,9705,,1,12,4,4,0,1,True,,True,2,False,4,True,False
2026100005,9705,,1,13,4,4,0,1,True,,True,2,False,4,True,False
2026100005,9705,,1,14,4,4,0,1,True,,False,3,True,4,True,False
2026100005,9705,,1,15,4,5,1,2,False,ROUGH,False,3,True,5,False,False
2026100005,9705,,1,16,3,3,0,3,,,True,1,False,3,True,False
2026100005,9705,,1,17,4,3,-1,1,True,,False,,True,3,True,False
2026100005,9705,,1,18,5,5,0,1,True,,True,3,False,5,True,False
2026100005,9705,,2,1,4,5,1,2,False,ROUGH,False,3,True,5,False,False
2026100005,9705,,2,2,3,3,0,3,,,True,1,False,3,True,False
2026100005,9705,,2,3,4,4,0,1,True,,True,2,False,4,True,False
2026100005,9705,,2,4,5,5,0,1,True,,True,3,False,5,True,False
2026100005,9705,,2,5,3,3,0,3,,,True,1,False,3,True,False
2026100005,9705,,2,6,4,5,1,2,False,ROUGH,False,4,True,5,False,False
2026100005,9705,,2,7,5,5,0,1,True,,True,3,False,5,True,False
2026100005,9705,,2,8,4,4,0,1,True,,False,3,True,4,True,False
2026100005,9705,,2,9,4,5,1,2,False,ROUGH,True,2,False,5,False,False
2026100005,9705,,2,10,5,5,0,2,False,ROUGH,True,3,False,5,True,False
2026100005,9705,,2,11,3,3,0,3,,,True,1,False,3,True,False
2026100005,9705,,2,12,4,4,0,2,False,ROUGH,True,2,False,4,True,False
2026100005,9705,,2,13,4,4,0,1,True,,False,3,True,4,True,False
2026100005,9705,,2,14,4,5,1,1,True,,False,3,True,5,False,False
2026100005,9705,,2,15,4,5,1,1,True,,True,2,False,5,False,False
2026100005,9705,,2,16,3,3,0,3,,,True,1,False,3,True,False
2026100005,9705,,2,17,4,4,0,1,True,,False,3,True,4,True,False
2026100005,9705,,2,18,5,6,1,1,True,,False,4,True,6,False,False
2026100005,9705,,3,1,4,4,0,1,True,,True,2,False,4,True,False
2026100005,9705,,3,2,3,2,-1,3,,,True,1,False,2,True,False
2026100005,9705,,3,3,4,5,1,1,True,,False,3,True,5,False,False
2026100005,9705,,3,4,5,5,0,1,True,,True,3,False,5,True,False
2026100005,9705,,3,5,3,3,0,3,,,True,1,False,3,True,False
2026100005,9705,,3,6,4,4,0,1,True,,True,2,False,4,True,False
2026100005,9705,,3,7,5,5,0,1,True,,True,3,False,5,True,False
2026100005,9705,,3,8,4,5,1,1,True,,False,4,True,5,False,False
2026100005,9705,,3,9,4,5,1,2,False,ROUGH,True,2,False,5,False,False
2026100005,9705,,3,10,5,5,0,1,True,,True,3,False,5,True,False
2026100005,9705,,3,11,3,3,0,3,,,True,1,False,3,True,False
2026100005,9705,,3,12,4,3,-1,1,True,,False,,True,3,True,False
2026100005,9705,,3,13,4,3,-1,1,True,,True,2,False,3,True,False
2026100005,9705,,3,14,4,4,0,1,True,,False,3,True,4,True,False
2026100005,9705,,3,15,4,4,0,1,True,,True,2,False,4,True,False
2026100005,9705,,3,16,3,3,0,3,,,True,1,False,3,True,False
2026100005,9705,,3,17,4,4,0,2,False,ROUGH,True,2,False,4,True,False
2026100005,9705,,3,18,5,6,1,2,False,ROUGH,False,4,True,6,False,False
2026100005,9705,,4,1,4,5,1,1,True,,True,2,False,5,False,False
2026100005,9705,,4,2,3,3,0,3,,,True,1,False,3,True,False
2026100005,9705,,4,3,4,4,0,1,True,,False,3,True,4,True,False
2026100005,9705,,4,4,5,6,1,2,False,ROUGH,True,3,False,6,False,False
2026100005,9705,,4,5,3,3,0,3,,,True,1,False,3,True,False
2026100005,9705,,4,6,4,5,1,1,True,,False,3,True,5,False,False
2026100005,9705,,4,7,5,5,0,1,True,,True,3,False,5,True,False
2026100005,9705,,4,8,4,4,0,2,False,ROUGH,True,2,False,4,True,False
2026100005,9705,,4,9,4,5,1,2,False,ROUGH,False,3,True,5,False,False
2026100005,9705,,4,10,5,5,0,1,True,,True,3,False,5,True,False
2026100005,9705,,4,11,3,3,0,3,,,True,1,False,3,True,False
2026100005,9705,,4,12,4,4,0,1,True,,False,3,True,4,True,False
2026100005,9705,,4,13,4,4,0,1,True,,True,2,False,4,True,False
2026100005,9705,,4,14,4,3,-1,1,True,,True,2,False,3,True,False
2026100005,9705,,4,15,4,4,0,1,True,,True,2,False,4,True,False
2026100005,9705,,4,16,3,3,0,2,,,False,2,True,3,True,False
2026100005,9705,,4,17,4,4,0,1,True,,False,3,True,4,True,False
2026100005,9705,,4,18,5,5,0,2,False,ROUGH,False,4,True,5,True,False
2026100005,9708,,1,1,4,4,0,2,False,ROUGH,True,2,False,4,True,False
2026100005,9708,,1,2,3,3,0,3,,,True,1,False,3,True,False
2026100005,9708,,1,3,4,4,0,2,False,ROUGH,True,2,False,4,True,False
2026100005,9708,,1,4,5,6,1,1,True,,False,4,True,6,False,False
2026100005,9708,,1,5,3,3,0,9,,,False,2,True,3,True,False
2026100005,9708,,1,6,4,4,0,1,True,,True,2,False,4,True,False
2026100005,9708,,1,7,5,5,0,1,True,,True,3,False,5,True,False
2026100005,9708,,1,8,4,4,0,1,True,,False,3,True,4,True,False
2026100005,9708,,1,9,4,5,1,2,False,ROUGH,False,3,True,5,False,False
2026100005,9708,,1,10,5,5,0,1,True,,True,3,False,5,True,False
2026100005,9708,,1,11,3,4,1,2,,,False,2,True,4,False,False
2026100005,9708,,1,12,4,4,0,1,True,,True,2,False,4,True,False
2026100005,9708,,1,13,4,4,0,1,True,,True,2,False,4,True,False
2026100005,9708,,1,14,4,4,0,1,True,,True,2,False,4,True,False
2026100005,9708,,1,15,4,5,1,2,False,ROUGH,False,3,True,5,False,False
2026100005,9708,,1,16,3,3,0,5,,,False,2,True,3,True,False
2026100005,9708,,1,17,4,4,0,2,False,ROUGH,False,3,True,4,True,False
2026100005,9708,,1,18,5,5,0,2,False,ROUGH,True,3,False,5,True,False
2026100005,9708,,2,1,4,4,0,2,False,ROUGH,False,3,True,4,True,False
2026100005,9708,,2,2,3,3,0,2,,,False,2,True,3,True,False
2026100005,9708,,2,3,4,4,0,2,False,ROUGH,True,2,False,4,True,False
2026100005,9708,,2,4,5,6,1,1,True,,False,4,True,6,False,False
2026100005,9708,,2,5,3,3,0,9,,,False,2,True,3,True,False
2026100005,9708,,2,6,4,4,0,2,False,ROUGH,False,3,True,4,True,False
2026100005,9708,,2,7,5,5,0,1,True,,True,3,False,5,True,False
2026100005,9708,,2,8,4,4,0,2,False,ROUGH,True,2,False,4,True,False
2026100005,9708,,2,9,4,4,0,2,False,ROUGH,False,3,True,4,True,False
2026100005,9708,,2,10,5,5,0,1,True,,False,4,True,5,True,False
2026100005,9708,,2,11,3,4,1,2,,,False,3,True,4,False,False
2026100005,9708,,2,12,4,4,0,1,True,,True,2,False,4,True,False
2026100005,9708,,2,13,4,3,-1,1,True,,True,2,False,3,True,False
2026100005,9708,,2,14,4,5,1,1,True,,True,2,False,5,False,False
2026100005,9708,,2,15,4,5,1,2,False,ROUGH,False,3,True,5,False,False
2026100005,9708,,2,16,3,3,0,3,,,True,1,False,3,True,False
2026100005,9708,,2,17,4,4,0,1,True,,True,2,False,4,True,False
2026100005,9708,,2,18,5,5,0,1,True,,True,3,False,5,True,False
2026100005,9708,,3,1,4,5,1,1,True,,True,2,False,5,False,False
2026100005,9708,,3,2,3,3,0,3,,,True,1,False,3,True,False
2026100005,9708,,3,3,4,4,0,2,False,ROUGH,False,3,True,4,True,False
2026100005,9708,,3,4,5,5,0,1,True,,False,4,True,5,True,False
2026100005,9708,,3,5,3,3,0,3,,,True,1,False,3,True,False
2026100005,9708,,3,6,4,4,0,1,True,,True,2,False,4,True,False
2026100005,9708,,3,7,5,5,0,1,True,,True,3,False,5,True,False
2026100005,9708,,3,8,4,4,0,1,True,,True,2,False,4,True,False
2026100005,9708,,3,9,4,4,0,2,False,ROUGH,True,2,False,4,True,False
2026100005,9708,,3,10,5,6,1,2,False,ROUGH,True,3,False,6,False,False
2026100005,9708,,3,11,3,3,0,3,,,True,1,False,3,True,False
2026100005,9708,,3,12,4,4,0,2,False,ROUGH,False,3,True,4,True,False
2026100005,9708,,3,13,4,5,1,1,True,,False,3,True,5,False,False
2026100005,9708,,3,14,4,4,0,1,True,,True,2,False,4,True,False
2026100005,9708,,3,15,4,4,0,2,False,ROUGH,False,3,True,4,True,False
2026100005,9708,,3,16,3,2,-1,3,,,True,1,False,2,True,False
2026100005,9708,,3,17,4,4,0,2,False,ROUGH,True,2,False,4,True,False
2026100005,9708,,3,18,5,5,0,1,True,,True,3,False,5,True,False
2026100005,9708,,4,1,4,4,0,1,True,,False,3,True,4,True,False
2026100005,9708,,4,2,3,4,1,2,,,False,2,True,4,False,False
2026100005,9708,,4,3,4,4,0,1,True,,False,3,True,4,True,False
2026100005,9708,,4,4,5,5,0,2,False,ROUGH,True,3,False,5,True,False
2026100005,9708,,4,5,3,3,0,3,,,True,1,False,3,True,False
2026100005,9708,,4,6,4,3,-1,1,True,,True,2,False,3,True,False
2026100005,9708,,4,7,5,4,-1,2,False,ROUGH,True,3,False,4,True,False
2026100005,9708,,4,8,4,4,0,1,True,,False,3,True,4,True,False
2026100005,9708,,4,9,4,4,0,1,True,,True,2,False,4,True,False
2026100005,9708,,4,10,5,5,0,1,True,,True,3,False,5,True,False
2026100005,9708,,4,11,3,3,0,3,,,True,1,False,3,True,False
2026100005,9708,,4,12,4,4,0,2,False,ROUGH,False,3,True,4,True,False
2026100005,9708,,4,13,4,4,0,1,True,,True,2,False,4,True,False
2026100005,9708,,4,14,4,5,1,2,False,ROUGH,False,3,True,5,False,False
2026100005,9708,,4,15,4,4,0,2,False,ROUGH,True,2,False,4,True,False
2026100005,9708,,4,16,3,3,0,3,,,True,1,False,3,True,False
2026100005,9708,,4,17,4,4,0,1,True,,False,3,True,4,True,False
2026100005,9708,,4,18,5,5,0,2,False,ROUGH,True,3,False,5,True,False
2026100005,9714,,1,1,4,5,1,1,True,,True,2,False,5,False,False
2026100005,9714,,1,2,3,2,-1,3,,,True,1,False,2,True,False
2026100005,9714,,1,3,4,4,0,1,True,,True,2,False,4,True,False
2026100005,9714,,1,4,5,6,1,1,True,,False,5,True,6,False,False
2026100005,9714,,1,5,3,4,1,9,,,False,2,True,4,False,False
2026100005,9714,,1,6,4,5,1,1,True,,False,3,True,5,False,False
2026100005,9714,,1,7,5,5,0,1,True,,True,3,False,5,True,False
2026100005,9714,,1,8,4,4,0,2,False,ROUGH,False,3,True,4,True,False
2026100005,9714,,1,9,4,3,-1,1,True,,True,2,False,3,True,False
2026100005,9714,,1,10,5,6,1,2,False,ROUGH,False,4,True,6,False,False
2026100005,9714,,1,11,3,4,1,2,,,False,2,True,4,False,False
2026100005,9714,,1,12,4,5,1,1,True,,True,2,False,5,False,False
2026100005,9714,,1,13,4,5,1,1,True,,True,2,False,5,False,False
2026100005,9714,,1,14,4,4,0,1,True,,False,3,True,4,True,False
2026100005,9714,,1,15,4,4,0,2,False,ROUGH,True,2,False,4,True,False
2026100005,9714,,1,16,3,3,0,3,,,True,1,False,3,True,False
2026100005,9714,,1,17,4,3,-1,1,True,,True,2,False,3,True,False
2026100005,9714,,1,18,5,5,0,1,True,,True,3,False,5,True,False
2026100005,9714,,2,1,4,4,0,2,False,ROUGH,True,2,False,4,True,False
2026100005,9714,,2,2,3,3,0,3,,,True,1,False,3,True,False
2026100005,9714,,2,3,4,4,0,2,False,ROUGH,False,3,True,4,True,False
2026100005,9714,,2,4,5,5,0,1,True,,True,3,False,5,True,False
2026100005,9714,,2,5,3,3,0,3,,,True,1,False,3,True,False
2026100005,9714,,2,6,4,5,1,1,True,,False,3,True,5,False,False
2026100005,9714,,2,7,5,5,0,1,True,,True,3,False,5,True,False
2026100005,9714,,2,8,4,4,0,2,False,ROUGH,True,2,False,4,True,False
2026100005,9714,,2,9,4,5,1,2,False,ROUGH,False,3,True,5,False,False
2026100005,9714,,2,10,5,5,0,1,True,,False,4,True,5,True,False
2026100005,9714,,2,11,3,4,1,2,,,False,3,True,4,False,False
2026100005,9714,,2,12,4,4,0,1,True,,True,2,False,4,True,False
2026100005,9714,,2,13,4,4,0,1,True,,True,2,False,4,True,False
2026100005,9714,,2,14,4,5,1,1,True,,False,3,True,5,False,False
2026100005,9714,,2,15,4,4,0,1,True,,True,2,False,4,True,False
2026100005,9714,,2,16,3,3,0,3,,,True,1,False,3,True,False
2026100005,9714,,2,17,4,4,0,2,False,ROUGH,False,3,True,4,True,False
2026100005,9714,,2,18,5,6,1,2,False,ROUGH,False,4,True,6,False,False
2026100005,9723,,1,1,4,4,0,1,True,,True,2,False,4,True,False
2026100005,9723,,1,2,3,3,0,3,,,True,1,False,3,True,False
2026100005,9723,,1,3,4,4,0,1,True,,False,3,True,4,True,False
2026100005,9723,,1,4,5,5,0,2,False,ROUGH,True,3,False,5,True,False
2026100005,9723,,1,5,3,5,2,2,,,False,4,True,5,False,False
2026100005,9723,,1,6,4,6,2,7,False,OTHER,False,4,True,6,False,False
2026100005,9723,,1,7,5,4,-1,1,True,,True,3,False,4,True,False
2026100005,9723,,1,8,4,4,0,1,True,,True,2,False,4,True,False
2026100005,9723,,1,9,4,4,0,2,False,ROUGH,True,2,False,4,True,False
2026100005,9723,,1,10,5,5,0,2,False,ROUGH,False,4,True,5,True,False
2026100005,9723,,1,11,3,3,0,2,,,False,2,True,3,True,False
2026100005,9723,,1,12,4,4,0,2,False,ROUGH,False,3,True,4,True,False
2026100005,9723,,1,13,4,4,0,1,True,,True,2,False,4,True,False
2026100005,9723,,1,14,4,5,1,1,True,,True,2,False,5,False,False
2026100005,9723,,1,15,4,4,0,1,True,,True,2,False,4,True,False
2026100005,9723,,1,16,3,3,0,3,,,True,1,False,3,True,False
2026100005,9723,,1,17,4,5,1,2,False,ROUGH,False,3,True,5,False,False
2026100005,9723,,1,18,5,6,1,2,False,ROUGH,True,3,False,6,False,False
2026100005,9723,,2,1,4,4,0,1,True,,True,2,False,4,True,False
2026100005,9723,,2,2,3,4,1,2,,,False,2,True,4,False,False
2026100005,9723,,2,3,4,5,1,1,True,,False,3,True,5,False,False
2026100005,9723,,2,4,5,4,-1,1,True,,True,3,False,4,True,False
2026100005,9723,,2,5,3,2,-1,3,,,True,1,False,2,True,False
2026100005,9723,,2,6,4,4,0,1,True,,True,2,False,4,True,False
2026100005,9723,,2,7,5,5,0,2,False,ROUGH,True,3,False,5,True,False
2026100005,9723,,2,8,4,4,0,1,True,,True,2,False,4,True,False
2026100005,9723,,2,9,4,4,0,1,True,,True,2,False,4,True,False
2026100005,9723,,2,10,5,5,0,1,True,,False,4,True,5,True,False
2026100005,9723,,2,11,3,3,0,12,,,False,2,True,3,True,False
2026100005,9723,,2,12,4,5,1,2,False,ROUGH,False,3,True,5,False,False
2026100005,9723,,2,13,4,4,0,1,True,,True,2,False,4,True,False
2026100005,9723,,2,14,4,5,1,1,True,,True,2,False,5,False,False
2026100005,9723,,2,15,4,5,1,1,True,,True,2,False,5,False,False
2026100005,9723,,2,16,3,5,2,5,,,False,3,True,5,False,False
2026100005,9723,,2,17,4,4,0,1,True,,True,2,False,4,True,False
2026100005,9723,,2,18,5,5,0,1,True,,True,3,False,5,True,False
2026100005,9750,,1,1,4,6,2,2,False,ROUGH,False,3,True,6,False,False
2026100005,9750,,1,2,3,3,0,3,,,True,1,False,3,True,False
2026100005,9750,,1,3,4,4,0,1,True,,True,2,False,4,True,False
2026100005,9750,,1,4,5,4,-1,1,True,,True,3,False,4,True,False
2026100005,9750,,1,5,3,3,0,12,,,False,2,True,3,True,False
2026100005,9750,,1,6,4,5,1,2,False,ROUGH,False,3,True,5,False,False
2026100005,9750,,1,7,5,5,0,1,True,,True,3,False,5,True,False
2026100005,9750,,1,8,4,5,1,1,True,,False,3,True,5,False,False
2026100005,9750,,1,9,4,3,-1,1,True,,True,2,False,3,True,False
2026100005,9750,,1,10,5,8,3,4,False,OB,False,6,True,8,False,False
2026100005,9750,,1,11,3,3,0,3,,,True,1,False,3,True,False
2026100005,9750,,1,12,4,5,1,6,False,BUNKER,False,3,True,5,False,False
2026100005,9750,,1,13,4,5,1,6,False,BUNKER,False,4,True,5,False,False
2026100005,9750,,1,14,4,5,1,1,True,,False,3,True,5,False,False
2026100005,9750,,1,15,4,5,1,1,True,,False,3,True,5,False,False
2026100005,9750,,1,16,3,2,-1,3,,,True,1,False,2,True,False
2026100005,9750,,1,17,4,4,0,2,False,ROUGH,False,3,True,4,True,False
2026100005,9750,,1,18,5,5,0,1,True,,False,4,True,5,True,False
2026100005,9750,,2,1,4,4,0,1,True,,True,2,False,4,True,False
2026100005,9750,,2,2,3,3,0,3,,,True,1,False,3,True,False
2026100005,9750,,2,3,4,4,0,1,True,,False,3,True,4,True,False
2026100005,9750,,2,4,5,5,0,1,True,,False,4,True,5,True,False
2026100005,9750,,2,5,3,3,0,3,,,True,1,False,3,True,False
2026100005,9750,,2,6,4,4,0,1,True,,False,,True,4,True,False
2026100005,9750,,2,7,5,4,-1,2,False,ROUGH,True,3,False,4,True,False
2026100005,9750,,2,8,4,4,0,1,True,,False,3,True,4,True,False
2026100005,9750,,2,9,4,4,0,2,False,ROUGH,True,2,False,4,True,False
2026100005,9750,,2,10,5,5,0,2,False,ROUGH,True,3,False,5,True,False
2026100005,9750,,2,11,3,3,0,3,,,True,1,False,3,True,False
2026100005,9750,,2,12,4,5,1,6,False,BUNKER,False,3,True,5,False,False
2026100005,9750,,2,13,4,4,0,1,True,,True,2,False,4,True,False
2026100005,9750,,2,14,4,4,0,2,False,ROUGH,False,3,True,4,True,False
2026100005,9750,,2,15,4,6,2,2,False,ROUGH,False,3,True,6,False,False
2026100005,9750,,2,16,3,3,0,3,,,True,1,False,3,True,False
2026100005,9750,,2,17,4,4,0,2,False,ROUGH,True,2,False,4,True,False
2026100005,9750,,2,18,5,7,2,2,False,ROUGH,False,6,True,7,False,False
2026100005,9759,,1,1,4,5,1,1,True,,True,2,False,5,False,False
2026100005,9759,,1,2,3,7,4,2,,,False,4,True,7,False,False
2026100005,9759,,1,3,4,4,0,1,True,,True,2,False,4,True,False
2026100005,9759,,1,4,5,4,-1,1,True,,True,3,False,4,True,False
2026100005,9759,,1,5,3,3,0,9,,,False,2,True,3,True,False
2026100005,9759,,1,6,4,4,0,2,False,ROUGH,False,3,True,4,True,False
2026100005,9759,,1,7,5,7,2,1,True,,False,5,True,7,False,False
2026100005,9759,,1,8,4,4,0,2,False,ROUGH,False,3,True,4,True,False
2026100005,9759,,1,9,4,4,0,2,False,ROUGH,True,2,False,4,True,False
2026100005,9759,,1,10,5,4,-1,1,True,,True,3,False,4,True,False
2026100005,9759,,1,11,3,3,0,3,,,True,1,False,3,True,False
2026100005,9759,,1,12,4,4,0,2,False,ROUGH,True,2,False,4,True,False
2026100005,9759,,1,13,4,5,1,1,True,,True,2,False,5,False,False
2026100005,9759,,1,14,4,4,0,1,True,,True,2,False,4,True,False
2026100005,9759,,1,15,4,3,-1,1,True,,True,2,False,3,True,False
2026100005,9759,,1,16,3,3,0,3,,,True,1,False,3,True,False
2026100005,9759,,1,17,4,4,0,2,False,ROUGH,True,2,False,4,True,False
2026100005,9759,,1,18,5,5,0,2,False,ROUGH,True,3,False,5,True,False
2026100005,9759,,2,1,4,5,1,1,True,,False,3,True,5,False,False
2026100005,9759,,2,2,3,3,0,3,,,True,1,False,3,True,False
2026100005,9759,,2,3,4,4,0,1,True,,True,2,False,4,True,False
2026100005,9759,,2,4,5,6,1,1,True,,False,4,True,6,False,False
2026100005,9759,,2,5,3,4,1,12,,,False,2,True,4,False,False
2026100005,9759,,2,6,4,4,0,2,False,ROUGH,False,3,True,4,True,False
2026100005,9759,,2,7,5,5,0,6,False,BUNKER,True,3,False,5,True,False
2026100005,9759,,2,8,4,5,1,2,False,ROUGH,False,3,True,5,False,False
2026100005,9759,,2,9,4,3,-1,1,True,,True,2,False,3,True,False
2026100005,9759,,2,10,5,5,0,2,False,ROUGH,True,3,False,5,True,False
2026100005,9759,,2,11,3,3,0,12,,,False,2,True,3,True,False
2026100005,9759,,2,12,4,5,1,1,True,,True,2,False,5,False,False
2026100005,9759,,2,13,4,4,0,1,True,,True,2,False,4,True,False
2026100005,9759,,2,14,4,4,0,1,True,,True,2,False,4,True,False
2026100005,9759,,2,15,4,3,-1,1,True,,True,2,False,3,True,False
2026100005,9759,,2,16,3,3,0,3,,,True,1,False,3,True,False
2026100005,9759,,2,17,4,5,1,1,True,,False,3,True,5,False,False
2026100005,9759,,2,18,5,5,0,1,True,,True,3,False,5,True,False
2026100005,9759,,3,1,4,4,0,2,False,ROUGH,False,3,True,4,True,False
2026100005,9759,,3,2,3,3,0,3,,,True,1,False,3,True,False
2026100005,9759,,3,3,4,4,0,1,True,,True,2,False,4,True,False
2026100005,9759,,3,4,5,4,-1,1,True,,True,3,False,4,True,False
2026100005,9759,,3,5,3,3,0,3,,,True,1,False,3,True,False
2026100005,9759,,3,6,4,4,0,1,True,,True,2,False,4,True,False
2026100005,9759,,3,7,5,5,0,2,False,ROUGH,False,4,True,5,True,False
2026100005,9759,,3,8,4,6,2,2,False,ROUGH,False,4,True,6,False,False
2026100005,9759,,3,9,4,5,1,1,True,,False,3,True,5,False,False
2026100005,9759,,3,10,5,5,0,2,False,ROUGH,True,3,False,5,True,False
2026100005,9759,,3,11,3,4,1,2,,,False,2,True,4,False,False
2026100005,9759,,3,12,4,5,1,2,False,ROUGH,True,2,False,5,False,False
2026100005,9759,,3,13,4,4,0,1,True,,False,3,True,4,True,False
2026100005,9759,,3,14,4,4,0,1,True,,False,3,True,4,True,False
2026100005,9759,,3,15,4,4,0,2,False,ROUGH,False,3,True,4,True,False
2026100005,9759,,3,16,3,2,-1,3,,,True,1,False,2,True,False
2026100005,9759,,3,17,4,4,0,2,False,ROUGH,False,3,True,4,True,False
2026100005,9759,,3,18,5,5,0,2,False,ROUGH,True,3,False,5,True,False
2026100005,9759,,4,1,4,5,1,2,False,ROUGH,False,4,True,5,False,False
2026100005,9759,,4,2,3,3,0,2,,,False,2,True,3,True,False
2026100005,9759,,4,3,4,4,0,1,True,,True,2,False,4,True,False
2026100005,9759,,4,4,5,5,0,6,False,BUNKER,True,3,False,5,True,False
2026100005,9759,,4,5,3,3,0,9,,,False,2,True,3,True,False
2026100005,9759,,4,6,4,4,0,1,True,,True,2,False,4,True,False
2026100005,9759,,4,7,5,6,1,2,False,ROUGH,False,4,True,6,False,False
2026100005,9759,,4,8,4,4,0,1,True,,True,2,False,4,True,False
2026100005,9759,,4,9,4,4,0,2,False,ROUGH,True,2,False,4,True,False
2026100005,9759,,4,10,5,5,0,1,True,,False,4,True,5,True,False
2026100005,9759,,4,11,3,3,0,3,,,True,1,False,3,True,False
2026100005,9759,,4,12,4,3,-1,1,True,,False,,True,3,True,False
2026100005,9759,,4,13,4,4,0,1,True,,True,2,False,4,True,False
2026100005,9759,,4,14,4,3,-1,2,False,ROUGH,True,2,False,3,True,False
2026100005,9759,,4,15,4,4,0,2,False,ROUGH,False,3,True,4,True,False
2026100005,9759,,4,16,3,3,0,3,,,True,1,False,3,True,False
2026100005,9759,,4,17,4,4,0,1,True,,True,2,False,4,True,False
2026100005,9759,,4,18,5,5,0,2,False,ROUGH,True,3,False,5,True,False
2026100005,9765,,1,1,4,4,0,1,True,,False,3,True,4,True,False
2026100005,9765,,1,2,3,3,0,3,,,True,1,False,3,True,False
2026100005,9765,,1,3,4,4,0,1,True,,False,3,True,4,True,False
2026100005,9765,,1,4,5,5,0,2,False,ROUGH,True,3,False,5,True,False
2026100005,9765,,1,5,3,2,-1,9,,,False,,True,2,True,False
2026100005,9765,,1,6,4,4,0,1,True,,True,2,False,4,True,False
2026100005,9765,,1,7,5,5,0,1,True,,True,3,False,5,True,False
2026100005,9765,,1,8,4,6,2,1,True,,False,4,True,6,False,False
2026100005,9765,,1,9,4,5,1,2,False,ROUGH,True,2,False,5,False,False
2026100005,9765,,1,10,5,6,1,2,False,ROUGH,False,5,True,6,False,False
2026100005,9765,,1,11,3,4,1,3,,,True,1,False,4,False,False
2026100005,9765,,1,12,4,4,0,1,True,,False,3,True,4,True,False
2026100005,9765,,1,13,4,4,0,1,True,,True,2,False,4,True,False
2026100005,9765,,1,14,4,4,0,1,True,,True,2,False,4,True,False
2026100005,9765,,1,15,4,4,0,1,True,,True,2,False,4,True,False
2026100005,9765,,1,16,3,4,1,12,,,False,2,True,4,False,False
2026100005,9765,,1,17,4,3,-1,1,True,,True,2,False,3,True,False
2026100005,9765,,1,18,5,5,0,1,True,,True,3,False,5,True,False
2026100005,9765,,2,1,4,5,1,2,False,ROUGH,False,4,True,5,False,False
2026100005,9765,,2,2,3,5,2,5,,,False,3,True,5,False,False
2026100005,9765,,2,3,4,5,1,1,True,,False,3,True,5,False,False
2026100005,9765,,2,4,5,5,0,1,True,,True,3,False,5,True,False
2026100005,9765,,2,5,3,3,0,3,,,True,1,False,3,True,False
2026100005,9765,,2,6,4,5,1,2,False,ROUGH,False,3,True,5,False,False
2026100005,9765,,2,7,5,5,0,1,True,,True,3,False,5,True,False
2026100005,9765,,2,8,4,6,2,2,False,ROUGH,False,5,True,6,False,False
2026100005,9765,,2,9,4,3,-1,2,False,ROUGH,True,2,False,3,True,False
2026100005,9765,,2,10,5,5,0,1,True,,True,3,False,5,True,False
2026100005,9765,,2,11,3,3,0,2,,,False,,True,3,True,False
2026100005,9765,,2,12,4,4,0,1,True,,True,2,False,4,True,False
2026100005,9765,,2,13,4,3,-1,1,True,,False,,True,3,True,False
2026100005,9765,,2,14,4,4,0,2,False,ROUGH,False,3,True,4,True,False
2026100005,9765,,2,15,4,4,0,1,True,,True,2,False,4,True,False
2026100005,9765,,2,16,3,3,0,3,,,True,1,False,3,True,False
2026100005,9765,,2,17,4,4,0,2,False,ROUGH,True,2,False,4,True,False
2026100005,9765,,2,18,5,5,0,6,False,BUNKER,True,3,False,5,True,False
2026100005,9765,,3,1,4,4,0,1,True,,True,2,False,4,True,False
2026100005,9765,,3,2,3,3,0,12,,,False,2,True,3,True,False
2026100005,9765,,3,3,4,4,0,1,True,,True,2,False,4,True,False
2026100005,9765,,3,4,5,6,1,2,False,ROUGH,False,5,True,6,False,False
2026100005,9765,,3,5,3,3,0,9,,,False,2,True,3,True,False
2026100005,9765,,3,6,4,5,1,2,False,ROUGH,True,2,False,5,False,False
2026100005,9765,,3,7,5,8,3,1,True,,False,6,True,8,False,False
2026100005,9765,,3,8,4,4,0,2,False,ROUGH,False,3,True,4,True,False
2026100005,9765,,3,9,4,4,0,1,True,,True,2,False,4,True,False
2026100005,9765,,3,10,5,4,-1,1,True,,True,3,False,4,True,False
2026100005,9765,,3,11,3,3,0,2,,,False,2,True,3,True,False
2026100005,9765,,3,12,4,5,1,2,False,ROUGH,True,2,False,5,False,False
2026100005,9765,,3,13,4,4,0,2,False,ROUGH,False,3,True,4,True,False
2026100005,9765,,3,14,4,4,0,1,True,,True,2,False,4,True,False
2026100005,9765,,3,15,4,4,0,2,False,ROUGH,True,2,False,4,True,False
2026100005,9765,,3,16,3,3,0,3,,,True,1,False,3,True,False
2026100005,9765,,3,17,4,4,0,2,False,ROUGH,False,3,True,4,True,False
2026100005,9765,,3,18,5,5,0,2,False,ROUGH,True,3,False,5,True,False
2026100005,9765,,4,1,4,4,0,1,True,,False,3,True,4,True,False
2026100005,9765,,4,2,3,3,0,3,,,True,1,False,3,True,False
2026100005,9765,,4,3,4,4,0,1,True,,True,2,False,4,True,False
2026100005,9765,,4,4,5,5,0,1,True,,True,3,False,5,True,False
2026100005,9765,,4,5,3,3,0,3,,,True,1,False,3,True,False
2026100005,9765,,4,6,4,4,0,1,True,,True,2,False,4,True,False
2026100005,9765,,4,7,5,5,0,1,True,,True,3,False,5,True,False
2026100005,9765,,4,8,4,5,1,2,False,ROUGH,False,3,True,5,False,False
2026100005,9765,,4,9,4,4,0,1,True,,False,3,True,4,True,False
2026100005,9765,,4,10,5,6,1,2,False,ROUGH,True,3,False,6,False,False
2026100005,9765,,4,11,3,3,0,3,,,True,1,False,3,True,False
2026100005,9765,,4,12,4,4,0,1,True,,True,2,False,4,True,False
2026100005,9765,,4,13,4,4,0,1,True,,True,2,False,4,True,False
2026100005,9765,,4,14,4,5,1,1,True,,True,2,False,5,False,False
2026100005,9765,,4,15,4,5,1,2,False,ROUGH,False,4,True,5,False,False
2026100005,9765,,4,16,3,5,2,5,,,False,3,True,5,False,False
2026100005,9765,,4,17,4,5,1,2,False,ROUGH,False,3,True,5,False,False
2026100005,9765,,4,18,5,5,0,1,True,,True,3,False,5,True,False
2026100005,9784,,1,1,4,4,0,1,True,,True,2,False,4,True,False
2026100005,9784,,1,2,3,3,0,3,,,True,1,False,3,True,False
2026100005,9784,,1,3,4,4,0,1,True,,True,2,False,4,True,False
2026100005,9784,,1,4,5,5,0,2,False,ROUGH,False,4,True,5,True,False
2026100005,9784,,1,5,3,4,1,12,,,False,2,True,4,False,False
2026100005,9784,,1,6,4,3,-1,2,False,ROUGH,True,2,False,3,True,False
2026100005,9784,,1,7,5,4,-1,1,True,,True,3,False,4,True,False
2026100005,9784,,1,8,4,4,0,2,False,ROUGH,True,2,False,4,True,False
2026100005,9784,,1,9,4,4,0,1,True,,True,2,False,4,True,False
2026100005,9784,,1,10,5,5,0,1,True,,True,3,False,5,True,False
2026100005,9784,,1,11,3,3,0,2,,,False,,True,3,True,False
2026100005,9784,,1,12,4,5,1,1,True,,False,3,True,5,False,False
2026100005,9784,,1,13,4,5,1,2,False,ROUGH,False,3,True,5,False,False
2026100005,9784,,1,14,4,5,1,1,True,,False,3,True,5,False,False
2026100005,9784,,1,15,4,4,0,2,False,ROUGH,False,3,True,4,True,False
2026100005,9784,,1,16,3,3,0,3,,,True,1,False,3,True,False
2026100005,9784,,1,17,4,5,1,1,True,,True,2,False,5,False,False
2026100005,9784,,1,18,5,5,0,1,True,,True,3,False,5,True,False
2026100005,9784,,2,1,4,4,0,1,True,,True,2,False,4,True,False
2026100005,9784,,2,2,3,2,-1,3,,,True,1,False,2,True,False
2026100005,9784,,2,3,4,4,0,1,True,,True,2,False,4,True,False
2026100005,9784,,2,4,5,5,0,1,True,,True,3,False,5,True,False
2026100005,9784,,2,5,3,3,0,9,,,False,2,True,3,True,False
2026100005,9784,,2,6,4,5,1,1,True,,False,3,True,5,False,False
2026100005,9784,,2,7,5,4,-1,1,True,,True,3,False,4,True,False
2026100005,9784,,2,8,4,3,-1,1,True,,True,2,False,3,True,False
2026100005,9784,,2,9,4,4,0,1,True,,True,2,False,4,True,False
2026100005,9784,,2,10,5,5,0,1,True,,True,3,False,5,True,False
2026100005,9784,,2,11,3,4,1,12,,,False,2,True,4,False,False
2026100005,9784,,2,12,4,3,-1,1,True,,True,2,False,3,True,False
2026100005,9784,,2,13,4,4,0,6,False,BUNKER,True,2,False,4,True,False
2026100005,9784,,2,14,4,5,1,1,True,,False,3,True,5,False,False
2026100005,9784,,2,15,4,4,0,2,False,ROUGH,False,3,True,4,True,False
2026100005,9784,,2,16,3,3,0,3,,,True,1,False,3,True,False
2026100005,9784,,2,17,4,4,0,1,True,,False,3,True,4,True,False
2026100005,9784,,2,18,5,5,0,1,True,,False,4,True,5,True,False
2026100005,9784,,3,1,4,5,1,6,False,BUNKER,False,3,True,5,False,False
2026100005,9784,,3,2,3,3,0,2,,,False,2,True,3,True,False
2026100005,9784,,3,3,4,4,0,1,True,,True,2,False,4,True,False
2026100005,9784,,3,4,5,5,0,1,True,,False,4,True,5,True,False
2026100005,9784,,3,5,3,3,0,3,,,True,1,False,3,True,False
2026100005,9784,,3,6,4,3,-1,1,True,,True,2,False,3,True,False
2026100005,9784,,3,7,5,5,0,2,False,ROUGH,True,3,False,5,True,False
2026100005,9784,,3,8,4,4,0,1,True,,True,2,False,4,True,False
2026100005,9784,,3,9,4,4,0,1,True,,True,2,False,4,True,False
2026100005,9784,,3,10,5,5,0,1,True,,True,3,False,5,True,False
2026100005,9784,,3,11,3,3,0,2,,,False,2,True,3,True,False
2026100005,9784,,3,12,4,4,0,1,True,,True,2,False,4,True,False
2026100005,9784,,3,13,4,4,0,1,True,,False,3,True,4,True,False
2026100005,9784,,3,14,4,4,0,2,False,ROUGH,False,3,True,4,True,False
2026100005,9784,,3,15,4,4,0,1,True,,True,2,False,4,True,False
2026100005,9784,,3,16,3,3,0,3,,,True,1,False,3,True,False
2026100005,9784,,3,17,4,3,-1,1,True,,True,2,False,3,True,False
2026100005,9784,,3,18,5,5,0,1,True,,True,3,False,5,True,False
2026100005,9784,,4,1,4,5,1,2,False,ROUGH,True,2,False,5,False,False
2026100005,9784,,4,2,3,3,0,3,,,True,1,False,3,True,False
2026100005,9784,,4,3,4,4,0,1,True,,False,3,True,4,True,False
2026100005,9784,,4,4,5,5,0,2,False,ROUGH,True,3,False,5,True,False
2026100005,9784,,4,5,3,3,0,3,,,True,1,False,3,True,False
2026100005,9784,,4,6,4,4,0,1,True,,True,2,False,4,True,False
2026100005,9784,,4,7,5,5,0,1,True,,False,4,True,5,True,False
2026100005,9784,,4,8,4,4,0,2,False,ROUGH,False,3,True,4,True,False
2026100005,9784,,4,9,4,4,0,1,True,,True,2,False,4,True,False
2026100005,9784,,4,10,5,5,0,1,True,,False,4,True,5,True,False
2026100005,9784,,4,11,3,3,0,3,,,True,1,False,3,True,False
2026100005,9784,,4,12,4,5,1,2,False,ROUGH,False,3,True,5,False,False
2026100005,9784,,4,13,4,4,0,1,True,,True,2,False,4,True,False
2026100005,9784,,4,14,4,4,0,1,True,,False,3,True,4,True,False
2026100005,9784,,4,15,4,6,2,1,True,,False,4,True,6,False,False
2026100005,9784,,4,16,3,2,-1,3,,,True,1,False,2,True,False
2026100005,9784,,4,17,4,3,-1,1,True,,True,2,False,3,True,False
2026100005,9784,,4,18,5,5,0,2,False,ROUGH,False,4,True,5,True,False
2026100005,9820,,1,1,4,4,0,2,False,ROUGH,False,3,True,4,True,False
2026100005,9820,,1,2,3,3,0,3,,,True,1,False,3,True,False
2026100005,9820,,1,3,4,3,-1,1,True,,True,2,False,3,True,False
2026100005,9820,,1,4,5,6,1,2,False,ROUGH,False,4,True,6,False,False
2026100005,9820,,1,5,3,3,0,3,,,True,1,False,3,True,False
2026100005,9820,,1,6,4,5,1,1,True,,False,3,True,5,False,False
2026100005,9820,,1,7,5,7,2,1,True,,False,5,True,7,False,False
2026100005,9820,,1,8,4,9,5,2,False,ROUGH,False,8,True,9,False,False
2026100005,9820,,1,9,4,3,-1,1,True,,True,2,False,3,True,False
2026100005,9820,,1,10,5,5,0,1,True,,True,3,False,5,True,False
2026100005,9820,,1,11,3,3,0,3,,,True,1,False,3,True,False
2026100005,9820,,1,12,4,3,-1,1,True,,True,2,False,3,True,False
2026100005,9820,,1,13,4,4,0,2,False,ROUGH,True,2,False,4,True,False
2026100005,9820,,1,14,4,4,0,1,True,,True,2,False,4,True,False
2026100005,9820,,1,15,4,3,-1,1,True,,True,2,False,3,True,False
2026100005,9820,,1,16,3,3,0,2,,,False,2,True,3,True,False
2026100005,9820,,1,17,4,5,1,1,True,,False,3,True,5,False,False
2026100005,9820,,1,18,5,4,-1,1,True,,True,3,False,4,True,False
2026100005,9820,,2,1,4,6,2,6,False,BUNKER,False,3,True,6,False,False
2026100005,9820,,2,2,3,4,1,3,,,True,1,False,4,False,False
2026100005,9820,,2,3,4,5,1,2,False,ROUGH,False,3,True,5,False,False
2026100005,9820,,2,4,5,5,0,1,True,,True,3,False,5,True,False
2026100005,9820,,2,5,3,3,0,9,,,False,2,True,3,True,False
2026100005,9820,,2,6,4,5,1,1,True,,False,4,True,5,False,False
2026100005,9820,,2,7,5,4,-1,1,True,,True,3,False,4,True,False
2026100005,9820,,2,8,4,4,0,1,True,,True,2,False,4,True,False
2026100005,9820,,2,9,4,4,0,1,True,,True,2,False,4,True,False
2026100005,9820,,2,10,5,5,0,1,True,,True,3,False,5,True,False
2026100005,9820,,2,11,3,3,0,3,,,True,1,False,3,True,False
2026100005,9820,,2,12,4,3,-1,1,True,,True,2,False,3,True,False
2026100005,9820,,2,13,4,4,0,1,True,,True,2,False,4,True,False
2026100005,9820,,2,14,4,3,-1,1,True,,True,2,False,3,True,False
2026100005,9820,,2,15,4,4,0,2,False,ROUGH,False,3,True,4,True,False
2026100005,9820,,2,16,3,3,0,3,,,True,1,False,3,True,False
2026100005,9820,,2,17,4,4,0,1,True,,True,2,False,4,True,False
2026100005,9820,,2,18,5,5,0,1,True,,True,3,False,5,True,False
2026100005,9820,,3,1,4,5,1,6,False,BUNKER,False,4,True,5,False,False
2026100005,9820,,3,2,3,3,0,3,,,True,1,False,3,True,False
2026100005,9820,,3,3,4,4,0,1,True,,False,3,True,4,True,False
2026100005,9820,,3,4,5,5,0,1,True,,False,4,True,5,True,False
2026100005,9820,,3,5,3,4,1,9,,,False,2,True,4,False,False
2026100005,9820,,3,6,4,3,-1,1,True,,True,2,False,3,True,False
2026100005,9820,,3,7,5,5,0,2,False,ROUGH,True,3,False,5,True,False
2026100005,9820,,3,8,4,3,-1,1,True,,True,2,False,3,True,False
2026100005,9820,,3,9,4,4,0,1,True,,True,2,False,4,True,False
2026100005,9820,,3,10,5,4,-1,1,True,,True,3,False,4,True,False
2026100005,9820,,3,11,3,3,0,3,,,True,1,False,3,True,False
2026100005,9820,,3,12,4,4,0,1,True,,True,2,False,4,True,False
2026100005,9820,,3,13,4,4,0,1,True,,False,3,True,4,True,False
2026100005,9820,,3,14,4,4,0,2,False,ROUGH,True,2,False,4,True,False
2026100005,9820,,3,15,4,4,0,1,True,,False,3,True,4,True,False
2026100005,9820,,3,16,3,3,0,3,,,True,1,False,3,True,False
2026100005,9820,,3,17,4,4,0,1,True,,False,3,True,4,True,False
2026100005,9820,,3,18,5,5,0,2,False,ROUGH,True,3,False,5,True,False
2026100005,9820,,4,1,4,4,0,2,False,ROUGH,False,3,True,4,True,False
2026100005,9820,,4,2,3,3,0,12,,,False,2,True,3,True,False
2026100005,9820,,4,3,4,5,1,1,True,,True,2,False,5,False,False
2026100005,9820,,4,4,5,5,0,1,True,,True,3,False,5,True,False
2026100005,9820,,4,5,3,2,-1,3,,,True,1,False,2,True,False
2026100005,9820,,4,6,4,4,0,2,False,ROUGH,False,3,True,4,True,False
2026100005,9820,,4,7,5,5,0,1,True,,True,3,False,5,True,False
2026100005,9820,,4,8,4,4,0,2,False,ROUGH,True,2,False,4,True,False
2026100005,9820,,4,9,4,4,0,1,True,,True,2,False,4,True,False
2026100005,9820,,4,10,5,6,1,2,False,ROUGH,False,4,True,6,False,False
2026100005,9820,,4,11,3,3,0,3,,,True,1,False,3,True,False
2026100005,9820,,4,12,4,4,0,1,True,,False,3,True,4,True,False
2026100005,9820,,4,13,4,4,0,1,True,,True,2,False,4,True,False
2026100005,9820,,4,14,4,5,1,2,False,ROUGH,False,4,True,5,False,False
2026100005,9820,,4,15,4,5,1,1,True,,True,2,False,5,False,False
2026100005,9820,,4,16,3,3,0,3,,,True,1,False,3,True,False
2026100005,9820,,4,17,4,4,0,1,True,,True,2,False,4,True,False
2026100005,9820,,4,18,5,5,0,2,False,ROUGH,False,4,True,5,True,False
2026100005,9937,,1,1,4,5,1,1,True,,True,2,False,5,False,False
2026100005,9937,,1,2,3,3,0,3,,,True,1,False,3,True,False
2026100005,9937,,1,3,4,5,1,1,True,,False,3,True,5,False,False
2026100005,9937,,1,4,5,5,0,1,True,,True,3,False,5,True,False
2026100005,9937,,1,5,3,3,0,3,,,True,1,False,3,True,False
2026100005,9937,,1,6,4,4,0,1,True,,False,3,True,4,True,False
2026100005,9937,,1,7,5,5,0,1,True,,False,4,True,5,True,False
2026100005,9937,,1,8,4,5,1,1,True,,True,2,False,5,False,False
2026100005,9937,,1,9,4,5,1,2,False,ROUGH,False,3,True,5,False,False
2026100005,9937,,1,10,5,6,1,1,True,,False,4,True,6,False,False
2026100005,9937,,1,11,3,3,0,3,,,True,1,False,3,True,False
2026100005,9937,,1,12,4,5,1,6,False,BUNKER,False,3,True,5,False,False
2026100005,9937,,1,13,4,5,1,2,False,ROUGH,False,3,True,5,False,False
2026100005,9937,,1,14,4,5,1,1,True,,True,2,False,5,False,False
2026100005,9937,,1,15,4,4,0,2,False,ROUGH,False,3,True,4,True,False
2026100005,9937,,1,16,3,3,0,3,,,True,1,False,3,True,False
2026100005,9937,,1,17,4,4,0,2,False,ROUGH,False,3,True,4,True,False
2026100005,9937,,1,18,5,4,-1,1,True,,True,3,False,4,True,False
2026100005,9937,,2,1,4,4,0,1,True,,True,2,False,4,True,False
2026100005,9937,,2,2,3,3,0,3,,,True,1,False,3,True,False
2026100005,9937,,2,3,4,5,1,1,True,,False,3,True,5,False,False
2026100005,9937,,2,4,5,5,0,1,True,,True,3,False,5,True,False
2026100005,9937,,2,5,3,3,0,3,,,True,1,False,3,True,False
2026100005,9937,,2,6,4,5,1,2,False,ROUGH,False,4,True,5,False,False
2026100005,9937,,2,7,5,5,0,2,False,ROUGH,True,3,False,5,True,False
2026100005,9937,,2,8,4,5,1,2,False,ROUGH,False,4,True,5,False,False
2026100005,9937,,2,9,4,4,0,1,True,,True,2,False,4,True,False
2026100005,9937,,2,10,5,5,0,1,True,,True,3,False,5,True,False
2026100005,9937,,2,11,3,3,0,3,,,True,1,False,3,True,False
2026100005,9937,,2,12,4,4,0,2,False,ROUGH,True,2,False,4,True,False
2026100005,9937,,2,13,4,4,0,1,True,,False,3,True,4,True,False
2026100005,9937,,2,14,4,4,0,1,True,,True,2,False,4,True,False
2026100005,9937,,2,15,4,4,0,2,False,ROUGH,False,3,True,4,True,False
2026100005,9937,,2,16,3,3,0,2,,,False,2,True,3,True,False
2026100005,9937,,2,17,4,4,0,2,False,ROUGH,False,3,True,4,True,False
2026100005,9937,,2,18,5,5,0,2,False,ROUGH,True,3,False,5,True,False
2026100005,9990,,1,1,4,4,0,2,False,ROUGH,False,3,True,4,True,False
2026100005,9990,,1,2,3,4,1,3,,,True,1,False,4,False,False
2026100005,9990,,1,3,4,4,0,1,True,,True,2,False,4,True,False
2026100005,9990,,1,4,5,5,0,1,True,,True,3,False,5,True,False
2026100005,9990,,1,5,3,3,0,12,,,False,2,True,3,True,False
2026100005,9990,,1,6,4,3,-1,1,True,,True,2,False,3,True,False
2026100005,9990,,1,7,5,5,0,1,True,,True,3,False,5,True,False
2026100005,9990,,1,8,4,5,1,2,False,ROUGH,False,4,True,5,False,False
2026100005,9990,,1,9,4,4,0,1,True,,True,2,False,4,True,False
2026100005,9990,,1,10,5,5,0,1,True,,False,4,True,5,True,False
2026100005,9990,,1,11,3,3,0,3,,,True,1,False,3,True,False
2026100005,9990,,1,12,4,4,0,1,True,,True,2,False,4,True,False
2026100005,9990,,1,13,4,3,-1,1,True,,True,2,False,3,True,False
2026100005,9990,,1,14,4,3,-1,2,False,ROUGH,True,2,False,3,True,False
2026100005,9990,,1,15,4,4,0,2,False,ROUGH,True,2,False,4,True,False
2026100005,9990,,1,16,3,3,0,3,,,True,1,False,3,True,False
2026100005,9990,,1,17,4,5,1,2,False,ROUGH,True,2,False,5,False,False
2026100005,9990,,1,18,5,4,-1,2,False,ROUGH,True,3,False,4,True,False
2026100005,9990,,2,1,4,4,0,1,True,,False,3,True,4,True,False
2026100005,9990,,2,2,3,5,2,5,,,False,3,True,5,False,False
2026100005,9990,,2,3,4,4,0,1,True,,True,2,False,4,True,False
2026100005,9990,,2,4,5,5,0,2,False,ROUGH,True,3,False,5,True,False
2026100005,9990,,2,5,3,4,1,12,,,False,2,True,4,False,False
2026100005,9990,,2,6,4,4,0,2,False,ROUGH,False,3,True,4,True,False
2026100005,9990,,2,7,5,5,0,1,True,,True,3,False,5,True,False
2026100005,9990,,2,8,4,4,0,1,True,,True,2,False,4,True,False
2026100005,9990,,2,9,4,4,0,1,True,,True,2,False,4,True,False
2026100005,9990,,2,10,5,4,-1,1,True,,False,,True,4,True,False
2026100005,9990,,2,11,3,4,1,3,,,True,1,False,4,False,False
2026100005,9990,,2,12,4,4,0,2,False,ROUGH,True,2,False,4,True,False
2026100005,9990,,2,13,4,5,1,2,False,ROUGH,False,4,True,5,False,False
2026100005,9990,,2,14,4,4,0,1,True,,True,2,False,4,True,False
2026100005,9990,,2,15,4,4,0,1,True,,False,3,True,4,True,False
2026100005,9990,,2,16,3,3,0,3,,,True,1,False,3,True,False
2026100005,9990,,2,17,4,3,-1,1,True,,True,2,False,3,True,False
2026100005,9990,,2,18,5,5,0,1,True,,True,3,False,5,True,False
2026100005,9990,,3,1,4,5,1,1,True,,False,3,True,5,False,False
2026100005,9990,,3,2,3,2,-1,3,,,True,1,False,2,True,False
2026100005,9990,,3,3,4,4,0,1,True,,True,2,False,4,True,False
2026100005,9990,,3,4,5,5,0,1,True,,False,4,True,5,True,False
2026100005,9990,,3,5,3,3,0,3,,,True,1,False,3,True,False
2026100005,9990,,3,6,4,4,0,1,True,,True,2,False,4,True,False
2026100005,9990,,3,7,5,5,0,1,True,,True,3,False,5,True,False
2026100005,9990,,3,8,4,4,0,1,True,,False,3,True,4,True,False
2026100005,9990,,3,9,4,5,1,2,False,ROUGH,True,2,False,5,False,False
2026100005,9990,,3,10,5,5,0,1,True,,False,4,True,5,True,False
2026100005,9990,,3,11,3,4,1,3,,,True,1,False,4,False,False
2026100005,9990,,3,12,4,4,0,2,False,ROUGH,True,2,False,4,True,False
2026100005,9990,,3,13,4,3,-1,1,True,,True,2,False,3,True,False
2026100005,9990,,3,14,4,5,1,1,True,,False,3,True,5,False,False
2026100005,9990,,3,15,4,4,0,1,True,,False,3,True,4,True,False
2026100005,9990,,3,16,3,3,0,3,,,True,1,False,3,True,False
2026100005,9990,,3,17,4,4,0,2,False,ROUGH,True,2,False,4,True,False
2026100005,9990,,3,18,5,6,1,2,False,ROUGH,True,3,False,6,False,False
2026100005,9990,,4,1,4,4,0,1,True,,True,2,False,4,True,False
2026100005,9990,,4,2,3,3,0,3,,,True,1,False,3,True,False
2026100005,9990,,4,3,4,4,0,1,True,,True,2,False,4,True,False
2026100005,9990,,4,4,5,6,1,1,True,,True,3,False,6,False,False
2026100005,9990,,4,5,3,3,0,3,,,True,1,False,3,True,False
2026100005,9990,,4,6,4,3,-1,1,True,,True,2,False,3,True,False
2026100005,9990,,4,7,5,5,0,6,False,BUNKER,False,4,True,5,True,False
2026100005,9990,,4,8,4,4,0,1,True,,False,3,True,4,True,False
2026100005,9990,,4,9,4,4,0,2,False,ROUGH,False,3,True,4,True,False
2026100005,9990,,4,10,5,5,0,1,True,,True,3,False,5,True,False
2026100005,9990,,4,11,3,5,2,2,,,False,2,True,5,False,False
2026100005,9990,,4,12,4,4,0,1,True,,True,2,False,4,True,False
2026100005,9990,,4,13,4,4,0,1,True,,True,2,False,4,True,False
2026100005,9990,,4,14,4,4,0,1,True,,True,2,False,4,True,False
2026100005,9990,,4,15,4,5,1,1,True,,True,2,False,5,False,False
2026100005,9990,,4,16,3,3,0,12,,,False,2,True,3,True,False
2026100005,9990,,4,17,4,5,1,2,False,ROUGH,False,3,True,5,False,False
2026100005,9990,,4,18,5,6,1,2,False,ROUGH,False,5,True,6,False,False
