lie,remaining_a_yd,remaining_b_yd,player_a,round_a,hole_a,strokes_to_finish_a,final_score_to_par_a,player_b,round_b,hole_b,strokes_to_finish_b,final_score_to_par_b,strokes_to_finish_diff
GREEN,6.4,6.6,유해란,1,1,3,0,이재윤,1,2,3,0,0
GREEN,6.4,7.3,유해란,1,1,3,0,이재윤,2,15,3,1,0
GREEN,6.4,7.3,유해란,1,1,3,0,이재윤,2,16,3,0,0
GREEN,6.4,6.1,유해란,1,1,3,0,이재윤,3,2,3,0,0
GREEN,6.4,6.5,유해란,1,1,3,0,이재윤,3,10,3,1,0
GREEN,6.4,6.2,유해란,1,1,3,0,이재윤,3,11,3,0,0
GREEN,6.4,5.9,유해란,1,1,3,0,이재윤,3,16,2,-1,1
GREEN,6.4,7.4,유해란,1,1,3,0,이재윤,4,5,3,0,0
GREEN,6.4,7.2,유해란,1,1,3,0,이재윤,4,9,3,0,0
GREEN,6.4,6.8,유해란,1,1,3,0,이재윤,4,15,3,0,0
GREEN,6.4,5.9,유해란,1,1,3,0,박서현,1,4,3,0,0
GREEN,6.4,7.2,유해란,1,1,3,0,박서현,1,5,3,0,0
GREEN,6.4,6.9,유해란,1,1,3,0,박서현,1,6,3,1,0
GREEN,6.4,6.6,유해란,1,1,3,0,박서현,1,15,3,1,0
GREEN,6.4,6.1,유해란,1,1,3,0,박서현,2,2,3,0,0
GREEN,6.4,6.1,유해란,1,1,3,0,박서현,2,4,3,1,0
GREEN,6.4,5.6,유해란,1,1,3,0,박서현,3,1,3,0,0
GREEN,6.4,5.4,유해란,1,1,3,0,박서현,3,14,3,0,0
GREEN,6.4,5.6,유해란,1,1,3,0,박서현,3,16,3,0,0
GREEN,6.4,7.1,유해란,1,1,3,0,박서현,4,1,3,0,0
GREEN,6.4,6.7,유해란,1,1,3,0,박서현,4,5,3,0,0
GREEN,6.4,6.2,유해란,1,1,3,0,박서현,4,7,2,-1,1
GREEN,6.4,5.5,유해란,1,1,3,0,박서현,4,10,3,1,0
GREEN,0.4,0.5,유해란,1,1,2,0,이재윤,1,1,2,0,0
GREEN,0.4,0.5,유해란,1,1,2,0,이재윤,1,2,2,0,0
GREEN,0.4,1.3,유해란,1,1,2,0,이재윤,1,3,2,0,0
GREEN,0.4,0.5,유해란,1,1,2,0,이재윤,1,4,2,1,0
GREEN,0.4,0.8,유해란,1,1,2,0,이재윤,1,5,2,0,0
GREEN,0.4,0.5,유해란,1,1,2,0,이재윤,1,6,2,0,0
GREEN,0.4,0.5,유해란,1,1,2,0,이재윤,1,7,2,0,0
GREEN,0.4,0.2,유해란,1,1,2,0,이재윤,1,8,2,0,0
GREEN,0.4,1.4,유해란,1,1,2,0,이재윤,1,9,2,1,0
GREEN,0.4,0.8,유해란,1,1,2,0,이재윤,1,10,2,0,0
GREEN,0.4,0.7,유해란,1,1,2,0,이재윤,1,11,2,1,0
GREEN,0.4,0.3,유해란,1,1,2,0,이재윤,1,12,2,0,0
GREEN,0.4,0.9,유해란,1,1,2,0,이재윤,1,13,2,0,0
GREEN,0.4,0.3,유해란,1,1,2,0,이재윤,1,14,2,0,0
GREEN,0.4,1.1,유해란,1,1,2,0,이재윤,1,15,2,1,0
GREEN,0.4,0.8,유해란,1,1,2,0,이재윤,1,18,2,0,0
GREEN,0.4,0.8,유해란,1,1,2,0,이재윤,2,3,2,0,0
GREEN,0.4,0.4,유해란,1,1,2,0,이재윤,2,4,2,1,0
GREEN,0.4,0.7,유해란,1,1,2,0,이재윤,2,5,2,0,0
GREEN,0.4,1.2,유해란,1,1,2,0,이재윤,2,6,2,0,0
GREEN,0.4,0.5,유해란,1,1,2,0,이재윤,2,7,2,0,0
GREEN,0.4,0.2,유해란,1,1,2,0,이재윤,2,8,2,0,0
GREEN,0.4,1.2,유해란,1,1,2,0,이재윤,2,10,2,0,0
GREEN,0.4,0.5,유해란,1,1,2,0,이재윤,2,12,2,0,0
GREEN,0.4,0.4,유해란,1,1,2,0,이재윤,2,14,2,1,0
GREEN,0.4,0.5,유해란,1,1,2,0,이재윤,2,15,2,1,0
GREEN,0.4,1.0,유해란,1,1,2,0,이재윤,2,17,2,0,0
GREEN,0.4,1.3,유해란,1,1,2,0,이재윤,2,18,2,0,0
GREEN,0.4,0.3,유해란,1,1,2,0,이재윤,3,1,2,1,0
GREEN,0.4,0.5,유해란,1,1,2,0,이재윤,3,2,2,0,0
GREEN,0.4,0.3,유해란,1,1,2,0,이재윤,3,5,2,0,0
GREEN,0.4,0.4,유해란,1,1,2,0,이재윤,3,6,2,0,0
GREEN,0.4,0.5,유해란,1,1,2,0,이재윤,3,7,2,0,0
GREEN,0.4,0.3,유해란,1,1,2,0,이재윤,3,8,2,0,0
GREEN,0.4,1.2,유해란,1,1,2,0,이재윤,3,9,2,0,0
GREEN,0.4,1.3,유해란,1,1,2,0,이재윤,3,10,2,1,0
GREEN,0.4,0.5,유해란,1,1,2,0,이재윤,3,11,2,0,0
GREEN,0.4,0.3,유해란,1,1,2,0,이재윤,3,13,2,1,0
GREEN,0.4,0.2,유해란,1,1,2,0,이재윤,3,14,2,0,0
GREEN,0.4,1.4,유해란,1,1,2,0,이재윤,3,15,2,0,0
GREEN,0.4,1.3,유해란,1,1,2,0,이재윤,3,17,2,0,0
GREEN,0.4,0.5,유해란,1,1,2,0,이재윤,3,18,2,0,0
GREEN,0.4,0.9,유해란,1,1,2,0,이재윤,4,1,2,0,0
GREEN,0.4,0.3,유해란,1,1,2,0,이재윤,4,2,2,1,0
GREEN,0.4,0.3,유해란,1,1,2,0,이재윤,4,5,2,0,0
GREEN,0.4,0.4,유해란,1,1,2,0,이재윤,4,8,2,0,0
GREEN,0.4,0.3,유해란,1,1,2,0,이재윤,4,9,2,0,0
GREEN,0.4,0.4,유해란,1,1,2,0,이재윤,4,12,2,0,0
GREEN,0.4,0.5,유해란,1,1,2,0,이재윤,4,13,2,0,0
GREEN,0.4,1.0,유해란,1,1,2,0,이재윤,4,14,2,1,0
GREEN,0.4,1.2,유해란,1,1,2,0,이재윤,4,15,2,0,0
GREEN,0.4,0.5,유해란,1,1,2,0,이재윤,4,16,2,0,0
GREEN,0.4,0.3,유해란,1,1,2,0,이재윤,4,18,2,0,0
GREEN,0.4,0.4,유해란,1,1,2,0,박서현,1,2,2,0,0
GREEN,0.4,1.0,유해란,1,1,2,0,박서현,1,3,2,2,0
GREEN,0.4,0.5,유해란,1,1,2,0,박서현,1,4,2,0,0
GREEN,0.4,0.5,유해란,1,1,2,0,박서현,1,5,2,0,0
GREEN,0.4,0.4,유해란,1,1,2,0,박서현,1,6,2,1,0
GREEN,0.4,0.5,유해란,1,1,2,0,박서현,1,7,2,0,0
GREEN,0.4,0.5,유해란,1,1,2,0,박서현,1,8,2,1,0
GREEN,0.4,0.6,유해란,1,1,2,0,박서현,1,9,2,0,0
GREEN,0.4,0.3,유해란,1,1,2,0,박서현,1,10,2,0,0
GREEN,0.4,0.4,유해란,1,1,2,0,박서현,1,11,2,0,0
GREEN,0.4,1.1,유해란,1,1,2,0,박서현,1,13,2,1,0
GREEN,0.4,0.3,유해란,1,1,2,0,박서현,1,14,2,0,0
GREEN,0.4,0.5,유해란,1,1,2,0,박서현,1,15,2,1,0
GREEN,0.4,0.5,유해란,1,1,2,0,박서현,1,17,2,0,0
GREEN,0.4,0.3,유해란,1,1,2,0,박서현,2,1,2,0,0
GREEN,0.4,0.5,유해란,1,1,2,0,박서현,2,2,2,0,0
GREEN,0.4,0.5,유해란,1,1,2,0,박서현,2,3,2,0,0
GREEN,0.4,0.3,유해란,1,1,2,0,박서현,2,4,2,1,0
GREEN,0.4,1.2,유해란,1,1,2,0,박서현,2,5,3,1,-1
GREEN,0.4,0.4,유해란,1,1,2,0,박서현,2,5,2,1,0
GREEN,0.4,0.4,유해란,1,1,2,0,박서현,2,7,2,0,0
GREEN,0.4,0.2,유해란,1,1,2,0,박서현,2,10,2,0,0
GREEN,0.4,1.3,유해란,1,1,2,0,박서현,2,12,3,2,-1
GREEN,0.4,0.9,유해란,1,1,2,0,박서현,2,12,2,2,0
GREEN,0.4,0.4,유해란,1,1,2,0,박서현,2,13,2,0,0
GREEN,0.4,1.0,유해란,1,1,2,0,박서현,2,14,2,1,0
GREEN,0.4,1.3,유해란,1,1,2,0,박서현,2,15,2,0,0
GREEN,0.4,0.2,유해란,1,1,2,0,박서현,2,17,2,0,0
GREEN,0.4,1.3,유해란,1,1,2,0,박서현,2,18,2,0,0
GREEN,0.4,1.3,유해란,1,1,2,0,박서현,3,1,2,0,0
GREEN,0.4,1.4,유해란,1,1,2,0,박서현,3,2,2,0,0
GREEN,0.4,0.4,유해란,1,1,2,0,박서현,3,3,2,1,0
GREEN,0.4,0.5,유해란,1,1,2,0,박서현,3,4,2,0,0
GREEN,0.4,1.2,유해란,1,1,2,0,박서현,3,5,2,0,0
GREEN,0.4,0.3,유해란,1,1,2,0,박서현,3,6,2,0,0
GREEN,0.4,0.5,유해란,1,1,2,0,박서현,3,7,2,0,0
GREEN,0.4,0.3,유해란,1,1,2,0,박서현,3,8,2,3,0
GREEN,0.4,0.2,유해란,1,1,2,0,박서현,3,9,2,2,0
GREEN,0.4,0.9,유해란,1,1,2,0,박서현,3,10,2,1,0
GREEN,0.4,1.0,유해란,1,1,2,0,박서현,3,11,2,0,0
GREEN,0.4,1.2,유해란,1,1,2,0,박서현,3,12,2,0,0
GREEN,0.4,1.3,유해란,1,1,2,0,박서현,3,13,3,1,-1
GREEN,0.4,1.0,유해란,1,1,2,0,박서현,3,13,2,1,0
GREEN,0.4,0.4,유해란,1,1,2,0,박서현,3,14,2,0,0
GREEN,0.4,1.4,유해란,1,1,2,0,박서현,3,15,2,1,0
GREEN,0.4,0.3,유해란,1,1,2,0,박서현,3,16,2,0,0
GREEN,0.4,0.5,유해란,1,1,2,0,박서현,3,18,2,0,0
GREEN,0.4,1.1,유해란,1,1,2,0,박서현,4,1,2,0,0
GREEN,0.4,0.2,유해란,1,1,2,0,박서현,4,2,2,0,0
GREEN,0.4,0.5,유해란,1,1,2,0,박서현,4,3,2,1,0
GREEN,0.4,0.3,유해란,1,1,2,0,박서현,4,4,2,1,0
GREEN,0.4,0.3,유해란,1,1,2,0,박서현,4,5,2,0,0
GREEN,0.4,0.3,유해란,1,1,2,0,박서현,4,8,2,0,0
GREEN,0.4,0.4,유해란,1,1,2,0,박서현,4,9,2,2,0
GREEN,0.4,0.4,유해란,1,1,2,0,박서현,4,11,2,0,0
GREEN,0.4,0.8,유해란,1,1,2,0,박서현,4,12,2,1,0
GREEN,0.4,0.2,유해란,1,1,2,0,박서현,4,14,2,1,0
GREEN,0.4,0.7,유해란,1,1,2,0,박서현,4,15,2,0,0
GREEN,0.4,1.3,유해란,1,1,2,0,박서현,4,16,2,0,0
GREEN,0.4,0.5,유해란,1,1,2,0,박서현,4,17,2,1,0
GREEN,0.4,1.3,유해란,1,1,2,0,박서현,4,18,2,1,0
GREEN,0.5,0.5,유해란,1,2,2,-1,이재윤,1,1,2,0,0
GREEN,0.5,0.5,유해란,1,2,2,-1,이재윤,1,2,2,0,0
GREEN,0.5,1.3,유해란,1,2,2,-1,이재윤,1,3,2,0,0
GREEN,0.5,0.5,유해란,1,2,2,-1,이재윤,1,4,2,1,0
GREEN,0.5,0.8,유해란,1,2,2,-1,이재윤,1,5,2,0,0
GREEN,0.5,0.5,유해란,1,2,2,-1,이재윤,1,6,2,0,0
GREEN,0.5,0.5,유해란,1,2,2,-1,이재윤,1,7,2,0,0
GREEN,0.5,0.2,유해란,1,2,2,-1,이재윤,1,8,2,0,0
GREEN,0.5,1.4,유해란,1,2,2,-1,이재윤,1,9,2,1,0
GREEN,0.5,0.8,유해란,1,2,2,-1,이재윤,1,10,2,0,0
GREEN,0.5,0.7,유해란,1,2,2,-1,이재윤,1,11,2,1,0
GREEN,0.5,0.3,유해란,1,2,2,-1,이재윤,1,12,2,0,0
GREEN,0.5,0.9,유해란,1,2,2,-1,이재윤,1,13,2,0,0
GREEN,0.5,0.3,유해란,1,2,2,-1,이재윤,1,14,2,0,0
GREEN,0.5,1.1,유해란,1,2,2,-1,이재윤,1,15,2,1,0
GREEN,0.5,0.8,유해란,1,2,2,-1,이재윤,1,18,2,0,0
GREEN,0.5,0.8,유해란,1,2,2,-1,이재윤,2,3,2,0,0
GREEN,0.5,0.4,유해란,1,2,2,-1,이재윤,2,4,2,1,0
GREEN,0.5,0.7,유해란,1,2,2,-1,이재윤,2,5,2,0,0
GREEN,0.5,1.2,유해란,1,2,2,-1,이재윤,2,6,2,0,0
GREEN,0.5,0.5,유해란,1,2,2,-1,이재윤,2,7,2,0,0
GREEN,0.5,0.2,유해란,1,2,2,-1,이재윤,2,8,2,0,0
GREEN,0.5,1.5,유해란,1,2,2,-1,이재윤,2,9,2,0,0
GREEN,0.5,1.2,유해란,1,2,2,-1,이재윤,2,10,2,0,0
GREEN,0.5,1.5,유해란,1,2,2,-1,이재윤,2,11,2,1,0
GREEN,0.5,0.5,유해란,1,2,2,-1,이재윤,2,12,2,0,0
GREEN,0.5,1.5,유해란,1,2,2,-1,이재윤,2,14,3,1,-1
GREEN,0.5,0.4,유해란,1,2,2,-1,이재윤,2,14,2,1,0
GREEN,0.5,0.5,유해란,1,2,2,-1,이재윤,2,15,2,1,0
GREEN,0.5,1.0,유해란,1,2,2,-1,이재윤,2,17,2,0,0
GREEN,0.5,1.3,유해란,1,2,2,-1,이재윤,2,18,2,0,0
GREEN,0.5,0.3,유해란,1,2,2,-1,이재윤,3,1,2,1,0
GREEN,0.5,0.5,유해란,1,2,2,-1,이재윤,3,2,2,0,0
GREEN,0.5,1.5,유해란,1,2,2,-1,이재윤,3,4,2,0,0
GREEN,0.5,0.3,유해란,1,2,2,-1,이재윤,3,5,2,0,0
GREEN,0.5,0.4,유해란,1,2,2,-1,이재윤,3,6,2,0,0
GREEN,0.5,0.5,유해란,1,2,2,-1,이재윤,3,7,2,0,0
GREEN,0.5,0.3,유해란,1,2,2,-1,이재윤,3,8,2,0,0
GREEN,0.5,1.2,유해란,1,2,2,-1,이재윤,3,9,2,0,0
GREEN,0.5,1.3,유해란,1,2,2,-1,이재윤,3,10,2,1,0
GREEN,0.5,0.5,유해란,1,2,2,-1,이재윤,3,11,2,0,0
GREEN,0.5,0.3,유해란,1,2,2,-1,이재윤,3,13,2,1,0
GREEN,0.5,0.2,유해란,1,2,2,-1,이재윤,3,14,2,0,0
GREEN,0.5,1.4,유해란,1,2,2,-1,이재윤,3,15,2,0,0
GREEN,0.5,1.3,유해란,1,2,2,-1,이재윤,3,17,2,0,0
GREEN,0.5,0.5,유해란,1,2,2,-1,이재윤,3,18,2,0,0
GREEN,0.5,0.9,유해란,1,2,2,-1,이재윤,4,1,2,0,0
GREEN,0.5,0.3,유해란,1,2,2,-1,이재윤,4,2,2,1,0
GREEN,0.5,0.3,유해란,1,2,2,-1,이재윤,4,5,2,0,0
GREEN,0.5,0.4,유해란,1,2,2,-1,이재윤,4,8,2,0,0
GREEN,0.5,0.3,유해란,1,2,2,-1,이재윤,4,9,2,0,0
GREEN,0.5,0.4,유해란,1,2,2,-1,이재윤,4,12,2,0,0
GREEN,0.5,0.5,유해란,1,2,2,-1,이재윤,4,13,2,0,0
GREEN,0.5,1.5,유해란,1,2,2,-1,이재윤,4,14,3,1,-1
GREEN,0.5,1.0,유해란,1,2,2,-1,이재윤,4,14,2,1,0
GREEN,0.5,1.2,유해란,1,2,2,-1,이재윤,4,15,2,0,0
GREEN,0.5,0.5,유해란,1,2,2,-1,이재윤,4,16,2,0,0
GREEN,0.5,0.3,유해란,1,2,2,-1,이재윤,4,18,2,0,0
GREEN,0.5,0.4,유해란,1,2,2,-1,박서현,1,2,2,0,0
GREEN,0.5,1.0,유해란,1,2,2,-1,박서현,1,3,2,2,0
GREEN,0.5,0.5,유해란,1,2,2,-1,박서현,1,4,2,0,0
GREEN,0.5,0.5,유해란,1,2,2,-1,박서현,1,5,2,0,0
GREEN,0.5,0.4,유해란,1,2,2,-1,박서현,1,6,2,1,0
GREEN,0.5,0.5,유해란,1,2,2,-1,박서현,1,7,2,0,0
GREEN,0.5,0.5,유해란,1,2,2,-1,박서현,1,8,2,1,0
GREEN,0.5,0.6,유해란,1,2,2,-1,박서현,1,9,2,0,0
GREEN,0.5,0.3,유해란,1,2,2,-1,박서현,1,10,2,0,0
GREEN,0.5,0.4,유해란,1,2,2,-1,박서현,1,11,2,0,0
GREEN,0.5,1.1,유해란,1,2,2,-1,박서현,1,13,2,1,0
GREEN,0.5,0.3,유해란,1,2,2,-1,박서현,1,14,2,0,0
GREEN,0.5,0.5,유해란,1,2,2,-1,박서현,1,15,2,1,0
GREEN,0.5,0.5,유해란,1,2,2,-1,박서현,1,17,2,0,0
GREEN,0.5,0.3,유해란,1,2,2,-1,박서현,2,1,2,0,0
GREEN,0.5,0.5,유해란,1,2,2,-1,박서현,2,2,2,0,0
GREEN,0.5,0.5,유해란,1,2,2,-1,박서현,2,3,2,0,0
GREEN,0.5,0.3,유해란,1,2,2,-1,박서현,2,4,2,1,0
GREEN,0.5,1.2,유해란,1,2,2,-1,박서현,2,5,3,1,-1
GREEN,0.5,0.4,유해란,1,2,2,-1,박서현,2,5,2,1,0
GREEN,0.5,0.4,유해란,1,2,2,-1,박서현,2,7,2,0,0
GREEN,0.5,1.5,유해란,1,2,2,-1,박서현,2,9,2,0,0
GREEN,0.5,0.2,유해란,1,2,2,-1,박서현,2,10,2,0,0
GREEN,0.5,1.5,유해란,1,2,2,-1,박서현,2,11,2,1,0
GREEN,0.5,1.3,유해란,1,2,2,-1,박서현,2,12,3,2,-1
GREEN,0.5,0.9,유해란,1,2,2,-1,박서현,2,12,2,2,0
GREEN,0.5,0.4,유해란,1,2,2,-1,박서현,2,13,2,0,0
GREEN,0.5,1.0,유해란,1,2,2,-1,박서현,2,14,2,1,0
GREEN,0.5,1.3,유해란,1,2,2,-1,박서현,2,15,2,0,0
GREEN,0.5,0.2,유해란,1,2,2,-1,박서현,2,17,2,0,0
GREEN,0.5,1.3,유해란,1,2,2,-1,박서현,2,18,2,0,0
GREEN,0.5,1.3,유해란,1,2,2,-1,박서현,3,1,2,0,0
GREEN,0.5,1.4,유해란,1,2,2,-1,박서현,3,2,2,0,0
GREEN,0.5,0.4,유해란,1,2,2,-1,박서현,3,3,2,1,0
GREEN,0.5,0.5,유해란,1,2,2,-1,박서현,3,4,2,0,0
GREEN,0.5,1.2,유해란,1,2,2,-1,박서현,3,5,2,0,0
GREEN,0.5,0.3,유해란,1,2,2,-1,박서현,3,6,2,0,0
GREEN,0.5,0.5,유해란,1,2,2,-1,박서현,3,7,2,0,0
GREEN,0.5,0.3,유해란,1,2,2,-1,박서현,3,8,2,3,0
GREEN,0.5,0.2,유해란,1,2,2,-1,박서현,3,9,2,2,0
GREEN,0.5,0.9,유해란,1,2,2,-1,박서현,3,10,2,1,0
GREEN,0.5,1.0,유해란,1,2,2,-1,박서현,3,11,2,0,0
GREEN,0.5,1.2,유해란,1,2,2,-1,박서현,3,12,2,0,0
GREEN,0.5,1.3,유해란,1,2,2,-1,박서현,3,13,3,1,-1
GREEN,0.5,1.0,유해란,1,2,2,-1,박서현,3,13,2,1,0
GREEN,0.5,0.4,유해란,1,2,2,-1,박서현,3,14,2,0,0
GREEN,0.5,1.4,유해란,1,2,2,-1,박서현,3,15,2,1,0
GREEN,0.5,0.3,유해란,1,2,2,-1,박서현,3,16,2,0,0
GREEN,0.5,0.5,유해란,1,2,2,-1,박서현,3,18,2,0,0
GREEN,0.5,1.1,유해란,1,2,2,-1,박서현,4,1,2,0,0
GREEN,0.5,0.2,유해란,1,2,2,-1,박서현,4,2,2,0,0
GREEN,0.5,0.5,유해란,1,2,2,-1,박서현,4,3,2,1,0
GREEN,0.5,0.3,유해란,1,2,2,-1,박서현,4,4,2,1,0
GREEN,0.5,0.3,유해란,1,2,2,-1,박서현,4,5,2,0,0
GREEN,0.5,0.3,유해란,1,2,2,-1,박서현,4,8,2,0,0
GREEN,0.5,0.4,유해란,1,2,2,-1,박서현,4,9,2,2,0
GREEN,0.5,0.4,유해란,1,2,2,-1,박서현,4,11,2,0,0
GREEN,0.5,0.8,유해란,1,2,2,-1,박서현,4,12,2,1,0
GREEN,0.5,0.2,유해란,1,2,2,-1,박서현,4,14,2,1,0
GREEN,0.5,0.7,유해란,1,2,2,-1,박서현,4,15,2,0,0
GREEN,0.5,1.3,유해란,1,2,2,-1,박서현,4,16,2,0,0
GREEN,0.5,0.5,유해란,1,2,2,-1,박서현,4,17,2,1,0
GREEN,0.5,1.3,유해란,1,2,2,-1,박서현,4,18,2,1,0
GREENSIDE_BUNKER,12.1,12.0,유해란,1,3,3,0,이재윤,1,5,3,0,0
GREENSIDE_BUNKER,12.1,12.5,유해란,1,3,3,0,박서현,1,3,5,2,-2
GREEN,2.0,1.3,유해란,1,3,2,0,이재윤,1,3,2,0,0
GREEN,2.0,1.4,유해란,1,3,2,0,이재윤,1,9,2,1,0
GREEN,2.0,1.6,유해란,1,3,2,0,이재윤,1,14,3,0,-1
GREEN,2.0,1.1,유해란,1,3,2,0,이재윤,1,15,2,1,0
GREEN,2.0,2.8,유해란,1,3,2,0,이재윤,1,16,2,0,0
GREEN,2.0,2.1,유해란,1,3,2,0,이재윤,1,17,2,0,0
GREEN,2.0,3.0,유해란,1,3,2,0,이재윤,2,2,2,0,0
GREEN,2.0,2.3,유해란,1,3,2,0,이재윤,2,4,3,1,-1
GREEN,2.0,1.2,유해란,1,3,2,0,이재윤,2,6,2,0,0
GREEN,2.0,1.5,유해란,1,3,2,0,이재윤,2,9,2,0,0
GREEN,2.0,1.2,유해란,1,3,2,0,이재윤,2,10,2,0,0
GREEN,2.0,1.5,유해란,1,3,2,0,이재윤,2,11,2,1,0
GREEN,2.0,1.6,유해란,1,3,2,0,이재윤,2,13,2,-1,0
GREEN,2.0,1.5,유해란,1,3,2,0,이재윤,2,14,3,1,-1
GREEN,2.0,1.7,유해란,1,3,2,0,이재윤,2,16,2,0,0
GREEN,2.0,1.0,유해란,1,3,2,0,이재윤,2,17,2,0,0
GREEN,2.0,1.3,유해란,1,3,2,0,이재윤,2,18,2,0,0
GREEN,2.0,3.0,유해란,1,3,2,0,이재윤,3,3,2,0,0
GREEN,2.0,1.5,유해란,1,3,2,0,이재윤,3,4,2,0,0
GREEN,2.0,2.1,유해란,1,3,2,0,이재윤,3,6,3,0,-1
GREEN,2.0,2.8,유해란,1,3,2,0,이재윤,3,7,3,0,-1
GREEN,2.0,1.2,유해란,1,3,2,0,이재윤,3,9,2,0,0
GREEN,2.0,1.3,유해란,1,3,2,0,이재윤,3,10,2,1,0
GREEN,2.0,2.6,유해란,1,3,2,0,이재윤,3,12,2,0,0
GREEN,2.0,3.0,유해란,1,3,2,0,이재윤,3,13,3,1,-1
GREEN,2.0,1.4,유해란,1,3,2,0,이재윤,3,15,2,0,0
GREEN,2.0,1.3,유해란,1,3,2,0,이재윤,3,17,2,0,0
GREEN,2.0,2.2,유해란,1,3,2,0,이재윤,4,3,2,0,0
GREEN,2.0,2.6,유해란,1,3,2,0,이재윤,4,4,2,0,0
GREEN,2.0,2.7,유해란,1,3,2,0,이재윤,4,6,2,-1,0
GREEN,2.0,2.8,유해란,1,3,2,0,이재윤,4,7,2,-1,0
GREEN,2.0,2.0,유해란,1,3,2,0,이재윤,4,10,2,0,0
GREEN,2.0,1.7,유해란,1,3,2,0,이재윤,4,11,2,0,0
GREEN,2.0,1.5,유해란,1,3,2,0,이재윤,4,14,3,1,-1
GREEN,2.0,1.0,유해란,1,3,2,0,이재윤,4,14,2,1,0
GREEN,2.0,1.2,유해란,1,3,2,0,이재윤,4,15,2,0,0
GREEN,2.0,1.8,유해란,1,3,2,0,이재윤,4,17,2,0,0
GREEN,2.0,1.0,유해란,1,3,2,0,박서현,1,3,2,2,0
GREEN,2.0,2.0,유해란,1,3,2,0,박서현,1,8,3,1,-1
GREEN,2.0,1.1,유해란,1,3,2,0,박서현,1,13,2,1,0
GREEN,2.0,2.7,유해란,1,3,2,0,박서현,1,16,2,-1,0
GREEN,2.0,1.2,유해란,1,3,2,0,박서현,2,5,3,1,-1
GREEN,2.0,2.4,유해란,1,3,2,0,박서현,2,6,2,0,0
GREEN,2.0,1.5,유해란,1,3,2,0,박서현,2,9,2,0,0
GREEN,2.0,1.5,유해란,1,3,2,0,박서현,2,11,2,1,0
GREEN,2.0,1.3,유해란,1,3,2,0,박서현,2,12,3,2,-1
GREEN,2.0,1.0,유해란,1,3,2,0,박서현,2,14,2,1,0
GREEN,2.0,1.3,유해란,1,3,2,0,박서현,2,15,2,0,0
GREEN,2.0,1.3,유해란,1,3,2,0,박서현,2,18,2,0,0
GREEN,2.0,1.3,유해란,1,3,2,0,박서현,3,1,2,0,0
GREEN,2.0,1.4,유해란,1,3,2,0,박서현,3,2,2,0,0
GREEN,2.0,1.2,유해란,1,3,2,0,박서현,3,5,2,0,0
GREEN,2.0,1.9,유해란,1,3,2,0,박서현,3,10,3,1,-1
GREEN,2.0,1.0,유해란,1,3,2,0,박서현,3,11,2,0,0
GREEN,2.0,1.2,유해란,1,3,2,0,박서현,3,12,2,0,0
GREEN,2.0,1.3,유해란,1,3,2,0,박서현,3,13,3,1,-1
GREEN,2.0,1.0,유해란,1,3,2,0,박서현,3,13,2,1,0
GREEN,2.0,2.7,유해란,1,3,2,0,박서현,3,15,3,1,-1
GREEN,2.0,1.4,유해란,1,3,2,0,박서현,3,15,2,1,0
GREEN,2.0,1.9,유해란,1,3,2,0,박서현,3,17,2,0,0
GREEN,2.0,1.1,유해란,1,3,2,0,박서현,4,1,2,0,0
GREEN,2.0,2.8,유해란,1,3,2,0,박서현,4,3,3,1,-1
GREEN,2.0,1.7,유해란,1,3,2,0,박서현,4,9,3,2,-1
GREEN,2.0,1.6,유해란,1,3,2,0,박서현,4,10,2,1,0
GREEN,2.0,1.9,유해란,1,3,2,0,박서현,4,12,3,1,-1
GREEN,2.0,1.6,유해란,1,3,2,0,박서현,4,14,3,1,-1
GREEN,2.0,1.3,유해란,1,3,2,0,박서현,4,16,2,0,0
GREEN,2.0,2.2,유해란,1,3,2,0,박서현,4,17,3,1,-1
GREEN,2.0,1.3,유해란,1,3,2,0,박서현,4,18,2,1,0
GREEN,3.8,3.8,유해란,1,4,3,0,이재윤,1,4,3,1,0
GREEN,3.8,3.1,유해란,1,4,3,0,이재윤,1,7,3,0,0
GREEN,3.8,3.1,유해란,1,4,3,0,이재윤,1,11,3,1,0
GREEN,3.8,3.9,유해란,1,4,3,0,이재윤,1,12,3,0,0
GREEN,3.8,3.4,유해란,1,4,3,0,이재윤,1,15,3,1,0
GREEN,3.8,2.8,유해란,1,4,3,0,이재윤,1,16,2,0,1
GREEN,3.8,3.0,유해란,1,4,3,0,이재윤,2,2,2,0,1
GREEN,3.8,3.1,유해란,1,4,3,0,이재윤,3,1,3,1,0
GREEN,3.8,3.0,유해란,1,4,3,0,이재윤,3,3,2,0,1
GREEN,3.8,2.8,유해란,1,4,3,0,이재윤,3,7,3,0,0
GREEN,3.8,3.0,유해란,1,4,3,0,이재윤,3,13,3,1,0
GREEN,3.8,2.8,유해란,1,4,3,0,이재윤,4,7,2,-1,1
GREEN,3.8,4.5,유해란,1,4,3,0,이재윤,4,11,3,0,0
GREEN,3.8,4.2,유해란,1,4,3,0,이재윤,4,13,3,0,0
GREEN,3.8,3.1,유해란,1,4,3,0,이재윤,4,18,3,0,0
GREEN,3.8,3.4,유해란,1,4,3,0,박서현,1,3,3,2,0
GREEN,3.8,3.5,유해란,1,4,3,0,박서현,1,11,3,0,0
GREEN,3.8,4.3,유해란,1,4,3,0,박서현,1,14,3,0,0
GREEN,3.8,4.8,유해란,1,4,3,0,박서현,1,17,3,0,0
GREEN,3.8,3.3,유해란,1,4,3,0,박서현,2,8,2,0,1
GREEN,3.8,3.6,유해란,1,4,3,0,박서현,2,10,3,0,0
GREEN,3.8,3.6,유해란,1,4,3,0,박서현,2,16,2,0,1
GREEN,3.8,4.6,유해란,1,4,3,0,박서현,3,4,3,0,0
GREEN,3.8,4.3,유해란,1,4,3,0,박서현,3,9,3,2,0
GREEN,3.8,4.8,유해란,1,4,3,0,박서현,3,13,4,1,-1
GREEN,3.8,2.8,유해란,1,4,3,0,박서현,4,3,3,1,0
GREEN,3.8,3.7,유해란,1,4,3,0,박서현,4,4,3,1,0
GREEN,3.8,3.8,유해란,1,4,3,0,박서현,4,6,2,0,1
GREEN,3.8,3.4,유해란,1,4,3,0,박서현,4,9,4,2,-1
GREEN,3.8,4.5,유해란,1,4,3,0,박서현,4,11,3,0,0
GREEN,3.8,3.4,유해란,1,4,3,0,박서현,4,13,2,0,1
GREEN,0.3,0.5,유해란,1,4,2,0,이재윤,1,1,2,0,0
GREEN,0.3,0.5,유해란,1,4,2,0,이재윤,1,2,2,0,0
GREEN,0.3,1.3,유해란,1,4,2,0,이재윤,1,3,2,0,0
GREEN,0.3,0.5,유해란,1,4,2,0,이재윤,1,4,2,1,0
GREEN,0.3,0.8,유해란,1,4,2,0,이재윤,1,5,2,0,0
GREEN,0.3,0.5,유해란,1,4,2,0,이재윤,1,6,2,0,0
GREEN,0.3,0.5,유해란,1,4,2,0,이재윤,1,7,2,0,0
GREEN,0.3,0.2,유해란,1,4,2,0,이재윤,1,8,2,0,0
GREEN,0.3,0.8,유해란,1,4,2,0,이재윤,1,10,2,0,0
GREEN,0.3,0.7,유해란,1,4,2,0,이재윤,1,11,2,1,0
GREEN,0.3,0.3,유해란,1,4,2,0,이재윤,1,12,2,0,0
GREEN,0.3,0.9,유해란,1,4,2,0,이재윤,1,13,2,0,0
GREEN,0.3,0.3,유해란,1,4,2,0,이재윤,1,14,2,0,0
GREEN,0.3,1.1,유해란,1,4,2,0,이재윤,1,15,2,1,0
GREEN,0.3,0.8,유해란,1,4,2,0,이재윤,1,18,2,0,0
GREEN,0.3,0.8,유해란,1,4,2,0,이재윤,2,3,2,0,0
GREEN,0.3,0.4,유해란,1,4,2,0,이재윤,2,4,2,1,0
GREEN,0.3,0.7,유해란,1,4,2,0,이재윤,2,5,2,0,0
GREEN,0.3,1.2,유해란,1,4,2,0,이재윤,2,6,2,0,0
GREEN,0.3,0.5,유해란,1,4,2,0,이재윤,2,7,2,0,0
GREEN,0.3,0.2,유해란,1,4,2,0,이재윤,2,8,2,0,0
GREEN,0.3,1.2,유해란,1,4,2,0,이재윤,2,10,2,0,0
GREEN,0.3,0.5,유해란,1,4,2,0,이재윤,2,12,2,0,0
GREEN,0.3,0.4,유해란,1,4,2,0,이재윤,2,14,2,1,0
GREEN,0.3,0.5,유해란,1,4,2,0,이재윤,2,15,2,1,0
GREEN,0.3,1.0,유해란,1,4,2,0,이재윤,2,17,2,0,0
GREEN,0.3,1.3,유해란,1,4,2,0,이재윤,2,18,2,0,0
GREEN,0.3,0.3,유해란,1,4,2,0,이재윤,3,1,2,1,0
GREEN,0.3,0.5,유해란,1,4,2,0,이재윤,3,2,2,0,0
GREEN,0.3,0.3,유해란,1,4,2,0,이재윤,3,5,2,0,0
GREEN,0.3,0.4,유해란,1,4,2,0,이재윤,3,6,2,0,0
GREEN,0.3,0.5,유해란,1,4,2,0,이재윤,3,7,2,0,0
GREEN,0.3,0.3,유해란,1,4,2,0,이재윤,3,8,2,0,0
GREEN,0.3,1.2,유해란,1,4,2,0,이재윤,3,9,2,0,0
GREEN,0.3,1.3,유해란,1,4,2,0,이재윤,3,10,2,1,0
GREEN,0.3,0.5,유해란,1,4,2,0,이재윤,3,11,2,0,0
GREEN,0.3,0.3,유해란,1,4,2,0,이재윤,3,13,2,1,0
GREEN,0.3,0.2,유해란,1,4,2,0,이재윤,3,14,2,0,0
GREEN,0.3,1.3,유해란,1,4,2,0,이재윤,3,17,2,0,0
GREEN,0.3,0.5,유해란,1,4,2,0,이재윤,3,18,2,0,0
GREEN,0.3,0.9,유해란,1,4,2,0,이재윤,4,1,2,0,0
GREEN,0.3,0.3,유해란,1,4,2,0,이재윤,4,2,2,1,0
GREEN,0.3,0.3,유해란,1,4,2,0,이재윤,4,5,2,0,0
GREEN,0.3,0.4,유해란,1,4,2,0,이재윤,4,8,2,0,0
GREEN,0.3,0.3,유해란,1,4,2,0,이재윤,4,9,2,0,0
GREEN,0.3,0.4,유해란,1,4,2,0,이재윤,4,12,2,0,0
GREEN,0.3,0.5,유해란,1,4,2,0,이재윤,4,13,2,0,0
GREEN,0.3,1.0,유해란,1,4,2,0,이재윤,4,14,2,1,0
GREEN,0.3,1.2,유해란,1,4,2,0,이재윤,4,15,2,0,0
GREEN,0.3,0.5,유해란,1,4,2,0,이재윤,4,16,2,0,0
GREEN,0.3,0.3,유해란,1,4,2,0,이재윤,4,18,2,0,0
GREEN,0.3,0.4,유해란,1,4,2,0,박서현,1,2,2,0,0
GREEN,0.3,1.0,유해란,1,4,2,0,박서현,1,3,2,2,0
GREEN,0.3,0.5,유해란,1,4,2,0,박서현,1,4,2,0,0
GREEN,0.3,0.5,유해란,1,4,2,0,박서현,1,5,2,0,0
GREEN,0.3,0.4,유해란,1,4,2,0,박서현,1,6,2,1,0
GREEN,0.3,0.5,유해란,1,4,2,0,박서현,1,7,2,0,0
GREEN,0.3,0.5,유해란,1,4,2,0,박서현,1,8,2,1,0
GREEN,0.3,0.6,유해란,1,4,2,0,박서현,1,9,2,0,0
GREEN,0.3,0.3,유해란,1,4,2,0,박서현,1,10,2,0,0
GREEN,0.3,0.4,유해란,1,4,2,0,박서현,1,11,2,0,0
GREEN,0.3,1.1,유해란,1,4,2,0,박서현,1,13,2,1,0
GREEN,0.3,0.3,유해란,1,4,2,0,박서현,1,14,2,0,0
GREEN,0.3,0.5,유해란,1,4,2,0,박서현,1,15,2,1,0
GREEN,0.3,0.5,유해란,1,4,2,0,박서현,1,17,2,0,0
GREEN,0.3,0.3,유해란,1,4,2,0,박서현,2,1,2,0,0
GREEN,0.3,0.5,유해란,1,4,2,0,박서현,2,2,2,0,0
GREEN,0.3,0.5,유해란,1,4,2,0,박서현,2,3,2,0,0
GREEN,0.3,0.3,유해란,1,4,2,0,박서현,2,4,2,1,0
GREEN,0.3,1.2,유해란,1,4,2,0,박서현,2,5,3,1,-1
GREEN,0.3,0.4,유해란,1,4,2,0,박서현,2,5,2,1,0
GREEN,0.3,0.4,유해란,1,4,2,0,박서현,2,7,2,0,0
GREEN,0.3,0.2,유해란,1,4,2,0,박서현,2,10,2,0,0
GREEN,0.3,1.3,유해란,1,4,2,0,박서현,2,12,3,2,-1
GREEN,0.3,0.9,유해란,1,4,2,0,박서현,2,12,2,2,0
GREEN,0.3,0.4,유해란,1,4,2,0,박서현,2,13,2,0,0
GREEN,0.3,1.0,유해란,1,4,2,0,박서현,2,14,2,1,0
GREEN,0.3,1.3,유해란,1,4,2,0,박서현,2,15,2,0,0
GREEN,0.3,0.2,유해란,1,4,2,0,박서현,2,17,2,0,0
GREEN,0.3,1.3,유해란,1,4,2,0,박서현,2,18,2,0,0
GREEN,0.3,1.3,유해란,1,4,2,0,박서현,3,1,2,0,0
GREEN,0.3,0.4,유해란,1,4,2,0,박서현,3,3,2,1,0
GREEN,0.3,0.5,유해란,1,4,2,0,박서현,3,4,2,0,0
GREEN,0.3,1.2,유해란,1,4,2,0,박서현,3,5,2,0,0
GREEN,0.3,0.3,유해란,1,4,2,0,박서현,3,6,2,0,0
GREEN,0.3,0.5,유해란,1,4,2,0,박서현,3,7,2,0,0
GREEN,0.3,0.3,유해란,1,4,2,0,박서현,3,8,2,3,0
GREEN,0.3,0.2,유해란,1,4,2,0,박서현,3,9,2,2,0
GREEN,0.3,0.9,유해란,1,4,2,0,박서현,3,10,2,1,0
GREEN,0.3,1.0,유해란,1,4,2,0,박서현,3,11,2,0,0
GREEN,0.3,1.2,유해란,1,4,2,0,박서현,3,12,2,0,0
GREEN,0.3,1.3,유해란,1,4,2,0,박서현,3,13,3,1,-1
GREEN,0.3,1.0,유해란,1,4,2,0,박서현,3,13,2,1,0
GREEN,0.3,0.4,유해란,1,4,2,0,박서현,3,14,2,0,0
GREEN,0.3,0.3,유해란,1,4,2,0,박서현,3,16,2,0,0
GREEN,0.3,0.5,유해란,1,4,2,0,박서현,3,18,2,0,0
GREEN,0.3,1.1,유해란,1,4,2,0,박서현,4,1,2,0,0
GREEN,0.3,0.2,유해란,1,4,2,0,박서현,4,2,2,0,0
GREEN,0.3,0.5,유해란,1,4,2,0,박서현,4,3,2,1,0
GREEN,0.3,0.3,유해란,1,4,2,0,박서현,4,4,2,1,0
GREEN,0.3,0.3,유해란,1,4,2,0,박서현,4,5,2,0,0
GREEN,0.3,0.3,유해란,1,4,2,0,박서현,4,8,2,0,0
GREEN,0.3,0.4,유해란,1,4,2,0,박서현,4,9,2,2,0
GREEN,0.3,0.4,유해란,1,4,2,0,박서현,4,11,2,0,0
GREEN,0.3,0.8,유해란,1,4,2,0,박서현,4,12,2,1,0
GREEN,0.3,0.2,유해란,1,4,2,0,박서현,4,14,2,1,0
GREEN,0.3,0.7,유해란,1,4,2,0,박서현,4,15,2,0,0
GREEN,0.3,1.3,유해란,1,4,2,0,박서현,4,16,2,0,0
GREEN,0.3,0.5,유해란,1,4,2,0,박서현,4,17,2,1,0
GREEN,0.3,1.3,유해란,1,4,2,0,박서현,4,18,2,1,0
FRINGE,7.6,7.4,유해란,1,5,3,0,이재윤,2,9,3,0,0
FRINGE,7.6,8.6,유해란,1,5,3,0,이재윤,3,13,4,1,-1
FRINGE,7.6,7.8,유해란,1,5,3,0,박서현,2,5,4,1,-1
FRINGE,7.6,7.9,유해란,1,5,3,0,박서현,4,14,4,1,-1
GREEN,0.4,0.5,유해란,1,5,2,0,이재윤,1,1,2,0,0
GREEN,0.4,0.5,유해란,1,5,2,0,이재윤,1,2,2,0,0
GREEN,0.4,1.3,유해란,1,5,2,0,이재윤,1,3,2,0,0
GREEN,0.4,0.5,유해란,1,5,2,0,이재윤,1,4,2,1,0
GREEN,0.4,0.8,유해란,1,5,2,0,이재윤,1,5,2,0,0
GREEN,0.4,0.5,유해란,1,5,2,0,이재윤,1,6,2,0,0
GREEN,0.4,0.5,유해란,1,5,2,0,이재윤,1,7,2,0,0
GREEN,0.4,0.2,유해란,1,5,2,0,이재윤,1,8,2,0,0
GREEN,0.4,1.4,유해란,1,5,2,0,이재윤,1,9,2,1,0
GREEN,0.4,0.8,유해란,1,5,2,0,이재윤,1,10,2,0,0
GREEN,0.4,0.7,유해란,1,5,2,0,이재윤,1,11,2,1,0
GREEN,0.4,0.3,유해란,1,5,2,0,이재윤,1,12,2,0,0
GREEN,0.4,0.9,유해란,1,5,2,0,이재윤,1,13,2,0,0
GREEN,0.4,0.3,유해란,1,5,2,0,이재윤,1,14,2,0,0
GREEN,0.4,1.1,유해란,1,5,2,0,이재윤,1,15,2,1,0
GREEN,0.4,0.8,유해란,1,5,2,0,이재윤,1,18,2,0,0
GREEN,0.4,0.8,유해란,1,5,2,0,이재윤,2,3,2,0,0
GREEN,0.4,0.4,유해란,1,5,2,0,이재윤,2,4,2,1,0
GREEN,0.4,0.7,유해란,1,5,2,0,이재윤,2,5,2,0,0
GREEN,0.4,1.2,유해란,1,5,2,0,이재윤,2,6,2,0,0
GREEN,0.4,0.5,유해란,1,5,2,0,이재윤,2,7,2,0,0
GREEN,0.4,0.2,유해란,1,5,2,0,이재윤,2,8,2,0,0
GREEN,0.4,1.2,유해란,1,5,2,0,이재윤,2,10,2,0,0
GREEN,0.4,0.5,유해란,1,5,2,0,이재윤,2,12,2,0,0
GREEN,0.4,0.4,유해란,1,5,2,0,이재윤,2,14,2,1,0
GREEN,0.4,0.5,유해란,1,5,2,0,이재윤,2,15,2,1,0
GREEN,0.4,1.0,유해란,1,5,2,0,이재윤,2,17,2,0,0
GREEN,0.4,1.3,유해란,1,5,2,0,이재윤,2,18,2,0,0
GREEN,0.4,0.3,유해란,1,5,2,0,이재윤,3,1,2,1,0
GREEN,0.4,0.5,유해란,1,5,2,0,이재윤,3,2,2,0,0
GREEN,0.4,0.3,유해란,1,5,2,0,이재윤,3,5,2,0,0
GREEN,0.4,0.4,유해란,1,5,2,0,이재윤,3,6,2,0,0
GREEN,0.4,0.5,유해란,1,5,2,0,이재윤,3,7,2,0,0
GREEN,0.4,0.3,유해란,1,5,2,0,이재윤,3,8,2,0,0
GREEN,0.4,1.2,유해란,1,5,2,0,이재윤,3,9,2,0,0
GREEN,0.4,1.3,유해란,1,5,2,0,이재윤,3,10,2,1,0
GREEN,0.4,0.5,유해란,1,5,2,0,이재윤,3,11,2,0,0
GREEN,0.4,0.3,유해란,1,5,2,0,이재윤,3,13,2,1,0
GREEN,0.4,0.2,유해란,1,5,2,0,이재윤,3,14,2,0,0
GREEN,0.4,1.4,유해란,1,5,2,0,이재윤,3,15,2,0,0
GREEN,0.4,1.3,유해란,1,5,2,0,이재윤,3,17,2,0,0
GREEN,0.4,0.5,유해란,1,5,2,0,이재윤,3,18,2,0,0
GREEN,0.4,0.9,유해란,1,5,2,0,이재윤,4,1,2,0,0
GREEN,0.4,0.3,유해란,1,5,2,0,이재윤,4,2,2,1,0
GREEN,0.4,0.3,유해란,1,5,2,0,이재윤,4,5,2,0,0
GREEN,0.4,0.4,유해란,1,5,2,0,이재윤,4,8,2,0,0
GREEN,0.4,0.3,유해란,1,5,2,0,이재윤,4,9,2,0,0
GREEN,0.4,0.4,유해란,1,5,2,0,이재윤,4,12,2,0,0
GREEN,0.4,0.5,유해란,1,5,2,0,이재윤,4,13,2,0,0
GREEN,0.4,1.0,유해란,1,5,2,0,이재윤,4,14,2,1,0
GREEN,0.4,1.2,유해란,1,5,2,0,이재윤,4,15,2,0,0
GREEN,0.4,0.5,유해란,1,5,2,0,이재윤,4,16,2,0,0
GREEN,0.4,0.3,유해란,1,5,2,0,이재윤,4,18,2,0,0
GREEN,0.4,0.4,유해란,1,5,2,0,박서현,1,2,2,0,0
GREEN,0.4,1.0,유해란,1,5,2,0,박서현,1,3,2,2,0
GREEN,0.4,0.5,유해란,1,5,2,0,박서현,1,4,2,0,0
GREEN,0.4,0.5,유해란,1,5,2,0,박서현,1,5,2,0,0
GREEN,0.4,0.4,유해란,1,5,2,0,박서현,1,6,2,1,0
GREEN,0.4,0.5,유해란,1,5,2,0,박서현,1,7,2,0,0
GREEN,0.4,0.5,유해란,1,5,2,0,박서현,1,8,2,1,0
GREEN,0.4,0.6,유해란,1,5,2,0,박서현,1,9,2,0,0
GREEN,0.4,0.3,유해란,1,5,2,0,박서현,1,10,2,0,0
GREEN,0.4,0.4,유해란,1,5,2,0,박서현,1,11,2,0,0
GREEN,0.4,1.1,유해란,1,5,2,0,박서현,1,13,2,1,0
GREEN,0.4,0.3,유해란,1,5,2,0,박서현,1,14,2,0,0
GREEN,0.4,0.5,유해란,1,5,2,0,박서현,1,15,2,1,0
GREEN,0.4,0.5,유해란,1,5,2,0,박서현,1,17,2,0,0
GREEN,0.4,0.3,유해란,1,5,2,0,박서현,2,1,2,0,0
GREEN,0.4,0.5,유해란,1,5,2,0,박서현,2,2,2,0,0
GREEN,0.4,0.5,유해란,1,5,2,0,박서현,2,3,2,0,0
GREEN,0.4,0.3,유해란,1,5,2,0,박서현,2,4,2,1,0
GREEN,0.4,1.2,유해란,1,5,2,0,박서현,2,5,3,1,-1
GREEN,0.4,0.4,유해란,1,5,2,0,박서현,2,5,2,1,0
GREEN,0.4,0.4,유해란,1,5,2,0,박서현,2,7,2,0,0
GREEN,0.4,0.2,유해란,1,5,2,0,박서현,2,10,2,0,0
GREEN,0.4,1.3,유해란,1,5,2,0,박서현,2,12,3,2,-1
GREEN,0.4,0.9,유해란,1,5,2,0,박서현,2,12,2,2,0
GREEN,0.4,0.4,유해란,1,5,2,0,박서현,2,13,2,0,0
GREEN,0.4,1.0,유해란,1,5,2,0,박서현,2,14,2,1,0
GREEN,0.4,1.3,유해란,1,5,2,0,박서현,2,15,2,0,0
GREEN,0.4,0.2,유해란,1,5,2,0,박서현,2,17,2,0,0
GREEN,0.4,1.3,유해란,1,5,2,0,박서현,2,18,2,0,0
GREEN,0.4,1.3,유해란,1,5,2,0,박서현,3,1,2,0,0
GREEN,0.4,1.4,유해란,1,5,2,0,박서현,3,2,2,0,0
GREEN,0.4,0.4,유해란,1,5,2,0,박서현,3,3,2,1,0
GREEN,0.4,0.5,유해란,1,5,2,0,박서현,3,4,2,0,0
GREEN,0.4,1.2,유해란,1,5,2,0,박서현,3,5,2,0,0
GREEN,0.4,0.3,유해란,1,5,2,0,박서현,3,6,2,0,0
GREEN,0.4,0.5,유해란,1,5,2,0,박서현,3,7,2,0,0
GREEN,0.4,0.3,유해란,1,5,2,0,박서현,3,8,2,3,0
GREEN,0.4,0.2,유해란,1,5,2,0,박서현,3,9,2,2,0
GREEN,0.4,0.9,유해란,1,5,2,0,박서현,3,10,2,1,0
GREEN,0.4,1.0,유해란,1,5,2,0,박서현,3,11,2,0,0
GREEN,0.4,1.2,유해란,1,5,2,0,박서현,3,12,2,0,0
GREEN,0.4,1.3,유해란,1,5,2,0,박서현,3,13,3,1,-1
GREEN,0.4,1.0,유해란,1,5,2,0,박서현,3,13,2,1,0
GREEN,0.4,0.4,유해란,1,5,2,0,박서현,3,14,2,0,0
GREEN,0.4,1.4,유해란,1,5,2,0,박서현,3,15,2,1,0
GREEN,0.4,0.3,유해란,1,5,2,0,박서현,3,16,2,0,0
GREEN,0.4,0.5,유해란,1,5,2,0,박서현,3,18,2,0,0
GREEN,0.4,1.1,유해란,1,5,2,0,박서현,4,1,2,0,0
GREEN,0.4,0.2,유해란,1,5,2,0,박서현,4,2,2,0,0
GREEN,0.4,0.5,유해란,1,5,2,0,박서현,4,3,2,1,0
GREEN,0.4,0.3,유해란,1,5,2,0,박서현,4,4,2,1,0
GREEN,0.4,0.3,유해란,1,5,2,0,박서현,4,5,2,0,0
GREEN,0.4,0.3,유해란,1,5,2,0,박서현,4,8,2,0,0
GREEN,0.4,0.4,유해란,1,5,2,0,박서현,4,9,2,2,0
GREEN,0.4,0.4,유해란,1,5,2,0,박서현,4,11,2,0,0
GREEN,0.4,0.8,유해란,1,5,2,0,박서현,4,12,2,1,0
GREEN,0.4,0.2,유해란,1,5,2,0,박서현,4,14,2,1,0
GREEN,0.4,0.7,유해란,1,5,2,0,박서현,4,15,2,0,0
GREEN,0.4,1.3,유해란,1,5,2,0,박서현,4,16,2,0,0
GREEN,0.4,0.5,유해란,1,5,2,0,박서현,4,17,2,1,0
GREEN,0.4,1.3,유해란,1,5,2,0,박서현,4,18,2,1,0
ROUGH,156.2,156.5,유해란,1,6,4,0,이재윤,2,1,4,0,0
GREEN,2.8,3.8,유해란,1,6,2,0,이재윤,1,4,3,1,-1
GREEN,2.8,3.1,유해란,1,6,2,0,이재윤,1,7,3,0,-1
GREEN,2.8,3.1,유해란,1,6,2,0,이재윤,1,11,3,1,-1
GREEN,2.8,3.4,유해란,1,6,2,0,이재윤,1,15,3,1,-1
GREEN,2.8,2.8,유해란,1,6,2,0,이재윤,1,16,2,0,0
GREEN,2.8,2.1,유해란,1,6,2,0,이재윤,1,17,2,0,0
GREEN,2.8,3.0,유해란,1,6,2,0,이재윤,2,2,2,0,0
GREEN,2.8,2.3,유해란,1,6,2,0,이재윤,2,4,3,1,-1
GREEN,2.8,3.1,유해란,1,6,2,0,이재윤,3,1,3,1,-1
GREEN,2.8,3.0,유해란,1,6,2,0,이재윤,3,3,2,0,0
GREEN,2.8,2.1,유해란,1,6,2,0,이재윤,3,6,3,0,-1
GREEN,2.8,2.8,유해란,1,6,2,0,이재윤,3,7,3,0,-1
GREEN,2.8,2.6,유해란,1,6,2,0,이재윤,3,12,2,0,0
GREEN,2.8,3.0,유해란,1,6,2,0,이재윤,3,13,3,1,-1
GREEN,2.8,2.2,유해란,1,6,2,0,이재윤,4,3,2,0,0
GREEN,2.8,2.6,유해란,1,6,2,0,이재윤,4,4,2,0,0
GREEN,2.8,2.7,유해란,1,6,2,0,이재윤,4,6,2,-1,0
GREEN,2.8,2.8,유해란,1,6,2,0,이재윤,4,7,2,-1,0
GREEN,2.8,2.0,유해란,1,6,2,0,이재윤,4,10,2,0,0
GREEN,2.8,1.8,유해란,1,6,2,0,이재윤,4,17,2,0,0
GREEN,2.8,3.1,유해란,1,6,2,0,이재윤,4,18,3,0,-1
GREEN,2.8,3.4,유해란,1,6,2,0,박서현,1,3,3,2,-1
GREEN,2.8,2.0,유해란,1,6,2,0,박서현,1,8,3,1,-1
GREEN,2.8,3.5,유해란,1,6,2,0,박서현,1,11,3,0,-1
GREEN,2.8,2.7,유해란,1,6,2,0,박서현,1,16,2,-1,0
GREEN,2.8,2.4,유해란,1,6,2,0,박서현,2,6,2,0,0
GREEN,2.8,3.3,유해란,1,6,2,0,박서현,2,8,2,0,0
GREEN,2.8,3.6,유해란,1,6,2,0,박서현,2,10,3,0,-1
GREEN,2.8,3.6,유해란,1,6,2,0,박서현,2,16,2,0,0
GREEN,2.8,1.9,유해란,1,6,2,0,박서현,3,10,3,1,-1
GREEN,2.8,2.7,유해란,1,6,2,0,박서현,3,15,3,1,-1
GREEN,2.8,1.9,유해란,1,6,2,0,박서현,3,17,2,0,0
GREEN,2.8,2.8,유해란,1,6,2,0,박서현,4,3,3,1,-1
GREEN,2.8,3.7,유해란,1,6,2,0,박서현,4,4,3,1,-1
GREEN,2.8,3.8,유해란,1,6,2,0,박서현,4,6,2,0,0
GREEN,2.8,3.4,유해란,1,6,2,0,박서현,4,9,4,2,-2
GREEN,2.8,1.9,유해란,1,6,2,0,박서현,4,12,3,1,-1
GREEN,2.8,3.4,유해란,1,6,2,0,박서현,4,13,2,0,0
GREEN,2.8,2.2,유해란,1,6,2,0,박서현,4,17,3,1,-1
GREEN,13.4,12.5,유해란,1,7,3,0,박서현,3,3,3,1,0
GREEN,13.4,13.1,유해란,1,7,3,0,박서현,3,10,4,1,-1
GREEN,13.4,12.7,유해란,1,7,3,0,박서현,4,18,3,1,0
GREEN,1.2,0.5,유해란,1,7,2,0,이재윤,1,1,2,0,0
GREEN,1.2,0.5,유해란,1,7,2,0,이재윤,1,2,2,0,0
GREEN,1.2,1.3,유해란,1,7,2,0,이재윤,1,3,2,0,0
GREEN,1.2,0.5,유해란,1,7,2,0,이재윤,1,4,2,1,0
GREEN,1.2,0.8,유해란,1,7,2,0,이재윤,1,5,2,0,0
GREEN,1.2,0.5,유해란,1,7,2,0,이재윤,1,6,2,0,0
GREEN,1.2,0.5,유해란,1,7,2,0,이재윤,1,7,2,0,0
GREEN,1.2,0.2,유해란,1,7,2,0,이재윤,1,8,2,0,0
GREEN,1.2,1.4,유해란,1,7,2,0,이재윤,1,9,2,1,0
GREEN,1.2,0.8,유해란,1,7,2,0,이재윤,1,10,2,0,0
GREEN,1.2,0.7,유해란,1,7,2,0,이재윤,1,11,2,1,0
GREEN,1.2,0.3,유해란,1,7,2,0,이재윤,1,12,2,0,0
GREEN,1.2,0.9,유해란,1,7,2,0,이재윤,1,13,2,0,0
GREEN,1.2,1.6,유해란,1,7,2,0,이재윤,1,14,3,0,-1
GREEN,1.2,0.3,유해란,1,7,2,0,이재윤,1,14,2,0,0
GREEN,1.2,1.1,유해란,1,7,2,0,이재윤,1,15,2,1,0
GREEN,1.2,2.1,유해란,1,7,2,0,이재윤,1,17,2,0,0
GREEN,1.2,0.8,유해란,1,7,2,0,이재윤,1,18,2,0,0
GREEN,1.2,0.8,유해란,1,7,2,0,이재윤,2,3,2,0,0
GREEN,1.2,0.4,유해란,1,7,2,0,이재윤,2,4,2,1,0
GREEN,1.2,0.7,유해란,1,7,2,0,이재윤,2,5,2,0,0
GREEN,1.2,1.2,유해란,1,7,2,0,이재윤,2,6,2,0,0
GREEN,1.2,0.5,유해란,1,7,2,0,이재윤,2,7,2,0,0
GREEN,1.2,0.2,유해란,1,7,2,0,이재윤,2,8,2,0,0
GREEN,1.2,1.5,유해란,1,7,2,0,이재윤,2,9,2,0,0
GREEN,1.2,1.2,유해란,1,7,2,0,이재윤,2,10,2,0,0
GREEN,1.2,1.5,유해란,1,7,2,0,이재윤,2,11,2,1,0
GREEN,1.2,0.5,유해란,1,7,2,0,이재윤,2,12,2,0,0
GREEN,1.2,1.6,유해란,1,7,2,0,이재윤,2,13,2,-1,0
GREEN,1.2,1.5,유해란,1,7,2,0,이재윤,2,14,3,1,-1
GREEN,1.2,0.4,유해란,1,7,2,0,이재윤,2,14,2,1,0
GREEN,1.2,0.5,유해란,1,7,2,0,이재윤,2,15,2,1,0
GREEN,1.2,1.7,유해란,1,7,2,0,이재윤,2,16,2,0,0
GREEN,1.2,1.0,유해란,1,7,2,0,이재윤,2,17,2,0,0
GREEN,1.2,1.3,유해란,1,7,2,0,이재윤,2,18,2,0,0
GREEN,1.2,0.3,유해란,1,7,2,0,이재윤,3,1,2,1,0
GREEN,1.2,0.5,유해란,1,7,2,0,이재윤,3,2,2,0,0
GREEN,1.2,1.5,유해란,1,7,2,0,이재윤,3,4,2,0,0
GREEN,1.2,0.3,유해란,1,7,2,0,이재윤,3,5,2,0,0
GREEN,1.2,2.1,유해란,1,7,2,0,이재윤,3,6,3,0,-1
GREEN,1.2,0.4,유해란,1,7,2,0,이재윤,3,6,2,0,0
GREEN,1.2,0.5,유해란,1,7,2,0,이재윤,3,7,2,0,0
GREEN,1.2,0.3,유해란,1,7,2,0,이재윤,3,8,2,0,0
GREEN,1.2,1.2,유해란,1,7,2,0,이재윤,3,9,2,0,0
GREEN,1.2,1.3,유해란,1,7,2,0,이재윤,3,10,2,1,0
GREEN,1.2,0.5,유해란,1,7,2,0,이재윤,3,11,2,0,0
GREEN,1.2,0.3,유해란,1,7,2,0,이재윤,3,13,2,1,0
GREEN,1.2,0.2,유해란,1,7,2,0,이재윤,3,14,2,0,0
GREEN,1.2,1.4,유해란,1,7,2,0,이재윤,3,15,2,0,0
GREEN,1.2,1.3,유해란,1,7,2,0,이재윤,3,17,2,0,0
GREEN,1.2,0.5,유해란,1,7,2,0,이재윤,3,18,2,0,0
GREEN,1.2,0.9,유해란,1,7,2,0,이재윤,4,1,2,0,0
GREEN,1.2,0.3,유해란,1,7,2,0,이재윤,4,2,2,1,0
GREEN,1.2,0.3,유해란,1,7,2,0,이재윤,4,5,2,0,0
GREEN,1.2,0.4,유해란,1,7,2,0,이재윤,4,8,2,0,0
GREEN,1.2,0.3,유해란,1,7,2,0,이재윤,4,9,2,0,0
GREEN,1.2,2.0,유해란,1,7,2,0,이재윤,4,10,2,0,0
GREEN,1.2,1.7,유해란,1,7,2,0,이재윤,4,11,2,0,0
GREEN,1.2,0.4,유해란,1,7,2,0,이재윤,4,12,2,0,0
GREEN,1.2,0.5,유해란,1,7,2,0,이재윤,4,13,2,0,0
GREEN,1.2,1.5,유해란,1,7,2,0,이재윤,4,14,3,1,-1
GREEN,1.2,1.0,유해란,1,7,2,0,이재윤,4,14,2,1,0
GREEN,1.2,1.2,유해란,1,7,2,0,이재윤,4,15,2,0,0
GREEN,1.2,0.5,유해란,1,7,2,0,이재윤,4,16,2,0,0
GREEN,1.2,1.8,유해란,1,7,2,0,이재윤,4,17,2,0,0
GREEN,1.2,0.3,유해란,1,7,2,0,이재윤,4,18,2,0,0
GREEN,1.2,0.4,유해란,1,7,2,0,박서현,1,2,2,0,0
GREEN,1.2,1.0,유해란,1,7,2,0,박서현,1,3,2,2,0
GREEN,1.2,0.5,유해란,1,7,2,0,박서현,1,4,2,0,0
GREEN,1.2,0.5,유해란,1,7,2,0,박서현,1,5,2,0,0
GREEN,1.2,0.4,유해란,1,7,2,0,박서현,1,6,2,1,0
GREEN,1.2,0.5,유해란,1,7,2,0,박서현,1,7,2,0,0
GREEN,1.2,2.0,유해란,1,7,2,0,박서현,1,8,3,1,-1
GREEN,1.2,0.5,유해란,1,7,2,0,박서현,1,8,2,1,0
GREEN,1.2,0.6,유해란,1,7,2,0,박서현,1,9,2,0,0
GREEN,1.2,0.3,유해란,1,7,2,0,박서현,1,10,2,0,0
GREEN,1.2,0.4,유해란,1,7,2,0,박서현,1,11,2,0,0
GREEN,1.2,1.1,유해란,1,7,2,0,박서현,1,13,2,1,0
GREEN,1.2,0.3,유해란,1,7,2,0,박서현,1,14,2,0,0
GREEN,1.2,0.5,유해란,1,7,2,0,박서현,1,15,2,1,0
GREEN,1.2,0.5,유해란,1,7,2,0,박서현,1,17,2,0,0
GREEN,1.2,0.3,유해란,1,7,2,0,박서현,2,1,2,0,0
GREEN,1.2,0.5,유해란,1,7,2,0,박서현,2,2,2,0,0
GREEN,1.2,0.5,유해란,1,7,2,0,박서현,2,3,2,0,0
GREEN,1.2,0.3,유해란,1,7,2,0,박서현,2,4,2,1,0
GREEN,1.2,1.2,유해란,1,7,2,0,박서현,2,5,3,1,-1
GREEN,1.2,0.4,유해란,1,7,2,0,박서현,2,5,2,1,0
GREEN,1.2,0.4,유해란,1,7,2,0,박서현,2,7,2,0,0
GREEN,1.2,1.5,유해란,1,7,2,0,박서현,2,9,2,0,0
GREEN,1.2,0.2,유해란,1,7,2,0,박서현,2,10,2,0,0
GREEN,1.2,1.5,유해란,1,7,2,0,박서현,2,11,2,1,0
GREEN,1.2,1.3,유해란,1,7,2,0,박서현,2,12,3,2,-1
GREEN,1.2,0.9,유해란,1,7,2,0,박서현,2,12,2,2,0
GREEN,1.2,0.4,유해란,1,7,2,0,박서현,2,13,2,0,0
GREEN,1.2,1.0,유해란,1,7,2,0,박서현,2,14,2,1,0
GREEN,1.2,1.3,유해란,1,7,2,0,박서현,2,15,2,0,0
GREEN,1.2,0.2,유해란,1,7,2,0,박서현,2,17,2,0,0
GREEN,1.2,1.3,유해란,1,7,2,0,박서현,2,18,2,0,0
GREEN,1.2,1.3,유해란,1,7,2,0,박서현,3,1,2,0,0
GREEN,1.2,1.4,유해란,1,7,2,0,박서현,3,2,2,0,0
GREEN,1.2,0.4,유해란,1,7,2,0,박서현,3,3,2,1,0
GREEN,1.2,0.5,유해란,1,7,2,0,박서현,3,4,2,0,0
GREEN,1.2,1.2,유해란,1,7,2,0,박서현,3,5,2,0,0
GREEN,1.2,0.3,유해란,1,7,2,0,박서현,3,6,2,0,0
GREEN,1.2,0.5,유해란,1,7,2,0,박서현,3,7,2,0,0
GREEN,1.2,0.3,유해란,1,7,2,0,박서현,3,8,2,3,0
GREEN,1.2,0.2,유해란,1,7,2,0,박서현,3,9,2,2,0
GREEN,1.2,1.9,유해란,1,7,2,0,박서현,3,10,3,1,-1
GREEN,1.2,0.9,유해란,1,7,2,0,박서현,3,10,2,1,0
GREEN,1.2,1.0,유해란,1,7,2,0,박서현,3,11,2,0,0
GREEN,1.2,1.2,유해란,1,7,2,0,박서현,3,12,2,0,0
GREEN,1.2,1.3,유해란,1,7,2,0,박서현,3,13,3,1,-1
GREEN,1.2,1.0,유해란,1,7,2,0,박서현,3,13,2,1,0
GREEN,1.2,0.4,유해란,1,7,2,0,박서현,3,14,2,0,0
GREEN,1.2,1.4,유해란,1,7,2,0,박서현,3,15,2,1,0
GREEN,1.2,0.3,유해란,1,7,2,0,박서현,3,16,2,0,0
GREEN,1.2,1.9,유해란,1,7,2,0,박서현,3,17,2,0,0
GREEN,1.2,0.5,유해란,1,7,2,0,박서현,3,18,2,0,0
GREEN,1.2,1.1,유해란,1,7,2,0,박서현,4,1,2,0,0
GREEN,1.2,0.2,유해란,1,7,2,0,박서현,4,2,2,0,0
GREEN,1.2,0.5,유해란,1,7,2,0,박서현,4,3,2,1,0
GREEN,1.2,0.3,유해란,1,7,2,0,박서현,4,4,2,1,0
GREEN,1.2,0.3,유해란,1,7,2,0,박서현,4,5,2,0,0
GREEN,1.2,0.3,유해란,1,7,2,0,박서현,4,8,2,0,0
GREEN,1.2,1.7,유해란,1,7,2,0,박서현,4,9,3,2,-1
GREEN,1.2,0.4,유해란,1,7,2,0,박서현,4,9,2,2,0
GREEN,1.2,1.6,유해란,1,7,2,0,박서현,4,10,2,1,0
GREEN,1.2,0.4,유해란,1,7,2,0,박서현,4,11,2,0,0
GREEN,1.2,1.9,유해란,1,7,2,0,박서현,4,12,3,1,-1
GREEN,1.2,0.8,유해란,1,7,2,0,박서현,4,12,2,1,0
GREEN,1.2,1.6,유해란,1,7,2,0,박서현,4,14,3,1,-1
GREEN,1.2,0.2,유해란,1,7,2,0,박서현,4,14,2,1,0
GREEN,1.2,0.7,유해란,1,7,2,0,박서현,4,15,2,0,0
GREEN,1.2,1.3,유해란,1,7,2,0,박서현,4,16,2,0,0
GREEN,1.2,0.5,유해란,1,7,2,0,박서현,4,17,2,1,0
GREEN,1.2,1.3,유해란,1,7,2,0,박서현,4,18,2,1,0
FAIRWAY,123.1,123.0,유해란,1,8,3,-1,박서현,3,7,4,0,-1
GREEN,7.4,6.6,유해란,1,8,2,-1,이재윤,1,2,3,0,-1
GREEN,7.4,7.6,유해란,1,8,2,-1,이재윤,2,7,3,0,-1
GREEN,7.4,7.3,유해란,1,8,2,-1,이재윤,2,15,3,1,-1
GREEN,7.4,7.3,유해란,1,8,2,-1,이재윤,2,16,3,0,-1
GREEN,7.4,7.8,유해란,1,8,2,-1,이재윤,2,18,3,0,-1
GREEN,7.4,6.5,유해란,1,8,2,-1,이재윤,3,10,3,1,-1
GREEN,7.4,7.9,유해란,1,8,2,-1,이재윤,3,14,3,0,-1
GREEN,7.4,7.6,유해란,1,8,2,-1,이재윤,3,18,3,0,-1
GREEN,7.4,7.4,유해란,1,8,2,-1,이재윤,4,5,3,0,-1
GREEN,7.4,7.2,유해란,1,8,2,-1,이재윤,4,9,3,0,-1
GREEN,7.4,6.8,유해란,1,8,2,-1,이재윤,4,15,3,0,-1
GREEN,7.4,7.7,유해란,1,8,2,-1,박서현,1,1,2,-1,0
GREEN,7.4,7.2,유해란,1,8,2,-1,박서현,1,5,3,0,-1
GREEN,7.4,6.9,유해란,1,8,2,-1,박서현,1,6,3,1,-1
GREEN,7.4,7.5,유해란,1,8,2,-1,박서현,1,13,3,1,-1
GREEN,7.4,6.6,유해란,1,8,2,-1,박서현,1,15,3,1,-1
GREEN,7.4,7.8,유해란,1,8,2,-1,박서현,2,1,3,0,-1
GREEN,7.4,7.5,유해란,1,8,2,-1,박서현,3,6,3,0,-1
GREEN,7.4,8.2,유해란,1,8,2,-1,박서현,3,12,3,0,-1
GREEN,7.4,7.1,유해란,1,8,2,-1,박서현,4,1,3,0,-1
GREEN,7.4,6.7,유해란,1,8,2,-1,박서현,4,5,3,0,-1
GREEN,7.4,7.6,유해란,1,8,2,-1,박서현,4,8,3,0,-1
ROUGH,143.8,143.4,유해란,1,9,4,0,이재윤,4,4,4,0,0
GREEN,0.4,0.5,유해란,1,9,2,0,이재윤,1,1,2,0,0
GREEN,0.4,0.5,유해란,1,9,2,0,이재윤,1,2,2,0,0
GREEN,0.4,1.3,유해란,1,9,2,0,이재윤,1,3,2,0,0
GREEN,0.4,0.5,유해란,1,9,2,0,이재윤,1,4,2,1,0
GREEN,0.4,0.8,유해란,1,9,2,0,이재윤,1,5,2,0,0
GREEN,0.4,0.5,유해란,1,9,2,0,이재윤,1,6,2,0,0
GREEN,0.4,0.5,유해란,1,9,2,0,이재윤,1,7,2,0,0
GREEN,0.4,0.2,유해란,1,9,2,0,이재윤,1,8,2,0,0
GREEN,0.4,1.4,유해란,1,9,2,0,이재윤,1,9,2,1,0
GREEN,0.4,0.8,유해란,1,9,2,0,이재윤,1,10,2,0,0
GREEN,0.4,0.7,유해란,1,9,2,0,이재윤,1,11,2,1,0
GREEN,0.4,0.3,유해란,1,9,2,0,이재윤,1,12,2,0,0
GREEN,0.4,0.9,유해란,1,9,2,0,이재윤,1,13,2,0,0
GREEN,0.4,0.3,유해란,1,9,2,0,이재윤,1,14,2,0,0
GREEN,0.4,1.1,유해란,1,9,2,0,이재윤,1,15,2,1,0
GREEN,0.4,0.8,유해란,1,9,2,0,이재윤,1,18,2,0,0
GREEN,0.4,0.8,유해란,1,9,2,0,이재윤,2,3,2,0,0
GREEN,0.4,0.4,유해란,1,9,2,0,이재윤,2,4,2,1,0
GREEN,0.4,0.7,유해란,1,9,2,0,이재윤,2,5,2,0,0
GREEN,0.4,1.2,유해란,1,9,2,0,이재윤,2,6,2,0,0
GREEN,0.4,0.5,유해란,1,9,2,0,이재윤,2,7,2,0,0
GREEN,0.4,0.2,유해란,1,9,2,0,이재윤,2,8,2,0,0
GREEN,0.4,1.2,유해란,1,9,2,0,이재윤,2,10,2,0,0
GREEN,0.4,0.5,유해란,1,9,2,0,이재윤,2,12,2,0,0
GREEN,0.4,0.4,유해란,1,9,2,0,이재윤,2,14,2,1,0
GREEN,0.4,0.5,유해란,1,9,2,0,이재윤,2,15,2,1,0
GREEN,0.4,1.0,유해란,1,9,2,0,이재윤,2,17,2,0,0
GREEN,0.4,1.3,유해란,1,9,2,0,이재윤,2,18,2,0,0
GREEN,0.4,0.3,유해란,1,9,2,0,이재윤,3,1,2,1,0
GREEN,0.4,0.5,유해란,1,9,2,0,이재윤,3,2,2,0,0
GREEN,0.4,0.3,유해란,1,9,2,0,이재윤,3,5,2,0,0
GREEN,0.4,0.4,유해란,1,9,2,0,이재윤,3,6,2,0,0
GREEN,0.4,0.5,유해란,1,9,2,0,이재윤,3,7,2,0,0
GREEN,0.4,0.3,유해란,1,9,2,0,이재윤,3,8,2,0,0
GREEN,0.4,1.2,유해란,1,9,2,0,이재윤,3,9,2,0,0
GREEN,0.4,1.3,유해란,1,9,2,0,이재윤,3,10,2,1,0
GREEN,0.4,0.5,유해란,1,9,2,0,이재윤,3,11,2,0,0
GREEN,0.4,0.3,유해란,1,9,2,0,이재윤,3,13,2,1,0
GREEN,0.4,0.2,유해란,1,9,2,0,이재윤,3,14,2,0,0
GREEN,0.4,1.4,유해란,1,9,2,0,이재윤,3,15,2,0,0
GREEN,0.4,1.3,유해란,1,9,2,0,이재윤,3,17,2,0,0
GREEN,0.4,0.5,유해란,1,9,2,0,이재윤,3,18,2,0,0
GREEN,0.4,0.9,유해란,1,9,2,0,이재윤,4,1,2,0,0
GREEN,0.4,0.3,유해란,1,9,2,0,이재윤,4,2,2,1,0
GREEN,0.4,0.3,유해란,1,9,2,0,이재윤,4,5,2,0,0
GREEN,0.4,0.4,유해란,1,9,2,0,이재윤,4,8,2,0,0
GREEN,0.4,0.3,유해란,1,9,2,0,이재윤,4,9,2,0,0
GREEN,0.4,0.4,유해란,1,9,2,0,이재윤,4,12,2,0,0
GREEN,0.4,0.5,유해란,1,9,2,0,이재윤,4,13,2,0,0
GREEN,0.4,1.0,유해란,1,9,2,0,이재윤,4,14,2,1,0
GREEN,0.4,1.2,유해란,1,9,2,0,이재윤,4,15,2,0,0
GREEN,0.4,0.5,유해란,1,9,2,0,이재윤,4,16,2,0,0
GREEN,0.4,0.3,유해란,1,9,2,0,이재윤,4,18,2,0,0
GREEN,0.4,0.4,유해란,1,9,2,0,박서현,1,2,2,0,0
GREEN,0.4,1.0,유해란,1,9,2,0,박서현,1,3,2,2,0
GREEN,0.4,0.5,유해란,1,9,2,0,박서현,1,4,2,0,0
GREEN,0.4,0.5,유해란,1,9,2,0,박서현,1,5,2,0,0
GREEN,0.4,0.4,유해란,1,9,2,0,박서현,1,6,2,1,0
GREEN,0.4,0.5,유해란,1,9,2,0,박서현,1,7,2,0,0
GREEN,0.4,0.5,유해란,1,9,2,0,박서현,1,8,2,1,0
GREEN,0.4,0.6,유해란,1,9,2,0,박서현,1,9,2,0,0
GREEN,0.4,0.3,유해란,1,9,2,0,박서현,1,10,2,0,0
GREEN,0.4,0.4,유해란,1,9,2,0,박서현,1,11,2,0,0
GREEN,0.4,1.1,유해란,1,9,2,0,박서현,1,13,2,1,0
GREEN,0.4,0.3,유해란,1,9,2,0,박서현,1,14,2,0,0
GREEN,0.4,0.5,유해란,1,9,2,0,박서현,1,15,2,1,0
GREEN,0.4,0.5,유해란,1,9,2,0,박서현,1,17,2,0,0
GREEN,0.4,0.3,유해란,1,9,2,0,박서현,2,1,2,0,0
GREEN,0.4,0.5,유해란,1,9,2,0,박서현,2,2,2,0,0
GREEN,0.4,0.5,유해란,1,9,2,0,박서현,2,3,2,0,0
GREEN,0.4,0.3,유해란,1,9,2,0,박서현,2,4,2,1,0
GREEN,0.4,1.2,유해란,1,9,2,0,박서현,2,5,3,1,-1
GREEN,0.4,0.4,유해란,1,9,2,0,박서현,2,5,2,1,0
GREEN,0.4,0.4,유해란,1,9,2,0,박서현,2,7,2,0,0
GREEN,0.4,0.2,유해란,1,9,2,0,박서현,2,10,2,0,0
GREEN,0.4,1.3,유해란,1,9,2,0,박서현,2,12,3,2,-1
GREEN,0.4,0.9,유해란,1,9,2,0,박서현,2,12,2,2,0
GREEN,0.4,0.4,유해란,1,9,2,0,박서현,2,13,2,0,0
GREEN,0.4,1.0,유해란,1,9,2,0,박서현,2,14,2,1,0
GREEN,0.4,1.3,유해란,1,9,2,0,박서현,2,15,2,0,0
GREEN,0.4,0.2,유해란,1,9,2,0,박서현,2,17,2,0,0
GREEN,0.4,1.3,유해란,1,9,2,0,박서현,2,18,2,0,0
GREEN,0.4,1.3,유해란,1,9,2,0,박서현,3,1,2,0,0
GREEN,0.4,1.4,유해란,1,9,2,0,박서현,3,2,2,0,0
GREEN,0.4,0.4,유해란,1,9,2,0,박서현,3,3,2,1,0
GREEN,0.4,0.5,유해란,1,9,2,0,박서현,3,4,2,0,0
GREEN,0.4,1.2,유해란,1,9,2,0,박서현,3,5,2,0,0
GREEN,0.4,0.3,유해란,1,9,2,0,박서현,3,6,2,0,0
GREEN,0.4,0.5,유해란,1,9,2,0,박서현,3,7,2,0,0
GREEN,0.4,0.3,유해란,1,9,2,0,박서현,3,8,2,3,0
GREEN,0.4,0.2,유해란,1,9,2,0,박서현,3,9,2,2,0
GREEN,0.4,0.9,유해란,1,9,2,0,박서현,3,10,2,1,0
GREEN,0.4,1.0,유해란,1,9,2,0,박서현,3,11,2,0,0
GREEN,0.4,1.2,유해란,1,9,2,0,박서현,3,12,2,0,0
GREEN,0.4,1.3,유해란,1,9,2,0,박서현,3,13,3,1,-1
GREEN,0.4,1.0,유해란,1,9,2,0,박서현,3,13,2,1,0
GREEN,0.4,0.4,유해란,1,9,2,0,박서현,3,14,2,0,0
GREEN,0.4,1.4,유해란,1,9,2,0,박서현,3,15,2,1,0
GREEN,0.4,0.3,유해란,1,9,2,0,박서현,3,16,2,0,0
GREEN,0.4,0.5,유해란,1,9,2,0,박서현,3,18,2,0,0
GREEN,0.4,1.1,유해란,1,9,2,0,박서현,4,1,2,0,0
GREEN,0.4,0.2,유해란,1,9,2,0,박서현,4,2,2,0,0
GREEN,0.4,0.5,유해란,1,9,2,0,박서현,4,3,2,1,0
GREEN,0.4,0.3,유해란,1,9,2,0,박서현,4,4,2,1,0
GREEN,0.4,0.3,유해란,1,9,2,0,박서현,4,5,2,0,0
GREEN,0.4,0.3,유해란,1,9,2,0,박서현,4,8,2,0,0
GREEN,0.4,0.4,유해란,1,9,2,0,박서현,4,9,2,2,0
GREEN,0.4,0.4,유해란,1,9,2,0,박서현,4,11,2,0,0
GREEN,0.4,0.8,유해란,1,9,2,0,박서현,4,12,2,1,0
GREEN,0.4,0.2,유해란,1,9,2,0,박서현,4,14,2,1,0
GREEN,0.4,0.7,유해란,1,9,2,0,박서현,4,15,2,0,0
GREEN,0.4,1.3,유해란,1,9,2,0,박서현,4,16,2,0,0
GREEN,0.4,0.5,유해란,1,9,2,0,박서현,4,17,2,1,0
GREEN,0.4,1.3,유해란,1,9,2,0,박서현,4,18,2,1,0
FAIRWAY,136.7,137.0,유해란,1,10,5,1,이재윤,3,14,4,0,1
FAIRWAY,136.7,137.6,유해란,1,10,5,1,박서현,4,13,4,0,1
ROUGH,8.7,7.9,유해란,1,10,4,1,이재윤,2,6,3,0,1
ROUGH,8.7,8.9,유해란,1,10,4,1,이재윤,2,10,3,0,1
ROUGH,8.7,8.0,유해란,1,10,4,1,이재윤,2,11,4,1,0
ROUGH,8.7,8.2,유해란,1,10,4,1,이재윤,3,4,3,0,1
ROUGH,8.7,8.8,유해란,1,10,4,1,박서현,1,10,3,0,1
ROUGH,8.7,9.4,유해란,1,10,4,1,박서현,2,11,3,1,1
GREEN,3.4,3.8,유해란,1,10,3,1,이재윤,1,4,3,1,0
GREEN,3.4,3.1,유해란,1,10,3,1,이재윤,1,7,3,0,0
GREEN,3.4,3.1,유해란,1,10,3,1,이재윤,1,11,3,1,0
GREEN,3.4,3.9,유해란,1,10,3,1,이재윤,1,12,3,0,0
GREEN,3.4,3.4,유해란,1,10,3,1,이재윤,1,15,3,1,0
GREEN,3.4,2.8,유해란,1,10,3,1,이재윤,1,16,2,0,1
GREEN,3.4,3.0,유해란,1,10,3,1,이재윤,2,2,2,0,1
GREEN,3.4,3.1,유해란,1,10,3,1,이재윤,3,1,3,1,0
GREEN,3.4,3.0,유해란,1,10,3,1,이재윤,3,3,2,0,1
GREEN,3.4,2.8,유해란,1,10,3,1,이재윤,3,7,3,0,0
GREEN,3.4,2.6,유해란,1,10,3,1,이재윤,3,12,2,0,1
GREEN,3.4,3.0,유해란,1,10,3,1,이재윤,3,13,3,1,0
GREEN,3.4,2.6,유해란,1,10,3,1,이재윤,4,4,2,0,1
GREEN,3.4,2.7,유해란,1,10,3,1,이재윤,4,6,2,-1,1
GREEN,3.4,2.8,유해란,1,10,3,1,이재윤,4,7,2,-1,1
GREEN,3.4,4.2,유해란,1,10,3,1,이재윤,4,13,3,0,0
GREEN,3.4,3.1,유해란,1,10,3,1,이재윤,4,18,3,0,0
GREEN,3.4,3.4,유해란,1,10,3,1,박서현,1,3,3,2,0
GREEN,3.4,3.5,유해란,1,10,3,1,박서현,1,11,3,0,0
GREEN,3.4,4.3,유해란,1,10,3,1,박서현,1,14,3,0,0
GREEN,3.4,2.7,유해란,1,10,3,1,박서현,1,16,2,-1,1
GREEN,3.4,2.4,유해란,1,10,3,1,박서현,2,6,2,0,1
GREEN,3.4,3.3,유해란,1,10,3,1,박서현,2,8,2,0,1
GREEN,3.4,3.6,유해란,1,10,3,1,박서현,2,10,3,0,0
GREEN,3.4,3.6,유해란,1,10,3,1,박서현,2,16,2,0,1
GREEN,3.4,4.3,유해란,1,10,3,1,박서현,3,9,3,2,0
GREEN,3.4,2.7,유해란,1,10,3,1,박서현,3,15,3,1,0
GREEN,3.4,2.8,유해란,1,10,3,1,박서현,4,3,3,1,0
GREEN,3.4,3.7,유해란,1,10,3,1,박서현,4,4,3,1,0
GREEN,3.4,3.8,유해란,1,10,3,1,박서현,4,6,2,0,1
GREEN,3.4,3.4,유해란,1,10,3,1,박서현,4,9,4,2,-1
GREEN,3.4,3.4,유해란,1,10,3,1,박서현,4,13,2,0,1
GREEN,0.7,0.5,유해란,1,10,2,1,이재윤,1,1,2,0,0
GREEN,0.7,0.5,유해란,1,10,2,1,이재윤,1,2,2,0,0
GREEN,0.7,1.3,유해란,1,10,2,1,이재윤,1,3,2,0,0
GREEN,0.7,0.5,유해란,1,10,2,1,이재윤,1,4,2,1,0
GREEN,0.7,0.8,유해란,1,10,2,1,이재윤,1,5,2,0,0
GREEN,0.7,0.5,유해란,1,10,2,1,이재윤,1,6,2,0,0
GREEN,0.7,0.5,유해란,1,10,2,1,이재윤,1,7,2,0,0
GREEN,0.7,0.2,유해란,1,10,2,1,이재윤,1,8,2,0,0
GREEN,0.7,1.4,유해란,1,10,2,1,이재윤,1,9,2,1,0
GREEN,0.7,0.8,유해란,1,10,2,1,이재윤,1,10,2,0,0
GREEN,0.7,0.7,유해란,1,10,2,1,이재윤,1,11,2,1,0
GREEN,0.7,0.3,유해란,1,10,2,1,이재윤,1,12,2,0,0
GREEN,0.7,0.9,유해란,1,10,2,1,이재윤,1,13,2,0,0
GREEN,0.7,1.6,유해란,1,10,2,1,이재윤,1,14,3,0,-1
GREEN,0.7,0.3,유해란,1,10,2,1,이재윤,1,14,2,0,0
GREEN,0.7,1.1,유해란,1,10,2,1,이재윤,1,15,2,1,0
GREEN,0.7,0.8,유해란,1,10,2,1,이재윤,1,18,2,0,0
GREEN,0.7,0.8,유해란,1,10,2,1,이재윤,2,3,2,0,0
GREEN,0.7,0.4,유해란,1,10,2,1,이재윤,2,4,2,1,0
GREEN,0.7,0.7,유해란,1,10,2,1,이재윤,2,5,2,0,0
GREEN,0.7,1.2,유해란,1,10,2,1,이재윤,2,6,2,0,0
GREEN,0.7,0.5,유해란,1,10,2,1,이재윤,2,7,2,0,0
GREEN,0.7,0.2,유해란,1,10,2,1,이재윤,2,8,2,0,0
GREEN,0.7,1.5,유해란,1,10,2,1,이재윤,2,9,2,0,0
GREEN,0.7,1.2,유해란,1,10,2,1,이재윤,2,10,2,0,0
GREEN,0.7,1.5,유해란,1,10,2,1,이재윤,2,11,2,1,0
GREEN,0.7,0.5,유해란,1,10,2,1,이재윤,2,12,2,0,0
GREEN,0.7,1.6,유해란,1,10,2,1,이재윤,2,13,2,-1,0
GREEN,0.7,1.5,유해란,1,10,2,1,이재윤,2,14,3,1,-1
GREEN,0.7,0.4,유해란,1,10,2,1,이재윤,2,14,2,1,0
GREEN,0.7,0.5,유해란,1,10,2,1,이재윤,2,15,2,1,0
GREEN,0.7,1.7,유해란,1,10,2,1,이재윤,2,16,2,0,0
GREEN,0.7,1.0,유해란,1,10,2,1,이재윤,2,17,2,0,0
GREEN,0.7,1.3,유해란,1,10,2,1,이재윤,2,18,2,0,0
GREEN,0.7,0.3,유해란,1,10,2,1,이재윤,3,1,2,1,0
GREEN,0.7,0.5,유해란,1,10,2,1,이재윤,3,2,2,0,0
GREEN,0.7,1.5,유해란,1,10,2,1,이재윤,3,4,2,0,0
GREEN,0.7,0.3,유해란,1,10,2,1,이재윤,3,5,2,0,0
GREEN,0.7,0.4,유해란,1,10,2,1,이재윤,3,6,2,0,0
GREEN,0.7,0.5,유해란,1,10,2,1,이재윤,3,7,2,0,0
GREEN,0.7,0.3,유해란,1,10,2,1,이재윤,3,8,2,0,0
GREEN,0.7,1.2,유해란,1,10,2,1,이재윤,3,9,2,0,0
GREEN,0.7,1.3,유해란,1,10,2,1,이재윤,3,10,2,1,0
GREEN,0.7,0.5,유해란,1,10,2,1,이재윤,3,11,2,0,0
GREEN,0.7,0.3,유해란,1,10,2,1,이재윤,3,13,2,1,0
GREEN,0.7,0.2,유해란,1,10,2,1,이재윤,3,14,2,0,0
GREEN,0.7,1.4,유해란,1,10,2,1,이재윤,3,15,2,0,0
GREEN,0.7,1.3,유해란,1,10,2,1,이재윤,3,17,2,0,0
GREEN,0.7,0.5,유해란,1,10,2,1,이재윤,3,18,2,0,0
GREEN,0.7,0.9,유해란,1,10,2,1,이재윤,4,1,2,0,0
GREEN,0.7,0.3,유해란,1,10,2,1,이재윤,4,2,2,1,0
GREEN,0.7,0.3,유해란,1,10,2,1,이재윤,4,5,2,0,0
GREEN,0.7,0.4,유해란,1,10,2,1,이재윤,4,8,2,0,0
GREEN,0.7,0.3,유해란,1,10,2,1,이재윤,4,9,2,0,0
GREEN,0.7,1.7,유해란,1,10,2,1,이재윤,4,11,2,0,0
GREEN,0.7,0.4,유해란,1,10,2,1,이재윤,4,12,2,0,0
GREEN,0.7,0.5,유해란,1,10,2,1,이재윤,4,13,2,0,0
GREEN,0.7,1.5,유해란,1,10,2,1,이재윤,4,14,3,1,-1
GREEN,0.7,1.0,유해란,1,10,2,1,이재윤,4,14,2,1,0
GREEN,0.7,1.2,유해란,1,10,2,1,이재윤,4,15,2,0,0
GREEN,0.7,0.5,유해란,1,10,2,1,이재윤,4,16,2,0,0
GREEN,0.7,0.3,유해란,1,10,2,1,이재윤,4,18,2,0,0
GREEN,0.7,0.4,유해란,1,10,2,1,박서현,1,2,2,0,0
GREEN,0.7,1.0,유해란,1,10,2,1,박서현,1,3,2,2,0
GREEN,0.7,0.5,유해란,1,10,2,1,박서현,1,4,2,0,0
GREEN,0.7,0.5,유해란,1,10,2,1,박서현,1,5,2,0,0
GREEN,0.7,0.4,유해란,1,10,2,1,박서현,1,6,2,1,0
GREEN,0.7,0.5,유해란,1,10,2,1,박서현,1,7,2,0,0
GREEN,0.7,0.5,유해란,1,10,2,1,박서현,1,8,2,1,0
GREEN,0.7,0.6,유해란,1,10,2,1,박서현,1,9,2,0,0
GREEN,0.7,0.3,유해란,1,10,2,1,박서현,1,10,2,0,0
GREEN,0.7,0.4,유해란,1,10,2,1,박서현,1,11,2,0,0
GREEN,0.7,1.1,유해란,1,10,2,1,박서현,1,13,2,1,0
GREEN,0.7,0.3,유해란,1,10,2,1,박서현,1,14,2,0,0
GREEN,0.7,0.5,유해란,1,10,2,1,박서현,1,15,2,1,0
GREEN,0.7,0.5,유해란,1,10,2,1,박서현,1,17,2,0,0
GREEN,0.7,0.3,유해란,1,10,2,1,박서현,2,1,2,0,0
GREEN,0.7,0.5,유해란,1,10,2,1,박서현,2,2,2,0,0
GREEN,0.7,0.5,유해란,1,10,2,1,박서현,2,3,2,0,0
GREEN,0.7,0.3,유해란,1,10,2,1,박서현,2,4,2,1,0
GREEN,0.7,1.2,유해란,1,10,2,1,박서현,2,5,3,1,-1
GREEN,0.7,0.4,유해란,1,10,2,1,박서현,2,5,2,1,0
GREEN,0.7,0.4,유해란,1,10,2,1,박서현,2,7,2,0,0
GREEN,0.7,1.5,유해란,1,10,2,1,박서현,2,9,2,0,0
GREEN,0.7,0.2,유해란,1,10,2,1,박서현,2,10,2,0,0
GREEN,0.7,1.5,유해란,1,10,2,1,박서현,2,11,2,1,0
GREEN,0.7,1.3,유해란,1,10,2,1,박서현,2,12,3,2,-1
GREEN,0.7,0.9,유해란,1,10,2,1,박서현,2,12,2,2,0
GREEN,0.7,0.4,유해란,1,10,2,1,박서현,2,13,2,0,0
GREEN,0.7,1.0,유해란,1,10,2,1,박서현,2,14,2,1,0
GREEN,0.7,1.3,유해란,1,10,2,1,박서현,2,15,2,0,0
GREEN,0.7,0.2,유해란,1,10,2,1,박서현,2,17,2,0,0
GREEN,0.7,1.3,유해란,1,10,2,1,박서현,2,18,2,0,0
GREEN,0.7,1.3,유해란,1,10,2,1,박서현,3,1,2,0,0
GREEN,0.7,1.4,유해란,1,10,2,1,박서현,3,2,2,0,0
GREEN,0.7,0.4,유해란,1,10,2,1,박서현,3,3,2,1,0
GREEN,0.7,0.5,유해란,1,10,2,1,박서현,3,4,2,0,0
GREEN,0.7,1.2,유해란,1,10,2,1,박서현,3,5,2,0,0
GREEN,0.7,0.3,유해란,1,10,2,1,박서현,3,6,2,0,0
GREEN,0.7,0.5,유해란,1,10,2,1,박서현,3,7,2,0,0
GREEN,0.7,0.3,유해란,1,10,2,1,박서현,3,8,2,3,0
GREEN,0.7,0.2,유해란,1,10,2,1,박서현,3,9,2,2,0
GREEN,0.7,0.9,유해란,1,10,2,1,박서현,3,10,2,1,0
GREEN,0.7,1.0,유해란,1,10,2,1,박서현,3,11,2,0,0
GREEN,0.7,1.2,유해란,1,10,2,1,박서현,3,12,2,0,0
GREEN,0.7,1.3,유해란,1,10,2,1,박서현,3,13,3,1,-1
GREEN,0.7,1.0,유해란,1,10,2,1,박서현,3,13,2,1,0
GREEN,0.7,0.4,유해란,1,10,2,1,박서현,3,14,2,0,0
GREEN,0.7,1.4,유해란,1,10,2,1,박서현,3,15,2,1,0
GREEN,0.7,0.3,유해란,1,10,2,1,박서현,3,16,2,0,0
GREEN,0.7,0.5,유해란,1,10,2,1,박서현,3,18,2,0,0
GREEN,0.7,1.1,유해란,1,10,2,1,박서현,4,1,2,0,0
GREEN,0.7,0.2,유해란,1,10,2,1,박서현,4,2,2,0,0
GREEN,0.7,0.5,유해란,1,10,2,1,박서현,4,3,2,1,0
GREEN,0.7,0.3,유해란,1,10,2,1,박서현,4,4,2,1,0
GREEN,0.7,0.3,유해란,1,10,2,1,박서현,4,5,2,0,0
GREEN,0.7,0.3,유해란,1,10,2,1,박서현,4,8,2,0,0
GREEN,0.7,1.7,유해란,1,10,2,1,박서현,4,9,3,2,-1
GREEN,0.7,0.4,유해란,1,10,2,1,박서현,4,9,2,2,0
GREEN,0.7,1.6,유해란,1,10,2,1,박서현,4,10,2,1,0
GREEN,0.7,0.4,유해란,1,10,2,1,박서현,4,11,2,0,0
GREEN,0.7,0.8,유해란,1,10,2,1,박서현,4,12,2,1,0
GREEN,0.7,1.6,유해란,1,10,2,1,박서현,4,14,3,1,-1
GREEN,0.7,0.2,유해란,1,10,2,1,박서현,4,14,2,1,0
GREEN,0.7,0.7,유해란,1,10,2,1,박서현,4,15,2,0,0
GREEN,0.7,1.3,유해란,1,10,2,1,박서현,4,16,2,0,0
GREEN,0.7,0.5,유해란,1,10,2,1,박서현,4,17,2,1,0
GREEN,0.7,1.3,유해란,1,10,2,1,박서현,4,18,2,1,0
ROUGH,9.7,9.9,유해란,1,11,3,0,이재윤,1,4,4,1,-1
ROUGH,9.7,9.9,유해란,1,11,3,0,이재윤,1,9,4,1,-1
ROUGH,9.7,10.2,유해란,1,11,3,0,이재윤,2,4,4,1,-1
ROUGH,9.7,8.9,유해란,1,11,3,0,이재윤,2,10,3,0,0
ROUGH,9.7,10.0,유해란,1,11,3,0,이재윤,4,12,3,0,0
ROUGH,9.7,8.8,유해란,1,11,3,0,박서현,1,10,3,0,0
ROUGH,9.7,9.4,유해란,1,11,3,0,박서현,2,11,3,1,0
ROUGH,9.7,9.9,유해란,1,11,3,0,박서현,3,3,4,1,-1
GREEN,0.9,0.5,유해란,1,11,2,0,이재윤,1,1,2,0,0
GREEN,0.9,0.5,유해란,1,11,2,0,이재윤,1,2,2,0,0
GREEN,0.9,1.3,유해란,1,11,2,0,이재윤,1,3,2,0,0
GREEN,0.9,0.5,유해란,1,11,2,0,이재윤,1,4,2,1,0
GREEN,0.9,0.8,유해란,1,11,2,0,이재윤,1,5,2,0,0
GREEN,0.9,0.5,유해란,1,11,2,0,이재윤,1,6,2,0,0
GREEN,0.9,0.5,유해란,1,11,2,0,이재윤,1,7,2,0,0
GREEN,0.9,0.2,유해란,1,11,2,0,이재윤,1,8,2,0,0
GREEN,0.9,1.4,유해란,1,11,2,0,이재윤,1,9,2,1,0
GREEN,0.9,0.8,유해란,1,11,2,0,이재윤,1,10,2,0,0
GREEN,0.9,0.7,유해란,1,11,2,0,이재윤,1,11,2,1,0
GREEN,0.9,0.3,유해란,1,11,2,0,이재윤,1,12,2,0,0
GREEN,0.9,0.9,유해란,1,11,2,0,이재윤,1,13,2,0,0
GREEN,0.9,1.6,유해란,1,11,2,0,이재윤,1,14,3,0,-1
GREEN,0.9,0.3,유해란,1,11,2,0,이재윤,1,14,2,0,0
GREEN,0.9,1.1,유해란,1,11,2,0,이재윤,1,15,2,1,0
GREEN,0.9,0.8,유해란,1,11,2,0,이재윤,1,18,2,0,0
GREEN,0.9,0.8,유해란,1,11,2,0,이재윤,2,3,2,0,0
GREEN,0.9,0.4,유해란,1,11,2,0,이재윤,2,4,2,1,0
GREEN,0.9,0.7,유해란,1,11,2,0,이재윤,2,5,2,0,0
GREEN,0.9,1.2,유해란,1,11,2,0,이재윤,2,6,2,0,0
GREEN,0.9,0.5,유해란,1,11,2,0,이재윤,2,7,2,0,0
GREEN,0.9,0.2,유해란,1,11,2,0,이재윤,2,8,2,0,0
GREEN,0.9,1.5,유해란,1,11,2,0,이재윤,2,9,2,0,0
GREEN,0.9,1.2,유해란,1,11,2,0,이재윤,2,10,2,0,0
GREEN,0.9,1.5,유해란,1,11,2,0,이재윤,2,11,2,1,0
GREEN,0.9,0.5,유해란,1,11,2,0,이재윤,2,12,2,0,0
GREEN,0.9,1.6,유해란,1,11,2,0,이재윤,2,13,2,-1,0
GREEN,0.9,1.5,유해란,1,11,2,0,이재윤,2,14,3,1,-1
GREEN,0.9,0.4,유해란,1,11,2,0,이재윤,2,14,2,1,0
GREEN,0.9,0.5,유해란,1,11,2,0,이재윤,2,15,2,1,0
GREEN,0.9,1.7,유해란,1,11,2,0,이재윤,2,16,2,0,0
GREEN,0.9,1.0,유해란,1,11,2,0,이재윤,2,17,2,0,0
GREEN,0.9,1.3,유해란,1,11,2,0,이재윤,2,18,2,0,0
GREEN,0.9,0.3,유해란,1,11,2,0,이재윤,3,1,2,1,0
GREEN,0.9,0.5,유해란,1,11,2,0,이재윤,3,2,2,0,0
GREEN,0.9,1.5,유해란,1,11,2,0,이재윤,3,4,2,0,0
GREEN,0.9,0.3,유해란,1,11,2,0,이재윤,3,5,2,0,0
GREEN,0.9,0.4,유해란,1,11,2,0,이재윤,3,6,2,0,0
GREEN,0.9,0.5,유해란,1,11,2,0,이재윤,3,7,2,0,0
GREEN,0.9,0.3,유해란,1,11,2,0,이재윤,3,8,2,0,0
GREEN,0.9,1.2,유해란,1,11,2,0,이재윤,3,9,2,0,0
GREEN,0.9,1.3,유해란,1,11,2,0,이재윤,3,10,2,1,0
GREEN,0.9,0.5,유해란,1,11,2,0,이재윤,3,11,2,0,0
GREEN,0.9,0.3,유해란,1,11,2,0,이재윤,3,13,2,1,0
GREEN,0.9,0.2,유해란,1,11,2,0,이재윤,3,14,2,0,0
GREEN,0.9,1.4,유해란,1,11,2,0,이재윤,3,15,2,0,0
GREEN,0.9,1.3,유해란,1,11,2,0,이재윤,3,17,2,0,0
GREEN,0.9,0.5,유해란,1,11,2,0,이재윤,3,18,2,0,0
GREEN,0.9,0.9,유해란,1,11,2,0,이재윤,4,1,2,0,0
GREEN,0.9,0.3,유해란,1,11,2,0,이재윤,4,2,2,1,0
GREEN,0.9,0.3,유해란,1,11,2,0,이재윤,4,5,2,0,0
GREEN,0.9,0.4,유해란,1,11,2,0,이재윤,4,8,2,0,0
GREEN,0.9,0.3,유해란,1,11,2,0,이재윤,4,9,2,0,0
GREEN,0.9,1.7,유해란,1,11,2,0,이재윤,4,11,2,0,0
GREEN,0.9,0.4,유해란,1,11,2,0,이재윤,4,12,2,0,0
GREEN,0.9,0.5,유해란,1,11,2,0,이재윤,4,13,2,0,0
GREEN,0.9,1.5,유해란,1,11,2,0,이재윤,4,14,3,1,-1
GREEN,0.9,1.0,유해란,1,11,2,0,이재윤,4,14,2,1,0
GREEN,0.9,1.2,유해란,1,11,2,0,이재윤,4,15,2,0,0
GREEN,0.9,0.5,유해란,1,11,2,0,이재윤,4,16,2,0,0
GREEN,0.9,1.8,유해란,1,11,2,0,이재윤,4,17,2,0,0
GREEN,0.9,0.3,유해란,1,11,2,0,이재윤,4,18,2,0,0
GREEN,0.9,0.4,유해란,1,11,2,0,박서현,1,2,2,0,0
GREEN,0.9,1.0,유해란,1,11,2,0,박서현,1,3,2,2,0
GREEN,0.9,0.5,유해란,1,11,2,0,박서현,1,4,2,0,0
GREEN,0.9,0.5,유해란,1,11,2,0,박서현,1,5,2,0,0
GREEN,0.9,0.4,유해란,1,11,2,0,박서현,1,6,2,1,0
GREEN,0.9,0.5,유해란,1,11,2,0,박서현,1,7,2,0,0
GREEN,0.9,0.5,유해란,1,11,2,0,박서현,1,8,2,1,0
GREEN,0.9,0.6,유해란,1,11,2,0,박서현,1,9,2,0,0
GREEN,0.9,0.3,유해란,1,11,2,0,박서현,1,10,2,0,0
GREEN,0.9,0.4,유해란,1,11,2,0,박서현,1,11,2,0,0
GREEN,0.9,1.1,유해란,1,11,2,0,박서현,1,13,2,1,0
GREEN,0.9,0.3,유해란,1,11,2,0,박서현,1,14,2,0,0
GREEN,0.9,0.5,유해란,1,11,2,0,박서현,1,15,2,1,0
GREEN,0.9,0.5,유해란,1,11,2,0,박서현,1,17,2,0,0
GREEN,0.9,0.3,유해란,1,11,2,0,박서현,2,1,2,0,0
GREEN,0.9,0.5,유해란,1,11,2,0,박서현,2,2,2,0,0
GREEN,0.9,0.5,유해란,1,11,2,0,박서현,2,3,2,0,0
GREEN,0.9,0.3,유해란,1,11,2,0,박서현,2,4,2,1,0
GREEN,0.9,1.2,유해란,1,11,2,0,박서현,2,5,3,1,-1
GREEN,0.9,0.4,유해란,1,11,2,0,박서현,2,5,2,1,0
GREEN,0.9,0.4,유해란,1,11,2,0,박서현,2,7,2,0,0
GREEN,0.9,1.5,유해란,1,11,2,0,박서현,2,9,2,0,0
GREEN,0.9,0.2,유해란,1,11,2,0,박서현,2,10,2,0,0
GREEN,0.9,1.5,유해란,1,11,2,0,박서현,2,11,2,1,0
GREEN,0.9,1.3,유해란,1,11,2,0,박서현,2,12,3,2,-1
GREEN,0.9,0.9,유해란,1,11,2,0,박서현,2,12,2,2,0
GREEN,0.9,0.4,유해란,1,11,2,0,박서현,2,13,2,0,0
GREEN,0.9,1.0,유해란,1,11,2,0,박서현,2,14,2,1,0
GREEN,0.9,1.3,유해란,1,11,2,0,박서현,2,15,2,0,0
GREEN,0.9,0.2,유해란,1,11,2,0,박서현,2,17,2,0,0
GREEN,0.9,1.3,유해란,1,11,2,0,박서현,2,18,2,0,0
GREEN,0.9,1.3,유해란,1,11,2,0,박서현,3,1,2,0,0
GREEN,0.9,1.4,유해란,1,11,2,0,박서현,3,2,2,0,0
GREEN,0.9,0.4,유해란,1,11,2,0,박서현,3,3,2,1,0
GREEN,0.9,0.5,유해란,1,11,2,0,박서현,3,4,2,0,0
GREEN,0.9,1.2,유해란,1,11,2,0,박서현,3,5,2,0,0
GREEN,0.9,0.3,유해란,1,11,2,0,박서현,3,6,2,0,0
GREEN,0.9,0.5,유해란,1,11,2,0,박서현,3,7,2,0,0
GREEN,0.9,0.3,유해란,1,11,2,0,박서현,3,8,2,3,0
GREEN,0.9,0.2,유해란,1,11,2,0,박서현,3,9,2,2,0
GREEN,0.9,1.9,유해란,1,11,2,0,박서현,3,10,3,1,-1
GREEN,0.9,0.9,유해란,1,11,2,0,박서현,3,10,2,1,0
GREEN,0.9,1.0,유해란,1,11,2,0,박서현,3,11,2,0,0
GREEN,0.9,1.2,유해란,1,11,2,0,박서현,3,12,2,0,0
GREEN,0.9,1.3,유해란,1,11,2,0,박서현,3,13,3,1,-1
GREEN,0.9,1.0,유해란,1,11,2,0,박서현,3,13,2,1,0
GREEN,0.9,0.4,유해란,1,11,2,0,박서현,3,14,2,0,0
GREEN,0.9,1.4,유해란,1,11,2,0,박서현,3,15,2,1,0
GREEN,0.9,0.3,유해란,1,11,2,0,박서현,3,16,2,0,0
GREEN,0.9,1.9,유해란,1,11,2,0,박서현,3,17,2,0,0
GREEN,0.9,0.5,유해란,1,11,2,0,박서현,3,18,2,0,0
GREEN,0.9,1.1,유해란,1,11,2,0,박서현,4,1,2,0,0
GREEN,0.9,0.2,유해란,1,11,2,0,박서현,4,2,2,0,0
GREEN,0.9,0.5,유해란,1,11,2,0,박서현,4,3,2,1,0
GREEN,0.9,0.3,유해란,1,11,2,0,박서현,4,4,2,1,0
GREEN,0.9,0.3,유해란,1,11,2,0,박서현,4,5,2,0,0
GREEN,0.9,0.3,유해란,1,11,2,0,박서현,4,8,2,0,0
GREEN,0.9,1.7,유해란,1,11,2,0,박서현,4,9,3,2,-1
GREEN,0.9,0.4,유해란,1,11,2,0,박서현,4,9,2,2,0
GREEN,0.9,1.6,유해란,1,11,2,0,박서현,4,10,2,1,0
GREEN,0.9,0.4,유해란,1,11,2,0,박서현,4,11,2,0,0
GREEN,0.9,1.9,유해란,1,11,2,0,박서현,4,12,3,1,-1
GREEN,0.9,0.8,유해란,1,11,2,0,박서현,4,12,2,1,0
GREEN,0.9,1.6,유해란,1,11,2,0,박서현,4,14,3,1,-1
GREEN,0.9,0.2,유해란,1,11,2,0,박서현,4,14,2,1,0
GREEN,0.9,0.7,유해란,1,11,2,0,박서현,4,15,2,0,0
GREEN,0.9,1.3,유해란,1,11,2,0,박서현,4,16,2,0,0
GREEN,0.9,0.5,유해란,1,11,2,0,박서현,4,17,2,1,0
GREEN,0.9,1.3,유해란,1,11,2,0,박서현,4,18,2,1,0
FAIRWAY,114.3,115.0,유해란,1,12,4,0,이재윤,3,13,5,1,-1
FAIRWAY,114.3,115.0,유해란,1,12,4,0,이재윤,4,10,4,0,0
GREEN,6.4,6.6,유해란,1,12,3,0,이재윤,1,2,3,0,0
GREEN,6.4,7.3,유해란,1,12,3,0,이재윤,2,15,3,1,0
GREEN,6.4,7.3,유해란,1,12,3,0,이재윤,2,16,3,0,0
GREEN,6.4,6.1,유해란,1,12,3,0,이재윤,3,2,3,0,0
GREEN,6.4,6.5,유해란,1,12,3,0,이재윤,3,10,3,1,0
GREEN,6.4,6.2,유해란,1,12,3,0,이재윤,3,11,3,0,0
GREEN,6.4,5.9,유해란,1,12,3,0,이재윤,3,16,2,-1,1
GREEN,6.4,7.4,유해란,1,12,3,0,이재윤,4,5,3,0,0
GREEN,6.4,7.2,유해란,1,12,3,0,이재윤,4,9,3,0,0
GREEN,6.4,6.8,유해란,1,12,3,0,이재윤,4,15,3,0,0
GREEN,6.4,5.9,유해란,1,12,3,0,박서현,1,4,3,0,0
GREEN,6.4,7.2,유해란,1,12,3,0,박서현,1,5,3,0,0
GREEN,6.4,6.9,유해란,1,12,3,0,박서현,1,6,3,1,0
GREEN,6.4,6.6,유해란,1,12,3,0,박서현,1,15,3,1,0
GREEN,6.4,6.1,유해란,1,12,3,0,박서현,2,2,3,0,0
GREEN,6.4,6.1,유해란,1,12,3,0,박서현,2,4,3,1,0
GREEN,6.4,5.6,유해란,1,12,3,0,박서현,3,1,3,0,0
GREEN,6.4,5.4,유해란,1,12,3,0,박서현,3,14,3,0,0
GREEN,6.4,5.6,유해란,1,12,3,0,박서현,3,16,3,0,0
GREEN,6.4,7.1,유해란,1,12,3,0,박서현,4,1,3,0,0
GREEN,6.4,6.7,유해란,1,12,3,0,박서현,4,5,3,0,0
GREEN,6.4,6.2,유해란,1,12,3,0,박서현,4,7,2,-1,1
GREEN,6.4,5.5,유해란,1,12,3,0,박서현,4,10,3,1,0
GREEN,0.3,0.5,유해란,1,12,2,0,이재윤,1,1,2,0,0
GREEN,0.3,0.5,유해란,1,12,2,0,이재윤,1,2,2,0,0
GREEN,0.3,1.3,유해란,1,12,2,0,이재윤,1,3,2,0,0
GREEN,0.3,0.5,유해란,1,12,2,0,이재윤,1,4,2,1,0
GREEN,0.3,0.8,유해란,1,12,2,0,이재윤,1,5,2,0,0
GREEN,0.3,0.5,유해란,1,12,2,0,이재윤,1,6,2,0,0
GREEN,0.3,0.5,유해란,1,12,2,0,이재윤,1,7,2,0,0
GREEN,0.3,0.2,유해란,1,12,2,0,이재윤,1,8,2,0,0
GREEN,0.3,0.8,유해란,1,12,2,0,이재윤,1,10,2,0,0
GREEN,0.3,0.7,유해란,1,12,2,0,이재윤,1,11,2,1,0
GREEN,0.3,0.3,유해란,1,12,2,0,이재윤,1,12,2,0,0
GREEN,0.3,0.9,유해란,1,12,2,0,이재윤,1,13,2,0,0
GREEN,0.3,0.3,유해란,1,12,2,0,이재윤,1,14,2,0,0
GREEN,0.3,1.1,유해란,1,12,2,0,이재윤,1,15,2,1,0
GREEN,0.3,0.8,유해란,1,12,2,0,이재윤,1,18,2,0,0
GREEN,0.3,0.8,유해란,1,12,2,0,이재윤,2,3,2,0,0
GREEN,0.3,0.4,유해란,1,12,2,0,이재윤,2,4,2,1,0
GREEN,0.3,0.7,유해란,1,12,2,0,이재윤,2,5,2,0,0
GREEN,0.3,1.2,유해란,1,12,2,0,이재윤,2,6,2,0,0
GREEN,0.3,0.5,유해란,1,12,2,0,이재윤,2,7,2,0,0
GREEN,0.3,0.2,유해란,1,12,2,0,이재윤,2,8,2,0,0
GREEN,0.3,1.2,유해란,1,12,2,0,이재윤,2,10,2,0,0
GREEN,0.3,0.5,유해란,1,12,2,0,이재윤,2,12,2,0,0
GREEN,0.3,0.4,유해란,1,12,2,0,이재윤,2,14,2,1,0
GREEN,0.3,0.5,유해란,1,12,2,0,이재윤,2,15,2,1,0
GREEN,0.3,1.0,유해란,1,12,2,0,이재윤,2,17,2,0,0
GREEN,0.3,1.3,유해란,1,12,2,0,이재윤,2,18,2,0,0
GREEN,0.3,0.3,유해란,1,12,2,0,이재윤,3,1,2,1,0
GREEN,0.3,0.5,유해란,1,12,2,0,이재윤,3,2,2,0,0
GREEN,0.3,0.3,유해란,1,12,2,0,이재윤,3,5,2,0,0
GREEN,0.3,0.4,유해란,1,12,2,0,이재윤,3,6,2,0,0
GREEN,0.3,0.5,유해란,1,12,2,0,이재윤,3,7,2,0,0
GREEN,0.3,0.3,유해란,1,12,2,0,이재윤,3,8,2,0,0
GREEN,0.3,1.2,유해란,1,12,2,0,이재윤,3,9,2,0,0
GREEN,0.3,1.3,유해란,1,12,2,0,이재윤,3,10,2,1,0
GREEN,0.3,0.5,유해란,1,12,2,0,이재윤,3,11,2,0,0
GREEN,0.3,0.3,유해란,1,12,2,0,이재윤,3,13,2,1,0
GREEN,0.3,0.2,유해란,1,12,2,0,이재윤,3,14,2,0,0
GREEN,0.3,1.3,유해란,1,12,2,0,이재윤,3,17,2,0,0
GREEN,0.3,0.5,유해란,1,12,2,0,이재윤,3,18,2,0,0
GREEN,0.3,0.9,유해란,1,12,2,0,이재윤,4,1,2,0,0
GREEN,0.3,0.3,유해란,1,12,2,0,이재윤,4,2,2,1,0
GREEN,0.3,0.3,유해란,1,12,2,0,이재윤,4,5,2,0,0
GREEN,0.3,0.4,유해란,1,12,2,0,이재윤,4,8,2,0,0
GREEN,0.3,0.3,유해란,1,12,2,0,이재윤,4,9,2,0,0
GREEN,0.3,0.4,유해란,1,12,2,0,이재윤,4,12,2,0,0
GREEN,0.3,0.5,유해란,1,12,2,0,이재윤,4,13,2,0,0
GREEN,0.3,1.0,유해란,1,12,2,0,이재윤,4,14,2,1,0
GREEN,0.3,1.2,유해란,1,12,2,0,이재윤,4,15,2,0,0
GREEN,0.3,0.5,유해란,1,12,2,0,이재윤,4,16,2,0,0
GREEN,0.3,0.3,유해란,1,12,2,0,이재윤,4,18,2,0,0
GREEN,0.3,0.4,유해란,1,12,2,0,박서현,1,2,2,0,0
GREEN,0.3,1.0,유해란,1,12,2,0,박서현,1,3,2,2,0
GREEN,0.3,0.5,유해란,1,12,2,0,박서현,1,4,2,0,0
GREEN,0.3,0.5,유해란,1,12,2,0,박서현,1,5,2,0,0
GREEN,0.3,0.4,유해란,1,12,2,0,박서현,1,6,2,1,0
GREEN,0.3,0.5,유해란,1,12,2,0,박서현,1,7,2,0,0
GREEN,0.3,0.5,유해란,1,12,2,0,박서현,1,8,2,1,0
GREEN,0.3,0.6,유해란,1,12,2,0,박서현,1,9,2,0,0
GREEN,0.3,0.3,유해란,1,12,2,0,박서현,1,10,2,0,0
GREEN,0.3,0.4,유해란,1,12,2,0,박서현,1,11,2,0,0
GREEN,0.3,1.1,유해란,1,12,2,0,박서현,1,13,2,1,0
GREEN,0.3,0.3,유해란,1,12,2,0,박서현,1,14,2,0,0
GREEN,0.3,0.5,유해란,1,12,2,0,박서현,1,15,2,1,0
GREEN,0.3,0.5,유해란,1,12,2,0,박서현,1,17,2,0,0
GREEN,0.3,0.3,유해란,1,12,2,0,박서현,2,1,2,0,0
GREEN,0.3,0.5,유해란,1,12,2,0,박서현,2,2,2,0,0
GREEN,0.3,0.5,유해란,1,12,2,0,박서현,2,3,2,0,0
GREEN,0.3,0.3,유해란,1,12,2,0,박서현,2,4,2,1,0
GREEN,0.3,1.2,유해란,1,12,2,0,박서현,2,5,3,1,-1
GREEN,0.3,0.4,유해란,1,12,2,0,박서현,2,5,2,1,0
GREEN,0.3,0.4,유해란,1,12,2,0,박서현,2,7,2,0,0
GREEN,0.3,0.2,유해란,1,12,2,0,박서현,2,10,2,0,0
GREEN,0.3,1.3,유해란,1,12,2,0,박서현,2,12,3,2,-1
GREEN,0.3,0.9,유해란,1,12,2,0,박서현,2,12,2,2,0
GREEN,0.3,0.4,유해란,1,12,2,0,박서현,2,13,2,0,0
GREEN,0.3,1.0,유해란,1,12,2,0,박서현,2,14,2,1,0
GREEN,0.3,1.3,유해란,1,12,2,0,박서현,2,15,2,0,0
GREEN,0.3,0.2,유해란,1,12,2,0,박서현,2,17,2,0,0
GREEN,0.3,1.3,유해란,1,12,2,0,박서현,2,18,2,0,0
GREEN,0.3,1.3,유해란,1,12,2,0,박서현,3,1,2,0,0
GREEN,0.3,0.4,유해란,1,12,2,0,박서현,3,3,2,1,0
GREEN,0.3,0.5,유해란,1,12,2,0,박서현,3,4,2,0,0
GREEN,0.3,1.2,유해란,1,12,2,0,박서현,3,5,2,0,0
GREEN,0.3,0.3,유해란,1,12,2,0,박서현,3,6,2,0,0
GREEN,0.3,0.5,유해란,1,12,2,0,박서현,3,7,2,0,0
GREEN,0.3,0.3,유해란,1,12,2,0,박서현,3,8,2,3,0
GREEN,0.3,0.2,유해란,1,12,2,0,박서현,3,9,2,2,0
GREEN,0.3,0.9,유해란,1,12,2,0,박서현,3,10,2,1,0
GREEN,0.3,1.0,유해란,1,12,2,0,박서현,3,11,2,0,0
GREEN,0.3,1.2,유해란,1,12,2,0,박서현,3,12,2,0,0
GREEN,0.3,1.3,유해란,1,12,2,0,박서현,3,13,3,1,-1
GREEN,0.3,1.0,유해란,1,12,2,0,박서현,3,13,2,1,0
GREEN,0.3,0.4,유해란,1,12,2,0,박서현,3,14,2,0,0
GREEN,0.3,0.3,유해란,1,12,2,0,박서현,3,16,2,0,0
GREEN,0.3,0.5,유해란,1,12,2,0,박서현,3,18,2,0,0
GREEN,0.3,1.1,유해란,1,12,2,0,박서현,4,1,2,0,0
GREEN,0.3,0.2,유해란,1,12,2,0,박서현,4,2,2,0,0
GREEN,0.3,0.5,유해란,1,12,2,0,박서현,4,3,2,1,0
GREEN,0.3,0.3,유해란,1,12,2,0,박서현,4,4,2,1,0
GREEN,0.3,0.3,유해란,1,12,2,0,박서현,4,5,2,0,0
GREEN,0.3,0.3,유해란,1,12,2,0,박서현,4,8,2,0,0
GREEN,0.3,0.4,유해란,1,12,2,0,박서현,4,9,2,2,0
GREEN,0.3,0.4,유해란,1,12,2,0,박서현,4,11,2,0,0
GREEN,0.3,0.8,유해란,1,12,2,0,박서현,4,12,2,1,0
GREEN,0.3,0.2,유해란,1,12,2,0,박서현,4,14,2,1,0
GREEN,0.3,0.7,유해란,1,12,2,0,박서현,4,15,2,0,0
GREEN,0.3,1.3,유해란,1,12,2,0,박서현,4,16,2,0,0
GREEN,0.3,0.5,유해란,1,12,2,0,박서현,4,17,2,1,0
GREEN,0.3,1.3,유해란,1,12,2,0,박서현,4,18,2,1,0
GREEN,10.6,10.1,유해란,1,13,3,0,이재윤,1,6,3,0,0
GREEN,10.6,10.3,유해란,1,13,3,0,이재윤,1,9,3,1,0
GREEN,10.6,10.0,유해란,1,13,3,0,이재윤,2,8,3,0,0
GREEN,10.6,9.6,유해란,1,13,3,0,이재윤,2,12,3,0,0
GREEN,10.6,10.4,유해란,1,13,3,0,이재윤,3,5,3,0,0
GREEN,10.6,11.1,유해란,1,13,3,0,이재윤,3,17,3,0,0
GREEN,10.6,9.9,유해란,1,13,3,0,이재윤,4,2,3,1,0
GREEN,10.6,10.4,유해란,1,13,3,0,박서현,1,2,3,0,0
GREEN,10.6,11.4,유해란,1,13,3,0,박서현,4,16,3,0,0
GREEN,0.4,0.5,유해란,1,13,2,0,이재윤,1,1,2,0,0
GREEN,0.4,0.5,유해란,1,13,2,0,이재윤,1,2,2,0,0
GREEN,0.4,1.3,유해란,1,13,2,0,이재윤,1,3,2,0,0
GREEN,0.4,0.5,유해란,1,13,2,0,이재윤,1,4,2,1,0
GREEN,0.4,0.8,유해란,1,13,2,0,이재윤,1,5,2,0,0
GREEN,0.4,0.5,유해란,1,13,2,0,이재윤,1,6,2,0,0
GREEN,0.4,0.5,유해란,1,13,2,0,이재윤,1,7,2,0,0
GREEN,0.4,0.2,유해란,1,13,2,0,이재윤,1,8,2,0,0
GREEN,0.4,1.4,유해란,1,13,2,0,이재윤,1,9,2,1,0
GREEN,0.4,0.8,유해란,1,13,2,0,이재윤,1,10,2,0,0
GREEN,0.4,0.7,유해란,1,13,2,0,이재윤,1,11,2,1,0
GREEN,0.4,0.3,유해란,1,13,2,0,이재윤,1,12,2,0,0
GREEN,0.4,0.9,유해란,1,13,2,0,이재윤,1,13,2,0,0
GREEN,0.4,0.3,유해란,1,13,2,0,이재윤,1,14,2,0,0
GREEN,0.4,1.1,유해란,1,13,2,0,이재윤,1,15,2,1,0
GREEN,0.4,0.8,유해란,1,13,2,0,이재윤,1,18,2,0,0
GREEN,0.4,0.8,유해란,1,13,2,0,이재윤,2,3,2,0,0
GREEN,0.4,0.4,유해란,1,13,2,0,이재윤,2,4,2,1,0
GREEN,0.4,0.7,유해란,1,13,2,0,이재윤,2,5,2,0,0
GREEN,0.4,1.2,유해란,1,13,2,0,이재윤,2,6,2,0,0
GREEN,0.4,0.5,유해란,1,13,2,0,이재윤,2,7,2,0,0
GREEN,0.4,0.2,유해란,1,13,2,0,이재윤,2,8,2,0,0
GREEN,0.4,1.2,유해란,1,13,2,0,이재윤,2,10,2,0,0
GREEN,0.4,0.5,유해란,1,13,2,0,이재윤,2,12,2,0,0
GREEN,0.4,0.4,유해란,1,13,2,0,이재윤,2,14,2,1,0
GREEN,0.4,0.5,유해란,1,13,2,0,이재윤,2,15,2,1,0
GREEN,0.4,1.0,유해란,1,13,2,0,이재윤,2,17,2,0,0
GREEN,0.4,1.3,유해란,1,13,2,0,이재윤,2,18,2,0,0
GREEN,0.4,0.3,유해란,1,13,2,0,이재윤,3,1,2,1,0
GREEN,0.4,0.5,유해란,1,13,2,0,이재윤,3,2,2,0,0
GREEN,0.4,0.3,유해란,1,13,2,0,이재윤,3,5,2,0,0
GREEN,0.4,0.4,유해란,1,13,2,0,이재윤,3,6,2,0,0
GREEN,0.4,0.5,유해란,1,13,2,0,이재윤,3,7,2,0,0
GREEN,0.4,0.3,유해란,1,13,2,0,이재윤,3,8,2,0,0
GREEN,0.4,1.2,유해란,1,13,2,0,이재윤,3,9,2,0,0
GREEN,0.4,1.3,유해란,1,13,2,0,이재윤,3,10,2,1,0
GREEN,0.4,0.5,유해란,1,13,2,0,이재윤,3,11,2,0,0
GREEN,0.4,0.3,유해란,1,13,2,0,이재윤,3,13,2,1,0
GREEN,0.4,0.2,유해란,1,13,2,0,이재윤,3,14,2,0,0
GREEN,0.4,1.4,유해란,1,13,2,0,이재윤,3,15,2,0,0
GREEN,0.4,1.3,유해란,1,13,2,0,이재윤,3,17,2,0,0
GREEN,0.4,0.5,유해란,1,13,2,0,이재윤,3,18,2,0,0
GREEN,0.4,0.9,유해란,1,13,2,0,이재윤,4,1,2,0,0
GREEN,0.4,0.3,유해란,1,13,2,0,이재윤,4,2,2,1,0
GREEN,0.4,0.3,유해란,1,13,2,0,이재윤,4,5,2,0,0
GREEN,0.4,0.4,유해란,1,13,2,0,이재윤,4,8,2,0,0
GREEN,0.4,0.3,유해란,1,13,2,0,이재윤,4,9,2,0,0
GREEN,0.4,0.4,유해란,1,13,2,0,이재윤,4,12,2,0,0
GREEN,0.4,0.5,유해란,1,13,2,0,이재윤,4,13,2,0,0
GREEN,0.4,1.0,유해란,1,13,2,0,이재윤,4,14,2,1,0
GREEN,0.4,1.2,유해란,1,13,2,0,이재윤,4,15,2,0,0
GREEN,0.4,0.5,유해란,1,13,2,0,이재윤,4,16,2,0,0
GREEN,0.4,0.3,유해란,1,13,2,0,이재윤,4,18,2,0,0
GREEN,0.4,0.4,유해란,1,13,2,0,박서현,1,2,2,0,0
GREEN,0.4,1.0,유해란,1,13,2,0,박서현,1,3,2,2,0
GREEN,0.4,0.5,유해란,1,13,2,0,박서현,1,4,2,0,0
GREEN,0.4,0.5,유해란,1,13,2,0,박서현,1,5,2,0,0
GREEN,0.4,0.4,유해란,1,13,2,0,박서현,1,6,2,1,0
GREEN,0.4,0.5,유해란,1,13,2,0,박서현,1,7,2,0,0
GREEN,0.4,0.5,유해란,1,13,2,0,박서현,1,8,2,1,0
GREEN,0.4,0.6,유해란,1,13,2,0,박서현,1,9,2,0,0
GREEN,0.4,0.3,유해란,1,13,2,0,박서현,1,10,2,0,0
GREEN,0.4,0.4,유해란,1,13,2,0,박서현,1,11,2,0,0
GREEN,0.4,1.1,유해란,1,13,2,0,박서현,1,13,2,1,0
GREEN,0.4,0.3,유해란,1,13,2,0,박서현,1,14,2,0,0
GREEN,0.4,0.5,유해란,1,13,2,0,박서현,1,15,2,1,0
GREEN,0.4,0.5,유해란,1,13,2,0,박서현,1,17,2,0,0
GREEN,0.4,0.3,유해란,1,13,2,0,박서현,2,1,2,0,0
GREEN,0.4,0.5,유해란,1,13,2,0,박서현,2,2,2,0,0
GREEN,0.4,0.5,유해란,1,13,2,0,박서현,2,3,2,0,0
GREEN,0.4,0.3,유해란,1,13,2,0,박서현,2,4,2,1,0
GREEN,0.4,1.2,유해란,1,13,2,0,박서현,2,5,3,1,-1
GREEN,0.4,0.4,유해란,1,13,2,0,박서현,2,5,2,1,0
GREEN,0.4,0.4,유해란,1,13,2,0,박서현,2,7,2,0,0
GREEN,0.4,0.2,유해란,1,13,2,0,박서현,2,10,2,0,0
GREEN,0.4,1.3,유해란,1,13,2,0,박서현,2,12,3,2,-1
GREEN,0.4,0.9,유해란,1,13,2,0,박서현,2,12,2,2,0
GREEN,0.4,0.4,유해란,1,13,2,0,박서현,2,13,2,0,0
GREEN,0.4,1.0,유해란,1,13,2,0,박서현,2,14,2,1,0
GREEN,0.4,1.3,유해란,1,13,2,0,박서현,2,15,2,0,0
GREEN,0.4,0.2,유해란,1,13,2,0,박서현,2,17,2,0,0
GREEN,0.4,1.3,유해란,1,13,2,0,박서현,2,18,2,0,0
GREEN,0.4,1.3,유해란,1,13,2,0,박서현,3,1,2,0,0
GREEN,0.4,1.4,유해란,1,13,2,0,박서현,3,2,2,0,0
GREEN,0.4,0.4,유해란,1,13,2,0,박서현,3,3,2,1,0
GREEN,0.4,0.5,유해란,1,13,2,0,박서현,3,4,2,0,0
GREEN,0.4,1.2,유해란,1,13,2,0,박서현,3,5,2,0,0
GREEN,0.4,0.3,유해란,1,13,2,0,박서현,3,6,2,0,0
GREEN,0.4,0.5,유해란,1,13,2,0,박서현,3,7,2,0,0
GREEN,0.4,0.3,유해란,1,13,2,0,박서현,3,8,2,3,0
GREEN,0.4,0.2,유해란,1,13,2,0,박서현,3,9,2,2,0
GREEN,0.4,0.9,유해란,1,13,2,0,박서현,3,10,2,1,0
GREEN,0.4,1.0,유해란,1,13,2,0,박서현,3,11,2,0,0
GREEN,0.4,1.2,유해란,1,13,2,0,박서현,3,12,2,0,0
GREEN,0.4,1.3,유해란,1,13,2,0,박서현,3,13,3,1,-1
GREEN,0.4,1.0,유해란,1,13,2,0,박서현,3,13,2,1,0
GREEN,0.4,0.4,유해란,1,13,2,0,박서현,3,14,2,0,0
GREEN,0.4,1.4,유해란,1,13,2,0,박서현,3,15,2,1,0
GREEN,0.4,0.3,유해란,1,13,2,0,박서현,3,16,2,0,0
GREEN,0.4,0.5,유해란,1,13,2,0,박서현,3,18,2,0,0
GREEN,0.4,1.1,유해란,1,13,2,0,박서현,4,1,2,0,0
GREEN,0.4,0.2,유해란,1,13,2,0,박서현,4,2,2,0,0
GREEN,0.4,0.5,유해란,1,13,2,0,박서현,4,3,2,1,0
GREEN,0.4,0.3,유해란,1,13,2,0,박서현,4,4,2,1,0
GREEN,0.4,0.3,유해란,1,13,2,0,박서현,4,5,2,0,0
GREEN,0.4,0.3,유해란,1,13,2,0,박서현,4,8,2,0,0
GREEN,0.4,0.4,유해란,1,13,2,0,박서현,4,9,2,2,0
GREEN,0.4,0.4,유해란,1,13,2,0,박서현,4,11,2,0,0
GREEN,0.4,0.8,유해란,1,13,2,0,박서현,4,12,2,1,0
GREEN,0.4,0.2,유해란,1,13,2,0,박서현,4,14,2,1,0
GREEN,0.4,0.7,유해란,1,13,2,0,박서현,4,15,2,0,0
GREEN,0.4,1.3,유해란,1,13,2,0,박서현,4,16,2,0,0
GREEN,0.4,0.5,유해란,1,13,2,0,박서현,4,17,2,1,0
GREEN,0.4,1.3,유해란,1,13,2,0,박서현,4,18,2,1,0
FAIRWAY,136.1,137.0,유해란,1,14,5,1,이재윤,3,14,4,0,1
GREEN,15.3,16.2,유해란,1,14,4,1,이재윤,1,3,3,0,1
GREEN,15.3,15.5,유해란,1,14,4,1,이재윤,1,10,3,0,1
GREEN,15.3,15.7,유해란,1,14,4,1,이재윤,3,8,3,0,1
GREEN,15.3,14.8,유해란,1,14,4,1,이재윤,4,10,3,0,1
GREEN,15.3,15.0,유해란,1,14,4,1,박서현,2,12,4,2,0
GREEN,15.3,14.8,유해란,1,14,4,1,박서현,3,5,3,0,1
GREEN,15.3,15.4,유해란,1,14,4,1,박서현,4,17,4,1,0
GREEN,2.2,1.3,유해란,1,14,3,1,이재윤,1,3,2,0,1
GREEN,2.2,3.1,유해란,1,14,3,1,이재윤,1,7,3,0,0
GREEN,2.2,1.4,유해란,1,14,3,1,이재윤,1,9,2,1,1
GREEN,2.2,3.1,유해란,1,14,3,1,이재윤,1,11,3,1,0
GREEN,2.2,1.6,유해란,1,14,3,1,이재윤,1,14,3,0,0
GREEN,2.2,2.8,유해란,1,14,3,1,이재윤,1,16,2,0,1
GREEN,2.2,2.1,유해란,1,14,3,1,이재윤,1,17,2,0,1
GREEN,2.2,3.0,유해란,1,14,3,1,이재윤,2,2,2,0,1
GREEN,2.2,2.3,유해란,1,14,3,1,이재윤,2,4,3,1,0
GREEN,2.2,1.5,유해란,1,14,3,1,이재윤,2,9,2,0,1
GREEN,2.2,1.5,유해란,1,14,3,1,이재윤,2,11,2,1,1
GREEN,2.2,1.6,유해란,1,14,3,1,이재윤,2,13,2,-1,1
GREEN,2.2,1.5,유해란,1,14,3,1,이재윤,2,14,3,1,0
GREEN,2.2,1.7,유해란,1,14,3,1,이재윤,2,16,2,0,1
GREEN,2.2,1.3,유해란,1,14,3,1,이재윤,2,18,2,0,1
GREEN,2.2,3.1,유해란,1,14,3,1,이재윤,3,1,3,1,0
GREEN,2.2,3.0,유해란,1,14,3,1,이재윤,3,3,2,0,1
GREEN,2.2,1.5,유해란,1,14,3,1,이재윤,3,4,2,0,1
GREEN,2.2,2.1,유해란,1,14,3,1,이재윤,3,6,3,0,0
GREEN,2.2,2.8,유해란,1,14,3,1,이재윤,3,7,3,0,0
GREEN,2.2,1.3,유해란,1,14,3,1,이재윤,3,10,2,1,1
GREEN,2.2,2.6,유해란,1,14,3,1,이재윤,3,12,2,0,1
GREEN,2.2,3.0,유해란,1,14,3,1,이재윤,3,13,3,1,0
GREEN,2.2,1.4,유해란,1,14,3,1,이재윤,3,15,2,0,1
GREEN,2.2,1.3,유해란,1,14,3,1,이재윤,3,17,2,0,1
GREEN,2.2,2.2,유해란,1,14,3,1,이재윤,4,3,2,0,1
GREEN,2.2,2.6,유해란,1,14,3,1,이재윤,4,4,2,0,1
GREEN,2.2,2.7,유해란,1,14,3,1,이재윤,4,6,2,-1,1
GREEN,2.2,2.8,유해란,1,14,3,1,이재윤,4,7,2,-1,1
GREEN,2.2,2.0,유해란,1,14,3,1,이재윤,4,10,2,0,1
GREEN,2.2,1.7,유해란,1,14,3,1,이재윤,4,11,2,0,1
GREEN,2.2,1.5,유해란,1,14,3,1,이재윤,4,14,3,1,0
GREEN,2.2,1.8,유해란,1,14,3,1,이재윤,4,17,2,0,1
GREEN,2.2,3.1,유해란,1,14,3,1,이재윤,4,18,3,0,0
GREEN,2.2,2.0,유해란,1,14,3,1,박서현,1,8,3,1,0
GREEN,2.2,2.7,유해란,1,14,3,1,박서현,1,16,2,-1,1
GREEN,2.2,2.4,유해란,1,14,3,1,박서현,2,6,2,0,1
GREEN,2.2,1.5,유해란,1,14,3,1,박서현,2,9,2,0,1
GREEN,2.2,1.5,유해란,1,14,3,1,박서현,2,11,2,1,1
GREEN,2.2,1.3,유해란,1,14,3,1,박서현,2,12,3,2,0
GREEN,2.2,1.3,유해란,1,14,3,1,박서현,2,15,2,0,1
GREEN,2.2,1.3,유해란,1,14,3,1,박서현,2,18,2,0,1
GREEN,2.2,1.3,유해란,1,14,3,1,박서현,3,1,2,0,1
GREEN,2.2,1.4,유해란,1,14,3,1,박서현,3,2,2,0,1
GREEN,2.2,1.9,유해란,1,14,3,1,박서현,3,10,3,1,0
GREEN,2.2,1.3,유해란,1,14,3,1,박서현,3,13,3,1,0
GREEN,2.2,2.7,유해란,1,14,3,1,박서현,3,15,3,1,0
GREEN,2.2,1.4,유해란,1,14,3,1,박서현,3,15,2,1,1
GREEN,2.2,1.9,유해란,1,14,3,1,박서현,3,17,2,0,1
GREEN,2.2,2.8,유해란,1,14,3,1,박서현,4,3,3,1,0
GREEN,2.2,1.7,유해란,1,14,3,1,박서현,4,9,3,2,0
GREEN,2.2,1.6,유해란,1,14,3,1,박서현,4,10,2,1,1
GREEN,2.2,1.9,유해란,1,14,3,1,박서현,4,12,3,1,0
GREEN,2.2,1.6,유해란,1,14,3,1,박서현,4,14,3,1,0
GREEN,2.2,1.3,유해란,1,14,3,1,박서현,4,16,2,0,1
GREEN,2.2,2.2,유해란,1,14,3,1,박서현,4,17,3,1,0
GREEN,2.2,1.3,유해란,1,14,3,1,박서현,4,18,2,1,1
GREEN,0.4,0.5,유해란,1,14,2,1,이재윤,1,1,2,0,0
GREEN,0.4,0.5,유해란,1,14,2,1,이재윤,1,2,2,0,0
GREEN,0.4,1.3,유해란,1,14,2,1,이재윤,1,3,2,0,0
GREEN,0.4,0.5,유해란,1,14,2,1,이재윤,1,4,2,1,0
GREEN,0.4,0.8,유해란,1,14,2,1,이재윤,1,5,2,0,0
GREEN,0.4,0.5,유해란,1,14,2,1,이재윤,1,6,2,0,0
GREEN,0.4,0.5,유해란,1,14,2,1,이재윤,1,7,2,0,0
GREEN,0.4,0.2,유해란,1,14,2,1,이재윤,1,8,2,0,0
GREEN,0.4,1.4,유해란,1,14,2,1,이재윤,1,9,2,1,0
GREEN,0.4,0.8,유해란,1,14,2,1,이재윤,1,10,2,0,0
GREEN,0.4,0.7,유해란,1,14,2,1,이재윤,1,11,2,1,0
GREEN,0.4,0.3,유해란,1,14,2,1,이재윤,1,12,2,0,0
GREEN,0.4,0.9,유해란,1,14,2,1,이재윤,1,13,2,0,0
GREEN,0.4,0.3,유해란,1,14,2,1,이재윤,1,14,2,0,0
GREEN,0.4,1.1,유해란,1,14,2,1,이재윤,1,15,2,1,0
GREEN,0.4,0.8,유해란,1,14,2,1,이재윤,1,18,2,0,0
GREEN,0.4,0.8,유해란,1,14,2,1,이재윤,2,3,2,0,0
GREEN,0.4,0.4,유해란,1,14,2,1,이재윤,2,4,2,1,0
GREEN,0.4,0.7,유해란,1,14,2,1,이재윤,2,5,2,0,0
GREEN,0.4,1.2,유해란,1,14,2,1,이재윤,2,6,2,0,0
GREEN,0.4,0.5,유해란,1,14,2,1,이재윤,2,7,2,0,0
GREEN,0.4,0.2,유해란,1,14,2,1,이재윤,2,8,2,0,0
GREEN,0.4,1.2,유해란,1,14,2,1,이재윤,2,10,2,0,0
GREEN,0.4,0.5,유해란,1,14,2,1,이재윤,2,12,2,0,0
GREEN,0.4,0.4,유해란,1,14,2,1,이재윤,2,14,2,1,0
GREEN,0.4,0.5,유해란,1,14,2,1,이재윤,2,15,2,1,0
GREEN,0.4,1.0,유해란,1,14,2,1,이재윤,2,17,2,0,0
GREEN,0.4,1.3,유해란,1,14,2,1,이재윤,2,18,2,0,0
GREEN,0.4,0.3,유해란,1,14,2,1,이재윤,3,1,2,1,0
GREEN,0.4,0.5,유해란,1,14,2,1,이재윤,3,2,2,0,0
GREEN,0.4,0.3,유해란,1,14,2,1,이재윤,3,5,2,0,0
GREEN,0.4,0.4,유해란,1,14,2,1,이재윤,3,6,2,0,0
GREEN,0.4,0.5,유해란,1,14,2,1,이재윤,3,7,2,0,0
GREEN,0.4,0.3,유해란,1,14,2,1,이재윤,3,8,2,0,0
GREEN,0.4,1.2,유해란,1,14,2,1,이재윤,3,9,2,0,0
GREEN,0.4,1.3,유해란,1,14,2,1,이재윤,3,10,2,1,0
GREEN,0.4,0.5,유해란,1,14,2,1,이재윤,3,11,2,0,0
GREEN,0.4,0.3,유해란,1,14,2,1,이재윤,3,13,2,1,0
GREEN,0.4,0.2,유해란,1,14,2,1,이재윤,3,14,2,0,0
GREEN,0.4,1.4,유해란,1,14,2,1,이재윤,3,15,2,0,0
GREEN,0.4,1.3,유해란,1,14,2,1,이재윤,3,17,2,0,0
GREEN,0.4,0.5,유해란,1,14,2,1,이재윤,3,18,2,0,0
GREEN,0.4,0.9,유해란,1,14,2,1,이재윤,4,1,2,0,0
GREEN,0.4,0.3,유해란,1,14,2,1,이재윤,4,2,2,1,0
GREEN,0.4,0.3,유해란,1,14,2,1,이재윤,4,5,2,0,0
GREEN,0.4,0.4,유해란,1,14,2,1,이재윤,4,8,2,0,0
GREEN,0.4,0.3,유해란,1,14,2,1,이재윤,4,9,2,0,0
GREEN,0.4,0.4,유해란,1,14,2,1,이재윤,4,12,2,0,0
GREEN,0.4,0.5,유해란,1,14,2,1,이재윤,4,13,2,0,0
GREEN,0.4,1.0,유해란,1,14,2,1,이재윤,4,14,2,1,0
GREEN,0.4,1.2,유해란,1,14,2,1,이재윤,4,15,2,0,0
GREEN,0.4,0.5,유해란,1,14,2,1,이재윤,4,16,2,0,0
GREEN,0.4,0.3,유해란,1,14,2,1,이재윤,4,18,2,0,0
GREEN,0.4,0.4,유해란,1,14,2,1,박서현,1,2,2,0,0
GREEN,0.4,1.0,유해란,1,14,2,1,박서현,1,3,2,2,0
GREEN,0.4,0.5,유해란,1,14,2,1,박서현,1,4,2,0,0
GREEN,0.4,0.5,유해란,1,14,2,1,박서현,1,5,2,0,0
GREEN,0.4,0.4,유해란,1,14,2,1,박서현,1,6,2,1,0
GREEN,0.4,0.5,유해란,1,14,2,1,박서현,1,7,2,0,0
GREEN,0.4,0.5,유해란,1,14,2,1,박서현,1,8,2,1,0
GREEN,0.4,0.6,유해란,1,14,2,1,박서현,1,9,2,0,0
GREEN,0.4,0.3,유해란,1,14,2,1,박서현,1,10,2,0,0
GREEN,0.4,0.4,유해란,1,14,2,1,박서현,1,11,2,0,0
GREEN,0.4,1.1,유해란,1,14,2,1,박서현,1,13,2,1,0
GREEN,0.4,0.3,유해란,1,14,2,1,박서현,1,14,2,0,0
GREEN,0.4,0.5,유해란,1,14,2,1,박서현,1,15,2,1,0
GREEN,0.4,0.5,유해란,1,14,2,1,박서현,1,17,2,0,0
GREEN,0.4,0.3,유해란,1,14,2,1,박서현,2,1,2,0,0
GREEN,0.4,0.5,유해란,1,14,2,1,박서현,2,2,2,0,0
GREEN,0.4,0.5,유해란,1,14,2,1,박서현,2,3,2,0,0
GREEN,0.4,0.3,유해란,1,14,2,1,박서현,2,4,2,1,0
GREEN,0.4,1.2,유해란,1,14,2,1,박서현,2,5,3,1,-1
GREEN,0.4,0.4,유해란,1,14,2,1,박서현,2,5,2,1,0
GREEN,0.4,0.4,유해란,1,14,2,1,박서현,2,7,2,0,0
GREEN,0.4,0.2,유해란,1,14,2,1,박서현,2,10,2,0,0
GREEN,0.4,1.3,유해란,1,14,2,1,박서현,2,12,3,2,-1
GREEN,0.4,0.9,유해란,1,14,2,1,박서현,2,12,2,2,0
GREEN,0.4,0.4,유해란,1,14,2,1,박서현,2,13,2,0,0
GREEN,0.4,1.0,유해란,1,14,2,1,박서현,2,14,2,1,0
GREEN,0.4,1.3,유해란,1,14,2,1,박서현,2,15,2,0,0
GREEN,0.4,0.2,유해란,1,14,2,1,박서현,2,17,2,0,0
GREEN,0.4,1.3,유해란,1,14,2,1,박서현,2,18,2,0,0
GREEN,0.4,1.3,유해란,1,14,2,1,박서현,3,1,2,0,0
GREEN,0.4,1.4,유해란,1,14,2,1,박서현,3,2,2,0,0
GREEN,0.4,0.4,유해란,1,14,2,1,박서현,3,3,2,1,0
GREEN,0.4,0.5,유해란,1,14,2,1,박서현,3,4,2,0,0
GREEN,0.4,1.2,유해란,1,14,2,1,박서현,3,5,2,0,0
GREEN,0.4,0.3,유해란,1,14,2,1,박서현,3,6,2,0,0
GREEN,0.4,0.5,유해란,1,14,2,1,박서현,3,7,2,0,0
GREEN,0.4,0.3,유해란,1,14,2,1,박서현,3,8,2,3,0
GREEN,0.4,0.2,유해란,1,14,2,1,박서현,3,9,2,2,0
GREEN,0.4,0.9,유해란,1,14,2,1,박서현,3,10,2,1,0
GREEN,0.4,1.0,유해란,1,14,2,1,박서현,3,11,2,0,0
GREEN,0.4,1.2,유해란,1,14,2,1,박서현,3,12,2,0,0
GREEN,0.4,1.3,유해란,1,14,2,1,박서현,3,13,3,1,-1
GREEN,0.4,1.0,유해란,1,14,2,1,박서현,3,13,2,1,0
GREEN,0.4,0.4,유해란,1,14,2,1,박서현,3,14,2,0,0
GREEN,0.4,1.4,유해란,1,14,2,1,박서현,3,15,2,1,0
GREEN,0.4,0.3,유해란,1,14,2,1,박서현,3,16,2,0,0
GREEN,0.4,0.5,유해란,1,14,2,1,박서현,3,18,2,0,0
GREEN,0.4,1.1,유해란,1,14,2,1,박서현,4,1,2,0,0
GREEN,0.4,0.2,유해란,1,14,2,1,박서현,4,2,2,0,0
GREEN,0.4,0.5,유해란,1,14,2,1,박서현,4,3,2,1,0
GREEN,0.4,0.3,유해란,1,14,2,1,박서현,4,4,2,1,0
GREEN,0.4,0.3,유해란,1,14,2,1,박서현,4,5,2,0,0
GREEN,0.4,0.3,유해란,1,14,2,1,박서현,4,8,2,0,0
GREEN,0.4,0.4,유해란,1,14,2,1,박서현,4,9,2,2,0
GREEN,0.4,0.4,유해란,1,14,2,1,박서현,4,11,2,0,0
GREEN,0.4,0.8,유해란,1,14,2,1,박서현,4,12,2,1,0
GREEN,0.4,0.2,유해란,1,14,2,1,박서현,4,14,2,1,0
GREEN,0.4,0.7,유해란,1,14,2,1,박서현,4,15,2,0,0
GREEN,0.4,1.3,유해란,1,14,2,1,박서현,4,16,2,0,0
GREEN,0.4,0.5,유해란,1,14,2,1,박서현,4,17,2,1,0
GREEN,0.4,1.3,유해란,1,14,2,1,박서현,4,18,2,1,0
FAIRWAY,133.1,132.2,유해란,1,15,4,0,이재윤,1,8,4,0,0
FAIRWAY,133.1,132.5,유해란,1,15,4,0,이재윤,1,14,4,0,0
FAIRWAY,133.1,132.4,유해란,1,15,4,0,박서현,4,18,5,1,-1
GREEN,7.8,8.6,유해란,1,15,3,0,이재윤,1,13,3,0,0
GREEN,7.8,7.6,유해란,1,15,3,0,이재윤,2,7,3,0,0
GREEN,7.8,7.3,유해란,1,15,3,0,이재윤,2,15,3,1,0
GREEN,7.8,7.3,유해란,1,15,3,0,이재윤,2,16,3,0,0
GREEN,7.8,7.8,유해란,1,15,3,0,이재윤,2,18,3,0,0
GREEN,7.8,7.9,유해란,1,15,3,0,이재윤,3,14,3,0,0
GREEN,7.8,7.6,유해란,1,15,3,0,이재윤,3,18,3,0,0
GREEN,7.8,7.4,유해란,1,15,3,0,이재윤,4,5,3,0,0
GREEN,7.8,7.2,유해란,1,15,3,0,이재윤,4,9,3,0,0
GREEN,7.8,6.8,유해란,1,15,3,0,이재윤,4,15,3,0,0
GREEN,7.8,7.7,유해란,1,15,3,0,박서현,1,1,2,-1,1
GREEN,7.8,7.2,유해란,1,15,3,0,박서현,1,5,3,0,0
GREEN,7.8,6.9,유해란,1,15,3,0,박서현,1,6,3,1,0
GREEN,7.8,7.5,유해란,1,15,3,0,박서현,1,13,3,1,0
GREEN,7.8,7.8,유해란,1,15,3,0,박서현,2,1,3,0,0
GREEN,7.8,7.5,유해란,1,15,3,0,박서현,3,6,3,0,0
GREEN,7.8,8.2,유해란,1,15,3,0,박서현,3,12,3,0,0
GREEN,7.8,7.1,유해란,1,15,3,0,박서현,4,1,3,0,0
GREEN,7.8,7.6,유해란,1,15,3,0,박서현,4,8,3,0,0
GREEN,0.4,0.5,유해란,1,15,2,0,이재윤,1,1,2,0,0
GREEN,0.4,0.5,유해란,1,15,2,0,이재윤,1,2,2,0,0
GREEN,0.4,1.3,유해란,1,15,2,0,이재윤,1,3,2,0,0
GREEN,0.4,0.5,유해란,1,15,2,0,이재윤,1,4,2,1,0
GREEN,0.4,0.8,유해란,1,15,2,0,이재윤,1,5,2,0,0
GREEN,0.4,0.5,유해란,1,15,2,0,이재윤,1,6,2,0,0
GREEN,0.4,0.5,유해란,1,15,2,0,이재윤,1,7,2,0,0
GREEN,0.4,0.2,유해란,1,15,2,0,이재윤,1,8,2,0,0
GREEN,0.4,1.4,유해란,1,15,2,0,이재윤,1,9,2,1,0
GREEN,0.4,0.8,유해란,1,15,2,0,이재윤,1,10,2,0,0
GREEN,0.4,0.7,유해란,1,15,2,0,이재윤,1,11,2,1,0
GREEN,0.4,0.3,유해란,1,15,2,0,이재윤,1,12,2,0,0
GREEN,0.4,0.9,유해란,1,15,2,0,이재윤,1,13,2,0,0
GREEN,0.4,0.3,유해란,1,15,2,0,이재윤,1,14,2,0,0
GREEN,0.4,1.1,유해란,1,15,2,0,이재윤,1,15,2,1,0
GREEN,0.4,0.8,유해란,1,15,2,0,이재윤,1,18,2,0,0
GREEN,0.4,0.8,유해란,1,15,2,0,이재윤,2,3,2,0,0
GREEN,0.4,0.4,유해란,1,15,2,0,이재윤,2,4,2,1,0
GREEN,0.4,0.7,유해란,1,15,2,0,이재윤,2,5,2,0,0
GREEN,0.4,1.2,유해란,1,15,2,0,이재윤,2,6,2,0,0
GREEN,0.4,0.5,유해란,1,15,2,0,이재윤,2,7,2,0,0
GREEN,0.4,0.2,유해란,1,15,2,0,이재윤,2,8,2,0,0
GREEN,0.4,1.2,유해란,1,15,2,0,이재윤,2,10,2,0,0
GREEN,0.4,0.5,유해란,1,15,2,0,이재윤,2,12,2,0,0
GREEN,0.4,0.4,유해란,1,15,2,0,이재윤,2,14,2,1,0
GREEN,0.4,0.5,유해란,1,15,2,0,이재윤,2,15,2,1,0
GREEN,0.4,1.0,유해란,1,15,2,0,이재윤,2,17,2,0,0
GREEN,0.4,1.3,유해란,1,15,2,0,이재윤,2,18,2,0,0
GREEN,0.4,0.3,유해란,1,15,2,0,이재윤,3,1,2,1,0
GREEN,0.4,0.5,유해란,1,15,2,0,이재윤,3,2,2,0,0
GREEN,0.4,0.3,유해란,1,15,2,0,이재윤,3,5,2,0,0
GREEN,0.4,0.4,유해란,1,15,2,0,이재윤,3,6,2,0,0
GREEN,0.4,0.5,유해란,1,15,2,0,이재윤,3,7,2,0,0
GREEN,0.4,0.3,유해란,1,15,2,0,이재윤,3,8,2,0,0
GREEN,0.4,1.2,유해란,1,15,2,0,이재윤,3,9,2,0,0
GREEN,0.4,1.3,유해란,1,15,2,0,이재윤,3,10,2,1,0
GREEN,0.4,0.5,유해란,1,15,2,0,이재윤,3,11,2,0,0
GREEN,0.4,0.3,유해란,1,15,2,0,이재윤,3,13,2,1,0
GREEN,0.4,0.2,유해란,1,15,2,0,이재윤,3,14,2,0,0
GREEN,0.4,1.4,유해란,1,15,2,0,이재윤,3,15,2,0,0
GREEN,0.4,1.3,유해란,1,15,2,0,이재윤,3,17,2,0,0
GREEN,0.4,0.5,유해란,1,15,2,0,이재윤,3,18,2,0,0
GREEN,0.4,0.9,유해란,1,15,2,0,이재윤,4,1,2,0,0
GREEN,0.4,0.3,유해란,1,15,2,0,이재윤,4,2,2,1,0
GREEN,0.4,0.3,유해란,1,15,2,0,이재윤,4,5,2,0,0
GREEN,0.4,0.4,유해란,1,15,2,0,이재윤,4,8,2,0,0
GREEN,0.4,0.3,유해란,1,15,2,0,이재윤,4,9,2,0,0
GREEN,0.4,0.4,유해란,1,15,2,0,이재윤,4,12,2,0,0
GREEN,0.4,0.5,유해란,1,15,2,0,이재윤,4,13,2,0,0
GREEN,0.4,1.0,유해란,1,15,2,0,이재윤,4,14,2,1,0
GREEN,0.4,1.2,유해란,1,15,2,0,이재윤,4,15,2,0,0
GREEN,0.4,0.5,유해란,1,15,2,0,이재윤,4,16,2,0,0
GREEN,0.4,0.3,유해란,1,15,2,0,이재윤,4,18,2,0,0
GREEN,0.4,0.4,유해란,1,15,2,0,박서현,1,2,2,0,0
GREEN,0.4,1.0,유해란,1,15,2,0,박서현,1,3,2,2,0
GREEN,0.4,0.5,유해란,1,15,2,0,박서현,1,4,2,0,0
GREEN,0.4,0.5,유해란,1,15,2,0,박서현,1,5,2,0,0
GREEN,0.4,0.4,유해란,1,15,2,0,박서현,1,6,2,1,0
GREEN,0.4,0.5,유해란,1,15,2,0,박서현,1,7,2,0,0
GREEN,0.4,0.5,유해란,1,15,2,0,박서현,1,8,2,1,0
GREEN,0.4,0.6,유해란,1,15,2,0,박서현,1,9,2,0,0
GREEN,0.4,0.3,유해란,1,15,2,0,박서현,1,10,2,0,0
GREEN,0.4,0.4,유해란,1,15,2,0,박서현,1,11,2,0,0
GREEN,0.4,1.1,유해란,1,15,2,0,박서현,1,13,2,1,0
GREEN,0.4,0.3,유해란,1,15,2,0,박서현,1,14,2,0,0
GREEN,0.4,0.5,유해란,1,15,2,0,박서현,1,15,2,1,0
GREEN,0.4,0.5,유해란,1,15,2,0,박서현,1,17,2,0,0
GREEN,0.4,0.3,유해란,1,15,2,0,박서현,2,1,2,0,0
GREEN,0.4,0.5,유해란,1,15,2,0,박서현,2,2,2,0,0
GREEN,0.4,0.5,유해란,1,15,2,0,박서현,2,3,2,0,0
GREEN,0.4,0.3,유해란,1,15,2,0,박서현,2,4,2,1,0
GREEN,0.4,1.2,유해란,1,15,2,0,박서현,2,5,3,1,-1
GREEN,0.4,0.4,유해란,1,15,2,0,박서현,2,5,2,1,0
GREEN,0.4,0.4,유해란,1,15,2,0,박서현,2,7,2,0,0
GREEN,0.4,0.2,유해란,1,15,2,0,박서현,2,10,2,0,0
GREEN,0.4,1.3,유해란,1,15,2,0,박서현,2,12,3,2,-1
GREEN,0.4,0.9,유해란,1,15,2,0,박서현,2,12,2,2,0
GREEN,0.4,0.4,유해란,1,15,2,0,박서현,2,13,2,0,0
GREEN,0.4,1.0,유해란,1,15,2,0,박서현,2,14,2,1,0
GREEN,0.4,1.3,유해란,1,15,2,0,박서현,2,15,2,0,0
GREEN,0.4,0.2,유해란,1,15,2,0,박서현,2,17,2,0,0
GREEN,0.4,1.3,유해란,1,15,2,0,박서현,2,18,2,0,0
GREEN,0.4,1.3,유해란,1,15,2,0,박서현,3,1,2,0,0
GREEN,0.4,1.4,유해란,1,15,2,0,박서현,3,2,2,0,0
GREEN,0.4,0.4,유해란,1,15,2,0,박서현,3,3,2,1,0
GREEN,0.4,0.5,유해란,1,15,2,0,박서현,3,4,2,0,0
GREEN,0.4,1.2,유해란,1,15,2,0,박서현,3,5,2,0,0
GREEN,0.4,0.3,유해란,1,15,2,0,박서현,3,6,2,0,0
GREEN,0.4,0.5,유해란,1,15,2,0,박서현,3,7,2,0,0
GREEN,0.4,0.3,유해란,1,15,2,0,박서현,3,8,2,3,0
GREEN,0.4,0.2,유해란,1,15,2,0,박서현,3,9,2,2,0
GREEN,0.4,0.9,유해란,1,15,2,0,박서현,3,10,2,1,0
GREEN,0.4,1.0,유해란,1,15,2,0,박서현,3,11,2,0,0
GREEN,0.4,1.2,유해란,1,15,2,0,박서현,3,12,2,0,0
GREEN,0.4,1.3,유해란,1,15,2,0,박서현,3,13,3,1,-1
GREEN,0.4,1.0,유해란,1,15,2,0,박서현,3,13,2,1,0
GREEN,0.4,0.4,유해란,1,15,2,0,박서현,3,14,2,0,0
GREEN,0.4,1.4,유해란,1,15,2,0,박서현,3,15,2,1,0
GREEN,0.4,0.3,유해란,1,15,2,0,박서현,3,16,2,0,0
GREEN,0.4,0.5,유해란,1,15,2,0,박서현,3,18,2,0,0
GREEN,0.4,1.1,유해란,1,15,2,0,박서현,4,1,2,0,0
GREEN,0.4,0.2,유해란,1,15,2,0,박서현,4,2,2,0,0
GREEN,0.4,0.5,유해란,1,15,2,0,박서현,4,3,2,1,0
GREEN,0.4,0.3,유해란,1,15,2,0,박서현,4,4,2,1,0
GREEN,0.4,0.3,유해란,1,15,2,0,박서현,4,5,2,0,0
GREEN,0.4,0.3,유해란,1,15,2,0,박서현,4,8,2,0,0
GREEN,0.4,0.4,유해란,1,15,2,0,박서현,4,9,2,2,0
GREEN,0.4,0.4,유해란,1,15,2,0,박서현,4,11,2,0,0
GREEN,0.4,0.8,유해란,1,15,2,0,박서현,4,12,2,1,0
GREEN,0.4,0.2,유해란,1,15,2,0,박서현,4,14,2,1,0
GREEN,0.4,0.7,유해란,1,15,2,0,박서현,4,15,2,0,0
GREEN,0.4,1.3,유해란,1,15,2,0,박서현,4,16,2,0,0
GREEN,0.4,0.5,유해란,1,15,2,0,박서현,4,17,2,1,0
GREEN,0.4,1.3,유해란,1,15,2,0,박서현,4,18,2,1,0
GREEN,18.5,18.9,유해란,1,16,4,1,박서현,4,9,5,2,-1
GREEN,2.7,3.1,유해란,1,16,3,1,이재윤,1,7,3,0,0
GREEN,2.7,3.1,유해란,1,16,3,1,이재윤,1,11,3,1,0
GREEN,2.7,3.4,유해란,1,16,3,1,이재윤,1,15,3,1,0
GREEN,2.7,2.8,유해란,1,16,3,1,이재윤,1,16,2,0,1
GREEN,2.7,2.1,유해란,1,16,3,1,이재윤,1,17,2,0,1
GREEN,2.7,3.0,유해란,1,16,3,1,이재윤,2,2,2,0,1
GREEN,2.7,2.3,유해란,1,16,3,1,이재윤,2,4,3,1,0
GREEN,2.7,3.1,유해란,1,16,3,1,이재윤,3,1,3,1,0
GREEN,2.7,3.0,유해란,1,16,3,1,이재윤,3,3,2,0,1
GREEN,2.7,2.1,유해란,1,16,3,1,이재윤,3,6,3,0,0
GREEN,2.7,2.8,유해란,1,16,3,1,이재윤,3,7,3,0,0
GREEN,2.7,2.6,유해란,1,16,3,1,이재윤,3,12,2,0,1
GREEN,2.7,3.0,유해란,1,16,3,1,이재윤,3,13,3,1,0
GREEN,2.7,2.2,유해란,1,16,3,1,이재윤,4,3,2,0,1
GREEN,2.7,2.6,유해란,1,16,3,1,이재윤,4,4,2,0,1
GREEN,2.7,2.7,유해란,1,16,3,1,이재윤,4,6,2,-1,1
GREEN,2.7,2.8,유해란,1,16,3,1,이재윤,4,7,2,-1,1
GREEN,2.7,2.0,유해란,1,16,3,1,이재윤,4,10,2,0,1
GREEN,2.7,1.8,유해란,1,16,3,1,이재윤,4,17,2,0,1
GREEN,2.7,3.1,유해란,1,16,3,1,이재윤,4,18,3,0,0
GREEN,2.7,3.4,유해란,1,16,3,1,박서현,1,3,3,2,0
GREEN,2.7,2.0,유해란,1,16,3,1,박서현,1,8,3,1,0
GREEN,2.7,3.5,유해란,1,16,3,1,박서현,1,11,3,0,0
GREEN,2.7,2.7,유해란,1,16,3,1,박서현,1,16,2,-1,1
GREEN,2.7,2.4,유해란,1,16,3,1,박서현,2,6,2,0,1
GREEN,2.7,3.3,유해란,1,16,3,1,박서현,2,8,2,0,1
GREEN,2.7,3.6,유해란,1,16,3,1,박서현,2,10,3,0,0
GREEN,2.7,3.6,유해란,1,16,3,1,박서현,2,16,2,0,1
GREEN,2.7,1.9,유해란,1,16,3,1,박서현,3,10,3,1,0
GREEN,2.7,2.7,유해란,1,16,3,1,박서현,3,15,3,1,0
GREEN,2.7,1.9,유해란,1,16,3,1,박서현,3,17,2,0,1
GREEN,2.7,2.8,유해란,1,16,3,1,박서현,4,3,3,1,0
GREEN,2.7,3.7,유해란,1,16,3,1,박서현,4,4,3,1,0
GREEN,2.7,3.4,유해란,1,16,3,1,박서현,4,9,4,2,-1
GREEN,2.7,1.9,유해란,1,16,3,1,박서현,4,12,3,1,0
GREEN,2.7,3.4,유해란,1,16,3,1,박서현,4,13,2,0,1
GREEN,2.7,2.2,유해란,1,16,3,1,박서현,4,17,3,1,0
GREEN,0.4,0.5,유해란,1,16,2,1,이재윤,1,1,2,0,0
GREEN,0.4,0.5,유해란,1,16,2,1,이재윤,1,2,2,0,0
GREEN,0.4,1.3,유해란,1,16,2,1,이재윤,1,3,2,0,0
GREEN,0.4,0.5,유해란,1,16,2,1,이재윤,1,4,2,1,0
GREEN,0.4,0.8,유해란,1,16,2,1,이재윤,1,5,2,0,0
GREEN,0.4,0.5,유해란,1,16,2,1,이재윤,1,6,2,0,0
GREEN,0.4,0.5,유해란,1,16,2,1,이재윤,1,7,2,0,0
GREEN,0.4,0.2,유해란,1,16,2,1,이재윤,1,8,2,0,0
GREEN,0.4,1.4,유해란,1,16,2,1,이재윤,1,9,2,1,0
GREEN,0.4,0.8,유해란,1,16,2,1,이재윤,1,10,2,0,0
GREEN,0.4,0.7,유해란,1,16,2,1,이재윤,1,11,2,1,0
GREEN,0.4,0.3,유해란,1,16,2,1,이재윤,1,12,2,0,0
GREEN,0.4,0.9,유해란,1,16,2,1,이재윤,1,13,2,0,0
GREEN,0.4,0.3,유해란,1,16,2,1,이재윤,1,14,2,0,0
GREEN,0.4,1.1,유해란,1,16,2,1,이재윤,1,15,2,1,0
GREEN,0.4,0.8,유해란,1,16,2,1,이재윤,1,18,2,0,0
GREEN,0.4,0.8,유해란,1,16,2,1,이재윤,2,3,2,0,0
GREEN,0.4,0.4,유해란,1,16,2,1,이재윤,2,4,2,1,0
GREEN,0.4,0.7,유해란,1,16,2,1,이재윤,2,5,2,0,0
GREEN,0.4,1.2,유해란,1,16,2,1,이재윤,2,6,2,0,0
GREEN,0.4,0.5,유해란,1,16,2,1,이재윤,2,7,2,0,0
GREEN,0.4,0.2,유해란,1,16,2,1,이재윤,2,8,2,0,0
GREEN,0.4,1.2,유해란,1,16,2,1,이재윤,2,10,2,0,0
GREEN,0.4,0.5,유해란,1,16,2,1,이재윤,2,12,2,0,0
GREEN,0.4,0.4,유해란,1,16,2,1,이재윤,2,14,2,1,0
GREEN,0.4,0.5,유해란,1,16,2,1,이재윤,2,15,2,1,0
GREEN,0.4,1.0,유해란,1,16,2,1,이재윤,2,17,2,0,0
GREEN,0.4,1.3,유해란,1,16,2,1,이재윤,2,18,2,0,0
GREEN,0.4,0.3,유해란,1,16,2,1,이재윤,3,1,2,1,0
GREEN,0.4,0.5,유해란,1,16,2,1,이재윤,3,2,2,0,0
GREEN,0.4,0.3,유해란,1,16,2,1,이재윤,3,5,2,0,0
GREEN,0.4,0.4,유해란,1,16,2,1,이재윤,3,6,2,0,0
GREEN,0.4,0.5,유해란,1,16,2,1,이재윤,3,7,2,0,0
GREEN,0.4,0.3,유해란,1,16,2,1,이재윤,3,8,2,0,0
GREEN,0.4,1.2,유해란,1,16,2,1,이재윤,3,9,2,0,0
GREEN,0.4,1.3,유해란,1,16,2,1,이재윤,3,10,2,1,0
GREEN,0.4,0.5,유해란,1,16,2,1,이재윤,3,11,2,0,0
GREEN,0.4,0.3,유해란,1,16,2,1,이재윤,3,13,2,1,0
GREEN,0.4,0.2,유해란,1,16,2,1,이재윤,3,14,2,0,0
GREEN,0.4,1.4,유해란,1,16,2,1,이재윤,3,15,2,0,0
GREEN,0.4,1.3,유해란,1,16,2,1,이재윤,3,17,2,0,0
GREEN,0.4,0.5,유해란,1,16,2,1,이재윤,3,18,2,0,0
GREEN,0.4,0.9,유해란,1,16,2,1,이재윤,4,1,2,0,0
GREEN,0.4,0.3,유해란,1,16,2,1,이재윤,4,2,2,1,0
GREEN,0.4,0.3,유해란,1,16,2,1,이재윤,4,5,2,0,0
GREEN,0.4,0.4,유해란,1,16,2,1,이재윤,4,8,2,0,0
GREEN,0.4,0.3,유해란,1,16,2,1,이재윤,4,9,2,0,0
GREEN,0.4,0.4,유해란,1,16,2,1,이재윤,4,12,2,0,0
GREEN,0.4,0.5,유해란,1,16,2,1,이재윤,4,13,2,0,0
GREEN,0.4,1.0,유해란,1,16,2,1,이재윤,4,14,2,1,0
GREEN,0.4,1.2,유해란,1,16,2,1,이재윤,4,15,2,0,0
GREEN,0.4,0.5,유해란,1,16,2,1,이재윤,4,16,2,0,0
GREEN,0.4,0.3,유해란,1,16,2,1,이재윤,4,18,2,0,0
GREEN,0.4,0.4,유해란,1,16,2,1,박서현,1,2,2,0,0
GREEN,0.4,1.0,유해란,1,16,2,1,박서현,1,3,2,2,0
GREEN,0.4,0.5,유해란,1,16,2,1,박서현,1,4,2,0,0
GREEN,0.4,0.5,유해란,1,16,2,1,박서현,1,5,2,0,0
GREEN,0.4,0.4,유해란,1,16,2,1,박서현,1,6,2,1,0
GREEN,0.4,0.5,유해란,1,16,2,1,박서현,1,7,2,0,0
GREEN,0.4,0.5,유해란,1,16,2,1,박서현,1,8,2,1,0
GREEN,0.4,0.6,유해란,1,16,2,1,박서현,1,9,2,0,0
GREEN,0.4,0.3,유해란,1,16,2,1,박서현,1,10,2,0,0
GREEN,0.4,0.4,유해란,1,16,2,1,박서현,1,11,2,0,0
GREEN,0.4,1.1,유해란,1,16,2,1,박서현,1,13,2,1,0
GREEN,0.4,0.3,유해란,1,16,2,1,박서현,1,14,2,0,0
GREEN,0.4,0.5,유해란,1,16,2,1,박서현,1,15,2,1,0
GREEN,0.4,0.5,유해란,1,16,2,1,박서현,1,17,2,0,0
GREEN,0.4,0.3,유해란,1,16,2,1,박서현,2,1,2,0,0
GREEN,0.4,0.5,유해란,1,16,2,1,박서현,2,2,2,0,0
GREEN,0.4,0.5,유해란,1,16,2,1,박서현,2,3,2,0,0
GREEN,0.4,0.3,유해란,1,16,2,1,박서현,2,4,2,1,0
GREEN,0.4,1.2,유해란,1,16,2,1,박서현,2,5,3,1,-1
GREEN,0.4,0.4,유해란,1,16,2,1,박서현,2,5,2,1,0
GREEN,0.4,0.4,유해란,1,16,2,1,박서현,2,7,2,0,0
GREEN,0.4,0.2,유해란,1,16,2,1,박서현,2,10,2,0,0
GREEN,0.4,1.3,유해란,1,16,2,1,박서현,2,12,3,2,-1
GREEN,0.4,0.9,유해란,1,16,2,1,박서현,2,12,2,2,0
GREEN,0.4,0.4,유해란,1,16,2,1,박서현,2,13,2,0,0
GREEN,0.4,1.0,유해란,1,16,2,1,박서현,2,14,2,1,0
GREEN,0.4,1.3,유해란,1,16,2,1,박서현,2,15,2,0,0
GREEN,0.4,0.2,유해란,1,16,2,1,박서현,2,17,2,0,0
GREEN,0.4,1.3,유해란,1,16,2,1,박서현,2,18,2,0,0
GREEN,0.4,1.3,유해란,1,16,2,1,박서현,3,1,2,0,0
GREEN,0.4,1.4,유해란,1,16,2,1,박서현,3,2,2,0,0
GREEN,0.4,0.4,유해란,1,16,2,1,박서현,3,3,2,1,0
GREEN,0.4,0.5,유해란,1,16,2,1,박서현,3,4,2,0,0
GREEN,0.4,1.2,유해란,1,16,2,1,박서현,3,5,2,0,0
GREEN,0.4,0.3,유해란,1,16,2,1,박서현,3,6,2,0,0
GREEN,0.4,0.5,유해란,1,16,2,1,박서현,3,7,2,0,0
GREEN,0.4,0.3,유해란,1,16,2,1,박서현,3,8,2,3,0
GREEN,0.4,0.2,유해란,1,16,2,1,박서현,3,9,2,2,0
GREEN,0.4,0.9,유해란,1,16,2,1,박서현,3,10,2,1,0
GREEN,0.4,1.0,유해란,1,16,2,1,박서현,3,11,2,0,0
GREEN,0.4,1.2,유해란,1,16,2,1,박서현,3,12,2,0,0
GREEN,0.4,1.3,유해란,1,16,2,1,박서현,3,13,3,1,-1
GREEN,0.4,1.0,유해란,1,16,2,1,박서현,3,13,2,1,0
GREEN,0.4,0.4,유해란,1,16,2,1,박서현,3,14,2,0,0
GREEN,0.4,1.4,유해란,1,16,2,1,박서현,3,15,2,1,0
GREEN,0.4,0.3,유해란,1,16,2,1,박서현,3,16,2,0,0
GREEN,0.4,0.5,유해란,1,16,2,1,박서현,3,18,2,0,0
GREEN,0.4,1.1,유해란,1,16,2,1,박서현,4,1,2,0,0
GREEN,0.4,0.2,유해란,1,16,2,1,박서현,4,2,2,0,0
GREEN,0.4,0.5,유해란,1,16,2,1,박서현,4,3,2,1,0
GREEN,0.4,0.3,유해란,1,16,2,1,박서현,4,4,2,1,0
GREEN,0.4,0.3,유해란,1,16,2,1,박서현,4,5,2,0,0
GREEN,0.4,0.3,유해란,1,16,2,1,박서현,4,8,2,0,0
GREEN,0.4,0.4,유해란,1,16,2,1,박서현,4,9,2,2,0
GREEN,0.4,0.4,유해란,1,16,2,1,박서현,4,11,2,0,0
GREEN,0.4,0.8,유해란,1,16,2,1,박서현,4,12,2,1,0
GREEN,0.4,0.2,유해란,1,16,2,1,박서현,4,14,2,1,0
GREEN,0.4,0.7,유해란,1,16,2,1,박서현,4,15,2,0,0
GREEN,0.4,1.3,유해란,1,16,2,1,박서현,4,16,2,0,0
GREEN,0.4,0.5,유해란,1,16,2,1,박서현,4,17,2,1,0
GREEN,0.4,1.3,유해란,1,16,2,1,박서현,4,18,2,1,0
FRINGE,7.3,7.4,유해란,1,17,3,0,이재윤,2,9,3,0,0
FRINGE,7.3,7.8,유해란,1,17,3,0,박서현,2,5,4,1,-1
FRINGE,7.3,7.9,유해란,1,17,3,0,박서현,4,14,4,1,-1
GREEN,1.2,0.5,유해란,1,17,2,0,이재윤,1,1,2,0,0
GREEN,1.2,0.5,유해란,1,17,2,0,이재윤,1,2,2,0,0
GREEN,1.2,1.3,유해란,1,17,2,0,이재윤,1,3,2,0,0
GREEN,1.2,0.5,유해란,1,17,2,0,이재윤,1,4,2,1,0
GREEN,1.2,0.8,유해란,1,17,2,0,이재윤,1,5,2,0,0
GREEN,1.2,0.5,유해란,1,17,2,0,이재윤,1,6,2,0,0
GREEN,1.2,0.5,유해란,1,17,2,0,이재윤,1,7,2,0,0
GREEN,1.2,0.2,유해란,1,17,2,0,이재윤,1,8,2,0,0
GREEN,1.2,1.4,유해란,1,17,2,0,이재윤,1,9,2,1,0
GREEN,1.2,0.8,유해란,1,17,2,0,이재윤,1,10,2,0,0
GREEN,1.2,0.7,유해란,1,17,2,0,이재윤,1,11,2,1,0
GREEN,1.2,0.3,유해란,1,17,2,0,이재윤,1,12,2,0,0
GREEN,1.2,0.9,유해란,1,17,2,0,이재윤,1,13,2,0,0
GREEN,1.2,1.6,유해란,1,17,2,0,이재윤,1,14,3,0,-1
GREEN,1.2,0.3,유해란,1,17,2,0,이재윤,1,14,2,0,0
GREEN,1.2,1.1,유해란,1,17,2,0,이재윤,1,15,2,1,0
GREEN,1.2,2.1,유해란,1,17,2,0,이재윤,1,17,2,0,0
GREEN,1.2,0.8,유해란,1,17,2,0,이재윤,1,18,2,0,0
GREEN,1.2,0.8,유해란,1,17,2,0,이재윤,2,3,2,0,0
GREEN,1.2,0.4,유해란,1,17,2,0,이재윤,2,4,2,1,0
GREEN,1.2,0.7,유해란,1,17,2,0,이재윤,2,5,2,0,0
GREEN,1.2,1.2,유해란,1,17,2,0,이재윤,2,6,2,0,0
GREEN,1.2,0.5,유해란,1,17,2,0,이재윤,2,7,2,0,0
GREEN,1.2,0.2,유해란,1,17,2,0,이재윤,2,8,2,0,0
GREEN,1.2,1.5,유해란,1,17,2,0,이재윤,2,9,2,0,0
GREEN,1.2,1.2,유해란,1,17,2,0,이재윤,2,10,2,0,0
GREEN,1.2,1.5,유해란,1,17,2,0,이재윤,2,11,2,1,0
GREEN,1.2,0.5,유해란,1,17,2,0,이재윤,2,12,2,0,0
GREEN,1.2,1.6,유해란,1,17,2,0,이재윤,2,13,2,-1,0
GREEN,1.2,1.5,유해란,1,17,2,0,이재윤,2,14,3,1,-1
GREEN,1.2,0.4,유해란,1,17,2,0,이재윤,2,14,2,1,0
GREEN,1.2,0.5,유해란,1,17,2,0,이재윤,2,15,2,1,0
GREEN,1.2,1.7,유해란,1,17,2,0,이재윤,2,16,2,0,0
GREEN,1.2,1.0,유해란,1,17,2,0,이재윤,2,17,2,0,0
GREEN,1.2,1.3,유해란,1,17,2,0,이재윤,2,18,2,0,0
GREEN,1.2,0.3,유해란,1,17,2,0,이재윤,3,1,2,1,0
GREEN,1.2,0.5,유해란,1,17,2,0,이재윤,3,2,2,0,0
GREEN,1.2,1.5,유해란,1,17,2,0,이재윤,3,4,2,0,0
GREEN,1.2,0.3,유해란,1,17,2,0,이재윤,3,5,2,0,0
GREEN,1.2,2.1,유해란,1,17,2,0,이재윤,3,6,3,0,-1
GREEN,1.2,0.4,유해란,1,17,2,0,이재윤,3,6,2,0,0
GREEN,1.2,0.5,유해란,1,17,2,0,이재윤,3,7,2,0,0
GREEN,1.2,0.3,유해란,1,17,2,0,이재윤,3,8,2,0,0
GREEN,1.2,1.2,유해란,1,17,2,0,이재윤,3,9,2,0,0
GREEN,1.2,1.3,유해란,1,17,2,0,이재윤,3,10,2,1,0
GREEN,1.2,0.5,유해란,1,17,2,0,이재윤,3,11,2,0,0
GREEN,1.2,0.3,유해란,1,17,2,0,이재윤,3,13,2,1,0
GREEN,1.2,0.2,유해란,1,17,2,0,이재윤,3,14,2,0,0
GREEN,1.2,1.4,유해란,1,17,2,0,이재윤,3,15,2,0,0
GREEN,1.2,1.3,유해란,1,17,2,0,이재윤,3,17,2,0,0
GREEN,1.2,0.5,유해란,1,17,2,0,이재윤,3,18,2,0,0
GREEN,1.2,0.9,유해란,1,17,2,0,이재윤,4,1,2,0,0
GREEN,1.2,0.3,유해란,1,17,2,0,이재윤,4,2,2,1,0
GREEN,1.2,0.3,유해란,1,17,2,0,이재윤,4,5,2,0,0
GREEN,1.2,0.4,유해란,1,17,2,0,이재윤,4,8,2,0,0
GREEN,1.2,0.3,유해란,1,17,2,0,이재윤,4,9,2,0,0
GREEN,1.2,2.0,유해란,1,17,2,0,이재윤,4,10,2,0,0
GREEN,1.2,1.7,유해란,1,17,2,0,이재윤,4,11,2,0,0
GREEN,1.2,0.4,유해란,1,17,2,0,이재윤,4,12,2,0,0
GREEN,1.2,0.5,유해란,1,17,2,0,이재윤,4,13,2,0,0
GREEN,1.2,1.5,유해란,1,17,2,0,이재윤,4,14,3,1,-1
GREEN,1.2,1.0,유해란,1,17,2,0,이재윤,4,14,2,1,0
GREEN,1.2,1.2,유해란,1,17,2,0,이재윤,4,15,2,0,0
GREEN,1.2,0.5,유해란,1,17,2,0,이재윤,4,16,2,0,0
GREEN,1.2,1.8,유해란,1,17,2,0,이재윤,4,17,2,0,0
GREEN,1.2,0.3,유해란,1,17,2,0,이재윤,4,18,2,0,0
GREEN,1.2,0.4,유해란,1,17,2,0,박서현,1,2,2,0,0
GREEN,1.2,1.0,유해란,1,17,2,0,박서현,1,3,2,2,0
GREEN,1.2,0.5,유해란,1,17,2,0,박서현,1,4,2,0,0
GREEN,1.2,0.5,유해란,1,17,2,0,박서현,1,5,2,0,0
GREEN,1.2,0.4,유해란,1,17,2,0,박서현,1,6,2,1,0
GREEN,1.2,0.5,유해란,1,17,2,0,박서현,1,7,2,0,0
GREEN,1.2,2.0,유해란,1,17,2,0,박서현,1,8,3,1,-1
GREEN,1.2,0.5,유해란,1,17,2,0,박서현,1,8,2,1,0
GREEN,1.2,0.6,유해란,1,17,2,0,박서현,1,9,2,0,0
GREEN,1.2,0.3,유해란,1,17,2,0,박서현,1,10,2,0,0
GREEN,1.2,0.4,유해란,1,17,2,0,박서현,1,11,2,0,0
GREEN,1.2,1.1,유해란,1,17,2,0,박서현,1,13,2,1,0
GREEN,1.2,0.3,유해란,1,17,2,0,박서현,1,14,2,0,0
GREEN,1.2,0.5,유해란,1,17,2,0,박서현,1,15,2,1,0
GREEN,1.2,0.5,유해란,1,17,2,0,박서현,1,17,2,0,0
GREEN,1.2,0.3,유해란,1,17,2,0,박서현,2,1,2,0,0
GREEN,1.2,0.5,유해란,1,17,2,0,박서현,2,2,2,0,0
GREEN,1.2,0.5,유해란,1,17,2,0,박서현,2,3,2,0,0
GREEN,1.2,0.3,유해란,1,17,2,0,박서현,2,4,2,1,0
GREEN,1.2,1.2,유해란,1,17,2,0,박서현,2,5,3,1,-1
GREEN,1.2,0.4,유해란,1,17,2,0,박서현,2,5,2,1,0
GREEN,1.2,0.4,유해란,1,17,2,0,박서현,2,7,2,0,0
GREEN,1.2,1.5,유해란,1,17,2,0,박서현,2,9,2,0,0
GREEN,1.2,0.2,유해란,1,17,2,0,박서현,2,10,2,0,0
GREEN,1.2,1.5,유해란,1,17,2,0,박서현,2,11,2,1,0
GREEN,1.2,1.3,유해란,1,17,2,0,박서현,2,12,3,2,-1
GREEN,1.2,0.9,유해란,1,17,2,0,박서현,2,12,2,2,0
GREEN,1.2,0.4,유해란,1,17,2,0,박서현,2,13,2,0,0
GREEN,1.2,1.0,유해란,1,17,2,0,박서현,2,14,2,1,0
GREEN,1.2,1.3,유해란,1,17,2,0,박서현,2,15,2,0,0
GREEN,1.2,0.2,유해란,1,17,2,0,박서현,2,17,2,0,0
GREEN,1.2,1.3,유해란,1,17,2,0,박서현,2,18,2,0,0
GREEN,1.2,1.3,유해란,1,17,2,0,박서현,3,1,2,0,0
GREEN,1.2,1.4,유해란,1,17,2,0,박서현,3,2,2,0,0
GREEN,1.2,0.4,유해란,1,17,2,0,박서현,3,3,2,1,0
GREEN,1.2,0.5,유해란,1,17,2,0,박서현,3,4,2,0,0
GREEN,1.2,1.2,유해란,1,17,2,0,박서현,3,5,2,0,0
GREEN,1.2,0.3,유해란,1,17,2,0,박서현,3,6,2,0,0
GREEN,1.2,0.5,유해란,1,17,2,0,박서현,3,7,2,0,0
GREEN,1.2,0.3,유해란,1,17,2,0,박서현,3,8,2,3,0
GREEN,1.2,0.2,유해란,1,17,2,0,박서현,3,9,2,2,0
GREEN,1.2,1.9,유해란,1,17,2,0,박서현,3,10,3,1,-1
GREEN,1.2,0.9,유해란,1,17,2,0,박서현,3,10,2,1,0
GREEN,1.2,1.0,유해란,1,17,2,0,박서현,3,11,2,0,0
GREEN,1.2,1.2,유해란,1,17,2,0,박서현,3,12,2,0,0
GREEN,1.2,1.3,유해란,1,17,2,0,박서현,3,13,3,1,-1
GREEN,1.2,1.0,유해란,1,17,2,0,박서현,3,13,2,1,0
GREEN,1.2,0.4,유해란,1,17,2,0,박서현,3,14,2,0,0
GREEN,1.2,1.4,유해란,1,17,2,0,박서현,3,15,2,1,0
GREEN,1.2,0.3,유해란,1,17,2,0,박서현,3,16,2,0,0
GREEN,1.2,1.9,유해란,1,17,2,0,박서현,3,17,2,0,0
GREEN,1.2,0.5,유해란,1,17,2,0,박서현,3,18,2,0,0
GREEN,1.2,1.1,유해란,1,17,2,0,박서현,4,1,2,0,0
GREEN,1.2,0.2,유해란,1,17,2,0,박서현,4,2,2,0,0
GREEN,1.2,0.5,유해란,1,17,2,0,박서현,4,3,2,1,0
GREEN,1.2,0.3,유해란,1,17,2,0,박서현,4,4,2,1,0
GREEN,1.2,0.3,유해란,1,17,2,0,박서현,4,5,2,0,0
GREEN,1.2,0.3,유해란,1,17,2,0,박서현,4,8,2,0,0
GREEN,1.2,1.7,유해란,1,17,2,0,박서현,4,9,3,2,-1
GREEN,1.2,0.4,유해란,1,17,2,0,박서현,4,9,2,2,0
GREEN,1.2,1.6,유해란,1,17,2,0,박서현,4,10,2,1,0
GREEN,1.2,0.4,유해란,1,17,2,0,박서현,4,11,2,0,0
GREEN,1.2,1.9,유해란,1,17,2,0,박서현,4,12,3,1,-1
GREEN,1.2,0.8,유해란,1,17,2,0,박서현,4,12,2,1,0
GREEN,1.2,1.6,유해란,1,17,2,0,박서현,4,14,3,1,-1
GREEN,1.2,0.2,유해란,1,17,2,0,박서현,4,14,2,1,0
GREEN,1.2,0.7,유해란,1,17,2,0,박서현,4,15,2,0,0
GREEN,1.2,1.3,유해란,1,17,2,0,박서현,4,16,2,0,0
GREEN,1.2,0.5,유해란,1,17,2,0,박서현,4,17,2,1,0
GREEN,1.2,1.3,유해란,1,17,2,0,박서현,4,18,2,1,0
FAIRWAY,121.1,120.1,유해란,1,18,4,0,이재윤,1,12,4,0,0
FAIRWAY,121.1,122.0,유해란,1,18,4,0,박서현,3,18,4,0,0
FRINGE,7.3,7.4,유해란,1,18,3,0,이재윤,2,9,3,0,0
FRINGE,7.3,7.8,유해란,1,18,3,0,박서현,2,5,4,1,-1
FRINGE,7.3,7.9,유해란,1,18,3,0,박서현,4,14,4,1,-1
GREEN,0.7,0.5,유해란,1,18,2,0,이재윤,1,1,2,0,0
GREEN,0.7,0.5,유해란,1,18,2,0,이재윤,1,2,2,0,0
GREEN,0.7,1.3,유해란,1,18,2,0,이재윤,1,3,2,0,0
GREEN,0.7,0.5,유해란,1,18,2,0,이재윤,1,4,2,1,0
GREEN,0.7,0.8,유해란,1,18,2,0,이재윤,1,5,2,0,0
GREEN,0.7,0.5,유해란,1,18,2,0,이재윤,1,6,2,0,0
GREEN,0.7,0.5,유해란,1,18,2,0,이재윤,1,7,2,0,0
GREEN,0.7,0.2,유해란,1,18,2,0,이재윤,1,8,2,0,0
GREEN,0.7,1.4,유해란,1,18,2,0,이재윤,1,9,2,1,0
GREEN,0.7,0.8,유해란,1,18,2,0,이재윤,1,10,2,0,0
GREEN,0.7,0.7,유해란,1,18,2,0,이재윤,1,11,2,1,0
GREEN,0.7,0.3,유해란,1,18,2,0,이재윤,1,12,2,0,0
GREEN,0.7,0.9,유해란,1,18,2,0,이재윤,1,13,2,0,0
GREEN,0.7,1.6,유해란,1,18,2,0,이재윤,1,14,3,0,-1
GREEN,0.7,0.3,유해란,1,18,2,0,이재윤,1,14,2,0,0
GREEN,0.7,1.1,유해란,1,18,2,0,이재윤,1,15,2,1,0
GREEN,0.7,0.8,유해란,1,18,2,0,이재윤,1,18,2,0,0
GREEN,0.7,0.8,유해란,1,18,2,0,이재윤,2,3,2,0,0
GREEN,0.7,0.4,유해란,1,18,2,0,이재윤,2,4,2,1,0
GREEN,0.7,0.7,유해란,1,18,2,0,이재윤,2,5,2,0,0
GREEN,0.7,1.2,유해란,1,18,2,0,이재윤,2,6,2,0,0
GREEN,0.7,0.5,유해란,1,18,2,0,이재윤,2,7,2,0,0
GREEN,0.7,0.2,유해란,1,18,2,0,이재윤,2,8,2,0,0
GREEN,0.7,1.5,유해란,1,18,2,0,이재윤,2,9,2,0,0
GREEN,0.7,1.2,유해란,1,18,2,0,이재윤,2,10,2,0,0
GREEN,0.7,1.5,유해란,1,18,2,0,이재윤,2,11,2,1,0
GREEN,0.7,0.5,유해란,1,18,2,0,이재윤,2,12,2,0,0
GREEN,0.7,1.6,유해란,1,18,2,0,이재윤,2,13,2,-1,0
GREEN,0.7,1.5,유해란,1,18,2,0,이재윤,2,14,3,1,-1
GREEN,0.7,0.4,유해란,1,18,2,0,이재윤,2,14,2,1,0
GREEN,0.7,0.5,유해란,1,18,2,0,이재윤,2,15,2,1,0
GREEN,0.7,1.7,유해란,1,18,2,0,이재윤,2,16,2,0,0
GREEN,0.7,1.0,유해란,1,18,2,0,이재윤,2,17,2,0,0
GREEN,0.7,1.3,유해란,1,18,2,0,이재윤,2,18,2,0,0
GREEN,0.7,0.3,유해란,1,18,2,0,이재윤,3,1,2,1,0
GREEN,0.7,0.5,유해란,1,18,2,0,이재윤,3,2,2,0,0
GREEN,0.7,1.5,유해란,1,18,2,0,이재윤,3,4,2,0,0
GREEN,0.7,0.3,유해란,1,18,2,0,이재윤,3,5,2,0,0
GREEN,0.7,0.4,유해란,1,18,2,0,이재윤,3,6,2,0,0
GREEN,0.7,0.5,유해란,1,18,2,0,이재윤,3,7,2,0,0
GREEN,0.7,0.3,유해란,1,18,2,0,이재윤,3,8,2,0,0
GREEN,0.7,1.2,유해란,1,18,2,0,이재윤,3,9,2,0,0
GREEN,0.7,1.3,유해란,1,18,2,0,이재윤,3,10,2,1,0
GREEN,0.7,0.5,유해란,1,18,2,0,이재윤,3,11,2,0,0
GREEN,0.7,0.3,유해란,1,18,2,0,이재윤,3,13,2,1,0
GREEN,0.7,0.2,유해란,1,18,2,0,이재윤,3,14,2,0,0
GREEN,0.7,1.4,유해란,1,18,2,0,이재윤,3,15,2,0,0
GREEN,0.7,1.3,유해란,1,18,2,0,이재윤,3,17,2,0,0
GREEN,0.7,0.5,유해란,1,18,2,0,이재윤,3,18,2,0,0
GREEN,0.7,0.9,유해란,1,18,2,0,이재윤,4,1,2,0,0
GREEN,0.7,0.3,유해란,1,18,2,0,이재윤,4,2,2,1,0
GREEN,0.7,0.3,유해란,1,18,2,0,이재윤,4,5,2,0,0
GREEN,0.7,0.4,유해란,1,18,2,0,이재윤,4,8,2,0,0
GREEN,0.7,0.3,유해란,1,18,2,0,이재윤,4,9,2,0,0
GREEN,0.7,1.7,유해란,1,18,2,0,이재윤,4,11,2,0,0
GREEN,0.7,0.4,유해란,1,18,2,0,이재윤,4,12,2,0,0
GREEN,0.7,0.5,유해란,1,18,2,0,이재윤,4,13,2,0,0
GREEN,0.7,1.5,유해란,1,18,2,0,이재윤,4,14,3,1,-1
GREEN,0.7,1.0,유해란,1,18,2,0,이재윤,4,14,2,1,0
GREEN,0.7,1.2,유해란,1,18,2,0,이재윤,4,15,2,0,0
GREEN,0.7,0.5,유해란,1,18,2,0,이재윤,4,16,2,0,0
GREEN,0.7,0.3,유해란,1,18,2,0,이재윤,4,18,2,0,0
GREEN,0.7,0.4,유해란,1,18,2,0,박서현,1,2,2,0,0
GREEN,0.7,1.0,유해란,1,18,2,0,박서현,1,3,2,2,0
GREEN,0.7,0.5,유해란,1,18,2,0,박서현,1,4,2,0,0
GREEN,0.7,0.5,유해란,1,18,2,0,박서현,1,5,2,0,0
GREEN,0.7,0.4,유해란,1,18,2,0,박서현,1,6,2,1,0
GREEN,0.7,0.5,유해란,1,18,2,0,박서현,1,7,2,0,0
GREEN,0.7,0.5,유해란,1,18,2,0,박서현,1,8,2,1,0
GREEN,0.7,0.6,유해란,1,18,2,0,박서현,1,9,2,0,0
GREEN,0.7,0.3,유해란,1,18,2,0,박서현,1,10,2,0,0
GREEN,0.7,0.4,유해란,1,18,2,0,박서현,1,11,2,0,0
GREEN,0.7,1.1,유해란,1,18,2,0,박서현,1,13,2,1,0
GREEN,0.7,0.3,유해란,1,18,2,0,박서현,1,14,2,0,0
GREEN,0.7,0.5,유해란,1,18,2,0,박서현,1,15,2,1,0
GREEN,0.7,0.5,유해란,1,18,2,0,박서현,1,17,2,0,0
GREEN,0.7,0.3,유해란,1,18,2,0,박서현,2,1,2,0,0
GREEN,0.7,0.5,유해란,1,18,2,0,박서현,2,2,2,0,0
GREEN,0.7,0.5,유해란,1,18,2,0,박서현,2,3,2,0,0
GREEN,0.7,0.3,유해란,1,18,2,0,박서현,2,4,2,1,0
GREEN,0.7,1.2,유해란,1,18,2,0,박서현,2,5,3,1,-1
GREEN,0.7,0.4,유해란,1,18,2,0,박서현,2,5,2,1,0
GREEN,0.7,0.4,유해란,1,18,2,0,박서현,2,7,2,0,0
GREEN,0.7,1.5,유해란,1,18,2,0,박서현,2,9,2,0,0
GREEN,0.7,0.2,유해란,1,18,2,0,박서현,2,10,2,0,0
GREEN,0.7,1.5,유해란,1,18,2,0,박서현,2,11,2,1,0
GREEN,0.7,1.3,유해란,1,18,2,0,박서현,2,12,3,2,-1
GREEN,0.7,0.9,유해란,1,18,2,0,박서현,2,12,2,2,0
GREEN,0.7,0.4,유해란,1,18,2,0,박서현,2,13,2,0,0
GREEN,0.7,1.0,유해란,1,18,2,0,박서현,2,14,2,1,0
GREEN,0.7,1.3,유해란,1,18,2,0,박서현,2,15,2,0,0
GREEN,0.7,0.2,유해란,1,18,2,0,박서현,2,17,2,0,0
GREEN,0.7,1.3,유해란,1,18,2,0,박서현,2,18,2,0,0
GREEN,0.7,1.3,유해란,1,18,2,0,박서현,3,1,2,0,0
GREEN,0.7,1.4,유해란,1,18,2,0,박서현,3,2,2,0,0
GREEN,0.7,0.4,유해란,1,18,2,0,박서현,3,3,2,1,0
GREEN,0.7,0.5,유해란,1,18,2,0,박서현,3,4,2,0,0
GREEN,0.7,1.2,유해란,1,18,2,0,박서현,3,5,2,0,0
GREEN,0.7,0.3,유해란,1,18,2,0,박서현,3,6,2,0,0
GREEN,0.7,0.5,유해란,1,18,2,0,박서현,3,7,2,0,0
GREEN,0.7,0.3,유해란,1,18,2,0,박서현,3,8,2,3,0
GREEN,0.7,0.2,유해란,1,18,2,0,박서현,3,9,2,2,0
GREEN,0.7,0.9,유해란,1,18,2,0,박서현,3,10,2,1,0
GREEN,0.7,1.0,유해란,1,18,2,0,박서현,3,11,2,0,0
GREEN,0.7,1.2,유해란,1,18,2,0,박서현,3,12,2,0,0
GREEN,0.7,1.3,유해란,1,18,2,0,박서현,3,13,3,1,-1
GREEN,0.7,1.0,유해란,1,18,2,0,박서현,3,13,2,1,0
GREEN,0.7,0.4,유해란,1,18,2,0,박서현,3,14,2,0,0
GREEN,0.7,1.4,유해란,1,18,2,0,박서현,3,15,2,1,0
GREEN,0.7,0.3,유해란,1,18,2,0,박서현,3,16,2,0,0
GREEN,0.7,0.5,유해란,1,18,2,0,박서현,3,18,2,0,0
GREEN,0.7,1.1,유해란,1,18,2,0,박서현,4,1,2,0,0
GREEN,0.7,0.2,유해란,1,18,2,0,박서현,4,2,2,0,0
GREEN,0.7,0.5,유해란,1,18,2,0,박서현,4,3,2,1,0
GREEN,0.7,0.3,유해란,1,18,2,0,박서현,4,4,2,1,0
GREEN,0.7,0.3,유해란,1,18,2,0,박서현,4,5,2,0,0
GREEN,0.7,0.3,유해란,1,18,2,0,박서현,4,8,2,0,0
GREEN,0.7,1.7,유해란,1,18,2,0,박서현,4,9,3,2,-1
GREEN,0.7,0.4,유해란,1,18,2,0,박서현,4,9,2,2,0
GREEN,0.7,1.6,유해란,1,18,2,0,박서현,4,10,2,1,0
GREEN,0.7,0.4,유해란,1,18,2,0,박서현,4,11,2,0,0
GREEN,0.7,0.8,유해란,1,18,2,0,박서현,4,12,2,1,0
GREEN,0.7,1.6,유해란,1,18,2,0,박서현,4,14,3,1,-1
GREEN,0.7,0.2,유해란,1,18,2,0,박서현,4,14,2,1,0
GREEN,0.7,0.7,유해란,1,18,2,0,박서현,4,15,2,0,0
GREEN,0.7,1.3,유해란,1,18,2,0,박서현,4,16,2,0,0
GREEN,0.7,0.5,유해란,1,18,2,0,박서현,4,17,2,1,0
GREEN,0.7,1.3,유해란,1,18,2,0,박서현,4,18,2,1,0
ROUGH,24.7,24.1,유해란,2,1,3,0,박서현,2,4,4,1,-1
GREEN,3.5,3.8,유해란,2,1,2,0,이재윤,1,4,3,1,-1
GREEN,3.5,3.1,유해란,2,1,2,0,이재윤,1,7,3,0,-1
GREEN,3.5,3.1,유해란,2,1,2,0,이재윤,1,11,3,1,-1
GREEN,3.5,3.9,유해란,2,1,2,0,이재윤,1,12,3,0,-1
GREEN,3.5,3.4,유해란,2,1,2,0,이재윤,1,15,3,1,-1
GREEN,3.5,2.8,유해란,2,1,2,0,이재윤,1,16,2,0,0
GREEN,3.5,3.0,유해란,2,1,2,0,이재윤,2,2,2,0,0
GREEN,3.5,3.1,유해란,2,1,2,0,이재윤,3,1,3,1,-1
GREEN,3.5,3.0,유해란,2,1,2,0,이재윤,3,3,2,0,0
GREEN,3.5,2.8,유해란,2,1,2,0,이재윤,3,7,3,0,-1
GREEN,3.5,2.6,유해란,2,1,2,0,이재윤,3,12,2,0,0
GREEN,3.5,3.0,유해란,2,1,2,0,이재윤,3,13,3,1,-1
GREEN,3.5,2.6,유해란,2,1,2,0,이재윤,4,4,2,0,0
GREEN,3.5,2.7,유해란,2,1,2,0,이재윤,4,6,2,-1,0
GREEN,3.5,2.8,유해란,2,1,2,0,이재윤,4,7,2,-1,0
GREEN,3.5,4.5,유해란,2,1,2,0,이재윤,4,11,3,0,-1
GREEN,3.5,4.2,유해란,2,1,2,0,이재윤,4,13,3,0,-1
GREEN,3.5,3.1,유해란,2,1,2,0,이재윤,4,18,3,0,-1
GREEN,3.5,3.4,유해란,2,1,2,0,박서현,1,3,3,2,-1
GREEN,3.5,3.5,유해란,2,1,2,0,박서현,1,11,3,0,-1
GREEN,3.5,4.3,유해란,2,1,2,0,박서현,1,14,3,0,-1
GREEN,3.5,2.7,유해란,2,1,2,0,박서현,1,16,2,-1,0
GREEN,3.5,3.3,유해란,2,1,2,0,박서현,2,8,2,0,0
GREEN,3.5,3.6,유해란,2,1,2,0,박서현,2,10,3,0,-1
GREEN,3.5,3.6,유해란,2,1,2,0,박서현,2,16,2,0,0
GREEN,3.5,4.3,유해란,2,1,2,0,박서현,3,9,3,2,-1
GREEN,3.5,2.7,유해란,2,1,2,0,박서현,3,15,3,1,-1
GREEN,3.5,2.8,유해란,2,1,2,0,박서현,4,3,3,1,-1
GREEN,3.5,3.7,유해란,2,1,2,0,박서현,4,4,3,1,-1
GREEN,3.5,3.8,유해란,2,1,2,0,박서현,4,6,2,0,0
GREEN,3.5,3.4,유해란,2,1,2,0,박서현,4,9,4,2,-2
GREEN,3.5,4.5,유해란,2,1,2,0,박서현,4,11,3,0,-1
GREEN,3.5,3.4,유해란,2,1,2,0,박서현,4,13,2,0,0
GREEN,3.5,3.8,유해란,2,2,2,-1,이재윤,1,4,3,1,-1
GREEN,3.5,3.1,유해란,2,2,2,-1,이재윤,1,7,3,0,-1
GREEN,3.5,3.1,유해란,2,2,2,-1,이재윤,1,11,3,1,-1
GREEN,3.5,3.9,유해란,2,2,2,-1,이재윤,1,12,3,0,-1
GREEN,3.5,3.4,유해란,2,2,2,-1,이재윤,1,15,3,1,-1
GREEN,3.5,2.8,유해란,2,2,2,-1,이재윤,1,16,2,0,0
GREEN,3.5,3.0,유해란,2,2,2,-1,이재윤,2,2,2,0,0
GREEN,3.5,3.1,유해란,2,2,2,-1,이재윤,3,1,3,1,-1
GREEN,3.5,3.0,유해란,2,2,2,-1,이재윤,3,3,2,0,0
GREEN,3.5,2.8,유해란,2,2,2,-1,이재윤,3,7,3,0,-1
GREEN,3.5,2.6,유해란,2,2,2,-1,이재윤,3,12,2,0,0
GREEN,3.5,3.0,유해란,2,2,2,-1,이재윤,3,13,3,1,-1
GREEN,3.5,2.6,유해란,2,2,2,-1,이재윤,4,4,2,0,0
GREEN,3.5,2.7,유해란,2,2,2,-1,이재윤,4,6,2,-1,0
GREEN,3.5,2.8,유해란,2,2,2,-1,이재윤,4,7,2,-1,0
GREEN,3.5,4.5,유해란,2,2,2,-1,이재윤,4,11,3,0,-1
GREEN,3.5,4.2,유해란,2,2,2,-1,이재윤,4,13,3,0,-1
GREEN,3.5,3.1,유해란,2,2,2,-1,이재윤,4,18,3,0,-1
GREEN,3.5,3.4,유해란,2,2,2,-1,박서현,1,3,3,2,-1
GREEN,3.5,3.5,유해란,2,2,2,-1,박서현,1,11,3,0,-1
GREEN,3.5,4.3,유해란,2,2,2,-1,박서현,1,14,3,0,-1
GREEN,3.5,2.7,유해란,2,2,2,-1,박서현,1,16,2,-1,0
GREEN,3.5,3.3,유해란,2,2,2,-1,박서현,2,8,2,0,0
GREEN,3.5,3.6,유해란,2,2,2,-1,박서현,2,10,3,0,-1
GREEN,3.5,3.6,유해란,2,2,2,-1,박서현,2,16,2,0,0
GREEN,3.5,4.3,유해란,2,2,2,-1,박서현,3,9,3,2,-1
GREEN,3.5,2.7,유해란,2,2,2,-1,박서현,3,15,3,1,-1
GREEN,3.5,2.8,유해란,2,2,2,-1,박서현,4,3,3,1,-1
GREEN,3.5,3.7,유해란,2,2,2,-1,박서현,4,4,3,1,-1
GREEN,3.5,3.8,유해란,2,2,2,-1,박서현,4,6,2,0,0
GREEN,3.5,3.4,유해란,2,2,2,-1,박서현,4,9,4,2,-2
GREEN,3.5,4.5,유해란,2,2,2,-1,박서현,4,11,3,0,-1
GREEN,3.5,3.4,유해란,2,2,2,-1,박서현,4,13,2,0,0
FRINGE,19.8,20.6,유해란,2,3,4,1,박서현,1,9,3,0,1
GREEN,0.9,0.5,유해란,2,3,3,1,이재윤,1,1,2,0,1
GREEN,0.9,0.5,유해란,2,3,3,1,이재윤,1,2,2,0,1
GREEN,0.9,1.3,유해란,2,3,3,1,이재윤,1,3,2,0,1
GREEN,0.9,0.5,유해란,2,3,3,1,이재윤,1,4,2,1,1
GREEN,0.9,0.8,유해란,2,3,3,1,이재윤,1,5,2,0,1
GREEN,0.9,0.5,유해란,2,3,3,1,이재윤,1,6,2,0,1
GREEN,0.9,0.5,유해란,2,3,3,1,이재윤,1,7,2,0,1
GREEN,0.9,0.2,유해란,2,3,3,1,이재윤,1,8,2,0,1
GREEN,0.9,1.4,유해란,2,3,3,1,이재윤,1,9,2,1,1
GREEN,0.9,0.8,유해란,2,3,3,1,이재윤,1,10,2,0,1
GREEN,0.9,0.7,유해란,2,3,3,1,이재윤,1,11,2,1,1
GREEN,0.9,0.3,유해란,2,3,3,1,이재윤,1,12,2,0,1
GREEN,0.9,0.9,유해란,2,3,3,1,이재윤,1,13,2,0,1
GREEN,0.9,1.6,유해란,2,3,3,1,이재윤,1,14,3,0,0
GREEN,0.9,0.3,유해란,2,3,3,1,이재윤,1,14,2,0,1
GREEN,0.9,1.1,유해란,2,3,3,1,이재윤,1,15,2,1,1
GREEN,0.9,0.8,유해란,2,3,3,1,이재윤,1,18,2,0,1
GREEN,0.9,0.8,유해란,2,3,3,1,이재윤,2,3,2,0,1
GREEN,0.9,0.4,유해란,2,3,3,1,이재윤,2,4,2,1,1
GREEN,0.9,0.7,유해란,2,3,3,1,이재윤,2,5,2,0,1
GREEN,0.9,1.2,유해란,2,3,3,1,이재윤,2,6,2,0,1
GREEN,0.9,0.5,유해란,2,3,3,1,이재윤,2,7,2,0,1
GREEN,0.9,0.2,유해란,2,3,3,1,이재윤,2,8,2,0,1
GREEN,0.9,1.5,유해란,2,3,3,1,이재윤,2,9,2,0,1
GREEN,0.9,1.2,유해란,2,3,3,1,이재윤,2,10,2,0,1
GREEN,0.9,1.5,유해란,2,3,3,1,이재윤,2,11,2,1,1
GREEN,0.9,0.5,유해란,2,3,3,1,이재윤,2,12,2,0,1
GREEN,0.9,1.6,유해란,2,3,3,1,이재윤,2,13,2,-1,1
GREEN,0.9,1.5,유해란,2,3,3,1,이재윤,2,14,3,1,0
GREEN,0.9,0.4,유해란,2,3,3,1,이재윤,2,14,2,1,1
GREEN,0.9,0.5,유해란,2,3,3,1,이재윤,2,15,2,1,1
GREEN,0.9,1.7,유해란,2,3,3,1,이재윤,2,16,2,0,1
GREEN,0.9,1.0,유해란,2,3,3,1,이재윤,2,17,2,0,1
GREEN,0.9,1.3,유해란,2,3,3,1,이재윤,2,18,2,0,1
GREEN,0.9,0.3,유해란,2,3,3,1,이재윤,3,1,2,1,1
GREEN,0.9,0.5,유해란,2,3,3,1,이재윤,3,2,2,0,1
GREEN,0.9,1.5,유해란,2,3,3,1,이재윤,3,4,2,0,1
GREEN,0.9,0.3,유해란,2,3,3,1,이재윤,3,5,2,0,1
GREEN,0.9,0.4,유해란,2,3,3,1,이재윤,3,6,2,0,1
GREEN,0.9,0.5,유해란,2,3,3,1,이재윤,3,7,2,0,1
GREEN,0.9,0.3,유해란,2,3,3,1,이재윤,3,8,2,0,1
GREEN,0.9,1.2,유해란,2,3,3,1,이재윤,3,9,2,0,1
GREEN,0.9,1.3,유해란,2,3,3,1,이재윤,3,10,2,1,1
GREEN,0.9,0.5,유해란,2,3,3,1,이재윤,3,11,2,0,1
GREEN,0.9,0.3,유해란,2,3,3,1,이재윤,3,13,2,1,1
GREEN,0.9,0.2,유해란,2,3,3,1,이재윤,3,14,2,0,1
GREEN,0.9,1.4,유해란,2,3,3,1,이재윤,3,15,2,0,1
GREEN,0.9,1.3,유해란,2,3,3,1,이재윤,3,17,2,0,1
GREEN,0.9,0.5,유해란,2,3,3,1,이재윤,3,18,2,0,1
GREEN,0.9,0.9,유해란,2,3,3,1,이재윤,4,1,2,0,1
GREEN,0.9,0.3,유해란,2,3,3,1,이재윤,4,2,2,1,1
GREEN,0.9,0.3,유해란,2,3,3,1,이재윤,4,5,2,0,1
GREEN,0.9,0.4,유해란,2,3,3,1,이재윤,4,8,2,0,1
GREEN,0.9,0.3,유해란,2,3,3,1,이재윤,4,9,2,0,1
GREEN,0.9,1.7,유해란,2,3,3,1,이재윤,4,11,2,0,1
GREEN,0.9,0.4,유해란,2,3,3,1,이재윤,4,12,2,0,1
GREEN,0.9,0.5,유해란,2,3,3,1,이재윤,4,13,2,0,1
GREEN,0.9,1.5,유해란,2,3,3,1,이재윤,4,14,3,1,0
GREEN,0.9,1.0,유해란,2,3,3,1,이재윤,4,14,2,1,1
GREEN,0.9,1.2,유해란,2,3,3,1,이재윤,4,15,2,0,1
GREEN,0.9,0.5,유해란,2,3,3,1,이재윤,4,16,2,0,1
GREEN,0.9,1.8,유해란,2,3,3,1,이재윤,4,17,2,0,1
GREEN,0.9,0.3,유해란,2,3,3,1,이재윤,4,18,2,0,1
GREEN,0.9,0.4,유해란,2,3,3,1,박서현,1,2,2,0,1
GREEN,0.9,1.0,유해란,2,3,3,1,박서현,1,3,2,2,1
GREEN,0.9,0.5,유해란,2,3,3,1,박서현,1,4,2,0,1
GREEN,0.9,0.5,유해란,2,3,3,1,박서현,1,5,2,0,1
GREEN,0.9,0.4,유해란,2,3,3,1,박서현,1,6,2,1,1
GREEN,0.9,0.5,유해란,2,3,3,1,박서현,1,7,2,0,1
GREEN,0.9,0.5,유해란,2,3,3,1,박서현,1,8,2,1,1
GREEN,0.9,0.6,유해란,2,3,3,1,박서현,1,9,2,0,1
GREEN,0.9,0.3,유해란,2,3,3,1,박서현,1,10,2,0,1
GREEN,0.9,0.4,유해란,2,3,3,1,박서현,1,11,2,0,1
GREEN,0.9,1.1,유해란,2,3,3,1,박서현,1,13,2,1,1
GREEN,0.9,0.3,유해란,2,3,3,1,박서현,1,14,2,0,1
GREEN,0.9,0.5,유해란,2,3,3,1,박서현,1,15,2,1,1
GREEN,0.9,0.5,유해란,2,3,3,1,박서현,1,17,2,0,1
GREEN,0.9,0.3,유해란,2,3,3,1,박서현,2,1,2,0,1
GREEN,0.9,0.5,유해란,2,3,3,1,박서현,2,2,2,0,1
GREEN,0.9,0.5,유해란,2,3,3,1,박서현,2,3,2,0,1
GREEN,0.9,0.3,유해란,2,3,3,1,박서현,2,4,2,1,1
GREEN,0.9,1.2,유해란,2,3,3,1,박서현,2,5,3,1,0
GREEN,0.9,0.4,유해란,2,3,3,1,박서현,2,5,2,1,1
GREEN,0.9,0.4,유해란,2,3,3,1,박서현,2,7,2,0,1
GREEN,0.9,1.5,유해란,2,3,3,1,박서현,2,9,2,0,1
GREEN,0.9,0.2,유해란,2,3,3,1,박서현,2,10,2,0,1
GREEN,0.9,1.5,유해란,2,3,3,1,박서현,2,11,2,1,1
GREEN,0.9,1.3,유해란,2,3,3,1,박서현,2,12,3,2,0
GREEN,0.9,0.9,유해란,2,3,3,1,박서현,2,12,2,2,1
GREEN,0.9,0.4,유해란,2,3,3,1,박서현,2,13,2,0,1
GREEN,0.9,1.0,유해란,2,3,3,1,박서현,2,14,2,1,1
GREEN,0.9,1.3,유해란,2,3,3,1,박서현,2,15,2,0,1
GREEN,0.9,0.2,유해란,2,3,3,1,박서현,2,17,2,0,1
GREEN,0.9,1.3,유해란,2,3,3,1,박서현,2,18,2,0,1
GREEN,0.9,1.3,유해란,2,3,3,1,박서현,3,1,2,0,1
GREEN,0.9,1.4,유해란,2,3,3,1,박서현,3,2,2,0,1
GREEN,0.9,0.4,유해란,2,3,3,1,박서현,3,3,2,1,1
GREEN,0.9,0.5,유해란,2,3,3,1,박서현,3,4,2,0,1
GREEN,0.9,1.2,유해란,2,3,3,1,박서현,3,5,2,0,1
GREEN,0.9,0.3,유해란,2,3,3,1,박서현,3,6,2,0,1
GREEN,0.9,0.5,유해란,2,3,3,1,박서현,3,7,2,0,1
GREEN,0.9,0.3,유해란,2,3,3,1,박서현,3,8,2,3,1
GREEN,0.9,0.2,유해란,2,3,3,1,박서현,3,9,2,2,1
GREEN,0.9,1.9,유해란,2,3,3,1,박서현,3,10,3,1,0
GREEN,0.9,0.9,유해란,2,3,3,1,박서현,3,10,2,1,1
GREEN,0.9,1.0,유해란,2,3,3,1,박서현,3,11,2,0,1
GREEN,0.9,1.2,유해란,2,3,3,1,박서현,3,12,2,0,1
GREEN,0.9,1.3,유해란,2,3,3,1,박서현,3,13,3,1,0
GREEN,0.9,1.0,유해란,2,3,3,1,박서현,3,13,2,1,1
GREEN,0.9,0.4,유해란,2,3,3,1,박서현,3,14,2,0,1
GREEN,0.9,1.4,유해란,2,3,3,1,박서현,3,15,2,1,1
GREEN,0.9,0.3,유해란,2,3,3,1,박서현,3,16,2,0,1
GREEN,0.9,1.9,유해란,2,3,3,1,박서현,3,17,2,0,1
GREEN,0.9,0.5,유해란,2,3,3,1,박서현,3,18,2,0,1
GREEN,0.9,1.1,유해란,2,3,3,1,박서현,4,1,2,0,1
GREEN,0.9,0.2,유해란,2,3,3,1,박서현,4,2,2,0,1
GREEN,0.9,0.5,유해란,2,3,3,1,박서현,4,3,2,1,1
GREEN,0.9,0.3,유해란,2,3,3,1,박서현,4,4,2,1,1
GREEN,0.9,0.3,유해란,2,3,3,1,박서현,4,5,2,0,1
GREEN,0.9,0.3,유해란,2,3,3,1,박서현,4,8,2,0,1
GREEN,0.9,1.7,유해란,2,3,3,1,박서현,4,9,3,2,0
GREEN,0.9,0.4,유해란,2,3,3,1,박서현,4,9,2,2,1
GREEN,0.9,1.6,유해란,2,3,3,1,박서현,4,10,2,1,1
GREEN,0.9,0.4,유해란,2,3,3,1,박서현,4,11,2,0,1
GREEN,0.9,1.9,유해란,2,3,3,1,박서현,4,12,3,1,0
GREEN,0.9,0.8,유해란,2,3,3,1,박서현,4,12,2,1,1
GREEN,0.9,1.6,유해란,2,3,3,1,박서현,4,14,3,1,0
GREEN,0.9,0.2,유해란,2,3,3,1,박서현,4,14,2,1,1
GREEN,0.9,0.7,유해란,2,3,3,1,박서현,4,15,2,0,1
GREEN,0.9,1.3,유해란,2,3,3,1,박서현,4,16,2,0,1
GREEN,0.9,0.5,유해란,2,3,3,1,박서현,4,17,2,1,1
GREEN,0.9,1.3,유해란,2,3,3,1,박서현,4,18,2,1,1
GREEN,0.4,0.5,유해란,2,3,2,1,이재윤,1,1,2,0,0
GREEN,0.4,0.5,유해란,2,3,2,1,이재윤,1,2,2,0,0
GREEN,0.4,1.3,유해란,2,3,2,1,이재윤,1,3,2,0,0
GREEN,0.4,0.5,유해란,2,3,2,1,이재윤,1,4,2,1,0
GREEN,0.4,0.8,유해란,2,3,2,1,이재윤,1,5,2,0,0
GREEN,0.4,0.5,유해란,2,3,2,1,이재윤,1,6,2,0,0
GREEN,0.4,0.5,유해란,2,3,2,1,이재윤,1,7,2,0,0
GREEN,0.4,0.2,유해란,2,3,2,1,이재윤,1,8,2,0,0
GREEN,0.4,1.4,유해란,2,3,2,1,이재윤,1,9,2,1,0
GREEN,0.4,0.8,유해란,2,3,2,1,이재윤,1,10,2,0,0
GREEN,0.4,0.7,유해란,2,3,2,1,이재윤,1,11,2,1,0
GREEN,0.4,0.3,유해란,2,3,2,1,이재윤,1,12,2,0,0
GREEN,0.4,0.9,유해란,2,3,2,1,이재윤,1,13,2,0,0
GREEN,0.4,0.3,유해란,2,3,2,1,이재윤,1,14,2,0,0
GREEN,0.4,1.1,유해란,2,3,2,1,이재윤,1,15,2,1,0
GREEN,0.4,0.8,유해란,2,3,2,1,이재윤,1,18,2,0,0
GREEN,0.4,0.8,유해란,2,3,2,1,이재윤,2,3,2,0,0
GREEN,0.4,0.4,유해란,2,3,2,1,이재윤,2,4,2,1,0
GREEN,0.4,0.7,유해란,2,3,2,1,이재윤,2,5,2,0,0
GREEN,0.4,1.2,유해란,2,3,2,1,이재윤,2,6,2,0,0
GREEN,0.4,0.5,유해란,2,3,2,1,이재윤,2,7,2,0,0
GREEN,0.4,0.2,유해란,2,3,2,1,이재윤,2,8,2,0,0
GREEN,0.4,1.2,유해란,2,3,2,1,이재윤,2,10,2,0,0
GREEN,0.4,0.5,유해란,2,3,2,1,이재윤,2,12,2,0,0
GREEN,0.4,0.4,유해란,2,3,2,1,이재윤,2,14,2,1,0
GREEN,0.4,0.5,유해란,2,3,2,1,이재윤,2,15,2,1,0
GREEN,0.4,1.0,유해란,2,3,2,1,이재윤,2,17,2,0,0
GREEN,0.4,1.3,유해란,2,3,2,1,이재윤,2,18,2,0,0
GREEN,0.4,0.3,유해란,2,3,2,1,이재윤,3,1,2,1,0
GREEN,0.4,0.5,유해란,2,3,2,1,이재윤,3,2,2,0,0
GREEN,0.4,0.3,유해란,2,3,2,1,이재윤,3,5,2,0,0
GREEN,0.4,0.4,유해란,2,3,2,1,이재윤,3,6,2,0,0
GREEN,0.4,0.5,유해란,2,3,2,1,이재윤,3,7,2,0,0
GREEN,0.4,0.3,유해란,2,3,2,1,이재윤,3,8,2,0,0
GREEN,0.4,1.2,유해란,2,3,2,1,이재윤,3,9,2,0,0
GREEN,0.4,1.3,유해란,2,3,2,1,이재윤,3,10,2,1,0
GREEN,0.4,0.5,유해란,2,3,2,1,이재윤,3,11,2,0,0
GREEN,0.4,0.3,유해란,2,3,2,1,이재윤,3,13,2,1,0
GREEN,0.4,0.2,유해란,2,3,2,1,이재윤,3,14,2,0,0
GREEN,0.4,1.4,유해란,2,3,2,1,이재윤,3,15,2,0,0
GREEN,0.4,1.3,유해란,2,3,2,1,이재윤,3,17,2,0,0
GREEN,0.4,0.5,유해란,2,3,2,1,이재윤,3,18,2,0,0
GREEN,0.4,0.9,유해란,2,3,2,1,이재윤,4,1,2,0,0
GREEN,0.4,0.3,유해란,2,3,2,1,이재윤,4,2,2,1,0
GREEN,0.4,0.3,유해란,2,3,2,1,이재윤,4,5,2,0,0
GREEN,0.4,0.4,유해란,2,3,2,1,이재윤,4,8,2,0,0
GREEN,0.4,0.3,유해란,2,3,2,1,이재윤,4,9,2,0,0
GREEN,0.4,0.4,유해란,2,3,2,1,이재윤,4,12,2,0,0
GREEN,0.4,0.5,유해란,2,3,2,1,이재윤,4,13,2,0,0
GREEN,0.4,1.0,유해란,2,3,2,1,이재윤,4,14,2,1,0
GREEN,0.4,1.2,유해란,2,3,2,1,이재윤,4,15,2,0,0
GREEN,0.4,0.5,유해란,2,3,2,1,이재윤,4,16,2,0,0
GREEN,0.4,0.3,유해란,2,3,2,1,이재윤,4,18,2,0,0
GREEN,0.4,0.4,유해란,2,3,2,1,박서현,1,2,2,0,0
GREEN,0.4,1.0,유해란,2,3,2,1,박서현,1,3,2,2,0
GREEN,0.4,0.5,유해란,2,3,2,1,박서현,1,4,2,0,0
GREEN,0.4,0.5,유해란,2,3,2,1,박서현,1,5,2,0,0
GREEN,0.4,0.4,유해란,2,3,2,1,박서현,1,6,2,1,0
GREEN,0.4,0.5,유해란,2,3,2,1,박서현,1,7,2,0,0
GREEN,0.4,0.5,유해란,2,3,2,1,박서현,1,8,2,1,0
GREEN,0.4,0.6,유해란,2,3,2,1,박서현,1,9,2,0,0
GREEN,0.4,0.3,유해란,2,3,2,1,박서현,1,10,2,0,0
GREEN,0.4,0.4,유해란,2,3,2,1,박서현,1,11,2,0,0
GREEN,0.4,1.1,유해란,2,3,2,1,박서현,1,13,2,1,0
GREEN,0.4,0.3,유해란,2,3,2,1,박서현,1,14,2,0,0
GREEN,0.4,0.5,유해란,2,3,2,1,박서현,1,15,2,1,0
GREEN,0.4,0.5,유해란,2,3,2,1,박서현,1,17,2,0,0
GREEN,0.4,0.3,유해란,2,3,2,1,박서현,2,1,2,0,0
GREEN,0.4,0.5,유해란,2,3,2,1,박서현,2,2,2,0,0
GREEN,0.4,0.5,유해란,2,3,2,1,박서현,2,3,2,0,0
GREEN,0.4,0.3,유해란,2,3,2,1,박서현,2,4,2,1,0
GREEN,0.4,1.2,유해란,2,3,2,1,박서현,2,5,3,1,-1
GREEN,0.4,0.4,유해란,2,3,2,1,박서현,2,5,2,1,0
GREEN,0.4,0.4,유해란,2,3,2,1,박서현,2,7,2,0,0
GREEN,0.4,0.2,유해란,2,3,2,1,박서현,2,10,2,0,0
GREEN,0.4,1.3,유해란,2,3,2,1,박서현,2,12,3,2,-1
GREEN,0.4,0.9,유해란,2,3,2,1,박서현,2,12,2,2,0
GREEN,0.4,0.4,유해란,2,3,2,1,박서현,2,13,2,0,0
GREEN,0.4,1.0,유해란,2,3,2,1,박서현,2,14,2,1,0
GREEN,0.4,1.3,유해란,2,3,2,1,박서현,2,15,2,0,0
GREEN,0.4,0.2,유해란,2,3,2,1,박서현,2,17,2,0,0
GREEN,0.4,1.3,유해란,2,3,2,1,박서현,2,18,2,0,0
GREEN,0.4,1.3,유해란,2,3,2,1,박서현,3,1,2,0,0
GREEN,0.4,1.4,유해란,2,3,2,1,박서현,3,2,2,0,0
GREEN,0.4,0.4,유해란,2,3,2,1,박서현,3,3,2,1,0
GREEN,0.4,0.5,유해란,2,3,2,1,박서현,3,4,2,0,0
GREEN,0.4,1.2,유해란,2,3,2,1,박서현,3,5,2,0,0
GREEN,0.4,0.3,유해란,2,3,2,1,박서현,3,6,2,0,0
GREEN,0.4,0.5,유해란,2,3,2,1,박서현,3,7,2,0,0
GREEN,0.4,0.3,유해란,2,3,2,1,박서현,3,8,2,3,0
GREEN,0.4,0.2,유해란,2,3,2,1,박서현,3,9,2,2,0
GREEN,0.4,0.9,유해란,2,3,2,1,박서현,3,10,2,1,0
GREEN,0.4,1.0,유해란,2,3,2,1,박서현,3,11,2,0,0
GREEN,0.4,1.2,유해란,2,3,2,1,박서현,3,12,2,0,0
GREEN,0.4,1.3,유해란,2,3,2,1,박서현,3,13,3,1,-1
GREEN,0.4,1.0,유해란,2,3,2,1,박서현,3,13,2,1,0
GREEN,0.4,0.4,유해란,2,3,2,1,박서현,3,14,2,0,0
GREEN,0.4,1.4,유해란,2,3,2,1,박서현,3,15,2,1,0
GREEN,0.4,0.3,유해란,2,3,2,1,박서현,3,16,2,0,0
GREEN,0.4,0.5,유해란,2,3,2,1,박서현,3,18,2,0,0
GREEN,0.4,1.1,유해란,2,3,2,1,박서현,4,1,2,0,0
GREEN,0.4,0.2,유해란,2,3,2,1,박서현,4,2,2,0,0
GREEN,0.4,0.5,유해란,2,3,2,1,박서현,4,3,2,1,0
GREEN,0.4,0.3,유해란,2,3,2,1,박서현,4,4,2,1,0
GREEN,0.4,0.3,유해란,2,3,2,1,박서현,4,5,2,0,0
GREEN,0.4,0.3,유해란,2,3,2,1,박서현,4,8,2,0,0
GREEN,0.4,0.4,유해란,2,3,2,1,박서현,4,9,2,2,0
GREEN,0.4,0.4,유해란,2,3,2,1,박서현,4,11,2,0,0
GREEN,0.4,0.8,유해란,2,3,2,1,박서현,4,12,2,1,0
GREEN,0.4,0.2,유해란,2,3,2,1,박서현,4,14,2,1,0
GREEN,0.4,0.7,유해란,2,3,2,1,박서현,4,15,2,0,0
GREEN,0.4,1.3,유해란,2,3,2,1,박서현,4,16,2,0,0
GREEN,0.4,0.5,유해란,2,3,2,1,박서현,4,17,2,1,0
GREEN,0.4,1.3,유해란,2,3,2,1,박서현,4,18,2,1,0
FAIRWAY,286.3,285.8,유해란,2,4,5,0,이재윤,1,4,6,1,-1
GREEN,11.6,11.7,유해란,2,4,3,0,이재윤,2,3,3,0,0
GREEN,11.6,11.1,유해란,2,4,3,0,이재윤,3,17,3,0,0
GREEN,11.6,11.8,유해란,2,4,3,0,이재윤,4,4,3,0,0
GREEN,11.6,12.2,유해란,2,4,3,0,박서현,2,18,3,0,0
GREEN,11.6,12.5,유해란,2,4,3,0,박서현,3,3,3,1,0
GREEN,11.6,11.4,유해란,2,4,3,0,박서현,4,16,3,0,0
GREEN,1.2,0.5,유해란,2,4,2,0,이재윤,1,1,2,0,0
GREEN,1.2,0.5,유해란,2,4,2,0,이재윤,1,2,2,0,0
GREEN,1.2,1.3,유해란,2,4,2,0,이재윤,1,3,2,0,0
GREEN,1.2,0.5,유해란,2,4,2,0,이재윤,1,4,2,1,0
GREEN,1.2,0.8,유해란,2,4,2,0,이재윤,1,5,2,0,0
GREEN,1.2,0.5,유해란,2,4,2,0,이재윤,1,6,2,0,0
GREEN,1.2,0.5,유해란,2,4,2,0,이재윤,1,7,2,0,0
GREEN,1.2,0.2,유해란,2,4,2,0,이재윤,1,8,2,0,0
GREEN,1.2,1.4,유해란,2,4,2,0,이재윤,1,9,2,1,0
GREEN,1.2,0.8,유해란,2,4,2,0,이재윤,1,10,2,0,0
GREEN,1.2,0.7,유해란,2,4,2,0,이재윤,1,11,2,1,0
GREEN,1.2,0.3,유해란,2,4,2,0,이재윤,1,12,2,0,0
GREEN,1.2,0.9,유해란,2,4,2,0,이재윤,1,13,2,0,0
GREEN,1.2,1.6,유해란,2,4,2,0,이재윤,1,14,3,0,-1
GREEN,1.2,0.3,유해란,2,4,2,0,이재윤,1,14,2,0,0
GREEN,1.2,1.1,유해란,2,4,2,0,이재윤,1,15,2,1,0
GREEN,1.2,2.1,유해란,2,4,2,0,이재윤,1,17,2,0,0
GREEN,1.2,0.8,유해란,2,4,2,0,이재윤,1,18,2,0,0
GREEN,1.2,0.8,유해란,2,4,2,0,이재윤,2,3,2,0,0
GREEN,1.2,0.4,유해란,2,4,2,0,이재윤,2,4,2,1,0
GREEN,1.2,0.7,유해란,2,4,2,0,이재윤,2,5,2,0,0
GREEN,1.2,1.2,유해란,2,4,2,0,이재윤,2,6,2,0,0
GREEN,1.2,0.5,유해란,2,4,2,0,이재윤,2,7,2,0,0
GREEN,1.2,0.2,유해란,2,4,2,0,이재윤,2,8,2,0,0
GREEN,1.2,1.5,유해란,2,4,2,0,이재윤,2,9,2,0,0
GREEN,1.2,1.2,유해란,2,4,2,0,이재윤,2,10,2,0,0
GREEN,1.2,1.5,유해란,2,4,2,0,이재윤,2,11,2,1,0
GREEN,1.2,0.5,유해란,2,4,2,0,이재윤,2,12,2,0,0
GREEN,1.2,1.6,유해란,2,4,2,0,이재윤,2,13,2,-1,0
GREEN,1.2,1.5,유해란,2,4,2,0,이재윤,2,14,3,1,-1
GREEN,1.2,0.4,유해란,2,4,2,0,이재윤,2,14,2,1,0
GREEN,1.2,0.5,유해란,2,4,2,0,이재윤,2,15,2,1,0
GREEN,1.2,1.7,유해란,2,4,2,0,이재윤,2,16,2,0,0
GREEN,1.2,1.0,유해란,2,4,2,0,이재윤,2,17,2,0,0
GREEN,1.2,1.3,유해란,2,4,2,0,이재윤,2,18,2,0,0
GREEN,1.2,0.3,유해란,2,4,2,0,이재윤,3,1,2,1,0
GREEN,1.2,0.5,유해란,2,4,2,0,이재윤,3,2,2,0,0
GREEN,1.2,1.5,유해란,2,4,2,0,이재윤,3,4,2,0,0
GREEN,1.2,0.3,유해란,2,4,2,0,이재윤,3,5,2,0,0
GREEN,1.2,2.1,유해란,2,4,2,0,이재윤,3,6,3,0,-1
GREEN,1.2,0.4,유해란,2,4,2,0,이재윤,3,6,2,0,0
GREEN,1.2,0.5,유해란,2,4,2,0,이재윤,3,7,2,0,0
GREEN,1.2,0.3,유해란,2,4,2,0,이재윤,3,8,2,0,0
GREEN,1.2,1.2,유해란,2,4,2,0,이재윤,3,9,2,0,0
GREEN,1.2,1.3,유해란,2,4,2,0,이재윤,3,10,2,1,0
GREEN,1.2,0.5,유해란,2,4,2,0,이재윤,3,11,2,0,0
GREEN,1.2,0.3,유해란,2,4,2,0,이재윤,3,13,2,1,0
GREEN,1.2,0.2,유해란,2,4,2,0,이재윤,3,14,2,0,0
GREEN,1.2,1.4,유해란,2,4,2,0,이재윤,3,15,2,0,0
GREEN,1.2,1.3,유해란,2,4,2,0,이재윤,3,17,2,0,0
GREEN,1.2,0.5,유해란,2,4,2,0,이재윤,3,18,2,0,0
GREEN,1.2,0.9,유해란,2,4,2,0,이재윤,4,1,2,0,0
GREEN,1.2,0.3,유해란,2,4,2,0,이재윤,4,2,2,1,0
GREEN,1.2,0.3,유해란,2,4,2,0,이재윤,4,5,2,0,0
GREEN,1.2,0.4,유해란,2,4,2,0,이재윤,4,8,2,0,0
GREEN,1.2,0.3,유해란,2,4,2,0,이재윤,4,9,2,0,0
GREEN,1.2,2.0,유해란,2,4,2,0,이재윤,4,10,2,0,0
GREEN,1.2,1.7,유해란,2,4,2,0,이재윤,4,11,2,0,0
GREEN,1.2,0.4,유해란,2,4,2,0,이재윤,4,12,2,0,0
GREEN,1.2,0.5,유해란,2,4,2,0,이재윤,4,13,2,0,0
GREEN,1.2,1.5,유해란,2,4,2,0,이재윤,4,14,3,1,-1
GREEN,1.2,1.0,유해란,2,4,2,0,이재윤,4,14,2,1,0
GREEN,1.2,1.2,유해란,2,4,2,0,이재윤,4,15,2,0,0
GREEN,1.2,0.5,유해란,2,4,2,0,이재윤,4,16,2,0,0
GREEN,1.2,1.8,유해란,2,4,2,0,이재윤,4,17,2,0,0
GREEN,1.2,0.3,유해란,2,4,2,0,이재윤,4,18,2,0,0
GREEN,1.2,0.4,유해란,2,4,2,0,박서현,1,2,2,0,0
GREEN,1.2,1.0,유해란,2,4,2,0,박서현,1,3,2,2,0
GREEN,1.2,0.5,유해란,2,4,2,0,박서현,1,4,2,0,0
GREEN,1.2,0.5,유해란,2,4,2,0,박서현,1,5,2,0,0
GREEN,1.2,0.4,유해란,2,4,2,0,박서현,1,6,2,1,0
GREEN,1.2,0.5,유해란,2,4,2,0,박서현,1,7,2,0,0
GREEN,1.2,2.0,유해란,2,4,2,0,박서현,1,8,3,1,-1
GREEN,1.2,0.5,유해란,2,4,2,0,박서현,1,8,2,1,0
GREEN,1.2,0.6,유해란,2,4,2,0,박서현,1,9,2,0,0
GREEN,1.2,0.3,유해란,2,4,2,0,박서현,1,10,2,0,0
GREEN,1.2,0.4,유해란,2,4,2,0,박서현,1,11,2,0,0
GREEN,1.2,1.1,유해란,2,4,2,0,박서현,1,13,2,1,0
GREEN,1.2,0.3,유해란,2,4,2,0,박서현,1,14,2,0,0
GREEN,1.2,0.5,유해란,2,4,2,0,박서현,1,15,2,1,0
GREEN,1.2,0.5,유해란,2,4,2,0,박서현,1,17,2,0,0
GREEN,1.2,0.3,유해란,2,4,2,0,박서현,2,1,2,0,0
GREEN,1.2,0.5,유해란,2,4,2,0,박서현,2,2,2,0,0
GREEN,1.2,0.5,유해란,2,4,2,0,박서현,2,3,2,0,0
GREEN,1.2,0.3,유해란,2,4,2,0,박서현,2,4,2,1,0
GREEN,1.2,1.2,유해란,2,4,2,0,박서현,2,5,3,1,-1
GREEN,1.2,0.4,유해란,2,4,2,0,박서현,2,5,2,1,0
GREEN,1.2,0.4,유해란,2,4,2,0,박서현,2,7,2,0,0
GREEN,1.2,1.5,유해란,2,4,2,0,박서현,2,9,2,0,0
GREEN,1.2,0.2,유해란,2,4,2,0,박서현,2,10,2,0,0
GREEN,1.2,1.5,유해란,2,4,2,0,박서현,2,11,2,1,0
GREEN,1.2,1.3,유해란,2,4,2,0,박서현,2,12,3,2,-1
GREEN,1.2,0.9,유해란,2,4,2,0,박서현,2,12,2,2,0
GREEN,1.2,0.4,유해란,2,4,2,0,박서현,2,13,2,0,0
GREEN,1.2,1.0,유해란,2,4,2,0,박서현,2,14,2,1,0
GREEN,1.2,1.3,유해란,2,4,2,0,박서현,2,15,2,0,0
GREEN,1.2,0.2,유해란,2,4,2,0,박서현,2,17,2,0,0
GREEN,1.2,1.3,유해란,2,4,2,0,박서현,2,18,2,0,0
GREEN,1.2,1.3,유해란,2,4,2,0,박서현,3,1,2,0,0
GREEN,1.2,1.4,유해란,2,4,2,0,박서현,3,2,2,0,0
GREEN,1.2,0.4,유해란,2,4,2,0,박서현,3,3,2,1,0
GREEN,1.2,0.5,유해란,2,4,2,0,박서현,3,4,2,0,0
GREEN,1.2,1.2,유해란,2,4,2,0,박서현,3,5,2,0,0
GREEN,1.2,0.3,유해란,2,4,2,0,박서현,3,6,2,0,0
GREEN,1.2,0.5,유해란,2,4,2,0,박서현,3,7,2,0,0
GREEN,1.2,0.3,유해란,2,4,2,0,박서현,3,8,2,3,0
GREEN,1.2,0.2,유해란,2,4,2,0,박서현,3,9,2,2,0
GREEN,1.2,1.9,유해란,2,4,2,0,박서현,3,10,3,1,-1
GREEN,1.2,0.9,유해란,2,4,2,0,박서현,3,10,2,1,0
GREEN,1.2,1.0,유해란,2,4,2,0,박서현,3,11,2,0,0
GREEN,1.2,1.2,유해란,2,4,2,0,박서현,3,12,2,0,0
GREEN,1.2,1.3,유해란,2,4,2,0,박서현,3,13,3,1,-1
GREEN,1.2,1.0,유해란,2,4,2,0,박서현,3,13,2,1,0
GREEN,1.2,0.4,유해란,2,4,2,0,박서현,3,14,2,0,0
GREEN,1.2,1.4,유해란,2,4,2,0,박서현,3,15,2,1,0
GREEN,1.2,0.3,유해란,2,4,2,0,박서현,3,16,2,0,0
GREEN,1.2,1.9,유해란,2,4,2,0,박서현,3,17,2,0,0
GREEN,1.2,0.5,유해란,2,4,2,0,박서현,3,18,2,0,0
GREEN,1.2,1.1,유해란,2,4,2,0,박서현,4,1,2,0,0
GREEN,1.2,0.2,유해란,2,4,2,0,박서현,4,2,2,0,0
GREEN,1.2,0.5,유해란,2,4,2,0,박서현,4,3,2,1,0
GREEN,1.2,0.3,유해란,2,4,2,0,박서현,4,4,2,1,0
GREEN,1.2,0.3,유해란,2,4,2,0,박서현,4,5,2,0,0
GREEN,1.2,0.3,유해란,2,4,2,0,박서현,4,8,2,0,0
GREEN,1.2,1.7,유해란,2,4,2,0,박서현,4,9,3,2,-1
GREEN,1.2,0.4,유해란,2,4,2,0,박서현,4,9,2,2,0
GREEN,1.2,1.6,유해란,2,4,2,0,박서현,4,10,2,1,0
GREEN,1.2,0.4,유해란,2,4,2,0,박서현,4,11,2,0,0
GREEN,1.2,1.9,유해란,2,4,2,0,박서현,4,12,3,1,-1
GREEN,1.2,0.8,유해란,2,4,2,0,박서현,4,12,2,1,0
GREEN,1.2,1.6,유해란,2,4,2,0,박서현,4,14,3,1,-1
GREEN,1.2,0.2,유해란,2,4,2,0,박서현,4,14,2,1,0
GREEN,1.2,0.7,유해란,2,4,2,0,박서현,4,15,2,0,0
GREEN,1.2,1.3,유해란,2,4,2,0,박서현,4,16,2,0,0
GREEN,1.2,0.5,유해란,2,4,2,0,박서현,4,17,2,1,0
GREEN,1.2,1.3,유해란,2,4,2,0,박서현,4,18,2,1,0
GREEN,10.9,10.1,유해란,2,5,3,0,이재윤,1,6,3,0,0
GREEN,10.9,10.3,유해란,2,5,3,0,이재윤,1,9,3,1,0
GREEN,10.9,11.7,유해란,2,5,3,0,이재윤,2,3,3,0,0
GREEN,10.9,10.0,유해란,2,5,3,0,이재윤,2,8,3,0,0
GREEN,10.9,10.4,유해란,2,5,3,0,이재윤,3,5,3,0,0
GREEN,10.9,11.1,유해란,2,5,3,0,이재윤,3,17,3,0,0
GREEN,10.9,9.9,유해란,2,5,3,0,이재윤,4,2,3,1,0
GREEN,10.9,11.8,유해란,2,5,3,0,이재윤,4,4,3,0,0
GREEN,10.9,10.4,유해란,2,5,3,0,박서현,1,2,3,0,0
GREEN,10.9,11.4,유해란,2,5,3,0,박서현,4,16,3,0,0
GREEN,0.4,0.5,유해란,2,5,2,0,이재윤,1,1,2,0,0
GREEN,0.4,0.5,유해란,2,5,2,0,이재윤,1,2,2,0,0
GREEN,0.4,1.3,유해란,2,5,2,0,이재윤,1,3,2,0,0
GREEN,0.4,0.5,유해란,2,5,2,0,이재윤,1,4,2,1,0
GREEN,0.4,0.8,유해란,2,5,2,0,이재윤,1,5,2,0,0
GREEN,0.4,0.5,유해란,2,5,2,0,이재윤,1,6,2,0,0
GREEN,0.4,0.5,유해란,2,5,2,0,이재윤,1,7,2,0,0
GREEN,0.4,0.2,유해란,2,5,2,0,이재윤,1,8,2,0,0
GREEN,0.4,1.4,유해란,2,5,2,0,이재윤,1,9,2,1,0
GREEN,0.4,0.8,유해란,2,5,2,0,이재윤,1,10,2,0,0
GREEN,0.4,0.7,유해란,2,5,2,0,이재윤,1,11,2,1,0
GREEN,0.4,0.3,유해란,2,5,2,0,이재윤,1,12,2,0,0
GREEN,0.4,0.9,유해란,2,5,2,0,이재윤,1,13,2,0,0
GREEN,0.4,0.3,유해란,2,5,2,0,이재윤,1,14,2,0,0
GREEN,0.4,1.1,유해란,2,5,2,0,이재윤,1,15,2,1,0
GREEN,0.4,0.8,유해란,2,5,2,0,이재윤,1,18,2,0,0
GREEN,0.4,0.8,유해란,2,5,2,0,이재윤,2,3,2,0,0
GREEN,0.4,0.4,유해란,2,5,2,0,이재윤,2,4,2,1,0
GREEN,0.4,0.7,유해란,2,5,2,0,이재윤,2,5,2,0,0
GREEN,0.4,1.2,유해란,2,5,2,0,이재윤,2,6,2,0,0
GREEN,0.4,0.5,유해란,2,5,2,0,이재윤,2,7,2,0,0
GREEN,0.4,0.2,유해란,2,5,2,0,이재윤,2,8,2,0,0
GREEN,0.4,1.2,유해란,2,5,2,0,이재윤,2,10,2,0,0
GREEN,0.4,0.5,유해란,2,5,2,0,이재윤,2,12,2,0,0
GREEN,0.4,0.4,유해란,2,5,2,0,이재윤,2,14,2,1,0
GREEN,0.4,0.5,유해란,2,5,2,0,이재윤,2,15,2,1,0
GREEN,0.4,1.0,유해란,2,5,2,0,이재윤,2,17,2,0,0
GREEN,0.4,1.3,유해란,2,5,2,0,이재윤,2,18,2,0,0
GREEN,0.4,0.3,유해란,2,5,2,0,이재윤,3,1,2,1,0
GREEN,0.4,0.5,유해란,2,5,2,0,이재윤,3,2,2,0,0
GREEN,0.4,0.3,유해란,2,5,2,0,이재윤,3,5,2,0,0
GREEN,0.4,0.4,유해란,2,5,2,0,이재윤,3,6,2,0,0
GREEN,0.4,0.5,유해란,2,5,2,0,이재윤,3,7,2,0,0
GREEN,0.4,0.3,유해란,2,5,2,0,이재윤,3,8,2,0,0
GREEN,0.4,1.2,유해란,2,5,2,0,이재윤,3,9,2,0,0
GREEN,0.4,1.3,유해란,2,5,2,0,이재윤,3,10,2,1,0
GREEN,0.4,0.5,유해란,2,5,2,0,이재윤,3,11,2,0,0
GREEN,0.4,0.3,유해란,2,5,2,0,이재윤,3,13,2,1,0
GREEN,0.4,0.2,유해란,2,5,2,0,이재윤,3,14,2,0,0
GREEN,0.4,1.4,유해란,2,5,2,0,이재윤,3,15,2,0,0
GREEN,0.4,1.3,유해란,2,5,2,0,이재윤,3,17,2,0,0
GREEN,0.4,0.5,유해란,2,5,2,0,이재윤,3,18,2,0,0
GREEN,0.4,0.9,유해란,2,5,2,0,이재윤,4,1,2,0,0
GREEN,0.4,0.3,유해란,2,5,2,0,이재윤,4,2,2,1,0
GREEN,0.4,0.3,유해란,2,5,2,0,이재윤,4,5,2,0,0
GREEN,0.4,0.4,유해란,2,5,2,0,이재윤,4,8,2,0,0
GREEN,0.4,0.3,유해란,2,5,2,0,이재윤,4,9,2,0,0
GREEN,0.4,0.4,유해란,2,5,2,0,이재윤,4,12,2,0,0
GREEN,0.4,0.5,유해란,2,5,2,0,이재윤,4,13,2,0,0
GREEN,0.4,1.0,유해란,2,5,2,0,이재윤,4,14,2,1,0
GREEN,0.4,1.2,유해란,2,5,2,0,이재윤,4,15,2,0,0
GREEN,0.4,0.5,유해란,2,5,2,0,이재윤,4,16,2,0,0
GREEN,0.4,0.3,유해란,2,5,2,0,이재윤,4,18,2,0,0
GREEN,0.4,0.4,유해란,2,5,2,0,박서현,1,2,2,0,0
GREEN,0.4,1.0,유해란,2,5,2,0,박서현,1,3,2,2,0
GREEN,0.4,0.5,유해란,2,5,2,0,박서현,1,4,2,0,0
GREEN,0.4,0.5,유해란,2,5,2,0,박서현,1,5,2,0,0
GREEN,0.4,0.4,유해란,2,5,2,0,박서현,1,6,2,1,0
GREEN,0.4,0.5,유해란,2,5,2,0,박서현,1,7,2,0,0
GREEN,0.4,0.5,유해란,2,5,2,0,박서현,1,8,2,1,0
GREEN,0.4,0.6,유해란,2,5,2,0,박서현,1,9,2,0,0
GREEN,0.4,0.3,유해란,2,5,2,0,박서현,1,10,2,0,0
GREEN,0.4,0.4,유해란,2,5,2,0,박서현,1,11,2,0,0
GREEN,0.4,1.1,유해란,2,5,2,0,박서현,1,13,2,1,0
GREEN,0.4,0.3,유해란,2,5,2,0,박서현,1,14,2,0,0
GREEN,0.4,0.5,유해란,2,5,2,0,박서현,1,15,2,1,0
GREEN,0.4,0.5,유해란,2,5,2,0,박서현,1,17,2,0,0
GREEN,0.4,0.3,유해란,2,5,2,0,박서현,2,1,2,0,0
GREEN,0.4,0.5,유해란,2,5,2,0,박서현,2,2,2,0,0
GREEN,0.4,0.5,유해란,2,5,2,0,박서현,2,3,2,0,0
GREEN,0.4,0.3,유해란,2,5,2,0,박서현,2,4,2,1,0
GREEN,0.4,1.2,유해란,2,5,2,0,박서현,2,5,3,1,-1
GREEN,0.4,0.4,유해란,2,5,2,0,박서현,2,5,2,1,0
GREEN,0.4,0.4,유해란,2,5,2,0,박서현,2,7,2,0,0
GREEN,0.4,0.2,유해란,2,5,2,0,박서현,2,10,2,0,0
GREEN,0.4,1.3,유해란,2,5,2,0,박서현,2,12,3,2,-1
GREEN,0.4,0.9,유해란,2,5,2,0,박서현,2,12,2,2,0
GREEN,0.4,0.4,유해란,2,5,2,0,박서현,2,13,2,0,0
GREEN,0.4,1.0,유해란,2,5,2,0,박서현,2,14,2,1,0
GREEN,0.4,1.3,유해란,2,5,2,0,박서현,2,15,2,0,0
GREEN,0.4,0.2,유해란,2,5,2,0,박서현,2,17,2,0,0
GREEN,0.4,1.3,유해란,2,5,2,0,박서현,2,18,2,0,0
GREEN,0.4,1.3,유해란,2,5,2,0,박서현,3,1,2,0,0
GREEN,0.4,1.4,유해란,2,5,2,0,박서현,3,2,2,0,0
GREEN,0.4,0.4,유해란,2,5,2,0,박서현,3,3,2,1,0
GREEN,0.4,0.5,유해란,2,5,2,0,박서현,3,4,2,0,0
GREEN,0.4,1.2,유해란,2,5,2,0,박서현,3,5,2,0,0
GREEN,0.4,0.3,유해란,2,5,2,0,박서현,3,6,2,0,0
GREEN,0.4,0.5,유해란,2,5,2,0,박서현,3,7,2,0,0
GREEN,0.4,0.3,유해란,2,5,2,0,박서현,3,8,2,3,0
GREEN,0.4,0.2,유해란,2,5,2,0,박서현,3,9,2,2,0
GREEN,0.4,0.9,유해란,2,5,2,0,박서현,3,10,2,1,0
GREEN,0.4,1.0,유해란,2,5,2,0,박서현,3,11,2,0,0
GREEN,0.4,1.2,유해란,2,5,2,0,박서현,3,12,2,0,0
GREEN,0.4,1.3,유해란,2,5,2,0,박서현,3,13,3,1,-1
GREEN,0.4,1.0,유해란,2,5,2,0,박서현,3,13,2,1,0
GREEN,0.4,0.4,유해란,2,5,2,0,박서현,3,14,2,0,0
GREEN,0.4,1.4,유해란,2,5,2,0,박서현,3,15,2,1,0
GREEN,0.4,0.3,유해란,2,5,2,0,박서현,3,16,2,0,0
GREEN,0.4,0.5,유해란,2,5,2,0,박서현,3,18,2,0,0
GREEN,0.4,1.1,유해란,2,5,2,0,박서현,4,1,2,0,0
GREEN,0.4,0.2,유해란,2,5,2,0,박서현,4,2,2,0,0
GREEN,0.4,0.5,유해란,2,5,2,0,박서현,4,3,2,1,0
GREEN,0.4,0.3,유해란,2,5,2,0,박서현,4,4,2,1,0
GREEN,0.4,0.3,유해란,2,5,2,0,박서현,4,5,2,0,0
GREEN,0.4,0.3,유해란,2,5,2,0,박서현,4,8,2,0,0
GREEN,0.4,0.4,유해란,2,5,2,0,박서현,4,9,2,2,0
GREEN,0.4,0.4,유해란,2,5,2,0,박서현,4,11,2,0,0
GREEN,0.4,0.8,유해란,2,5,2,0,박서현,4,12,2,1,0
GREEN,0.4,0.2,유해란,2,5,2,0,박서현,4,14,2,1,0
GREEN,0.4,0.7,유해란,2,5,2,0,박서현,4,15,2,0,0
GREEN,0.4,1.3,유해란,2,5,2,0,박서현,4,16,2,0,0
GREEN,0.4,0.5,유해란,2,5,2,0,박서현,4,17,2,1,0
GREEN,0.4,1.3,유해란,2,5,2,0,박서현,4,18,2,1,0
FAIRWAY,132.4,132.2,유해란,2,6,3,-1,이재윤,1,8,4,0,-1
FAIRWAY,132.4,132.5,유해란,2,6,3,-1,이재윤,1,14,4,0,-1
FAIRWAY,132.4,131.4,유해란,2,6,3,-1,이재윤,2,17,4,0,-1
FAIRWAY,132.4,131.8,유해란,2,6,3,-1,박서현,2,10,4,0,-1
FAIRWAY,132.4,132.4,유해란,2,6,3,-1,박서현,4,18,5,1,-2
GREEN,2.9,3.8,유해란,2,6,2,-1,이재윤,1,4,3,1,-1
GREEN,2.9,3.1,유해란,2,6,2,-1,이재윤,1,7,3,0,-1
GREEN,2.9,3.1,유해란,2,6,2,-1,이재윤,1,11,3,1,-1
GREEN,2.9,3.9,유해란,2,6,2,-1,이재윤,1,12,3,0,-1
GREEN,2.9,3.4,유해란,2,6,2,-1,이재윤,1,15,3,1,-1
GREEN,2.9,2.8,유해란,2,6,2,-1,이재윤,1,16,2,0,0
GREEN,2.9,2.1,유해란,2,6,2,-1,이재윤,1,17,2,0,0
GREEN,2.9,3.0,유해란,2,6,2,-1,이재윤,2,2,2,0,0
GREEN,2.9,2.3,유해란,2,6,2,-1,이재윤,2,4,3,1,-1
GREEN,2.9,3.1,유해란,2,6,2,-1,이재윤,3,1,3,1,-1
GREEN,2.9,3.0,유해란,2,6,2,-1,이재윤,3,3,2,0,0
GREEN,2.9,2.1,유해란,2,6,2,-1,이재윤,3,6,3,0,-1
GREEN,2.9,2.8,유해란,2,6,2,-1,이재윤,3,7,3,0,-1
GREEN,2.9,2.6,유해란,2,6,2,-1,이재윤,3,12,2,0,0
GREEN,2.9,3.0,유해란,2,6,2,-1,이재윤,3,13,3,1,-1
GREEN,2.9,2.2,유해란,2,6,2,-1,이재윤,4,3,2,0,0
GREEN,2.9,2.6,유해란,2,6,2,-1,이재윤,4,4,2,0,0
GREEN,2.9,2.7,유해란,2,6,2,-1,이재윤,4,6,2,-1,0
GREEN,2.9,2.8,유해란,2,6,2,-1,이재윤,4,7,2,-1,0
GREEN,2.9,2.0,유해란,2,6,2,-1,이재윤,4,10,2,0,0
GREEN,2.9,3.1,유해란,2,6,2,-1,이재윤,4,18,3,0,-1
GREEN,2.9,3.4,유해란,2,6,2,-1,박서현,1,3,3,2,-1
GREEN,2.9,2.0,유해란,2,6,2,-1,박서현,1,8,3,1,-1
GREEN,2.9,3.5,유해란,2,6,2,-1,박서현,1,11,3,0,-1
GREEN,2.9,2.7,유해란,2,6,2,-1,박서현,1,16,2,-1,0
GREEN,2.9,2.4,유해란,2,6,2,-1,박서현,2,6,2,0,0
GREEN,2.9,3.3,유해란,2,6,2,-1,박서현,2,8,2,0,0
GREEN,2.9,3.6,유해란,2,6,2,-1,박서현,2,10,3,0,-1
GREEN,2.9,3.6,유해란,2,6,2,-1,박서현,2,16,2,0,0
GREEN,2.9,1.9,유해란,2,6,2,-1,박서현,3,10,3,1,-1
GREEN,2.9,2.7,유해란,2,6,2,-1,박서현,3,15,3,1,-1
GREEN,2.9,1.9,유해란,2,6,2,-1,박서현,3,17,2,0,0
GREEN,2.9,2.8,유해란,2,6,2,-1,박서현,4,3,3,1,-1
GREEN,2.9,3.7,유해란,2,6,2,-1,박서현,4,4,3,1,-1
GREEN,2.9,3.8,유해란,2,6,2,-1,박서현,4,6,2,0,0
GREEN,2.9,3.4,유해란,2,6,2,-1,박서현,4,9,4,2,-2
GREEN,2.9,1.9,유해란,2,6,2,-1,박서현,4,12,3,1,-1
GREEN,2.9,3.4,유해란,2,6,2,-1,박서현,4,13,2,0,0
GREEN,2.9,2.2,유해란,2,6,2,-1,박서현,4,17,3,1,-1
FAIRWAY,83.0,83.3,유해란,2,7,3,-1,이재윤,1,7,4,0,-1
GREEN,1.5,0.5,유해란,2,7,2,-1,이재윤,1,1,2,0,0
GREEN,1.5,0.5,유해란,2,7,2,-1,이재윤,1,2,2,0,0
GREEN,1.5,1.3,유해란,2,7,2,-1,이재윤,1,3,2,0,0
GREEN,1.5,0.5,유해란,2,7,2,-1,이재윤,1,4,2,1,0
GREEN,1.5,0.8,유해란,2,7,2,-1,이재윤,1,5,2,0,0
GREEN,1.5,0.5,유해란,2,7,2,-1,이재윤,1,6,2,0,0
GREEN,1.5,0.5,유해란,2,7,2,-1,이재윤,1,7,2,0,0
GREEN,1.5,1.4,유해란,2,7,2,-1,이재윤,1,9,2,1,0
GREEN,1.5,0.8,유해란,2,7,2,-1,이재윤,1,10,2,0,0
GREEN,1.5,0.7,유해란,2,7,2,-1,이재윤,1,11,2,1,0
GREEN,1.5,0.9,유해란,2,7,2,-1,이재윤,1,13,2,0,0
GREEN,1.5,1.6,유해란,2,7,2,-1,이재윤,1,14,3,0,-1
GREEN,1.5,1.1,유해란,2,7,2,-1,이재윤,1,15,2,1,0
GREEN,1.5,2.1,유해란,2,7,2,-1,이재윤,1,17,2,0,0
GREEN,1.5,0.8,유해란,2,7,2,-1,이재윤,1,18,2,0,0
GREEN,1.5,0.8,유해란,2,7,2,-1,이재윤,2,3,2,0,0
GREEN,1.5,2.3,유해란,2,7,2,-1,이재윤,2,4,3,1,-1
GREEN,1.5,0.7,유해란,2,7,2,-1,이재윤,2,5,2,0,0
GREEN,1.5,1.2,유해란,2,7,2,-1,이재윤,2,6,2,0,0
GREEN,1.5,0.5,유해란,2,7,2,-1,이재윤,2,7,2,0,0
GREEN,1.5,1.5,유해란,2,7,2,-1,이재윤,2,9,2,0,0
GREEN,1.5,1.2,유해란,2,7,2,-1,이재윤,2,10,2,0,0
GREEN,1.5,1.5,유해란,2,7,2,-1,이재윤,2,11,2,1,0
GREEN,1.5,0.5,유해란,2,7,2,-1,이재윤,2,12,2,0,0
GREEN,1.5,1.6,유해란,2,7,2,-1,이재윤,2,13,2,-1,0
GREEN,1.5,1.5,유해란,2,7,2,-1,이재윤,2,14,3,1,-1
GREEN,1.5,0.5,유해란,2,7,2,-1,이재윤,2,15,2,1,0
GREEN,1.5,1.7,유해란,2,7,2,-1,이재윤,2,16,2,0,0
GREEN,1.5,1.0,유해란,2,7,2,-1,이재윤,2,17,2,0,0
GREEN,1.5,1.3,유해란,2,7,2,-1,이재윤,2,18,2,0,0
GREEN,1.5,0.5,유해란,2,7,2,-1,이재윤,3,2,2,0,0
GREEN,1.5,1.5,유해란,2,7,2,-1,이재윤,3,4,2,0,0
GREEN,1.5,2.1,유해란,2,7,2,-1,이재윤,3,6,3,0,-1
GREEN,1.5,0.5,유해란,2,7,2,-1,이재윤,3,7,2,0,0
GREEN,1.5,1.2,유해란,2,7,2,-1,이재윤,3,9,2,0,0
GREEN,1.5,1.3,유해란,2,7,2,-1,이재윤,3,10,2,1,0
GREEN,1.5,0.5,유해란,2,7,2,-1,이재윤,3,11,2,0,0
GREEN,1.5,1.4,유해란,2,7,2,-1,이재윤,3,15,2,0,0
GREEN,1.5,1.3,유해란,2,7,2,-1,이재윤,3,17,2,0,0
GREEN,1.5,0.5,유해란,2,7,2,-1,이재윤,3,18,2,0,0
GREEN,1.5,0.9,유해란,2,7,2,-1,이재윤,4,1,2,0,0
GREEN,1.5,2.2,유해란,2,7,2,-1,이재윤,4,3,2,0,0
GREEN,1.5,2.0,유해란,2,7,2,-1,이재윤,4,10,2,0,0
GREEN,1.5,1.7,유해란,2,7,2,-1,이재윤,4,11,2,0,0
GREEN,1.5,0.5,유해란,2,7,2,-1,이재윤,4,13,2,0,0
GREEN,1.5,1.5,유해란,2,7,2,-1,이재윤,4,14,3,1,-1
GREEN,1.5,1.0,유해란,2,7,2,-1,이재윤,4,14,2,1,0
GREEN,1.5,1.2,유해란,2,7,2,-1,이재윤,4,15,2,0,0
GREEN,1.5,0.5,유해란,2,7,2,-1,이재윤,4,16,2,0,0
GREEN,1.5,1.8,유해란,2,7,2,-1,이재윤,4,17,2,0,0
GREEN,1.5,1.0,유해란,2,7,2,-1,박서현,1,3,2,2,0
GREEN,1.5,0.5,유해란,2,7,2,-1,박서현,1,4,2,0,0
GREEN,1.5,0.5,유해란,2,7,2,-1,박서현,1,5,2,0,0
GREEN,1.5,0.5,유해란,2,7,2,-1,박서현,1,7,2,0,0
GREEN,1.5,2.0,유해란,2,7,2,-1,박서현,1,8,3,1,-1
GREEN,1.5,0.5,유해란,2,7,2,-1,박서현,1,8,2,1,0
GREEN,1.5,0.6,유해란,2,7,2,-1,박서현,1,9,2,0,0
GREEN,1.5,1.1,유해란,2,7,2,-1,박서현,1,13,2,1,0
GREEN,1.5,0.5,유해란,2,7,2,-1,박서현,1,15,2,1,0
GREEN,1.5,0.5,유해란,2,7,2,-1,박서현,1,17,2,0,0
GREEN,1.5,0.5,유해란,2,7,2,-1,박서현,2,2,2,0,0
GREEN,1.5,0.5,유해란,2,7,2,-1,박서현,2,3,2,0,0
GREEN,1.5,1.2,유해란,2,7,2,-1,박서현,2,5,3,1,-1
GREEN,1.5,2.4,유해란,2,7,2,-1,박서현,2,6,2,0,0
GREEN,1.5,1.5,유해란,2,7,2,-1,박서현,2,9,2,0,0
GREEN,1.5,1.5,유해란,2,7,2,-1,박서현,2,11,2,1,0
GREEN,1.5,1.3,유해란,2,7,2,-1,박서현,2,12,3,2,-1
GREEN,1.5,0.9,유해란,2,7,2,-1,박서현,2,12,2,2,0
GREEN,1.5,1.0,유해란,2,7,2,-1,박서현,2,14,2,1,0
GREEN,1.5,1.3,유해란,2,7,2,-1,박서현,2,15,2,0,0
GREEN,1.5,1.3,유해란,2,7,2,-1,박서현,2,18,2,0,0
GREEN,1.5,1.3,유해란,2,7,2,-1,박서현,3,1,2,0,0
GREEN,1.5,1.4,유해란,2,7,2,-1,박서현,3,2,2,0,0
GREEN,1.5,0.5,유해란,2,7,2,-1,박서현,3,4,2,0,0
GREEN,1.5,1.2,유해란,2,7,2,-1,박서현,3,5,2,0,0
GREEN,1.5,0.5,유해란,2,7,2,-1,박서현,3,7,2,0,0
GREEN,1.5,1.9,유해란,2,7,2,-1,박서현,3,10,3,1,-1
GREEN,1.5,0.9,유해란,2,7,2,-1,박서현,3,10,2,1,0
GREEN,1.5,1.0,유해란,2,7,2,-1,박서현,3,11,2,0,0
GREEN,1.5,1.2,유해란,2,7,2,-1,박서현,3,12,2,0,0
GREEN,1.5,1.3,유해란,2,7,2,-1,박서현,3,13,3,1,-1
GREEN,1.5,1.0,유해란,2,7,2,-1,박서현,3,13,2,1,0
GREEN,1.5,1.4,유해란,2,7,2,-1,박서현,3,15,2,1,0
GREEN,1.5,1.9,유해란,2,7,2,-1,박서현,3,17,2,0,0
GREEN,1.5,0.5,유해란,2,7,2,-1,박서현,3,18,2,0,0
GREEN,1.5,1.1,유해란,2,7,2,-1,박서현,4,1,2,0,0
GREEN,1.5,0.5,유해란,2,7,2,-1,박서현,4,3,2,1,0
GREEN,1.5,1.7,유해란,2,7,2,-1,박서현,4,9,3,2,-1
GREEN,1.5,1.6,유해란,2,7,2,-1,박서현,4,10,2,1,0
GREEN,1.5,1.9,유해란,2,7,2,-1,박서현,4,12,3,1,-1
GREEN,1.5,0.8,유해란,2,7,2,-1,박서현,4,12,2,1,0
GREEN,1.5,1.6,유해란,2,7,2,-1,박서현,4,14,3,1,-1
GREEN,1.5,0.7,유해란,2,7,2,-1,박서현,4,15,2,0,0
GREEN,1.5,1.3,유해란,2,7,2,-1,박서현,4,16,2,0,0
GREEN,1.5,2.2,유해란,2,7,2,-1,박서현,4,17,3,1,-1
GREEN,1.5,0.5,유해란,2,7,2,-1,박서현,4,17,2,1,0
GREEN,1.5,1.3,유해란,2,7,2,-1,박서현,4,18,2,1,0
FAIRWAY,113.2,112.5,유해란,2,8,4,0,이재윤,3,12,3,0,1
GREEN,7.4,6.6,유해란,2,8,3,0,이재윤,1,2,3,0,0
GREEN,7.4,7.6,유해란,2,8,3,0,이재윤,2,7,3,0,0
GREEN,7.4,7.3,유해란,2,8,3,0,이재윤,2,15,3,1,0
GREEN,7.4,7.3,유해란,2,8,3,0,이재윤,2,16,3,0,0
GREEN,7.4,7.8,유해란,2,8,3,0,이재윤,2,18,3,0,0
GREEN,7.4,6.5,유해란,2,8,3,0,이재윤,3,10,3,1,0
GREEN,7.4,7.9,유해란,2,8,3,0,이재윤,3,14,3,0,0
GREEN,7.4,7.6,유해란,2,8,3,0,이재윤,3,18,3,0,0
GREEN,7.4,7.4,유해란,2,8,3,0,이재윤,4,5,3,0,0
GREEN,7.4,7.2,유해란,2,8,3,0,이재윤,4,9,3,0,0
GREEN,7.4,6.8,유해란,2,8,3,0,이재윤,4,15,3,0,0
GREEN,7.4,7.7,유해란,2,8,3,0,박서현,1,1,2,-1,1
GREEN,7.4,7.2,유해란,2,8,3,0,박서현,1,5,3,0,0
GREEN,7.4,6.9,유해란,2,8,3,0,박서현,1,6,3,1,0
GREEN,7.4,7.5,유해란,2,8,3,0,박서현,1,13,3,1,0
GREEN,7.4,6.6,유해란,2,8,3,0,박서현,1,15,3,1,0
GREEN,7.4,7.8,유해란,2,8,3,0,박서현,2,1,3,0,0
GREEN,7.4,7.5,유해란,2,8,3,0,박서현,3,6,3,0,0
GREEN,7.4,8.2,유해란,2,8,3,0,박서현,3,12,3,0,0
GREEN,7.4,7.1,유해란,2,8,3,0,박서현,4,1,3,0,0
GREEN,7.4,6.7,유해란,2,8,3,0,박서현,4,5,3,0,0
GREEN,7.4,7.6,유해란,2,8,3,0,박서현,4,8,3,0,0
GREEN,0.3,0.5,유해란,2,8,2,0,이재윤,1,1,2,0,0
GREEN,0.3,0.5,유해란,2,8,2,0,이재윤,1,2,2,0,0
GREEN,0.3,1.3,유해란,2,8,2,0,이재윤,1,3,2,0,0
GREEN,0.3,0.5,유해란,2,8,2,0,이재윤,1,4,2,1,0
GREEN,0.3,0.8,유해란,2,8,2,0,이재윤,1,5,2,0,0
GREEN,0.3,0.5,유해란,2,8,2,0,이재윤,1,6,2,0,0
GREEN,0.3,0.5,유해란,2,8,2,0,이재윤,1,7,2,0,0
GREEN,0.3,0.2,유해란,2,8,2,0,이재윤,1,8,2,0,0
GREEN,0.3,0.8,유해란,2,8,2,0,이재윤,1,10,2,0,0
GREEN,0.3,0.7,유해란,2,8,2,0,이재윤,1,11,2,1,0
GREEN,0.3,0.3,유해란,2,8,2,0,이재윤,1,12,2,0,0
GREEN,0.3,0.9,유해란,2,8,2,0,이재윤,1,13,2,0,0
GREEN,0.3,0.3,유해란,2,8,2,0,이재윤,1,14,2,0,0
GREEN,0.3,1.1,유해란,2,8,2,0,이재윤,1,15,2,1,0
GREEN,0.3,0.8,유해란,2,8,2,0,이재윤,1,18,2,0,0
GREEN,0.3,0.8,유해란,2,8,2,0,이재윤,2,3,2,0,0
GREEN,0.3,0.4,유해란,2,8,2,0,이재윤,2,4,2,1,0
GREEN,0.3,0.7,유해란,2,8,2,0,이재윤,2,5,2,0,0
GREEN,0.3,1.2,유해란,2,8,2,0,이재윤,2,6,2,0,0
GREEN,0.3,0.5,유해란,2,8,2,0,이재윤,2,7,2,0,0
GREEN,0.3,0.2,유해란,2,8,2,0,이재윤,2,8,2,0,0
GREEN,0.3,1.2,유해란,2,8,2,0,이재윤,2,10,2,0,0
GREEN,0.3,0.5,유해란,2,8,2,0,이재윤,2,12,2,0,0
GREEN,0.3,0.4,유해란,2,8,2,0,이재윤,2,14,2,1,0
GREEN,0.3,0.5,유해란,2,8,2,0,이재윤,2,15,2,1,0
GREEN,0.3,1.0,유해란,2,8,2,0,이재윤,2,17,2,0,0
GREEN,0.3,1.3,유해란,2,8,2,0,이재윤,2,18,2,0,0
GREEN,0.3,0.3,유해란,2,8,2,0,이재윤,3,1,2,1,0
GREEN,0.3,0.5,유해란,2,8,2,0,이재윤,3,2,2,0,0
GREEN,0.3,0.3,유해란,2,8,2,0,이재윤,3,5,2,0,0
GREEN,0.3,0.4,유해란,2,8,2,0,이재윤,3,6,2,0,0
GREEN,0.3,0.5,유해란,2,8,2,0,이재윤,3,7,2,0,0
GREEN,0.3,0.3,유해란,2,8,2,0,이재윤,3,8,2,0,0
GREEN,0.3,1.2,유해란,2,8,2,0,이재윤,3,9,2,0,0
GREEN,0.3,1.3,유해란,2,8,2,0,이재윤,3,10,2,1,0
GREEN,0.3,0.5,유해란,2,8,2,0,이재윤,3,11,2,0,0
GREEN,0.3,0.3,유해란,2,8,2,0,이재윤,3,13,2,1,0
GREEN,0.3,0.2,유해란,2,8,2,0,이재윤,3,14,2,0,0
GREEN,0.3,1.3,유해란,2,8,2,0,이재윤,3,17,2,0,0
GREEN,0.3,0.5,유해란,2,8,2,0,이재윤,3,18,2,0,0
GREEN,0.3,0.9,유해란,2,8,2,0,이재윤,4,1,2,0,0
GREEN,0.3,0.3,유해란,2,8,2,0,이재윤,4,2,2,1,0
GREEN,0.3,0.3,유해란,2,8,2,0,이재윤,4,5,2,0,0
GREEN,0.3,0.4,유해란,2,8,2,0,이재윤,4,8,2,0,0
GREEN,0.3,0.3,유해란,2,8,2,0,이재윤,4,9,2,0,0
GREEN,0.3,0.4,유해란,2,8,2,0,이재윤,4,12,2,0,0
GREEN,0.3,0.5,유해란,2,8,2,0,이재윤,4,13,2,0,0
GREEN,0.3,1.0,유해란,2,8,2,0,이재윤,4,14,2,1,0
GREEN,0.3,1.2,유해란,2,8,2,0,이재윤,4,15,2,0,0
GREEN,0.3,0.5,유해란,2,8,2,0,이재윤,4,16,2,0,0
GREEN,0.3,0.3,유해란,2,8,2,0,이재윤,4,18,2,0,0
GREEN,0.3,0.4,유해란,2,8,2,0,박서현,1,2,2,0,0
GREEN,0.3,1.0,유해란,2,8,2,0,박서현,1,3,2,2,0
GREEN,0.3,0.5,유해란,2,8,2,0,박서현,1,4,2,0,0
GREEN,0.3,0.5,유해란,2,8,2,0,박서현,1,5,2,0,0
GREEN,0.3,0.4,유해란,2,8,2,0,박서현,1,6,2,1,0
GREEN,0.3,0.5,유해란,2,8,2,0,박서현,1,7,2,0,0
GREEN,0.3,0.5,유해란,2,8,2,0,박서현,1,8,2,1,0
GREEN,0.3,0.6,유해란,2,8,2,0,박서현,1,9,2,0,0
GREEN,0.3,0.3,유해란,2,8,2,0,박서현,1,10,2,0,0
GREEN,0.3,0.4,유해란,2,8,2,0,박서현,1,11,2,0,0
GREEN,0.3,1.1,유해란,2,8,2,0,박서현,1,13,2,1,0
GREEN,0.3,0.3,유해란,2,8,2,0,박서현,1,14,2,0,0
GREEN,0.3,0.5,유해란,2,8,2,0,박서현,1,15,2,1,0
GREEN,0.3,0.5,유해란,2,8,2,0,박서현,1,17,2,0,0
GREEN,0.3,0.3,유해란,2,8,2,0,박서현,2,1,2,0,0
GREEN,0.3,0.5,유해란,2,8,2,0,박서현,2,2,2,0,0
GREEN,0.3,0.5,유해란,2,8,2,0,박서현,2,3,2,0,0
GREEN,0.3,0.3,유해란,2,8,2,0,박서현,2,4,2,1,0
GREEN,0.3,1.2,유해란,2,8,2,0,박서현,2,5,3,1,-1
GREEN,0.3,0.4,유해란,2,8,2,0,박서현,2,5,2,1,0
GREEN,0.3,0.4,유해란,2,8,2,0,박서현,2,7,2,0,0
GREEN,0.3,0.2,유해란,2,8,2,0,박서현,2,10,2,0,0
GREEN,0.3,1.3,유해란,2,8,2,0,박서현,2,12,3,2,-1
GREEN,0.3,0.9,유해란,2,8,2,0,박서현,2,12,2,2,0
GREEN,0.3,0.4,유해란,2,8,2,0,박서현,2,13,2,0,0
GREEN,0.3,1.0,유해란,2,8,2,0,박서현,2,14,2,1,0
GREEN,0.3,1.3,유해란,2,8,2,0,박서현,2,15,2,0,0
GREEN,0.3,0.2,유해란,2,8,2,0,박서현,2,17,2,0,0
GREEN,0.3,1.3,유해란,2,8,2,0,박서현,2,18,2,0,0
GREEN,0.3,1.3,유해란,2,8,2,0,박서현,3,1,2,0,0
GREEN,0.3,0.4,유해란,2,8,2,0,박서현,3,3,2,1,0
GREEN,0.3,0.5,유해란,2,8,2,0,박서현,3,4,2,0,0
GREEN,0.3,1.2,유해란,2,8,2,0,박서현,3,5,2,0,0
GREEN,0.3,0.3,유해란,2,8,2,0,박서현,3,6,2,0,0
GREEN,0.3,0.5,유해란,2,8,2,0,박서현,3,7,2,0,0
GREEN,0.3,0.3,유해란,2,8,2,0,박서현,3,8,2,3,0
GREEN,0.3,0.2,유해란,2,8,2,0,박서현,3,9,2,2,0
GREEN,0.3,0.9,유해란,2,8,2,0,박서현,3,10,2,1,0
GREEN,0.3,1.0,유해란,2,8,2,0,박서현,3,11,2,0,0
GREEN,0.3,1.2,유해란,2,8,2,0,박서현,3,12,2,0,0
GREEN,0.3,1.3,유해란,2,8,2,0,박서현,3,13,3,1,-1
GREEN,0.3,1.0,유해란,2,8,2,0,박서현,3,13,2,1,0
GREEN,0.3,0.4,유해란,2,8,2,0,박서현,3,14,2,0,0
GREEN,0.3,0.3,유해란,2,8,2,0,박서현,3,16,2,0,0
GREEN,0.3,0.5,유해란,2,8,2,0,박서현,3,18,2,0,0
GREEN,0.3,1.1,유해란,2,8,2,0,박서현,4,1,2,0,0
GREEN,0.3,0.2,유해란,2,8,2,0,박서현,4,2,2,0,0
GREEN,0.3,0.5,유해란,2,8,2,0,박서현,4,3,2,1,0
GREEN,0.3,0.3,유해란,2,8,2,0,박서현,4,4,2,1,0
GREEN,0.3,0.3,유해란,2,8,2,0,박서현,4,5,2,0,0
GREEN,0.3,0.3,유해란,2,8,2,0,박서현,4,8,2,0,0
GREEN,0.3,0.4,유해란,2,8,2,0,박서현,4,9,2,2,0
GREEN,0.3,0.4,유해란,2,8,2,0,박서현,4,11,2,0,0
GREEN,0.3,0.8,유해란,2,8,2,0,박서현,4,12,2,1,0
GREEN,0.3,0.2,유해란,2,8,2,0,박서현,4,14,2,1,0
GREEN,0.3,0.7,유해란,2,8,2,0,박서현,4,15,2,0,0
GREEN,0.3,1.3,유해란,2,8,2,0,박서현,4,16,2,0,0
GREEN,0.3,0.5,유해란,2,8,2,0,박서현,4,17,2,1,0
GREEN,0.3,1.3,유해란,2,8,2,0,박서현,4,18,2,1,0
FAIRWAY,88.4,89.4,유해란,2,9,3,-1,이재윤,1,18,4,0,-1
FAIRWAY,88.4,88.8,유해란,2,9,3,-1,이재윤,3,4,4,0,-1
FAIRWAY,88.4,88.9,유해란,2,9,3,-1,이재윤,3,18,4,0,-1
FAIRWAY,88.4,88.2,유해란,2,9,3,-1,박서현,2,7,4,0,-1
GREEN,0.7,0.5,유해란,2,9,2,-1,이재윤,1,1,2,0,0
GREEN,0.7,0.5,유해란,2,9,2,-1,이재윤,1,2,2,0,0
GREEN,0.7,1.3,유해란,2,9,2,-1,이재윤,1,3,2,0,0
GREEN,0.7,0.5,유해란,2,9,2,-1,이재윤,1,4,2,1,0
GREEN,0.7,0.8,유해란,2,9,2,-1,이재윤,1,5,2,0,0
GREEN,0.7,0.5,유해란,2,9,2,-1,이재윤,1,6,2,0,0
GREEN,0.7,0.5,유해란,2,9,2,-1,이재윤,1,7,2,0,0
GREEN,0.7,0.2,유해란,2,9,2,-1,이재윤,1,8,2,0,0
GREEN,0.7,1.4,유해란,2,9,2,-1,이재윤,1,9,2,1,0
GREEN,0.7,0.8,유해란,2,9,2,-1,이재윤,1,10,2,0,0
GREEN,0.7,0.7,유해란,2,9,2,-1,이재윤,1,11,2,1,0
GREEN,0.7,0.3,유해란,2,9,2,-1,이재윤,1,12,2,0,0
GREEN,0.7,0.9,유해란,2,9,2,-1,이재윤,1,13,2,0,0
GREEN,0.7,1.6,유해란,2,9,2,-1,이재윤,1,14,3,0,-1
GREEN,0.7,0.3,유해란,2,9,2,-1,이재윤,1,14,2,0,0
GREEN,0.7,1.1,유해란,2,9,2,-1,이재윤,1,15,2,1,0
GREEN,0.7,0.8,유해란,2,9,2,-1,이재윤,1,18,2,0,0
GREEN,0.7,0.8,유해란,2,9,2,-1,이재윤,2,3,2,0,0
GREEN,0.7,0.4,유해란,2,9,2,-1,이재윤,2,4,2,1,0
GREEN,0.7,0.7,유해란,2,9,2,-1,이재윤,2,5,2,0,0
GREEN,0.7,1.2,유해란,2,9,2,-1,이재윤,2,6,2,0,0
GREEN,0.7,0.5,유해란,2,9,2,-1,이재윤,2,7,2,0,0
GREEN,0.7,0.2,유해란,2,9,2,-1,이재윤,2,8,2,0,0
GREEN,0.7,1.5,유해란,2,9,2,-1,이재윤,2,9,2,0,0
GREEN,0.7,1.2,유해란,2,9,2,-1,이재윤,2,10,2,0,0
GREEN,0.7,1.5,유해란,2,9,2,-1,이재윤,2,11,2,1,0
GREEN,0.7,0.5,유해란,2,9,2,-1,이재윤,2,12,2,0,0
GREEN,0.7,1.6,유해란,2,9,2,-1,이재윤,2,13,2,-1,0
GREEN,0.7,1.5,유해란,2,9,2,-1,이재윤,2,14,3,1,-1
GREEN,0.7,0.4,유해란,2,9,2,-1,이재윤,2,14,2,1,0
GREEN,0.7,0.5,유해란,2,9,2,-1,이재윤,2,15,2,1,0
GREEN,0.7,1.7,유해란,2,9,2,-1,이재윤,2,16,2,0,0
GREEN,0.7,1.0,유해란,2,9,2,-1,이재윤,2,17,2,0,0
GREEN,0.7,1.3,유해란,2,9,2,-1,이재윤,2,18,2,0,0
GREEN,0.7,0.3,유해란,2,9,2,-1,이재윤,3,1,2,1,0
GREEN,0.7,0.5,유해란,2,9,2,-1,이재윤,3,2,2,0,0
GREEN,0.7,1.5,유해란,2,9,2,-1,이재윤,3,4,2,0,0
GREEN,0.7,0.3,유해란,2,9,2,-1,이재윤,3,5,2,0,0
GREEN,0.7,0.4,유해란,2,9,2,-1,이재윤,3,6,2,0,0
GREEN,0.7,0.5,유해란,2,9,2,-1,이재윤,3,7,2,0,0
GREEN,0.7,0.3,유해란,2,9,2,-1,이재윤,3,8,2,0,0
GREEN,0.7,1.2,유해란,2,9,2,-1,이재윤,3,9,2,0,0
GREEN,0.7,1.3,유해란,2,9,2,-1,이재윤,3,10,2,1,0
GREEN,0.7,0.5,유해란,2,9,2,-1,이재윤,3,11,2,0,0
GREEN,0.7,0.3,유해란,2,9,2,-1,이재윤,3,13,2,1,0
GREEN,0.7,0.2,유해란,2,9,2,-1,이재윤,3,14,2,0,0
GREEN,0.7,1.4,유해란,2,9,2,-1,이재윤,3,15,2,0,0
GREEN,0.7,1.3,유해란,2,9,2,-1,이재윤,3,17,2,0,0
GREEN,0.7,0.5,유해란,2,9,2,-1,이재윤,3,18,2,0,0
GREEN,0.7,0.9,유해란,2,9,2,-1,이재윤,4,1,2,0,0
GREEN,0.7,0.3,유해란,2,9,2,-1,이재윤,4,2,2,1,0
GREEN,0.7,0.3,유해란,2,9,2,-1,이재윤,4,5,2,0,0
GREEN,0.7,0.4,유해란,2,9,2,-1,이재윤,4,8,2,0,0
GREEN,0.7,0.3,유해란,2,9,2,-1,이재윤,4,9,2,0,0
GREEN,0.7,1.7,유해란,2,9,2,-1,이재윤,4,11,2,0,0
GREEN,0.7,0.4,유해란,2,9,2,-1,이재윤,4,12,2,0,0
GREEN,0.7,0.5,유해란,2,9,2,-1,이재윤,4,13,2,0,0
GREEN,0.7,1.5,유해란,2,9,2,-1,이재윤,4,14,3,1,-1
GREEN,0.7,1.0,유해란,2,9,2,-1,이재윤,4,14,2,1,0
GREEN,0.7,1.2,유해란,2,9,2,-1,이재윤,4,15,2,0,0
GREEN,0.7,0.5,유해란,2,9,2,-1,이재윤,4,16,2,0,0
GREEN,0.7,0.3,유해란,2,9,2,-1,이재윤,4,18,2,0,0
GREEN,0.7,0.4,유해란,2,9,2,-1,박서현,1,2,2,0,0
GREEN,0.7,1.0,유해란,2,9,2,-1,박서현,1,3,2,2,0
GREEN,0.7,0.5,유해란,2,9,2,-1,박서현,1,4,2,0,0
GREEN,0.7,0.5,유해란,2,9,2,-1,박서현,1,5,2,0,0
GREEN,0.7,0.4,유해란,2,9,2,-1,박서현,1,6,2,1,0
GREEN,0.7,0.5,유해란,2,9,2,-1,박서현,1,7,2,0,0
GREEN,0.7,0.5,유해란,2,9,2,-1,박서현,1,8,2,1,0
GREEN,0.7,0.6,유해란,2,9,2,-1,박서현,1,9,2,0,0
GREEN,0.7,0.3,유해란,2,9,2,-1,박서현,1,10,2,0,0
GREEN,0.7,0.4,유해란,2,9,2,-1,박서현,1,11,2,0,0
GREEN,0.7,1.1,유해란,2,9,2,-1,박서현,1,13,2,1,0
GREEN,0.7,0.3,유해란,2,9,2,-1,박서현,1,14,2,0,0
GREEN,0.7,0.5,유해란,2,9,2,-1,박서현,1,15,2,1,0
GREEN,0.7,0.5,유해란,2,9,2,-1,박서현,1,17,2,0,0
GREEN,0.7,0.3,유해란,2,9,2,-1,박서현,2,1,2,0,0
GREEN,0.7,0.5,유해란,2,9,2,-1,박서현,2,2,2,0,0
GREEN,0.7,0.5,유해란,2,9,2,-1,박서현,2,3,2,0,0
GREEN,0.7,0.3,유해란,2,9,2,-1,박서현,2,4,2,1,0
GREEN,0.7,1.2,유해란,2,9,2,-1,박서현,2,5,3,1,-1
GREEN,0.7,0.4,유해란,2,9,2,-1,박서현,2,5,2,1,0
GREEN,0.7,0.4,유해란,2,9,2,-1,박서현,2,7,2,0,0
GREEN,0.7,1.5,유해란,2,9,2,-1,박서현,2,9,2,0,0
GREEN,0.7,0.2,유해란,2,9,2,-1,박서현,2,10,2,0,0
GREEN,0.7,1.5,유해란,2,9,2,-1,박서현,2,11,2,1,0
GREEN,0.7,1.3,유해란,2,9,2,-1,박서현,2,12,3,2,-1
GREEN,0.7,0.9,유해란,2,9,2,-1,박서현,2,12,2,2,0
GREEN,0.7,0.4,유해란,2,9,2,-1,박서현,2,13,2,0,0
GREEN,0.7,1.0,유해란,2,9,2,-1,박서현,2,14,2,1,0
GREEN,0.7,1.3,유해란,2,9,2,-1,박서현,2,15,2,0,0
GREEN,0.7,0.2,유해란,2,9,2,-1,박서현,2,17,2,0,0
GREEN,0.7,1.3,유해란,2,9,2,-1,박서현,2,18,2,0,0
GREEN,0.7,1.3,유해란,2,9,2,-1,박서현,3,1,2,0,0
GREEN,0.7,1.4,유해란,2,9,2,-1,박서현,3,2,2,0,0
GREEN,0.7,0.4,유해란,2,9,2,-1,박서현,3,3,2,1,0
GREEN,0.7,0.5,유해란,2,9,2,-1,박서현,3,4,2,0,0
GREEN,0.7,1.2,유해란,2,9,2,-1,박서현,3,5,2,0,0
GREEN,0.7,0.3,유해란,2,9,2,-1,박서현,3,6,2,0,0
GREEN,0.7,0.5,유해란,2,9,2,-1,박서현,3,7,2,0,0
GREEN,0.7,0.3,유해란,2,9,2,-1,박서현,3,8,2,3,0
GREEN,0.7,0.2,유해란,2,9,2,-1,박서현,3,9,2,2,0
GREEN,0.7,0.9,유해란,2,9,2,-1,박서현,3,10,2,1,0
GREEN,0.7,1.0,유해란,2,9,2,-1,박서현,3,11,2,0,0
GREEN,0.7,1.2,유해란,2,9,2,-1,박서현,3,12,2,0,0
GREEN,0.7,1.3,유해란,2,9,2,-1,박서현,3,13,3,1,-1
GREEN,0.7,1.0,유해란,2,9,2,-1,박서현,3,13,2,1,0
GREEN,0.7,0.4,유해란,2,9,2,-1,박서현,3,14,2,0,0
GREEN,0.7,1.4,유해란,2,9,2,-1,박서현,3,15,2,1,0
GREEN,0.7,0.3,유해란,2,9,2,-1,박서현,3,16,2,0,0
GREEN,0.7,0.5,유해란,2,9,2,-1,박서현,3,18,2,0,0
GREEN,0.7,1.1,유해란,2,9,2,-1,박서현,4,1,2,0,0
GREEN,0.7,0.2,유해란,2,9,2,-1,박서현,4,2,2,0,0
GREEN,0.7,0.5,유해란,2,9,2,-1,박서현,4,3,2,1,0
GREEN,0.7,0.3,유해란,2,9,2,-1,박서현,4,4,2,1,0
GREEN,0.7,0.3,유해란,2,9,2,-1,박서현,4,5,2,0,0
GREEN,0.7,0.3,유해란,2,9,2,-1,박서현,4,8,2,0,0
GREEN,0.7,1.7,유해란,2,9,2,-1,박서현,4,9,3,2,-1
GREEN,0.7,0.4,유해란,2,9,2,-1,박서현,4,9,2,2,0
GREEN,0.7,1.6,유해란,2,9,2,-1,박서현,4,10,2,1,0
GREEN,0.7,0.4,유해란,2,9,2,-1,박서현,4,11,2,0,0
GREEN,0.7,0.8,유해란,2,9,2,-1,박서현,4,12,2,1,0
GREEN,0.7,1.6,유해란,2,9,2,-1,박서현,4,14,3,1,-1
GREEN,0.7,0.2,유해란,2,9,2,-1,박서현,4,14,2,1,0
GREEN,0.7,0.7,유해란,2,9,2,-1,박서현,4,15,2,0,0
GREEN,0.7,1.3,유해란,2,9,2,-1,박서현,4,16,2,0,0
GREEN,0.7,0.5,유해란,2,9,2,-1,박서현,4,17,2,1,0
GREEN,0.7,1.3,유해란,2,9,2,-1,박서현,4,18,2,1,0
FAIRWAY,309.1,310.1,유해란,2,10,5,0,이재윤,2,10,5,0,0
FAIRWAY,128.3,128.4,유해란,2,10,4,0,이재윤,3,8,4,0,0
GREEN,5.6,5.3,유해란,2,10,3,0,이재윤,1,1,3,0,0
GREEN,5.6,6.6,유해란,2,10,3,0,이재윤,1,2,3,0,0
GREEN,5.6,5.2,유해란,2,10,3,0,이재윤,2,1,2,0,1
GREEN,5.6,6.1,유해란,2,10,3,0,이재윤,3,2,3,0,0
GREEN,5.6,6.5,유해란,2,10,3,0,이재윤,3,10,3,1,0
GREEN,5.6,6.2,유해란,2,10,3,0,이재윤,3,11,3,0,0
GREEN,5.6,5.9,유해란,2,10,3,0,이재윤,3,16,2,-1,1
GREEN,5.6,5.0,유해란,2,10,3,0,이재윤,4,16,3,0,0
GREEN,5.6,5.9,유해란,2,10,3,0,박서현,1,4,3,0,0
GREEN,5.6,6.6,유해란,2,10,3,0,박서현,1,15,3,1,0
GREEN,5.6,4.8,유해란,2,10,3,0,박서현,1,17,3,0,0
GREEN,5.6,6.1,유해란,2,10,3,0,박서현,2,2,3,0,0
GREEN,5.6,5.3,유해란,2,10,3,0,박서현,2,3,3,0,0
GREEN,5.6,6.1,유해란,2,10,3,0,박서현,2,4,3,1,0
GREEN,5.6,5.1,유해란,2,10,3,0,박서현,2,17,3,0,0
GREEN,5.6,5.6,유해란,2,10,3,0,박서현,3,1,3,0,0
GREEN,5.6,4.6,유해란,2,10,3,0,박서현,3,4,3,0,0
GREEN,5.6,4.8,유해란,2,10,3,0,박서현,3,13,4,1,-1
GREEN,5.6,5.4,유해란,2,10,3,0,박서현,3,14,3,0,0
GREEN,5.6,5.6,유해란,2,10,3,0,박서현,3,16,3,0,0
GREEN,5.6,6.2,유해란,2,10,3,0,박서현,4,7,2,-1,1
GREEN,5.6,5.5,유해란,2,10,3,0,박서현,4,10,3,1,0
GREEN,0.6,0.5,유해란,2,10,2,0,이재윤,1,1,2,0,0
GREEN,0.6,0.5,유해란,2,10,2,0,이재윤,1,2,2,0,0
GREEN,0.6,1.3,유해란,2,10,2,0,이재윤,1,3,2,0,0
GREEN,0.6,0.5,유해란,2,10,2,0,이재윤,1,4,2,1,0
GREEN,0.6,0.8,유해란,2,10,2,0,이재윤,1,5,2,0,0
GREEN,0.6,0.5,유해란,2,10,2,0,이재윤,1,6,2,0,0
GREEN,0.6,0.5,유해란,2,10,2,0,이재윤,1,7,2,0,0
GREEN,0.6,0.2,유해란,2,10,2,0,이재윤,1,8,2,0,0
GREEN,0.6,1.4,유해란,2,10,2,0,이재윤,1,9,2,1,0
GREEN,0.6,0.8,유해란,2,10,2,0,이재윤,1,10,2,0,0
GREEN,0.6,0.7,유해란,2,10,2,0,이재윤,1,11,2,1,0
GREEN,0.6,0.3,유해란,2,10,2,0,이재윤,1,12,2,0,0
GREEN,0.6,0.9,유해란,2,10,2,0,이재윤,1,13,2,0,0
GREEN,0.6,1.6,유해란,2,10,2,0,이재윤,1,14,3,0,-1
GREEN,0.6,0.3,유해란,2,10,2,0,이재윤,1,14,2,0,0
GREEN,0.6,1.1,유해란,2,10,2,0,이재윤,1,15,2,1,0
GREEN,0.6,0.8,유해란,2,10,2,0,이재윤,1,18,2,0,0
GREEN,0.6,0.8,유해란,2,10,2,0,이재윤,2,3,2,0,0
GREEN,0.6,0.4,유해란,2,10,2,0,이재윤,2,4,2,1,0
GREEN,0.6,0.7,유해란,2,10,2,0,이재윤,2,5,2,0,0
GREEN,0.6,1.2,유해란,2,10,2,0,이재윤,2,6,2,0,0
GREEN,0.6,0.5,유해란,2,10,2,0,이재윤,2,7,2,0,0
GREEN,0.6,0.2,유해란,2,10,2,0,이재윤,2,8,2,0,0
GREEN,0.6,1.5,유해란,2,10,2,0,이재윤,2,9,2,0,0
GREEN,0.6,1.2,유해란,2,10,2,0,이재윤,2,10,2,0,0
GREEN,0.6,1.5,유해란,2,10,2,0,이재윤,2,11,2,1,0
GREEN,0.6,0.5,유해란,2,10,2,0,이재윤,2,12,2,0,0
GREEN,0.6,1.6,유해란,2,10,2,0,이재윤,2,13,2,-1,0
GREEN,0.6,1.5,유해란,2,10,2,0,이재윤,2,14,3,1,-1
GREEN,0.6,0.4,유해란,2,10,2,0,이재윤,2,14,2,1,0
GREEN,0.6,0.5,유해란,2,10,2,0,이재윤,2,15,2,1,0
GREEN,0.6,1.0,유해란,2,10,2,0,이재윤,2,17,2,0,0
GREEN,0.6,1.3,유해란,2,10,2,0,이재윤,2,18,2,0,0
GREEN,0.6,0.3,유해란,2,10,2,0,이재윤,3,1,2,1,0
GREEN,0.6,0.5,유해란,2,10,2,0,이재윤,3,2,2,0,0
GREEN,0.6,1.5,유해란,2,10,2,0,이재윤,3,4,2,0,0
GREEN,0.6,0.3,유해란,2,10,2,0,이재윤,3,5,2,0,0
GREEN,0.6,0.4,유해란,2,10,2,0,이재윤,3,6,2,0,0
GREEN,0.6,0.5,유해란,2,10,2,0,이재윤,3,7,2,0,0
GREEN,0.6,0.3,유해란,2,10,2,0,이재윤,3,8,2,0,0
GREEN,0.6,1.2,유해란,2,10,2,0,이재윤,3,9,2,0,0
GREEN,0.6,1.3,유해란,2,10,2,0,이재윤,3,10,2,1,0
GREEN,0.6,0.5,유해란,2,10,2,0,이재윤,3,11,2,0,0
GREEN,0.6,0.3,유해란,2,10,2,0,이재윤,3,13,2,1,0
GREEN,0.6,0.2,유해란,2,10,2,0,이재윤,3,14,2,0,0
GREEN,0.6,1.4,유해란,2,10,2,0,이재윤,3,15,2,0,0
GREEN,0.6,1.3,유해란,2,10,2,0,이재윤,3,17,2,0,0
GREEN,0.6,0.5,유해란,2,10,2,0,이재윤,3,18,2,0,0
GREEN,0.6,0.9,유해란,2,10,2,0,이재윤,4,1,2,0,0
GREEN,0.6,0.3,유해란,2,10,2,0,이재윤,4,2,2,1,0
GREEN,0.6,0.3,유해란,2,10,2,0,이재윤,4,5,2,0,0
GREEN,0.6,0.4,유해란,2,10,2,0,이재윤,4,8,2,0,0
GREEN,0.6,0.3,유해란,2,10,2,0,이재윤,4,9,2,0,0
GREEN,0.6,0.4,유해란,2,10,2,0,이재윤,4,12,2,0,0
GREEN,0.6,0.5,유해란,2,10,2,0,이재윤,4,13,2,0,0
GREEN,0.6,1.5,유해란,2,10,2,0,이재윤,4,14,3,1,-1
GREEN,0.6,1.0,유해란,2,10,2,0,이재윤,4,14,2,1,0
GREEN,0.6,1.2,유해란,2,10,2,0,이재윤,4,15,2,0,0
GREEN,0.6,0.5,유해란,2,10,2,0,이재윤,4,16,2,0,0
GREEN,0.6,0.3,유해란,2,10,2,0,이재윤,4,18,2,0,0
GREEN,0.6,0.4,유해란,2,10,2,0,박서현,1,2,2,0,0
GREEN,0.6,1.0,유해란,2,10,2,0,박서현,1,3,2,2,0
GREEN,0.6,0.5,유해란,2,10,2,0,박서현,1,4,2,0,0
GREEN,0.6,0.5,유해란,2,10,2,0,박서현,1,5,2,0,0
GREEN,0.6,0.4,유해란,2,10,2,0,박서현,1,6,2,1,0
GREEN,0.6,0.5,유해란,2,10,2,0,박서현,1,7,2,0,0
GREEN,0.6,0.5,유해란,2,10,2,0,박서현,1,8,2,1,0
GREEN,0.6,0.6,유해란,2,10,2,0,박서현,1,9,2,0,0
GREEN,0.6,0.3,유해란,2,10,2,0,박서현,1,10,2,0,0
GREEN,0.6,0.4,유해란,2,10,2,0,박서현,1,11,2,0,0
GREEN,0.6,1.1,유해란,2,10,2,0,박서현,1,13,2,1,0
GREEN,0.6,0.3,유해란,2,10,2,0,박서현,1,14,2,0,0
GREEN,0.6,0.5,유해란,2,10,2,0,박서현,1,15,2,1,0
GREEN,0.6,0.5,유해란,2,10,2,0,박서현,1,17,2,0,0
GREEN,0.6,0.3,유해란,2,10,2,0,박서현,2,1,2,0,0
GREEN,0.6,0.5,유해란,2,10,2,0,박서현,2,2,2,0,0
GREEN,0.6,0.5,유해란,2,10,2,0,박서현,2,3,2,0,0
GREEN,0.6,0.3,유해란,2,10,2,0,박서현,2,4,2,1,0
GREEN,0.6,1.2,유해란,2,10,2,0,박서현,2,5,3,1,-1
GREEN,0.6,0.4,유해란,2,10,2,0,박서현,2,5,2,1,0
GREEN,0.6,0.4,유해란,2,10,2,0,박서현,2,7,2,0,0
GREEN,0.6,1.5,유해란,2,10,2,0,박서현,2,9,2,0,0
GREEN,0.6,0.2,유해란,2,10,2,0,박서현,2,10,2,0,0
GREEN,0.6,1.5,유해란,2,10,2,0,박서현,2,11,2,1,0
GREEN,0.6,1.3,유해란,2,10,2,0,박서현,2,12,3,2,-1
GREEN,0.6,0.9,유해란,2,10,2,0,박서현,2,12,2,2,0
GREEN,0.6,0.4,유해란,2,10,2,0,박서현,2,13,2,0,0
GREEN,0.6,1.0,유해란,2,10,2,0,박서현,2,14,2,1,0
GREEN,0.6,1.3,유해란,2,10,2,0,박서현,2,15,2,0,0
GREEN,0.6,0.2,유해란,2,10,2,0,박서현,2,17,2,0,0
GREEN,0.6,1.3,유해란,2,10,2,0,박서현,2,18,2,0,0
GREEN,0.6,1.3,유해란,2,10,2,0,박서현,3,1,2,0,0
GREEN,0.6,1.4,유해란,2,10,2,0,박서현,3,2,2,0,0
GREEN,0.6,0.4,유해란,2,10,2,0,박서현,3,3,2,1,0
GREEN,0.6,0.5,유해란,2,10,2,0,박서현,3,4,2,0,0
GREEN,0.6,1.2,유해란,2,10,2,0,박서현,3,5,2,0,0
GREEN,0.6,0.3,유해란,2,10,2,0,박서현,3,6,2,0,0
GREEN,0.6,0.5,유해란,2,10,2,0,박서현,3,7,2,0,0
GREEN,0.6,0.3,유해란,2,10,2,0,박서현,3,8,2,3,0
GREEN,0.6,0.2,유해란,2,10,2,0,박서현,3,9,2,2,0
GREEN,0.6,0.9,유해란,2,10,2,0,박서현,3,10,2,1,0
GREEN,0.6,1.0,유해란,2,10,2,0,박서현,3,11,2,0,0
GREEN,0.6,1.2,유해란,2,10,2,0,박서현,3,12,2,0,0
GREEN,0.6,1.3,유해란,2,10,2,0,박서현,3,13,3,1,-1
GREEN,0.6,1.0,유해란,2,10,2,0,박서현,3,13,2,1,0
GREEN,0.6,0.4,유해란,2,10,2,0,박서현,3,14,2,0,0
GREEN,0.6,1.4,유해란,2,10,2,0,박서현,3,15,2,1,0
GREEN,0.6,0.3,유해란,2,10,2,0,박서현,3,16,2,0,0
GREEN,0.6,0.5,유해란,2,10,2,0,박서현,3,18,2,0,0
GREEN,0.6,1.1,유해란,2,10,2,0,박서현,4,1,2,0,0
GREEN,0.6,0.2,유해란,2,10,2,0,박서현,4,2,2,0,0
GREEN,0.6,0.5,유해란,2,10,2,0,박서현,4,3,2,1,0
GREEN,0.6,0.3,유해란,2,10,2,0,박서현,4,4,2,1,0
GREEN,0.6,0.3,유해란,2,10,2,0,박서현,4,5,2,0,0
GREEN,0.6,0.3,유해란,2,10,2,0,박서현,4,8,2,0,0
GREEN,0.6,0.4,유해란,2,10,2,0,박서현,4,9,2,2,0
GREEN,0.6,1.6,유해란,2,10,2,0,박서현,4,10,2,1,0
GREEN,0.6,0.4,유해란,2,10,2,0,박서현,4,11,2,0,0
GREEN,0.6,0.8,유해란,2,10,2,0,박서현,4,12,2,1,0
GREEN,0.6,1.6,유해란,2,10,2,0,박서현,4,14,3,1,-1
GREEN,0.6,0.2,유해란,2,10,2,0,박서현,4,14,2,1,0
GREEN,0.6,0.7,유해란,2,10,2,0,박서현,4,15,2,0,0
GREEN,0.6,1.3,유해란,2,10,2,0,박서현,4,16,2,0,0
GREEN,0.6,0.5,유해란,2,10,2,0,박서현,4,17,2,1,0
GREEN,0.6,1.3,유해란,2,10,2,0,박서현,4,18,2,1,0
GREEN,4.4,5.3,유해란,2,11,2,-1,이재윤,1,1,3,0,-1
GREEN,4.4,3.8,유해란,2,11,2,-1,이재윤,1,4,3,1,-1
GREEN,4.4,3.9,유해란,2,11,2,-1,이재윤,1,12,3,0,-1
GREEN,4.4,5.2,유해란,2,11,2,-1,이재윤,2,1,2,0,0
GREEN,4.4,4.5,유해란,2,11,2,-1,이재윤,4,11,3,0,-1
GREEN,4.4,4.2,유해란,2,11,2,-1,이재윤,4,13,3,0,-1
GREEN,4.4,5.0,유해란,2,11,2,-1,이재윤,4,16,3,0,-1
GREEN,4.4,3.5,유해란,2,11,2,-1,박서현,1,11,3,0,-1
GREEN,4.4,4.3,유해란,2,11,2,-1,박서현,1,14,3,0,-1
GREEN,4.4,4.8,유해란,2,11,2,-1,박서현,1,17,3,0,-1
GREEN,4.4,5.3,유해란,2,11,2,-1,박서현,2,3,3,0,-1
GREEN,4.4,3.6,유해란,2,11,2,-1,박서현,2,10,3,0,-1
GREEN,4.4,3.6,유해란,2,11,2,-1,박서현,2,16,2,0,0
GREEN,4.4,5.1,유해란,2,11,2,-1,박서현,2,17,3,0,-1
GREEN,4.4,4.6,유해란,2,11,2,-1,박서현,3,4,3,0,-1
GREEN,4.4,4.3,유해란,2,11,2,-1,박서현,3,9,3,2,-1
GREEN,4.4,4.8,유해란,2,11,2,-1,박서현,3,13,4,1,-2
GREEN,4.4,5.4,유해란,2,11,2,-1,박서현,3,14,3,0,-1
GREEN,4.4,3.7,유해란,2,11,2,-1,박서현,4,4,3,1,-1
GREEN,4.4,3.8,유해란,2,11,2,-1,박서현,4,6,2,0,0
GREEN,4.4,4.5,유해란,2,11,2,-1,박서현,4,11,3,0,-1
ROUGH,8.0,7.4,유해란,2,12,4,2,이재윤,2,2,3,0,1
ROUGH,8.0,7.9,유해란,2,12,4,2,이재윤,2,6,3,0,1
ROUGH,8.0,8.9,유해란,2,12,4,2,이재윤,2,10,3,0,1
ROUGH,8.0,8.0,유해란,2,12,4,2,이재윤,2,11,4,1,0
ROUGH,8.0,8.2,유해란,2,12,4,2,이재윤,3,4,3,0,1
ROUGH,8.0,7.4,유해란,2,12,4,2,박서현,1,3,4,2,0
ROUGH,8.0,8.8,유해란,2,12,4,2,박서현,1,10,3,0,1
GREEN,1.2,0.5,유해란,2,12,3,2,이재윤,1,1,2,0,1
GREEN,1.2,0.5,유해란,2,12,3,2,이재윤,1,2,2,0,1
GREEN,1.2,1.3,유해란,2,12,3,2,이재윤,1,3,2,0,1
GREEN,1.2,0.5,유해란,2,12,3,2,이재윤,1,4,2,1,1
GREEN,1.2,0.8,유해란,2,12,3,2,이재윤,1,5,2,0,1
GREEN,1.2,0.5,유해란,2,12,3,2,이재윤,1,6,2,0,1
GREEN,1.2,0.5,유해란,2,12,3,2,이재윤,1,7,2,0,1
GREEN,1.2,0.2,유해란,2,12,3,2,이재윤,1,8,2,0,1
GREEN,1.2,1.4,유해란,2,12,3,2,이재윤,1,9,2,1,1
GREEN,1.2,0.8,유해란,2,12,3,2,이재윤,1,10,2,0,1
GREEN,1.2,0.7,유해란,2,12,3,2,이재윤,1,11,2,1,1
GREEN,1.2,0.3,유해란,2,12,3,2,이재윤,1,12,2,0,1
GREEN,1.2,0.9,유해란,2,12,3,2,이재윤,1,13,2,0,1
GREEN,1.2,1.6,유해란,2,12,3,2,이재윤,1,14,3,0,0
GREEN,1.2,0.3,유해란,2,12,3,2,이재윤,1,14,2,0,1
GREEN,1.2,1.1,유해란,2,12,3,2,이재윤,1,15,2,1,1
GREEN,1.2,2.1,유해란,2,12,3,2,이재윤,1,17,2,0,1
GREEN,1.2,0.8,유해란,2,12,3,2,이재윤,1,18,2,0,1
GREEN,1.2,0.8,유해란,2,12,3,2,이재윤,2,3,2,0,1
GREEN,1.2,0.4,유해란,2,12,3,2,이재윤,2,4,2,1,1
GREEN,1.2,0.7,유해란,2,12,3,2,이재윤,2,5,2,0,1
GREEN,1.2,1.2,유해란,2,12,3,2,이재윤,2,6,2,0,1
GREEN,1.2,0.5,유해란,2,12,3,2,이재윤,2,7,2,0,1
GREEN,1.2,0.2,유해란,2,12,3,2,이재윤,2,8,2,0,1
GREEN,1.2,1.5,유해란,2,12,3,2,이재윤,2,9,2,0,1
GREEN,1.2,1.2,유해란,2,12,3,2,이재윤,2,10,2,0,1
GREEN,1.2,1.5,유해란,2,12,3,2,이재윤,2,11,2,1,1
GREEN,1.2,0.5,유해란,2,12,3,2,이재윤,2,12,2,0,1
GREEN,1.2,1.6,유해란,2,12,3,2,이재윤,2,13,2,-1,1
GREEN,1.2,1.5,유해란,2,12,3,2,이재윤,2,14,3,1,0
GREEN,1.2,0.4,유해란,2,12,3,2,이재윤,2,14,2,1,1
GREEN,1.2,0.5,유해란,2,12,3,2,이재윤,2,15,2,1,1
GREEN,1.2,1.7,유해란,2,12,3,2,이재윤,2,16,2,0,1
GREEN,1.2,1.0,유해란,2,12,3,2,이재윤,2,17,2,0,1
GREEN,1.2,1.3,유해란,2,12,3,2,이재윤,2,18,2,0,1
GREEN,1.2,0.3,유해란,2,12,3,2,이재윤,3,1,2,1,1
GREEN,1.2,0.5,유해란,2,12,3,2,이재윤,3,2,2,0,1
GREEN,1.2,1.5,유해란,2,12,3,2,이재윤,3,4,2,0,1
GREEN,1.2,0.3,유해란,2,12,3,2,이재윤,3,5,2,0,1
GREEN,1.2,2.1,유해란,2,12,3,2,이재윤,3,6,3,0,0
GREEN,1.2,0.4,유해란,2,12,3,2,이재윤,3,6,2,0,1
GREEN,1.2,0.5,유해란,2,12,3,2,이재윤,3,7,2,0,1
GREEN,1.2,0.3,유해란,2,12,3,2,이재윤,3,8,2,0,1
GREEN,1.2,1.2,유해란,2,12,3,2,이재윤,3,9,2,0,1
GREEN,1.2,1.3,유해란,2,12,3,2,이재윤,3,10,2,1,1
GREEN,1.2,0.5,유해란,2,12,3,2,이재윤,3,11,2,0,1
GREEN,1.2,0.3,유해란,2,12,3,2,이재윤,3,13,2,1,1
GREEN,1.2,0.2,유해란,2,12,3,2,이재윤,3,14,2,0,1
GREEN,1.2,1.4,유해란,2,12,3,2,이재윤,3,15,2,0,1
GREEN,1.2,1.3,유해란,2,12,3,2,이재윤,3,17,2,0,1
GREEN,1.2,0.5,유해란,2,12,3,2,이재윤,3,18,2,0,1
GREEN,1.2,0.9,유해란,2,12,3,2,이재윤,4,1,2,0,1
GREEN,1.2,0.3,유해란,2,12,3,2,이재윤,4,2,2,1,1
GREEN,1.2,0.3,유해란,2,12,3,2,이재윤,4,5,2,0,1
GREEN,1.2,0.4,유해란,2,12,3,2,이재윤,4,8,2,0,1
GREEN,1.2,0.3,유해란,2,12,3,2,이재윤,4,9,2,0,1
GREEN,1.2,2.0,유해란,2,12,3,2,이재윤,4,10,2,0,1
GREEN,1.2,1.7,유해란,2,12,3,2,이재윤,4,11,2,0,1
GREEN,1.2,0.4,유해란,2,12,3,2,이재윤,4,12,2,0,1
GREEN,1.2,0.5,유해란,2,12,3,2,이재윤,4,13,2,0,1
GREEN,1.2,1.5,유해란,2,12,3,2,이재윤,4,14,3,1,0
GREEN,1.2,1.0,유해란,2,12,3,2,이재윤,4,14,2,1,1
GREEN,1.2,1.2,유해란,2,12,3,2,이재윤,4,15,2,0,1
GREEN,1.2,0.5,유해란,2,12,3,2,이재윤,4,16,2,0,1
GREEN,1.2,1.8,유해란,2,12,3,2,이재윤,4,17,2,0,1
GREEN,1.2,0.3,유해란,2,12,3,2,이재윤,4,18,2,0,1
GREEN,1.2,0.4,유해란,2,12,3,2,박서현,1,2,2,0,1
GREEN,1.2,1.0,유해란,2,12,3,2,박서현,1,3,2,2,1
GREEN,1.2,0.5,유해란,2,12,3,2,박서현,1,4,2,0,1
GREEN,1.2,0.5,유해란,2,12,3,2,박서현,1,5,2,0,1
GREEN,1.2,0.4,유해란,2,12,3,2,박서현,1,6,2,1,1
GREEN,1.2,0.5,유해란,2,12,3,2,박서현,1,7,2,0,1
GREEN,1.2,2.0,유해란,2,12,3,2,박서현,1,8,3,1,0
GREEN,1.2,0.5,유해란,2,12,3,2,박서현,1,8,2,1,1
GREEN,1.2,0.6,유해란,2,12,3,2,박서현,1,9,2,0,1
GREEN,1.2,0.3,유해란,2,12,3,2,박서현,1,10,2,0,1
GREEN,1.2,0.4,유해란,2,12,3,2,박서현,1,11,2,0,1
GREEN,1.2,1.1,유해란,2,12,3,2,박서현,1,13,2,1,1
GREEN,1.2,0.3,유해란,2,12,3,2,박서현,1,14,2,0,1
GREEN,1.2,0.5,유해란,2,12,3,2,박서현,1,15,2,1,1
GREEN,1.2,0.5,유해란,2,12,3,2,박서현,1,17,2,0,1
GREEN,1.2,0.3,유해란,2,12,3,2,박서현,2,1,2,0,1
GREEN,1.2,0.5,유해란,2,12,3,2,박서현,2,2,2,0,1
GREEN,1.2,0.5,유해란,2,12,3,2,박서현,2,3,2,0,1
GREEN,1.2,0.3,유해란,2,12,3,2,박서현,2,4,2,1,1
GREEN,1.2,1.2,유해란,2,12,3,2,박서현,2,5,3,1,0
GREEN,1.2,0.4,유해란,2,12,3,2,박서현,2,5,2,1,1
GREEN,1.2,0.4,유해란,2,12,3,2,박서현,2,7,2,0,1
GREEN,1.2,1.5,유해란,2,12,3,2,박서현,2,9,2,0,1
GREEN,1.2,0.2,유해란,2,12,3,2,박서현,2,10,2,0,1
GREEN,1.2,1.5,유해란,2,12,3,2,박서현,2,11,2,1,1
GREEN,1.2,1.3,유해란,2,12,3,2,박서현,2,12,3,2,0
GREEN,1.2,0.9,유해란,2,12,3,2,박서현,2,12,2,2,1
GREEN,1.2,0.4,유해란,2,12,3,2,박서현,2,13,2,0,1
GREEN,1.2,1.0,유해란,2,12,3,2,박서현,2,14,2,1,1
GREEN,1.2,1.3,유해란,2,12,3,2,박서현,2,15,2,0,1
GREEN,1.2,0.2,유해란,2,12,3,2,박서현,2,17,2,0,1
GREEN,1.2,1.3,유해란,2,12,3,2,박서현,2,18,2,0,1
GREEN,1.2,1.3,유해란,2,12,3,2,박서현,3,1,2,0,1
GREEN,1.2,1.4,유해란,2,12,3,2,박서현,3,2,2,0,1
GREEN,1.2,0.4,유해란,2,12,3,2,박서현,3,3,2,1,1
GREEN,1.2,0.5,유해란,2,12,3,2,박서현,3,4,2,0,1
GREEN,1.2,1.2,유해란,2,12,3,2,박서현,3,5,2,0,1
GREEN,1.2,0.3,유해란,2,12,3,2,박서현,3,6,2,0,1
GREEN,1.2,0.5,유해란,2,12,3,2,박서현,3,7,2,0,1
GREEN,1.2,0.3,유해란,2,12,3,2,박서현,3,8,2,3,1
GREEN,1.2,0.2,유해란,2,12,3,2,박서현,3,9,2,2,1
GREEN,1.2,1.9,유해란,2,12,3,2,박서현,3,10,3,1,0
GREEN,1.2,0.9,유해란,2,12,3,2,박서현,3,10,2,1,1
GREEN,1.2,1.0,유해란,2,12,3,2,박서현,3,11,2,0,1
GREEN,1.2,1.2,유해란,2,12,3,2,박서현,3,12,2,0,1
GREEN,1.2,1.3,유해란,2,12,3,2,박서현,3,13,3,1,0
GREEN,1.2,1.0,유해란,2,12,3,2,박서현,3,13,2,1,1
GREEN,1.2,0.4,유해란,2,12,3,2,박서현,3,14,2,0,1
GREEN,1.2,1.4,유해란,2,12,3,2,박서현,3,15,2,1,1
GREEN,1.2,0.3,유해란,2,12,3,2,박서현,3,16,2,0,1
GREEN,1.2,1.9,유해란,2,12,3,2,박서현,3,17,2,0,1
GREEN,1.2,0.5,유해란,2,12,3,2,박서현,3,18,2,0,1
GREEN,1.2,1.1,유해란,2,12,3,2,박서현,4,1,2,0,1
GREEN,1.2,0.2,유해란,2,12,3,2,박서현,4,2,2,0,1
GREEN,1.2,0.5,유해란,2,12,3,2,박서현,4,3,2,1,1
GREEN,1.2,0.3,유해란,2,12,3,2,박서현,4,4,2,1,1
GREEN,1.2,0.3,유해란,2,12,3,2,박서현,4,5,2,0,1
GREEN,1.2,0.3,유해란,2,12,3,2,박서현,4,8,2,0,1
GREEN,1.2,1.7,유해란,2,12,3,2,박서현,4,9,3,2,0
GREEN,1.2,0.4,유해란,2,12,3,2,박서현,4,9,2,2,1
GREEN,1.2,1.6,유해란,2,12,3,2,박서현,4,10,2,1,1
GREEN,1.2,0.4,유해란,2,12,3,2,박서현,4,11,2,0,1
GREEN,1.2,1.9,유해란,2,12,3,2,박서현,4,12,3,1,0
GREEN,1.2,0.8,유해란,2,12,3,2,박서현,4,12,2,1,1
GREEN,1.2,1.6,유해란,2,12,3,2,박서현,4,14,3,1,0
GREEN,1.2,0.2,유해란,2,12,3,2,박서현,4,14,2,1,1
GREEN,1.2,0.7,유해란,2,12,3,2,박서현,4,15,2,0,1
GREEN,1.2,1.3,유해란,2,12,3,2,박서현,4,16,2,0,1
GREEN,1.2,0.5,유해란,2,12,3,2,박서현,4,17,2,1,1
GREEN,1.2,1.3,유해란,2,12,3,2,박서현,4,18,2,1,1
GREEN,0.5,0.5,유해란,2,12,2,2,이재윤,1,1,2,0,0
GREEN,0.5,0.5,유해란,2,12,2,2,이재윤,1,2,2,0,0
GREEN,0.5,1.3,유해란,2,12,2,2,이재윤,1,3,2,0,0
GREEN,0.5,0.5,유해란,2,12,2,2,이재윤,1,4,2,1,0
GREEN,0.5,0.8,유해란,2,12,2,2,이재윤,1,5,2,0,0
GREEN,0.5,0.5,유해란,2,12,2,2,이재윤,1,6,2,0,0
GREEN,0.5,0.5,유해란,2,12,2,2,이재윤,1,7,2,0,0
GREEN,0.5,0.2,유해란,2,12,2,2,이재윤,1,8,2,0,0
GREEN,0.5,1.4,유해란,2,12,2,2,이재윤,1,9,2,1,0
GREEN,0.5,0.8,유해란,2,12,2,2,이재윤,1,10,2,0,0
GREEN,0.5,0.7,유해란,2,12,2,2,이재윤,1,11,2,1,0
GREEN,0.5,0.3,유해란,2,12,2,2,이재윤,1,12,2,0,0
GREEN,0.5,0.9,유해란,2,12,2,2,이재윤,1,13,2,0,0
GREEN,0.5,0.3,유해란,2,12,2,2,이재윤,1,14,2,0,0
GREEN,0.5,1.1,유해란,2,12,2,2,이재윤,1,15,2,1,0
GREEN,0.5,0.8,유해란,2,12,2,2,이재윤,1,18,2,0,0
GREEN,0.5,0.8,유해란,2,12,2,2,이재윤,2,3,2,0,0
GREEN,0.5,0.4,유해란,2,12,2,2,이재윤,2,4,2,1,0
GREEN,0.5,0.7,유해란,2,12,2,2,이재윤,2,5,2,0,0
GREEN,0.5,1.2,유해란,2,12,2,2,이재윤,2,6,2,0,0
GREEN,0.5,0.5,유해란,2,12,2,2,이재윤,2,7,2,0,0
GREEN,0.5,0.2,유해란,2,12,2,2,이재윤,2,8,2,0,0
GREEN,0.5,1.5,유해란,2,12,2,2,이재윤,2,9,2,0,0
GREEN,0.5,1.2,유해란,2,12,2,2,이재윤,2,10,2,0,0
GREEN,0.5,1.5,유해란,2,12,2,2,이재윤,2,11,2,1,0
GREEN,0.5,0.5,유해란,2,12,2,2,이재윤,2,12,2,0,0
GREEN,0.5,1.5,유해란,2,12,2,2,이재윤,2,14,3,1,-1
GREEN,0.5,0.4,유해란,2,12,2,2,이재윤,2,14,2,1,0
GREEN,0.5,0.5,유해란,2,12,2,2,이재윤,2,15,2,1,0
GREEN,0.5,1.0,유해란,2,12,2,2,이재윤,2,17,2,0,0
GREEN,0.5,1.3,유해란,2,12,2,2,이재윤,2,18,2,0,0
GREEN,0.5,0.3,유해란,2,12,2,2,이재윤,3,1,2,1,0
GREEN,0.5,0.5,유해란,2,12,2,2,이재윤,3,2,2,0,0
GREEN,0.5,1.5,유해란,2,12,2,2,이재윤,3,4,2,0,0
GREEN,0.5,0.3,유해란,2,12,2,2,이재윤,3,5,2,0,0
GREEN,0.5,0.4,유해란,2,12,2,2,이재윤,3,6,2,0,0
GREEN,0.5,0.5,유해란,2,12,2,2,이재윤,3,7,2,0,0
GREEN,0.5,0.3,유해란,2,12,2,2,이재윤,3,8,2,0,0
GREEN,0.5,1.2,유해란,2,12,2,2,이재윤,3,9,2,0,0
GREEN,0.5,1.3,유해란,2,12,2,2,이재윤,3,10,2,1,0
GREEN,0.5,0.5,유해란,2,12,2,2,이재윤,3,11,2,0,0
GREEN,0.5,0.3,유해란,2,12,2,2,이재윤,3,13,2,1,0
GREEN,0.5,0.2,유해란,2,12,2,2,이재윤,3,14,2,0,0
GREEN,0.5,1.4,유해란,2,12,2,2,이재윤,3,15,2,0,0
GREEN,0.5,1.3,유해란,2,12,2,2,이재윤,3,17,2,0,0
GREEN,0.5,0.5,유해란,2,12,2,2,이재윤,3,18,2,0,0
GREEN,0.5,0.9,유해란,2,12,2,2,이재윤,4,1,2,0,0
GREEN,0.5,0.3,유해란,2,12,2,2,이재윤,4,2,2,1,0
GREEN,0.5,0.3,유해란,2,12,2,2,이재윤,4,5,2,0,0
GREEN,0.5,0.4,유해란,2,12,2,2,이재윤,4,8,2,0,0
GREEN,0.5,0.3,유해란,2,12,2,2,이재윤,4,9,2,0,0
GREEN,0.5,0.4,유해란,2,12,2,2,이재윤,4,12,2,0,0
GREEN,0.5,0.5,유해란,2,12,2,2,이재윤,4,13,2,0,0
GREEN,0.5,1.5,유해란,2,12,2,2,이재윤,4,14,3,1,-1
GREEN,0.5,1.0,유해란,2,12,2,2,이재윤,4,14,2,1,0
GREEN,0.5,1.2,유해란,2,12,2,2,이재윤,4,15,2,0,0
GREEN,0.5,0.5,유해란,2,12,2,2,이재윤,4,16,2,0,0
GREEN,0.5,0.3,유해란,2,12,2,2,이재윤,4,18,2,0,0
GREEN,0.5,0.4,유해란,2,12,2,2,박서현,1,2,2,0,0
GREEN,0.5,1.0,유해란,2,12,2,2,박서현,1,3,2,2,0
GREEN,0.5,0.5,유해란,2,12,2,2,박서현,1,4,2,0,0
GREEN,0.5,0.5,유해란,2,12,2,2,박서현,1,5,2,0,0
GREEN,0.5,0.4,유해란,2,12,2,2,박서현,1,6,2,1,0
GREEN,0.5,0.5,유해란,2,12,2,2,박서현,1,7,2,0,0
GREEN,0.5,0.5,유해란,2,12,2,2,박서현,1,8,2,1,0
GREEN,0.5,0.6,유해란,2,12,2,2,박서현,1,9,2,0,0
GREEN,0.5,0.3,유해란,2,12,2,2,박서현,1,10,2,0,0
GREEN,0.5,0.4,유해란,2,12,2,2,박서현,1,11,2,0,0
GREEN,0.5,1.1,유해란,2,12,2,2,박서현,1,13,2,1,0
GREEN,0.5,0.3,유해란,2,12,2,2,박서현,1,14,2,0,0
GREEN,0.5,0.5,유해란,2,12,2,2,박서현,1,15,2,1,0
GREEN,0.5,0.5,유해란,2,12,2,2,박서현,1,17,2,0,0
GREEN,0.5,0.3,유해란,2,12,2,2,박서현,2,1,2,0,0
GREEN,0.5,0.5,유해란,2,12,2,2,박서현,2,2,2,0,0
GREEN,0.5,0.5,유해란,2,12,2,2,박서현,2,3,2,0,0
GREEN,0.5,0.3,유해란,2,12,2,2,박서현,2,4,2,1,0
GREEN,0.5,1.2,유해란,2,12,2,2,박서현,2,5,3,1,-1
GREEN,0.5,0.4,유해란,2,12,2,2,박서현,2,5,2,1,0
GREEN,0.5,0.4,유해란,2,12,2,2,박서현,2,7,2,0,0
GREEN,0.5,1.5,유해란,2,12,2,2,박서현,2,9,2,0,0
GREEN,0.5,0.2,유해란,2,12,2,2,박서현,2,10,2,0,0
GREEN,0.5,1.5,유해란,2,12,2,2,박서현,2,11,2,1,0
GREEN,0.5,1.3,유해란,2,12,2,2,박서현,2,12,3,2,-1
GREEN,0.5,0.9,유해란,2,12,2,2,박서현,2,12,2,2,0
GREEN,0.5,0.4,유해란,2,12,2,2,박서현,2,13,2,0,0
GREEN,0.5,1.0,유해란,2,12,2,2,박서현,2,14,2,1,0
GREEN,0.5,1.3,유해란,2,12,2,2,박서현,2,15,2,0,0
GREEN,0.5,0.2,유해란,2,12,2,2,박서현,2,17,2,0,0
GREEN,0.5,1.3,유해란,2,12,2,2,박서현,2,18,2,0,0
GREEN,0.5,1.3,유해란,2,12,2,2,박서현,3,1,2,0,0
GREEN,0.5,1.4,유해란,2,12,2,2,박서현,3,2,2,0,0
GREEN,0.5,0.4,유해란,2,12,2,2,박서현,3,3,2,1,0
GREEN,0.5,0.5,유해란,2,12,2,2,박서현,3,4,2,0,0
GREEN,0.5,1.2,유해란,2,12,2,2,박서현,3,5,2,0,0
GREEN,0.5,0.3,유해란,2,12,2,2,박서현,3,6,2,0,0
GREEN,0.5,0.5,유해란,2,12,2,2,박서현,3,7,2,0,0
GREEN,0.5,0.3,유해란,2,12,2,2,박서현,3,8,2,3,0
GREEN,0.5,0.2,유해란,2,12,2,2,박서현,3,9,2,2,0
GREEN,0.5,0.9,유해란,2,12,2,2,박서현,3,10,2,1,0
GREEN,0.5,1.0,유해란,2,12,2,2,박서현,3,11,2,0,0
GREEN,0.5,1.2,유해란,2,12,2,2,박서현,3,12,2,0,0
GREEN,0.5,1.3,유해란,2,12,2,2,박서현,3,13,3,1,-1
GREEN,0.5,1.0,유해란,2,12,2,2,박서현,3,13,2,1,0
GREEN,0.5,0.4,유해란,2,12,2,2,박서현,3,14,2,0,0
GREEN,0.5,1.4,유해란,2,12,2,2,박서현,3,15,2,1,0
GREEN,0.5,0.3,유해란,2,12,2,2,박서현,3,16,2,0,0
GREEN,0.5,0.5,유해란,2,12,2,2,박서현,3,18,2,0,0
GREEN,0.5,1.1,유해란,2,12,2,2,박서현,4,1,2,0,0
GREEN,0.5,0.2,유해란,2,12,2,2,박서현,4,2,2,0,0
GREEN,0.5,0.5,유해란,2,12,2,2,박서현,4,3,2,1,0
GREEN,0.5,0.3,유해란,2,12,2,2,박서현,4,4,2,1,0
GREEN,0.5,0.3,유해란,2,12,2,2,박서현,4,5,2,0,0
GREEN,0.5,0.3,유해란,2,12,2,2,박서현,4,8,2,0,0
GREEN,0.5,0.4,유해란,2,12,2,2,박서현,4,9,2,2,0
GREEN,0.5,0.4,유해란,2,12,2,2,박서현,4,11,2,0,0
GREEN,0.5,0.8,유해란,2,12,2,2,박서현,4,12,2,1,0
GREEN,0.5,0.2,유해란,2,12,2,2,박서현,4,14,2,1,0
GREEN,0.5,0.7,유해란,2,12,2,2,박서현,4,15,2,0,0
GREEN,0.5,1.3,유해란,2,12,2,2,박서현,4,16,2,0,0
GREEN,0.5,0.5,유해란,2,12,2,2,박서현,4,17,2,1,0
GREEN,0.5,1.3,유해란,2,12,2,2,박서현,4,18,2,1,0
FAIRWAY,89.4,89.4,유해란,2,13,4,0,이재윤,1,18,4,0,0
FAIRWAY,89.4,88.8,유해란,2,13,4,0,이재윤,3,4,4,0,0
FAIRWAY,89.4,88.9,유해란,2,13,4,0,이재윤,3,18,4,0,0
FAIRWAY,89.4,89.8,유해란,2,13,4,0,이재윤,4,18,4,0,0
GREEN,3.7,3.8,유해란,2,13,3,0,이재윤,1,4,3,1,0
GREEN,3.7,3.1,유해란,2,13,3,0,이재윤,1,7,3,0,0
GREEN,3.7,3.1,유해란,2,13,3,0,이재윤,1,11,3,1,0
GREEN,3.7,3.9,유해란,2,13,3,0,이재윤,1,12,3,0,0
GREEN,3.7,3.4,유해란,2,13,3,0,이재윤,1,15,3,1,0
GREEN,3.7,2.8,유해란,2,13,3,0,이재윤,1,16,2,0,1
GREEN,3.7,3.0,유해란,2,13,3,0,이재윤,2,2,2,0,1
GREEN,3.7,3.1,유해란,2,13,3,0,이재윤,3,1,3,1,0
GREEN,3.7,3.0,유해란,2,13,3,0,이재윤,3,3,2,0,1
GREEN,3.7,2.8,유해란,2,13,3,0,이재윤,3,7,3,0,0
GREEN,3.7,3.0,유해란,2,13,3,0,이재윤,3,13,3,1,0
GREEN,3.7,2.7,유해란,2,13,3,0,이재윤,4,6,2,-1,1
GREEN,3.7,2.8,유해란,2,13,3,0,이재윤,4,7,2,-1,1
GREEN,3.7,4.5,유해란,2,13,3,0,이재윤,4,11,3,0,0
GREEN,3.7,4.2,유해란,2,13,3,0,이재윤,4,13,3,0,0
GREEN,3.7,3.1,유해란,2,13,3,0,이재윤,4,18,3,0,0
GREEN,3.7,3.4,유해란,2,13,3,0,박서현,1,3,3,2,0
GREEN,3.7,3.5,유해란,2,13,3,0,박서현,1,11,3,0,0
GREEN,3.7,4.3,유해란,2,13,3,0,박서현,1,14,3,0,0
GREEN,3.7,2.7,유해란,2,13,3,0,박서현,1,16,2,-1,1
GREEN,3.7,3.3,유해란,2,13,3,0,박서현,2,8,2,0,1
GREEN,3.7,3.6,유해란,2,13,3,0,박서현,2,10,3,0,0
GREEN,3.7,3.6,유해란,2,13,3,0,박서현,2,16,2,0,1
GREEN,3.7,4.6,유해란,2,13,3,0,박서현,3,4,3,0,0
GREEN,3.7,4.3,유해란,2,13,3,0,박서현,3,9,3,2,0
GREEN,3.7,2.7,유해란,2,13,3,0,박서현,3,15,3,1,0
GREEN,3.7,2.8,유해란,2,13,3,0,박서현,4,3,3,1,0
GREEN,3.7,3.7,유해란,2,13,3,0,박서현,4,4,3,1,0
GREEN,3.7,3.8,유해란,2,13,3,0,박서현,4,6,2,0,1
GREEN,3.7,3.4,유해란,2,13,3,0,박서현,4,9,4,2,-1
GREEN,3.7,4.5,유해란,2,13,3,0,박서현,4,11,3,0,0
GREEN,3.7,3.4,유해란,2,13,3,0,박서현,4,13,2,0,1
GREEN,0.3,0.5,유해란,2,13,2,0,이재윤,1,1,2,0,0
GREEN,0.3,0.5,유해란,2,13,2,0,이재윤,1,2,2,0,0
GREEN,0.3,1.3,유해란,2,13,2,0,이재윤,1,3,2,0,0
GREEN,0.3,0.5,유해란,2,13,2,0,이재윤,1,4,2,1,0
GREEN,0.3,0.8,유해란,2,13,2,0,이재윤,1,5,2,0,0
GREEN,0.3,0.5,유해란,2,13,2,0,이재윤,1,6,2,0,0
GREEN,0.3,0.5,유해란,2,13,2,0,이재윤,1,7,2,0,0
GREEN,0.3,0.2,유해란,2,13,2,0,이재윤,1,8,2,0,0
GREEN,0.3,0.8,유해란,2,13,2,0,이재윤,1,10,2,0,0
GREEN,0.3,0.7,유해란,2,13,2,0,이재윤,1,11,2,1,0
GREEN,0.3,0.3,유해란,2,13,2,0,이재윤,1,12,2,0,0
GREEN,0.3,0.9,유해란,2,13,2,0,이재윤,1,13,2,0,0
GREEN,0.3,0.3,유해란,2,13,2,0,이재윤,1,14,2,0,0
GREEN,0.3,1.1,유해란,2,13,2,0,이재윤,1,15,2,1,0
GREEN,0.3,0.8,유해란,2,13,2,0,이재윤,1,18,2,0,0
GREEN,0.3,0.8,유해란,2,13,2,0,이재윤,2,3,2,0,0
GREEN,0.3,0.4,유해란,2,13,2,0,이재윤,2,4,2,1,0
GREEN,0.3,0.7,유해란,2,13,2,0,이재윤,2,5,2,0,0
GREEN,0.3,1.2,유해란,2,13,2,0,이재윤,2,6,2,0,0
GREEN,0.3,0.5,유해란,2,13,2,0,이재윤,2,7,2,0,0
GREEN,0.3,0.2,유해란,2,13,2,0,이재윤,2,8,2,0,0
GREEN,0.3,1.2,유해란,2,13,2,0,이재윤,2,10,2,0,0
GREEN,0.3,0.5,유해란,2,13,2,0,이재윤,2,12,2,0,0
GREEN,0.3,0.4,유해란,2,13,2,0,이재윤,2,14,2,1,0
GREEN,0.3,0.5,유해란,2,13,2,0,이재윤,2,15,2,1,0
GREEN,0.3,1.0,유해란,2,13,2,0,이재윤,2,17,2,0,0
GREEN,0.3,1.3,유해란,2,13,2,0,이재윤,2,18,2,0,0
GREEN,0.3,0.3,유해란,2,13,2,0,이재윤,3,1,2,1,0
GREEN,0.3,0.5,유해란,2,13,2,0,이재윤,3,2,2,0,0
GREEN,0.3,0.3,유해란,2,13,2,0,이재윤,3,5,2,0,0
GREEN,0.3,0.4,유해란,2,13,2,0,이재윤,3,6,2,0,0
GREEN,0.3,0.5,유해란,2,13,2,0,이재윤,3,7,2,0,0
GREEN,0.3,0.3,유해란,2,13,2,0,이재윤,3,8,2,0,0
GREEN,0.3,1.2,유해란,2,13,2,0,이재윤,3,9,2,0,0
GREEN,0.3,1.3,유해란,2,13,2,0,이재윤,3,10,2,1,0
GREEN,0.3,0.5,유해란,2,13,2,0,이재윤,3,11,2,0,0
GREEN,0.3,0.3,유해란,2,13,2,0,이재윤,3,13,2,1,0
GREEN,0.3,0.2,유해란,2,13,2,0,이재윤,3,14,2,0,0
GREEN,0.3,1.3,유해란,2,13,2,0,이재윤,3,17,2,0,0
GREEN,0.3,0.5,유해란,2,13,2,0,이재윤,3,18,2,0,0
GREEN,0.3,0.9,유해란,2,13,2,0,이재윤,4,1,2,0,0
GREEN,0.3,0.3,유해란,2,13,2,0,이재윤,4,2,2,1,0
GREEN,0.3,0.3,유해란,2,13,2,0,이재윤,4,5,2,0,0
GREEN,0.3,0.4,유해란,2,13,2,0,이재윤,4,8,2,0,0
GREEN,0.3,0.3,유해란,2,13,2,0,이재윤,4,9,2,0,0
GREEN,0.3,0.4,유해란,2,13,2,0,이재윤,4,12,2,0,0
GREEN,0.3,0.5,유해란,2,13,2,0,이재윤,4,13,2,0,0
GREEN,0.3,1.0,유해란,2,13,2,0,이재윤,4,14,2,1,0
GREEN,0.3,1.2,유해란,2,13,2,0,이재윤,4,15,2,0,0
GREEN,0.3,0.5,유해란,2,13,2,0,이재윤,4,16,2,0,0
GREEN,0.3,0.3,유해란,2,13,2,0,이재윤,4,18,2,0,0
GREEN,0.3,0.4,유해란,2,13,2,0,박서현,1,2,2,0,0
GREEN,0.3,1.0,유해란,2,13,2,0,박서현,1,3,2,2,0
GREEN,0.3,0.5,유해란,2,13,2,0,박서현,1,4,2,0,0
GREEN,0.3,0.5,유해란,2,13,2,0,박서현,1,5,2,0,0
GREEN,0.3,0.4,유해란,2,13,2,0,박서현,1,6,2,1,0
GREEN,0.3,0.5,유해란,2,13,2,0,박서현,1,7,2,0,0
GREEN,0.3,0.5,유해란,2,13,2,0,박서현,1,8,2,1,0
GREEN,0.3,0.6,유해란,2,13,2,0,박서현,1,9,2,0,0
GREEN,0.3,0.3,유해란,2,13,2,0,박서현,1,10,2,0,0
GREEN,0.3,0.4,유해란,2,13,2,0,박서현,1,11,2,0,0
GREEN,0.3,1.1,유해란,2,13,2,0,박서현,1,13,2,1,0
GREEN,0.3,0.3,유해란,2,13,2,0,박서현,1,14,2,0,0
GREEN,0.3,0.5,유해란,2,13,2,0,박서현,1,15,2,1,0
GREEN,0.3,0.5,유해란,2,13,2,0,박서현,1,17,2,0,0
GREEN,0.3,0.3,유해란,2,13,2,0,박서현,2,1,2,0,0
GREEN,0.3,0.5,유해란,2,13,2,0,박서현,2,2,2,0,0
GREEN,0.3,0.5,유해란,2,13,2,0,박서현,2,3,2,0,0
GREEN,0.3,0.3,유해란,2,13,2,0,박서현,2,4,2,1,0
GREEN,0.3,1.2,유해란,2,13,2,0,박서현,2,5,3,1,-1
GREEN,0.3,0.4,유해란,2,13,2,0,박서현,2,5,2,1,0
GREEN,0.3,0.4,유해란,2,13,2,0,박서현,2,7,2,0,0
GREEN,0.3,0.2,유해란,2,13,2,0,박서현,2,10,2,0,0
GREEN,0.3,1.3,유해란,2,13,2,0,박서현,2,12,3,2,-1
GREEN,0.3,0.9,유해란,2,13,2,0,박서현,2,12,2,2,0
GREEN,0.3,0.4,유해란,2,13,2,0,박서현,2,13,2,0,0
GREEN,0.3,1.0,유해란,2,13,2,0,박서현,2,14,2,1,0
GREEN,0.3,1.3,유해란,2,13,2,0,박서현,2,15,2,0,0
GREEN,0.3,0.2,유해란,2,13,2,0,박서현,2,17,2,0,0
GREEN,0.3,1.3,유해란,2,13,2,0,박서현,2,18,2,0,0
GREEN,0.3,1.3,유해란,2,13,2,0,박서현,3,1,2,0,0
GREEN,0.3,0.4,유해란,2,13,2,0,박서현,3,3,2,1,0
GREEN,0.3,0.5,유해란,2,13,2,0,박서현,3,4,2,0,0
GREEN,0.3,1.2,유해란,2,13,2,0,박서현,3,5,2,0,0
GREEN,0.3,0.3,유해란,2,13,2,0,박서현,3,6,2,0,0
GREEN,0.3,0.5,유해란,2,13,2,0,박서현,3,7,2,0,0
GREEN,0.3,0.3,유해란,2,13,2,0,박서현,3,8,2,3,0
GREEN,0.3,0.2,유해란,2,13,2,0,박서현,3,9,2,2,0
GREEN,0.3,0.9,유해란,2,13,2,0,박서현,3,10,2,1,0
GREEN,0.3,1.0,유해란,2,13,2,0,박서현,3,11,2,0,0
GREEN,0.3,1.2,유해란,2,13,2,0,박서현,3,12,2,0,0
GREEN,0.3,1.3,유해란,2,13,2,0,박서현,3,13,3,1,-1
GREEN,0.3,1.0,유해란,2,13,2,0,박서현,3,13,2,1,0
GREEN,0.3,0.4,유해란,2,13,2,0,박서현,3,14,2,0,0
GREEN,0.3,0.3,유해란,2,13,2,0,박서현,3,16,2,0,0
GREEN,0.3,0.5,유해란,2,13,2,0,박서현,3,18,2,0,0
GREEN,0.3,1.1,유해란,2,13,2,0,박서현,4,1,2,0,0
GREEN,0.3,0.2,유해란,2,13,2,0,박서현,4,2,2,0,0
GREEN,0.3,0.5,유해란,2,13,2,0,박서현,4,3,2,1,0
GREEN,0.3,0.3,유해란,2,13,2,0,박서현,4,4,2,1,0
GREEN,0.3,0.3,유해란,2,13,2,0,박서현,4,5,2,0,0
GREEN,0.3,0.3,유해란,2,13,2,0,박서현,4,8,2,0,0
GREEN,0.3,0.4,유해란,2,13,2,0,박서현,4,9,2,2,0
GREEN,0.3,0.4,유해란,2,13,2,0,박서현,4,11,2,0,0
GREEN,0.3,0.8,유해란,2,13,2,0,박서현,4,12,2,1,0
GREEN,0.3,0.2,유해란,2,13,2,0,박서현,4,14,2,1,0
GREEN,0.3,0.7,유해란,2,13,2,0,박서현,4,15,2,0,0
GREEN,0.3,1.3,유해란,2,13,2,0,박서현,4,16,2,0,0
GREEN,0.3,0.5,유해란,2,13,2,0,박서현,4,17,2,1,0
GREEN,0.3,1.3,유해란,2,13,2,0,박서현,4,18,2,1,0
FAIRWAY,156.2,156.7,유해란,2,14,4,0,박서현,1,9,4,0,0
FAIRWAY,156.2,157.2,유해란,2,14,4,0,박서현,2,15,4,0,0
GREEN,6.3,5.3,유해란,2,14,3,0,이재윤,1,1,3,0,0
GREEN,6.3,6.6,유해란,2,14,3,0,이재윤,1,2,3,0,0
GREEN,6.3,7.3,유해란,2,14,3,0,이재윤,2,15,3,1,0
GREEN,6.3,7.3,유해란,2,14,3,0,이재윤,2,16,3,0,0
GREEN,6.3,6.1,유해란,2,14,3,0,이재윤,3,2,3,0,0
GREEN,6.3,6.5,유해란,2,14,3,0,이재윤,3,10,3,1,0
GREEN,6.3,6.2,유해란,2,14,3,0,이재윤,3,11,3,0,0
GREEN,6.3,5.9,유해란,2,14,3,0,이재윤,3,16,2,-1,1
GREEN,6.3,7.2,유해란,2,14,3,0,이재윤,4,9,3,0,0
GREEN,6.3,6.8,유해란,2,14,3,0,이재윤,4,15,3,0,0
GREEN,6.3,5.9,유해란,2,14,3,0,박서현,1,4,3,0,0
GREEN,6.3,7.2,유해란,2,14,3,0,박서현,1,5,3,0,0
GREEN,6.3,6.9,유해란,2,14,3,0,박서현,1,6,3,1,0
GREEN,6.3,6.6,유해란,2,14,3,0,박서현,1,15,3,1,0
GREEN,6.3,6.1,유해란,2,14,3,0,박서현,2,2,3,0,0
GREEN,6.3,5.3,유해란,2,14,3,0,박서현,2,3,3,0,0
GREEN,6.3,6.1,유해란,2,14,3,0,박서현,2,4,3,1,0
GREEN,6.3,5.6,유해란,2,14,3,0,박서현,3,1,3,0,0
GREEN,6.3,5.4,유해란,2,14,3,0,박서현,3,14,3,0,0
GREEN,6.3,5.6,유해란,2,14,3,0,박서현,3,16,3,0,0
GREEN,6.3,7.1,유해란,2,14,3,0,박서현,4,1,3,0,0
GREEN,6.3,6.7,유해란,2,14,3,0,박서현,4,5,3,0,0
GREEN,6.3,6.2,유해란,2,14,3,0,박서현,4,7,2,-1,1
GREEN,6.3,5.5,유해란,2,14,3,0,박서현,4,10,3,1,0
GREEN,0.4,0.5,유해란,2,14,2,0,이재윤,1,1,2,0,0
GREEN,0.4,0.5,유해란,2,14,2,0,이재윤,1,2,2,0,0
GREEN,0.4,1.3,유해란,2,14,2,0,이재윤,1,3,2,0,0
GREEN,0.4,0.5,유해란,2,14,2,0,이재윤,1,4,2,1,0
GREEN,0.4,0.8,유해란,2,14,2,0,이재윤,1,5,2,0,0
GREEN,0.4,0.5,유해란,2,14,2,0,이재윤,1,6,2,0,0
GREEN,0.4,0.5,유해란,2,14,2,0,이재윤,1,7,2,0,0
GREEN,0.4,0.2,유해란,2,14,2,0,이재윤,1,8,2,0,0
GREEN,0.4,1.4,유해란,2,14,2,0,이재윤,1,9,2,1,0
GREEN,0.4,0.8,유해란,2,14,2,0,이재윤,1,10,2,0,0
GREEN,0.4,0.7,유해란,2,14,2,0,이재윤,1,11,2,1,0
GREEN,0.4,0.3,유해란,2,14,2,0,이재윤,1,12,2,0,0
GREEN,0.4,0.9,유해란,2,14,2,0,이재윤,1,13,2,0,0
GREEN,0.4,0.3,유해란,2,14,2,0,이재윤,1,14,2,0,0
GREEN,0.4,1.1,유해란,2,14,2,0,이재윤,1,15,2,1,0
GREEN,0.4,0.8,유해란,2,14,2,0,이재윤,1,18,2,0,0
GREEN,0.4,0.8,유해란,2,14,2,0,이재윤,2,3,2,0,0
GREEN,0.4,0.4,유해란,2,14,2,0,이재윤,2,4,2,1,0
GREEN,0.4,0.7,유해란,2,14,2,0,이재윤,2,5,2,0,0
GREEN,0.4,1.2,유해란,2,14,2,0,이재윤,2,6,2,0,0
GREEN,0.4,0.5,유해란,2,14,2,0,이재윤,2,7,2,0,0
GREEN,0.4,0.2,유해란,2,14,2,0,이재윤,2,8,2,0,0
GREEN,0.4,1.2,유해란,2,14,2,0,이재윤,2,10,2,0,0
GREEN,0.4,0.5,유해란,2,14,2,0,이재윤,2,12,2,0,0
GREEN,0.4,0.4,유해란,2,14,2,0,이재윤,2,14,2,1,0
GREEN,0.4,0.5,유해란,2,14,2,0,이재윤,2,15,2,1,0
GREEN,0.4,1.0,유해란,2,14,2,0,이재윤,2,17,2,0,0
GREEN,0.4,1.3,유해란,2,14,2,0,이재윤,2,18,2,0,0
GREEN,0.4,0.3,유해란,2,14,2,0,이재윤,3,1,2,1,0
GREEN,0.4,0.5,유해란,2,14,2,0,이재윤,3,2,2,0,0
GREEN,0.4,0.3,유해란,2,14,2,0,이재윤,3,5,2,0,0
GREEN,0.4,0.4,유해란,2,14,2,0,이재윤,3,6,2,0,0
GREEN,0.4,0.5,유해란,2,14,2,0,이재윤,3,7,2,0,0
GREEN,0.4,0.3,유해란,2,14,2,0,이재윤,3,8,2,0,0
GREEN,0.4,1.2,유해란,2,14,2,0,이재윤,3,9,2,0,0
GREEN,0.4,1.3,유해란,2,14,2,0,이재윤,3,10,2,1,0
GREEN,0.4,0.5,유해란,2,14,2,0,이재윤,3,11,2,0,0
GREEN,0.4,0.3,유해란,2,14,2,0,이재윤,3,13,2,1,0
GREEN,0.4,0.2,유해란,2,14,2,0,이재윤,3,14,2,0,0
GREEN,0.4,1.4,유해란,2,14,2,0,이재윤,3,15,2,0,0
GREEN,0.4,1.3,유해란,2,14,2,0,이재윤,3,17,2,0,0
GREEN,0.4,0.5,유해란,2,14,2,0,이재윤,3,18,2,0,0
GREEN,0.4,0.9,유해란,2,14,2,0,이재윤,4,1,2,0,0
GREEN,0.4,0.3,유해란,2,14,2,0,이재윤,4,2,2,1,0
GREEN,0.4,0.3,유해란,2,14,2,0,이재윤,4,5,2,0,0
GREEN,0.4,0.4,유해란,2,14,2,0,이재윤,4,8,2,0,0
GREEN,0.4,0.3,유해란,2,14,2,0,이재윤,4,9,2,0,0
GREEN,0.4,0.4,유해란,2,14,2,0,이재윤,4,12,2,0,0
GREEN,0.4,0.5,유해란,2,14,2,0,이재윤,4,13,2,0,0
GREEN,0.4,1.0,유해란,2,14,2,0,이재윤,4,14,2,1,0
GREEN,0.4,1.2,유해란,2,14,2,0,이재윤,4,15,2,0,0
GREEN,0.4,0.5,유해란,2,14,2,0,이재윤,4,16,2,0,0
GREEN,0.4,0.3,유해란,2,14,2,0,이재윤,4,18,2,0,0
GREEN,0.4,0.4,유해란,2,14,2,0,박서현,1,2,2,0,0
GREEN,0.4,1.0,유해란,2,14,2,0,박서현,1,3,2,2,0
GREEN,0.4,0.5,유해란,2,14,2,0,박서현,1,4,2,0,0
GREEN,0.4,0.5,유해란,2,14,2,0,박서현,1,5,2,0,0
GREEN,0.4,0.4,유해란,2,14,2,0,박서현,1,6,2,1,0
GREEN,0.4,0.5,유해란,2,14,2,0,박서현,1,7,2,0,0
GREEN,0.4,0.5,유해란,2,14,2,0,박서현,1,8,2,1,0
GREEN,0.4,0.6,유해란,2,14,2,0,박서현,1,9,2,0,0
GREEN,0.4,0.3,유해란,2,14,2,0,박서현,1,10,2,0,0
GREEN,0.4,0.4,유해란,2,14,2,0,박서현,1,11,2,0,0
GREEN,0.4,1.1,유해란,2,14,2,0,박서현,1,13,2,1,0
GREEN,0.4,0.3,유해란,2,14,2,0,박서현,1,14,2,0,0
GREEN,0.4,0.5,유해란,2,14,2,0,박서현,1,15,2,1,0
GREEN,0.4,0.5,유해란,2,14,2,0,박서현,1,17,2,0,0
GREEN,0.4,0.3,유해란,2,14,2,0,박서현,2,1,2,0,0
GREEN,0.4,0.5,유해란,2,14,2,0,박서현,2,2,2,0,0
GREEN,0.4,0.5,유해란,2,14,2,0,박서현,2,3,2,0,0
GREEN,0.4,0.3,유해란,2,14,2,0,박서현,2,4,2,1,0
GREEN,0.4,1.2,유해란,2,14,2,0,박서현,2,5,3,1,-1
GREEN,0.4,0.4,유해란,2,14,2,0,박서현,2,5,2,1,0
GREEN,0.4,0.4,유해란,2,14,2,0,박서현,2,7,2,0,0
GREEN,0.4,0.2,유해란,2,14,2,0,박서현,2,10,2,0,0
GREEN,0.4,1.3,유해란,2,14,2,0,박서현,2,12,3,2,-1
GREEN,0.4,0.9,유해란,2,14,2,0,박서현,2,12,2,2,0
GREEN,0.4,0.4,유해란,2,14,2,0,박서현,2,13,2,0,0
GREEN,0.4,1.0,유해란,2,14,2,0,박서현,2,14,2,1,0
GREEN,0.4,1.3,유해란,2,14,2,0,박서현,2,15,2,0,0
GREEN,0.4,0.2,유해란,2,14,2,0,박서현,2,17,2,0,0
GREEN,0.4,1.3,유해란,2,14,2,0,박서현,2,18,2,0,0
GREEN,0.4,1.3,유해란,2,14,2,0,박서현,3,1,2,0,0
GREEN,0.4,1.4,유해란,2,14,2,0,박서현,3,2,2,0,0
GREEN,0.4,0.4,유해란,2,14,2,0,박서현,3,3,2,1,0
GREEN,0.4,0.5,유해란,2,14,2,0,박서현,3,4,2,0,0
GREEN,0.4,1.2,유해란,2,14,2,0,박서현,3,5,2,0,0
GREEN,0.4,0.3,유해란,2,14,2,0,박서현,3,6,2,0,0
GREEN,0.4,0.5,유해란,2,14,2,0,박서현,3,7,2,0,0
GREEN,0.4,0.3,유해란,2,14,2,0,박서현,3,8,2,3,0
GREEN,0.4,0.2,유해란,2,14,2,0,박서현,3,9,2,2,0
GREEN,0.4,0.9,유해란,2,14,2,0,박서현,3,10,2,1,0
GREEN,0.4,1.0,유해란,2,14,2,0,박서현,3,11,2,0,0
GREEN,0.4,1.2,유해란,2,14,2,0,박서현,3,12,2,0,0
GREEN,0.4,1.3,유해란,2,14,2,0,박서현,3,13,3,1,-1
GREEN,0.4,1.0,유해란,2,14,2,0,박서현,3,13,2,1,0
GREEN,0.4,0.4,유해란,2,14,2,0,박서현,3,14,2,0,0
GREEN,0.4,1.4,유해란,2,14,2,0,박서현,3,15,2,1,0
GREEN,0.4,0.3,유해란,2,14,2,0,박서현,3,16,2,0,0
GREEN,0.4,0.5,유해란,2,14,2,0,박서현,3,18,2,0,0
GREEN,0.4,1.1,유해란,2,14,2,0,박서현,4,1,2,0,0
GREEN,0.4,0.2,유해란,2,14,2,0,박서현,4,2,2,0,0
GREEN,0.4,0.5,유해란,2,14,2,0,박서현,4,3,2,1,0
GREEN,0.4,0.3,유해란,2,14,2,0,박서현,4,4,2,1,0
GREEN,0.4,0.3,유해란,2,14,2,0,박서현,4,5,2,0,0
GREEN,0.4,0.3,유해란,2,14,2,0,박서현,4,8,2,0,0
GREEN,0.4,0.4,유해란,2,14,2,0,박서현,4,9,2,2,0
GREEN,0.4,0.4,유해란,2,14,2,0,박서현,4,11,2,0,0
GREEN,0.4,0.8,유해란,2,14,2,0,박서현,4,12,2,1,0
GREEN,0.4,0.2,유해란,2,14,2,0,박서현,4,14,2,1,0
GREEN,0.4,0.7,유해란,2,14,2,0,박서현,4,15,2,0,0
GREEN,0.4,1.3,유해란,2,14,2,0,박서현,4,16,2,0,0
GREEN,0.4,0.5,유해란,2,14,2,0,박서현,4,17,2,1,0
GREEN,0.4,1.3,유해란,2,14,2,0,박서현,4,18,2,1,0
FAIRWAY,132.0,132.2,유해란,2,15,3,-1,이재윤,1,8,4,0,-1
FAIRWAY,132.0,132.5,유해란,2,15,3,-1,이재윤,1,14,4,0,-1
FAIRWAY,132.0,131.4,유해란,2,15,3,-1,이재윤,2,17,4,0,-1
FAIRWAY,132.0,131.0,유해란,2,15,3,-1,이재윤,4,6,3,-1,0
FAIRWAY,132.0,131.8,유해란,2,15,3,-1,박서현,2,10,4,0,-1
FAIRWAY,132.0,132.4,유해란,2,15,3,-1,박서현,4,18,5,1,-2
GREEN,1.2,0.5,유해란,2,15,2,-1,이재윤,1,1,2,0,0
GREEN,1.2,0.5,유해란,2,15,2,-1,이재윤,1,2,2,0,0
GREEN,1.2,1.3,유해란,2,15,2,-1,이재윤,1,3,2,0,0
GREEN,1.2,0.5,유해란,2,15,2,-1,이재윤,1,4,2,1,0
GREEN,1.2,0.8,유해란,2,15,2,-1,이재윤,1,5,2,0,0
GREEN,1.2,0.5,유해란,2,15,2,-1,이재윤,1,6,2,0,0
GREEN,1.2,0.5,유해란,2,15,2,-1,이재윤,1,7,2,0,0
GREEN,1.2,0.2,유해란,2,15,2,-1,이재윤,1,8,2,0,0
GREEN,1.2,1.4,유해란,2,15,2,-1,이재윤,1,9,2,1,0
GREEN,1.2,0.8,유해란,2,15,2,-1,이재윤,1,10,2,0,0
GREEN,1.2,0.7,유해란,2,15,2,-1,이재윤,1,11,2,1,0
GREEN,1.2,0.3,유해란,2,15,2,-1,이재윤,1,12,2,0,0
GREEN,1.2,0.9,유해란,2,15,2,-1,이재윤,1,13,2,0,0
GREEN,1.2,1.6,유해란,2,15,2,-1,이재윤,1,14,3,0,-1
GREEN,1.2,0.3,유해란,2,15,2,-1,이재윤,1,14,2,0,0
GREEN,1.2,1.1,유해란,2,15,2,-1,이재윤,1,15,2,1,0
GREEN,1.2,2.1,유해란,2,15,2,-1,이재윤,1,17,2,0,0
GREEN,1.2,0.8,유해란,2,15,2,-1,이재윤,1,18,2,0,0
GREEN,1.2,0.8,유해란,2,15,2,-1,이재윤,2,3,2,0,0
GREEN,1.2,0.4,유해란,2,15,2,-1,이재윤,2,4,2,1,0
GREEN,1.2,0.7,유해란,2,15,2,-1,이재윤,2,5,2,0,0
GREEN,1.2,1.2,유해란,2,15,2,-1,이재윤,2,6,2,0,0
GREEN,1.2,0.5,유해란,2,15,2,-1,이재윤,2,7,2,0,0
GREEN,1.2,0.2,유해란,2,15,2,-1,이재윤,2,8,2,0,0
GREEN,1.2,1.5,유해란,2,15,2,-1,이재윤,2,9,2,0,0
GREEN,1.2,1.2,유해란,2,15,2,-1,이재윤,2,10,2,0,0
GREEN,1.2,1.5,유해란,2,15,2,-1,이재윤,2,11,2,1,0
GREEN,1.2,0.5,유해란,2,15,2,-1,이재윤,2,12,2,0,0
GREEN,1.2,1.6,유해란,2,15,2,-1,이재윤,2,13,2,-1,0
GREEN,1.2,1.5,유해란,2,15,2,-1,이재윤,2,14,3,1,-1
GREEN,1.2,0.4,유해란,2,15,2,-1,이재윤,2,14,2,1,0
GREEN,1.2,0.5,유해란,2,15,2,-1,이재윤,2,15,2,1,0
GREEN,1.2,1.7,유해란,2,15,2,-1,이재윤,2,16,2,0,0
GREEN,1.2,1.0,유해란,2,15,2,-1,이재윤,2,17,2,0,0
GREEN,1.2,1.3,유해란,2,15,2,-1,이재윤,2,18,2,0,0
GREEN,1.2,0.3,유해란,2,15,2,-1,이재윤,3,1,2,1,0
GREEN,1.2,0.5,유해란,2,15,2,-1,이재윤,3,2,2,0,0
GREEN,1.2,1.5,유해란,2,15,2,-1,이재윤,3,4,2,0,0
GREEN,1.2,0.3,유해란,2,15,2,-1,이재윤,3,5,2,0,0
GREEN,1.2,2.1,유해란,2,15,2,-1,이재윤,3,6,3,0,-1
GREEN,1.2,0.4,유해란,2,15,2,-1,이재윤,3,6,2,0,0
GREEN,1.2,0.5,유해란,2,15,2,-1,이재윤,3,7,2,0,0
GREEN,1.2,0.3,유해란,2,15,2,-1,이재윤,3,8,2,0,0
GREEN,1.2,1.2,유해란,2,15,2,-1,이재윤,3,9,2,0,0
GREEN,1.2,1.3,유해란,2,15,2,-1,이재윤,3,10,2,1,0
GREEN,1.2,0.5,유해란,2,15,2,-1,이재윤,3,11,2,0,0
GREEN,1.2,0.3,유해란,2,15,2,-1,이재윤,3,13,2,1,0
GREEN,1.2,0.2,유해란,2,15,2,-1,이재윤,3,14,2,0,0
GREEN,1.2,1.4,유해란,2,15,2,-1,이재윤,3,15,2,0,0
GREEN,1.2,1.3,유해란,2,15,2,-1,이재윤,3,17,2,0,0
GREEN,1.2,0.5,유해란,2,15,2,-1,이재윤,3,18,2,0,0
GREEN,1.2,0.9,유해란,2,15,2,-1,이재윤,4,1,2,0,0
GREEN,1.2,0.3,유해란,2,15,2,-1,이재윤,4,2,2,1,0
GREEN,1.2,0.3,유해란,2,15,2,-1,이재윤,4,5,2,0,0
GREEN,1.2,0.4,유해란,2,15,2,-1,이재윤,4,8,2,0,0
GREEN,1.2,0.3,유해란,2,15,2,-1,이재윤,4,9,2,0,0
GREEN,1.2,2.0,유해란,2,15,2,-1,이재윤,4,10,2,0,0
GREEN,1.2,1.7,유해란,2,15,2,-1,이재윤,4,11,2,0,0
GREEN,1.2,0.4,유해란,2,15,2,-1,이재윤,4,12,2,0,0
GREEN,1.2,0.5,유해란,2,15,2,-1,이재윤,4,13,2,0,0
GREEN,1.2,1.5,유해란,2,15,2,-1,이재윤,4,14,3,1,-1
GREEN,1.2,1.0,유해란,2,15,2,-1,이재윤,4,14,2,1,0
GREEN,1.2,1.2,유해란,2,15,2,-1,이재윤,4,15,2,0,0
GREEN,1.2,0.5,유해란,2,15,2,-1,이재윤,4,16,2,0,0
GREEN,1.2,1.8,유해란,2,15,2,-1,이재윤,4,17,2,0,0
GREEN,1.2,0.3,유해란,2,15,2,-1,이재윤,4,18,2,0,0
GREEN,1.2,0.4,유해란,2,15,2,-1,박서현,1,2,2,0,0
GREEN,1.2,1.0,유해란,2,15,2,-1,박서현,1,3,2,2,0
GREEN,1.2,0.5,유해란,2,15,2,-1,박서현,1,4,2,0,0
GREEN,1.2,0.5,유해란,2,15,2,-1,박서현,1,5,2,0,0
GREEN,1.2,0.4,유해란,2,15,2,-1,박서현,1,6,2,1,0
GREEN,1.2,0.5,유해란,2,15,2,-1,박서현,1,7,2,0,0
GREEN,1.2,2.0,유해란,2,15,2,-1,박서현,1,8,3,1,-1
GREEN,1.2,0.5,유해란,2,15,2,-1,박서현,1,8,2,1,0
GREEN,1.2,0.6,유해란,2,15,2,-1,박서현,1,9,2,0,0
GREEN,1.2,0.3,유해란,2,15,2,-1,박서현,1,10,2,0,0
GREEN,1.2,0.4,유해란,2,15,2,-1,박서현,1,11,2,0,0
GREEN,1.2,1.1,유해란,2,15,2,-1,박서현,1,13,2,1,0
GREEN,1.2,0.3,유해란,2,15,2,-1,박서현,1,14,2,0,0
GREEN,1.2,0.5,유해란,2,15,2,-1,박서현,1,15,2,1,0
GREEN,1.2,0.5,유해란,2,15,2,-1,박서현,1,17,2,0,0
GREEN,1.2,0.3,유해란,2,15,2,-1,박서현,2,1,2,0,0
GREEN,1.2,0.5,유해란,2,15,2,-1,박서현,2,2,2,0,0
GREEN,1.2,0.5,유해란,2,15,2,-1,박서현,2,3,2,0,0
GREEN,1.2,0.3,유해란,2,15,2,-1,박서현,2,4,2,1,0
GREEN,1.2,1.2,유해란,2,15,2,-1,박서현,2,5,3,1,-1
GREEN,1.2,0.4,유해란,2,15,2,-1,박서현,2,5,2,1,0
GREEN,1.2,0.4,유해란,2,15,2,-1,박서현,2,7,2,0,0
GREEN,1.2,1.5,유해란,2,15,2,-1,박서현,2,9,2,0,0
GREEN,1.2,0.2,유해란,2,15,2,-1,박서현,2,10,2,0,0
GREEN,1.2,1.5,유해란,2,15,2,-1,박서현,2,11,2,1,0
GREEN,1.2,1.3,유해란,2,15,2,-1,박서현,2,12,3,2,-1
GREEN,1.2,0.9,유해란,2,15,2,-1,박서현,2,12,2,2,0
GREEN,1.2,0.4,유해란,2,15,2,-1,박서현,2,13,2,0,0
GREEN,1.2,1.0,유해란,2,15,2,-1,박서현,2,14,2,1,0
GREEN,1.2,1.3,유해란,2,15,2,-1,박서현,2,15,2,0,0
GREEN,1.2,0.2,유해란,2,15,2,-1,박서현,2,17,2,0,0
GREEN,1.2,1.3,유해란,2,15,2,-1,박서현,2,18,2,0,0
GREEN,1.2,1.3,유해란,2,15,2,-1,박서현,3,1,2,0,0
GREEN,1.2,1.4,유해란,2,15,2,-1,박서현,3,2,2,0,0
GREEN,1.2,0.4,유해란,2,15,2,-1,박서현,3,3,2,1,0
GREEN,1.2,0.5,유해란,2,15,2,-1,박서현,3,4,2,0,0
GREEN,1.2,1.2,유해란,2,15,2,-1,박서현,3,5,2,0,0
GREEN,1.2,0.3,유해란,2,15,2,-1,박서현,3,6,2,0,0
GREEN,1.2,0.5,유해란,2,15,2,-1,박서현,3,7,2,0,0
GREEN,1.2,0.3,유해란,2,15,2,-1,박서현,3,8,2,3,0
GREEN,1.2,0.2,유해란,2,15,2,-1,박서현,3,9,2,2,0
GREEN,1.2,1.9,유해란,2,15,2,-1,박서현,3,10,3,1,-1
GREEN,1.2,0.9,유해란,2,15,2,-1,박서현,3,10,2,1,0
GREEN,1.2,1.0,유해란,2,15,2,-1,박서현,3,11,2,0,0
GREEN,1.2,1.2,유해란,2,15,2,-1,박서현,3,12,2,0,0
GREEN,1.2,1.3,유해란,2,15,2,-1,박서현,3,13,3,1,-1
GREEN,1.2,1.0,유해란,2,15,2,-1,박서현,3,13,2,1,0
GREEN,1.2,0.4,유해란,2,15,2,-1,박서현,3,14,2,0,0
GREEN,1.2,1.4,유해란,2,15,2,-1,박서현,3,15,2,1,0
GREEN,1.2,0.3,유해란,2,15,2,-1,박서현,3,16,2,0,0
GREEN,1.2,1.9,유해란,2,15,2,-1,박서현,3,17,2,0,0
GREEN,1.2,0.5,유해란,2,15,2,-1,박서현,3,18,2,0,0
GREEN,1.2,1.1,유해란,2,15,2,-1,박서현,4,1,2,0,0
GREEN,1.2,0.2,유해란,2,15,2,-1,박서현,4,2,2,0,0
GREEN,1.2,0.5,유해란,2,15,2,-1,박서현,4,3,2,1,0
GREEN,1.2,0.3,유해란,2,15,2,-1,박서현,4,4,2,1,0
GREEN,1.2,0.3,유해란,2,15,2,-1,박서현,4,5,2,0,0
GREEN,1.2,0.3,유해란,2,15,2,-1,박서현,4,8,2,0,0
GREEN,1.2,1.7,유해란,2,15,2,-1,박서현,4,9,3,2,-1
GREEN,1.2,0.4,유해란,2,15,2,-1,박서현,4,9,2,2,0
GREEN,1.2,1.6,유해란,2,15,2,-1,박서현,4,10,2,1,0
GREEN,1.2,0.4,유해란,2,15,2,-1,박서현,4,11,2,0,0
GREEN,1.2,1.9,유해란,2,15,2,-1,박서현,4,12,3,1,-1
GREEN,1.2,0.8,유해란,2,15,2,-1,박서현,4,12,2,1,0
GREEN,1.2,1.6,유해란,2,15,2,-1,박서현,4,14,3,1,-1
GREEN,1.2,0.2,유해란,2,15,2,-1,박서현,4,14,2,1,0
GREEN,1.2,0.7,유해란,2,15,2,-1,박서현,4,15,2,0,0
GREEN,1.2,1.3,유해란,2,15,2,-1,박서현,4,16,2,0,0
GREEN,1.2,0.5,유해란,2,15,2,-1,박서현,4,17,2,1,0
GREEN,1.2,1.3,유해란,2,15,2,-1,박서현,4,18,2,1,0
GREEN,7.0,6.6,유해란,2,16,3,0,이재윤,1,2,3,0,0
GREEN,7.0,7.6,유해란,2,16,3,0,이재윤,2,7,3,0,0
GREEN,7.0,7.3,유해란,2,16,3,0,이재윤,2,15,3,1,0
GREEN,7.0,7.3,유해란,2,16,3,0,이재윤,2,16,3,0,0
GREEN,7.0,7.8,유해란,2,16,3,0,이재윤,2,18,3,0,0
GREEN,7.0,6.1,유해란,2,16,3,0,이재윤,3,2,3,0,0
GREEN,7.0,6.5,유해란,2,16,3,0,이재윤,3,10,3,1,0
GREEN,7.0,6.2,유해란,2,16,3,0,이재윤,3,11,3,0,0
GREEN,7.0,7.9,유해란,2,16,3,0,이재윤,3,14,3,0,0
GREEN,7.0,7.6,유해란,2,16,3,0,이재윤,3,18,3,0,0
GREEN,7.0,7.4,유해란,2,16,3,0,이재윤,4,5,3,0,0
GREEN,7.0,7.2,유해란,2,16,3,0,이재윤,4,9,3,0,0
GREEN,7.0,6.8,유해란,2,16,3,0,이재윤,4,15,3,0,0
GREEN,7.0,7.7,유해란,2,16,3,0,박서현,1,1,2,-1,1
GREEN,7.0,7.2,유해란,2,16,3,0,박서현,1,5,3,0,0
GREEN,7.0,6.9,유해란,2,16,3,0,박서현,1,6,3,1,0
GREEN,7.0,7.5,유해란,2,16,3,0,박서현,1,13,3,1,0
GREEN,7.0,6.6,유해란,2,16,3,0,박서현,1,15,3,1,0
GREEN,7.0,7.8,유해란,2,16,3,0,박서현,2,1,3,0,0
GREEN,7.0,6.1,유해란,2,16,3,0,박서현,2,2,3,0,0
GREEN,7.0,6.1,유해란,2,16,3,0,박서현,2,4,3,1,0
GREEN,7.0,7.5,유해란,2,16,3,0,박서현,3,6,3,0,0
GREEN,7.0,7.1,유해란,2,16,3,0,박서현,4,1,3,0,0
GREEN,7.0,6.7,유해란,2,16,3,0,박서현,4,5,3,0,0
GREEN,7.0,6.2,유해란,2,16,3,0,박서현,4,7,2,-1,1
GREEN,7.0,7.6,유해란,2,16,3,0,박서현,4,8,3,0,0
GREEN,0.5,0.5,유해란,2,16,2,0,이재윤,1,1,2,0,0
GREEN,0.5,0.5,유해란,2,16,2,0,이재윤,1,2,2,0,0
GREEN,0.5,1.3,유해란,2,16,2,0,이재윤,1,3,2,0,0
GREEN,0.5,0.5,유해란,2,16,2,0,이재윤,1,4,2,1,0
GREEN,0.5,0.8,유해란,2,16,2,0,이재윤,1,5,2,0,0
GREEN,0.5,0.5,유해란,2,16,2,0,이재윤,1,6,2,0,0
GREEN,0.5,0.5,유해란,2,16,2,0,이재윤,1,7,2,0,0
GREEN,0.5,0.2,유해란,2,16,2,0,이재윤,1,8,2,0,0
GREEN,0.5,1.4,유해란,2,16,2,0,이재윤,1,9,2,1,0
GREEN,0.5,0.8,유해란,2,16,2,0,이재윤,1,10,2,0,0
GREEN,0.5,0.7,유해란,2,16,2,0,이재윤,1,11,2,1,0
GREEN,0.5,0.3,유해란,2,16,2,0,이재윤,1,12,2,0,0
GREEN,0.5,0.9,유해란,2,16,2,0,이재윤,1,13,2,0,0
GREEN,0.5,0.3,유해란,2,16,2,0,이재윤,1,14,2,0,0
GREEN,0.5,1.1,유해란,2,16,2,0,이재윤,1,15,2,1,0
GREEN,0.5,0.8,유해란,2,16,2,0,이재윤,1,18,2,0,0
GREEN,0.5,0.8,유해란,2,16,2,0,이재윤,2,3,2,0,0
GREEN,0.5,0.4,유해란,2,16,2,0,이재윤,2,4,2,1,0
GREEN,0.5,0.7,유해란,2,16,2,0,이재윤,2,5,2,0,0
GREEN,0.5,1.2,유해란,2,16,2,0,이재윤,2,6,2,0,0
GREEN,0.5,0.5,유해란,2,16,2,0,이재윤,2,7,2,0,0
GREEN,0.5,0.2,유해란,2,16,2,0,이재윤,2,8,2,0,0
GREEN,0.5,1.5,유해란,2,16,2,0,이재윤,2,9,2,0,0
GREEN,0.5,1.2,유해란,2,16,2,0,이재윤,2,10,2,0,0
GREEN,0.5,1.5,유해란,2,16,2,0,이재윤,2,11,2,1,0
GREEN,0.5,0.5,유해란,2,16,2,0,이재윤,2,12,2,0,0
GREEN,0.5,1.5,유해란,2,16,2,0,이재윤,2,14,3,1,-1
GREEN,0.5,0.4,유해란,2,16,2,0,이재윤,2,14,2,1,0
GREEN,0.5,0.5,유해란,2,16,2,0,이재윤,2,15,2,1,0
GREEN,0.5,1.0,유해란,2,16,2,0,이재윤,2,17,2,0,0
GREEN,0.5,1.3,유해란,2,16,2,0,이재윤,2,18,2,0,0
GREEN,0.5,0.3,유해란,2,16,2,0,이재윤,3,1,2,1,0
GREEN,0.5,0.5,유해란,2,16,2,0,이재윤,3,2,2,0,0
GREEN,0.5,1.5,유해란,2,16,2,0,이재윤,3,4,2,0,0
GREEN,0.5,0.3,유해란,2,16,2,0,이재윤,3,5,2,0,0
GREEN,0.5,0.4,유해란,2,16,2,0,이재윤,3,6,2,0,0
GREEN,0.5,0.5,유해란,2,16,2,0,이재윤,3,7,2,0,0
GREEN,0.5,0.3,유해란,2,16,2,0,이재윤,3,8,2,0,0
GREEN,0.5,1.2,유해란,2,16,2,0,이재윤,3,9,2,0,0
GREEN,0.5,1.3,유해란,2,16,2,0,이재윤,3,10,2,1,0
GREEN,0.5,0.5,유해란,2,16,2,0,이재윤,3,11,2,0,0
GREEN,0.5,0.3,유해란,2,16,2,0,이재윤,3,13,2,1,0
GREEN,0.5,0.2,유해란,2,16,2,0,이재윤,3,14,2,0,0
GREEN,0.5,1.4,유해란,2,16,2,0,이재윤,3,15,2,0,0
GREEN,0.5,1.3,유해란,2,16,2,0,이재윤,3,17,2,0,0
GREEN,0.5,0.5,유해란,2,16,2,0,이재윤,3,18,2,0,0
GREEN,0.5,0.9,유해란,2,16,2,0,이재윤,4,1,2,0,0
GREEN,0.5,0.3,유해란,2,16,2,0,이재윤,4,2,2,1,0
GREEN,0.5,0.3,유해란,2,16,2,0,이재윤,4,5,2,0,0
GREEN,0.5,0.4,유해란,2,16,2,0,이재윤,4,8,2,0,0
GREEN,0.5,0.3,유해란,2,16,2,0,이재윤,4,9,2,0,0
GREEN,0.5,0.4,유해란,2,16,2,0,이재윤,4,12,2,0,0
GREEN,0.5,0.5,유해란,2,16,2,0,이재윤,4,13,2,0,0
GREEN,0.5,1.5,유해란,2,16,2,0,이재윤,4,14,3,1,-1
GREEN,0.5,1.0,유해란,2,16,2,0,이재윤,4,14,2,1,0
GREEN,0.5,1.2,유해란,2,16,2,0,이재윤,4,15,2,0,0
GREEN,0.5,0.5,유해란,2,16,2,0,이재윤,4,16,2,0,0
GREEN,0.5,0.3,유해란,2,16,2,0,이재윤,4,18,2,0,0
GREEN,0.5,0.4,유해란,2,16,2,0,박서현,1,2,2,0,0
GREEN,0.5,1.0,유해란,2,16,2,0,박서현,1,3,2,2,0
GREEN,0.5,0.5,유해란,2,16,2,0,박서현,1,4,2,0,0
GREEN,0.5,0.5,유해란,2,16,2,0,박서현,1,5,2,0,0
GREEN,0.5,0.4,유해란,2,16,2,0,박서현,1,6,2,1,0
GREEN,0.5,0.5,유해란,2,16,2,0,박서현,1,7,2,0,0
GREEN,0.5,0.5,유해란,2,16,2,0,박서현,1,8,2,1,0
GREEN,0.5,0.6,유해란,2,16,2,0,박서현,1,9,2,0,0
GREEN,0.5,0.3,유해란,2,16,2,0,박서현,1,10,2,0,0
GREEN,0.5,0.4,유해란,2,16,2,0,박서현,1,11,2,0,0
GREEN,0.5,1.1,유해란,2,16,2,0,박서현,1,13,2,1,0
GREEN,0.5,0.3,유해란,2,16,2,0,박서현,1,14,2,0,0
GREEN,0.5,0.5,유해란,2,16,2,0,박서현,1,15,2,1,0
GREEN,0.5,0.5,유해란,2,16,2,0,박서현,1,17,2,0,0
GREEN,0.5,0.3,유해란,2,16,2,0,박서현,2,1,2,0,0
GREEN,0.5,0.5,유해란,2,16,2,0,박서현,2,2,2,0,0
GREEN,0.5,0.5,유해란,2,16,2,0,박서현,2,3,2,0,0
GREEN,0.5,0.3,유해란,2,16,2,0,박서현,2,4,2,1,0
GREEN,0.5,1.2,유해란,2,16,2,0,박서현,2,5,3,1,-1
GREEN,0.5,0.4,유해란,2,16,2,0,박서현,2,5,2,1,0
GREEN,0.5,0.4,유해란,2,16,2,0,박서현,2,7,2,0,0
GREEN,0.5,1.5,유해란,2,16,2,0,박서현,2,9,2,0,0
GREEN,0.5,0.2,유해란,2,16,2,0,박서현,2,10,2,0,0
GREEN,0.5,1.5,유해란,2,16,2,0,박서현,2,11,2,1,0
GREEN,0.5,1.3,유해란,2,16,2,0,박서현,2,12,3,2,-1
GREEN,0.5,0.9,유해란,2,16,2,0,박서현,2,12,2,2,0
GREEN,0.5,0.4,유해란,2,16,2,0,박서현,2,13,2,0,0
GREEN,0.5,1.0,유해란,2,16,2,0,박서현,2,14,2,1,0
GREEN,0.5,1.3,유해란,2,16,2,0,박서현,2,15,2,0,0
GREEN,0.5,0.2,유해란,2,16,2,0,박서현,2,17,2,0,0
GREEN,0.5,1.3,유해란,2,16,2,0,박서현,2,18,2,0,0
GREEN,0.5,1.3,유해란,2,16,2,0,박서현,3,1,2,0,0
GREEN,0.5,1.4,유해란,2,16,2,0,박서현,3,2,2,0,0
GREEN,0.5,0.4,유해란,2,16,2,0,박서현,3,3,2,1,0
GREEN,0.5,0.5,유해란,2,16,2,0,박서현,3,4,2,0,0
GREEN,0.5,1.2,유해란,2,16,2,0,박서현,3,5,2,0,0
GREEN,0.5,0.3,유해란,2,16,2,0,박서현,3,6,2,0,0
GREEN,0.5,0.5,유해란,2,16,2,0,박서현,3,7,2,0,0
GREEN,0.5,0.3,유해란,2,16,2,0,박서현,3,8,2,3,0
GREEN,0.5,0.2,유해란,2,16,2,0,박서현,3,9,2,2,0
GREEN,0.5,0.9,유해란,2,16,2,0,박서현,3,10,2,1,0
GREEN,0.5,1.0,유해란,2,16,2,0,박서현,3,11,2,0,0
GREEN,0.5,1.2,유해란,2,16,2,0,박서현,3,12,2,0,0
GREEN,0.5,1.3,유해란,2,16,2,0,박서현,3,13,3,1,-1
GREEN,0.5,1.0,유해란,2,16,2,0,박서현,3,13,2,1,0
GREEN,0.5,0.4,유해란,2,16,2,0,박서현,3,14,2,0,0
GREEN,0.5,1.4,유해란,2,16,2,0,박서현,3,15,2,1,0
GREEN,0.5,0.3,유해란,2,16,2,0,박서현,3,16,2,0,0
GREEN,0.5,0.5,유해란,2,16,2,0,박서현,3,18,2,0,0
GREEN,0.5,1.1,유해란,2,16,2,0,박서현,4,1,2,0,0
GREEN,0.5,0.2,유해란,2,16,2,0,박서현,4,2,2,0,0
GREEN,0.5,0.5,유해란,2,16,2,0,박서현,4,3,2,1,0
GREEN,0.5,0.3,유해란,2,16,2,0,박서현,4,4,2,1,0
GREEN,0.5,0.3,유해란,2,16,2,0,박서현,4,5,2,0,0
GREEN,0.5,0.3,유해란,2,16,2,0,박서현,4,8,2,0,0
GREEN,0.5,0.4,유해란,2,16,2,0,박서현,4,9,2,2,0
GREEN,0.5,0.4,유해란,2,16,2,0,박서현,4,11,2,0,0
GREEN,0.5,0.8,유해란,2,16,2,0,박서현,4,12,2,1,0
GREEN,0.5,0.2,유해란,2,16,2,0,박서현,4,14,2,1,0
GREEN,0.5,0.7,유해란,2,16,2,0,박서현,4,15,2,0,0
GREEN,0.5,1.3,유해란,2,16,2,0,박서현,4,16,2,0,0
GREEN,0.5,0.5,유해란,2,16,2,0,박서현,4,17,2,1,0
GREEN,0.5,1.3,유해란,2,16,2,0,박서현,4,18,2,1,0
FAIRWAY,127.2,126.3,유해란,2,17,4,0,박서현,1,18,3,-1,1
GREEN,10.2,10.1,유해란,2,17,3,0,이재윤,1,6,3,0,0
GREEN,10.2,10.3,유해란,2,17,3,0,이재윤,1,9,3,1,0
GREEN,10.2,9.3,유해란,2,17,3,0,이재윤,1,18,3,0,0
GREEN,10.2,10.0,유해란,2,17,3,0,이재윤,2,8,3,0,0
GREEN,10.2,9.6,유해란,2,17,3,0,이재윤,2,12,3,0,0
GREEN,10.2,10.4,유해란,2,17,3,0,이재윤,3,5,3,0,0
GREEN,10.2,9.2,유해란,2,17,3,0,이재윤,3,9,3,0,0
GREEN,10.2,11.1,유해란,2,17,3,0,이재윤,3,17,3,0,0
GREEN,10.2,9.9,유해란,2,17,3,0,이재윤,4,2,3,1,0
GREEN,10.2,10.4,유해란,2,17,3,0,박서현,1,2,3,0,0
GREEN,10.2,9.4,유해란,2,17,3,0,박서현,1,7,3,0,0
GREEN,10.2,9.4,유해란,2,17,3,0,박서현,1,18,2,-1,1
GREEN,10.2,9.4,유해란,2,17,3,0,박서현,2,7,3,0,0
GREEN,0.7,0.5,유해란,2,17,2,0,이재윤,1,1,2,0,0
GREEN,0.7,0.5,유해란,2,17,2,0,이재윤,1,2,2,0,0
GREEN,0.7,1.3,유해란,2,17,2,0,이재윤,1,3,2,0,0
GREEN,0.7,0.5,유해란,2,17,2,0,이재윤,1,4,2,1,0
GREEN,0.7,0.8,유해란,2,17,2,0,이재윤,1,5,2,0,0
GREEN,0.7,0.5,유해란,2,17,2,0,이재윤,1,6,2,0,0
GREEN,0.7,0.5,유해란,2,17,2,0,이재윤,1,7,2,0,0
GREEN,0.7,0.2,유해란,2,17,2,0,이재윤,1,8,2,0,0
GREEN,0.7,1.4,유해란,2,17,2,0,이재윤,1,9,2,1,0
GREEN,0.7,0.8,유해란,2,17,2,0,이재윤,1,10,2,0,0
GREEN,0.7,0.7,유해란,2,17,2,0,이재윤,1,11,2,1,0
GREEN,0.7,0.3,유해란,2,17,2,0,이재윤,1,12,2,0,0
GREEN,0.7,0.9,유해란,2,17,2,0,이재윤,1,13,2,0,0
GREEN,0.7,1.6,유해란,2,17,2,0,이재윤,1,14,3,0,-1
GREEN,0.7,0.3,유해란,2,17,2,0,이재윤,1,14,2,0,0
GREEN,0.7,1.1,유해란,2,17,2,0,이재윤,1,15,2,1,0
GREEN,0.7,0.8,유해란,2,17,2,0,이재윤,1,18,2,0,0
GREEN,0.7,0.8,유해란,2,17,2,0,이재윤,2,3,2,0,0
GREEN,0.7,0.4,유해란,2,17,2,0,이재윤,2,4,2,1,0
GREEN,0.7,0.7,유해란,2,17,2,0,이재윤,2,5,2,0,0
GREEN,0.7,1.2,유해란,2,17,2,0,이재윤,2,6,2,0,0
GREEN,0.7,0.5,유해란,2,17,2,0,이재윤,2,7,2,0,0
GREEN,0.7,0.2,유해란,2,17,2,0,이재윤,2,8,2,0,0
GREEN,0.7,1.5,유해란,2,17,2,0,이재윤,2,9,2,0,0
GREEN,0.7,1.2,유해란,2,17,2,0,이재윤,2,10,2,0,0
GREEN,0.7,1.5,유해란,2,17,2,0,이재윤,2,11,2,1,0
GREEN,0.7,0.5,유해란,2,17,2,0,이재윤,2,12,2,0,0
GREEN,0.7,1.6,유해란,2,17,2,0,이재윤,2,13,2,-1,0
GREEN,0.7,1.5,유해란,2,17,2,0,이재윤,2,14,3,1,-1
GREEN,0.7,0.4,유해란,2,17,2,0,이재윤,2,14,2,1,0
GREEN,0.7,0.5,유해란,2,17,2,0,이재윤,2,15,2,1,0
GREEN,0.7,1.7,유해란,2,17,2,0,이재윤,2,16,2,0,0
GREEN,0.7,1.0,유해란,2,17,2,0,이재윤,2,17,2,0,0
GREEN,0.7,1.3,유해란,2,17,2,0,이재윤,2,18,2,0,0
GREEN,0.7,0.3,유해란,2,17,2,0,이재윤,3,1,2,1,0
GREEN,0.7,0.5,유해란,2,17,2,0,이재윤,3,2,2,0,0
GREEN,0.7,1.5,유해란,2,17,2,0,이재윤,3,4,2,0,0
GREEN,0.7,0.3,유해란,2,17,2,0,이재윤,3,5,2,0,0
GREEN,0.7,0.4,유해란,2,17,2,0,이재윤,3,6,2,0,0
GREEN,0.7,0.5,유해란,2,17,2,0,이재윤,3,7,2,0,0
GREEN,0.7,0.3,유해란,2,17,2,0,이재윤,3,8,2,0,0
GREEN,0.7,1.2,유해란,2,17,2,0,이재윤,3,9,2,0,0
GREEN,0.7,1.3,유해란,2,17,2,0,이재윤,3,10,2,1,0
GREEN,0.7,0.5,유해란,2,17,2,0,이재윤,3,11,2,0,0
GREEN,0.7,0.3,유해란,2,17,2,0,이재윤,3,13,2,1,0
GREEN,0.7,0.2,유해란,2,17,2,0,이재윤,3,14,2,0,0
GREEN,0.7,1.4,유해란,2,17,2,0,이재윤,3,15,2,0,0
GREEN,0.7,1.3,유해란,2,17,2,0,이재윤,3,17,2,0,0
GREEN,0.7,0.5,유해란,2,17,2,0,이재윤,3,18,2,0,0
GREEN,0.7,0.9,유해란,2,17,2,0,이재윤,4,1,2,0,0
GREEN,0.7,0.3,유해란,2,17,2,0,이재윤,4,2,2,1,0
GREEN,0.7,0.3,유해란,2,17,2,0,이재윤,4,5,2,0,0
GREEN,0.7,0.4,유해란,2,17,2,0,이재윤,4,8,2,0,0
GREEN,0.7,0.3,유해란,2,17,2,0,이재윤,4,9,2,0,0
GREEN,0.7,1.7,유해란,2,17,2,0,이재윤,4,11,2,0,0
GREEN,0.7,0.4,유해란,2,17,2,0,이재윤,4,12,2,0,0
GREEN,0.7,0.5,유해란,2,17,2,0,이재윤,4,13,2,0,0
GREEN,0.7,1.5,유해란,2,17,2,0,이재윤,4,14,3,1,-1
GREEN,0.7,1.0,유해란,2,17,2,0,이재윤,4,14,2,1,0
GREEN,0.7,1.2,유해란,2,17,2,0,이재윤,4,15,2,0,0
GREEN,0.7,0.5,유해란,2,17,2,0,이재윤,4,16,2,0,0
GREEN,0.7,0.3,유해란,2,17,2,0,이재윤,4,18,2,0,0
GREEN,0.7,0.4,유해란,2,17,2,0,박서현,1,2,2,0,0
GREEN,0.7,1.0,유해란,2,17,2,0,박서현,1,3,2,2,0
GREEN,0.7,0.5,유해란,2,17,2,0,박서현,1,4,2,0,0
GREEN,0.7,0.5,유해란,2,17,2,0,박서현,1,5,2,0,0
GREEN,0.7,0.4,유해란,2,17,2,0,박서현,1,6,2,1,0
GREEN,0.7,0.5,유해란,2,17,2,0,박서현,1,7,2,0,0
GREEN,0.7,0.5,유해란,2,17,2,0,박서현,1,8,2,1,0
GREEN,0.7,0.6,유해란,2,17,2,0,박서현,1,9,2,0,0
GREEN,0.7,0.3,유해란,2,17,2,0,박서현,1,10,2,0,0
GREEN,0.7,0.4,유해란,2,17,2,0,박서현,1,11,2,0,0
GREEN,0.7,1.1,유해란,2,17,2,0,박서현,1,13,2,1,0
GREEN,0.7,0.3,유해란,2,17,2,0,박서현,1,14,2,0,0
GREEN,0.7,0.5,유해란,2,17,2,0,박서현,1,15,2,1,0
GREEN,0.7,0.5,유해란,2,17,2,0,박서현,1,17,2,0,0
GREEN,0.7,0.3,유해란,2,17,2,0,박서현,2,1,2,0,0
GREEN,0.7,0.5,유해란,2,17,2,0,박서현,2,2,2,0,0
GREEN,0.7,0.5,유해란,2,17,2,0,박서현,2,3,2,0,0
GREEN,0.7,0.3,유해란,2,17,2,0,박서현,2,4,2,1,0
GREEN,0.7,1.2,유해란,2,17,2,0,박서현,2,5,3,1,-1
GREEN,0.7,0.4,유해란,2,17,2,0,박서현,2,5,2,1,0
GREEN,0.7,0.4,유해란,2,17,2,0,박서현,2,7,2,0,0
GREEN,0.7,1.5,유해란,2,17,2,0,박서현,2,9,2,0,0
GREEN,0.7,0.2,유해란,2,17,2,0,박서현,2,10,2,0,0
GREEN,0.7,1.5,유해란,2,17,2,0,박서현,2,11,2,1,0
GREEN,0.7,1.3,유해란,2,17,2,0,박서현,2,12,3,2,-1
GREEN,0.7,0.9,유해란,2,17,2,0,박서현,2,12,2,2,0
GREEN,0.7,0.4,유해란,2,17,2,0,박서현,2,13,2,0,0
GREEN,0.7,1.0,유해란,2,17,2,0,박서현,2,14,2,1,0
GREEN,0.7,1.3,유해란,2,17,2,0,박서현,2,15,2,0,0
GREEN,0.7,0.2,유해란,2,17,2,0,박서현,2,17,2,0,0
GREEN,0.7,1.3,유해란,2,17,2,0,박서현,2,18,2,0,0
GREEN,0.7,1.3,유해란,2,17,2,0,박서현,3,1,2,0,0
GREEN,0.7,1.4,유해란,2,17,2,0,박서현,3,2,2,0,0
GREEN,0.7,0.4,유해란,2,17,2,0,박서현,3,3,2,1,0
GREEN,0.7,0.5,유해란,2,17,2,0,박서현,3,4,2,0,0
GREEN,0.7,1.2,유해란,2,17,2,0,박서현,3,5,2,0,0
GREEN,0.7,0.3,유해란,2,17,2,0,박서현,3,6,2,0,0
GREEN,0.7,0.5,유해란,2,17,2,0,박서현,3,7,2,0,0
GREEN,0.7,0.3,유해란,2,17,2,0,박서현,3,8,2,3,0
GREEN,0.7,0.2,유해란,2,17,2,0,박서현,3,9,2,2,0
GREEN,0.7,0.9,유해란,2,17,2,0,박서현,3,10,2,1,0
GREEN,0.7,1.0,유해란,2,17,2,0,박서현,3,11,2,0,0
GREEN,0.7,1.2,유해란,2,17,2,0,박서현,3,12,2,0,0
GREEN,0.7,1.3,유해란,2,17,2,0,박서현,3,13,3,1,-1
GREEN,0.7,1.0,유해란,2,17,2,0,박서현,3,13,2,1,0
GREEN,0.7,0.4,유해란,2,17,2,0,박서현,3,14,2,0,0
GREEN,0.7,1.4,유해란,2,17,2,0,박서현,3,15,2,1,0
GREEN,0.7,0.3,유해란,2,17,2,0,박서현,3,16,2,0,0
GREEN,0.7,0.5,유해란,2,17,2,0,박서현,3,18,2,0,0
GREEN,0.7,1.1,유해란,2,17,2,0,박서현,4,1,2,0,0
GREEN,0.7,0.2,유해란,2,17,2,0,박서현,4,2,2,0,0
GREEN,0.7,0.5,유해란,2,17,2,0,박서현,4,3,2,1,0
GREEN,0.7,0.3,유해란,2,17,2,0,박서현,4,4,2,1,0
GREEN,0.7,0.3,유해란,2,17,2,0,박서현,4,5,2,0,0
GREEN,0.7,0.3,유해란,2,17,2,0,박서현,4,8,2,0,0
GREEN,0.7,1.7,유해란,2,17,2,0,박서현,4,9,3,2,-1
GREEN,0.7,0.4,유해란,2,17,2,0,박서현,4,9,2,2,0
GREEN,0.7,1.6,유해란,2,17,2,0,박서현,4,10,2,1,0
GREEN,0.7,0.4,유해란,2,17,2,0,박서현,4,11,2,0,0
GREEN,0.7,0.8,유해란,2,17,2,0,박서현,4,12,2,1,0
GREEN,0.7,1.6,유해란,2,17,2,0,박서현,4,14,3,1,-1
GREEN,0.7,0.2,유해란,2,17,2,0,박서현,4,14,2,1,0
GREEN,0.7,0.7,유해란,2,17,2,0,박서현,4,15,2,0,0
GREEN,0.7,1.3,유해란,2,17,2,0,박서현,4,16,2,0,0
GREEN,0.7,0.5,유해란,2,17,2,0,박서현,4,17,2,1,0
GREEN,0.7,1.3,유해란,2,17,2,0,박서현,4,18,2,1,0
FAIRWAY,103.5,103.9,유해란,2,18,4,0,이재윤,4,13,4,0,0
FAIRWAY,103.5,103.2,유해란,2,18,4,0,이재윤,4,17,4,0,0
GREEN,3.3,3.8,유해란,2,18,3,0,이재윤,1,4,3,1,0
GREEN,3.3,3.1,유해란,2,18,3,0,이재윤,1,7,3,0,0
GREEN,3.3,3.1,유해란,2,18,3,0,이재윤,1,11,3,1,0
GREEN,3.3,3.9,유해란,2,18,3,0,이재윤,1,12,3,0,0
GREEN,3.3,3.4,유해란,2,18,3,0,이재윤,1,15,3,1,0
GREEN,3.3,2.8,유해란,2,18,3,0,이재윤,1,16,2,0,1
GREEN,3.3,3.0,유해란,2,18,3,0,이재윤,2,2,2,0,1
GREEN,3.3,2.3,유해란,2,18,3,0,이재윤,2,4,3,1,0
GREEN,3.3,3.1,유해란,2,18,3,0,이재윤,3,1,3,1,0
GREEN,3.3,3.0,유해란,2,18,3,0,이재윤,3,3,2,0,1
GREEN,3.3,2.8,유해란,2,18,3,0,이재윤,3,7,3,0,0
GREEN,3.3,2.6,유해란,2,18,3,0,이재윤,3,12,2,0,1
GREEN,3.3,3.0,유해란,2,18,3,0,이재윤,3,13,3,1,0
GREEN,3.3,2.6,유해란,2,18,3,0,이재윤,4,4,2,0,1
GREEN,3.3,2.7,유해란,2,18,3,0,이재윤,4,6,2,-1,1
GREEN,3.3,2.8,유해란,2,18,3,0,이재윤,4,7,2,-1,1
GREEN,3.3,4.2,유해란,2,18,3,0,이재윤,4,13,3,0,0
GREEN,3.3,3.1,유해란,2,18,3,0,이재윤,4,18,3,0,0
GREEN,3.3,3.4,유해란,2,18,3,0,박서현,1,3,3,2,0
GREEN,3.3,3.5,유해란,2,18,3,0,박서현,1,11,3,0,0
GREEN,3.3,4.3,유해란,2,18,3,0,박서현,1,14,3,0,0
GREEN,3.3,2.7,유해란,2,18,3,0,박서현,1,16,2,-1,1
GREEN,3.3,2.4,유해란,2,18,3,0,박서현,2,6,2,0,1
GREEN,3.3,3.3,유해란,2,18,3,0,박서현,2,8,2,0,1
GREEN,3.3,3.6,유해란,2,18,3,0,박서현,2,10,3,0,0
GREEN,3.3,3.6,유해란,2,18,3,0,박서현,2,16,2,0,1
GREEN,3.3,4.3,유해란,2,18,3,0,박서현,3,9,3,2,0
GREEN,3.3,2.7,유해란,2,18,3,0,박서현,3,15,3,1,0
GREEN,3.3,2.8,유해란,2,18,3,0,박서현,4,3,3,1,0
GREEN,3.3,3.7,유해란,2,18,3,0,박서현,4,4,3,1,0
GREEN,3.3,3.8,유해란,2,18,3,0,박서현,4,6,2,0,1
GREEN,3.3,3.4,유해란,2,18,3,0,박서현,4,9,4,2,-1
GREEN,3.3,3.4,유해란,2,18,3,0,박서현,4,13,2,0,1
GREEN,0.7,0.5,유해란,2,18,2,0,이재윤,1,1,2,0,0
GREEN,0.7,0.5,유해란,2,18,2,0,이재윤,1,2,2,0,0
GREEN,0.7,1.3,유해란,2,18,2,0,이재윤,1,3,2,0,0
GREEN,0.7,0.5,유해란,2,18,2,0,이재윤,1,4,2,1,0
GREEN,0.7,0.8,유해란,2,18,2,0,이재윤,1,5,2,0,0
GREEN,0.7,0.5,유해란,2,18,2,0,이재윤,1,6,2,0,0
GREEN,0.7,0.5,유해란,2,18,2,0,이재윤,1,7,2,0,0
GREEN,0.7,0.2,유해란,2,18,2,0,이재윤,1,8,2,0,0
GREEN,0.7,1.4,유해란,2,18,2,0,이재윤,1,9,2,1,0
GREEN,0.7,0.8,유해란,2,18,2,0,이재윤,1,10,2,0,0
GREEN,0.7,0.7,유해란,2,18,2,0,이재윤,1,11,2,1,0
GREEN,0.7,0.3,유해란,2,18,2,0,이재윤,1,12,2,0,0
GREEN,0.7,0.9,유해란,2,18,2,0,이재윤,1,13,2,0,0
GREEN,0.7,1.6,유해란,2,18,2,0,이재윤,1,14,3,0,-1
GREEN,0.7,0.3,유해란,2,18,2,0,이재윤,1,14,2,0,0
GREEN,0.7,1.1,유해란,2,18,2,0,이재윤,1,15,2,1,0
GREEN,0.7,0.8,유해란,2,18,2,0,이재윤,1,18,2,0,0
GREEN,0.7,0.8,유해란,2,18,2,0,이재윤,2,3,2,0,0
GREEN,0.7,0.4,유해란,2,18,2,0,이재윤,2,4,2,1,0
GREEN,0.7,0.7,유해란,2,18,2,0,이재윤,2,5,2,0,0
GREEN,0.7,1.2,유해란,2,18,2,0,이재윤,2,6,2,0,0
GREEN,0.7,0.5,유해란,2,18,2,0,이재윤,2,7,2,0,0
GREEN,0.7,0.2,유해란,2,18,2,0,이재윤,2,8,2,0,0
GREEN,0.7,1.5,유해란,2,18,2,0,이재윤,2,9,2,0,0
GREEN,0.7,1.2,유해란,2,18,2,0,이재윤,2,10,2,0,0
GREEN,0.7,1.5,유해란,2,18,2,0,이재윤,2,11,2,1,0
GREEN,0.7,0.5,유해란,2,18,2,0,이재윤,2,12,2,0,0
GREEN,0.7,1.6,유해란,2,18,2,0,이재윤,2,13,2,-1,0
GREEN,0.7,1.5,유해란,2,18,2,0,이재윤,2,14,3,1,-1
GREEN,0.7,0.4,유해란,2,18,2,0,이재윤,2,14,2,1,0
GREEN,0.7,0.5,유해란,2,18,2,0,이재윤,2,15,2,1,0
GREEN,0.7,1.7,유해란,2,18,2,0,이재윤,2,16,2,0,0
GREEN,0.7,1.0,유해란,2,18,2,0,이재윤,2,17,2,0,0
GREEN,0.7,1.3,유해란,2,18,2,0,이재윤,2,18,2,0,0
GREEN,0.7,0.3,유해란,2,18,2,0,이재윤,3,1,2,1,0
GREEN,0.7,0.5,유해란,2,18,2,0,이재윤,3,2,2,0,0
GREEN,0.7,1.5,유해란,2,18,2,0,이재윤,3,4,2,0,0
GREEN,0.7,0.3,유해란,2,18,2,0,이재윤,3,5,2,0,0
GREEN,0.7,0.4,유해란,2,18,2,0,이재윤,3,6,2,0,0
GREEN,0.7,0.5,유해란,2,18,2,0,이재윤,3,7,2,0,0
GREEN,0.7,0.3,유해란,2,18,2,0,이재윤,3,8,2,0,0
GREEN,0.7,1.2,유해란,2,18,2,0,이재윤,3,9,2,0,0
GREEN,0.7,1.3,유해란,2,18,2,0,이재윤,3,10,2,1,0
GREEN,0.7,0.5,유해란,2,18,2,0,이재윤,3,11,2,0,0
GREEN,0.7,0.3,유해란,2,18,2,0,이재윤,3,13,2,1,0
GREEN,0.7,0.2,유해란,2,18,2,0,이재윤,3,14,2,0,0
GREEN,0.7,1.4,유해란,2,18,2,0,이재윤,3,15,2,0,0
GREEN,0.7,1.3,유해란,2,18,2,0,이재윤,3,17,2,0,0
GREEN,0.7,0.5,유해란,2,18,2,0,이재윤,3,18,2,0,0
GREEN,0.7,0.9,유해란,2,18,2,0,이재윤,4,1,2,0,0
GREEN,0.7,0.3,유해란,2,18,2,0,이재윤,4,2,2,1,0
GREEN,0.7,0.3,유해란,2,18,2,0,이재윤,4,5,2,0,0
GREEN,0.7,0.4,유해란,2,18,2,0,이재윤,4,8,2,0,0
GREEN,0.7,0.3,유해란,2,18,2,0,이재윤,4,9,2,0,0
GREEN,0.7,1.7,유해란,2,18,2,0,이재윤,4,11,2,0,0
GREEN,0.7,0.4,유해란,2,18,2,0,이재윤,4,12,2,0,0
GREEN,0.7,0.5,유해란,2,18,2,0,이재윤,4,13,2,0,0
GREEN,0.7,1.5,유해란,2,18,2,0,이재윤,4,14,3,1,-1
GREEN,0.7,1.0,유해란,2,18,2,0,이재윤,4,14,2,1,0
GREEN,0.7,1.2,유해란,2,18,2,0,이재윤,4,15,2,0,0
GREEN,0.7,0.5,유해란,2,18,2,0,이재윤,4,16,2,0,0
GREEN,0.7,0.3,유해란,2,18,2,0,이재윤,4,18,2,0,0
GREEN,0.7,0.4,유해란,2,18,2,0,박서현,1,2,2,0,0
GREEN,0.7,1.0,유해란,2,18,2,0,박서현,1,3,2,2,0
GREEN,0.7,0.5,유해란,2,18,2,0,박서현,1,4,2,0,0
GREEN,0.7,0.5,유해란,2,18,2,0,박서현,1,5,2,0,0
GREEN,0.7,0.4,유해란,2,18,2,0,박서현,1,6,2,1,0
GREEN,0.7,0.5,유해란,2,18,2,0,박서현,1,7,2,0,0
GREEN,0.7,0.5,유해란,2,18,2,0,박서현,1,8,2,1,0
GREEN,0.7,0.6,유해란,2,18,2,0,박서현,1,9,2,0,0
GREEN,0.7,0.3,유해란,2,18,2,0,박서현,1,10,2,0,0
GREEN,0.7,0.4,유해란,2,18,2,0,박서현,1,11,2,0,0
GREEN,0.7,1.1,유해란,2,18,2,0,박서현,1,13,2,1,0
GREEN,0.7,0.3,유해란,2,18,2,0,박서현,1,14,2,0,0
GREEN,0.7,0.5,유해란,2,18,2,0,박서현,1,15,2,1,0
GREEN,0.7,0.5,유해란,2,18,2,0,박서현,1,17,2,0,0
GREEN,0.7,0.3,유해란,2,18,2,0,박서현,2,1,2,0,0
GREEN,0.7,0.5,유해란,2,18,2,0,박서현,2,2,2,0,0
GREEN,0.7,0.5,유해란,2,18,2,0,박서현,2,3,2,0,0
GREEN,0.7,0.3,유해란,2,18,2,0,박서현,2,4,2,1,0
GREEN,0.7,1.2,유해란,2,18,2,0,박서현,2,5,3,1,-1
GREEN,0.7,0.4,유해란,2,18,2,0,박서현,2,5,2,1,0
GREEN,0.7,0.4,유해란,2,18,2,0,박서현,2,7,2,0,0
GREEN,0.7,1.5,유해란,2,18,2,0,박서현,2,9,2,0,0
GREEN,0.7,0.2,유해란,2,18,2,0,박서현,2,10,2,0,0
GREEN,0.7,1.5,유해란,2,18,2,0,박서현,2,11,2,1,0
GREEN,0.7,1.3,유해란,2,18,2,0,박서현,2,12,3,2,-1
GREEN,0.7,0.9,유해란,2,18,2,0,박서현,2,12,2,2,0
GREEN,0.7,0.4,유해란,2,18,2,0,박서현,2,13,2,0,0
GREEN,0.7,1.0,유해란,2,18,2,0,박서현,2,14,2,1,0
GREEN,0.7,1.3,유해란,2,18,2,0,박서현,2,15,2,0,0
GREEN,0.7,0.2,유해란,2,18,2,0,박서현,2,17,2,0,0
GREEN,0.7,1.3,유해란,2,18,2,0,박서현,2,18,2,0,0
GREEN,0.7,1.3,유해란,2,18,2,0,박서현,3,1,2,0,0
GREEN,0.7,1.4,유해란,2,18,2,0,박서현,3,2,2,0,0
GREEN,0.7,0.4,유해란,2,18,2,0,박서현,3,3,2,1,0
GREEN,0.7,0.5,유해란,2,18,2,0,박서현,3,4,2,0,0
GREEN,0.7,1.2,유해란,2,18,2,0,박서현,3,5,2,0,0
GREEN,0.7,0.3,유해란,2,18,2,0,박서현,3,6,2,0,0
GREEN,0.7,0.5,유해란,2,18,2,0,박서현,3,7,2,0,0
GREEN,0.7,0.3,유해란,2,18,2,0,박서현,3,8,2,3,0
GREEN,0.7,0.2,유해란,2,18,2,0,박서현,3,9,2,2,0
GREEN,0.7,0.9,유해란,2,18,2,0,박서현,3,10,2,1,0
GREEN,0.7,1.0,유해란,2,18,2,0,박서현,3,11,2,0,0
GREEN,0.7,1.2,유해란,2,18,2,0,박서현,3,12,2,0,0
GREEN,0.7,1.3,유해란,2,18,2,0,박서현,3,13,3,1,-1
GREEN,0.7,1.0,유해란,2,18,2,0,박서현,3,13,2,1,0
GREEN,0.7,0.4,유해란,2,18,2,0,박서현,3,14,2,0,0
GREEN,0.7,1.4,유해란,2,18,2,0,박서현,3,15,2,1,0
GREEN,0.7,0.3,유해란,2,18,2,0,박서현,3,16,2,0,0
GREEN,0.7,0.5,유해란,2,18,2,0,박서현,3,18,2,0,0
GREEN,0.7,1.1,유해란,2,18,2,0,박서현,4,1,2,0,0
GREEN,0.7,0.2,유해란,2,18,2,0,박서현,4,2,2,0,0
GREEN,0.7,0.5,유해란,2,18,2,0,박서현,4,3,2,1,0
GREEN,0.7,0.3,유해란,2,18,2,0,박서현,4,4,2,1,0
GREEN,0.7,0.3,유해란,2,18,2,0,박서현,4,5,2,0,0
GREEN,0.7,0.3,유해란,2,18,2,0,박서현,4,8,2,0,0
GREEN,0.7,1.7,유해란,2,18,2,0,박서현,4,9,3,2,-1
GREEN,0.7,0.4,유해란,2,18,2,0,박서현,4,9,2,2,0
GREEN,0.7,1.6,유해란,2,18,2,0,박서현,4,10,2,1,0
GREEN,0.7,0.4,유해란,2,18,2,0,박서현,4,11,2,0,0
GREEN,0.7,0.8,유해란,2,18,2,0,박서현,4,12,2,1,0
GREEN,0.7,1.6,유해란,2,18,2,0,박서현,4,14,3,1,-1
GREEN,0.7,0.2,유해란,2,18,2,0,박서현,4,14,2,1,0
GREEN,0.7,0.7,유해란,2,18,2,0,박서현,4,15,2,0,0
GREEN,0.7,1.3,유해란,2,18,2,0,박서현,4,16,2,0,0
GREEN,0.7,0.5,유해란,2,18,2,0,박서현,4,17,2,1,0
GREEN,0.7,1.3,유해란,2,18,2,0,박서현,4,18,2,1,0
FAIRWAY,153.8,154.8,유해란,3,1,4,0,박서현,3,14,4,0,0
GREEN,9.1,10.1,유해란,3,1,3,0,이재윤,1,6,3,0,0
GREEN,9.1,8.6,유해란,3,1,3,0,이재윤,1,13,3,0,0
GREEN,9.1,9.3,유해란,3,1,3,0,이재윤,1,18,3,0,0
GREEN,9.1,10.0,유해란,3,1,3,0,이재윤,2,8,3,0,0
GREEN,9.1,9.6,유해란,3,1,3,0,이재윤,2,12,3,0,0
GREEN,9.1,9.0,유해란,3,1,3,0,이재윤,2,17,3,0,0
GREEN,9.1,9.2,유해란,3,1,3,0,이재윤,3,9,3,0,0
GREEN,9.1,9.9,유해란,3,1,3,0,이재윤,4,2,3,1,0
GREEN,9.1,9.4,유해란,3,1,3,0,박서현,1,7,3,0,0
GREEN,9.1,9.4,유해란,3,1,3,0,박서현,1,18,2,-1,1
GREEN,9.1,9.4,유해란,3,1,3,0,박서현,2,7,3,0,0
GREEN,9.1,8.2,유해란,3,1,3,0,박서현,3,12,3,0,0
GREEN,1.4,0.5,유해란,3,1,2,0,이재윤,1,1,2,0,0
GREEN,1.4,0.5,유해란,3,1,2,0,이재윤,1,2,2,0,0
GREEN,1.4,1.3,유해란,3,1,2,0,이재윤,1,3,2,0,0
GREEN,1.4,0.5,유해란,3,1,2,0,이재윤,1,4,2,1,0
GREEN,1.4,0.8,유해란,3,1,2,0,이재윤,1,5,2,0,0
GREEN,1.4,0.5,유해란,3,1,2,0,이재윤,1,6,2,0,0
GREEN,1.4,0.5,유해란,3,1,2,0,이재윤,1,7,2,0,0
GREEN,1.4,1.4,유해란,3,1,2,0,이재윤,1,9,2,1,0
GREEN,1.4,0.8,유해란,3,1,2,0,이재윤,1,10,2,0,0
GREEN,1.4,0.7,유해란,3,1,2,0,이재윤,1,11,2,1,0
GREEN,1.4,0.9,유해란,3,1,2,0,이재윤,1,13,2,0,0
GREEN,1.4,1.6,유해란,3,1,2,0,이재윤,1,14,3,0,-1
GREEN,1.4,1.1,유해란,3,1,2,0,이재윤,1,15,2,1,0
GREEN,1.4,2.1,유해란,3,1,2,0,이재윤,1,17,2,0,0
GREEN,1.4,0.8,유해란,3,1,2,0,이재윤,1,18,2,0,0
GREEN,1.4,0.8,유해란,3,1,2,0,이재윤,2,3,2,0,0
GREEN,1.4,2.3,유해란,3,1,2,0,이재윤,2,4,3,1,-1
GREEN,1.4,0.4,유해란,3,1,2,0,이재윤,2,4,2,1,0
GREEN,1.4,0.7,유해란,3,1,2,0,이재윤,2,5,2,0,0
GREEN,1.4,1.2,유해란,3,1,2,0,이재윤,2,6,2,0,0
GREEN,1.4,0.5,유해란,3,1,2,0,이재윤,2,7,2,0,0
GREEN,1.4,1.5,유해란,3,1,2,0,이재윤,2,9,2,0,0
GREEN,1.4,1.2,유해란,3,1,2,0,이재윤,2,10,2,0,0
GREEN,1.4,1.5,유해란,3,1,2,0,이재윤,2,11,2,1,0
GREEN,1.4,0.5,유해란,3,1,2,0,이재윤,2,12,2,0,0
GREEN,1.4,1.6,유해란,3,1,2,0,이재윤,2,13,2,-1,0
GREEN,1.4,1.5,유해란,3,1,2,0,이재윤,2,14,3,1,-1
GREEN,1.4,0.4,유해란,3,1,2,0,이재윤,2,14,2,1,0
GREEN,1.4,0.5,유해란,3,1,2,0,이재윤,2,15,2,1,0
GREEN,1.4,1.7,유해란,3,1,2,0,이재윤,2,16,2,0,0
GREEN,1.4,1.0,유해란,3,1,2,0,이재윤,2,17,2,0,0
GREEN,1.4,1.3,유해란,3,1,2,0,이재윤,2,18,2,0,0
GREEN,1.4,0.5,유해란,3,1,2,0,이재윤,3,2,2,0,0
GREEN,1.4,1.5,유해란,3,1,2,0,이재윤,3,4,2,0,0
GREEN,1.4,2.1,유해란,3,1,2,0,이재윤,3,6,3,0,-1
GREEN,1.4,0.4,유해란,3,1,2,0,이재윤,3,6,2,0,0
GREEN,1.4,0.5,유해란,3,1,2,0,이재윤,3,7,2,0,0
GREEN,1.4,1.2,유해란,3,1,2,0,이재윤,3,9,2,0,0
GREEN,1.4,1.3,유해란,3,1,2,0,이재윤,3,10,2,1,0
GREEN,1.4,0.5,유해란,3,1,2,0,이재윤,3,11,2,0,0
GREEN,1.4,1.4,유해란,3,1,2,0,이재윤,3,15,2,0,0
GREEN,1.4,1.3,유해란,3,1,2,0,이재윤,3,17,2,0,0
GREEN,1.4,0.5,유해란,3,1,2,0,이재윤,3,18,2,0,0
GREEN,1.4,0.9,유해란,3,1,2,0,이재윤,4,1,2,0,0
GREEN,1.4,2.2,유해란,3,1,2,0,이재윤,4,3,2,0,0
GREEN,1.4,0.4,유해란,3,1,2,0,이재윤,4,8,2,0,0
GREEN,1.4,2.0,유해란,3,1,2,0,이재윤,4,10,2,0,0
GREEN,1.4,1.7,유해란,3,1,2,0,이재윤,4,11,2,0,0
GREEN,1.4,0.4,유해란,3,1,2,0,이재윤,4,12,2,0,0
GREEN,1.4,0.5,유해란,3,1,2,0,이재윤,4,13,2,0,0
GREEN,1.4,1.5,유해란,3,1,2,0,이재윤,4,14,3,1,-1
GREEN,1.4,1.0,유해란,3,1,2,0,이재윤,4,14,2,1,0
GREEN,1.4,1.2,유해란,3,1,2,0,이재윤,4,15,2,0,0
GREEN,1.4,0.5,유해란,3,1,2,0,이재윤,4,16,2,0,0
GREEN,1.4,1.8,유해란,3,1,2,0,이재윤,4,17,2,0,0
GREEN,1.4,0.4,유해란,3,1,2,0,박서현,1,2,2,0,0
GREEN,1.4,1.0,유해란,3,1,2,0,박서현,1,3,2,2,0
GREEN,1.4,0.5,유해란,3,1,2,0,박서현,1,4,2,0,0
GREEN,1.4,0.5,유해란,3,1,2,0,박서현,1,5,2,0,0
GREEN,1.4,0.4,유해란,3,1,2,0,박서현,1,6,2,1,0
GREEN,1.4,0.5,유해란,3,1,2,0,박서현,1,7,2,0,0
GREEN,1.4,2.0,유해란,3,1,2,0,박서현,1,8,3,1,-1
GREEN,1.4,0.5,유해란,3,1,2,0,박서현,1,8,2,1,0
GREEN,1.4,0.6,유해란,3,1,2,0,박서현,1,9,2,0,0
GREEN,1.4,0.4,유해란,3,1,2,0,박서현,1,11,2,0,0
GREEN,1.4,1.1,유해란,3,1,2,0,박서현,1,13,2,1,0
GREEN,1.4,0.5,유해란,3,1,2,0,박서현,1,15,2,1,0
GREEN,1.4,0.5,유해란,3,1,2,0,박서현,1,17,2,0,0
GREEN,1.4,0.5,유해란,3,1,2,0,박서현,2,2,2,0,0
GREEN,1.4,0.5,유해란,3,1,2,0,박서현,2,3,2,0,0
GREEN,1.4,1.2,유해란,3,1,2,0,박서현,2,5,3,1,-1
GREEN,1.4,0.4,유해란,3,1,2,0,박서현,2,5,2,1,0
GREEN,1.4,2.4,유해란,3,1,2,0,박서현,2,6,2,0,0
GREEN,1.4,0.4,유해란,3,1,2,0,박서현,2,7,2,0,0
GREEN,1.4,1.5,유해란,3,1,2,0,박서현,2,9,2,0,0
GREEN,1.4,1.5,유해란,3,1,2,0,박서현,2,11,2,1,0
GREEN,1.4,1.3,유해란,3,1,2,0,박서현,2,12,3,2,-1
GREEN,1.4,0.9,유해란,3,1,2,0,박서현,2,12,2,2,0
GREEN,1.4,0.4,유해란,3,1,2,0,박서현,2,13,2,0,0
GREEN,1.4,1.0,유해란,3,1,2,0,박서현,2,14,2,1,0
GREEN,1.4,1.3,유해란,3,1,2,0,박서현,2,15,2,0,0
GREEN,1.4,1.3,유해란,3,1,2,0,박서현,2,18,2,0,0
GREEN,1.4,1.3,유해란,3,1,2,0,박서현,3,1,2,0,0
GREEN,1.4,1.4,유해란,3,1,2,0,박서현,3,2,2,0,0
GREEN,1.4,0.4,유해란,3,1,2,0,박서현,3,3,2,1,0
GREEN,1.4,0.5,유해란,3,1,2,0,박서현,3,4,2,0,0
GREEN,1.4,1.2,유해란,3,1,2,0,박서현,3,5,2,0,0
GREEN,1.4,0.5,유해란,3,1,2,0,박서현,3,7,2,0,0
GREEN,1.4,1.9,유해란,3,1,2,0,박서현,3,10,3,1,-1
GREEN,1.4,0.9,유해란,3,1,2,0,박서현,3,10,2,1,0
GREEN,1.4,1.0,유해란,3,1,2,0,박서현,3,11,2,0,0
GREEN,1.4,1.2,유해란,3,1,2,0,박서현,3,12,2,0,0
GREEN,1.4,1.3,유해란,3,1,2,0,박서현,3,13,3,1,-1
GREEN,1.4,1.0,유해란,3,1,2,0,박서현,3,13,2,1,0
GREEN,1.4,0.4,유해란,3,1,2,0,박서현,3,14,2,0,0
GREEN,1.4,1.4,유해란,3,1,2,0,박서현,3,15,2,1,0
GREEN,1.4,1.9,유해란,3,1,2,0,박서현,3,17,2,0,0
GREEN,1.4,0.5,유해란,3,1,2,0,박서현,3,18,2,0,0
GREEN,1.4,1.1,유해란,3,1,2,0,박서현,4,1,2,0,0
GREEN,1.4,0.5,유해란,3,1,2,0,박서현,4,3,2,1,0
GREEN,1.4,1.7,유해란,3,1,2,0,박서현,4,9,3,2,-1
GREEN,1.4,0.4,유해란,3,1,2,0,박서현,4,9,2,2,0
GREEN,1.4,1.6,유해란,3,1,2,0,박서현,4,10,2,1,0
GREEN,1.4,0.4,유해란,3,1,2,0,박서현,4,11,2,0,0
GREEN,1.4,1.9,유해란,3,1,2,0,박서현,4,12,3,1,-1
GREEN,1.4,0.8,유해란,3,1,2,0,박서현,4,12,2,1,0
GREEN,1.4,1.6,유해란,3,1,2,0,박서현,4,14,3,1,-1
GREEN,1.4,0.7,유해란,3,1,2,0,박서현,4,15,2,0,0
GREEN,1.4,1.3,유해란,3,1,2,0,박서현,4,16,2,0,0
GREEN,1.4,2.2,유해란,3,1,2,0,박서현,4,17,3,1,-1
GREEN,1.4,0.5,유해란,3,1,2,0,박서현,4,17,2,1,0
GREEN,1.4,1.3,유해란,3,1,2,0,박서현,4,18,2,1,0
GREEN,9.4,10.1,유해란,3,2,2,-1,이재윤,1,6,3,0,-1
GREEN,9.4,10.3,유해란,3,2,2,-1,이재윤,1,9,3,1,-1
GREEN,9.4,8.6,유해란,3,2,2,-1,이재윤,1,13,3,0,-1
GREEN,9.4,9.3,유해란,3,2,2,-1,이재윤,1,18,3,0,-1
GREEN,9.4,10.0,유해란,3,2,2,-1,이재윤,2,8,3,0,-1
GREEN,9.4,9.6,유해란,3,2,2,-1,이재윤,2,12,3,0,-1
GREEN,9.4,9.0,유해란,3,2,2,-1,이재윤,2,17,3,0,-1
GREEN,9.4,10.4,유해란,3,2,2,-1,이재윤,3,5,3,0,-1
GREEN,9.4,9.2,유해란,3,2,2,-1,이재윤,3,9,3,0,-1
GREEN,9.4,9.9,유해란,3,2,2,-1,이재윤,4,2,3,1,-1
GREEN,9.4,10.4,유해란,3,2,2,-1,박서현,1,2,3,0,-1
GREEN,9.4,9.4,유해란,3,2,2,-1,박서현,1,7,3,0,-1
GREEN,9.4,9.4,유해란,3,2,2,-1,박서현,1,18,2,-1,0
GREEN,9.4,9.4,유해란,3,2,2,-1,박서현,2,7,3,0,-1
FRINGE,5.0,5.6,유해란,3,3,3,1,이재윤,1,8,3,0,0
FRINGE,5.0,5.6,유해란,3,3,3,1,박서현,3,8,3,3,0
GREEN,0.8,0.5,유해란,3,3,2,1,이재윤,1,1,2,0,0
GREEN,0.8,0.5,유해란,3,3,2,1,이재윤,1,2,2,0,0
GREEN,0.8,1.3,유해란,3,3,2,1,이재윤,1,3,2,0,0
GREEN,0.8,0.5,유해란,3,3,2,1,이재윤,1,4,2,1,0
GREEN,0.8,0.8,유해란,3,3,2,1,이재윤,1,5,2,0,0
GREEN,0.8,0.5,유해란,3,3,2,1,이재윤,1,6,2,0,0
GREEN,0.8,0.5,유해란,3,3,2,1,이재윤,1,7,2,0,0
GREEN,0.8,0.2,유해란,3,3,2,1,이재윤,1,8,2,0,0
GREEN,0.8,1.4,유해란,3,3,2,1,이재윤,1,9,2,1,0
GREEN,0.8,0.8,유해란,3,3,2,1,이재윤,1,10,2,0,0
GREEN,0.8,0.7,유해란,3,3,2,1,이재윤,1,11,2,1,0
GREEN,0.8,0.3,유해란,3,3,2,1,이재윤,1,12,2,0,0
GREEN,0.8,0.9,유해란,3,3,2,1,이재윤,1,13,2,0,0
GREEN,0.8,1.6,유해란,3,3,2,1,이재윤,1,14,3,0,-1
GREEN,0.8,0.3,유해란,3,3,2,1,이재윤,1,14,2,0,0
GREEN,0.8,1.1,유해란,3,3,2,1,이재윤,1,15,2,1,0
GREEN,0.8,0.8,유해란,3,3,2,1,이재윤,1,18,2,0,0
GREEN,0.8,0.8,유해란,3,3,2,1,이재윤,2,3,2,0,0
GREEN,0.8,0.4,유해란,3,3,2,1,이재윤,2,4,2,1,0
GREEN,0.8,0.7,유해란,3,3,2,1,이재윤,2,5,2,0,0
GREEN,0.8,1.2,유해란,3,3,2,1,이재윤,2,6,2,0,0
GREEN,0.8,0.5,유해란,3,3,2,1,이재윤,2,7,2,0,0
GREEN,0.8,0.2,유해란,3,3,2,1,이재윤,2,8,2,0,0
GREEN,0.8,1.5,유해란,3,3,2,1,이재윤,2,9,2,0,0
GREEN,0.8,1.2,유해란,3,3,2,1,이재윤,2,10,2,0,0
GREEN,0.8,1.5,유해란,3,3,2,1,이재윤,2,11,2,1,0
GREEN,0.8,0.5,유해란,3,3,2,1,이재윤,2,12,2,0,0
GREEN,0.8,1.6,유해란,3,3,2,1,이재윤,2,13,2,-1,0
GREEN,0.8,1.5,유해란,3,3,2,1,이재윤,2,14,3,1,-1
GREEN,0.8,0.4,유해란,3,3,2,1,이재윤,2,14,2,1,0
GREEN,0.8,0.5,유해란,3,3,2,1,이재윤,2,15,2,1,0
GREEN,0.8,1.7,유해란,3,3,2,1,이재윤,2,16,2,0,0
GREEN,0.8,1.0,유해란,3,3,2,1,이재윤,2,17,2,0,0
GREEN,0.8,1.3,유해란,3,3,2,1,이재윤,2,18,2,0,0
GREEN,0.8,0.3,유해란,3,3,2,1,이재윤,3,1,2,1,0
GREEN,0.8,0.5,유해란,3,3,2,1,이재윤,3,2,2,0,0
GREEN,0.8,1.5,유해란,3,3,2,1,이재윤,3,4,2,0,0
GREEN,0.8,0.3,유해란,3,3,2,1,이재윤,3,5,2,0,0
GREEN,0.8,0.4,유해란,3,3,2,1,이재윤,3,6,2,0,0
GREEN,0.8,0.5,유해란,3,3,2,1,이재윤,3,7,2,0,0
GREEN,0.8,0.3,유해란,3,3,2,1,이재윤,3,8,2,0,0
GREEN,0.8,1.2,유해란,3,3,2,1,이재윤,3,9,2,0,0
GREEN,0.8,1.3,유해란,3,3,2,1,이재윤,3,10,2,1,0
GREEN,0.8,0.5,유해란,3,3,2,1,이재윤,3,11,2,0,0
GREEN,0.8,0.3,유해란,3,3,2,1,이재윤,3,13,2,1,0
GREEN,0.8,0.2,유해란,3,3,2,1,이재윤,3,14,2,0,0
GREEN,0.8,1.4,유해란,3,3,2,1,이재윤,3,15,2,0,0
GREEN,0.8,1.3,유해란,3,3,2,1,이재윤,3,17,2,0,0
GREEN,0.8,0.5,유해란,3,3,2,1,이재윤,3,18,2,0,0
GREEN,0.8,0.9,유해란,3,3,2,1,이재윤,4,1,2,0,0
GREEN,0.8,0.3,유해란,3,3,2,1,이재윤,4,2,2,1,0
GREEN,0.8,0.3,유해란,3,3,2,1,이재윤,4,5,2,0,0
GREEN,0.8,0.4,유해란,3,3,2,1,이재윤,4,8,2,0,0
GREEN,0.8,0.3,유해란,3,3,2,1,이재윤,4,9,2,0,0
GREEN,0.8,1.7,유해란,3,3,2,1,이재윤,4,11,2,0,0
GREEN,0.8,0.4,유해란,3,3,2,1,이재윤,4,12,2,0,0
GREEN,0.8,0.5,유해란,3,3,2,1,이재윤,4,13,2,0,0
GREEN,0.8,1.5,유해란,3,3,2,1,이재윤,4,14,3,1,-1
GREEN,0.8,1.0,유해란,3,3,2,1,이재윤,4,14,2,1,0
GREEN,0.8,1.2,유해란,3,3,2,1,이재윤,4,15,2,0,0
GREEN,0.8,0.5,유해란,3,3,2,1,이재윤,4,16,2,0,0
GREEN,0.8,1.8,유해란,3,3,2,1,이재윤,4,17,2,0,0
GREEN,0.8,0.3,유해란,3,3,2,1,이재윤,4,18,2,0,0
GREEN,0.8,0.4,유해란,3,3,2,1,박서현,1,2,2,0,0
GREEN,0.8,1.0,유해란,3,3,2,1,박서현,1,3,2,2,0
GREEN,0.8,0.5,유해란,3,3,2,1,박서현,1,4,2,0,0
GREEN,0.8,0.5,유해란,3,3,2,1,박서현,1,5,2,0,0
GREEN,0.8,0.4,유해란,3,3,2,1,박서현,1,6,2,1,0
GREEN,0.8,0.5,유해란,3,3,2,1,박서현,1,7,2,0,0
GREEN,0.8,0.5,유해란,3,3,2,1,박서현,1,8,2,1,0
GREEN,0.8,0.6,유해란,3,3,2,1,박서현,1,9,2,0,0
GREEN,0.8,0.3,유해란,3,3,2,1,박서현,1,10,2,0,0
GREEN,0.8,0.4,유해란,3,3,2,1,박서현,1,11,2,0,0
GREEN,0.8,1.1,유해란,3,3,2,1,박서현,1,13,2,1,0
GREEN,0.8,0.3,유해란,3,3,2,1,박서현,1,14,2,0,0
GREEN,0.8,0.5,유해란,3,3,2,1,박서현,1,15,2,1,0
GREEN,0.8,0.5,유해란,3,3,2,1,박서현,1,17,2,0,0
GREEN,0.8,0.3,유해란,3,3,2,1,박서현,2,1,2,0,0
GREEN,0.8,0.5,유해란,3,3,2,1,박서현,2,2,2,0,0
GREEN,0.8,0.5,유해란,3,3,2,1,박서현,2,3,2,0,0
GREEN,0.8,0.3,유해란,3,3,2,1,박서현,2,4,2,1,0
GREEN,0.8,1.2,유해란,3,3,2,1,박서현,2,5,3,1,-1
GREEN,0.8,0.4,유해란,3,3,2,1,박서현,2,5,2,1,0
GREEN,0.8,0.4,유해란,3,3,2,1,박서현,2,7,2,0,0
GREEN,0.8,1.5,유해란,3,3,2,1,박서현,2,9,2,0,0
GREEN,0.8,0.2,유해란,3,3,2,1,박서현,2,10,2,0,0
GREEN,0.8,1.5,유해란,3,3,2,1,박서현,2,11,2,1,0
GREEN,0.8,1.3,유해란,3,3,2,1,박서현,2,12,3,2,-1
GREEN,0.8,0.9,유해란,3,3,2,1,박서현,2,12,2,2,0
GREEN,0.8,0.4,유해란,3,3,2,1,박서현,2,13,2,0,0
GREEN,0.8,1.0,유해란,3,3,2,1,박서현,2,14,2,1,0
GREEN,0.8,1.3,유해란,3,3,2,1,박서현,2,15,2,0,0
GREEN,0.8,0.2,유해란,3,3,2,1,박서현,2,17,2,0,0
GREEN,0.8,1.3,유해란,3,3,2,1,박서현,2,18,2,0,0
GREEN,0.8,1.3,유해란,3,3,2,1,박서현,3,1,2,0,0
GREEN,0.8,1.4,유해란,3,3,2,1,박서현,3,2,2,0,0
GREEN,0.8,0.4,유해란,3,3,2,1,박서현,3,3,2,1,0
GREEN,0.8,0.5,유해란,3,3,2,1,박서현,3,4,2,0,0
GREEN,0.8,1.2,유해란,3,3,2,1,박서현,3,5,2,0,0
GREEN,0.8,0.3,유해란,3,3,2,1,박서현,3,6,2,0,0
GREEN,0.8,0.5,유해란,3,3,2,1,박서현,3,7,2,0,0
GREEN,0.8,0.3,유해란,3,3,2,1,박서현,3,8,2,3,0
GREEN,0.8,0.2,유해란,3,3,2,1,박서현,3,9,2,2,0
GREEN,0.8,0.9,유해란,3,3,2,1,박서현,3,10,2,1,0
GREEN,0.8,1.0,유해란,3,3,2,1,박서현,3,11,2,0,0
GREEN,0.8,1.2,유해란,3,3,2,1,박서현,3,12,2,0,0
GREEN,0.8,1.3,유해란,3,3,2,1,박서현,3,13,3,1,-1
GREEN,0.8,1.0,유해란,3,3,2,1,박서현,3,13,2,1,0
GREEN,0.8,0.4,유해란,3,3,2,1,박서현,3,14,2,0,0
GREEN,0.8,1.4,유해란,3,3,2,1,박서현,3,15,2,1,0
GREEN,0.8,0.3,유해란,3,3,2,1,박서현,3,16,2,0,0
GREEN,0.8,0.5,유해란,3,3,2,1,박서현,3,18,2,0,0
GREEN,0.8,1.1,유해란,3,3,2,1,박서현,4,1,2,0,0
GREEN,0.8,0.2,유해란,3,3,2,1,박서현,4,2,2,0,0
GREEN,0.8,0.5,유해란,3,3,2,1,박서현,4,3,2,1,0
GREEN,0.8,0.3,유해란,3,3,2,1,박서현,4,4,2,1,0
GREEN,0.8,0.3,유해란,3,3,2,1,박서현,4,5,2,0,0
GREEN,0.8,0.3,유해란,3,3,2,1,박서현,4,8,2,0,0
GREEN,0.8,1.7,유해란,3,3,2,1,박서현,4,9,3,2,-1
GREEN,0.8,0.4,유해란,3,3,2,1,박서현,4,9,2,2,0
GREEN,0.8,1.6,유해란,3,3,2,1,박서현,4,10,2,1,0
GREEN,0.8,0.4,유해란,3,3,2,1,박서현,4,11,2,0,0
GREEN,0.8,0.8,유해란,3,3,2,1,박서현,4,12,2,1,0
GREEN,0.8,1.6,유해란,3,3,2,1,박서현,4,14,3,1,-1
GREEN,0.8,0.2,유해란,3,3,2,1,박서현,4,14,2,1,0
GREEN,0.8,0.7,유해란,3,3,2,1,박서현,4,15,2,0,0
GREEN,0.8,1.3,유해란,3,3,2,1,박서현,4,16,2,0,0
GREEN,0.8,0.5,유해란,3,3,2,1,박서현,4,17,2,1,0
GREEN,0.8,1.3,유해란,3,3,2,1,박서현,4,18,2,1,0
FAIRWAY,95.8,96.7,유해란,3,4,4,0,이재윤,1,4,5,1,-1
FAIRWAY,95.8,94.8,유해란,3,4,4,0,이재윤,2,13,3,-1,1
GREEN,3.0,3.8,유해란,3,4,3,0,이재윤,1,4,3,1,0
GREEN,3.0,3.1,유해란,3,4,3,0,이재윤,1,7,3,0,0
GREEN,3.0,3.1,유해란,3,4,3,0,이재윤,1,11,3,1,0
GREEN,3.0,3.9,유해란,3,4,3,0,이재윤,1,12,3,0,0
GREEN,3.0,3.4,유해란,3,4,3,0,이재윤,1,15,3,1,0
GREEN,3.0,2.8,유해란,3,4,3,0,이재윤,1,16,2,0,1
GREEN,3.0,2.1,유해란,3,4,3,0,이재윤,1,17,2,0,1
GREEN,3.0,3.0,유해란,3,4,3,0,이재윤,2,2,2,0,1
GREEN,3.0,2.3,유해란,3,4,3,0,이재윤,2,4,3,1,0
GREEN,3.0,3.1,유해란,3,4,3,0,이재윤,3,1,3,1,0
GREEN,3.0,3.0,유해란,3,4,3,0,이재윤,3,3,2,0,1
GREEN,3.0,2.1,유해란,3,4,3,0,이재윤,3,6,3,0,0
GREEN,3.0,2.8,유해란,3,4,3,0,이재윤,3,7,3,0,0
GREEN,3.0,2.6,유해란,3,4,3,0,이재윤,3,12,2,0,1
GREEN,3.0,3.0,유해란,3,4,3,0,이재윤,3,13,3,1,0
GREEN,3.0,2.2,유해란,3,4,3,0,이재윤,4,3,2,0,1
GREEN,3.0,2.6,유해란,3,4,3,0,이재윤,4,4,2,0,1
GREEN,3.0,2.7,유해란,3,4,3,0,이재윤,4,6,2,-1,1
GREEN,3.0,2.8,유해란,3,4,3,0,이재윤,4,7,2,-1,1
GREEN,3.0,2.0,유해란,3,4,3,0,이재윤,4,10,2,0,1
GREEN,3.0,3.1,유해란,3,4,3,0,이재윤,4,18,3,0,0
GREEN,3.0,3.4,유해란,3,4,3,0,박서현,1,3,3,2,0
GREEN,3.0,2.0,유해란,3,4,3,0,박서현,1,8,3,1,0
GREEN,3.0,3.5,유해란,3,4,3,0,박서현,1,11,3,0,0
GREEN,3.0,2.7,유해란,3,4,3,0,박서현,1,16,2,-1,1
GREEN,3.0,2.4,유해란,3,4,3,0,박서현,2,6,2,0,1
GREEN,3.0,3.3,유해란,3,4,3,0,박서현,2,8,2,0,1
GREEN,3.0,3.6,유해란,3,4,3,0,박서현,2,10,3,0,0
GREEN,3.0,3.6,유해란,3,4,3,0,박서현,2,16,2,0,1
GREEN,3.0,2.7,유해란,3,4,3,0,박서현,3,15,3,1,0
GREEN,3.0,2.8,유해란,3,4,3,0,박서현,4,3,3,1,0
GREEN,3.0,3.7,유해란,3,4,3,0,박서현,4,4,3,1,0
GREEN,3.0,3.8,유해란,3,4,3,0,박서현,4,6,2,0,1
GREEN,3.0,3.4,유해란,3,4,3,0,박서현,4,9,4,2,-1
GREEN,3.0,3.4,유해란,3,4,3,0,박서현,4,13,2,0,1
GREEN,3.0,2.2,유해란,3,4,3,0,박서현,4,17,3,1,0
GREEN,0.8,0.5,유해란,3,4,2,0,이재윤,1,1,2,0,0
GREEN,0.8,0.5,유해란,3,4,2,0,이재윤,1,2,2,0,0
GREEN,0.8,1.3,유해란,3,4,2,0,이재윤,1,3,2,0,0
GREEN,0.8,0.5,유해란,3,4,2,0,이재윤,1,4,2,1,0
GREEN,0.8,0.8,유해란,3,4,2,0,이재윤,1,5,2,0,0
GREEN,0.8,0.5,유해란,3,4,2,0,이재윤,1,6,2,0,0
GREEN,0.8,0.5,유해란,3,4,2,0,이재윤,1,7,2,0,0
GREEN,0.8,0.2,유해란,3,4,2,0,이재윤,1,8,2,0,0
GREEN,0.8,1.4,유해란,3,4,2,0,이재윤,1,9,2,1,0
GREEN,0.8,0.8,유해란,3,4,2,0,이재윤,1,10,2,0,0
GREEN,0.8,0.7,유해란,3,4,2,0,이재윤,1,11,2,1,0
GREEN,0.8,0.3,유해란,3,4,2,0,이재윤,1,12,2,0,0
GREEN,0.8,0.9,유해란,3,4,2,0,이재윤,1,13,2,0,0
GREEN,0.8,1.6,유해란,3,4,2,0,이재윤,1,14,3,0,-1
GREEN,0.8,0.3,유해란,3,4,2,0,이재윤,1,14,2,0,0
GREEN,0.8,1.1,유해란,3,4,2,0,이재윤,1,15,2,1,0
GREEN,0.8,0.8,유해란,3,4,2,0,이재윤,1,18,2,0,0
GREEN,0.8,0.8,유해란,3,4,2,0,이재윤,2,3,2,0,0
GREEN,0.8,0.4,유해란,3,4,2,0,이재윤,2,4,2,1,0
GREEN,0.8,0.7,유해란,3,4,2,0,이재윤,2,5,2,0,0
GREEN,0.8,1.2,유해란,3,4,2,0,이재윤,2,6,2,0,0
GREEN,0.8,0.5,유해란,3,4,2,0,이재윤,2,7,2,0,0
GREEN,0.8,0.2,유해란,3,4,2,0,이재윤,2,8,2,0,0
GREEN,0.8,1.5,유해란,3,4,2,0,이재윤,2,9,2,0,0
GREEN,0.8,1.2,유해란,3,4,2,0,이재윤,2,10,2,0,0
GREEN,0.8,1.5,유해란,3,4,2,0,이재윤,2,11,2,1,0
GREEN,0.8,0.5,유해란,3,4,2,0,이재윤,2,12,2,0,0
GREEN,0.8,1.6,유해란,3,4,2,0,이재윤,2,13,2,-1,0
GREEN,0.8,1.5,유해란,3,4,2,0,이재윤,2,14,3,1,-1
GREEN,0.8,0.4,유해란,3,4,2,0,이재윤,2,14,2,1,0
GREEN,0.8,0.5,유해란,3,4,2,0,이재윤,2,15,2,1,0
GREEN,0.8,1.7,유해란,3,4,2,0,이재윤,2,16,2,0,0
GREEN,0.8,1.0,유해란,3,4,2,0,이재윤,2,17,2,0,0
GREEN,0.8,1.3,유해란,3,4,2,0,이재윤,2,18,2,0,0
GREEN,0.8,0.3,유해란,3,4,2,0,이재윤,3,1,2,1,0
GREEN,0.8,0.5,유해란,3,4,2,0,이재윤,3,2,2,0,0
GREEN,0.8,1.5,유해란,3,4,2,0,이재윤,3,4,2,0,0
GREEN,0.8,0.3,유해란,3,4,2,0,이재윤,3,5,2,0,0
GREEN,0.8,0.4,유해란,3,4,2,0,이재윤,3,6,2,0,0
GREEN,0.8,0.5,유해란,3,4,2,0,이재윤,3,7,2,0,0
GREEN,0.8,0.3,유해란,3,4,2,0,이재윤,3,8,2,0,0
GREEN,0.8,1.2,유해란,3,4,2,0,이재윤,3,9,2,0,0
GREEN,0.8,1.3,유해란,3,4,2,0,이재윤,3,10,2,1,0
GREEN,0.8,0.5,유해란,3,4,2,0,이재윤,3,11,2,0,0
GREEN,0.8,0.3,유해란,3,4,2,0,이재윤,3,13,2,1,0
GREEN,0.8,0.2,유해란,3,4,2,0,이재윤,3,14,2,0,0
GREEN,0.8,1.4,유해란,3,4,2,0,이재윤,3,15,2,0,0
GREEN,0.8,1.3,유해란,3,4,2,0,이재윤,3,17,2,0,0
GREEN,0.8,0.5,유해란,3,4,2,0,이재윤,3,18,2,0,0
GREEN,0.8,0.9,유해란,3,4,2,0,이재윤,4,1,2,0,0
GREEN,0.8,0.3,유해란,3,4,2,0,이재윤,4,2,2,1,0
GREEN,0.8,0.3,유해란,3,4,2,0,이재윤,4,5,2,0,0
GREEN,0.8,0.4,유해란,3,4,2,0,이재윤,4,8,2,0,0
GREEN,0.8,0.3,유해란,3,4,2,0,이재윤,4,9,2,0,0
GREEN,0.8,1.7,유해란,3,4,2,0,이재윤,4,11,2,0,0
GREEN,0.8,0.4,유해란,3,4,2,0,이재윤,4,12,2,0,0
GREEN,0.8,0.5,유해란,3,4,2,0,이재윤,4,13,2,0,0
GREEN,0.8,1.5,유해란,3,4,2,0,이재윤,4,14,3,1,-1
GREEN,0.8,1.0,유해란,3,4,2,0,이재윤,4,14,2,1,0
GREEN,0.8,1.2,유해란,3,4,2,0,이재윤,4,15,2,0,0
GREEN,0.8,0.5,유해란,3,4,2,0,이재윤,4,16,2,0,0
GREEN,0.8,1.8,유해란,3,4,2,0,이재윤,4,17,2,0,0
GREEN,0.8,0.3,유해란,3,4,2,0,이재윤,4,18,2,0,0
GREEN,0.8,0.4,유해란,3,4,2,0,박서현,1,2,2,0,0
GREEN,0.8,1.0,유해란,3,4,2,0,박서현,1,3,2,2,0
GREEN,0.8,0.5,유해란,3,4,2,0,박서현,1,4,2,0,0
GREEN,0.8,0.5,유해란,3,4,2,0,박서현,1,5,2,0,0
GREEN,0.8,0.4,유해란,3,4,2,0,박서현,1,6,2,1,0
GREEN,0.8,0.5,유해란,3,4,2,0,박서현,1,7,2,0,0
GREEN,0.8,0.5,유해란,3,4,2,0,박서현,1,8,2,1,0
GREEN,0.8,0.6,유해란,3,4,2,0,박서현,1,9,2,0,0
GREEN,0.8,0.3,유해란,3,4,2,0,박서현,1,10,2,0,0
GREEN,0.8,0.4,유해란,3,4,2,0,박서현,1,11,2,0,0
GREEN,0.8,1.1,유해란,3,4,2,0,박서현,1,13,2,1,0
GREEN,0.8,0.3,유해란,3,4,2,0,박서현,1,14,2,0,0
GREEN,0.8,0.5,유해란,3,4,2,0,박서현,1,15,2,1,0
GREEN,0.8,0.5,유해란,3,4,2,0,박서현,1,17,2,0,0
GREEN,0.8,0.3,유해란,3,4,2,0,박서현,2,1,2,0,0
GREEN,0.8,0.5,유해란,3,4,2,0,박서현,2,2,2,0,0
GREEN,0.8,0.5,유해란,3,4,2,0,박서현,2,3,2,0,0
GREEN,0.8,0.3,유해란,3,4,2,0,박서현,2,4,2,1,0
GREEN,0.8,1.2,유해란,3,4,2,0,박서현,2,5,3,1,-1
GREEN,0.8,0.4,유해란,3,4,2,0,박서현,2,5,2,1,0
GREEN,0.8,0.4,유해란,3,4,2,0,박서현,2,7,2,0,0
GREEN,0.8,1.5,유해란,3,4,2,0,박서현,2,9,2,0,0
GREEN,0.8,0.2,유해란,3,4,2,0,박서현,2,10,2,0,0
GREEN,0.8,1.5,유해란,3,4,2,0,박서현,2,11,2,1,0
GREEN,0.8,1.3,유해란,3,4,2,0,박서현,2,12,3,2,-1
GREEN,0.8,0.9,유해란,3,4,2,0,박서현,2,12,2,2,0
GREEN,0.8,0.4,유해란,3,4,2,0,박서현,2,13,2,0,0
GREEN,0.8,1.0,유해란,3,4,2,0,박서현,2,14,2,1,0
GREEN,0.8,1.3,유해란,3,4,2,0,박서현,2,15,2,0,0
GREEN,0.8,0.2,유해란,3,4,2,0,박서현,2,17,2,0,0
GREEN,0.8,1.3,유해란,3,4,2,0,박서현,2,18,2,0,0
GREEN,0.8,1.3,유해란,3,4,2,0,박서현,3,1,2,0,0
GREEN,0.8,1.4,유해란,3,4,2,0,박서현,3,2,2,0,0
GREEN,0.8,0.4,유해란,3,4,2,0,박서현,3,3,2,1,0
GREEN,0.8,0.5,유해란,3,4,2,0,박서현,3,4,2,0,0
GREEN,0.8,1.2,유해란,3,4,2,0,박서현,3,5,2,0,0
GREEN,0.8,0.3,유해란,3,4,2,0,박서현,3,6,2,0,0
GREEN,0.8,0.5,유해란,3,4,2,0,박서현,3,7,2,0,0
GREEN,0.8,0.3,유해란,3,4,2,0,박서현,3,8,2,3,0
GREEN,0.8,0.2,유해란,3,4,2,0,박서현,3,9,2,2,0
GREEN,0.8,0.9,유해란,3,4,2,0,박서현,3,10,2,1,0
GREEN,0.8,1.0,유해란,3,4,2,0,박서현,3,11,2,0,0
GREEN,0.8,1.2,유해란,3,4,2,0,박서현,3,12,2,0,0
GREEN,0.8,1.3,유해란,3,4,2,0,박서현,3,13,3,1,-1
GREEN,0.8,1.0,유해란,3,4,2,0,박서현,3,13,2,1,0
GREEN,0.8,0.4,유해란,3,4,2,0,박서현,3,14,2,0,0
GREEN,0.8,1.4,유해란,3,4,2,0,박서현,3,15,2,1,0
GREEN,0.8,0.3,유해란,3,4,2,0,박서현,3,16,2,0,0
GREEN,0.8,0.5,유해란,3,4,2,0,박서현,3,18,2,0,0
GREEN,0.8,1.1,유해란,3,4,2,0,박서현,4,1,2,0,0
GREEN,0.8,0.2,유해란,3,4,2,0,박서현,4,2,2,0,0
GREEN,0.8,0.5,유해란,3,4,2,0,박서현,4,3,2,1,0
GREEN,0.8,0.3,유해란,3,4,2,0,박서현,4,4,2,1,0
GREEN,0.8,0.3,유해란,3,4,2,0,박서현,4,5,2,0,0
GREEN,0.8,0.3,유해란,3,4,2,0,박서현,4,8,2,0,0
GREEN,0.8,1.7,유해란,3,4,2,0,박서현,4,9,3,2,-1
GREEN,0.8,0.4,유해란,3,4,2,0,박서현,4,9,2,2,0
GREEN,0.8,1.6,유해란,3,4,2,0,박서현,4,10,2,1,0
GREEN,0.8,0.4,유해란,3,4,2,0,박서현,4,11,2,0,0
GREEN,0.8,0.8,유해란,3,4,2,0,박서현,4,12,2,1,0
GREEN,0.8,1.6,유해란,3,4,2,0,박서현,4,14,3,1,-1
GREEN,0.8,0.2,유해란,3,4,2,0,박서현,4,14,2,1,0
GREEN,0.8,0.7,유해란,3,4,2,0,박서현,4,15,2,0,0
GREEN,0.8,1.3,유해란,3,4,2,0,박서현,4,16,2,0,0
GREEN,0.8,0.5,유해란,3,4,2,0,박서현,4,17,2,1,0
GREEN,0.8,1.3,유해란,3,4,2,0,박서현,4,18,2,1,0
GREEN,5.5,5.3,유해란,3,5,3,0,이재윤,1,1,3,0,0
GREEN,5.5,5.2,유해란,3,5,3,0,이재윤,2,1,2,0,1
GREEN,5.5,6.1,유해란,3,5,3,0,이재윤,3,2,3,0,0
GREEN,5.5,6.5,유해란,3,5,3,0,이재윤,3,10,3,1,0
GREEN,5.5,6.2,유해란,3,5,3,0,이재윤,3,11,3,0,0
GREEN,5.5,5.9,유해란,3,5,3,0,이재윤,3,16,2,-1,1
GREEN,5.5,4.5,유해란,3,5,3,0,이재윤,4,11,3,0,0
GREEN,5.5,5.0,유해란,3,5,3,0,이재윤,4,16,3,0,0
GREEN,5.5,5.9,유해란,3,5,3,0,박서현,1,4,3,0,0
GREEN,5.5,4.8,유해란,3,5,3,0,박서현,1,17,3,0,0
GREEN,5.5,6.1,유해란,3,5,3,0,박서현,2,2,3,0,0
GREEN,5.5,5.3,유해란,3,5,3,0,박서현,2,3,3,0,0
GREEN,5.5,6.1,유해란,3,5,3,0,박서현,2,4,3,1,0
GREEN,5.5,5.1,유해란,3,5,3,0,박서현,2,17,3,0,0
GREEN,5.5,5.6,유해란,3,5,3,0,박서현,3,1,3,0,0
GREEN,5.5,4.6,유해란,3,5,3,0,박서현,3,4,3,0,0
GREEN,5.5,4.8,유해란,3,5,3,0,박서현,3,13,4,1,-1
GREEN,5.5,5.4,유해란,3,5,3,0,박서현,3,14,3,0,0
GREEN,5.5,5.6,유해란,3,5,3,0,박서현,3,16,3,0,0
GREEN,5.5,6.2,유해란,3,5,3,0,박서현,4,7,2,-1,1
GREEN,5.5,5.5,유해란,3,5,3,0,박서현,4,10,3,1,0
GREEN,5.5,4.5,유해란,3,5,3,0,박서현,4,11,3,0,0
GREEN,0.3,0.5,유해란,3,5,2,0,이재윤,1,1,2,0,0
GREEN,0.3,0.5,유해란,3,5,2,0,이재윤,1,2,2,0,0
GREEN,0.3,1.3,유해란,3,5,2,0,이재윤,1,3,2,0,0
GREEN,0.3,0.5,유해란,3,5,2,0,이재윤,1,4,2,1,0
GREEN,0.3,0.8,유해란,3,5,2,0,이재윤,1,5,2,0,0
GREEN,0.3,0.5,유해란,3,5,2,0,이재윤,1,6,2,0,0
GREEN,0.3,0.5,유해란,3,5,2,0,이재윤,1,7,2,0,0
GREEN,0.3,0.2,유해란,3,5,2,0,이재윤,1,8,2,0,0
GREEN,0.3,0.8,유해란,3,5,2,0,이재윤,1,10,2,0,0
GREEN,0.3,0.7,유해란,3,5,2,0,이재윤,1,11,2,1,0
GREEN,0.3,0.3,유해란,3,5,2,0,이재윤,1,12,2,0,0
GREEN,0.3,0.9,유해란,3,5,2,0,이재윤,1,13,2,0,0
GREEN,0.3,0.3,유해란,3,5,2,0,이재윤,1,14,2,0,0
GREEN,0.3,1.1,유해란,3,5,2,0,이재윤,1,15,2,1,0
GREEN,0.3,0.8,유해란,3,5,2,0,이재윤,1,18,2,0,0
GREEN,0.3,0.8,유해란,3,5,2,0,이재윤,2,3,2,0,0
GREEN,0.3,0.4,유해란,3,5,2,0,이재윤,2,4,2,1,0
GREEN,0.3,0.7,유해란,3,5,2,0,이재윤,2,5,2,0,0
GREEN,0.3,1.2,유해란,3,5,2,0,이재윤,2,6,2,0,0
GREEN,0.3,0.5,유해란,3,5,2,0,이재윤,2,7,2,0,0
GREEN,0.3,0.2,유해란,3,5,2,0,이재윤,2,8,2,0,0
GREEN,0.3,1.2,유해란,3,5,2,0,이재윤,2,10,2,0,0
GREEN,0.3,0.5,유해란,3,5,2,0,이재윤,2,12,2,0,0
GREEN,0.3,0.4,유해란,3,5,2,0,이재윤,2,14,2,1,0
GREEN,0.3,0.5,유해란,3,5,2,0,이재윤,2,15,2,1,0
GREEN,0.3,1.0,유해란,3,5,2,0,이재윤,2,17,2,0,0
GREEN,0.3,1.3,유해란,3,5,2,0,이재윤,2,18,2,0,0
GREEN,0.3,0.3,유해란,3,5,2,0,이재윤,3,1,2,1,0
GREEN,0.3,0.5,유해란,3,5,2,0,이재윤,3,2,2,0,0
GREEN,0.3,0.3,유해란,3,5,2,0,이재윤,3,5,2,0,0
GREEN,0.3,0.4,유해란,3,5,2,0,이재윤,3,6,2,0,0
GREEN,0.3,0.5,유해란,3,5,2,0,이재윤,3,7,2,0,0
GREEN,0.3,0.3,유해란,3,5,2,0,이재윤,3,8,2,0,0
GREEN,0.3,1.2,유해란,3,5,2,0,이재윤,3,9,2,0,0
GREEN,0.3,1.3,유해란,3,5,2,0,이재윤,3,10,2,1,0
GREEN,0.3,0.5,유해란,3,5,2,0,이재윤,3,11,2,0,0
GREEN,0.3,0.3,유해란,3,5,2,0,이재윤,3,13,2,1,0
GREEN,0.3,0.2,유해란,3,5,2,0,이재윤,3,14,2,0,0
GREEN,0.3,1.3,유해란,3,5,2,0,이재윤,3,17,2,0,0
GREEN,0.3,0.5,유해란,3,5,2,0,이재윤,3,18,2,0,0
GREEN,0.3,0.9,유해란,3,5,2,0,이재윤,4,1,2,0,0
GREEN,0.3,0.3,유해란,3,5,2,0,이재윤,4,2,2,1,0
GREEN,0.3,0.3,유해란,3,5,2,0,이재윤,4,5,2,0,0
GREEN,0.3,0.4,유해란,3,5,2,0,이재윤,4,8,2,0,0
GREEN,0.3,0.3,유해란,3,5,2,0,이재윤,4,9,2,0,0
GREEN,0.3,0.4,유해란,3,5,2,0,이재윤,4,12,2,0,0
GREEN,0.3,0.5,유해란,3,5,2,0,이재윤,4,13,2,0,0
GREEN,0.3,1.0,유해란,3,5,2,0,이재윤,4,14,2,1,0
GREEN,0.3,1.2,유해란,3,5,2,0,이재윤,4,15,2,0,0
GREEN,0.3,0.5,유해란,3,5,2,0,이재윤,4,16,2,0,0
GREEN,0.3,0.3,유해란,3,5,2,0,이재윤,4,18,2,0,0
GREEN,0.3,0.4,유해란,3,5,2,0,박서현,1,2,2,0,0
GREEN,0.3,1.0,유해란,3,5,2,0,박서현,1,3,2,2,0
GREEN,0.3,0.5,유해란,3,5,2,0,박서현,1,4,2,0,0
GREEN,0.3,0.5,유해란,3,5,2,0,박서현,1,5,2,0,0
GREEN,0.3,0.4,유해란,3,5,2,0,박서현,1,6,2,1,0
GREEN,0.3,0.5,유해란,3,5,2,0,박서현,1,7,2,0,0
GREEN,0.3,0.5,유해란,3,5,2,0,박서현,1,8,2,1,0
GREEN,0.3,0.6,유해란,3,5,2,0,박서현,1,9,2,0,0
GREEN,0.3,0.3,유해란,3,5,2,0,박서현,1,10,2,0,0
GREEN,0.3,0.4,유해란,3,5,2,0,박서현,1,11,2,0,0
GREEN,0.3,1.1,유해란,3,5,2,0,박서현,1,13,2,1,0
GREEN,0.3,0.3,유해란,3,5,2,0,박서현,1,14,2,0,0
GREEN,0.3,0.5,유해란,3,5,2,0,박서현,1,15,2,1,0
GREEN,0.3,0.5,유해란,3,5,2,0,박서현,1,17,2,0,0
GREEN,0.3,0.3,유해란,3,5,2,0,박서현,2,1,2,0,0
GREEN,0.3,0.5,유해란,3,5,2,0,박서현,2,2,2,0,0
GREEN,0.3,0.5,유해란,3,5,2,0,박서현,2,3,2,0,0
GREEN,0.3,0.3,유해란,3,5,2,0,박서현,2,4,2,1,0
GREEN,0.3,1.2,유해란,3,5,2,0,박서현,2,5,3,1,-1
GREEN,0.3,0.4,유해란,3,5,2,0,박서현,2,5,2,1,0
GREEN,0.3,0.4,유해란,3,5,2,0,박서현,2,7,2,0,0
GREEN,0.3,0.2,유해란,3,5,2,0,박서현,2,10,2,0,0
GREEN,0.3,1.3,유해란,3,5,2,0,박서현,2,12,3,2,-1
GREEN,0.3,0.9,유해란,3,5,2,0,박서현,2,12,2,2,0
GREEN,0.3,0.4,유해란,3,5,2,0,박서현,2,13,2,0,0
GREEN,0.3,1.0,유해란,3,5,2,0,박서현,2,14,2,1,0
GREEN,0.3,1.3,유해란,3,5,2,0,박서현,2,15,2,0,0
GREEN,0.3,0.2,유해란,3,5,2,0,박서현,2,17,2,0,0
GREEN,0.3,1.3,유해란,3,5,2,0,박서현,2,18,2,0,0
GREEN,0.3,1.3,유해란,3,5,2,0,박서현,3,1,2,0,0
GREEN,0.3,0.4,유해란,3,5,2,0,박서현,3,3,2,1,0
GREEN,0.3,0.5,유해란,3,5,2,0,박서현,3,4,2,0,0
GREEN,0.3,1.2,유해란,3,5,2,0,박서현,3,5,2,0,0
GREEN,0.3,0.3,유해란,3,5,2,0,박서현,3,6,2,0,0
GREEN,0.3,0.5,유해란,3,5,2,0,박서현,3,7,2,0,0
GREEN,0.3,0.3,유해란,3,5,2,0,박서현,3,8,2,3,0
GREEN,0.3,0.2,유해란,3,5,2,0,박서현,3,9,2,2,0
GREEN,0.3,0.9,유해란,3,5,2,0,박서현,3,10,2,1,0
GREEN,0.3,1.0,유해란,3,5,2,0,박서현,3,11,2,0,0
GREEN,0.3,1.2,유해란,3,5,2,0,박서현,3,12,2,0,0
GREEN,0.3,1.3,유해란,3,5,2,0,박서현,3,13,3,1,-1
GREEN,0.3,1.0,유해란,3,5,2,0,박서현,3,13,2,1,0
GREEN,0.3,0.4,유해란,3,5,2,0,박서현,3,14,2,0,0
GREEN,0.3,0.3,유해란,3,5,2,0,박서현,3,16,2,0,0
GREEN,0.3,0.5,유해란,3,5,2,0,박서현,3,18,2,0,0
GREEN,0.3,1.1,유해란,3,5,2,0,박서현,4,1,2,0,0
GREEN,0.3,0.2,유해란,3,5,2,0,박서현,4,2,2,0,0
GREEN,0.3,0.5,유해란,3,5,2,0,박서현,4,3,2,1,0
GREEN,0.3,0.3,유해란,3,5,2,0,박서현,4,4,2,1,0
GREEN,0.3,0.3,유해란,3,5,2,0,박서현,4,5,2,0,0
GREEN,0.3,0.3,유해란,3,5,2,0,박서현,4,8,2,0,0
GREEN,0.3,0.4,유해란,3,5,2,0,박서현,4,9,2,2,0
GREEN,0.3,0.4,유해란,3,5,2,0,박서현,4,11,2,0,0
GREEN,0.3,0.8,유해란,3,5,2,0,박서현,4,12,2,1,0
GREEN,0.3,0.2,유해란,3,5,2,0,박서현,4,14,2,1,0
GREEN,0.3,0.7,유해란,3,5,2,0,박서현,4,15,2,0,0
GREEN,0.3,1.3,유해란,3,5,2,0,박서현,4,16,2,0,0
GREEN,0.3,0.5,유해란,3,5,2,0,박서현,4,17,2,1,0
GREEN,0.3,1.3,유해란,3,5,2,0,박서현,4,18,2,1,0
GREEN,6.0,5.3,유해란,3,6,2,1,이재윤,1,1,3,0,-1
GREEN,6.0,6.6,유해란,3,6,2,1,이재윤,1,2,3,0,-1
GREEN,6.0,5.2,유해란,3,6,2,1,이재윤,2,1,2,0,0
GREEN,6.0,6.1,유해란,3,6,2,1,이재윤,3,2,3,0,-1
GREEN,6.0,6.5,유해란,3,6,2,1,이재윤,3,10,3,1,-1
GREEN,6.0,6.2,유해란,3,6,2,1,이재윤,3,11,3,0,-1
GREEN,6.0,5.9,유해란,3,6,2,1,이재윤,3,16,2,-1,0
GREEN,6.0,6.8,유해란,3,6,2,1,이재윤,4,15,3,0,-1
GREEN,6.0,5.0,유해란,3,6,2,1,이재윤,4,16,3,0,-1
GREEN,6.0,5.9,유해란,3,6,2,1,박서현,1,4,3,0,-1
GREEN,6.0,6.9,유해란,3,6,2,1,박서현,1,6,3,1,-1
GREEN,6.0,6.6,유해란,3,6,2,1,박서현,1,15,3,1,-1
GREEN,6.0,6.1,유해란,3,6,2,1,박서현,2,2,3,0,-1
GREEN,6.0,5.3,유해란,3,6,2,1,박서현,2,3,3,0,-1
GREEN,6.0,6.1,유해란,3,6,2,1,박서현,2,4,3,1,-1
GREEN,6.0,5.1,유해란,3,6,2,1,박서현,2,17,3,0,-1
GREEN,6.0,5.6,유해란,3,6,2,1,박서현,3,1,3,0,-1
GREEN,6.0,5.4,유해란,3,6,2,1,박서현,3,14,3,0,-1
GREEN,6.0,5.6,유해란,3,6,2,1,박서현,3,16,3,0,-1
GREEN,6.0,6.7,유해란,3,6,2,1,박서현,4,5,3,0,-1
GREEN,6.0,6.2,유해란,3,6,2,1,박서현,4,7,2,-1,0
GREEN,6.0,5.5,유해란,3,6,2,1,박서현,4,10,3,1,-1
FAIRWAY,119.6,120.1,유해란,3,7,4,0,이재윤,1,12,4,0,0
FAIRWAY,119.6,119.6,유해란,3,7,4,0,이재윤,2,18,4,0,0
GREEN,12.1,11.7,유해란,3,7,3,0,이재윤,2,3,3,0,0
GREEN,12.1,11.1,유해란,3,7,3,0,이재윤,3,17,3,0,0
GREEN,12.1,11.8,유해란,3,7,3,0,이재윤,4,4,3,0,0
GREEN,12.1,12.2,유해란,3,7,3,0,박서현,2,18,3,0,0
GREEN,12.1,12.5,유해란,3,7,3,0,박서현,3,3,3,1,0
GREEN,12.1,13.1,유해란,3,7,3,0,박서현,3,10,4,1,-1
GREEN,12.1,11.4,유해란,3,7,3,0,박서현,4,16,3,0,0
GREEN,12.1,12.7,유해란,3,7,3,0,박서현,4,18,3,1,0
GREEN,0.8,0.5,유해란,3,7,2,0,이재윤,1,1,2,0,0
GREEN,0.8,0.5,유해란,3,7,2,0,이재윤,1,2,2,0,0
GREEN,0.8,1.3,유해란,3,7,2,0,이재윤,1,3,2,0,0
GREEN,0.8,0.5,유해란,3,7,2,0,이재윤,1,4,2,1,0
GREEN,0.8,0.8,유해란,3,7,2,0,이재윤,1,5,2,0,0
GREEN,0.8,0.5,유해란,3,7,2,0,이재윤,1,6,2,0,0
GREEN,0.8,0.5,유해란,3,7,2,0,이재윤,1,7,2,0,0
GREEN,0.8,0.2,유해란,3,7,2,0,이재윤,1,8,2,0,0
GREEN,0.8,1.4,유해란,3,7,2,0,이재윤,1,9,2,1,0
GREEN,0.8,0.8,유해란,3,7,2,0,이재윤,1,10,2,0,0
GREEN,0.8,0.7,유해란,3,7,2,0,이재윤,1,11,2,1,0
GREEN,0.8,0.3,유해란,3,7,2,0,이재윤,1,12,2,0,0
GREEN,0.8,0.9,유해란,3,7,2,0,이재윤,1,13,2,0,0
GREEN,0.8,1.6,유해란,3,7,2,0,이재윤,1,14,3,0,-1
GREEN,0.8,0.3,유해란,3,7,2,0,이재윤,1,14,2,0,0
GREEN,0.8,1.1,유해란,3,7,2,0,이재윤,1,15,2,1,0
GREEN,0.8,0.8,유해란,3,7,2,0,이재윤,1,18,2,0,0
GREEN,0.8,0.8,유해란,3,7,2,0,이재윤,2,3,2,0,0
GREEN,0.8,0.4,유해란,3,7,2,0,이재윤,2,4,2,1,0
GREEN,0.8,0.7,유해란,3,7,2,0,이재윤,2,5,2,0,0
GREEN,0.8,1.2,유해란,3,7,2,0,이재윤,2,6,2,0,0
GREEN,0.8,0.5,유해란,3,7,2,0,이재윤,2,7,2,0,0
GREEN,0.8,0.2,유해란,3,7,2,0,이재윤,2,8,2,0,0
GREEN,0.8,1.5,유해란,3,7,2,0,이재윤,2,9,2,0,0
GREEN,0.8,1.2,유해란,3,7,2,0,이재윤,2,10,2,0,0
GREEN,0.8,1.5,유해란,3,7,2,0,이재윤,2,11,2,1,0
GREEN,0.8,0.5,유해란,3,7,2,0,이재윤,2,12,2,0,0
GREEN,0.8,1.6,유해란,3,7,2,0,이재윤,2,13,2,-1,0
GREEN,0.8,1.5,유해란,3,7,2,0,이재윤,2,14,3,1,-1
GREEN,0.8,0.4,유해란,3,7,2,0,이재윤,2,14,2,1,0
GREEN,0.8,0.5,유해란,3,7,2,0,이재윤,2,15,2,1,0
GREEN,0.8,1.7,유해란,3,7,2,0,이재윤,2,16,2,0,0
GREEN,0.8,1.0,유해란,3,7,2,0,이재윤,2,17,2,0,0
GREEN,0.8,1.3,유해란,3,7,2,0,이재윤,2,18,2,0,0
GREEN,0.8,0.3,유해란,3,7,2,0,이재윤,3,1,2,1,0
GREEN,0.8,0.5,유해란,3,7,2,0,이재윤,3,2,2,0,0
GREEN,0.8,1.5,유해란,3,7,2,0,이재윤,3,4,2,0,0
GREEN,0.8,0.3,유해란,3,7,2,0,이재윤,3,5,2,0,0
GREEN,0.8,0.4,유해란,3,7,2,0,이재윤,3,6,2,0,0
GREEN,0.8,0.5,유해란,3,7,2,0,이재윤,3,7,2,0,0
GREEN,0.8,0.3,유해란,3,7,2,0,이재윤,3,8,2,0,0
GREEN,0.8,1.2,유해란,3,7,2,0,이재윤,3,9,2,0,0
GREEN,0.8,1.3,유해란,3,7,2,0,이재윤,3,10,2,1,0
GREEN,0.8,0.5,유해란,3,7,2,0,이재윤,3,11,2,0,0
GREEN,0.8,0.3,유해란,3,7,2,0,이재윤,3,13,2,1,0
GREEN,0.8,0.2,유해란,3,7,2,0,이재윤,3,14,2,0,0
GREEN,0.8,1.4,유해란,3,7,2,0,이재윤,3,15,2,0,0
GREEN,0.8,1.3,유해란,3,7,2,0,이재윤,3,17,2,0,0
GREEN,0.8,0.5,유해란,3,7,2,0,이재윤,3,18,2,0,0
GREEN,0.8,0.9,유해란,3,7,2,0,이재윤,4,1,2,0,0
GREEN,0.8,0.3,유해란,3,7,2,0,이재윤,4,2,2,1,0
GREEN,0.8,0.3,유해란,3,7,2,0,이재윤,4,5,2,0,0
GREEN,0.8,0.4,유해란,3,7,2,0,이재윤,4,8,2,0,0
GREEN,0.8,0.3,유해란,3,7,2,0,이재윤,4,9,2,0,0
GREEN,0.8,1.7,유해란,3,7,2,0,이재윤,4,11,2,0,0
GREEN,0.8,0.4,유해란,3,7,2,0,이재윤,4,12,2,0,0
GREEN,0.8,0.5,유해란,3,7,2,0,이재윤,4,13,2,0,0
GREEN,0.8,1.5,유해란,3,7,2,0,이재윤,4,14,3,1,-1
GREEN,0.8,1.0,유해란,3,7,2,0,이재윤,4,14,2,1,0
GREEN,0.8,1.2,유해란,3,7,2,0,이재윤,4,15,2,0,0
GREEN,0.8,0.5,유해란,3,7,2,0,이재윤,4,16,2,0,0
GREEN,0.8,1.8,유해란,3,7,2,0,이재윤,4,17,2,0,0
GREEN,0.8,0.3,유해란,3,7,2,0,이재윤,4,18,2,0,0
GREEN,0.8,0.4,유해란,3,7,2,0,박서현,1,2,2,0,0
GREEN,0.8,1.0,유해란,3,7,2,0,박서현,1,3,2,2,0
GREEN,0.8,0.5,유해란,3,7,2,0,박서현,1,4,2,0,0
GREEN,0.8,0.5,유해란,3,7,2,0,박서현,1,5,2,0,0
GREEN,0.8,0.4,유해란,3,7,2,0,박서현,1,6,2,1,0
GREEN,0.8,0.5,유해란,3,7,2,0,박서현,1,7,2,0,0
GREEN,0.8,0.5,유해란,3,7,2,0,박서현,1,8,2,1,0
GREEN,0.8,0.6,유해란,3,7,2,0,박서현,1,9,2,0,0
GREEN,0.8,0.3,유해란,3,7,2,0,박서현,1,10,2,0,0
GREEN,0.8,0.4,유해란,3,7,2,0,박서현,1,11,2,0,0
GREEN,0.8,1.1,유해란,3,7,2,0,박서현,1,13,2,1,0
GREEN,0.8,0.3,유해란,3,7,2,0,박서현,1,14,2,0,0
GREEN,0.8,0.5,유해란,3,7,2,0,박서현,1,15,2,1,0
GREEN,0.8,0.5,유해란,3,7,2,0,박서현,1,17,2,0,0
GREEN,0.8,0.3,유해란,3,7,2,0,박서현,2,1,2,0,0
GREEN,0.8,0.5,유해란,3,7,2,0,박서현,2,2,2,0,0
GREEN,0.8,0.5,유해란,3,7,2,0,박서현,2,3,2,0,0
GREEN,0.8,0.3,유해란,3,7,2,0,박서현,2,4,2,1,0
GREEN,0.8,1.2,유해란,3,7,2,0,박서현,2,5,3,1,-1
GREEN,0.8,0.4,유해란,3,7,2,0,박서현,2,5,2,1,0
GREEN,0.8,0.4,유해란,3,7,2,0,박서현,2,7,2,0,0
GREEN,0.8,1.5,유해란,3,7,2,0,박서현,2,9,2,0,0
GREEN,0.8,0.2,유해란,3,7,2,0,박서현,2,10,2,0,0
GREEN,0.8,1.5,유해란,3,7,2,0,박서현,2,11,2,1,0
GREEN,0.8,1.3,유해란,3,7,2,0,박서현,2,12,3,2,-1
GREEN,0.8,0.9,유해란,3,7,2,0,박서현,2,12,2,2,0
GREEN,0.8,0.4,유해란,3,7,2,0,박서현,2,13,2,0,0
GREEN,0.8,1.0,유해란,3,7,2,0,박서현,2,14,2,1,0
GREEN,0.8,1.3,유해란,3,7,2,0,박서현,2,15,2,0,0
GREEN,0.8,0.2,유해란,3,7,2,0,박서현,2,17,2,0,0
GREEN,0.8,1.3,유해란,3,7,2,0,박서현,2,18,2,0,0
GREEN,0.8,1.3,유해란,3,7,2,0,박서현,3,1,2,0,0
GREEN,0.8,1.4,유해란,3,7,2,0,박서현,3,2,2,0,0
GREEN,0.8,0.4,유해란,3,7,2,0,박서현,3,3,2,1,0
GREEN,0.8,0.5,유해란,3,7,2,0,박서현,3,4,2,0,0
GREEN,0.8,1.2,유해란,3,7,2,0,박서현,3,5,2,0,0
GREEN,0.8,0.3,유해란,3,7,2,0,박서현,3,6,2,0,0
GREEN,0.8,0.5,유해란,3,7,2,0,박서현,3,7,2,0,0
GREEN,0.8,0.3,유해란,3,7,2,0,박서현,3,8,2,3,0
GREEN,0.8,0.2,유해란,3,7,2,0,박서현,3,9,2,2,0
GREEN,0.8,0.9,유해란,3,7,2,0,박서현,3,10,2,1,0
GREEN,0.8,1.0,유해란,3,7,2,0,박서현,3,11,2,0,0
GREEN,0.8,1.2,유해란,3,7,2,0,박서현,3,12,2,0,0
GREEN,0.8,1.3,유해란,3,7,2,0,박서현,3,13,3,1,-1
GREEN,0.8,1.0,유해란,3,7,2,0,박서현,3,13,2,1,0
GREEN,0.8,0.4,유해란,3,7,2,0,박서현,3,14,2,0,0
GREEN,0.8,1.4,유해란,3,7,2,0,박서현,3,15,2,1,0
GREEN,0.8,0.3,유해란,3,7,2,0,박서현,3,16,2,0,0
GREEN,0.8,0.5,유해란,3,7,2,0,박서현,3,18,2,0,0
GREEN,0.8,1.1,유해란,3,7,2,0,박서현,4,1,2,0,0
GREEN,0.8,0.2,유해란,3,7,2,0,박서현,4,2,2,0,0
GREEN,0.8,0.5,유해란,3,7,2,0,박서현,4,3,2,1,0
GREEN,0.8,0.3,유해란,3,7,2,0,박서현,4,4,2,1,0
GREEN,0.8,0.3,유해란,3,7,2,0,박서현,4,5,2,0,0
GREEN,0.8,0.3,유해란,3,7,2,0,박서현,4,8,2,0,0
GREEN,0.8,1.7,유해란,3,7,2,0,박서현,4,9,3,2,-1
GREEN,0.8,0.4,유해란,3,7,2,0,박서현,4,9,2,2,0
GREEN,0.8,1.6,유해란,3,7,2,0,박서현,4,10,2,1,0
GREEN,0.8,0.4,유해란,3,7,2,0,박서현,4,11,2,0,0
GREEN,0.8,0.8,유해란,3,7,2,0,박서현,4,12,2,1,0
GREEN,0.8,1.6,유해란,3,7,2,0,박서현,4,14,3,1,-1
GREEN,0.8,0.2,유해란,3,7,2,0,박서현,4,14,2,1,0
GREEN,0.8,0.7,유해란,3,7,2,0,박서현,4,15,2,0,0
GREEN,0.8,1.3,유해란,3,7,2,0,박서현,4,16,2,0,0
GREEN,0.8,0.5,유해란,3,7,2,0,박서현,4,17,2,1,0
GREEN,0.8,1.3,유해란,3,7,2,0,박서현,4,18,2,1,0
FAIRWAY,124.5,125.4,유해란,3,8,4,0,이재윤,4,8,4,0,0
FAIRWAY,124.5,124.7,유해란,3,8,4,0,박서현,3,9,6,2,-2
GREEN,12.1,11.7,유해란,3,8,3,0,이재윤,2,3,3,0,0
GREEN,12.1,11.1,유해란,3,8,3,0,이재윤,3,17,3,0,0
GREEN,12.1,11.8,유해란,3,8,3,0,이재윤,4,4,3,0,0
GREEN,12.1,12.2,유해란,3,8,3,0,박서현,2,18,3,0,0
GREEN,12.1,12.5,유해란,3,8,3,0,박서현,3,3,3,1,0
GREEN,12.1,13.1,유해란,3,8,3,0,박서현,3,10,4,1,-1
GREEN,12.1,11.4,유해란,3,8,3,0,박서현,4,16,3,0,0
GREEN,12.1,12.7,유해란,3,8,3,0,박서현,4,18,3,1,0
GREEN,1.1,0.5,유해란,3,8,2,0,이재윤,1,1,2,0,0
GREEN,1.1,0.5,유해란,3,8,2,0,이재윤,1,2,2,0,0
GREEN,1.1,1.3,유해란,3,8,2,0,이재윤,1,3,2,0,0
GREEN,1.1,0.5,유해란,3,8,2,0,이재윤,1,4,2,1,0
GREEN,1.1,0.8,유해란,3,8,2,0,이재윤,1,5,2,0,0
GREEN,1.1,0.5,유해란,3,8,2,0,이재윤,1,6,2,0,0
GREEN,1.1,0.5,유해란,3,8,2,0,이재윤,1,7,2,0,0
GREEN,1.1,0.2,유해란,3,8,2,0,이재윤,1,8,2,0,0
GREEN,1.1,1.4,유해란,3,8,2,0,이재윤,1,9,2,1,0
GREEN,1.1,0.8,유해란,3,8,2,0,이재윤,1,10,2,0,0
GREEN,1.1,0.7,유해란,3,8,2,0,이재윤,1,11,2,1,0
GREEN,1.1,0.3,유해란,3,8,2,0,이재윤,1,12,2,0,0
GREEN,1.1,0.9,유해란,3,8,2,0,이재윤,1,13,2,0,0
GREEN,1.1,1.6,유해란,3,8,2,0,이재윤,1,14,3,0,-1
GREEN,1.1,0.3,유해란,3,8,2,0,이재윤,1,14,2,0,0
GREEN,1.1,1.1,유해란,3,8,2,0,이재윤,1,15,2,1,0
GREEN,1.1,2.1,유해란,3,8,2,0,이재윤,1,17,2,0,0
GREEN,1.1,0.8,유해란,3,8,2,0,이재윤,1,18,2,0,0
GREEN,1.1,0.8,유해란,3,8,2,0,이재윤,2,3,2,0,0
GREEN,1.1,0.4,유해란,3,8,2,0,이재윤,2,4,2,1,0
GREEN,1.1,0.7,유해란,3,8,2,0,이재윤,2,5,2,0,0
GREEN,1.1,1.2,유해란,3,8,2,0,이재윤,2,6,2,0,0
GREEN,1.1,0.5,유해란,3,8,2,0,이재윤,2,7,2,0,0
GREEN,1.1,0.2,유해란,3,8,2,0,이재윤,2,8,2,0,0
GREEN,1.1,1.5,유해란,3,8,2,0,이재윤,2,9,2,0,0
GREEN,1.1,1.2,유해란,3,8,2,0,이재윤,2,10,2,0,0
GREEN,1.1,1.5,유해란,3,8,2,0,이재윤,2,11,2,1,0
GREEN,1.1,0.5,유해란,3,8,2,0,이재윤,2,12,2,0,0
GREEN,1.1,1.6,유해란,3,8,2,0,이재윤,2,13,2,-1,0
GREEN,1.1,1.5,유해란,3,8,2,0,이재윤,2,14,3,1,-1
GREEN,1.1,0.4,유해란,3,8,2,0,이재윤,2,14,2,1,0
GREEN,1.1,0.5,유해란,3,8,2,0,이재윤,2,15,2,1,0
GREEN,1.1,1.7,유해란,3,8,2,0,이재윤,2,16,2,0,0
GREEN,1.1,1.0,유해란,3,8,2,0,이재윤,2,17,2,0,0
GREEN,1.1,1.3,유해란,3,8,2,0,이재윤,2,18,2,0,0
GREEN,1.1,0.3,유해란,3,8,2,0,이재윤,3,1,2,1,0
GREEN,1.1,0.5,유해란,3,8,2,0,이재윤,3,2,2,0,0
GREEN,1.1,1.5,유해란,3,8,2,0,이재윤,3,4,2,0,0
GREEN,1.1,0.3,유해란,3,8,2,0,이재윤,3,5,2,0,0
GREEN,1.1,2.1,유해란,3,8,2,0,이재윤,3,6,3,0,-1
GREEN,1.1,0.4,유해란,3,8,2,0,이재윤,3,6,2,0,0
GREEN,1.1,0.5,유해란,3,8,2,0,이재윤,3,7,2,0,0
GREEN,1.1,0.3,유해란,3,8,2,0,이재윤,3,8,2,0,0
GREEN,1.1,1.2,유해란,3,8,2,0,이재윤,3,9,2,0,0
GREEN,1.1,1.3,유해란,3,8,2,0,이재윤,3,10,2,1,0
GREEN,1.1,0.5,유해란,3,8,2,0,이재윤,3,11,2,0,0
GREEN,1.1,0.3,유해란,3,8,2,0,이재윤,3,13,2,1,0
GREEN,1.1,0.2,유해란,3,8,2,0,이재윤,3,14,2,0,0
GREEN,1.1,1.4,유해란,3,8,2,0,이재윤,3,15,2,0,0
GREEN,1.1,1.3,유해란,3,8,2,0,이재윤,3,17,2,0,0
GREEN,1.1,0.5,유해란,3,8,2,0,이재윤,3,18,2,0,0
GREEN,1.1,0.9,유해란,3,8,2,0,이재윤,4,1,2,0,0
GREEN,1.1,0.3,유해란,3,8,2,0,이재윤,4,2,2,1,0
GREEN,1.1,0.3,유해란,3,8,2,0,이재윤,4,5,2,0,0
GREEN,1.1,0.4,유해란,3,8,2,0,이재윤,4,8,2,0,0
GREEN,1.1,0.3,유해란,3,8,2,0,이재윤,4,9,2,0,0
GREEN,1.1,2.0,유해란,3,8,2,0,이재윤,4,10,2,0,0
GREEN,1.1,1.7,유해란,3,8,2,0,이재윤,4,11,2,0,0
GREEN,1.1,0.4,유해란,3,8,2,0,이재윤,4,12,2,0,0
GREEN,1.1,0.5,유해란,3,8,2,0,이재윤,4,13,2,0,0
GREEN,1.1,1.5,유해란,3,8,2,0,이재윤,4,14,3,1,-1
GREEN,1.1,1.0,유해란,3,8,2,0,이재윤,4,14,2,1,0
GREEN,1.1,1.2,유해란,3,8,2,0,이재윤,4,15,2,0,0
GREEN,1.1,0.5,유해란,3,8,2,0,이재윤,4,16,2,0,0
GREEN,1.1,1.8,유해란,3,8,2,0,이재윤,4,17,2,0,0
GREEN,1.1,0.3,유해란,3,8,2,0,이재윤,4,18,2,0,0
GREEN,1.1,0.4,유해란,3,8,2,0,박서현,1,2,2,0,0
GREEN,1.1,1.0,유해란,3,8,2,0,박서현,1,3,2,2,0
GREEN,1.1,0.5,유해란,3,8,2,0,박서현,1,4,2,0,0
GREEN,1.1,0.5,유해란,3,8,2,0,박서현,1,5,2,0,0
GREEN,1.1,0.4,유해란,3,8,2,0,박서현,1,6,2,1,0
GREEN,1.1,0.5,유해란,3,8,2,0,박서현,1,7,2,0,0
GREEN,1.1,2.0,유해란,3,8,2,0,박서현,1,8,3,1,-1
GREEN,1.1,0.5,유해란,3,8,2,0,박서현,1,8,2,1,0
GREEN,1.1,0.6,유해란,3,8,2,0,박서현,1,9,2,0,0
GREEN,1.1,0.3,유해란,3,8,2,0,박서현,1,10,2,0,0
GREEN,1.1,0.4,유해란,3,8,2,0,박서현,1,11,2,0,0
GREEN,1.1,1.1,유해란,3,8,2,0,박서현,1,13,2,1,0
GREEN,1.1,0.3,유해란,3,8,2,0,박서현,1,14,2,0,0
GREEN,1.1,0.5,유해란,3,8,2,0,박서현,1,15,2,1,0
GREEN,1.1,0.5,유해란,3,8,2,0,박서현,1,17,2,0,0
GREEN,1.1,0.3,유해란,3,8,2,0,박서현,2,1,2,0,0
GREEN,1.1,0.5,유해란,3,8,2,0,박서현,2,2,2,0,0
GREEN,1.1,0.5,유해란,3,8,2,0,박서현,2,3,2,0,0
GREEN,1.1,0.3,유해란,3,8,2,0,박서현,2,4,2,1,0
GREEN,1.1,1.2,유해란,3,8,2,0,박서현,2,5,3,1,-1
GREEN,1.1,0.4,유해란,3,8,2,0,박서현,2,5,2,1,0
GREEN,1.1,0.4,유해란,3,8,2,0,박서현,2,7,2,0,0
GREEN,1.1,1.5,유해란,3,8,2,0,박서현,2,9,2,0,0
GREEN,1.1,0.2,유해란,3,8,2,0,박서현,2,10,2,0,0
GREEN,1.1,1.5,유해란,3,8,2,0,박서현,2,11,2,1,0
GREEN,1.1,1.3,유해란,3,8,2,0,박서현,2,12,3,2,-1
GREEN,1.1,0.9,유해란,3,8,2,0,박서현,2,12,2,2,0
GREEN,1.1,0.4,유해란,3,8,2,0,박서현,2,13,2,0,0
GREEN,1.1,1.0,유해란,3,8,2,0,박서현,2,14,2,1,0
GREEN,1.1,1.3,유해란,3,8,2,0,박서현,2,15,2,0,0
GREEN,1.1,0.2,유해란,3,8,2,0,박서현,2,17,2,0,0
GREEN,1.1,1.3,유해란,3,8,2,0,박서현,2,18,2,0,0
GREEN,1.1,1.3,유해란,3,8,2,0,박서현,3,1,2,0,0
GREEN,1.1,1.4,유해란,3,8,2,0,박서현,3,2,2,0,0
GREEN,1.1,0.4,유해란,3,8,2,0,박서현,3,3,2,1,0
GREEN,1.1,0.5,유해란,3,8,2,0,박서현,3,4,2,0,0
GREEN,1.1,1.2,유해란,3,8,2,0,박서현,3,5,2,0,0
GREEN,1.1,0.3,유해란,3,8,2,0,박서현,3,6,2,0,0
GREEN,1.1,0.5,유해란,3,8,2,0,박서현,3,7,2,0,0
GREEN,1.1,0.3,유해란,3,8,2,0,박서현,3,8,2,3,0
GREEN,1.1,0.2,유해란,3,8,2,0,박서현,3,9,2,2,0
GREEN,1.1,1.9,유해란,3,8,2,0,박서현,3,10,3,1,-1
GREEN,1.1,0.9,유해란,3,8,2,0,박서현,3,10,2,1,0
GREEN,1.1,1.0,유해란,3,8,2,0,박서현,3,11,2,0,0
GREEN,1.1,1.2,유해란,3,8,2,0,박서현,3,12,2,0,0
GREEN,1.1,1.3,유해란,3,8,2,0,박서현,3,13,3,1,-1
GREEN,1.1,1.0,유해란,3,8,2,0,박서현,3,13,2,1,0
GREEN,1.1,0.4,유해란,3,8,2,0,박서현,3,14,2,0,0
GREEN,1.1,1.4,유해란,3,8,2,0,박서현,3,15,2,1,0
GREEN,1.1,0.3,유해란,3,8,2,0,박서현,3,16,2,0,0
GREEN,1.1,1.9,유해란,3,8,2,0,박서현,3,17,2,0,0
GREEN,1.1,0.5,유해란,3,8,2,0,박서현,3,18,2,0,0
GREEN,1.1,1.1,유해란,3,8,2,0,박서현,4,1,2,0,0
GREEN,1.1,0.2,유해란,3,8,2,0,박서현,4,2,2,0,0
GREEN,1.1,0.5,유해란,3,8,2,0,박서현,4,3,2,1,0
GREEN,1.1,0.3,유해란,3,8,2,0,박서현,4,4,2,1,0
GREEN,1.1,0.3,유해란,3,8,2,0,박서현,4,5,2,0,0
GREEN,1.1,0.3,유해란,3,8,2,0,박서현,4,8,2,0,0
GREEN,1.1,1.7,유해란,3,8,2,0,박서현,4,9,3,2,-1
GREEN,1.1,0.4,유해란,3,8,2,0,박서현,4,9,2,2,0
GREEN,1.1,1.6,유해란,3,8,2,0,박서현,4,10,2,1,0
GREEN,1.1,0.4,유해란,3,8,2,0,박서현,4,11,2,0,0
GREEN,1.1,1.9,유해란,3,8,2,0,박서현,4,12,3,1,-1
GREEN,1.1,0.8,유해란,3,8,2,0,박서현,4,12,2,1,0
GREEN,1.1,1.6,유해란,3,8,2,0,박서현,4,14,3,1,-1
GREEN,1.1,0.2,유해란,3,8,2,0,박서현,4,14,2,1,0
GREEN,1.1,0.7,유해란,3,8,2,0,박서현,4,15,2,0,0
GREEN,1.1,1.3,유해란,3,8,2,0,박서현,4,16,2,0,0
GREEN,1.1,0.5,유해란,3,8,2,0,박서현,4,17,2,1,0
GREEN,1.1,1.3,유해란,3,8,2,0,박서현,4,18,2,1,0
FAIRWAY,89.5,89.4,유해란,3,9,5,1,이재윤,1,18,4,0,1
FAIRWAY,89.5,88.8,유해란,3,9,5,1,이재윤,3,4,4,0,1
FAIRWAY,89.5,88.9,유해란,3,9,5,1,이재윤,3,18,4,0,1
FAIRWAY,89.5,89.8,유해란,3,9,5,1,이재윤,4,18,4,0,1
GREEN,6.0,5.3,유해란,3,9,4,1,이재윤,1,1,3,0,1
GREEN,6.0,6.6,유해란,3,9,4,1,이재윤,1,2,3,0,1
GREEN,6.0,5.2,유해란,3,9,4,1,이재윤,2,1,2,0,2
GREEN,6.0,6.1,유해란,3,9,4,1,이재윤,3,2,3,0,1
GREEN,6.0,6.5,유해란,3,9,4,1,이재윤,3,10,3,1,1
GREEN,6.0,6.2,유해란,3,9,4,1,이재윤,3,11,3,0,1
GREEN,6.0,5.9,유해란,3,9,4,1,이재윤,3,16,2,-1,2
GREEN,6.0,6.8,유해란,3,9,4,1,이재윤,4,15,3,0,1
GREEN,6.0,5.0,유해란,3,9,4,1,이재윤,4,16,3,0,1
GREEN,6.0,5.9,유해란,3,9,4,1,박서현,1,4,3,0,1
GREEN,6.0,6.9,유해란,3,9,4,1,박서현,1,6,3,1,1
GREEN,6.0,6.6,유해란,3,9,4,1,박서현,1,15,3,1,1
GREEN,6.0,6.1,유해란,3,9,4,1,박서현,2,2,3,0,1
GREEN,6.0,5.3,유해란,3,9,4,1,박서현,2,3,3,0,1
GREEN,6.0,6.1,유해란,3,9,4,1,박서현,2,4,3,1,1
GREEN,6.0,5.1,유해란,3,9,4,1,박서현,2,17,3,0,1
GREEN,6.0,5.6,유해란,3,9,4,1,박서현,3,1,3,0,1
GREEN,6.0,5.4,유해란,3,9,4,1,박서현,3,14,3,0,1
GREEN,6.0,5.6,유해란,3,9,4,1,박서현,3,16,3,0,1
GREEN,6.0,6.7,유해란,3,9,4,1,박서현,4,5,3,0,1
GREEN,6.0,6.2,유해란,3,9,4,1,박서현,4,7,2,-1,2
GREEN,6.0,5.5,유해란,3,9,4,1,박서현,4,10,3,1,1
GREEN,0.7,0.5,유해란,3,9,3,1,이재윤,1,1,2,0,1
GREEN,0.7,0.5,유해란,3,9,3,1,이재윤,1,2,2,0,1
GREEN,0.7,1.3,유해란,3,9,3,1,이재윤,1,3,2,0,1
GREEN,0.7,0.5,유해란,3,9,3,1,이재윤,1,4,2,1,1
GREEN,0.7,0.8,유해란,3,9,3,1,이재윤,1,5,2,0,1
GREEN,0.7,0.5,유해란,3,9,3,1,이재윤,1,6,2,0,1
GREEN,0.7,0.5,유해란,3,9,3,1,이재윤,1,7,2,0,1
GREEN,0.7,0.2,유해란,3,9,3,1,이재윤,1,8,2,0,1
GREEN,0.7,1.4,유해란,3,9,3,1,이재윤,1,9,2,1,1
GREEN,0.7,0.8,유해란,3,9,3,1,이재윤,1,10,2,0,1
GREEN,0.7,0.7,유해란,3,9,3,1,이재윤,1,11,2,1,1
GREEN,0.7,0.3,유해란,3,9,3,1,이재윤,1,12,2,0,1
GREEN,0.7,0.9,유해란,3,9,3,1,이재윤,1,13,2,0,1
GREEN,0.7,1.6,유해란,3,9,3,1,이재윤,1,14,3,0,0
GREEN,0.7,0.3,유해란,3,9,3,1,이재윤,1,14,2,0,1
GREEN,0.7,1.1,유해란,3,9,3,1,이재윤,1,15,2,1,1
GREEN,0.7,0.8,유해란,3,9,3,1,이재윤,1,18,2,0,1
GREEN,0.7,0.8,유해란,3,9,3,1,이재윤,2,3,2,0,1
GREEN,0.7,0.4,유해란,3,9,3,1,이재윤,2,4,2,1,1
GREEN,0.7,0.7,유해란,3,9,3,1,이재윤,2,5,2,0,1
GREEN,0.7,1.2,유해란,3,9,3,1,이재윤,2,6,2,0,1
GREEN,0.7,0.5,유해란,3,9,3,1,이재윤,2,7,2,0,1
GREEN,0.7,0.2,유해란,3,9,3,1,이재윤,2,8,2,0,1
GREEN,0.7,1.5,유해란,3,9,3,1,이재윤,2,9,2,0,1
GREEN,0.7,1.2,유해란,3,9,3,1,이재윤,2,10,2,0,1
GREEN,0.7,1.5,유해란,3,9,3,1,이재윤,2,11,2,1,1
GREEN,0.7,0.5,유해란,3,9,3,1,이재윤,2,12,2,0,1
GREEN,0.7,1.6,유해란,3,9,3,1,이재윤,2,13,2,-1,1
GREEN,0.7,1.5,유해란,3,9,3,1,이재윤,2,14,3,1,0
GREEN,0.7,0.4,유해란,3,9,3,1,이재윤,2,14,2,1,1
GREEN,0.7,0.5,유해란,3,9,3,1,이재윤,2,15,2,1,1
GREEN,0.7,1.7,유해란,3,9,3,1,이재윤,2,16,2,0,1
GREEN,0.7,1.0,유해란,3,9,3,1,이재윤,2,17,2,0,1
GREEN,0.7,1.3,유해란,3,9,3,1,이재윤,2,18,2,0,1
GREEN,0.7,0.3,유해란,3,9,3,1,이재윤,3,1,2,1,1
GREEN,0.7,0.5,유해란,3,9,3,1,이재윤,3,2,2,0,1
GREEN,0.7,1.5,유해란,3,9,3,1,이재윤,3,4,2,0,1
GREEN,0.7,0.3,유해란,3,9,3,1,이재윤,3,5,2,0,1
GREEN,0.7,0.4,유해란,3,9,3,1,이재윤,3,6,2,0,1
GREEN,0.7,0.5,유해란,3,9,3,1,이재윤,3,7,2,0,1
GREEN,0.7,0.3,유해란,3,9,3,1,이재윤,3,8,2,0,1
GREEN,0.7,1.2,유해란,3,9,3,1,이재윤,3,9,2,0,1
GREEN,0.7,1.3,유해란,3,9,3,1,이재윤,3,10,2,1,1
GREEN,0.7,0.5,유해란,3,9,3,1,이재윤,3,11,2,0,1
GREEN,0.7,0.3,유해란,3,9,3,1,이재윤,3,13,2,1,1
GREEN,0.7,0.2,유해란,3,9,3,1,이재윤,3,14,2,0,1
GREEN,0.7,1.4,유해란,3,9,3,1,이재윤,3,15,2,0,1
GREEN,0.7,1.3,유해란,3,9,3,1,이재윤,3,17,2,0,1
GREEN,0.7,0.5,유해란,3,9,3,1,이재윤,3,18,2,0,1
GREEN,0.7,0.9,유해란,3,9,3,1,이재윤,4,1,2,0,1
GREEN,0.7,0.3,유해란,3,9,3,1,이재윤,4,2,2,1,1
GREEN,0.7,0.3,유해란,3,9,3,1,이재윤,4,5,2,0,1
GREEN,0.7,0.4,유해란,3,9,3,1,이재윤,4,8,2,0,1
GREEN,0.7,0.3,유해란,3,9,3,1,이재윤,4,9,2,0,1
GREEN,0.7,1.7,유해란,3,9,3,1,이재윤,4,11,2,0,1
GREEN,0.7,0.4,유해란,3,9,3,1,이재윤,4,12,2,0,1
GREEN,0.7,0.5,유해란,3,9,3,1,이재윤,4,13,2,0,1
GREEN,0.7,1.5,유해란,3,9,3,1,이재윤,4,14,3,1,0
GREEN,0.7,1.0,유해란,3,9,3,1,이재윤,4,14,2,1,1
GREEN,0.7,1.2,유해란,3,9,3,1,이재윤,4,15,2,0,1
GREEN,0.7,0.5,유해란,3,9,3,1,이재윤,4,16,2,0,1
GREEN,0.7,0.3,유해란,3,9,3,1,이재윤,4,18,2,0,1
GREEN,0.7,0.4,유해란,3,9,3,1,박서현,1,2,2,0,1
GREEN,0.7,1.0,유해란,3,9,3,1,박서현,1,3,2,2,1
GREEN,0.7,0.5,유해란,3,9,3,1,박서현,1,4,2,0,1
GREEN,0.7,0.5,유해란,3,9,3,1,박서현,1,5,2,0,1
GREEN,0.7,0.4,유해란,3,9,3,1,박서현,1,6,2,1,1
GREEN,0.7,0.5,유해란,3,9,3,1,박서현,1,7,2,0,1
GREEN,0.7,0.5,유해란,3,9,3,1,박서현,1,8,2,1,1
GREEN,0.7,0.6,유해란,3,9,3,1,박서현,1,9,2,0,1
GREEN,0.7,0.3,유해란,3,9,3,1,박서현,1,10,2,0,1
GREEN,0.7,0.4,유해란,3,9,3,1,박서현,1,11,2,0,1
GREEN,0.7,1.1,유해란,3,9,3,1,박서현,1,13,2,1,1
GREEN,0.7,0.3,유해란,3,9,3,1,박서현,1,14,2,0,1
GREEN,0.7,0.5,유해란,3,9,3,1,박서현,1,15,2,1,1
GREEN,0.7,0.5,유해란,3,9,3,1,박서현,1,17,2,0,1
GREEN,0.7,0.3,유해란,3,9,3,1,박서현,2,1,2,0,1
GREEN,0.7,0.5,유해란,3,9,3,1,박서현,2,2,2,0,1
GREEN,0.7,0.5,유해란,3,9,3,1,박서현,2,3,2,0,1
GREEN,0.7,0.3,유해란,3,9,3,1,박서현,2,4,2,1,1
GREEN,0.7,1.2,유해란,3,9,3,1,박서현,2,5,3,1,0
GREEN,0.7,0.4,유해란,3,9,3,1,박서현,2,5,2,1,1
GREEN,0.7,0.4,유해란,3,9,3,1,박서현,2,7,2,0,1
GREEN,0.7,1.5,유해란,3,9,3,1,박서현,2,9,2,0,1
GREEN,0.7,0.2,유해란,3,9,3,1,박서현,2,10,2,0,1
GREEN,0.7,1.5,유해란,3,9,3,1,박서현,2,11,2,1,1
GREEN,0.7,1.3,유해란,3,9,3,1,박서현,2,12,3,2,0
GREEN,0.7,0.9,유해란,3,9,3,1,박서현,2,12,2,2,1
GREEN,0.7,0.4,유해란,3,9,3,1,박서현,2,13,2,0,1
GREEN,0.7,1.0,유해란,3,9,3,1,박서현,2,14,2,1,1
GREEN,0.7,1.3,유해란,3,9,3,1,박서현,2,15,2,0,1
GREEN,0.7,0.2,유해란,3,9,3,1,박서현,2,17,2,0,1
GREEN,0.7,1.3,유해란,3,9,3,1,박서현,2,18,2,0,1
GREEN,0.7,1.3,유해란,3,9,3,1,박서현,3,1,2,0,1
GREEN,0.7,1.4,유해란,3,9,3,1,박서현,3,2,2,0,1
GREEN,0.7,0.4,유해란,3,9,3,1,박서현,3,3,2,1,1
GREEN,0.7,0.5,유해란,3,9,3,1,박서현,3,4,2,0,1
GREEN,0.7,1.2,유해란,3,9,3,1,박서현,3,5,2,0,1
GREEN,0.7,0.3,유해란,3,9,3,1,박서현,3,6,2,0,1
GREEN,0.7,0.5,유해란,3,9,3,1,박서현,3,7,2,0,1
GREEN,0.7,0.3,유해란,3,9,3,1,박서현,3,8,2,3,1
GREEN,0.7,0.2,유해란,3,9,3,1,박서현,3,9,2,2,1
GREEN,0.7,0.9,유해란,3,9,3,1,박서현,3,10,2,1,1
GREEN,0.7,1.0,유해란,3,9,3,1,박서현,3,11,2,0,1
GREEN,0.7,1.2,유해란,3,9,3,1,박서현,3,12,2,0,1
GREEN,0.7,1.3,유해란,3,9,3,1,박서현,3,13,3,1,0
GREEN,0.7,1.0,유해란,3,9,3,1,박서현,3,13,2,1,1
GREEN,0.7,0.4,유해란,3,9,3,1,박서현,3,14,2,0,1
GREEN,0.7,1.4,유해란,3,9,3,1,박서현,3,15,2,1,1
GREEN,0.7,0.3,유해란,3,9,3,1,박서현,3,16,2,0,1
GREEN,0.7,0.5,유해란,3,9,3,1,박서현,3,18,2,0,1
GREEN,0.7,1.1,유해란,3,9,3,1,박서현,4,1,2,0,1
GREEN,0.7,0.2,유해란,3,9,3,1,박서현,4,2,2,0,1
GREEN,0.7,0.5,유해란,3,9,3,1,박서현,4,3,2,1,1
GREEN,0.7,0.3,유해란,3,9,3,1,박서현,4,4,2,1,1
GREEN,0.7,0.3,유해란,3,9,3,1,박서현,4,5,2,0,1
GREEN,0.7,0.3,유해란,3,9,3,1,박서현,4,8,2,0,1
GREEN,0.7,1.7,유해란,3,9,3,1,박서현,4,9,3,2,0
GREEN,0.7,0.4,유해란,3,9,3,1,박서현,4,9,2,2,1
GREEN,0.7,1.6,유해란,3,9,3,1,박서현,4,10,2,1,1
GREEN,0.7,0.4,유해란,3,9,3,1,박서현,4,11,2,0,1
GREEN,0.7,0.8,유해란,3,9,3,1,박서현,4,12,2,1,1
GREEN,0.7,1.6,유해란,3,9,3,1,박서현,4,14,3,1,0
GREEN,0.7,0.2,유해란,3,9,3,1,박서현,4,14,2,1,1
GREEN,0.7,0.7,유해란,3,9,3,1,박서현,4,15,2,0,1
GREEN,0.7,1.3,유해란,3,9,3,1,박서현,4,16,2,0,1
GREEN,0.7,0.5,유해란,3,9,3,1,박서현,4,17,2,1,1
GREEN,0.7,1.3,유해란,3,9,3,1,박서현,4,18,2,1,1
GREEN,0.2,0.5,유해란,3,9,2,1,이재윤,1,1,2,0,0
GREEN,0.2,0.5,유해란,3,9,2,1,이재윤,1,2,2,0,0
GREEN,0.2,0.5,유해란,3,9,2,1,이재윤,1,4,2,1,0
GREEN,0.2,0.8,유해란,3,9,2,1,이재윤,1,5,2,0,0
GREEN,0.2,0.5,유해란,3,9,2,1,이재윤,1,6,2,0,0
GREEN,0.2,0.5,유해란,3,9,2,1,이재윤,1,7,2,0,0
GREEN,0.2,0.2,유해란,3,9,2,1,이재윤,1,8,2,0,0
GREEN,0.2,0.8,유해란,3,9,2,1,이재윤,1,10,2,0,0
GREEN,0.2,0.7,유해란,3,9,2,1,이재윤,1,11,2,1,0
GREEN,0.2,0.3,유해란,3,9,2,1,이재윤,1,12,2,0,0
GREEN,0.2,0.9,유해란,3,9,2,1,이재윤,1,13,2,0,0
GREEN,0.2,0.3,유해란,3,9,2,1,이재윤,1,14,2,0,0
GREEN,0.2,1.1,유해란,3,9,2,1,이재윤,1,15,2,1,0
GREEN,0.2,0.8,유해란,3,9,2,1,이재윤,1,18,2,0,0
GREEN,0.2,0.8,유해란,3,9,2,1,이재윤,2,3,2,0,0
GREEN,0.2,0.4,유해란,3,9,2,1,이재윤,2,4,2,1,0
GREEN,0.2,0.7,유해란,3,9,2,1,이재윤,2,5,2,0,0
GREEN,0.2,1.2,유해란,3,9,2,1,이재윤,2,6,2,0,0
GREEN,0.2,0.5,유해란,3,9,2,1,이재윤,2,7,2,0,0
GREEN,0.2,0.2,유해란,3,9,2,1,이재윤,2,8,2,0,0
GREEN,0.2,1.2,유해란,3,9,2,1,이재윤,2,10,2,0,0
GREEN,0.2,0.5,유해란,3,9,2,1,이재윤,2,12,2,0,0
GREEN,0.2,0.4,유해란,3,9,2,1,이재윤,2,14,2,1,0
GREEN,0.2,0.5,유해란,3,9,2,1,이재윤,2,15,2,1,0
GREEN,0.2,1.0,유해란,3,9,2,1,이재윤,2,17,2,0,0
GREEN,0.2,0.3,유해란,3,9,2,1,이재윤,3,1,2,1,0
GREEN,0.2,0.5,유해란,3,9,2,1,이재윤,3,2,2,0,0
GREEN,0.2,0.3,유해란,3,9,2,1,이재윤,3,5,2,0,0
GREEN,0.2,0.4,유해란,3,9,2,1,이재윤,3,6,2,0,0
GREEN,0.2,0.5,유해란,3,9,2,1,이재윤,3,7,2,0,0
GREEN,0.2,0.3,유해란,3,9,2,1,이재윤,3,8,2,0,0
GREEN,0.2,1.2,유해란,3,9,2,1,이재윤,3,9,2,0,0
GREEN,0.2,0.5,유해란,3,9,2,1,이재윤,3,11,2,0,0
GREEN,0.2,0.3,유해란,3,9,2,1,이재윤,3,13,2,1,0
GREEN,0.2,0.2,유해란,3,9,2,1,이재윤,3,14,2,0,0
GREEN,0.2,0.5,유해란,3,9,2,1,이재윤,3,18,2,0,0
GREEN,0.2,0.9,유해란,3,9,2,1,이재윤,4,1,2,0,0
GREEN,0.2,0.3,유해란,3,9,2,1,이재윤,4,2,2,1,0
GREEN,0.2,0.3,유해란,3,9,2,1,이재윤,4,5,2,0,0
GREEN,0.2,0.4,유해란,3,9,2,1,이재윤,4,8,2,0,0
GREEN,0.2,0.3,유해란,3,9,2,1,이재윤,4,9,2,0,0
GREEN,0.2,0.4,유해란,3,9,2,1,이재윤,4,12,2,0,0
GREEN,0.2,0.5,유해란,3,9,2,1,이재윤,4,13,2,0,0
GREEN,0.2,1.0,유해란,3,9,2,1,이재윤,4,14,2,1,0
GREEN,0.2,1.2,유해란,3,9,2,1,이재윤,4,15,2,0,0
GREEN,0.2,0.5,유해란,3,9,2,1,이재윤,4,16,2,0,0
GREEN,0.2,0.3,유해란,3,9,2,1,이재윤,4,18,2,0,0
GREEN,0.2,0.4,유해란,3,9,2,1,박서현,1,2,2,0,0
GREEN,0.2,1.0,유해란,3,9,2,1,박서현,1,3,2,2,0
GREEN,0.2,0.5,유해란,3,9,2,1,박서현,1,4,2,0,0
GREEN,0.2,0.5,유해란,3,9,2,1,박서현,1,5,2,0,0
GREEN,0.2,0.4,유해란,3,9,2,1,박서현,1,6,2,1,0
GREEN,0.2,0.5,유해란,3,9,2,1,박서현,1,7,2,0,0
GREEN,0.2,0.5,유해란,3,9,2,1,박서현,1,8,2,1,0
GREEN,0.2,0.6,유해란,3,9,2,1,박서현,1,9,2,0,0
GREEN,0.2,0.3,유해란,3,9,2,1,박서현,1,10,2,0,0
GREEN,0.2,0.4,유해란,3,9,2,1,박서현,1,11,2,0,0
GREEN,0.2,1.1,유해란,3,9,2,1,박서현,1,13,2,1,0
GREEN,0.2,0.3,유해란,3,9,2,1,박서현,1,14,2,0,0
GREEN,0.2,0.5,유해란,3,9,2,1,박서현,1,15,2,1,0
GREEN,0.2,0.5,유해란,3,9,2,1,박서현,1,17,2,0,0
GREEN,0.2,0.3,유해란,3,9,2,1,박서현,2,1,2,0,0
GREEN,0.2,0.5,유해란,3,9,2,1,박서현,2,2,2,0,0
GREEN,0.2,0.5,유해란,3,9,2,1,박서현,2,3,2,0,0
GREEN,0.2,0.3,유해란,3,9,2,1,박서현,2,4,2,1,0
GREEN,0.2,1.2,유해란,3,9,2,1,박서현,2,5,3,1,-1
GREEN,0.2,0.4,유해란,3,9,2,1,박서현,2,5,2,1,0
GREEN,0.2,0.4,유해란,3,9,2,1,박서현,2,7,2,0,0
GREEN,0.2,0.2,유해란,3,9,2,1,박서현,2,10,2,0,0
GREEN,0.2,0.9,유해란,3,9,2,1,박서현,2,12,2,2,0
GREEN,0.2,0.4,유해란,3,9,2,1,박서현,2,13,2,0,0
GREEN,0.2,1.0,유해란,3,9,2,1,박서현,2,14,2,1,0
GREEN,0.2,0.2,유해란,3,9,2,1,박서현,2,17,2,0,0
GREEN,0.2,0.4,유해란,3,9,2,1,박서현,3,3,2,1,0
GREEN,0.2,0.5,유해란,3,9,2,1,박서현,3,4,2,0,0
GREEN,0.2,1.2,유해란,3,9,2,1,박서현,3,5,2,0,0
GREEN,0.2,0.3,유해란,3,9,2,1,박서현,3,6,2,0,0
GREEN,0.2,0.5,유해란,3,9,2,1,박서현,3,7,2,0,0
GREEN,0.2,0.3,유해란,3,9,2,1,박서현,3,8,2,3,0
GREEN,0.2,0.2,유해란,3,9,2,1,박서현,3,9,2,2,0
GREEN,0.2,0.9,유해란,3,9,2,1,박서현,3,10,2,1,0
GREEN,0.2,1.0,유해란,3,9,2,1,박서현,3,11,2,0,0
GREEN,0.2,1.2,유해란,3,9,2,1,박서현,3,12,2,0,0
GREEN,0.2,1.0,유해란,3,9,2,1,박서현,3,13,2,1,0
GREEN,0.2,0.4,유해란,3,9,2,1,박서현,3,14,2,0,0
GREEN,0.2,0.3,유해란,3,9,2,1,박서현,3,16,2,0,0
GREEN,0.2,0.5,유해란,3,9,2,1,박서현,3,18,2,0,0
GREEN,0.2,1.1,유해란,3,9,2,1,박서현,4,1,2,0,0
GREEN,0.2,0.2,유해란,3,9,2,1,박서현,4,2,2,0,0
GREEN,0.2,0.5,유해란,3,9,2,1,박서현,4,3,2,1,0
GREEN,0.2,0.3,유해란,3,9,2,1,박서현,4,4,2,1,0
GREEN,0.2,0.3,유해란,3,9,2,1,박서현,4,5,2,0,0
GREEN,0.2,0.3,유해란,3,9,2,1,박서현,4,8,2,0,0
GREEN,0.2,0.4,유해란,3,9,2,1,박서현,4,9,2,2,0
GREEN,0.2,0.4,유해란,3,9,2,1,박서현,4,11,2,0,0
GREEN,0.2,0.8,유해란,3,9,2,1,박서현,4,12,2,1,0
GREEN,0.2,0.2,유해란,3,9,2,1,박서현,4,14,2,1,0
GREEN,0.2,0.7,유해란,3,9,2,1,박서현,4,15,2,0,0
GREEN,0.2,0.5,유해란,3,9,2,1,박서현,4,17,2,1,0
FAIRWAY,287.6,288.4,유해란,3,10,5,0,이재윤,1,10,5,0,0
FAIRWAY,287.6,287.9,유해란,3,10,5,0,이재윤,3,4,5,0,0
GREEN,3.3,3.8,유해란,3,10,3,0,이재윤,1,4,3,1,0
GREEN,3.3,3.1,유해란,3,10,3,0,이재윤,1,7,3,0,0
GREEN,3.3,3.1,유해란,3,10,3,0,이재윤,1,11,3,1,0
GREEN,3.3,3.9,유해란,3,10,3,0,이재윤,1,12,3,0,0
GREEN,3.3,3.4,유해란,3,10,3,0,이재윤,1,15,3,1,0
GREEN,3.3,2.8,유해란,3,10,3,0,이재윤,1,16,2,0,1
GREEN,3.3,3.0,유해란,3,10,3,0,이재윤,2,2,2,0,1
GREEN,3.3,2.3,유해란,3,10,3,0,이재윤,2,4,3,1,0
GREEN,3.3,3.1,유해란,3,10,3,0,이재윤,3,1,3,1,0
GREEN,3.3,3.0,유해란,3,10,3,0,이재윤,3,3,2,0,1
GREEN,3.3,2.8,유해란,3,10,3,0,이재윤,3,7,3,0,0
GREEN,3.3,2.6,유해란,3,10,3,0,이재윤,3,12,2,0,1
GREEN,3.3,3.0,유해란,3,10,3,0,이재윤,3,13,3,1,0
GREEN,3.3,2.6,유해란,3,10,3,0,이재윤,4,4,2,0,1
GREEN,3.3,2.7,유해란,3,10,3,0,이재윤,4,6,2,-1,1
GREEN,3.3,2.8,유해란,3,10,3,0,이재윤,4,7,2,-1,1
GREEN,3.3,4.2,유해란,3,10,3,0,이재윤,4,13,3,0,0
GREEN,3.3,3.1,유해란,3,10,3,0,이재윤,4,18,3,0,0
GREEN,3.3,3.4,유해란,3,10,3,0,박서현,1,3,3,2,0
GREEN,3.3,3.5,유해란,3,10,3,0,박서현,1,11,3,0,0
GREEN,3.3,4.3,유해란,3,10,3,0,박서현,1,14,3,0,0
GREEN,3.3,2.7,유해란,3,10,3,0,박서현,1,16,2,-1,1
GREEN,3.3,2.4,유해란,3,10,3,0,박서현,2,6,2,0,1
GREEN,3.3,3.3,유해란,3,10,3,0,박서현,2,8,2,0,1
GREEN,3.3,3.6,유해란,3,10,3,0,박서현,2,10,3,0,0
GREEN,3.3,3.6,유해란,3,10,3,0,박서현,2,16,2,0,1
GREEN,3.3,4.3,유해란,3,10,3,0,박서현,3,9,3,2,0
GREEN,3.3,2.7,유해란,3,10,3,0,박서현,3,15,3,1,0
GREEN,3.3,2.8,유해란,3,10,3,0,박서현,4,3,3,1,0
GREEN,3.3,3.7,유해란,3,10,3,0,박서현,4,4,3,1,0
GREEN,3.3,3.8,유해란,3,10,3,0,박서현,4,6,2,0,1
GREEN,3.3,3.4,유해란,3,10,3,0,박서현,4,9,4,2,-1
GREEN,3.3,3.4,유해란,3,10,3,0,박서현,4,13,2,0,1
GREEN,0.8,0.5,유해란,3,10,2,0,이재윤,1,1,2,0,0
GREEN,0.8,0.5,유해란,3,10,2,0,이재윤,1,2,2,0,0
GREEN,0.8,1.3,유해란,3,10,2,0,이재윤,1,3,2,0,0
GREEN,0.8,0.5,유해란,3,10,2,0,이재윤,1,4,2,1,0
GREEN,0.8,0.8,유해란,3,10,2,0,이재윤,1,5,2,0,0
GREEN,0.8,0.5,유해란,3,10,2,0,이재윤,1,6,2,0,0
GREEN,0.8,0.5,유해란,3,10,2,0,이재윤,1,7,2,0,0
GREEN,0.8,0.2,유해란,3,10,2,0,이재윤,1,8,2,0,0
GREEN,0.8,1.4,유해란,3,10,2,0,이재윤,1,9,2,1,0
GREEN,0.8,0.8,유해란,3,10,2,0,이재윤,1,10,2,0,0
GREEN,0.8,0.7,유해란,3,10,2,0,이재윤,1,11,2,1,0
GREEN,0.8,0.3,유해란,3,10,2,0,이재윤,1,12,2,0,0
GREEN,0.8,0.9,유해란,3,10,2,0,이재윤,1,13,2,0,0
GREEN,0.8,1.6,유해란,3,10,2,0,이재윤,1,14,3,0,-1
GREEN,0.8,0.3,유해란,3,10,2,0,이재윤,1,14,2,0,0
GREEN,0.8,1.1,유해란,3,10,2,0,이재윤,1,15,2,1,0
GREEN,0.8,0.8,유해란,3,10,2,0,이재윤,1,18,2,0,0
GREEN,0.8,0.8,유해란,3,10,2,0,이재윤,2,3,2,0,0
GREEN,0.8,0.4,유해란,3,10,2,0,이재윤,2,4,2,1,0
GREEN,0.8,0.7,유해란,3,10,2,0,이재윤,2,5,2,0,0
GREEN,0.8,1.2,유해란,3,10,2,0,이재윤,2,6,2,0,0
GREEN,0.8,0.5,유해란,3,10,2,0,이재윤,2,7,2,0,0
GREEN,0.8,0.2,유해란,3,10,2,0,이재윤,2,8,2,0,0
GREEN,0.8,1.5,유해란,3,10,2,0,이재윤,2,9,2,0,0
GREEN,0.8,1.2,유해란,3,10,2,0,이재윤,2,10,2,0,0
GREEN,0.8,1.5,유해란,3,10,2,0,이재윤,2,11,2,1,0
GREEN,0.8,0.5,유해란,3,10,2,0,이재윤,2,12,2,0,0
GREEN,0.8,1.6,유해란,3,10,2,0,이재윤,2,13,2,-1,0
GREEN,0.8,1.5,유해란,3,10,2,0,이재윤,2,14,3,1,-1
GREEN,0.8,0.4,유해란,3,10,2,0,이재윤,2,14,2,1,0
GREEN,0.8,0.5,유해란,3,10,2,0,이재윤,2,15,2,1,0
GREEN,0.8,1.7,유해란,3,10,2,0,이재윤,2,16,2,0,0
GREEN,0.8,1.0,유해란,3,10,2,0,이재윤,2,17,2,0,0
GREEN,0.8,1.3,유해란,3,10,2,0,이재윤,2,18,2,0,0
GREEN,0.8,0.3,유해란,3,10,2,0,이재윤,3,1,2,1,0
GREEN,0.8,0.5,유해란,3,10,2,0,이재윤,3,2,2,0,0
GREEN,0.8,1.5,유해란,3,10,2,0,이재윤,3,4,2,0,0
GREEN,0.8,0.3,유해란,3,10,2,0,이재윤,3,5,2,0,0
GREEN,0.8,0.4,유해란,3,10,2,0,이재윤,3,6,2,0,0
GREEN,0.8,0.5,유해란,3,10,2,0,이재윤,3,7,2,0,0
GREEN,0.8,0.3,유해란,3,10,2,0,이재윤,3,8,2,0,0
GREEN,0.8,1.2,유해란,3,10,2,0,이재윤,3,9,2,0,0
GREEN,0.8,1.3,유해란,3,10,2,0,이재윤,3,10,2,1,0
GREEN,0.8,0.5,유해란,3,10,2,0,이재윤,3,11,2,0,0
GREEN,0.8,0.3,유해란,3,10,2,0,이재윤,3,13,2,1,0
GREEN,0.8,0.2,유해란,3,10,2,0,이재윤,3,14,2,0,0
GREEN,0.8,1.4,유해란,3,10,2,0,이재윤,3,15,2,0,0
GREEN,0.8,1.3,유해란,3,10,2,0,이재윤,3,17,2,0,0
GREEN,0.8,0.5,유해란,3,10,2,0,이재윤,3,18,2,0,0
GREEN,0.8,0.9,유해란,3,10,2,0,이재윤,4,1,2,0,0
GREEN,0.8,0.3,유해란,3,10,2,0,이재윤,4,2,2,1,0
GREEN,0.8,0.3,유해란,3,10,2,0,이재윤,4,5,2,0,0
GREEN,0.8,0.4,유해란,3,10,2,0,이재윤,4,8,2,0,0
GREEN,0.8,0.3,유해란,3,10,2,0,이재윤,4,9,2,0,0
GREEN,0.8,1.7,유해란,3,10,2,0,이재윤,4,11,2,0,0
GREEN,0.8,0.4,유해란,3,10,2,0,이재윤,4,12,2,0,0
GREEN,0.8,0.5,유해란,3,10,2,0,이재윤,4,13,2,0,0
GREEN,0.8,1.5,유해란,3,10,2,0,이재윤,4,14,3,1,-1
GREEN,0.8,1.0,유해란,3,10,2,0,이재윤,4,14,2,1,0
GREEN,0.8,1.2,유해란,3,10,2,0,이재윤,4,15,2,0,0
GREEN,0.8,0.5,유해란,3,10,2,0,이재윤,4,16,2,0,0
GREEN,0.8,1.8,유해란,3,10,2,0,이재윤,4,17,2,0,0
GREEN,0.8,0.3,유해란,3,10,2,0,이재윤,4,18,2,0,0
GREEN,0.8,0.4,유해란,3,10,2,0,박서현,1,2,2,0,0
GREEN,0.8,1.0,유해란,3,10,2,0,박서현,1,3,2,2,0
GREEN,0.8,0.5,유해란,3,10,2,0,박서현,1,4,2,0,0
GREEN,0.8,0.5,유해란,3,10,2,0,박서현,1,5,2,0,0
GREEN,0.8,0.4,유해란,3,10,2,0,박서현,1,6,2,1,0
GREEN,0.8,0.5,유해란,3,10,2,0,박서현,1,7,2,0,0
GREEN,0.8,0.5,유해란,3,10,2,0,박서현,1,8,2,1,0
GREEN,0.8,0.6,유해란,3,10,2,0,박서현,1,9,2,0,0
GREEN,0.8,0.3,유해란,3,10,2,0,박서현,1,10,2,0,0
GREEN,0.8,0.4,유해란,3,10,2,0,박서현,1,11,2,0,0
GREEN,0.8,1.1,유해란,3,10,2,0,박서현,1,13,2,1,0
GREEN,0.8,0.3,유해란,3,10,2,0,박서현,1,14,2,0,0
GREEN,0.8,0.5,유해란,3,10,2,0,박서현,1,15,2,1,0
GREEN,0.8,0.5,유해란,3,10,2,0,박서현,1,17,2,0,0
GREEN,0.8,0.3,유해란,3,10,2,0,박서현,2,1,2,0,0
GREEN,0.8,0.5,유해란,3,10,2,0,박서현,2,2,2,0,0
GREEN,0.8,0.5,유해란,3,10,2,0,박서현,2,3,2,0,0
GREEN,0.8,0.3,유해란,3,10,2,0,박서현,2,4,2,1,0
GREEN,0.8,1.2,유해란,3,10,2,0,박서현,2,5,3,1,-1
GREEN,0.8,0.4,유해란,3,10,2,0,박서현,2,5,2,1,0
GREEN,0.8,0.4,유해란,3,10,2,0,박서현,2,7,2,0,0
GREEN,0.8,1.5,유해란,3,10,2,0,박서현,2,9,2,0,0
GREEN,0.8,0.2,유해란,3,10,2,0,박서현,2,10,2,0,0
GREEN,0.8,1.5,유해란,3,10,2,0,박서현,2,11,2,1,0
GREEN,0.8,1.3,유해란,3,10,2,0,박서현,2,12,3,2,-1
GREEN,0.8,0.9,유해란,3,10,2,0,박서현,2,12,2,2,0
GREEN,0.8,0.4,유해란,3,10,2,0,박서현,2,13,2,0,0
GREEN,0.8,1.0,유해란,3,10,2,0,박서현,2,14,2,1,0
GREEN,0.8,1.3,유해란,3,10,2,0,박서현,2,15,2,0,0
GREEN,0.8,0.2,유해란,3,10,2,0,박서현,2,17,2,0,0
GREEN,0.8,1.3,유해란,3,10,2,0,박서현,2,18,2,0,0
GREEN,0.8,1.3,유해란,3,10,2,0,박서현,3,1,2,0,0
GREEN,0.8,1.4,유해란,3,10,2,0,박서현,3,2,2,0,0
GREEN,0.8,0.4,유해란,3,10,2,0,박서현,3,3,2,1,0
GREEN,0.8,0.5,유해란,3,10,2,0,박서현,3,4,2,0,0
GREEN,0.8,1.2,유해란,3,10,2,0,박서현,3,5,2,0,0
GREEN,0.8,0.3,유해란,3,10,2,0,박서현,3,6,2,0,0
GREEN,0.8,0.5,유해란,3,10,2,0,박서현,3,7,2,0,0
GREEN,0.8,0.3,유해란,3,10,2,0,박서현,3,8,2,3,0
GREEN,0.8,0.2,유해란,3,10,2,0,박서현,3,9,2,2,0
GREEN,0.8,0.9,유해란,3,10,2,0,박서현,3,10,2,1,0
GREEN,0.8,1.0,유해란,3,10,2,0,박서현,3,11,2,0,0
GREEN,0.8,1.2,유해란,3,10,2,0,박서현,3,12,2,0,0
GREEN,0.8,1.3,유해란,3,10,2,0,박서현,3,13,3,1,-1
GREEN,0.8,1.0,유해란,3,10,2,0,박서현,3,13,2,1,0
GREEN,0.8,0.4,유해란,3,10,2,0,박서현,3,14,2,0,0
GREEN,0.8,1.4,유해란,3,10,2,0,박서현,3,15,2,1,0
GREEN,0.8,0.3,유해란,3,10,2,0,박서현,3,16,2,0,0
GREEN,0.8,0.5,유해란,3,10,2,0,박서현,3,18,2,0,0
GREEN,0.8,1.1,유해란,3,10,2,0,박서현,4,1,2,0,0
GREEN,0.8,0.2,유해란,3,10,2,0,박서현,4,2,2,0,0
GREEN,0.8,0.5,유해란,3,10,2,0,박서현,4,3,2,1,0
GREEN,0.8,0.3,유해란,3,10,2,0,박서현,4,4,2,1,0
GREEN,0.8,0.3,유해란,3,10,2,0,박서현,4,5,2,0,0
GREEN,0.8,0.3,유해란,3,10,2,0,박서현,4,8,2,0,0
GREEN,0.8,1.7,유해란,3,10,2,0,박서현,4,9,3,2,-1
GREEN,0.8,0.4,유해란,3,10,2,0,박서현,4,9,2,2,0
GREEN,0.8,1.6,유해란,3,10,2,0,박서현,4,10,2,1,0
GREEN,0.8,0.4,유해란,3,10,2,0,박서현,4,11,2,0,0
GREEN,0.8,0.8,유해란,3,10,2,0,박서현,4,12,2,1,0
GREEN,0.8,1.6,유해란,3,10,2,0,박서현,4,14,3,1,-1
GREEN,0.8,0.2,유해란,3,10,2,0,박서현,4,14,2,1,0
GREEN,0.8,0.7,유해란,3,10,2,0,박서현,4,15,2,0,0
GREEN,0.8,1.3,유해란,3,10,2,0,박서현,4,16,2,0,0
GREEN,0.8,0.5,유해란,3,10,2,0,박서현,4,17,2,1,0
GREEN,0.8,1.3,유해란,3,10,2,0,박서현,4,18,2,1,0
GREEN,3.9,3.8,유해란,3,11,3,0,이재윤,1,4,3,1,0
GREEN,3.9,3.1,유해란,3,11,3,0,이재윤,1,7,3,0,0
GREEN,3.9,3.1,유해란,3,11,3,0,이재윤,1,11,3,1,0
GREEN,3.9,3.9,유해란,3,11,3,0,이재윤,1,12,3,0,0
GREEN,3.9,3.4,유해란,3,11,3,0,이재윤,1,15,3,1,0
GREEN,3.9,3.0,유해란,3,11,3,0,이재윤,2,2,2,0,1
GREEN,3.9,3.1,유해란,3,11,3,0,이재윤,3,1,3,1,0
GREEN,3.9,3.0,유해란,3,11,3,0,이재윤,3,3,2,0,1
GREEN,3.9,3.0,유해란,3,11,3,0,이재윤,3,13,3,1,0
GREEN,3.9,4.5,유해란,3,11,3,0,이재윤,4,11,3,0,0
GREEN,3.9,4.2,유해란,3,11,3,0,이재윤,4,13,3,0,0
GREEN,3.9,3.1,유해란,3,11,3,0,이재윤,4,18,3,0,0
GREEN,3.9,3.4,유해란,3,11,3,0,박서현,1,3,3,2,0
GREEN,3.9,3.5,유해란,3,11,3,0,박서현,1,11,3,0,0
GREEN,3.9,4.3,유해란,3,11,3,0,박서현,1,14,3,0,0
GREEN,3.9,4.8,유해란,3,11,3,0,박서현,1,17,3,0,0
GREEN,3.9,3.3,유해란,3,11,3,0,박서현,2,8,2,0,1
GREEN,3.9,3.6,유해란,3,11,3,0,박서현,2,10,3,0,0
GREEN,3.9,3.6,유해란,3,11,3,0,박서현,2,16,2,0,1
GREEN,3.9,4.6,유해란,3,11,3,0,박서현,3,4,3,0,0
GREEN,3.9,4.3,유해란,3,11,3,0,박서현,3,9,3,2,0
GREEN,3.9,4.8,유해란,3,11,3,0,박서현,3,13,4,1,-1
GREEN,3.9,3.7,유해란,3,11,3,0,박서현,4,4,3,1,0
GREEN,3.9,3.8,유해란,3,11,3,0,박서현,4,6,2,0,1
GREEN,3.9,3.4,유해란,3,11,3,0,박서현,4,9,4,2,-1
GREEN,3.9,4.5,유해란,3,11,3,0,박서현,4,11,3,0,0
GREEN,3.9,3.4,유해란,3,11,3,0,박서현,4,13,2,0,1
GREEN,0.7,0.5,유해란,3,11,2,0,이재윤,1,1,2,0,0
GREEN,0.7,0.5,유해란,3,11,2,0,이재윤,1,2,2,0,0
GREEN,0.7,1.3,유해란,3,11,2,0,이재윤,1,3,2,0,0
GREEN,0.7,0.5,유해란,3,11,2,0,이재윤,1,4,2,1,0
GREEN,0.7,0.8,유해란,3,11,2,0,이재윤,1,5,2,0,0
GREEN,0.7,0.5,유해란,3,11,2,0,이재윤,1,6,2,0,0
GREEN,0.7,0.5,유해란,3,11,2,0,이재윤,1,7,2,0,0
GREEN,0.7,0.2,유해란,3,11,2,0,이재윤,1,8,2,0,0
GREEN,0.7,1.4,유해란,3,11,2,0,이재윤,1,9,2,1,0
GREEN,0.7,0.8,유해란,3,11,2,0,이재윤,1,10,2,0,0
GREEN,0.7,0.7,유해란,3,11,2,0,이재윤,1,11,2,1,0
GREEN,0.7,0.3,유해란,3,11,2,0,이재윤,1,12,2,0,0
GREEN,0.7,0.9,유해란,3,11,2,0,이재윤,1,13,2,0,0
GREEN,0.7,1.6,유해란,3,11,2,0,이재윤,1,14,3,0,-1
GREEN,0.7,0.3,유해란,3,11,2,0,이재윤,1,14,2,0,0
GREEN,0.7,1.1,유해란,3,11,2,0,이재윤,1,15,2,1,0
GREEN,0.7,0.8,유해란,3,11,2,0,이재윤,1,18,2,0,0
GREEN,0.7,0.8,유해란,3,11,2,0,이재윤,2,3,2,0,0
GREEN,0.7,0.4,유해란,3,11,2,0,이재윤,2,4,2,1,0
GREEN,0.7,0.7,유해란,3,11,2,0,이재윤,2,5,2,0,0
GREEN,0.7,1.2,유해란,3,11,2,0,이재윤,2,6,2,0,0
GREEN,0.7,0.5,유해란,3,11,2,0,이재윤,2,7,2,0,0
GREEN,0.7,0.2,유해란,3,11,2,0,이재윤,2,8,2,0,0
GREEN,0.7,1.5,유해란,3,11,2,0,이재윤,2,9,2,0,0
GREEN,0.7,1.2,유해란,3,11,2,0,이재윤,2,10,2,0,0
GREEN,0.7,1.5,유해란,3,11,2,0,이재윤,2,11,2,1,0
GREEN,0.7,0.5,유해란,3,11,2,0,이재윤,2,12,2,0,0
GREEN,0.7,1.6,유해란,3,11,2,0,이재윤,2,13,2,-1,0
GREEN,0.7,1.5,유해란,3,11,2,0,이재윤,2,14,3,1,-1
GREEN,0.7,0.4,유해란,3,11,2,0,이재윤,2,14,2,1,0
GREEN,0.7,0.5,유해란,3,11,2,0,이재윤,2,15,2,1,0
GREEN,0.7,1.7,유해란,3,11,2,0,이재윤,2,16,2,0,0
GREEN,0.7,1.0,유해란,3,11,2,0,이재윤,2,17,2,0,0
GREEN,0.7,1.3,유해란,3,11,2,0,이재윤,2,18,2,0,0
GREEN,0.7,0.3,유해란,3,11,2,0,이재윤,3,1,2,1,0
GREEN,0.7,0.5,유해란,3,11,2,0,이재윤,3,2,2,0,0
GREEN,0.7,1.5,유해란,3,11,2,0,이재윤,3,4,2,0,0
GREEN,0.7,0.3,유해란,3,11,2,0,이재윤,3,5,2,0,0
GREEN,0.7,0.4,유해란,3,11,2,0,이재윤,3,6,2,0,0
GREEN,0.7,0.5,유해란,3,11,2,0,이재윤,3,7,2,0,0
GREEN,0.7,0.3,유해란,3,11,2,0,이재윤,3,8,2,0,0
GREEN,0.7,1.2,유해란,3,11,2,0,이재윤,3,9,2,0,0
GREEN,0.7,1.3,유해란,3,11,2,0,이재윤,3,10,2,1,0
GREEN,0.7,0.5,유해란,3,11,2,0,이재윤,3,11,2,0,0
GREEN,0.7,0.3,유해란,3,11,2,0,이재윤,3,13,2,1,0
GREEN,0.7,0.2,유해란,3,11,2,0,이재윤,3,14,2,0,0
GREEN,0.7,1.4,유해란,3,11,2,0,이재윤,3,15,2,0,0
GREEN,0.7,1.3,유해란,3,11,2,0,이재윤,3,17,2,0,0
GREEN,0.7,0.5,유해란,3,11,2,0,이재윤,3,18,2,0,0
GREEN,0.7,0.9,유해란,3,11,2,0,이재윤,4,1,2,0,0
GREEN,0.7,0.3,유해란,3,11,2,0,이재윤,4,2,2,1,0
GREEN,0.7,0.3,유해란,3,11,2,0,이재윤,4,5,2,0,0
GREEN,0.7,0.4,유해란,3,11,2,0,이재윤,4,8,2,0,0
GREEN,0.7,0.3,유해란,3,11,2,0,이재윤,4,9,2,0,0
GREEN,0.7,1.7,유해란,3,11,2,0,이재윤,4,11,2,0,0
GREEN,0.7,0.4,유해란,3,11,2,0,이재윤,4,12,2,0,0
GREEN,0.7,0.5,유해란,3,11,2,0,이재윤,4,13,2,0,0
GREEN,0.7,1.5,유해란,3,11,2,0,이재윤,4,14,3,1,-1
GREEN,0.7,1.0,유해란,3,11,2,0,이재윤,4,14,2,1,0
GREEN,0.7,1.2,유해란,3,11,2,0,이재윤,4,15,2,0,0
GREEN,0.7,0.5,유해란,3,11,2,0,이재윤,4,16,2,0,0
GREEN,0.7,0.3,유해란,3,11,2,0,이재윤,4,18,2,0,0
GREEN,0.7,0.4,유해란,3,11,2,0,박서현,1,2,2,0,0
GREEN,0.7,1.0,유해란,3,11,2,0,박서현,1,3,2,2,0
GREEN,0.7,0.5,유해란,3,11,2,0,박서현,1,4,2,0,0
GREEN,0.7,0.5,유해란,3,11,2,0,박서현,1,5,2,0,0
GREEN,0.7,0.4,유해란,3,11,2,0,박서현,1,6,2,1,0
GREEN,0.7,0.5,유해란,3,11,2,0,박서현,1,7,2,0,0
GREEN,0.7,0.5,유해란,3,11,2,0,박서현,1,8,2,1,0
GREEN,0.7,0.6,유해란,3,11,2,0,박서현,1,9,2,0,0
GREEN,0.7,0.3,유해란,3,11,2,0,박서현,1,10,2,0,0
GREEN,0.7,0.4,유해란,3,11,2,0,박서현,1,11,2,0,0
GREEN,0.7,1.1,유해란,3,11,2,0,박서현,1,13,2,1,0
GREEN,0.7,0.3,유해란,3,11,2,0,박서현,1,14,2,0,0
GREEN,0.7,0.5,유해란,3,11,2,0,박서현,1,15,2,1,0
GREEN,0.7,0.5,유해란,3,11,2,0,박서현,1,17,2,0,0
GREEN,0.7,0.3,유해란,3,11,2,0,박서현,2,1,2,0,0
GREEN,0.7,0.5,유해란,3,11,2,0,박서현,2,2,2,0,0
GREEN,0.7,0.5,유해란,3,11,2,0,박서현,2,3,2,0,0
GREEN,0.7,0.3,유해란,3,11,2,0,박서현,2,4,2,1,0
GREEN,0.7,1.2,유해란,3,11,2,0,박서현,2,5,3,1,-1
GREEN,0.7,0.4,유해란,3,11,2,0,박서현,2,5,2,1,0
GREEN,0.7,0.4,유해란,3,11,2,0,박서현,2,7,2,0,0
GREEN,0.7,1.5,유해란,3,11,2,0,박서현,2,9,2,0,0
GREEN,0.7,0.2,유해란,3,11,2,0,박서현,2,10,2,0,0
GREEN,0.7,1.5,유해란,3,11,2,0,박서현,2,11,2,1,0
GREEN,0.7,1.3,유해란,3,11,2,0,박서현,2,12,3,2,-1
GREEN,0.7,0.9,유해란,3,11,2,0,박서현,2,12,2,2,0
GREEN,0.7,0.4,유해란,3,11,2,0,박서현,2,13,2,0,0
GREEN,0.7,1.0,유해란,3,11,2,0,박서현,2,14,2,1,0
GREEN,0.7,1.3,유해란,3,11,2,0,박서현,2,15,2,0,0
GREEN,0.7,0.2,유해란,3,11,2,0,박서현,2,17,2,0,0
GREEN,0.7,1.3,유해란,3,11,2,0,박서현,2,18,2,0,0
GREEN,0.7,1.3,유해란,3,11,2,0,박서현,3,1,2,0,0
GREEN,0.7,1.4,유해란,3,11,2,0,박서현,3,2,2,0,0
GREEN,0.7,0.4,유해란,3,11,2,0,박서현,3,3,2,1,0
GREEN,0.7,0.5,유해란,3,11,2,0,박서현,3,4,2,0,0
GREEN,0.7,1.2,유해란,3,11,2,0,박서현,3,5,2,0,0
GREEN,0.7,0.3,유해란,3,11,2,0,박서현,3,6,2,0,0
GREEN,0.7,0.5,유해란,3,11,2,0,박서현,3,7,2,0,0
GREEN,0.7,0.3,유해란,3,11,2,0,박서현,3,8,2,3,0
GREEN,0.7,0.2,유해란,3,11,2,0,박서현,3,9,2,2,0
GREEN,0.7,0.9,유해란,3,11,2,0,박서현,3,10,2,1,0
GREEN,0.7,1.0,유해란,3,11,2,0,박서현,3,11,2,0,0
GREEN,0.7,1.2,유해란,3,11,2,0,박서현,3,12,2,0,0
GREEN,0.7,1.3,유해란,3,11,2,0,박서현,3,13,3,1,-1
GREEN,0.7,1.0,유해란,3,11,2,0,박서현,3,13,2,1,0
GREEN,0.7,0.4,유해란,3,11,2,0,박서현,3,14,2,0,0
GREEN,0.7,1.4,유해란,3,11,2,0,박서현,3,15,2,1,0
GREEN,0.7,0.3,유해란,3,11,2,0,박서현,3,16,2,0,0
GREEN,0.7,0.5,유해란,3,11,2,0,박서현,3,18,2,0,0
GREEN,0.7,1.1,유해란,3,11,2,0,박서현,4,1,2,0,0
GREEN,0.7,0.2,유해란,3,11,2,0,박서현,4,2,2,0,0
GREEN,0.7,0.5,유해란,3,11,2,0,박서현,4,3,2,1,0
GREEN,0.7,0.3,유해란,3,11,2,0,박서현,4,4,2,1,0
GREEN,0.7,0.3,유해란,3,11,2,0,박서현,4,5,2,0,0
GREEN,0.7,0.3,유해란,3,11,2,0,박서현,4,8,2,0,0
GREEN,0.7,1.7,유해란,3,11,2,0,박서현,4,9,3,2,-1
GREEN,0.7,0.4,유해란,3,11,2,0,박서현,4,9,2,2,0
GREEN,0.7,1.6,유해란,3,11,2,0,박서현,4,10,2,1,0
GREEN,0.7,0.4,유해란,3,11,2,0,박서현,4,11,2,0,0
GREEN,0.7,0.8,유해란,3,11,2,0,박서현,4,12,2,1,0
GREEN,0.7,1.6,유해란,3,11,2,0,박서현,4,14,3,1,-1
GREEN,0.7,0.2,유해란,3,11,2,0,박서현,4,14,2,1,0
GREEN,0.7,0.7,유해란,3,11,2,0,박서현,4,15,2,0,0
GREEN,0.7,1.3,유해란,3,11,2,0,박서현,4,16,2,0,0
GREEN,0.7,0.5,유해란,3,11,2,0,박서현,4,17,2,1,0
GREEN,0.7,1.3,유해란,3,11,2,0,박서현,4,18,2,1,0
FRINGE,11.6,10.8,유해란,3,12,3,0,이재윤,2,11,3,1,0
FRINGE,11.6,12.3,유해란,3,12,3,0,박서현,2,14,4,1,-1
FRINGE,11.6,11.1,유해란,3,12,3,0,박서현,3,2,3,0,0
GREEN,1.3,0.5,유해란,3,12,2,0,이재윤,1,1,2,0,0
GREEN,1.3,0.5,유해란,3,12,2,0,이재윤,1,2,2,0,0
GREEN,1.3,1.3,유해란,3,12,2,0,이재윤,1,3,2,0,0
GREEN,1.3,0.5,유해란,3,12,2,0,이재윤,1,4,2,1,0
GREEN,1.3,0.8,유해란,3,12,2,0,이재윤,1,5,2,0,0
GREEN,1.3,0.5,유해란,3,12,2,0,이재윤,1,6,2,0,0
GREEN,1.3,0.5,유해란,3,12,2,0,이재윤,1,7,2,0,0
GREEN,1.3,1.4,유해란,3,12,2,0,이재윤,1,9,2,1,0
GREEN,1.3,0.8,유해란,3,12,2,0,이재윤,1,10,2,0,0
GREEN,1.3,0.7,유해란,3,12,2,0,이재윤,1,11,2,1,0
GREEN,1.3,0.3,유해란,3,12,2,0,이재윤,1,12,2,0,0
GREEN,1.3,0.9,유해란,3,12,2,0,이재윤,1,13,2,0,0
GREEN,1.3,1.6,유해란,3,12,2,0,이재윤,1,14,3,0,-1
GREEN,1.3,0.3,유해란,3,12,2,0,이재윤,1,14,2,0,0
GREEN,1.3,1.1,유해란,3,12,2,0,이재윤,1,15,2,1,0
GREEN,1.3,2.1,유해란,3,12,2,0,이재윤,1,17,2,0,0
GREEN,1.3,0.8,유해란,3,12,2,0,이재윤,1,18,2,0,0
GREEN,1.3,0.8,유해란,3,12,2,0,이재윤,2,3,2,0,0
GREEN,1.3,2.3,유해란,3,12,2,0,이재윤,2,4,3,1,-1
GREEN,1.3,0.4,유해란,3,12,2,0,이재윤,2,4,2,1,0
GREEN,1.3,0.7,유해란,3,12,2,0,이재윤,2,5,2,0,0
GREEN,1.3,1.2,유해란,3,12,2,0,이재윤,2,6,2,0,0
GREEN,1.3,0.5,유해란,3,12,2,0,이재윤,2,7,2,0,0
GREEN,1.3,1.5,유해란,3,12,2,0,이재윤,2,9,2,0,0
GREEN,1.3,1.2,유해란,3,12,2,0,이재윤,2,10,2,0,0
GREEN,1.3,1.5,유해란,3,12,2,0,이재윤,2,11,2,1,0
GREEN,1.3,0.5,유해란,3,12,2,0,이재윤,2,12,2,0,0
GREEN,1.3,1.6,유해란,3,12,2,0,이재윤,2,13,2,-1,0
GREEN,1.3,1.5,유해란,3,12,2,0,이재윤,2,14,3,1,-1
GREEN,1.3,0.4,유해란,3,12,2,0,이재윤,2,14,2,1,0
GREEN,1.3,0.5,유해란,3,12,2,0,이재윤,2,15,2,1,0
GREEN,1.3,1.7,유해란,3,12,2,0,이재윤,2,16,2,0,0
GREEN,1.3,1.0,유해란,3,12,2,0,이재윤,2,17,2,0,0
GREEN,1.3,1.3,유해란,3,12,2,0,이재윤,2,18,2,0,0
GREEN,1.3,0.3,유해란,3,12,2,0,이재윤,3,1,2,1,0
GREEN,1.3,0.5,유해란,3,12,2,0,이재윤,3,2,2,0,0
GREEN,1.3,1.5,유해란,3,12,2,0,이재윤,3,4,2,0,0
GREEN,1.3,0.3,유해란,3,12,2,0,이재윤,3,5,2,0,0
GREEN,1.3,2.1,유해란,3,12,2,0,이재윤,3,6,3,0,-1
GREEN,1.3,0.4,유해란,3,12,2,0,이재윤,3,6,2,0,0
GREEN,1.3,0.5,유해란,3,12,2,0,이재윤,3,7,2,0,0
GREEN,1.3,0.3,유해란,3,12,2,0,이재윤,3,8,2,0,0
GREEN,1.3,1.2,유해란,3,12,2,0,이재윤,3,9,2,0,0
GREEN,1.3,1.3,유해란,3,12,2,0,이재윤,3,10,2,1,0
GREEN,1.3,0.5,유해란,3,12,2,0,이재윤,3,11,2,0,0
GREEN,1.3,0.3,유해란,3,12,2,0,이재윤,3,13,2,1,0
GREEN,1.3,1.4,유해란,3,12,2,0,이재윤,3,15,2,0,0
GREEN,1.3,1.3,유해란,3,12,2,0,이재윤,3,17,2,0,0
GREEN,1.3,0.5,유해란,3,12,2,0,이재윤,3,18,2,0,0
GREEN,1.3,0.9,유해란,3,12,2,0,이재윤,4,1,2,0,0
GREEN,1.3,0.3,유해란,3,12,2,0,이재윤,4,2,2,1,0
GREEN,1.3,2.2,유해란,3,12,2,0,이재윤,4,3,2,0,0
GREEN,1.3,0.3,유해란,3,12,2,0,이재윤,4,5,2,0,0
GREEN,1.3,0.4,유해란,3,12,2,0,이재윤,4,8,2,0,0
GREEN,1.3,0.3,유해란,3,12,2,0,이재윤,4,9,2,0,0
GREEN,1.3,2.0,유해란,3,12,2,0,이재윤,4,10,2,0,0
GREEN,1.3,1.7,유해란,3,12,2,0,이재윤,4,11,2,0,0
GREEN,1.3,0.4,유해란,3,12,2,0,이재윤,4,12,2,0,0
GREEN,1.3,0.5,유해란,3,12,2,0,이재윤,4,13,2,0,0
GREEN,1.3,1.5,유해란,3,12,2,0,이재윤,4,14,3,1,-1
GREEN,1.3,1.0,유해란,3,12,2,0,이재윤,4,14,2,1,0
GREEN,1.3,1.2,유해란,3,12,2,0,이재윤,4,15,2,0,0
GREEN,1.3,0.5,유해란,3,12,2,0,이재윤,4,16,2,0,0
GREEN,1.3,1.8,유해란,3,12,2,0,이재윤,4,17,2,0,0
GREEN,1.3,0.3,유해란,3,12,2,0,이재윤,4,18,2,0,0
GREEN,1.3,0.4,유해란,3,12,2,0,박서현,1,2,2,0,0
GREEN,1.3,1.0,유해란,3,12,2,0,박서현,1,3,2,2,0
GREEN,1.3,0.5,유해란,3,12,2,0,박서현,1,4,2,0,0
GREEN,1.3,0.5,유해란,3,12,2,0,박서현,1,5,2,0,0
GREEN,1.3,0.4,유해란,3,12,2,0,박서현,1,6,2,1,0
GREEN,1.3,0.5,유해란,3,12,2,0,박서현,1,7,2,0,0
GREEN,1.3,2.0,유해란,3,12,2,0,박서현,1,8,3,1,-1
GREEN,1.3,0.5,유해란,3,12,2,0,박서현,1,8,2,1,0
GREEN,1.3,0.6,유해란,3,12,2,0,박서현,1,9,2,0,0
GREEN,1.3,0.3,유해란,3,12,2,0,박서현,1,10,2,0,0
GREEN,1.3,0.4,유해란,3,12,2,0,박서현,1,11,2,0,0
GREEN,1.3,1.1,유해란,3,12,2,0,박서현,1,13,2,1,0
GREEN,1.3,0.3,유해란,3,12,2,0,박서현,1,14,2,0,0
GREEN,1.3,0.5,유해란,3,12,2,0,박서현,1,15,2,1,0
GREEN,1.3,0.5,유해란,3,12,2,0,박서현,1,17,2,0,0
GREEN,1.3,0.3,유해란,3,12,2,0,박서현,2,1,2,0,0
GREEN,1.3,0.5,유해란,3,12,2,0,박서현,2,2,2,0,0
GREEN,1.3,0.5,유해란,3,12,2,0,박서현,2,3,2,0,0
GREEN,1.3,0.3,유해란,3,12,2,0,박서현,2,4,2,1,0
GREEN,1.3,1.2,유해란,3,12,2,0,박서현,2,5,3,1,-1
GREEN,1.3,0.4,유해란,3,12,2,0,박서현,2,5,2,1,0
GREEN,1.3,0.4,유해란,3,12,2,0,박서현,2,7,2,0,0
GREEN,1.3,1.5,유해란,3,12,2,0,박서현,2,9,2,0,0
GREEN,1.3,1.5,유해란,3,12,2,0,박서현,2,11,2,1,0
GREEN,1.3,1.3,유해란,3,12,2,0,박서현,2,12,3,2,-1
GREEN,1.3,0.9,유해란,3,12,2,0,박서현,2,12,2,2,0
GREEN,1.3,0.4,유해란,3,12,2,0,박서현,2,13,2,0,0
GREEN,1.3,1.0,유해란,3,12,2,0,박서현,2,14,2,1,0
GREEN,1.3,1.3,유해란,3,12,2,0,박서현,2,15,2,0,0
GREEN,1.3,1.3,유해란,3,12,2,0,박서현,2,18,2,0,0
GREEN,1.3,1.3,유해란,3,12,2,0,박서현,3,1,2,0,0
GREEN,1.3,1.4,유해란,3,12,2,0,박서현,3,2,2,0,0
GREEN,1.3,0.4,유해란,3,12,2,0,박서현,3,3,2,1,0
GREEN,1.3,0.5,유해란,3,12,2,0,박서현,3,4,2,0,0
GREEN,1.3,1.2,유해란,3,12,2,0,박서현,3,5,2,0,0
GREEN,1.3,0.3,유해란,3,12,2,0,박서현,3,6,2,0,0
GREEN,1.3,0.5,유해란,3,12,2,0,박서현,3,7,2,0,0
GREEN,1.3,0.3,유해란,3,12,2,0,박서현,3,8,2,3,0
GREEN,1.3,1.9,유해란,3,12,2,0,박서현,3,10,3,1,-1
GREEN,1.3,0.9,유해란,3,12,2,0,박서현,3,10,2,1,0
GREEN,1.3,1.0,유해란,3,12,2,0,박서현,3,11,2,0,0
GREEN,1.3,1.2,유해란,3,12,2,0,박서현,3,12,2,0,0
GREEN,1.3,1.3,유해란,3,12,2,0,박서현,3,13,3,1,-1
GREEN,1.3,1.0,유해란,3,12,2,0,박서현,3,13,2,1,0
GREEN,1.3,0.4,유해란,3,12,2,0,박서현,3,14,2,0,0
GREEN,1.3,1.4,유해란,3,12,2,0,박서현,3,15,2,1,0
GREEN,1.3,0.3,유해란,3,12,2,0,박서현,3,16,2,0,0
GREEN,1.3,1.9,유해란,3,12,2,0,박서현,3,17,2,0,0
GREEN,1.3,0.5,유해란,3,12,2,0,박서현,3,18,2,0,0
GREEN,1.3,1.1,유해란,3,12,2,0,박서현,4,1,2,0,0
GREEN,1.3,0.5,유해란,3,12,2,0,박서현,4,3,2,1,0
GREEN,1.3,0.3,유해란,3,12,2,0,박서현,4,4,2,1,0
GREEN,1.3,0.3,유해란,3,12,2,0,박서현,4,5,2,0,0
GREEN,1.3,0.3,유해란,3,12,2,0,박서현,4,8,2,0,0
GREEN,1.3,1.7,유해란,3,12,2,0,박서현,4,9,3,2,-1
GREEN,1.3,0.4,유해란,3,12,2,0,박서현,4,9,2,2,0
GREEN,1.3,1.6,유해란,3,12,2,0,박서현,4,10,2,1,0
GREEN,1.3,0.4,유해란,3,12,2,0,박서현,4,11,2,0,0
GREEN,1.3,1.9,유해란,3,12,2,0,박서현,4,12,3,1,-1
GREEN,1.3,0.8,유해란,3,12,2,0,박서현,4,12,2,1,0
GREEN,1.3,1.6,유해란,3,12,2,0,박서현,4,14,3,1,-1
GREEN,1.3,0.7,유해란,3,12,2,0,박서현,4,15,2,0,0
GREEN,1.3,1.3,유해란,3,12,2,0,박서현,4,16,2,0,0
GREEN,1.3,2.2,유해란,3,12,2,0,박서현,4,17,3,1,-1
GREEN,1.3,0.5,유해란,3,12,2,0,박서현,4,17,2,1,0
GREEN,1.3,1.3,유해란,3,12,2,0,박서현,4,18,2,1,0
GREEN,4.6,5.3,유해란,3,13,3,0,이재윤,1,1,3,0,0
GREEN,4.6,3.8,유해란,3,13,3,0,이재윤,1,4,3,1,0
GREEN,4.6,3.9,유해란,3,13,3,0,이재윤,1,12,3,0,0
GREEN,4.6,5.2,유해란,3,13,3,0,이재윤,2,1,2,0,1
GREEN,4.6,4.5,유해란,3,13,3,0,이재윤,4,11,3,0,0
GREEN,4.6,4.2,유해란,3,13,3,0,이재윤,4,13,3,0,0
GREEN,4.6,5.0,유해란,3,13,3,0,이재윤,4,16,3,0,0
GREEN,4.6,4.3,유해란,3,13,3,0,박서현,1,14,3,0,0
GREEN,4.6,4.8,유해란,3,13,3,0,박서현,1,17,3,0,0
GREEN,4.6,5.3,유해란,3,13,3,0,박서현,2,3,3,0,0
GREEN,4.6,3.6,유해란,3,13,3,0,박서현,2,10,3,0,0
GREEN,4.6,3.6,유해란,3,13,3,0,박서현,2,16,2,0,1
GREEN,4.6,5.1,유해란,3,13,3,0,박서현,2,17,3,0,0
GREEN,4.6,5.6,유해란,3,13,3,0,박서현,3,1,3,0,0
GREEN,4.6,4.6,유해란,3,13,3,0,박서현,3,4,3,0,0
GREEN,4.6,4.3,유해란,3,13,3,0,박서현,3,9,3,2,0
GREEN,4.6,4.8,유해란,3,13,3,0,박서현,3,13,4,1,-1
GREEN,4.6,5.4,유해란,3,13,3,0,박서현,3,14,3,0,0
GREEN,4.6,5.6,유해란,3,13,3,0,박서현,3,16,3,0,0
GREEN,4.6,3.7,유해란,3,13,3,0,박서현,4,4,3,1,0
GREEN,4.6,3.8,유해란,3,13,3,0,박서현,4,6,2,0,1
GREEN,4.6,5.5,유해란,3,13,3,0,박서현,4,10,3,1,0
GREEN,4.6,4.5,유해란,3,13,3,0,박서현,4,11,3,0,0
GREEN,0.9,0.5,유해란,3,13,2,0,이재윤,1,1,2,0,0
GREEN,0.9,0.5,유해란,3,13,2,0,이재윤,1,2,2,0,0
GREEN,0.9,1.3,유해란,3,13,2,0,이재윤,1,3,2,0,0
GREEN,0.9,0.5,유해란,3,13,2,0,이재윤,1,4,2,1,0
GREEN,0.9,0.8,유해란,3,13,2,0,이재윤,1,5,2,0,0
GREEN,0.9,0.5,유해란,3,13,2,0,이재윤,1,6,2,0,0
GREEN,0.9,0.5,유해란,3,13,2,0,이재윤,1,7,2,0,0
GREEN,0.9,0.2,유해란,3,13,2,0,이재윤,1,8,2,0,0
GREEN,0.9,1.4,유해란,3,13,2,0,이재윤,1,9,2,1,0
GREEN,0.9,0.8,유해란,3,13,2,0,이재윤,1,10,2,0,0
GREEN,0.9,0.7,유해란,3,13,2,0,이재윤,1,11,2,1,0
GREEN,0.9,0.3,유해란,3,13,2,0,이재윤,1,12,2,0,0
GREEN,0.9,0.9,유해란,3,13,2,0,이재윤,1,13,2,0,0
GREEN,0.9,1.6,유해란,3,13,2,0,이재윤,1,14,3,0,-1
GREEN,0.9,0.3,유해란,3,13,2,0,이재윤,1,14,2,0,0
GREEN,0.9,1.1,유해란,3,13,2,0,이재윤,1,15,2,1,0
GREEN,0.9,0.8,유해란,3,13,2,0,이재윤,1,18,2,0,0
GREEN,0.9,0.8,유해란,3,13,2,0,이재윤,2,3,2,0,0
GREEN,0.9,0.4,유해란,3,13,2,0,이재윤,2,4,2,1,0
GREEN,0.9,0.7,유해란,3,13,2,0,이재윤,2,5,2,0,0
GREEN,0.9,1.2,유해란,3,13,2,0,이재윤,2,6,2,0,0
GREEN,0.9,0.5,유해란,3,13,2,0,이재윤,2,7,2,0,0
GREEN,0.9,0.2,유해란,3,13,2,0,이재윤,2,8,2,0,0
GREEN,0.9,1.5,유해란,3,13,2,0,이재윤,2,9,2,0,0
GREEN,0.9,1.2,유해란,3,13,2,0,이재윤,2,10,2,0,0
GREEN,0.9,1.5,유해란,3,13,2,0,이재윤,2,11,2,1,0
GREEN,0.9,0.5,유해란,3,13,2,0,이재윤,2,12,2,0,0
GREEN,0.9,1.6,유해란,3,13,2,0,이재윤,2,13,2,-1,0
GREEN,0.9,1.5,유해란,3,13,2,0,이재윤,2,14,3,1,-1
GREEN,0.9,0.4,유해란,3,13,2,0,이재윤,2,14,2,1,0
GREEN,0.9,0.5,유해란,3,13,2,0,이재윤,2,15,2,1,0
GREEN,0.9,1.7,유해란,3,13,2,0,이재윤,2,16,2,0,0
GREEN,0.9,1.0,유해란,3,13,2,0,이재윤,2,17,2,0,0
GREEN,0.9,1.3,유해란,3,13,2,0,이재윤,2,18,2,0,0
GREEN,0.9,0.3,유해란,3,13,2,0,이재윤,3,1,2,1,0
GREEN,0.9,0.5,유해란,3,13,2,0,이재윤,3,2,2,0,0
GREEN,0.9,1.5,유해란,3,13,2,0,이재윤,3,4,2,0,0
GREEN,0.9,0.3,유해란,3,13,2,0,이재윤,3,5,2,0,0
GREEN,0.9,0.4,유해란,3,13,2,0,이재윤,3,6,2,0,0
GREEN,0.9,0.5,유해란,3,13,2,0,이재윤,3,7,2,0,0
GREEN,0.9,0.3,유해란,3,13,2,0,이재윤,3,8,2,0,0
GREEN,0.9,1.2,유해란,3,13,2,0,이재윤,3,9,2,0,0
GREEN,0.9,1.3,유해란,3,13,2,0,이재윤,3,10,2,1,0
GREEN,0.9,0.5,유해란,3,13,2,0,이재윤,3,11,2,0,0
GREEN,0.9,0.3,유해란,3,13,2,0,이재윤,3,13,2,1,0
GREEN,0.9,0.2,유해란,3,13,2,0,이재윤,3,14,2,0,0
GREEN,0.9,1.4,유해란,3,13,2,0,이재윤,3,15,2,0,0
GREEN,0.9,1.3,유해란,3,13,2,0,이재윤,3,17,2,0,0
GREEN,0.9,0.5,유해란,3,13,2,0,이재윤,3,18,2,0,0
GREEN,0.9,0.9,유해란,3,13,2,0,이재윤,4,1,2,0,0
GREEN,0.9,0.3,유해란,3,13,2,0,이재윤,4,2,2,1,0
GREEN,0.9,0.3,유해란,3,13,2,0,이재윤,4,5,2,0,0
GREEN,0.9,0.4,유해란,3,13,2,0,이재윤,4,8,2,0,0
GREEN,0.9,0.3,유해란,3,13,2,0,이재윤,4,9,2,0,0
GREEN,0.9,1.7,유해란,3,13,2,0,이재윤,4,11,2,0,0
GREEN,0.9,0.4,유해란,3,13,2,0,이재윤,4,12,2,0,0
GREEN,0.9,0.5,유해란,3,13,2,0,이재윤,4,13,2,0,0
GREEN,0.9,1.5,유해란,3,13,2,0,이재윤,4,14,3,1,-1
GREEN,0.9,1.0,유해란,3,13,2,0,이재윤,4,14,2,1,0
GREEN,0.9,1.2,유해란,3,13,2,0,이재윤,4,15,2,0,0
GREEN,0.9,0.5,유해란,3,13,2,0,이재윤,4,16,2,0,0
GREEN,0.9,1.8,유해란,3,13,2,0,이재윤,4,17,2,0,0
GREEN,0.9,0.3,유해란,3,13,2,0,이재윤,4,18,2,0,0
GREEN,0.9,0.4,유해란,3,13,2,0,박서현,1,2,2,0,0
GREEN,0.9,1.0,유해란,3,13,2,0,박서현,1,3,2,2,0
GREEN,0.9,0.5,유해란,3,13,2,0,박서현,1,4,2,0,0
GREEN,0.9,0.5,유해란,3,13,2,0,박서현,1,5,2,0,0
GREEN,0.9,0.4,유해란,3,13,2,0,박서현,1,6,2,1,0
GREEN,0.9,0.5,유해란,3,13,2,0,박서현,1,7,2,0,0
GREEN,0.9,0.5,유해란,3,13,2,0,박서현,1,8,2,1,0
GREEN,0.9,0.6,유해란,3,13,2,0,박서현,1,9,2,0,0
GREEN,0.9,0.3,유해란,3,13,2,0,박서현,1,10,2,0,0
GREEN,0.9,0.4,유해란,3,13,2,0,박서현,1,11,2,0,0
GREEN,0.9,1.1,유해란,3,13,2,0,박서현,1,13,2,1,0
GREEN,0.9,0.3,유해란,3,13,2,0,박서현,1,14,2,0,0
GREEN,0.9,0.5,유해란,3,13,2,0,박서현,1,15,2,1,0
GREEN,0.9,0.5,유해란,3,13,2,0,박서현,1,17,2,0,0
GREEN,0.9,0.3,유해란,3,13,2,0,박서현,2,1,2,0,0
GREEN,0.9,0.5,유해란,3,13,2,0,박서현,2,2,2,0,0
GREEN,0.9,0.5,유해란,3,13,2,0,박서현,2,3,2,0,0
GREEN,0.9,0.3,유해란,3,13,2,0,박서현,2,4,2,1,0
GREEN,0.9,1.2,유해란,3,13,2,0,박서현,2,5,3,1,-1
GREEN,0.9,0.4,유해란,3,13,2,0,박서현,2,5,2,1,0
GREEN,0.9,0.4,유해란,3,13,2,0,박서현,2,7,2,0,0
GREEN,0.9,1.5,유해란,3,13,2,0,박서현,2,9,2,0,0
GREEN,0.9,0.2,유해란,3,13,2,0,박서현,2,10,2,0,0
GREEN,0.9,1.5,유해란,3,13,2,0,박서현,2,11,2,1,0
GREEN,0.9,1.3,유해란,3,13,2,0,박서현,2,12,3,2,-1
GREEN,0.9,0.9,유해란,3,13,2,0,박서현,2,12,2,2,0
GREEN,0.9,0.4,유해란,3,13,2,0,박서현,2,13,2,0,0
GREEN,0.9,1.0,유해란,3,13,2,0,박서현,2,14,2,1,0
GREEN,0.9,1.3,유해란,3,13,2,0,박서현,2,15,2,0,0
GREEN,0.9,0.2,유해란,3,13,2,0,박서현,2,17,2,0,0
GREEN,0.9,1.3,유해란,3,13,2,0,박서현,2,18,2,0,0
GREEN,0.9,1.3,유해란,3,13,2,0,박서현,3,1,2,0,0
GREEN,0.9,1.4,유해란,3,13,2,0,박서현,3,2,2,0,0
GREEN,0.9,0.4,유해란,3,13,2,0,박서현,3,3,2,1,0
GREEN,0.9,0.5,유해란,3,13,2,0,박서현,3,4,2,0,0
GREEN,0.9,1.2,유해란,3,13,2,0,박서현,3,5,2,0,0
GREEN,0.9,0.3,유해란,3,13,2,0,박서현,3,6,2,0,0
GREEN,0.9,0.5,유해란,3,13,2,0,박서현,3,7,2,0,0
GREEN,0.9,0.3,유해란,3,13,2,0,박서현,3,8,2,3,0
GREEN,0.9,0.2,유해란,3,13,2,0,박서현,3,9,2,2,0
GREEN,0.9,1.9,유해란,3,13,2,0,박서현,3,10,3,1,-1
GREEN,0.9,0.9,유해란,3,13,2,0,박서현,3,10,2,1,0
GREEN,0.9,1.0,유해란,3,13,2,0,박서현,3,11,2,0,0
GREEN,0.9,1.2,유해란,3,13,2,0,박서현,3,12,2,0,0
GREEN,0.9,1.3,유해란,3,13,2,0,박서현,3,13,3,1,-1
GREEN,0.9,1.0,유해란,3,13,2,0,박서현,3,13,2,1,0
GREEN,0.9,0.4,유해란,3,13,2,0,박서현,3,14,2,0,0
GREEN,0.9,1.4,유해란,3,13,2,0,박서현,3,15,2,1,0
GREEN,0.9,0.3,유해란,3,13,2,0,박서현,3,16,2,0,0
GREEN,0.9,1.9,유해란,3,13,2,0,박서현,3,17,2,0,0
GREEN,0.9,0.5,유해란,3,13,2,0,박서현,3,18,2,0,0
GREEN,0.9,1.1,유해란,3,13,2,0,박서현,4,1,2,0,0
GREEN,0.9,0.2,유해란,3,13,2,0,박서현,4,2,2,0,0
GREEN,0.9,0.5,유해란,3,13,2,0,박서현,4,3,2,1,0
GREEN,0.9,0.3,유해란,3,13,2,0,박서현,4,4,2,1,0
GREEN,0.9,0.3,유해란,3,13,2,0,박서현,4,5,2,0,0
GREEN,0.9,0.3,유해란,3,13,2,0,박서현,4,8,2,0,0
GREEN,0.9,1.7,유해란,3,13,2,0,박서현,4,9,3,2,-1
GREEN,0.9,0.4,유해란,3,13,2,0,박서현,4,9,2,2,0
GREEN,0.9,1.6,유해란,3,13,2,0,박서현,4,10,2,1,0
GREEN,0.9,0.4,유해란,3,13,2,0,박서현,4,11,2,0,0
GREEN,0.9,1.9,유해란,3,13,2,0,박서현,4,12,3,1,-1
GREEN,0.9,0.8,유해란,3,13,2,0,박서현,4,12,2,1,0
GREEN,0.9,1.6,유해란,3,13,2,0,박서현,4,14,3,1,-1
GREEN,0.9,0.2,유해란,3,13,2,0,박서현,4,14,2,1,0
GREEN,0.9,0.7,유해란,3,13,2,0,박서현,4,15,2,0,0
GREEN,0.9,1.3,유해란,3,13,2,0,박서현,4,16,2,0,0
GREEN,0.9,0.5,유해란,3,13,2,0,박서현,4,17,2,1,0
GREEN,0.9,1.3,유해란,3,13,2,0,박서현,4,18,2,1,0
GREEN,3.3,3.8,유해란,3,14,3,0,이재윤,1,4,3,1,0
GREEN,3.3,3.1,유해란,3,14,3,0,이재윤,1,7,3,0,0
GREEN,3.3,3.1,유해란,3,14,3,0,이재윤,1,11,3,1,0
GREEN,3.3,3.9,유해란,3,14,3,0,이재윤,1,12,3,0,0
GREEN,3.3,3.4,유해란,3,14,3,0,이재윤,1,15,3,1,0
GREEN,3.3,2.8,유해란,3,14,3,0,이재윤,1,16,2,0,1
GREEN,3.3,3.0,유해란,3,14,3,0,이재윤,2,2,2,0,1
GREEN,3.3,2.3,유해란,3,14,3,0,이재윤,2,4,3,1,0
GREEN,3.3,3.1,유해란,3,14,3,0,이재윤,3,1,3,1,0
GREEN,3.3,3.0,유해란,3,14,3,0,이재윤,3,3,2,0,1
GREEN,3.3,2.8,유해란,3,14,3,0,이재윤,3,7,3,0,0
GREEN,3.3,2.6,유해란,3,14,3,0,이재윤,3,12,2,0,1
GREEN,3.3,3.0,유해란,3,14,3,0,이재윤,3,13,3,1,0
GREEN,3.3,2.6,유해란,3,14,3,0,이재윤,4,4,2,0,1
GREEN,3.3,2.7,유해란,3,14,3,0,이재윤,4,6,2,-1,1
GREEN,3.3,2.8,유해란,3,14,3,0,이재윤,4,7,2,-1,1
GREEN,3.3,4.2,유해란,3,14,3,0,이재윤,4,13,3,0,0
GREEN,3.3,3.1,유해란,3,14,3,0,이재윤,4,18,3,0,0
GREEN,3.3,3.4,유해란,3,14,3,0,박서현,1,3,3,2,0
GREEN,3.3,3.5,유해란,3,14,3,0,박서현,1,11,3,0,0
GREEN,3.3,4.3,유해란,3,14,3,0,박서현,1,14,3,0,0
GREEN,3.3,2.7,유해란,3,14,3,0,박서현,1,16,2,-1,1
GREEN,3.3,2.4,유해란,3,14,3,0,박서현,2,6,2,0,1
GREEN,3.3,3.3,유해란,3,14,3,0,박서현,2,8,2,0,1
GREEN,3.3,3.6,유해란,3,14,3,0,박서현,2,10,3,0,0
GREEN,3.3,3.6,유해란,3,14,3,0,박서현,2,16,2,0,1
GREEN,3.3,4.3,유해란,3,14,3,0,박서현,3,9,3,2,0
GREEN,3.3,2.7,유해란,3,14,3,0,박서현,3,15,3,1,0
GREEN,3.3,2.8,유해란,3,14,3,0,박서현,4,3,3,1,0
GREEN,3.3,3.7,유해란,3,14,3,0,박서현,4,4,3,1,0
GREEN,3.3,3.8,유해란,3,14,3,0,박서현,4,6,2,0,1
GREEN,3.3,3.4,유해란,3,14,3,0,박서현,4,9,4,2,-1
GREEN,3.3,3.4,유해란,3,14,3,0,박서현,4,13,2,0,1
GREEN,0.2,0.5,유해란,3,14,2,0,이재윤,1,1,2,0,0
GREEN,0.2,0.5,유해란,3,14,2,0,이재윤,1,2,2,0,0
GREEN,0.2,0.5,유해란,3,14,2,0,이재윤,1,4,2,1,0
GREEN,0.2,0.8,유해란,3,14,2,0,이재윤,1,5,2,0,0
GREEN,0.2,0.5,유해란,3,14,2,0,이재윤,1,6,2,0,0
GREEN,0.2,0.5,유해란,3,14,2,0,이재윤,1,7,2,0,0
GREEN,0.2,0.2,유해란,3,14,2,0,이재윤,1,8,2,0,0
GREEN,0.2,0.8,유해란,3,14,2,0,이재윤,1,10,2,0,0
GREEN,0.2,0.7,유해란,3,14,2,0,이재윤,1,11,2,1,0
GREEN,0.2,0.3,유해란,3,14,2,0,이재윤,1,12,2,0,0
GREEN,0.2,0.9,유해란,3,14,2,0,이재윤,1,13,2,0,0
GREEN,0.2,0.3,유해란,3,14,2,0,이재윤,1,14,2,0,0
GREEN,0.2,1.1,유해란,3,14,2,0,이재윤,1,15,2,1,0
GREEN,0.2,0.8,유해란,3,14,2,0,이재윤,1,18,2,0,0
GREEN,0.2,0.8,유해란,3,14,2,0,이재윤,2,3,2,0,0
GREEN,0.2,0.4,유해란,3,14,2,0,이재윤,2,4,2,1,0
GREEN,0.2,0.7,유해란,3,14,2,0,이재윤,2,5,2,0,0
GREEN,0.2,1.2,유해란,3,14,2,0,이재윤,2,6,2,0,0
GREEN,0.2,0.5,유해란,3,14,2,0,이재윤,2,7,2,0,0
GREEN,0.2,0.2,유해란,3,14,2,0,이재윤,2,8,2,0,0
GREEN,0.2,1.2,유해란,3,14,2,0,이재윤,2,10,2,0,0
GREEN,0.2,0.5,유해란,3,14,2,0,이재윤,2,12,2,0,0
GREEN,0.2,0.4,유해란,3,14,2,0,이재윤,2,14,2,1,0
GREEN,0.2,0.5,유해란,3,14,2,0,이재윤,2,15,2,1,0
GREEN,0.2,1.0,유해란,3,14,2,0,이재윤,2,17,2,0,0
GREEN,0.2,0.3,유해란,3,14,2,0,이재윤,3,1,2,1,0
GREEN,0.2,0.5,유해란,3,14,2,0,이재윤,3,2,2,0,0
GREEN,0.2,0.3,유해란,3,14,2,0,이재윤,3,5,2,0,0
GREEN,0.2,0.4,유해란,3,14,2,0,이재윤,3,6,2,0,0
GREEN,0.2,0.5,유해란,3,14,2,0,이재윤,3,7,2,0,0
GREEN,0.2,0.3,유해란,3,14,2,0,이재윤,3,8,2,0,0
GREEN,0.2,1.2,유해란,3,14,2,0,이재윤,3,9,2,0,0
GREEN,0.2,0.5,유해란,3,14,2,0,이재윤,3,11,2,0,0
GREEN,0.2,0.3,유해란,3,14,2,0,이재윤,3,13,2,1,0
GREEN,0.2,0.2,유해란,3,14,2,0,이재윤,3,14,2,0,0
GREEN,0.2,0.5,유해란,3,14,2,0,이재윤,3,18,2,0,0
GREEN,0.2,0.9,유해란,3,14,2,0,이재윤,4,1,2,0,0
GREEN,0.2,0.3,유해란,3,14,2,0,이재윤,4,2,2,1,0
GREEN,0.2,0.3,유해란,3,14,2,0,이재윤,4,5,2,0,0
GREEN,0.2,0.4,유해란,3,14,2,0,이재윤,4,8,2,0,0
GREEN,0.2,0.3,유해란,3,14,2,0,이재윤,4,9,2,0,0
GREEN,0.2,0.4,유해란,3,14,2,0,이재윤,4,12,2,0,0
GREEN,0.2,0.5,유해란,3,14,2,0,이재윤,4,13,2,0,0
GREEN,0.2,1.0,유해란,3,14,2,0,이재윤,4,14,2,1,0
GREEN,0.2,1.2,유해란,3,14,2,0,이재윤,4,15,2,0,0
GREEN,0.2,0.5,유해란,3,14,2,0,이재윤,4,16,2,0,0
GREEN,0.2,0.3,유해란,3,14,2,0,이재윤,4,18,2,0,0
GREEN,0.2,0.4,유해란,3,14,2,0,박서현,1,2,2,0,0
GREEN,0.2,1.0,유해란,3,14,2,0,박서현,1,3,2,2,0
GREEN,0.2,0.5,유해란,3,14,2,0,박서현,1,4,2,0,0
GREEN,0.2,0.5,유해란,3,14,2,0,박서현,1,5,2,0,0
GREEN,0.2,0.4,유해란,3,14,2,0,박서현,1,6,2,1,0
GREEN,0.2,0.5,유해란,3,14,2,0,박서현,1,7,2,0,0
GREEN,0.2,0.5,유해란,3,14,2,0,박서현,1,8,2,1,0
GREEN,0.2,0.6,유해란,3,14,2,0,박서현,1,9,2,0,0
GREEN,0.2,0.3,유해란,3,14,2,0,박서현,1,10,2,0,0
GREEN,0.2,0.4,유해란,3,14,2,0,박서현,1,11,2,0,0
GREEN,0.2,1.1,유해란,3,14,2,0,박서현,1,13,2,1,0
GREEN,0.2,0.3,유해란,3,14,2,0,박서현,1,14,2,0,0
GREEN,0.2,0.5,유해란,3,14,2,0,박서현,1,15,2,1,0
GREEN,0.2,0.5,유해란,3,14,2,0,박서현,1,17,2,0,0
GREEN,0.2,0.3,유해란,3,14,2,0,박서현,2,1,2,0,0
GREEN,0.2,0.5,유해란,3,14,2,0,박서현,2,2,2,0,0
GREEN,0.2,0.5,유해란,3,14,2,0,박서현,2,3,2,0,0
GREEN,0.2,0.3,유해란,3,14,2,0,박서현,2,4,2,1,0
GREEN,0.2,1.2,유해란,3,14,2,0,박서현,2,5,3,1,-1
GREEN,0.2,0.4,유해란,3,14,2,0,박서현,2,5,2,1,0
GREEN,0.2,0.4,유해란,3,14,2,0,박서현,2,7,2,0,0
GREEN,0.2,0.2,유해란,3,14,2,0,박서현,2,10,2,0,0
GREEN,0.2,0.9,유해란,3,14,2,0,박서현,2,12,2,2,0
GREEN,0.2,0.4,유해란,3,14,2,0,박서현,2,13,2,0,0
GREEN,0.2,1.0,유해란,3,14,2,0,박서현,2,14,2,1,0
GREEN,0.2,0.2,유해란,3,14,2,0,박서현,2,17,2,0,0
GREEN,0.2,0.4,유해란,3,14,2,0,박서현,3,3,2,1,0
GREEN,0.2,0.5,유해란,3,14,2,0,박서현,3,4,2,0,0
GREEN,0.2,1.2,유해란,3,14,2,0,박서현,3,5,2,0,0
GREEN,0.2,0.3,유해란,3,14,2,0,박서현,3,6,2,0,0
GREEN,0.2,0.5,유해란,3,14,2,0,박서현,3,7,2,0,0
GREEN,0.2,0.3,유해란,3,14,2,0,박서현,3,8,2,3,0
GREEN,0.2,0.2,유해란,3,14,2,0,박서현,3,9,2,2,0
GREEN,0.2,0.9,유해란,3,14,2,0,박서현,3,10,2,1,0
GREEN,0.2,1.0,유해란,3,14,2,0,박서현,3,11,2,0,0
GREEN,0.2,1.2,유해란,3,14,2,0,박서현,3,12,2,0,0
GREEN,0.2,1.0,유해란,3,14,2,0,박서현,3,13,2,1,0
GREEN,0.2,0.4,유해란,3,14,2,0,박서현,3,14,2,0,0
GREEN,0.2,0.3,유해란,3,14,2,0,박서현,3,16,2,0,0
GREEN,0.2,0.5,유해란,3,14,2,0,박서현,3,18,2,0,0
GREEN,0.2,1.1,유해란,3,14,2,0,박서현,4,1,2,0,0
GREEN,0.2,0.2,유해란,3,14,2,0,박서현,4,2,2,0,0
GREEN,0.2,0.5,유해란,3,14,2,0,박서현,4,3,2,1,0
GREEN,0.2,0.3,유해란,3,14,2,0,박서현,4,4,2,1,0
GREEN,0.2,0.3,유해란,3,14,2,0,박서현,4,5,2,0,0
GREEN,0.2,0.3,유해란,3,14,2,0,박서현,4,8,2,0,0
GREEN,0.2,0.4,유해란,3,14,2,0,박서현,4,9,2,2,0
GREEN,0.2,0.4,유해란,3,14,2,0,박서현,4,11,2,0,0
GREEN,0.2,0.8,유해란,3,14,2,0,박서현,4,12,2,1,0
GREEN,0.2,0.2,유해란,3,14,2,0,박서현,4,14,2,1,0
GREEN,0.2,0.7,유해란,3,14,2,0,박서현,4,15,2,0,0
GREEN,0.2,0.5,유해란,3,14,2,0,박서현,4,17,2,1,0
FAIRWAY,159.5,158.8,유해란,3,15,5,1,이재윤,3,1,5,1,0
ROUGH,14.2,14.8,유해란,3,15,4,1,박서현,3,18,3,0,1
ROUGH,14.2,15.0,유해란,3,15,4,1,박서현,4,10,4,1,0
ROUGH,14.2,14.6,유해란,3,15,4,1,박서현,4,18,4,1,0
GREEN,1.3,0.5,유해란,3,15,3,1,이재윤,1,1,2,0,1
GREEN,1.3,0.5,유해란,3,15,3,1,이재윤,1,2,2,0,1
GREEN,1.3,1.3,유해란,3,15,3,1,이재윤,1,3,2,0,1
GREEN,1.3,0.5,유해란,3,15,3,1,이재윤,1,4,2,1,1
GREEN,1.3,0.8,유해란,3,15,3,1,이재윤,1,5,2,0,1
GREEN,1.3,0.5,유해란,3,15,3,1,이재윤,1,6,2,0,1
GREEN,1.3,0.5,유해란,3,15,3,1,이재윤,1,7,2,0,1
GREEN,1.3,1.4,유해란,3,15,3,1,이재윤,1,9,2,1,1
GREEN,1.3,0.8,유해란,3,15,3,1,이재윤,1,10,2,0,1
GREEN,1.3,0.7,유해란,3,15,3,1,이재윤,1,11,2,1,1
GREEN,1.3,0.3,유해란,3,15,3,1,이재윤,1,12,2,0,1
GREEN,1.3,0.9,유해란,3,15,3,1,이재윤,1,13,2,0,1
GREEN,1.3,1.6,유해란,3,15,3,1,이재윤,1,14,3,0,0
GREEN,1.3,0.3,유해란,3,15,3,1,이재윤,1,14,2,0,1
GREEN,1.3,1.1,유해란,3,15,3,1,이재윤,1,15,2,1,1
GREEN,1.3,2.1,유해란,3,15,3,1,이재윤,1,17,2,0,1
GREEN,1.3,0.8,유해란,3,15,3,1,이재윤,1,18,2,0,1
GREEN,1.3,0.8,유해란,3,15,3,1,이재윤,2,3,2,0,1
GREEN,1.3,2.3,유해란,3,15,3,1,이재윤,2,4,3,1,0
GREEN,1.3,0.4,유해란,3,15,3,1,이재윤,2,4,2,1,1
GREEN,1.3,0.7,유해란,3,15,3,1,이재윤,2,5,2,0,1
GREEN,1.3,1.2,유해란,3,15,3,1,이재윤,2,6,2,0,1
GREEN,1.3,0.5,유해란,3,15,3,1,이재윤,2,7,2,0,1
GREEN,1.3,1.5,유해란,3,15,3,1,이재윤,2,9,2,0,1
GREEN,1.3,1.2,유해란,3,15,3,1,이재윤,2,10,2,0,1
GREEN,1.3,1.5,유해란,3,15,3,1,이재윤,2,11,2,1,1
GREEN,1.3,0.5,유해란,3,15,3,1,이재윤,2,12,2,0,1
GREEN,1.3,1.6,유해란,3,15,3,1,이재윤,2,13,2,-1,1
GREEN,1.3,1.5,유해란,3,15,3,1,이재윤,2,14,3,1,0
GREEN,1.3,0.4,유해란,3,15,3,1,이재윤,2,14,2,1,1
GREEN,1.3,0.5,유해란,3,15,3,1,이재윤,2,15,2,1,1
GREEN,1.3,1.7,유해란,3,15,3,1,이재윤,2,16,2,0,1
GREEN,1.3,1.0,유해란,3,15,3,1,이재윤,2,17,2,0,1
GREEN,1.3,1.3,유해란,3,15,3,1,이재윤,2,18,2,0,1
GREEN,1.3,0.3,유해란,3,15,3,1,이재윤,3,1,2,1,1
GREEN,1.3,0.5,유해란,3,15,3,1,이재윤,3,2,2,0,1
GREEN,1.3,1.5,유해란,3,15,3,1,이재윤,3,4,2,0,1
GREEN,1.3,0.3,유해란,3,15,3,1,이재윤,3,5,2,0,1
GREEN,1.3,2.1,유해란,3,15,3,1,이재윤,3,6,3,0,0
GREEN,1.3,0.4,유해란,3,15,3,1,이재윤,3,6,2,0,1
GREEN,1.3,0.5,유해란,3,15,3,1,이재윤,3,7,2,0,1
GREEN,1.3,0.3,유해란,3,15,3,1,이재윤,3,8,2,0,1
GREEN,1.3,1.2,유해란,3,15,3,1,이재윤,3,9,2,0,1
GREEN,1.3,1.3,유해란,3,15,3,1,이재윤,3,10,2,1,1
GREEN,1.3,0.5,유해란,3,15,3,1,이재윤,3,11,2,0,1
GREEN,1.3,0.3,유해란,3,15,3,1,이재윤,3,13,2,1,1
GREEN,1.3,1.4,유해란,3,15,3,1,이재윤,3,15,2,0,1
GREEN,1.3,1.3,유해란,3,15,3,1,이재윤,3,17,2,0,1
GREEN,1.3,0.5,유해란,3,15,3,1,이재윤,3,18,2,0,1
GREEN,1.3,0.9,유해란,3,15,3,1,이재윤,4,1,2,0,1
GREEN,1.3,0.3,유해란,3,15,3,1,이재윤,4,2,2,1,1
GREEN,1.3,2.2,유해란,3,15,3,1,이재윤,4,3,2,0,1
GREEN,1.3,0.3,유해란,3,15,3,1,이재윤,4,5,2,0,1
GREEN,1.3,0.4,유해란,3,15,3,1,이재윤,4,8,2,0,1
GREEN,1.3,0.3,유해란,3,15,3,1,이재윤,4,9,2,0,1
GREEN,1.3,2.0,유해란,3,15,3,1,이재윤,4,10,2,0,1
GREEN,1.3,1.7,유해란,3,15,3,1,이재윤,4,11,2,0,1
GREEN,1.3,0.4,유해란,3,15,3,1,이재윤,4,12,2,0,1
GREEN,1.3,0.5,유해란,3,15,3,1,이재윤,4,13,2,0,1
GREEN,1.3,1.5,유해란,3,15,3,1,이재윤,4,14,3,1,0
GREEN,1.3,1.0,유해란,3,15,3,1,이재윤,4,14,2,1,1
GREEN,1.3,1.2,유해란,3,15,3,1,이재윤,4,15,2,0,1
GREEN,1.3,0.5,유해란,3,15,3,1,이재윤,4,16,2,0,1
GREEN,1.3,1.8,유해란,3,15,3,1,이재윤,4,17,2,0,1
GREEN,1.3,0.3,유해란,3,15,3,1,이재윤,4,18,2,0,1
GREEN,1.3,0.4,유해란,3,15,3,1,박서현,1,2,2,0,1
GREEN,1.3,1.0,유해란,3,15,3,1,박서현,1,3,2,2,1
GREEN,1.3,0.5,유해란,3,15,3,1,박서현,1,4,2,0,1
GREEN,1.3,0.5,유해란,3,15,3,1,박서현,1,5,2,0,1
GREEN,1.3,0.4,유해란,3,15,3,1,박서현,1,6,2,1,1
GREEN,1.3,0.5,유해란,3,15,3,1,박서현,1,7,2,0,1
GREEN,1.3,2.0,유해란,3,15,3,1,박서현,1,8,3,1,0
GREEN,1.3,0.5,유해란,3,15,3,1,박서현,1,8,2,1,1
GREEN,1.3,0.6,유해란,3,15,3,1,박서현,1,9,2,0,1
GREEN,1.3,0.3,유해란,3,15,3,1,박서현,1,10,2,0,1
GREEN,1.3,0.4,유해란,3,15,3,1,박서현,1,11,2,0,1
GREEN,1.3,1.1,유해란,3,15,3,1,박서현,1,13,2,1,1
GREEN,1.3,0.3,유해란,3,15,3,1,박서현,1,14,2,0,1
GREEN,1.3,0.5,유해란,3,15,3,1,박서현,1,15,2,1,1
GREEN,1.3,0.5,유해란,3,15,3,1,박서현,1,17,2,0,1
GREEN,1.3,0.3,유해란,3,15,3,1,박서현,2,1,2,0,1
GREEN,1.3,0.5,유해란,3,15,3,1,박서현,2,2,2,0,1
GREEN,1.3,0.5,유해란,3,15,3,1,박서현,2,3,2,0,1
GREEN,1.3,0.3,유해란,3,15,3,1,박서현,2,4,2,1,1
GREEN,1.3,1.2,유해란,3,15,3,1,박서현,2,5,3,1,0
GREEN,1.3,0.4,유해란,3,15,3,1,박서현,2,5,2,1,1
GREEN,1.3,0.4,유해란,3,15,3,1,박서현,2,7,2,0,1
GREEN,1.3,1.5,유해란,3,15,3,1,박서현,2,9,2,0,1
GREEN,1.3,1.5,유해란,3,15,3,1,박서현,2,11,2,1,1
GREEN,1.3,1.3,유해란,3,15,3,1,박서현,2,12,3,2,0
GREEN,1.3,0.9,유해란,3,15,3,1,박서현,2,12,2,2,1
GREEN,1.3,0.4,유해란,3,15,3,1,박서현,2,13,2,0,1
GREEN,1.3,1.0,유해란,3,15,3,1,박서현,2,14,2,1,1
GREEN,1.3,1.3,유해란,3,15,3,1,박서현,2,15,2,0,1
GREEN,1.3,1.3,유해란,3,15,3,1,박서현,2,18,2,0,1
GREEN,1.3,1.3,유해란,3,15,3,1,박서현,3,1,2,0,1
GREEN,1.3,1.4,유해란,3,15,3,1,박서현,3,2,2,0,1
GREEN,1.3,0.4,유해란,3,15,3,1,박서현,3,3,2,1,1
GREEN,1.3,0.5,유해란,3,15,3,1,박서현,3,4,2,0,1
GREEN,1.3,1.2,유해란,3,15,3,1,박서현,3,5,2,0,1
GREEN,1.3,0.3,유해란,3,15,3,1,박서현,3,6,2,0,1
GREEN,1.3,0.5,유해란,3,15,3,1,박서현,3,7,2,0,1
GREEN,1.3,0.3,유해란,3,15,3,1,박서현,3,8,2,3,1
GREEN,1.3,1.9,유해란,3,15,3,1,박서현,3,10,3,1,0
GREEN,1.3,0.9,유해란,3,15,3,1,박서현,3,10,2,1,1
GREEN,1.3,1.0,유해란,3,15,3,1,박서현,3,11,2,0,1
GREEN,1.3,1.2,유해란,3,15,3,1,박서현,3,12,2,0,1
GREEN,1.3,1.3,유해란,3,15,3,1,박서현,3,13,3,1,0
GREEN,1.3,1.0,유해란,3,15,3,1,박서현,3,13,2,1,1
GREEN,1.3,0.4,유해란,3,15,3,1,박서현,3,14,2,0,1
GREEN,1.3,1.4,유해란,3,15,3,1,박서현,3,15,2,1,1
GREEN,1.3,0.3,유해란,3,15,3,1,박서현,3,16,2,0,1
GREEN,1.3,1.9,유해란,3,15,3,1,박서현,3,17,2,0,1
GREEN,1.3,0.5,유해란,3,15,3,1,박서현,3,18,2,0,1
GREEN,1.3,1.1,유해란,3,15,3,1,박서현,4,1,2,0,1
GREEN,1.3,0.5,유해란,3,15,3,1,박서현,4,3,2,1,1
GREEN,1.3,0.3,유해란,3,15,3,1,박서현,4,4,2,1,1
GREEN,1.3,0.3,유해란,3,15,3,1,박서현,4,5,2,0,1
GREEN,1.3,0.3,유해란,3,15,3,1,박서현,4,8,2,0,1
GREEN,1.3,1.7,유해란,3,15,3,1,박서현,4,9,3,2,0
GREEN,1.3,0.4,유해란,3,15,3,1,박서현,4,9,2,2,1
GREEN,1.3,1.6,유해란,3,15,3,1,박서현,4,10,2,1,1
GREEN,1.3,0.4,유해란,3,15,3,1,박서현,4,11,2,0,1
GREEN,1.3,1.9,유해란,3,15,3,1,박서현,4,12,3,1,0
GREEN,1.3,0.8,유해란,3,15,3,1,박서현,4,12,2,1,1
GREEN,1.3,1.6,유해란,3,15,3,1,박서현,4,14,3,1,0
GREEN,1.3,0.7,유해란,3,15,3,1,박서현,4,15,2,0,1
GREEN,1.3,1.3,유해란,3,15,3,1,박서현,4,16,2,0,1
GREEN,1.3,2.2,유해란,3,15,3,1,박서현,4,17,3,1,0
GREEN,1.3,0.5,유해란,3,15,3,1,박서현,4,17,2,1,1
GREEN,1.3,1.3,유해란,3,15,3,1,박서현,4,18,2,1,1
GREEN,0.8,0.5,유해란,3,15,2,1,이재윤,1,1,2,0,0
GREEN,0.8,0.5,유해란,3,15,2,1,이재윤,1,2,2,0,0
GREEN,0.8,1.3,유해란,3,15,2,1,이재윤,1,3,2,0,0
GREEN,0.8,0.5,유해란,3,15,2,1,이재윤,1,4,2,1,0
GREEN,0.8,0.8,유해란,3,15,2,1,이재윤,1,5,2,0,0
GREEN,0.8,0.5,유해란,3,15,2,1,이재윤,1,6,2,0,0
GREEN,0.8,0.5,유해란,3,15,2,1,이재윤,1,7,2,0,0
GREEN,0.8,0.2,유해란,3,15,2,1,이재윤,1,8,2,0,0
GREEN,0.8,1.4,유해란,3,15,2,1,이재윤,1,9,2,1,0
GREEN,0.8,0.8,유해란,3,15,2,1,이재윤,1,10,2,0,0
GREEN,0.8,0.7,유해란,3,15,2,1,이재윤,1,11,2,1,0
GREEN,0.8,0.3,유해란,3,15,2,1,이재윤,1,12,2,0,0
GREEN,0.8,0.9,유해란,3,15,2,1,이재윤,1,13,2,0,0
GREEN,0.8,1.6,유해란,3,15,2,1,이재윤,1,14,3,0,-1
GREEN,0.8,0.3,유해란,3,15,2,1,이재윤,1,14,2,0,0
GREEN,0.8,1.1,유해란,3,15,2,1,이재윤,1,15,2,1,0
GREEN,0.8,0.8,유해란,3,15,2,1,이재윤,1,18,2,0,0
GREEN,0.8,0.8,유해란,3,15,2,1,이재윤,2,3,2,0,0
GREEN,0.8,0.4,유해란,3,15,2,1,이재윤,2,4,2,1,0
GREEN,0.8,0.7,유해란,3,15,2,1,이재윤,2,5,2,0,0
GREEN,0.8,1.2,유해란,3,15,2,1,이재윤,2,6,2,0,0
GREEN,0.8,0.5,유해란,3,15,2,1,이재윤,2,7,2,0,0
GREEN,0.8,0.2,유해란,3,15,2,1,이재윤,2,8,2,0,0
GREEN,0.8,1.5,유해란,3,15,2,1,이재윤,2,9,2,0,0
GREEN,0.8,1.2,유해란,3,15,2,1,이재윤,2,10,2,0,0
GREEN,0.8,1.5,유해란,3,15,2,1,이재윤,2,11,2,1,0
GREEN,0.8,0.5,유해란,3,15,2,1,이재윤,2,12,2,0,0
GREEN,0.8,1.6,유해란,3,15,2,1,이재윤,2,13,2,-1,0
GREEN,0.8,1.5,유해란,3,15,2,1,이재윤,2,14,3,1,-1
GREEN,0.8,0.4,유해란,3,15,2,1,이재윤,2,14,2,1,0
GREEN,0.8,0.5,유해란,3,15,2,1,이재윤,2,15,2,1,0
GREEN,0.8,1.7,유해란,3,15,2,1,이재윤,2,16,2,0,0
GREEN,0.8,1.0,유해란,3,15,2,1,이재윤,2,17,2,0,0
GREEN,0.8,1.3,유해란,3,15,2,1,이재윤,2,18,2,0,0
GREEN,0.8,0.3,유해란,3,15,2,1,이재윤,3,1,2,1,0
GREEN,0.8,0.5,유해란,3,15,2,1,이재윤,3,2,2,0,0
GREEN,0.8,1.5,유해란,3,15,2,1,이재윤,3,4,2,0,0
GREEN,0.8,0.3,유해란,3,15,2,1,이재윤,3,5,2,0,0
GREEN,0.8,0.4,유해란,3,15,2,1,이재윤,3,6,2,0,0
GREEN,0.8,0.5,유해란,3,15,2,1,이재윤,3,7,2,0,0
GREEN,0.8,0.3,유해란,3,15,2,1,이재윤,3,8,2,0,0
GREEN,0.8,1.2,유해란,3,15,2,1,이재윤,3,9,2,0,0
GREEN,0.8,1.3,유해란,3,15,2,1,이재윤,3,10,2,1,0
GREEN,0.8,0.5,유해란,3,15,2,1,이재윤,3,11,2,0,0
GREEN,0.8,0.3,유해란,3,15,2,1,이재윤,3,13,2,1,0
GREEN,0.8,0.2,유해란,3,15,2,1,이재윤,3,14,2,0,0
GREEN,0.8,1.4,유해란,3,15,2,1,이재윤,3,15,2,0,0
GREEN,0.8,1.3,유해란,3,15,2,1,이재윤,3,17,2,0,0
GREEN,0.8,0.5,유해란,3,15,2,1,이재윤,3,18,2,0,0
GREEN,0.8,0.9,유해란,3,15,2,1,이재윤,4,1,2,0,0
GREEN,0.8,0.3,유해란,3,15,2,1,이재윤,4,2,2,1,0
GREEN,0.8,0.3,유해란,3,15,2,1,이재윤,4,5,2,0,0
GREEN,0.8,0.4,유해란,3,15,2,1,이재윤,4,8,2,0,0
GREEN,0.8,0.3,유해란,3,15,2,1,이재윤,4,9,2,0,0
GREEN,0.8,1.7,유해란,3,15,2,1,이재윤,4,11,2,0,0
GREEN,0.8,0.4,유해란,3,15,2,1,이재윤,4,12,2,0,0
GREEN,0.8,0.5,유해란,3,15,2,1,이재윤,4,13,2,0,0
GREEN,0.8,1.5,유해란,3,15,2,1,이재윤,4,14,3,1,-1
GREEN,0.8,1.0,유해란,3,15,2,1,이재윤,4,14,2,1,0
GREEN,0.8,1.2,유해란,3,15,2,1,이재윤,4,15,2,0,0
GREEN,0.8,0.5,유해란,3,15,2,1,이재윤,4,16,2,0,0
GREEN,0.8,1.8,유해란,3,15,2,1,이재윤,4,17,2,0,0
GREEN,0.8,0.3,유해란,3,15,2,1,이재윤,4,18,2,0,0
GREEN,0.8,0.4,유해란,3,15,2,1,박서현,1,2,2,0,0
GREEN,0.8,1.0,유해란,3,15,2,1,박서현,1,3,2,2,0
GREEN,0.8,0.5,유해란,3,15,2,1,박서현,1,4,2,0,0
GREEN,0.8,0.5,유해란,3,15,2,1,박서현,1,5,2,0,0
GREEN,0.8,0.4,유해란,3,15,2,1,박서현,1,6,2,1,0
GREEN,0.8,0.5,유해란,3,15,2,1,박서현,1,7,2,0,0
GREEN,0.8,0.5,유해란,3,15,2,1,박서현,1,8,2,1,0
GREEN,0.8,0.6,유해란,3,15,2,1,박서현,1,9,2,0,0
GREEN,0.8,0.3,유해란,3,15,2,1,박서현,1,10,2,0,0
GREEN,0.8,0.4,유해란,3,15,2,1,박서현,1,11,2,0,0
GREEN,0.8,1.1,유해란,3,15,2,1,박서현,1,13,2,1,0
GREEN,0.8,0.3,유해란,3,15,2,1,박서현,1,14,2,0,0
GREEN,0.8,0.5,유해란,3,15,2,1,박서현,1,15,2,1,0
GREEN,0.8,0.5,유해란,3,15,2,1,박서현,1,17,2,0,0
GREEN,0.8,0.3,유해란,3,15,2,1,박서현,2,1,2,0,0
GREEN,0.8,0.5,유해란,3,15,2,1,박서현,2,2,2,0,0
GREEN,0.8,0.5,유해란,3,15,2,1,박서현,2,3,2,0,0
GREEN,0.8,0.3,유해란,3,15,2,1,박서현,2,4,2,1,0
GREEN,0.8,1.2,유해란,3,15,2,1,박서현,2,5,3,1,-1
GREEN,0.8,0.4,유해란,3,15,2,1,박서현,2,5,2,1,0
GREEN,0.8,0.4,유해란,3,15,2,1,박서현,2,7,2,0,0
GREEN,0.8,1.5,유해란,3,15,2,1,박서현,2,9,2,0,0
GREEN,0.8,0.2,유해란,3,15,2,1,박서현,2,10,2,0,0
GREEN,0.8,1.5,유해란,3,15,2,1,박서현,2,11,2,1,0
GREEN,0.8,1.3,유해란,3,15,2,1,박서현,2,12,3,2,-1
GREEN,0.8,0.9,유해란,3,15,2,1,박서현,2,12,2,2,0
GREEN,0.8,0.4,유해란,3,15,2,1,박서현,2,13,2,0,0
GREEN,0.8,1.0,유해란,3,15,2,1,박서현,2,14,2,1,0
GREEN,0.8,1.3,유해란,3,15,2,1,박서현,2,15,2,0,0
GREEN,0.8,0.2,유해란,3,15,2,1,박서현,2,17,2,0,0
GREEN,0.8,1.3,유해란,3,15,2,1,박서현,2,18,2,0,0
GREEN,0.8,1.3,유해란,3,15,2,1,박서현,3,1,2,0,0
GREEN,0.8,1.4,유해란,3,15,2,1,박서현,3,2,2,0,0
GREEN,0.8,0.4,유해란,3,15,2,1,박서현,3,3,2,1,0
GREEN,0.8,0.5,유해란,3,15,2,1,박서현,3,4,2,0,0
GREEN,0.8,1.2,유해란,3,15,2,1,박서현,3,5,2,0,0
GREEN,0.8,0.3,유해란,3,15,2,1,박서현,3,6,2,0,0
GREEN,0.8,0.5,유해란,3,15,2,1,박서현,3,7,2,0,0
GREEN,0.8,0.3,유해란,3,15,2,1,박서현,3,8,2,3,0
GREEN,0.8,0.2,유해란,3,15,2,1,박서현,3,9,2,2,0
GREEN,0.8,0.9,유해란,3,15,2,1,박서현,3,10,2,1,0
GREEN,0.8,1.0,유해란,3,15,2,1,박서현,3,11,2,0,0
GREEN,0.8,1.2,유해란,3,15,2,1,박서현,3,12,2,0,0
GREEN,0.8,1.3,유해란,3,15,2,1,박서현,3,13,3,1,-1
GREEN,0.8,1.0,유해란,3,15,2,1,박서현,3,13,2,1,0
GREEN,0.8,0.4,유해란,3,15,2,1,박서현,3,14,2,0,0
GREEN,0.8,1.4,유해란,3,15,2,1,박서현,3,15,2,1,0
GREEN,0.8,0.3,유해란,3,15,2,1,박서현,3,16,2,0,0
GREEN,0.8,0.5,유해란,3,15,2,1,박서현,3,18,2,0,0
GREEN,0.8,1.1,유해란,3,15,2,1,박서현,4,1,2,0,0
GREEN,0.8,0.2,유해란,3,15,2,1,박서현,4,2,2,0,0
GREEN,0.8,0.5,유해란,3,15,2,1,박서현,4,3,2,1,0
GREEN,0.8,0.3,유해란,3,15,2,1,박서현,4,4,2,1,0
GREEN,0.8,0.3,유해란,3,15,2,1,박서현,4,5,2,0,0
GREEN,0.8,0.3,유해란,3,15,2,1,박서현,4,8,2,0,0
GREEN,0.8,1.7,유해란,3,15,2,1,박서현,4,9,3,2,-1
GREEN,0.8,0.4,유해란,3,15,2,1,박서현,4,9,2,2,0
GREEN,0.8,1.6,유해란,3,15,2,1,박서현,4,10,2,1,0
GREEN,0.8,0.4,유해란,3,15,2,1,박서현,4,11,2,0,0
GREEN,0.8,0.8,유해란,3,15,2,1,박서현,4,12,2,1,0
GREEN,0.8,1.6,유해란,3,15,2,1,박서현,4,14,3,1,-1
GREEN,0.8,0.2,유해란,3,15,2,1,박서현,4,14,2,1,0
GREEN,0.8,0.7,유해란,3,15,2,1,박서현,4,15,2,0,0
GREEN,0.8,1.3,유해란,3,15,2,1,박서현,4,16,2,0,0
GREEN,0.8,0.5,유해란,3,15,2,1,박서현,4,17,2,1,0
GREEN,0.8,1.3,유해란,3,15,2,1,박서현,4,18,2,1,0
GREEN,5.4,5.3,유해란,3,16,3,0,이재윤,1,1,3,0,0
GREEN,5.4,5.2,유해란,3,16,3,0,이재윤,2,1,2,0,1
GREEN,5.4,6.1,유해란,3,16,3,0,이재윤,3,2,3,0,0
GREEN,5.4,6.2,유해란,3,16,3,0,이재윤,3,11,3,0,0
GREEN,5.4,5.9,유해란,3,16,3,0,이재윤,3,16,2,-1,1
GREEN,5.4,4.5,유해란,3,16,3,0,이재윤,4,11,3,0,0
GREEN,5.4,5.0,유해란,3,16,3,0,이재윤,4,16,3,0,0
GREEN,5.4,5.9,유해란,3,16,3,0,박서현,1,4,3,0,0
GREEN,5.4,4.8,유해란,3,16,3,0,박서현,1,17,3,0,0
GREEN,5.4,6.1,유해란,3,16,3,0,박서현,2,2,3,0,0
GREEN,5.4,5.3,유해란,3,16,3,0,박서현,2,3,3,0,0
GREEN,5.4,6.1,유해란,3,16,3,0,박서현,2,4,3,1,0
GREEN,5.4,5.1,유해란,3,16,3,0,박서현,2,17,3,0,0
GREEN,5.4,5.6,유해란,3,16,3,0,박서현,3,1,3,0,0
GREEN,5.4,4.6,유해란,3,16,3,0,박서현,3,4,3,0,0
GREEN,5.4,4.8,유해란,3,16,3,0,박서현,3,13,4,1,-1
GREEN,5.4,5.4,유해란,3,16,3,0,박서현,3,14,3,0,0
GREEN,5.4,5.6,유해란,3,16,3,0,박서현,3,16,3,0,0
GREEN,5.4,6.2,유해란,3,16,3,0,박서현,4,7,2,-1,1
GREEN,5.4,5.5,유해란,3,16,3,0,박서현,4,10,3,1,0
GREEN,5.4,4.5,유해란,3,16,3,0,박서현,4,11,3,0,0
GREEN,0.2,0.5,유해란,3,16,2,0,이재윤,1,1,2,0,0
GREEN,0.2,0.5,유해란,3,16,2,0,이재윤,1,2,2,0,0
GREEN,0.2,0.5,유해란,3,16,2,0,이재윤,1,4,2,1,0
GREEN,0.2,0.8,유해란,3,16,2,0,이재윤,1,5,2,0,0
GREEN,0.2,0.5,유해란,3,16,2,0,이재윤,1,6,2,0,0
GREEN,0.2,0.5,유해란,3,16,2,0,이재윤,1,7,2,0,0
GREEN,0.2,0.2,유해란,3,16,2,0,이재윤,1,8,2,0,0
GREEN,0.2,0.8,유해란,3,16,2,0,이재윤,1,10,2,0,0
GREEN,0.2,0.7,유해란,3,16,2,0,이재윤,1,11,2,1,0
GREEN,0.2,0.3,유해란,3,16,2,0,이재윤,1,12,2,0,0
GREEN,0.2,0.9,유해란,3,16,2,0,이재윤,1,13,2,0,0
GREEN,0.2,0.3,유해란,3,16,2,0,이재윤,1,14,2,0,0
GREEN,0.2,1.1,유해란,3,16,2,0,이재윤,1,15,2,1,0
GREEN,0.2,0.8,유해란,3,16,2,0,이재윤,1,18,2,0,0
GREEN,0.2,0.8,유해란,3,16,2,0,이재윤,2,3,2,0,0
GREEN,0.2,0.4,유해란,3,16,2,0,이재윤,2,4,2,1,0
GREEN,0.2,0.7,유해란,3,16,2,0,이재윤,2,5,2,0,0
GREEN,0.2,1.2,유해란,3,16,2,0,이재윤,2,6,2,0,0
GREEN,0.2,0.5,유해란,3,16,2,0,이재윤,2,7,2,0,0
GREEN,0.2,0.2,유해란,3,16,2,0,이재윤,2,8,2,0,0
GREEN,0.2,1.2,유해란,3,16,2,0,이재윤,2,10,2,0,0
GREEN,0.2,0.5,유해란,3,16,2,0,이재윤,2,12,2,0,0
GREEN,0.2,0.4,유해란,3,16,2,0,이재윤,2,14,2,1,0
GREEN,0.2,0.5,유해란,3,16,2,0,이재윤,2,15,2,1,0
GREEN,0.2,1.0,유해란,3,16,2,0,이재윤,2,17,2,0,0
GREEN,0.2,0.3,유해란,3,16,2,0,이재윤,3,1,2,1,0
GREEN,0.2,0.5,유해란,3,16,2,0,이재윤,3,2,2,0,0
GREEN,0.2,0.3,유해란,3,16,2,0,이재윤,3,5,2,0,0
GREEN,0.2,0.4,유해란,3,16,2,0,이재윤,3,6,2,0,0
GREEN,0.2,0.5,유해란,3,16,2,0,이재윤,3,7,2,0,0
GREEN,0.2,0.3,유해란,3,16,2,0,이재윤,3,8,2,0,0
GREEN,0.2,1.2,유해란,3,16,2,0,이재윤,3,9,2,0,0
GREEN,0.2,0.5,유해란,3,16,2,0,이재윤,3,11,2,0,0
GREEN,0.2,0.3,유해란,3,16,2,0,이재윤,3,13,2,1,0
GREEN,0.2,0.2,유해란,3,16,2,0,이재윤,3,14,2,0,0
GREEN,0.2,0.5,유해란,3,16,2,0,이재윤,3,18,2,0,0
GREEN,0.2,0.9,유해란,3,16,2,0,이재윤,4,1,2,0,0
GREEN,0.2,0.3,유해란,3,16,2,0,이재윤,4,2,2,1,0
GREEN,0.2,0.3,유해란,3,16,2,0,이재윤,4,5,2,0,0
GREEN,0.2,0.4,유해란,3,16,2,0,이재윤,4,8,2,0,0
GREEN,0.2,0.3,유해란,3,16,2,0,이재윤,4,9,2,0,0
GREEN,0.2,0.4,유해란,3,16,2,0,이재윤,4,12,2,0,0
GREEN,0.2,0.5,유해란,3,16,2,0,이재윤,4,13,2,0,0
GREEN,0.2,1.0,유해란,3,16,2,0,이재윤,4,14,2,1,0
GREEN,0.2,1.2,유해란,3,16,2,0,이재윤,4,15,2,0,0
GREEN,0.2,0.5,유해란,3,16,2,0,이재윤,4,16,2,0,0
GREEN,0.2,0.3,유해란,3,16,2,0,이재윤,4,18,2,0,0
GREEN,0.2,0.4,유해란,3,16,2,0,박서현,1,2,2,0,0
GREEN,0.2,1.0,유해란,3,16,2,0,박서현,1,3,2,2,0
GREEN,0.2,0.5,유해란,3,16,2,0,박서현,1,4,2,0,0
GREEN,0.2,0.5,유해란,3,16,2,0,박서현,1,5,2,0,0
GREEN,0.2,0.4,유해란,3,16,2,0,박서현,1,6,2,1,0
GREEN,0.2,0.5,유해란,3,16,2,0,박서현,1,7,2,0,0
GREEN,0.2,0.5,유해란,3,16,2,0,박서현,1,8,2,1,0
GREEN,0.2,0.6,유해란,3,16,2,0,박서현,1,9,2,0,0
GREEN,0.2,0.3,유해란,3,16,2,0,박서현,1,10,2,0,0
GREEN,0.2,0.4,유해란,3,16,2,0,박서현,1,11,2,0,0
GREEN,0.2,1.1,유해란,3,16,2,0,박서현,1,13,2,1,0
GREEN,0.2,0.3,유해란,3,16,2,0,박서현,1,14,2,0,0
GREEN,0.2,0.5,유해란,3,16,2,0,박서현,1,15,2,1,0
GREEN,0.2,0.5,유해란,3,16,2,0,박서현,1,17,2,0,0
GREEN,0.2,0.3,유해란,3,16,2,0,박서현,2,1,2,0,0
GREEN,0.2,0.5,유해란,3,16,2,0,박서현,2,2,2,0,0
GREEN,0.2,0.5,유해란,3,16,2,0,박서현,2,3,2,0,0
GREEN,0.2,0.3,유해란,3,16,2,0,박서현,2,4,2,1,0
GREEN,0.2,1.2,유해란,3,16,2,0,박서현,2,5,3,1,-1
GREEN,0.2,0.4,유해란,3,16,2,0,박서현,2,5,2,1,0
GREEN,0.2,0.4,유해란,3,16,2,0,박서현,2,7,2,0,0
GREEN,0.2,0.2,유해란,3,16,2,0,박서현,2,10,2,0,0
GREEN,0.2,0.9,유해란,3,16,2,0,박서현,2,12,2,2,0
GREEN,0.2,0.4,유해란,3,16,2,0,박서현,2,13,2,0,0
GREEN,0.2,1.0,유해란,3,16,2,0,박서현,2,14,2,1,0
GREEN,0.2,0.2,유해란,3,16,2,0,박서현,2,17,2,0,0
GREEN,0.2,0.4,유해란,3,16,2,0,박서현,3,3,2,1,0
GREEN,0.2,0.5,유해란,3,16,2,0,박서현,3,4,2,0,0
GREEN,0.2,1.2,유해란,3,16,2,0,박서현,3,5,2,0,0
GREEN,0.2,0.3,유해란,3,16,2,0,박서현,3,6,2,0,0
GREEN,0.2,0.5,유해란,3,16,2,0,박서현,3,7,2,0,0
GREEN,0.2,0.3,유해란,3,16,2,0,박서현,3,8,2,3,0
GREEN,0.2,0.2,유해란,3,16,2,0,박서현,3,9,2,2,0
GREEN,0.2,0.9,유해란,3,16,2,0,박서현,3,10,2,1,0
GREEN,0.2,1.0,유해란,3,16,2,0,박서현,3,11,2,0,0
GREEN,0.2,1.2,유해란,3,16,2,0,박서현,3,12,2,0,0
GREEN,0.2,1.0,유해란,3,16,2,0,박서현,3,13,2,1,0
GREEN,0.2,0.4,유해란,3,16,2,0,박서현,3,14,2,0,0
GREEN,0.2,0.3,유해란,3,16,2,0,박서현,3,16,2,0,0
GREEN,0.2,0.5,유해란,3,16,2,0,박서현,3,18,2,0,0
GREEN,0.2,1.1,유해란,3,16,2,0,박서현,4,1,2,0,0
GREEN,0.2,0.2,유해란,3,16,2,0,박서현,4,2,2,0,0
GREEN,0.2,0.5,유해란,3,16,2,0,박서현,4,3,2,1,0
GREEN,0.2,0.3,유해란,3,16,2,0,박서현,4,4,2,1,0
GREEN,0.2,0.3,유해란,3,16,2,0,박서현,4,5,2,0,0
GREEN,0.2,0.3,유해란,3,16,2,0,박서현,4,8,2,0,0
GREEN,0.2,0.4,유해란,3,16,2,0,박서현,4,9,2,2,0
GREEN,0.2,0.4,유해란,3,16,2,0,박서현,4,11,2,0,0
GREEN,0.2,0.8,유해란,3,16,2,0,박서현,4,12,2,1,0
GREEN,0.2,0.2,유해란,3,16,2,0,박서현,4,14,2,1,0
GREEN,0.2,0.7,유해란,3,16,2,0,박서현,4,15,2,0,0
GREEN,0.2,0.5,유해란,3,16,2,0,박서현,4,17,2,1,0
GREEN,15.7,16.2,유해란,3,17,2,-1,이재윤,1,3,3,0,-1
GREEN,15.7,15.5,유해란,3,17,2,-1,이재윤,1,10,3,0,-1
GREEN,15.7,16.5,유해란,3,17,2,-1,이재윤,3,1,4,1,-2
GREEN,15.7,15.7,유해란,3,17,2,-1,이재윤,3,8,3,0,-1
GREEN,15.7,14.8,유해란,3,17,2,-1,이재윤,4,10,3,0,-1
GREEN,15.7,15.0,유해란,3,17,2,-1,박서현,2,12,4,2,-2
GREEN,15.7,14.8,유해란,3,17,2,-1,박서현,3,5,3,0,-1
GREEN,15.7,15.4,유해란,3,17,2,-1,박서현,4,17,4,1,-2
FAIRWAY,247.0,247.4,유해란,3,18,4,-1,이재윤,1,7,5,0,-1
GREEN,1.0,0.5,유해란,3,18,2,-1,이재윤,1,1,2,0,0
GREEN,1.0,0.5,유해란,3,18,2,-1,이재윤,1,2,2,0,0
GREEN,1.0,1.3,유해란,3,18,2,-1,이재윤,1,3,2,0,0
GREEN,1.0,0.5,유해란,3,18,2,-1,이재윤,1,4,2,1,0
GREEN,1.0,0.8,유해란,3,18,2,-1,이재윤,1,5,2,0,0
GREEN,1.0,0.5,유해란,3,18,2,-1,이재윤,1,6,2,0,0
GREEN,1.0,0.5,유해란,3,18,2,-1,이재윤,1,7,2,0,0
GREEN,1.0,0.2,유해란,3,18,2,-1,이재윤,1,8,2,0,0
GREEN,1.0,1.4,유해란,3,18,2,-1,이재윤,1,9,2,1,0
GREEN,1.0,0.8,유해란,3,18,2,-1,이재윤,1,10,2,0,0
GREEN,1.0,0.7,유해란,3,18,2,-1,이재윤,1,11,2,1,0
GREEN,1.0,0.3,유해란,3,18,2,-1,이재윤,1,12,2,0,0
GREEN,1.0,0.9,유해란,3,18,2,-1,이재윤,1,13,2,0,0
GREEN,1.0,1.6,유해란,3,18,2,-1,이재윤,1,14,3,0,-1
GREEN,1.0,0.3,유해란,3,18,2,-1,이재윤,1,14,2,0,0
GREEN,1.0,1.1,유해란,3,18,2,-1,이재윤,1,15,2,1,0
GREEN,1.0,0.8,유해란,3,18,2,-1,이재윤,1,18,2,0,0
GREEN,1.0,0.8,유해란,3,18,2,-1,이재윤,2,3,2,0,0
GREEN,1.0,0.4,유해란,3,18,2,-1,이재윤,2,4,2,1,0
GREEN,1.0,0.7,유해란,3,18,2,-1,이재윤,2,5,2,0,0
GREEN,1.0,1.2,유해란,3,18,2,-1,이재윤,2,6,2,0,0
GREEN,1.0,0.5,유해란,3,18,2,-1,이재윤,2,7,2,0,0
GREEN,1.0,0.2,유해란,3,18,2,-1,이재윤,2,8,2,0,0
GREEN,1.0,1.5,유해란,3,18,2,-1,이재윤,2,9,2,0,0
GREEN,1.0,1.2,유해란,3,18,2,-1,이재윤,2,10,2,0,0
GREEN,1.0,1.5,유해란,3,18,2,-1,이재윤,2,11,2,1,0
GREEN,1.0,0.5,유해란,3,18,2,-1,이재윤,2,12,2,0,0
GREEN,1.0,1.6,유해란,3,18,2,-1,이재윤,2,13,2,-1,0
GREEN,1.0,1.5,유해란,3,18,2,-1,이재윤,2,14,3,1,-1
GREEN,1.0,0.4,유해란,3,18,2,-1,이재윤,2,14,2,1,0
GREEN,1.0,0.5,유해란,3,18,2,-1,이재윤,2,15,2,1,0
GREEN,1.0,1.7,유해란,3,18,2,-1,이재윤,2,16,2,0,0
GREEN,1.0,1.0,유해란,3,18,2,-1,이재윤,2,17,2,0,0
GREEN,1.0,1.3,유해란,3,18,2,-1,이재윤,2,18,2,0,0
GREEN,1.0,0.3,유해란,3,18,2,-1,이재윤,3,1,2,1,0
GREEN,1.0,0.5,유해란,3,18,2,-1,이재윤,3,2,2,0,0
GREEN,1.0,1.5,유해란,3,18,2,-1,이재윤,3,4,2,0,0
GREEN,1.0,0.3,유해란,3,18,2,-1,이재윤,3,5,2,0,0
GREEN,1.0,0.4,유해란,3,18,2,-1,이재윤,3,6,2,0,0
GREEN,1.0,0.5,유해란,3,18,2,-1,이재윤,3,7,2,0,0
GREEN,1.0,0.3,유해란,3,18,2,-1,이재윤,3,8,2,0,0
GREEN,1.0,1.2,유해란,3,18,2,-1,이재윤,3,9,2,0,0
GREEN,1.0,1.3,유해란,3,18,2,-1,이재윤,3,10,2,1,0
GREEN,1.0,0.5,유해란,3,18,2,-1,이재윤,3,11,2,0,0
GREEN,1.0,0.3,유해란,3,18,2,-1,이재윤,3,13,2,1,0
GREEN,1.0,0.2,유해란,3,18,2,-1,이재윤,3,14,2,0,0
GREEN,1.0,1.4,유해란,3,18,2,-1,이재윤,3,15,2,0,0
GREEN,1.0,1.3,유해란,3,18,2,-1,이재윤,3,17,2,0,0
GREEN,1.0,0.5,유해란,3,18,2,-1,이재윤,3,18,2,0,0
GREEN,1.0,0.9,유해란,3,18,2,-1,이재윤,4,1,2,0,0
GREEN,1.0,0.3,유해란,3,18,2,-1,이재윤,4,2,2,1,0
GREEN,1.0,0.3,유해란,3,18,2,-1,이재윤,4,5,2,0,0
GREEN,1.0,0.4,유해란,3,18,2,-1,이재윤,4,8,2,0,0
GREEN,1.0,0.3,유해란,3,18,2,-1,이재윤,4,9,2,0,0
GREEN,1.0,2.0,유해란,3,18,2,-1,이재윤,4,10,2,0,0
GREEN,1.0,1.7,유해란,3,18,2,-1,이재윤,4,11,2,0,0
GREEN,1.0,0.4,유해란,3,18,2,-1,이재윤,4,12,2,0,0
GREEN,1.0,0.5,유해란,3,18,2,-1,이재윤,4,13,2,0,0
GREEN,1.0,1.5,유해란,3,18,2,-1,이재윤,4,14,3,1,-1
GREEN,1.0,1.0,유해란,3,18,2,-1,이재윤,4,14,2,1,0
GREEN,1.0,1.2,유해란,3,18,2,-1,이재윤,4,15,2,0,0
GREEN,1.0,0.5,유해란,3,18,2,-1,이재윤,4,16,2,0,0
GREEN,1.0,1.8,유해란,3,18,2,-1,이재윤,4,17,2,0,0
GREEN,1.0,0.3,유해란,3,18,2,-1,이재윤,4,18,2,0,0
GREEN,1.0,0.4,유해란,3,18,2,-1,박서현,1,2,2,0,0
GREEN,1.0,1.0,유해란,3,18,2,-1,박서현,1,3,2,2,0
GREEN,1.0,0.5,유해란,3,18,2,-1,박서현,1,4,2,0,0
GREEN,1.0,0.5,유해란,3,18,2,-1,박서현,1,5,2,0,0
GREEN,1.0,0.4,유해란,3,18,2,-1,박서현,1,6,2,1,0
GREEN,1.0,0.5,유해란,3,18,2,-1,박서현,1,7,2,0,0
GREEN,1.0,2.0,유해란,3,18,2,-1,박서현,1,8,3,1,-1
GREEN,1.0,0.5,유해란,3,18,2,-1,박서현,1,8,2,1,0
GREEN,1.0,0.6,유해란,3,18,2,-1,박서현,1,9,2,0,0
GREEN,1.0,0.3,유해란,3,18,2,-1,박서현,1,10,2,0,0
GREEN,1.0,0.4,유해란,3,18,2,-1,박서현,1,11,2,0,0
GREEN,1.0,1.1,유해란,3,18,2,-1,박서현,1,13,2,1,0
GREEN,1.0,0.3,유해란,3,18,2,-1,박서현,1,14,2,0,0
GREEN,1.0,0.5,유해란,3,18,2,-1,박서현,1,15,2,1,0
GREEN,1.0,0.5,유해란,3,18,2,-1,박서현,1,17,2,0,0
GREEN,1.0,0.3,유해란,3,18,2,-1,박서현,2,1,2,0,0
GREEN,1.0,0.5,유해란,3,18,2,-1,박서현,2,2,2,0,0
GREEN,1.0,0.5,유해란,3,18,2,-1,박서현,2,3,2,0,0
GREEN,1.0,0.3,유해란,3,18,2,-1,박서현,2,4,2,1,0
GREEN,1.0,1.2,유해란,3,18,2,-1,박서현,2,5,3,1,-1
GREEN,1.0,0.4,유해란,3,18,2,-1,박서현,2,5,2,1,0
GREEN,1.0,0.4,유해란,3,18,2,-1,박서현,2,7,2,0,0
GREEN,1.0,1.5,유해란,3,18,2,-1,박서현,2,9,2,0,0
GREEN,1.0,0.2,유해란,3,18,2,-1,박서현,2,10,2,0,0
GREEN,1.0,1.5,유해란,3,18,2,-1,박서현,2,11,2,1,0
GREEN,1.0,1.3,유해란,3,18,2,-1,박서현,2,12,3,2,-1
GREEN,1.0,0.9,유해란,3,18,2,-1,박서현,2,12,2,2,0
GREEN,1.0,0.4,유해란,3,18,2,-1,박서현,2,13,2,0,0
GREEN,1.0,1.0,유해란,3,18,2,-1,박서현,2,14,2,1,0
GREEN,1.0,1.3,유해란,3,18,2,-1,박서현,2,15,2,0,0
GREEN,1.0,0.2,유해란,3,18,2,-1,박서현,2,17,2,0,0
GREEN,1.0,1.3,유해란,3,18,2,-1,박서현,2,18,2,0,0
GREEN,1.0,1.3,유해란,3,18,2,-1,박서현,3,1,2,0,0
GREEN,1.0,1.4,유해란,3,18,2,-1,박서현,3,2,2,0,0
GREEN,1.0,0.4,유해란,3,18,2,-1,박서현,3,3,2,1,0
GREEN,1.0,0.5,유해란,3,18,2,-1,박서현,3,4,2,0,0
GREEN,1.0,1.2,유해란,3,18,2,-1,박서현,3,5,2,0,0
GREEN,1.0,0.3,유해란,3,18,2,-1,박서현,3,6,2,0,0
GREEN,1.0,0.5,유해란,3,18,2,-1,박서현,3,7,2,0,0
GREEN,1.0,0.3,유해란,3,18,2,-1,박서현,3,8,2,3,0
GREEN,1.0,0.2,유해란,3,18,2,-1,박서현,3,9,2,2,0
GREEN,1.0,1.9,유해란,3,18,2,-1,박서현,3,10,3,1,-1
GREEN,1.0,0.9,유해란,3,18,2,-1,박서현,3,10,2,1,0
GREEN,1.0,1.0,유해란,3,18,2,-1,박서현,3,11,2,0,0
GREEN,1.0,1.2,유해란,3,18,2,-1,박서현,3,12,2,0,0
GREEN,1.0,1.3,유해란,3,18,2,-1,박서현,3,13,3,1,-1
GREEN,1.0,1.0,유해란,3,18,2,-1,박서현,3,13,2,1,0
GREEN,1.0,0.4,유해란,3,18,2,-1,박서현,3,14,2,0,0
GREEN,1.0,1.4,유해란,3,18,2,-1,박서현,3,15,2,1,0
GREEN,1.0,0.3,유해란,3,18,2,-1,박서현,3,16,2,0,0
GREEN,1.0,1.9,유해란,3,18,2,-1,박서현,3,17,2,0,0
GREEN,1.0,0.5,유해란,3,18,2,-1,박서현,3,18,2,0,0
GREEN,1.0,1.1,유해란,3,18,2,-1,박서현,4,1,2,0,0
GREEN,1.0,0.2,유해란,3,18,2,-1,박서현,4,2,2,0,0
GREEN,1.0,0.5,유해란,3,18,2,-1,박서현,4,3,2,1,0
GREEN,1.0,0.3,유해란,3,18,2,-1,박서현,4,4,2,1,0
GREEN,1.0,0.3,유해란,3,18,2,-1,박서현,4,5,2,0,0
GREEN,1.0,0.3,유해란,3,18,2,-1,박서현,4,8,2,0,0
GREEN,1.0,1.7,유해란,3,18,2,-1,박서현,4,9,3,2,-1
GREEN,1.0,0.4,유해란,3,18,2,-1,박서현,4,9,2,2,0
GREEN,1.0,1.6,유해란,3,18,2,-1,박서현,4,10,2,1,0
GREEN,1.0,0.4,유해란,3,18,2,-1,박서현,4,11,2,0,0
GREEN,1.0,1.9,유해란,3,18,2,-1,박서현,4,12,3,1,-1
GREEN,1.0,0.8,유해란,3,18,2,-1,박서현,4,12,2,1,0
GREEN,1.0,1.6,유해란,3,18,2,-1,박서현,4,14,3,1,-1
GREEN,1.0,0.2,유해란,3,18,2,-1,박서현,4,14,2,1,0
GREEN,1.0,0.7,유해란,3,18,2,-1,박서현,4,15,2,0,0
GREEN,1.0,1.3,유해란,3,18,2,-1,박서현,4,16,2,0,0
GREEN,1.0,0.5,유해란,3,18,2,-1,박서현,4,17,2,1,0
GREEN,1.0,1.3,유해란,3,18,2,-1,박서현,4,18,2,1,0
FAIRWAY,153.8,154.8,유해란,4,1,4,0,박서현,3,14,4,0,0
GREEN,5.4,5.3,유해란,4,1,3,0,이재윤,1,1,3,0,0
GREEN,5.4,5.2,유해란,4,1,3,0,이재윤,2,1,2,0,1
GREEN,5.4,6.1,유해란,4,1,3,0,이재윤,3,2,3,0,0
GREEN,5.4,6.2,유해란,4,1,3,0,이재윤,3,11,3,0,0
GREEN,5.4,5.9,유해란,4,1,3,0,이재윤,3,16,2,-1,1
GREEN,5.4,4.5,유해란,4,1,3,0,이재윤,4,11,3,0,0
GREEN,5.4,5.0,유해란,4,1,3,0,이재윤,4,16,3,0,0
GREEN,5.4,5.9,유해란,4,1,3,0,박서현,1,4,3,0,0
GREEN,5.4,4.8,유해란,4,1,3,0,박서현,1,17,3,0,0
GREEN,5.4,6.1,유해란,4,1,3,0,박서현,2,2,3,0,0
GREEN,5.4,5.3,유해란,4,1,3,0,박서현,2,3,3,0,0
GREEN,5.4,6.1,유해란,4,1,3,0,박서현,2,4,3,1,0
GREEN,5.4,5.1,유해란,4,1,3,0,박서현,2,17,3,0,0
GREEN,5.4,5.6,유해란,4,1,3,0,박서현,3,1,3,0,0
GREEN,5.4,4.6,유해란,4,1,3,0,박서현,3,4,3,0,0
GREEN,5.4,4.8,유해란,4,1,3,0,박서현,3,13,4,1,-1
GREEN,5.4,5.4,유해란,4,1,3,0,박서현,3,14,3,0,0
GREEN,5.4,5.6,유해란,4,1,3,0,박서현,3,16,3,0,0
GREEN,5.4,6.2,유해란,4,1,3,0,박서현,4,7,2,-1,1
GREEN,5.4,5.5,유해란,4,1,3,0,박서현,4,10,3,1,0
GREEN,5.4,4.5,유해란,4,1,3,0,박서현,4,11,3,0,0
GREEN,0.3,0.5,유해란,4,1,2,0,이재윤,1,1,2,0,0
GREEN,0.3,0.5,유해란,4,1,2,0,이재윤,1,2,2,0,0
GREEN,0.3,1.3,유해란,4,1,2,0,이재윤,1,3,2,0,0
GREEN,0.3,0.5,유해란,4,1,2,0,이재윤,1,4,2,1,0
GREEN,0.3,0.8,유해란,4,1,2,0,이재윤,1,5,2,0,0
GREEN,0.3,0.5,유해란,4,1,2,0,이재윤,1,6,2,0,0
GREEN,0.3,0.5,유해란,4,1,2,0,이재윤,1,7,2,0,0
GREEN,0.3,0.2,유해란,4,1,2,0,이재윤,1,8,2,0,0
GREEN,0.3,0.8,유해란,4,1,2,0,이재윤,1,10,2,0,0
GREEN,0.3,0.7,유해란,4,1,2,0,이재윤,1,11,2,1,0
GREEN,0.3,0.3,유해란,4,1,2,0,이재윤,1,12,2,0,0
GREEN,0.3,0.9,유해란,4,1,2,0,이재윤,1,13,2,0,0
GREEN,0.3,0.3,유해란,4,1,2,0,이재윤,1,14,2,0,0
GREEN,0.3,1.1,유해란,4,1,2,0,이재윤,1,15,2,1,0
GREEN,0.3,0.8,유해란,4,1,2,0,이재윤,1,18,2,0,0
GREEN,0.3,0.8,유해란,4,1,2,0,이재윤,2,3,2,0,0
GREEN,0.3,0.4,유해란,4,1,2,0,이재윤,2,4,2,1,0
GREEN,0.3,0.7,유해란,4,1,2,0,이재윤,2,5,2,0,0
GREEN,0.3,1.2,유해란,4,1,2,0,이재윤,2,6,2,0,0
GREEN,0.3,0.5,유해란,4,1,2,0,이재윤,2,7,2,0,0
GREEN,0.3,0.2,유해란,4,1,2,0,이재윤,2,8,2,0,0
GREEN,0.3,1.2,유해란,4,1,2,0,이재윤,2,10,2,0,0
GREEN,0.3,0.5,유해란,4,1,2,0,이재윤,2,12,2,0,0
GREEN,0.3,0.4,유해란,4,1,2,0,이재윤,2,14,2,1,0
GREEN,0.3,0.5,유해란,4,1,2,0,이재윤,2,15,2,1,0
GREEN,0.3,1.0,유해란,4,1,2,0,이재윤,2,17,2,0,0
GREEN,0.3,1.3,유해란,4,1,2,0,이재윤,2,18,2,0,0
GREEN,0.3,0.3,유해란,4,1,2,0,이재윤,3,1,2,1,0
GREEN,0.3,0.5,유해란,4,1,2,0,이재윤,3,2,2,0,0
GREEN,0.3,0.3,유해란,4,1,2,0,이재윤,3,5,2,0,0
GREEN,0.3,0.4,유해란,4,1,2,0,이재윤,3,6,2,0,0
GREEN,0.3,0.5,유해란,4,1,2,0,이재윤,3,7,2,0,0
GREEN,0.3,0.3,유해란,4,1,2,0,이재윤,3,8,2,0,0
GREEN,0.3,1.2,유해란,4,1,2,0,이재윤,3,9,2,0,0
GREEN,0.3,1.3,유해란,4,1,2,0,이재윤,3,10,2,1,0
GREEN,0.3,0.5,유해란,4,1,2,0,이재윤,3,11,2,0,0
GREEN,0.3,0.3,유해란,4,1,2,0,이재윤,3,13,2,1,0
GREEN,0.3,0.2,유해란,4,1,2,0,이재윤,3,14,2,0,0
GREEN,0.3,1.3,유해란,4,1,2,0,이재윤,3,17,2,0,0
GREEN,0.3,0.5,유해란,4,1,2,0,이재윤,3,18,2,0,0
GREEN,0.3,0.9,유해란,4,1,2,0,이재윤,4,1,2,0,0
GREEN,0.3,0.3,유해란,4,1,2,0,이재윤,4,2,2,1,0
GREEN,0.3,0.3,유해란,4,1,2,0,이재윤,4,5,2,0,0
GREEN,0.3,0.4,유해란,4,1,2,0,이재윤,4,8,2,0,0
GREEN,0.3,0.3,유해란,4,1,2,0,이재윤,4,9,2,0,0
GREEN,0.3,0.4,유해란,4,1,2,0,이재윤,4,12,2,0,0
GREEN,0.3,0.5,유해란,4,1,2,0,이재윤,4,13,2,0,0
GREEN,0.3,1.0,유해란,4,1,2,0,이재윤,4,14,2,1,0
GREEN,0.3,1.2,유해란,4,1,2,0,이재윤,4,15,2,0,0
GREEN,0.3,0.5,유해란,4,1,2,0,이재윤,4,16,2,0,0
GREEN,0.3,0.3,유해란,4,1,2,0,이재윤,4,18,2,0,0
GREEN,0.3,0.4,유해란,4,1,2,0,박서현,1,2,2,0,0
GREEN,0.3,1.0,유해란,4,1,2,0,박서현,1,3,2,2,0
GREEN,0.3,0.5,유해란,4,1,2,0,박서현,1,4,2,0,0
GREEN,0.3,0.5,유해란,4,1,2,0,박서현,1,5,2,0,0
GREEN,0.3,0.4,유해란,4,1,2,0,박서현,1,6,2,1,0
GREEN,0.3,0.5,유해란,4,1,2,0,박서현,1,7,2,0,0
GREEN,0.3,0.5,유해란,4,1,2,0,박서현,1,8,2,1,0
GREEN,0.3,0.6,유해란,4,1,2,0,박서현,1,9,2,0,0
GREEN,0.3,0.3,유해란,4,1,2,0,박서현,1,10,2,0,0
GREEN,0.3,0.4,유해란,4,1,2,0,박서현,1,11,2,0,0
GREEN,0.3,1.1,유해란,4,1,2,0,박서현,1,13,2,1,0
GREEN,0.3,0.3,유해란,4,1,2,0,박서현,1,14,2,0,0
GREEN,0.3,0.5,유해란,4,1,2,0,박서현,1,15,2,1,0
GREEN,0.3,0.5,유해란,4,1,2,0,박서현,1,17,2,0,0
GREEN,0.3,0.3,유해란,4,1,2,0,박서현,2,1,2,0,0
GREEN,0.3,0.5,유해란,4,1,2,0,박서현,2,2,2,0,0
GREEN,0.3,0.5,유해란,4,1,2,0,박서현,2,3,2,0,0
GREEN,0.3,0.3,유해란,4,1,2,0,박서현,2,4,2,1,0
GREEN,0.3,1.2,유해란,4,1,2,0,박서현,2,5,3,1,-1
GREEN,0.3,0.4,유해란,4,1,2,0,박서현,2,5,2,1,0
GREEN,0.3,0.4,유해란,4,1,2,0,박서현,2,7,2,0,0
GREEN,0.3,0.2,유해란,4,1,2,0,박서현,2,10,2,0,0
GREEN,0.3,1.3,유해란,4,1,2,0,박서현,2,12,3,2,-1
GREEN,0.3,0.9,유해란,4,1,2,0,박서현,2,12,2,2,0
GREEN,0.3,0.4,유해란,4,1,2,0,박서현,2,13,2,0,0
GREEN,0.3,1.0,유해란,4,1,2,0,박서현,2,14,2,1,0
GREEN,0.3,1.3,유해란,4,1,2,0,박서현,2,15,2,0,0
GREEN,0.3,0.2,유해란,4,1,2,0,박서현,2,17,2,0,0
GREEN,0.3,1.3,유해란,4,1,2,0,박서현,2,18,2,0,0
GREEN,0.3,1.3,유해란,4,1,2,0,박서현,3,1,2,0,0
GREEN,0.3,0.4,유해란,4,1,2,0,박서현,3,3,2,1,0
GREEN,0.3,0.5,유해란,4,1,2,0,박서현,3,4,2,0,0
GREEN,0.3,1.2,유해란,4,1,2,0,박서현,3,5,2,0,0
GREEN,0.3,0.3,유해란,4,1,2,0,박서현,3,6,2,0,0
GREEN,0.3,0.5,유해란,4,1,2,0,박서현,3,7,2,0,0
GREEN,0.3,0.3,유해란,4,1,2,0,박서현,3,8,2,3,0
GREEN,0.3,0.2,유해란,4,1,2,0,박서현,3,9,2,2,0
GREEN,0.3,0.9,유해란,4,1,2,0,박서현,3,10,2,1,0
GREEN,0.3,1.0,유해란,4,1,2,0,박서현,3,11,2,0,0
GREEN,0.3,1.2,유해란,4,1,2,0,박서현,3,12,2,0,0
GREEN,0.3,1.3,유해란,4,1,2,0,박서현,3,13,3,1,-1
GREEN,0.3,1.0,유해란,4,1,2,0,박서현,3,13,2,1,0
GREEN,0.3,0.4,유해란,4,1,2,0,박서현,3,14,2,0,0
GREEN,0.3,0.3,유해란,4,1,2,0,박서현,3,16,2,0,0
GREEN,0.3,0.5,유해란,4,1,2,0,박서현,3,18,2,0,0
GREEN,0.3,1.1,유해란,4,1,2,0,박서현,4,1,2,0,0
GREEN,0.3,0.2,유해란,4,1,2,0,박서현,4,2,2,0,0
GREEN,0.3,0.5,유해란,4,1,2,0,박서현,4,3,2,1,0
GREEN,0.3,0.3,유해란,4,1,2,0,박서현,4,4,2,1,0
GREEN,0.3,0.3,유해란,4,1,2,0,박서현,4,5,2,0,0
GREEN,0.3,0.3,유해란,4,1,2,0,박서현,4,8,2,0,0
GREEN,0.3,0.4,유해란,4,1,2,0,박서현,4,9,2,2,0
GREEN,0.3,0.4,유해란,4,1,2,0,박서현,4,11,2,0,0
GREEN,0.3,0.8,유해란,4,1,2,0,박서현,4,12,2,1,0
GREEN,0.3,0.2,유해란,4,1,2,0,박서현,4,14,2,1,0
GREEN,0.3,0.7,유해란,4,1,2,0,박서현,4,15,2,0,0
GREEN,0.3,1.3,유해란,4,1,2,0,박서현,4,16,2,0,0
GREEN,0.3,0.5,유해란,4,1,2,0,박서현,4,17,2,1,0
GREEN,0.3,1.3,유해란,4,1,2,0,박서현,4,18,2,1,0
GREEN,5.7,5.3,유해란,4,2,3,0,이재윤,1,1,3,0,0
GREEN,5.7,6.6,유해란,4,2,3,0,이재윤,1,2,3,0,0
GREEN,5.7,5.2,유해란,4,2,3,0,이재윤,2,1,2,0,1
GREEN,5.7,6.1,유해란,4,2,3,0,이재윤,3,2,3,0,0
GREEN,5.7,6.5,유해란,4,2,3,0,이재윤,3,10,3,1,0
GREEN,5.7,6.2,유해란,4,2,3,0,이재윤,3,11,3,0,0
GREEN,5.7,5.9,유해란,4,2,3,0,이재윤,3,16,2,-1,1
GREEN,5.7,5.0,유해란,4,2,3,0,이재윤,4,16,3,0,0
GREEN,5.7,5.9,유해란,4,2,3,0,박서현,1,4,3,0,0
GREEN,5.7,6.6,유해란,4,2,3,0,박서현,1,15,3,1,0
GREEN,5.7,4.8,유해란,4,2,3,0,박서현,1,17,3,0,0
GREEN,5.7,6.1,유해란,4,2,3,0,박서현,2,2,3,0,0
GREEN,5.7,5.3,유해란,4,2,3,0,박서현,2,3,3,0,0
GREEN,5.7,6.1,유해란,4,2,3,0,박서현,2,4,3,1,0
GREEN,5.7,5.1,유해란,4,2,3,0,박서현,2,17,3,0,0
GREEN,5.7,5.6,유해란,4,2,3,0,박서현,3,1,3,0,0
GREEN,5.7,4.8,유해란,4,2,3,0,박서현,3,13,4,1,-1
GREEN,5.7,5.4,유해란,4,2,3,0,박서현,3,14,3,0,0
GREEN,5.7,5.6,유해란,4,2,3,0,박서현,3,16,3,0,0
GREEN,5.7,6.7,유해란,4,2,3,0,박서현,4,5,3,0,0
GREEN,5.7,6.2,유해란,4,2,3,0,박서현,4,7,2,-1,1
GREEN,5.7,5.5,유해란,4,2,3,0,박서현,4,10,3,1,0
GREEN,0.8,0.5,유해란,4,2,2,0,이재윤,1,1,2,0,0
GREEN,0.8,0.5,유해란,4,2,2,0,이재윤,1,2,2,0,0
GREEN,0.8,1.3,유해란,4,2,2,0,이재윤,1,3,2,0,0
GREEN,0.8,0.5,유해란,4,2,2,0,이재윤,1,4,2,1,0
GREEN,0.8,0.8,유해란,4,2,2,0,이재윤,1,5,2,0,0
GREEN,0.8,0.5,유해란,4,2,2,0,이재윤,1,6,2,0,0
GREEN,0.8,0.5,유해란,4,2,2,0,이재윤,1,7,2,0,0
GREEN,0.8,0.2,유해란,4,2,2,0,이재윤,1,8,2,0,0
GREEN,0.8,1.4,유해란,4,2,2,0,이재윤,1,9,2,1,0
GREEN,0.8,0.8,유해란,4,2,2,0,이재윤,1,10,2,0,0
GREEN,0.8,0.7,유해란,4,2,2,0,이재윤,1,11,2,1,0
GREEN,0.8,0.3,유해란,4,2,2,0,이재윤,1,12,2,0,0
GREEN,0.8,0.9,유해란,4,2,2,0,이재윤,1,13,2,0,0
GREEN,0.8,1.6,유해란,4,2,2,0,이재윤,1,14,3,0,-1
GREEN,0.8,0.3,유해란,4,2,2,0,이재윤,1,14,2,0,0
GREEN,0.8,1.1,유해란,4,2,2,0,이재윤,1,15,2,1,0
GREEN,0.8,0.8,유해란,4,2,2,0,이재윤,1,18,2,0,0
GREEN,0.8,0.8,유해란,4,2,2,0,이재윤,2,3,2,0,0
GREEN,0.8,0.4,유해란,4,2,2,0,이재윤,2,4,2,1,0
GREEN,0.8,0.7,유해란,4,2,2,0,이재윤,2,5,2,0,0
GREEN,0.8,1.2,유해란,4,2,2,0,이재윤,2,6,2,0,0
GREEN,0.8,0.5,유해란,4,2,2,0,이재윤,2,7,2,0,0
GREEN,0.8,0.2,유해란,4,2,2,0,이재윤,2,8,2,0,0
GREEN,0.8,1.5,유해란,4,2,2,0,이재윤,2,9,2,0,0
GREEN,0.8,1.2,유해란,4,2,2,0,이재윤,2,10,2,0,0
GREEN,0.8,1.5,유해란,4,2,2,0,이재윤,2,11,2,1,0
GREEN,0.8,0.5,유해란,4,2,2,0,이재윤,2,12,2,0,0
GREEN,0.8,1.6,유해란,4,2,2,0,이재윤,2,13,2,-1,0
GREEN,0.8,1.5,유해란,4,2,2,0,이재윤,2,14,3,1,-1
GREEN,0.8,0.4,유해란,4,2,2,0,이재윤,2,14,2,1,0
GREEN,0.8,0.5,유해란,4,2,2,0,이재윤,2,15,2,1,0
GREEN,0.8,1.7,유해란,4,2,2,0,이재윤,2,16,2,0,0
GREEN,0.8,1.0,유해란,4,2,2,0,이재윤,2,17,2,0,0
GREEN,0.8,1.3,유해란,4,2,2,0,이재윤,2,18,2,0,0
GREEN,0.8,0.3,유해란,4,2,2,0,이재윤,3,1,2,1,0
GREEN,0.8,0.5,유해란,4,2,2,0,이재윤,3,2,2,0,0
GREEN,0.8,1.5,유해란,4,2,2,0,이재윤,3,4,2,0,0
GREEN,0.8,0.3,유해란,4,2,2,0,이재윤,3,5,2,0,0
GREEN,0.8,0.4,유해란,4,2,2,0,이재윤,3,6,2,0,0
GREEN,0.8,0.5,유해란,4,2,2,0,이재윤,3,7,2,0,0
GREEN,0.8,0.3,유해란,4,2,2,0,이재윤,3,8,2,0,0
GREEN,0.8,1.2,유해란,4,2,2,0,이재윤,3,9,2,0,0
GREEN,0.8,1.3,유해란,4,2,2,0,이재윤,3,10,2,1,0
GREEN,0.8,0.5,유해란,4,2,2,0,이재윤,3,11,2,0,0
GREEN,0.8,0.3,유해란,4,2,2,0,이재윤,3,13,2,1,0
GREEN,0.8,0.2,유해란,4,2,2,0,이재윤,3,14,2,0,0
GREEN,0.8,1.4,유해란,4,2,2,0,이재윤,3,15,2,0,0
GREEN,0.8,1.3,유해란,4,2,2,0,이재윤,3,17,2,0,0
GREEN,0.8,0.5,유해란,4,2,2,0,이재윤,3,18,2,0,0
GREEN,0.8,0.9,유해란,4,2,2,0,이재윤,4,1,2,0,0
GREEN,0.8,0.3,유해란,4,2,2,0,이재윤,4,2,2,1,0
GREEN,0.8,0.3,유해란,4,2,2,0,이재윤,4,5,2,0,0
GREEN,0.8,0.4,유해란,4,2,2,0,이재윤,4,8,2,0,0
GREEN,0.8,0.3,유해란,4,2,2,0,이재윤,4,9,2,0,0
GREEN,0.8,1.7,유해란,4,2,2,0,이재윤,4,11,2,0,0
GREEN,0.8,0.4,유해란,4,2,2,0,이재윤,4,12,2,0,0
GREEN,0.8,0.5,유해란,4,2,2,0,이재윤,4,13,2,0,0
GREEN,0.8,1.5,유해란,4,2,2,0,이재윤,4,14,3,1,-1
GREEN,0.8,1.0,유해란,4,2,2,0,이재윤,4,14,2,1,0
GREEN,0.8,1.2,유해란,4,2,2,0,이재윤,4,15,2,0,0
GREEN,0.8,0.5,유해란,4,2,2,0,이재윤,4,16,2,0,0
GREEN,0.8,1.8,유해란,4,2,2,0,이재윤,4,17,2,0,0
GREEN,0.8,0.3,유해란,4,2,2,0,이재윤,4,18,2,0,0
GREEN,0.8,0.4,유해란,4,2,2,0,박서현,1,2,2,0,0
GREEN,0.8,1.0,유해란,4,2,2,0,박서현,1,3,2,2,0
GREEN,0.8,0.5,유해란,4,2,2,0,박서현,1,4,2,0,0
GREEN,0.8,0.5,유해란,4,2,2,0,박서현,1,5,2,0,0
GREEN,0.8,0.4,유해란,4,2,2,0,박서현,1,6,2,1,0
GREEN,0.8,0.5,유해란,4,2,2,0,박서현,1,7,2,0,0
GREEN,0.8,0.5,유해란,4,2,2,0,박서현,1,8,2,1,0
GREEN,0.8,0.6,유해란,4,2,2,0,박서현,1,9,2,0,0
GREEN,0.8,0.3,유해란,4,2,2,0,박서현,1,10,2,0,0
GREEN,0.8,0.4,유해란,4,2,2,0,박서현,1,11,2,0,0
GREEN,0.8,1.1,유해란,4,2,2,0,박서현,1,13,2,1,0
GREEN,0.8,0.3,유해란,4,2,2,0,박서현,1,14,2,0,0
GREEN,0.8,0.5,유해란,4,2,2,0,박서현,1,15,2,1,0
GREEN,0.8,0.5,유해란,4,2,2,0,박서현,1,17,2,0,0
GREEN,0.8,0.3,유해란,4,2,2,0,박서현,2,1,2,0,0
GREEN,0.8,0.5,유해란,4,2,2,0,박서현,2,2,2,0,0
GREEN,0.8,0.5,유해란,4,2,2,0,박서현,2,3,2,0,0
GREEN,0.8,0.3,유해란,4,2,2,0,박서현,2,4,2,1,0
GREEN,0.8,1.2,유해란,4,2,2,0,박서현,2,5,3,1,-1
GREEN,0.8,0.4,유해란,4,2,2,0,박서현,2,5,2,1,0
GREEN,0.8,0.4,유해란,4,2,2,0,박서현,2,7,2,0,0
GREEN,0.8,1.5,유해란,4,2,2,0,박서현,2,9,2,0,0
GREEN,0.8,0.2,유해란,4,2,2,0,박서현,2,10,2,0,0
GREEN,0.8,1.5,유해란,4,2,2,0,박서현,2,11,2,1,0
GREEN,0.8,1.3,유해란,4,2,2,0,박서현,2,12,3,2,-1
GREEN,0.8,0.9,유해란,4,2,2,0,박서현,2,12,2,2,0
GREEN,0.8,0.4,유해란,4,2,2,0,박서현,2,13,2,0,0
GREEN,0.8,1.0,유해란,4,2,2,0,박서현,2,14,2,1,0
GREEN,0.8,1.3,유해란,4,2,2,0,박서현,2,15,2,0,0
GREEN,0.8,0.2,유해란,4,2,2,0,박서현,2,17,2,0,0
GREEN,0.8,1.3,유해란,4,2,2,0,박서현,2,18,2,0,0
GREEN,0.8,1.3,유해란,4,2,2,0,박서현,3,1,2,0,0
GREEN,0.8,1.4,유해란,4,2,2,0,박서현,3,2,2,0,0
GREEN,0.8,0.4,유해란,4,2,2,0,박서현,3,3,2,1,0
GREEN,0.8,0.5,유해란,4,2,2,0,박서현,3,4,2,0,0
GREEN,0.8,1.2,유해란,4,2,2,0,박서현,3,5,2,0,0
GREEN,0.8,0.3,유해란,4,2,2,0,박서현,3,6,2,0,0
GREEN,0.8,0.5,유해란,4,2,2,0,박서현,3,7,2,0,0
GREEN,0.8,0.3,유해란,4,2,2,0,박서현,3,8,2,3,0
GREEN,0.8,0.2,유해란,4,2,2,0,박서현,3,9,2,2,0
GREEN,0.8,0.9,유해란,4,2,2,0,박서현,3,10,2,1,0
GREEN,0.8,1.0,유해란,4,2,2,0,박서현,3,11,2,0,0
GREEN,0.8,1.2,유해란,4,2,2,0,박서현,3,12,2,0,0
GREEN,0.8,1.3,유해란,4,2,2,0,박서현,3,13,3,1,-1
GREEN,0.8,1.0,유해란,4,2,2,0,박서현,3,13,2,1,0
GREEN,0.8,0.4,유해란,4,2,2,0,박서현,3,14,2,0,0
GREEN,0.8,1.4,유해란,4,2,2,0,박서현,3,15,2,1,0
GREEN,0.8,0.3,유해란,4,2,2,0,박서현,3,16,2,0,0
GREEN,0.8,0.5,유해란,4,2,2,0,박서현,3,18,2,0,0
GREEN,0.8,1.1,유해란,4,2,2,0,박서현,4,1,2,0,0
GREEN,0.8,0.2,유해란,4,2,2,0,박서현,4,2,2,0,0
GREEN,0.8,0.5,유해란,4,2,2,0,박서현,4,3,2,1,0
GREEN,0.8,0.3,유해란,4,2,2,0,박서현,4,4,2,1,0
GREEN,0.8,0.3,유해란,4,2,2,0,박서현,4,5,2,0,0
GREEN,0.8,0.3,유해란,4,2,2,0,박서현,4,8,2,0,0
GREEN,0.8,1.7,유해란,4,2,2,0,박서현,4,9,3,2,-1
GREEN,0.8,0.4,유해란,4,2,2,0,박서현,4,9,2,2,0
GREEN,0.8,1.6,유해란,4,2,2,0,박서현,4,10,2,1,0
GREEN,0.8,0.4,유해란,4,2,2,0,박서현,4,11,2,0,0
GREEN,0.8,0.8,유해란,4,2,2,0,박서현,4,12,2,1,0
GREEN,0.8,1.6,유해란,4,2,2,0,박서현,4,14,3,1,-1
GREEN,0.8,0.2,유해란,4,2,2,0,박서현,4,14,2,1,0
GREEN,0.8,0.7,유해란,4,2,2,0,박서현,4,15,2,0,0
GREEN,0.8,1.3,유해란,4,2,2,0,박서현,4,16,2,0,0
GREEN,0.8,0.5,유해란,4,2,2,0,박서현,4,17,2,1,0
GREEN,0.8,1.3,유해란,4,2,2,0,박서현,4,18,2,1,0
ROUGH,15.3,15.7,유해란,4,3,3,0,이재윤,4,3,3,0,0
ROUGH,15.3,16.2,유해란,4,3,3,0,이재윤,4,8,3,0,0
ROUGH,15.3,14.8,유해란,4,3,3,0,박서현,3,18,3,0,0
ROUGH,15.3,15.0,유해란,4,3,3,0,박서현,4,10,4,1,-1
ROUGH,15.3,14.6,유해란,4,3,3,0,박서현,4,18,4,1,-1
GREEN,0.8,0.5,유해란,4,3,2,0,이재윤,1,1,2,0,0
GREEN,0.8,0.5,유해란,4,3,2,0,이재윤,1,2,2,0,0
GREEN,0.8,1.3,유해란,4,3,2,0,이재윤,1,3,2,0,0
GREEN,0.8,0.5,유해란,4,3,2,0,이재윤,1,4,2,1,0
GREEN,0.8,0.8,유해란,4,3,2,0,이재윤,1,5,2,0,0
GREEN,0.8,0.5,유해란,4,3,2,0,이재윤,1,6,2,0,0
GREEN,0.8,0.5,유해란,4,3,2,0,이재윤,1,7,2,0,0
GREEN,0.8,0.2,유해란,4,3,2,0,이재윤,1,8,2,0,0
GREEN,0.8,1.4,유해란,4,3,2,0,이재윤,1,9,2,1,0
GREEN,0.8,0.8,유해란,4,3,2,0,이재윤,1,10,2,0,0
GREEN,0.8,0.7,유해란,4,3,2,0,이재윤,1,11,2,1,0
GREEN,0.8,0.3,유해란,4,3,2,0,이재윤,1,12,2,0,0
GREEN,0.8,0.9,유해란,4,3,2,0,이재윤,1,13,2,0,0
GREEN,0.8,1.6,유해란,4,3,2,0,이재윤,1,14,3,0,-1
GREEN,0.8,0.3,유해란,4,3,2,0,이재윤,1,14,2,0,0
GREEN,0.8,1.1,유해란,4,3,2,0,이재윤,1,15,2,1,0
GREEN,0.8,0.8,유해란,4,3,2,0,이재윤,1,18,2,0,0
GREEN,0.8,0.8,유해란,4,3,2,0,이재윤,2,3,2,0,0
GREEN,0.8,0.4,유해란,4,3,2,0,이재윤,2,4,2,1,0
GREEN,0.8,0.7,유해란,4,3,2,0,이재윤,2,5,2,0,0
GREEN,0.8,1.2,유해란,4,3,2,0,이재윤,2,6,2,0,0
GREEN,0.8,0.5,유해란,4,3,2,0,이재윤,2,7,2,0,0
GREEN,0.8,0.2,유해란,4,3,2,0,이재윤,2,8,2,0,0
GREEN,0.8,1.5,유해란,4,3,2,0,이재윤,2,9,2,0,0
GREEN,0.8,1.2,유해란,4,3,2,0,이재윤,2,10,2,0,0
GREEN,0.8,1.5,유해란,4,3,2,0,이재윤,2,11,2,1,0
GREEN,0.8,0.5,유해란,4,3,2,0,이재윤,2,12,2,0,0
GREEN,0.8,1.6,유해란,4,3,2,0,이재윤,2,13,2,-1,0
GREEN,0.8,1.5,유해란,4,3,2,0,이재윤,2,14,3,1,-1
GREEN,0.8,0.4,유해란,4,3,2,0,이재윤,2,14,2,1,0
GREEN,0.8,0.5,유해란,4,3,2,0,이재윤,2,15,2,1,0
GREEN,0.8,1.7,유해란,4,3,2,0,이재윤,2,16,2,0,0
GREEN,0.8,1.0,유해란,4,3,2,0,이재윤,2,17,2,0,0
GREEN,0.8,1.3,유해란,4,3,2,0,이재윤,2,18,2,0,0
GREEN,0.8,0.3,유해란,4,3,2,0,이재윤,3,1,2,1,0
GREEN,0.8,0.5,유해란,4,3,2,0,이재윤,3,2,2,0,0
GREEN,0.8,1.5,유해란,4,3,2,0,이재윤,3,4,2,0,0
GREEN,0.8,0.3,유해란,4,3,2,0,이재윤,3,5,2,0,0
GREEN,0.8,0.4,유해란,4,3,2,0,이재윤,3,6,2,0,0
GREEN,0.8,0.5,유해란,4,3,2,0,이재윤,3,7,2,0,0
GREEN,0.8,0.3,유해란,4,3,2,0,이재윤,3,8,2,0,0
GREEN,0.8,1.2,유해란,4,3,2,0,이재윤,3,9,2,0,0
GREEN,0.8,1.3,유해란,4,3,2,0,이재윤,3,10,2,1,0
GREEN,0.8,0.5,유해란,4,3,2,0,이재윤,3,11,2,0,0
GREEN,0.8,0.3,유해란,4,3,2,0,이재윤,3,13,2,1,0
GREEN,0.8,0.2,유해란,4,3,2,0,이재윤,3,14,2,0,0
GREEN,0.8,1.4,유해란,4,3,2,0,이재윤,3,15,2,0,0
GREEN,0.8,1.3,유해란,4,3,2,0,이재윤,3,17,2,0,0
GREEN,0.8,0.5,유해란,4,3,2,0,이재윤,3,18,2,0,0
GREEN,0.8,0.9,유해란,4,3,2,0,이재윤,4,1,2,0,0
GREEN,0.8,0.3,유해란,4,3,2,0,이재윤,4,2,2,1,0
GREEN,0.8,0.3,유해란,4,3,2,0,이재윤,4,5,2,0,0
GREEN,0.8,0.4,유해란,4,3,2,0,이재윤,4,8,2,0,0
GREEN,0.8,0.3,유해란,4,3,2,0,이재윤,4,9,2,0,0
GREEN,0.8,1.7,유해란,4,3,2,0,이재윤,4,11,2,0,0
GREEN,0.8,0.4,유해란,4,3,2,0,이재윤,4,12,2,0,0
GREEN,0.8,0.5,유해란,4,3,2,0,이재윤,4,13,2,0,0
GREEN,0.8,1.5,유해란,4,3,2,0,이재윤,4,14,3,1,-1
GREEN,0.8,1.0,유해란,4,3,2,0,이재윤,4,14,2,1,0
GREEN,0.8,1.2,유해란,4,3,2,0,이재윤,4,15,2,0,0
GREEN,0.8,0.5,유해란,4,3,2,0,이재윤,4,16,2,0,0
GREEN,0.8,1.8,유해란,4,3,2,0,이재윤,4,17,2,0,0
GREEN,0.8,0.3,유해란,4,3,2,0,이재윤,4,18,2,0,0
GREEN,0.8,0.4,유해란,4,3,2,0,박서현,1,2,2,0,0
GREEN,0.8,1.0,유해란,4,3,2,0,박서현,1,3,2,2,0
GREEN,0.8,0.5,유해란,4,3,2,0,박서현,1,4,2,0,0
GREEN,0.8,0.5,유해란,4,3,2,0,박서현,1,5,2,0,0
GREEN,0.8,0.4,유해란,4,3,2,0,박서현,1,6,2,1,0
GREEN,0.8,0.5,유해란,4,3,2,0,박서현,1,7,2,0,0
GREEN,0.8,0.5,유해란,4,3,2,0,박서현,1,8,2,1,0
GREEN,0.8,0.6,유해란,4,3,2,0,박서현,1,9,2,0,0
GREEN,0.8,0.3,유해란,4,3,2,0,박서현,1,10,2,0,0
GREEN,0.8,0.4,유해란,4,3,2,0,박서현,1,11,2,0,0
GREEN,0.8,1.1,유해란,4,3,2,0,박서현,1,13,2,1,0
GREEN,0.8,0.3,유해란,4,3,2,0,박서현,1,14,2,0,0
GREEN,0.8,0.5,유해란,4,3,2,0,박서현,1,15,2,1,0
GREEN,0.8,0.5,유해란,4,3,2,0,박서현,1,17,2,0,0
GREEN,0.8,0.3,유해란,4,3,2,0,박서현,2,1,2,0,0
GREEN,0.8,0.5,유해란,4,3,2,0,박서현,2,2,2,0,0
GREEN,0.8,0.5,유해란,4,3,2,0,박서현,2,3,2,0,0
GREEN,0.8,0.3,유해란,4,3,2,0,박서현,2,4,2,1,0
GREEN,0.8,1.2,유해란,4,3,2,0,박서현,2,5,3,1,-1
GREEN,0.8,0.4,유해란,4,3,2,0,박서현,2,5,2,1,0
GREEN,0.8,0.4,유해란,4,3,2,0,박서현,2,7,2,0,0
GREEN,0.8,1.5,유해란,4,3,2,0,박서현,2,9,2,0,0
GREEN,0.8,0.2,유해란,4,3,2,0,박서현,2,10,2,0,0
GREEN,0.8,1.5,유해란,4,3,2,0,박서현,2,11,2,1,0
GREEN,0.8,1.3,유해란,4,3,2,0,박서현,2,12,3,2,-1
GREEN,0.8,0.9,유해란,4,3,2,0,박서현,2,12,2,2,0
GREEN,0.8,0.4,유해란,4,3,2,0,박서현,2,13,2,0,0
GREEN,0.8,1.0,유해란,4,3,2,0,박서현,2,14,2,1,0
GREEN,0.8,1.3,유해란,4,3,2,0,박서현,2,15,2,0,0
GREEN,0.8,0.2,유해란,4,3,2,0,박서현,2,17,2,0,0
GREEN,0.8,1.3,유해란,4,3,2,0,박서현,2,18,2,0,0
GREEN,0.8,1.3,유해란,4,3,2,0,박서현,3,1,2,0,0
GREEN,0.8,1.4,유해란,4,3,2,0,박서현,3,2,2,0,0
GREEN,0.8,0.4,유해란,4,3,2,0,박서현,3,3,2,1,0
GREEN,0.8,0.5,유해란,4,3,2,0,박서현,3,4,2,0,0
GREEN,0.8,1.2,유해란,4,3,2,0,박서현,3,5,2,0,0
GREEN,0.8,0.3,유해란,4,3,2,0,박서현,3,6,2,0,0
GREEN,0.8,0.5,유해란,4,3,2,0,박서현,3,7,2,0,0
GREEN,0.8,0.3,유해란,4,3,2,0,박서현,3,8,2,3,0
GREEN,0.8,0.2,유해란,4,3,2,0,박서현,3,9,2,2,0
GREEN,0.8,0.9,유해란,4,3,2,0,박서현,3,10,2,1,0
GREEN,0.8,1.0,유해란,4,3,2,0,박서현,3,11,2,0,0
GREEN,0.8,1.2,유해란,4,3,2,0,박서현,3,12,2,0,0
GREEN,0.8,1.3,유해란,4,3,2,0,박서현,3,13,3,1,-1
GREEN,0.8,1.0,유해란,4,3,2,0,박서현,3,13,2,1,0
GREEN,0.8,0.4,유해란,4,3,2,0,박서현,3,14,2,0,0
GREEN,0.8,1.4,유해란,4,3,2,0,박서현,3,15,2,1,0
GREEN,0.8,0.3,유해란,4,3,2,0,박서현,3,16,2,0,0
GREEN,0.8,0.5,유해란,4,3,2,0,박서현,3,18,2,0,0
GREEN,0.8,1.1,유해란,4,3,2,0,박서현,4,1,2,0,0
GREEN,0.8,0.2,유해란,4,3,2,0,박서현,4,2,2,0,0
GREEN,0.8,0.5,유해란,4,3,2,0,박서현,4,3,2,1,0
GREEN,0.8,0.3,유해란,4,3,2,0,박서현,4,4,2,1,0
GREEN,0.8,0.3,유해란,4,3,2,0,박서현,4,5,2,0,0
GREEN,0.8,0.3,유해란,4,3,2,0,박서현,4,8,2,0,0
GREEN,0.8,1.7,유해란,4,3,2,0,박서현,4,9,3,2,-1
GREEN,0.8,0.4,유해란,4,3,2,0,박서현,4,9,2,2,0
GREEN,0.8,1.6,유해란,4,3,2,0,박서현,4,10,2,1,0
GREEN,0.8,0.4,유해란,4,3,2,0,박서현,4,11,2,0,0
GREEN,0.8,0.8,유해란,4,3,2,0,박서현,4,12,2,1,0
GREEN,0.8,1.6,유해란,4,3,2,0,박서현,4,14,3,1,-1
GREEN,0.8,0.2,유해란,4,3,2,0,박서현,4,14,2,1,0
GREEN,0.8,0.7,유해란,4,3,2,0,박서현,4,15,2,0,0
GREEN,0.8,1.3,유해란,4,3,2,0,박서현,4,16,2,0,0
GREEN,0.8,0.5,유해란,4,3,2,0,박서현,4,17,2,1,0
GREEN,0.8,1.3,유해란,4,3,2,0,박서현,4,18,2,1,0
FAIRWAY,266.2,265.8,유해란,4,4,4,-1,이재윤,2,7,5,0,-1
FAIRWAY,93.3,93.4,유해란,4,4,3,-1,이재윤,4,9,4,0,-1
GREEN,2.4,3.1,유해란,4,4,2,-1,이재윤,1,7,3,0,-1
GREEN,2.4,1.4,유해란,4,4,2,-1,이재윤,1,9,2,1,0
GREEN,2.4,3.1,유해란,4,4,2,-1,이재윤,1,11,3,1,-1
GREEN,2.4,1.6,유해란,4,4,2,-1,이재윤,1,14,3,0,-1
GREEN,2.4,3.4,유해란,4,4,2,-1,이재윤,1,15,3,1,-1
GREEN,2.4,2.8,유해란,4,4,2,-1,이재윤,1,16,2,0,0
GREEN,2.4,2.1,유해란,4,4,2,-1,이재윤,1,17,2,0,0
GREEN,2.4,3.0,유해란,4,4,2,-1,이재윤,2,2,2,0,0
GREEN,2.4,2.3,유해란,4,4,2,-1,이재윤,2,4,3,1,-1
GREEN,2.4,1.5,유해란,4,4,2,-1,이재윤,2,9,2,0,0
GREEN,2.4,1.5,유해란,4,4,2,-1,이재윤,2,11,2,1,0
GREEN,2.4,1.6,유해란,4,4,2,-1,이재윤,2,13,2,-1,0
GREEN,2.4,1.5,유해란,4,4,2,-1,이재윤,2,14,3,1,-1
GREEN,2.4,1.7,유해란,4,4,2,-1,이재윤,2,16,2,0,0
GREEN,2.4,3.1,유해란,4,4,2,-1,이재윤,3,1,3,1,-1
GREEN,2.4,3.0,유해란,4,4,2,-1,이재윤,3,3,2,0,0
GREEN,2.4,1.5,유해란,4,4,2,-1,이재윤,3,4,2,0,0
GREEN,2.4,2.1,유해란,4,4,2,-1,이재윤,3,6,3,0,-1
GREEN,2.4,2.8,유해란,4,4,2,-1,이재윤,3,7,3,0,-1
GREEN,2.4,2.6,유해란,4,4,2,-1,이재윤,3,12,2,0,0
GREEN,2.4,3.0,유해란,4,4,2,-1,이재윤,3,13,3,1,-1
GREEN,2.4,1.4,유해란,4,4,2,-1,이재윤,3,15,2,0,0
GREEN,2.4,2.2,유해란,4,4,2,-1,이재윤,4,3,2,0,0
GREEN,2.4,2.6,유해란,4,4,2,-1,이재윤,4,4,2,0,0
GREEN,2.4,2.7,유해란,4,4,2,-1,이재윤,4,6,2,-1,0
GREEN,2.4,2.8,유해란,4,4,2,-1,이재윤,4,7,2,-1,0
GREEN,2.4,2.0,유해란,4,4,2,-1,이재윤,4,10,2,0,0
GREEN,2.4,1.7,유해란,4,4,2,-1,이재윤,4,11,2,0,0
GREEN,2.4,1.5,유해란,4,4,2,-1,이재윤,4,14,3,1,-1
GREEN,2.4,1.8,유해란,4,4,2,-1,이재윤,4,17,2,0,0
GREEN,2.4,3.1,유해란,4,4,2,-1,이재윤,4,18,3,0,-1
GREEN,2.4,3.4,유해란,4,4,2,-1,박서현,1,3,3,2,-1
GREEN,2.4,2.0,유해란,4,4,2,-1,박서현,1,8,3,1,-1
GREEN,2.4,2.7,유해란,4,4,2,-1,박서현,1,16,2,-1,0
GREEN,2.4,2.4,유해란,4,4,2,-1,박서현,2,6,2,0,0
GREEN,2.4,3.3,유해란,4,4,2,-1,박서현,2,8,2,0,0
GREEN,2.4,1.5,유해란,4,4,2,-1,박서현,2,9,2,0,0
GREEN,2.4,1.5,유해란,4,4,2,-1,박서현,2,11,2,1,0
GREEN,2.4,1.4,유해란,4,4,2,-1,박서현,3,2,2,0,0
GREEN,2.4,1.9,유해란,4,4,2,-1,박서현,3,10,3,1,-1
GREEN,2.4,2.7,유해란,4,4,2,-1,박서현,3,15,3,1,-1
GREEN,2.4,1.4,유해란,4,4,2,-1,박서현,3,15,2,1,0
GREEN,2.4,1.9,유해란,4,4,2,-1,박서현,3,17,2,0,0
GREEN,2.4,2.8,유해란,4,4,2,-1,박서현,4,3,3,1,-1
GREEN,2.4,3.4,유해란,4,4,2,-1,박서현,4,9,4,2,-2
GREEN,2.4,1.7,유해란,4,4,2,-1,박서현,4,9,3,2,-1
GREEN,2.4,1.6,유해란,4,4,2,-1,박서현,4,10,2,1,0
GREEN,2.4,1.9,유해란,4,4,2,-1,박서현,4,12,3,1,-1
GREEN,2.4,3.4,유해란,4,4,2,-1,박서현,4,13,2,0,0
GREEN,2.4,1.6,유해란,4,4,2,-1,박서현,4,14,3,1,-1
GREEN,2.4,2.2,유해란,4,4,2,-1,박서현,4,17,3,1,-1
GREEN,3.0,3.8,유해란,4,5,3,0,이재윤,1,4,3,1,0
GREEN,3.0,3.1,유해란,4,5,3,0,이재윤,1,7,3,0,0
GREEN,3.0,3.1,유해란,4,5,3,0,이재윤,1,11,3,1,0
GREEN,3.0,3.9,유해란,4,5,3,0,이재윤,1,12,3,0,0
GREEN,3.0,3.4,유해란,4,5,3,0,이재윤,1,15,3,1,0
GREEN,3.0,2.8,유해란,4,5,3,0,이재윤,1,16,2,0,1
GREEN,3.0,2.1,유해란,4,5,3,0,이재윤,1,17,2,0,1
GREEN,3.0,3.0,유해란,4,5,3,0,이재윤,2,2,2,0,1
GREEN,3.0,2.3,유해란,4,5,3,0,이재윤,2,4,3,1,0
GREEN,3.0,3.1,유해란,4,5,3,0,이재윤,3,1,3,1,0
GREEN,3.0,3.0,유해란,4,5,3,0,이재윤,3,3,2,0,1
GREEN,3.0,2.1,유해란,4,5,3,0,이재윤,3,6,3,0,0
GREEN,3.0,2.8,유해란,4,5,3,0,이재윤,3,7,3,0,0
GREEN,3.0,2.6,유해란,4,5,3,0,이재윤,3,12,2,0,1
GREEN,3.0,3.0,유해란,4,5,3,0,이재윤,3,13,3,1,0
GREEN,3.0,2.2,유해란,4,5,3,0,이재윤,4,3,2,0,1
GREEN,3.0,2.6,유해란,4,5,3,0,이재윤,4,4,2,0,1
GREEN,3.0,2.7,유해란,4,5,3,0,이재윤,4,6,2,-1,1
GREEN,3.0,2.8,유해란,4,5,3,0,이재윤,4,7,2,-1,1
GREEN,3.0,2.0,유해란,4,5,3,0,이재윤,4,10,2,0,1
GREEN,3.0,3.1,유해란,4,5,3,0,이재윤,4,18,3,0,0
GREEN,3.0,3.4,유해란,4,5,3,0,박서현,1,3,3,2,0
GREEN,3.0,2.0,유해란,4,5,3,0,박서현,1,8,3,1,0
GREEN,3.0,3.5,유해란,4,5,3,0,박서현,1,11,3,0,0
GREEN,3.0,2.7,유해란,4,5,3,0,박서현,1,16,2,-1,1
GREEN,3.0,2.4,유해란,4,5,3,0,박서현,2,6,2,0,1
GREEN,3.0,3.3,유해란,4,5,3,0,박서현,2,8,2,0,1
GREEN,3.0,3.6,유해란,4,5,3,0,박서현,2,10,3,0,0
GREEN,3.0,3.6,유해란,4,5,3,0,박서현,2,16,2,0,1
GREEN,3.0,2.7,유해란,4,5,3,0,박서현,3,15,3,1,0
GREEN,3.0,2.8,유해란,4,5,3,0,박서현,4,3,3,1,0
GREEN,3.0,3.7,유해란,4,5,3,0,박서현,4,4,3,1,0
GREEN,3.0,3.8,유해란,4,5,3,0,박서현,4,6,2,0,1
GREEN,3.0,3.4,유해란,4,5,3,0,박서현,4,9,4,2,-1
GREEN,3.0,3.4,유해란,4,5,3,0,박서현,4,13,2,0,1
GREEN,3.0,2.2,유해란,4,5,3,0,박서현,4,17,3,1,0
GREEN,1.0,0.5,유해란,4,5,2,0,이재윤,1,1,2,0,0
GREEN,1.0,0.5,유해란,4,5,2,0,이재윤,1,2,2,0,0
GREEN,1.0,1.3,유해란,4,5,2,0,이재윤,1,3,2,0,0
GREEN,1.0,0.5,유해란,4,5,2,0,이재윤,1,4,2,1,0
GREEN,1.0,0.8,유해란,4,5,2,0,이재윤,1,5,2,0,0
GREEN,1.0,0.5,유해란,4,5,2,0,이재윤,1,6,2,0,0
GREEN,1.0,0.5,유해란,4,5,2,0,이재윤,1,7,2,0,0
GREEN,1.0,0.2,유해란,4,5,2,0,이재윤,1,8,2,0,0
GREEN,1.0,1.4,유해란,4,5,2,0,이재윤,1,9,2,1,0
GREEN,1.0,0.8,유해란,4,5,2,0,이재윤,1,10,2,0,0
GREEN,1.0,0.7,유해란,4,5,2,0,이재윤,1,11,2,1,0
GREEN,1.0,0.3,유해란,4,5,2,0,이재윤,1,12,2,0,0
GREEN,1.0,0.9,유해란,4,5,2,0,이재윤,1,13,2,0,0
GREEN,1.0,1.6,유해란,4,5,2,0,이재윤,1,14,3,0,-1
GREEN,1.0,0.3,유해란,4,5,2,0,이재윤,1,14,2,0,0
GREEN,1.0,1.1,유해란,4,5,2,0,이재윤,1,15,2,1,0
GREEN,1.0,0.8,유해란,4,5,2,0,이재윤,1,18,2,0,0
GREEN,1.0,0.8,유해란,4,5,2,0,이재윤,2,3,2,0,0
GREEN,1.0,0.4,유해란,4,5,2,0,이재윤,2,4,2,1,0
GREEN,1.0,0.7,유해란,4,5,2,0,이재윤,2,5,2,0,0
GREEN,1.0,1.2,유해란,4,5,2,0,이재윤,2,6,2,0,0
GREEN,1.0,0.5,유해란,4,5,2,0,이재윤,2,7,2,0,0
GREEN,1.0,0.2,유해란,4,5,2,0,이재윤,2,8,2,0,0
GREEN,1.0,1.5,유해란,4,5,2,0,이재윤,2,9,2,0,0
GREEN,1.0,1.2,유해란,4,5,2,0,이재윤,2,10,2,0,0
GREEN,1.0,1.5,유해란,4,5,2,0,이재윤,2,11,2,1,0
GREEN,1.0,0.5,유해란,4,5,2,0,이재윤,2,12,2,0,0
GREEN,1.0,1.6,유해란,4,5,2,0,이재윤,2,13,2,-1,0
GREEN,1.0,1.5,유해란,4,5,2,0,이재윤,2,14,3,1,-1
GREEN,1.0,0.4,유해란,4,5,2,0,이재윤,2,14,2,1,0
GREEN,1.0,0.5,유해란,4,5,2,0,이재윤,2,15,2,1,0
GREEN,1.0,1.7,유해란,4,5,2,0,이재윤,2,16,2,0,0
GREEN,1.0,1.0,유해란,4,5,2,0,이재윤,2,17,2,0,0
GREEN,1.0,1.3,유해란,4,5,2,0,이재윤,2,18,2,0,0
GREEN,1.0,0.3,유해란,4,5,2,0,이재윤,3,1,2,1,0
GREEN,1.0,0.5,유해란,4,5,2,0,이재윤,3,2,2,0,0
GREEN,1.0,1.5,유해란,4,5,2,0,이재윤,3,4,2,0,0
GREEN,1.0,0.3,유해란,4,5,2,0,이재윤,3,5,2,0,0
GREEN,1.0,0.4,유해란,4,5,2,0,이재윤,3,6,2,0,0
GREEN,1.0,0.5,유해란,4,5,2,0,이재윤,3,7,2,0,0
GREEN,1.0,0.3,유해란,4,5,2,0,이재윤,3,8,2,0,0
GREEN,1.0,1.2,유해란,4,5,2,0,이재윤,3,9,2,0,0
GREEN,1.0,1.3,유해란,4,5,2,0,이재윤,3,10,2,1,0
GREEN,1.0,0.5,유해란,4,5,2,0,이재윤,3,11,2,0,0
GREEN,1.0,0.3,유해란,4,5,2,0,이재윤,3,13,2,1,0
GREEN,1.0,0.2,유해란,4,5,2,0,이재윤,3,14,2,0,0
GREEN,1.0,1.4,유해란,4,5,2,0,이재윤,3,15,2,0,0
GREEN,1.0,1.3,유해란,4,5,2,0,이재윤,3,17,2,0,0
GREEN,1.0,0.5,유해란,4,5,2,0,이재윤,3,18,2,0,0
GREEN,1.0,0.9,유해란,4,5,2,0,이재윤,4,1,2,0,0
GREEN,1.0,0.3,유해란,4,5,2,0,이재윤,4,2,2,1,0
GREEN,1.0,0.3,유해란,4,5,2,0,이재윤,4,5,2,0,0
GREEN,1.0,0.4,유해란,4,5,2,0,이재윤,4,8,2,0,0
GREEN,1.0,0.3,유해란,4,5,2,0,이재윤,4,9,2,0,0
GREEN,1.0,2.0,유해란,4,5,2,0,이재윤,4,10,2,0,0
GREEN,1.0,1.7,유해란,4,5,2,0,이재윤,4,11,2,0,0
GREEN,1.0,0.4,유해란,4,5,2,0,이재윤,4,12,2,0,0
GREEN,1.0,0.5,유해란,4,5,2,0,이재윤,4,13,2,0,0
GREEN,1.0,1.5,유해란,4,5,2,0,이재윤,4,14,3,1,-1
GREEN,1.0,1.0,유해란,4,5,2,0,이재윤,4,14,2,1,0
GREEN,1.0,1.2,유해란,4,5,2,0,이재윤,4,15,2,0,0
GREEN,1.0,0.5,유해란,4,5,2,0,이재윤,4,16,2,0,0
GREEN,1.0,1.8,유해란,4,5,2,0,이재윤,4,17,2,0,0
GREEN,1.0,0.3,유해란,4,5,2,0,이재윤,4,18,2,0,0
GREEN,1.0,0.4,유해란,4,5,2,0,박서현,1,2,2,0,0
GREEN,1.0,1.0,유해란,4,5,2,0,박서현,1,3,2,2,0
GREEN,1.0,0.5,유해란,4,5,2,0,박서현,1,4,2,0,0
GREEN,1.0,0.5,유해란,4,5,2,0,박서현,1,5,2,0,0
GREEN,1.0,0.4,유해란,4,5,2,0,박서현,1,6,2,1,0
GREEN,1.0,0.5,유해란,4,5,2,0,박서현,1,7,2,0,0
GREEN,1.0,2.0,유해란,4,5,2,0,박서현,1,8,3,1,-1
GREEN,1.0,0.5,유해란,4,5,2,0,박서현,1,8,2,1,0
GREEN,1.0,0.6,유해란,4,5,2,0,박서현,1,9,2,0,0
GREEN,1.0,0.3,유해란,4,5,2,0,박서현,1,10,2,0,0
GREEN,1.0,0.4,유해란,4,5,2,0,박서현,1,11,2,0,0
GREEN,1.0,1.1,유해란,4,5,2,0,박서현,1,13,2,1,0
GREEN,1.0,0.3,유해란,4,5,2,0,박서현,1,14,2,0,0
GREEN,1.0,0.5,유해란,4,5,2,0,박서현,1,15,2,1,0
GREEN,1.0,0.5,유해란,4,5,2,0,박서현,1,17,2,0,0
GREEN,1.0,0.3,유해란,4,5,2,0,박서현,2,1,2,0,0
GREEN,1.0,0.5,유해란,4,5,2,0,박서현,2,2,2,0,0
GREEN,1.0,0.5,유해란,4,5,2,0,박서현,2,3,2,0,0
GREEN,1.0,0.3,유해란,4,5,2,0,박서현,2,4,2,1,0
GREEN,1.0,1.2,유해란,4,5,2,0,박서현,2,5,3,1,-1
GREEN,1.0,0.4,유해란,4,5,2,0,박서현,2,5,2,1,0
GREEN,1.0,0.4,유해란,4,5,2,0,박서현,2,7,2,0,0
GREEN,1.0,1.5,유해란,4,5,2,0,박서현,2,9,2,0,0
GREEN,1.0,0.2,유해란,4,5,2,0,박서현,2,10,2,0,0
GREEN,1.0,1.5,유해란,4,5,2,0,박서현,2,11,2,1,0
GREEN,1.0,1.3,유해란,4,5,2,0,박서현,2,12,3,2,-1
GREEN,1.0,0.9,유해란,4,5,2,0,박서현,2,12,2,2,0
GREEN,1.0,0.4,유해란,4,5,2,0,박서현,2,13,2,0,0
GREEN,1.0,1.0,유해란,4,5,2,0,박서현,2,14,2,1,0
GREEN,1.0,1.3,유해란,4,5,2,0,박서현,2,15,2,0,0
GREEN,1.0,0.2,유해란,4,5,2,0,박서현,2,17,2,0,0
GREEN,1.0,1.3,유해란,4,5,2,0,박서현,2,18,2,0,0
GREEN,1.0,1.3,유해란,4,5,2,0,박서현,3,1,2,0,0
GREEN,1.0,1.4,유해란,4,5,2,0,박서현,3,2,2,0,0
GREEN,1.0,0.4,유해란,4,5,2,0,박서현,3,3,2,1,0
GREEN,1.0,0.5,유해란,4,5,2,0,박서현,3,4,2,0,0
GREEN,1.0,1.2,유해란,4,5,2,0,박서현,3,5,2,0,0
GREEN,1.0,0.3,유해란,4,5,2,0,박서현,3,6,2,0,0
GREEN,1.0,0.5,유해란,4,5,2,0,박서현,3,7,2,0,0
GREEN,1.0,0.3,유해란,4,5,2,0,박서현,3,8,2,3,0
GREEN,1.0,0.2,유해란,4,5,2,0,박서현,3,9,2,2,0
GREEN,1.0,1.9,유해란,4,5,2,0,박서현,3,10,3,1,-1
GREEN,1.0,0.9,유해란,4,5,2,0,박서현,3,10,2,1,0
GREEN,1.0,1.0,유해란,4,5,2,0,박서현,3,11,2,0,0
GREEN,1.0,1.2,유해란,4,5,2,0,박서현,3,12,2,0,0
GREEN,1.0,1.3,유해란,4,5,2,0,박서현,3,13,3,1,-1
GREEN,1.0,1.0,유해란,4,5,2,0,박서현,3,13,2,1,0
GREEN,1.0,0.4,유해란,4,5,2,0,박서현,3,14,2,0,0
GREEN,1.0,1.4,유해란,4,5,2,0,박서현,3,15,2,1,0
GREEN,1.0,0.3,유해란,4,5,2,0,박서현,3,16,2,0,0
GREEN,1.0,1.9,유해란,4,5,2,0,박서현,3,17,2,0,0
GREEN,1.0,0.5,유해란,4,5,2,0,박서현,3,18,2,0,0
GREEN,1.0,1.1,유해란,4,5,2,0,박서현,4,1,2,0,0
GREEN,1.0,0.2,유해란,4,5,2,0,박서현,4,2,2,0,0
GREEN,1.0,0.5,유해란,4,5,2,0,박서현,4,3,2,1,0
GREEN,1.0,0.3,유해란,4,5,2,0,박서현,4,4,2,1,0
GREEN,1.0,0.3,유해란,4,5,2,0,박서현,4,5,2,0,0
GREEN,1.0,0.3,유해란,4,5,2,0,박서현,4,8,2,0,0
GREEN,1.0,1.7,유해란,4,5,2,0,박서현,4,9,3,2,-1
GREEN,1.0,0.4,유해란,4,5,2,0,박서현,4,9,2,2,0
GREEN,1.0,1.6,유해란,4,5,2,0,박서현,4,10,2,1,0
GREEN,1.0,0.4,유해란,4,5,2,0,박서현,4,11,2,0,0
GREEN,1.0,1.9,유해란,4,5,2,0,박서현,4,12,3,1,-1
GREEN,1.0,0.8,유해란,4,5,2,0,박서현,4,12,2,1,0
GREEN,1.0,1.6,유해란,4,5,2,0,박서현,4,14,3,1,-1
GREEN,1.0,0.2,유해란,4,5,2,0,박서현,4,14,2,1,0
GREEN,1.0,0.7,유해란,4,5,2,0,박서현,4,15,2,0,0
GREEN,1.0,1.3,유해란,4,5,2,0,박서현,4,16,2,0,0
GREEN,1.0,0.5,유해란,4,5,2,0,박서현,4,17,2,1,0
GREEN,1.0,1.3,유해란,4,5,2,0,박서현,4,18,2,1,0
FAIRWAY,122.7,123.0,유해란,4,6,3,-1,박서현,3,7,4,0,-1
FAIRWAY,122.7,122.0,유해란,4,6,3,-1,박서현,3,18,4,0,-1
GREEN,8.0,8.6,유해란,4,6,2,-1,이재윤,1,13,3,0,-1
GREEN,8.0,7.6,유해란,4,6,2,-1,이재윤,2,7,3,0,-1
GREEN,8.0,7.3,유해란,4,6,2,-1,이재윤,2,15,3,1,-1
GREEN,8.0,7.3,유해란,4,6,2,-1,이재윤,2,16,3,0,-1
GREEN,8.0,9.0,유해란,4,6,2,-1,이재윤,2,17,3,0,-1
GREEN,8.0,7.8,유해란,4,6,2,-1,이재윤,2,18,3,0,-1
GREEN,8.0,7.9,유해란,4,6,2,-1,이재윤,3,14,3,0,-1
GREEN,8.0,7.6,유해란,4,6,2,-1,이재윤,3,18,3,0,-1
GREEN,8.0,7.4,유해란,4,6,2,-1,이재윤,4,5,3,0,-1
GREEN,8.0,7.2,유해란,4,6,2,-1,이재윤,4,9,3,0,-1
GREEN,8.0,7.7,유해란,4,6,2,-1,박서현,1,1,2,-1,0
GREEN,8.0,7.2,유해란,4,6,2,-1,박서현,1,5,3,0,-1
GREEN,8.0,7.5,유해란,4,6,2,-1,박서현,1,13,3,1,-1
GREEN,8.0,7.8,유해란,4,6,2,-1,박서현,2,1,3,0,-1
GREEN,8.0,7.5,유해란,4,6,2,-1,박서현,3,6,3,0,-1
GREEN,8.0,8.2,유해란,4,6,2,-1,박서현,3,12,3,0,-1
GREEN,8.0,7.1,유해란,4,6,2,-1,박서현,4,1,3,0,-1
GREEN,8.0,7.6,유해란,4,6,2,-1,박서현,4,8,3,0,-1
GREEN,7.5,6.6,유해란,4,7,3,0,이재윤,1,2,3,0,0
GREEN,7.5,7.6,유해란,4,7,3,0,이재윤,2,7,3,0,0
GREEN,7.5,7.3,유해란,4,7,3,0,이재윤,2,15,3,1,0
GREEN,7.5,7.3,유해란,4,7,3,0,이재윤,2,16,3,0,0
GREEN,7.5,7.8,유해란,4,7,3,0,이재윤,2,18,3,0,0
GREEN,7.5,6.5,유해란,4,7,3,0,이재윤,3,10,3,1,0
GREEN,7.5,7.9,유해란,4,7,3,0,이재윤,3,14,3,0,0
GREEN,7.5,7.6,유해란,4,7,3,0,이재윤,3,18,3,0,0
GREEN,7.5,7.4,유해란,4,7,3,0,이재윤,4,5,3,0,0
GREEN,7.5,7.2,유해란,4,7,3,0,이재윤,4,9,3,0,0
GREEN,7.5,6.8,유해란,4,7,3,0,이재윤,4,15,3,0,0
GREEN,7.5,7.7,유해란,4,7,3,0,박서현,1,1,2,-1,1
GREEN,7.5,7.2,유해란,4,7,3,0,박서현,1,5,3,0,0
GREEN,7.5,6.9,유해란,4,7,3,0,박서현,1,6,3,1,0
GREEN,7.5,7.5,유해란,4,7,3,0,박서현,1,13,3,1,0
GREEN,7.5,6.6,유해란,4,7,3,0,박서현,1,15,3,1,0
GREEN,7.5,7.8,유해란,4,7,3,0,박서현,2,1,3,0,0
GREEN,7.5,7.5,유해란,4,7,3,0,박서현,3,6,3,0,0
GREEN,7.5,8.2,유해란,4,7,3,0,박서현,3,12,3,0,0
GREEN,7.5,7.1,유해란,4,7,3,0,박서현,4,1,3,0,0
GREEN,7.5,6.7,유해란,4,7,3,0,박서현,4,5,3,0,0
GREEN,7.5,7.6,유해란,4,7,3,0,박서현,4,8,3,0,0
GREEN,0.2,0.5,유해란,4,7,2,0,이재윤,1,1,2,0,0
GREEN,0.2,0.5,유해란,4,7,2,0,이재윤,1,2,2,0,0
GREEN,0.2,0.5,유해란,4,7,2,0,이재윤,1,4,2,1,0
GREEN,0.2,0.8,유해란,4,7,2,0,이재윤,1,5,2,0,0
GREEN,0.2,0.5,유해란,4,7,2,0,이재윤,1,6,2,0,0
GREEN,0.2,0.5,유해란,4,7,2,0,이재윤,1,7,2,0,0
GREEN,0.2,0.2,유해란,4,7,2,0,이재윤,1,8,2,0,0
GREEN,0.2,0.8,유해란,4,7,2,0,이재윤,1,10,2,0,0
GREEN,0.2,0.7,유해란,4,7,2,0,이재윤,1,11,2,1,0
GREEN,0.2,0.3,유해란,4,7,2,0,이재윤,1,12,2,0,0
GREEN,0.2,0.9,유해란,4,7,2,0,이재윤,1,13,2,0,0
GREEN,0.2,0.3,유해란,4,7,2,0,이재윤,1,14,2,0,0
GREEN,0.2,1.1,유해란,4,7,2,0,이재윤,1,15,2,1,0
GREEN,0.2,0.8,유해란,4,7,2,0,이재윤,1,18,2,0,0
GREEN,0.2,0.8,유해란,4,7,2,0,이재윤,2,3,2,0,0
GREEN,0.2,0.4,유해란,4,7,2,0,이재윤,2,4,2,1,0
GREEN,0.2,0.7,유해란,4,7,2,0,이재윤,2,5,2,0,0
GREEN,0.2,1.2,유해란,4,7,2,0,이재윤,2,6,2,0,0
GREEN,0.2,0.5,유해란,4,7,2,0,이재윤,2,7,2,0,0
GREEN,0.2,0.2,유해란,4,7,2,0,이재윤,2,8,2,0,0
GREEN,0.2,1.2,유해란,4,7,2,0,이재윤,2,10,2,0,0
GREEN,0.2,0.5,유해란,4,7,2,0,이재윤,2,12,2,0,0
GREEN,0.2,0.4,유해란,4,7,2,0,이재윤,2,14,2,1,0
GREEN,0.2,0.5,유해란,4,7,2,0,이재윤,2,15,2,1,0
GREEN,0.2,1.0,유해란,4,7,2,0,이재윤,2,17,2,0,0
GREEN,0.2,0.3,유해란,4,7,2,0,이재윤,3,1,2,1,0
GREEN,0.2,0.5,유해란,4,7,2,0,이재윤,3,2,2,0,0
GREEN,0.2,0.3,유해란,4,7,2,0,이재윤,3,5,2,0,0
GREEN,0.2,0.4,유해란,4,7,2,0,이재윤,3,6,2,0,0
GREEN,0.2,0.5,유해란,4,7,2,0,이재윤,3,7,2,0,0
GREEN,0.2,0.3,유해란,4,7,2,0,이재윤,3,8,2,0,0
GREEN,0.2,1.2,유해란,4,7,2,0,이재윤,3,9,2,0,0
GREEN,0.2,0.5,유해란,4,7,2,0,이재윤,3,11,2,0,0
GREEN,0.2,0.3,유해란,4,7,2,0,이재윤,3,13,2,1,0
GREEN,0.2,0.2,유해란,4,7,2,0,이재윤,3,14,2,0,0
GREEN,0.2,0.5,유해란,4,7,2,0,이재윤,3,18,2,0,0
GREEN,0.2,0.9,유해란,4,7,2,0,이재윤,4,1,2,0,0
GREEN,0.2,0.3,유해란,4,7,2,0,이재윤,4,2,2,1,0
GREEN,0.2,0.3,유해란,4,7,2,0,이재윤,4,5,2,0,0
GREEN,0.2,0.4,유해란,4,7,2,0,이재윤,4,8,2,0,0
GREEN,0.2,0.3,유해란,4,7,2,0,이재윤,4,9,2,0,0
GREEN,0.2,0.4,유해란,4,7,2,0,이재윤,4,12,2,0,0
GREEN,0.2,0.5,유해란,4,7,2,0,이재윤,4,13,2,0,0
GREEN,0.2,1.0,유해란,4,7,2,0,이재윤,4,14,2,1,0
GREEN,0.2,1.2,유해란,4,7,2,0,이재윤,4,15,2,0,0
GREEN,0.2,0.5,유해란,4,7,2,0,이재윤,4,16,2,0,0
GREEN,0.2,0.3,유해란,4,7,2,0,이재윤,4,18,2,0,0
GREEN,0.2,0.4,유해란,4,7,2,0,박서현,1,2,2,0,0
GREEN,0.2,1.0,유해란,4,7,2,0,박서현,1,3,2,2,0
GREEN,0.2,0.5,유해란,4,7,2,0,박서현,1,4,2,0,0
GREEN,0.2,0.5,유해란,4,7,2,0,박서현,1,5,2,0,0
GREEN,0.2,0.4,유해란,4,7,2,0,박서현,1,6,2,1,0
GREEN,0.2,0.5,유해란,4,7,2,0,박서현,1,7,2,0,0
GREEN,0.2,0.5,유해란,4,7,2,0,박서현,1,8,2,1,0
GREEN,0.2,0.6,유해란,4,7,2,0,박서현,1,9,2,0,0
GREEN,0.2,0.3,유해란,4,7,2,0,박서현,1,10,2,0,0
GREEN,0.2,0.4,유해란,4,7,2,0,박서현,1,11,2,0,0
GREEN,0.2,1.1,유해란,4,7,2,0,박서현,1,13,2,1,0
GREEN,0.2,0.3,유해란,4,7,2,0,박서현,1,14,2,0,0
GREEN,0.2,0.5,유해란,4,7,2,0,박서현,1,15,2,1,0
GREEN,0.2,0.5,유해란,4,7,2,0,박서현,1,17,2,0,0
GREEN,0.2,0.3,유해란,4,7,2,0,박서현,2,1,2,0,0
GREEN,0.2,0.5,유해란,4,7,2,0,박서현,2,2,2,0,0
GREEN,0.2,0.5,유해란,4,7,2,0,박서현,2,3,2,0,0
GREEN,0.2,0.3,유해란,4,7,2,0,박서현,2,4,2,1,0
GREEN,0.2,1.2,유해란,4,7,2,0,박서현,2,5,3,1,-1
GREEN,0.2,0.4,유해란,4,7,2,0,박서현,2,5,2,1,0
GREEN,0.2,0.4,유해란,4,7,2,0,박서현,2,7,2,0,0
GREEN,0.2,0.2,유해란,4,7,2,0,박서현,2,10,2,0,0
GREEN,0.2,0.9,유해란,4,7,2,0,박서현,2,12,2,2,0
GREEN,0.2,0.4,유해란,4,7,2,0,박서현,2,13,2,0,0
GREEN,0.2,1.0,유해란,4,7,2,0,박서현,2,14,2,1,0
GREEN,0.2,0.2,유해란,4,7,2,0,박서현,2,17,2,0,0
GREEN,0.2,0.4,유해란,4,7,2,0,박서현,3,3,2,1,0
GREEN,0.2,0.5,유해란,4,7,2,0,박서현,3,4,2,0,0
GREEN,0.2,1.2,유해란,4,7,2,0,박서현,3,5,2,0,0
GREEN,0.2,0.3,유해란,4,7,2,0,박서현,3,6,2,0,0
GREEN,0.2,0.5,유해란,4,7,2,0,박서현,3,7,2,0,0
GREEN,0.2,0.3,유해란,4,7,2,0,박서현,3,8,2,3,0
GREEN,0.2,0.2,유해란,4,7,2,0,박서현,3,9,2,2,0
GREEN,0.2,0.9,유해란,4,7,2,0,박서현,3,10,2,1,0
GREEN,0.2,1.0,유해란,4,7,2,0,박서현,3,11,2,0,0
GREEN,0.2,1.2,유해란,4,7,2,0,박서현,3,12,2,0,0
GREEN,0.2,1.0,유해란,4,7,2,0,박서현,3,13,2,1,0
GREEN,0.2,0.4,유해란,4,7,2,0,박서현,3,14,2,0,0
GREEN,0.2,0.3,유해란,4,7,2,0,박서현,3,16,2,0,0
GREEN,0.2,0.5,유해란,4,7,2,0,박서현,3,18,2,0,0
GREEN,0.2,1.1,유해란,4,7,2,0,박서현,4,1,2,0,0
GREEN,0.2,0.2,유해란,4,7,2,0,박서현,4,2,2,0,0
GREEN,0.2,0.5,유해란,4,7,2,0,박서현,4,3,2,1,0
GREEN,0.2,0.3,유해란,4,7,2,0,박서현,4,4,2,1,0
GREEN,0.2,0.3,유해란,4,7,2,0,박서현,4,5,2,0,0
GREEN,0.2,0.3,유해란,4,7,2,0,박서현,4,8,2,0,0
GREEN,0.2,0.4,유해란,4,7,2,0,박서현,4,9,2,2,0
GREEN,0.2,0.4,유해란,4,7,2,0,박서현,4,11,2,0,0
GREEN,0.2,0.8,유해란,4,7,2,0,박서현,4,12,2,1,0
GREEN,0.2,0.2,유해란,4,7,2,0,박서현,4,14,2,1,0
GREEN,0.2,0.7,유해란,4,7,2,0,박서현,4,15,2,0,0
GREEN,0.2,0.5,유해란,4,7,2,0,박서현,4,17,2,1,0
ROUGH,11.2,10.2,유해란,4,8,3,0,이재윤,2,4,4,1,-1
ROUGH,11.2,10.8,유해란,4,8,3,0,이재윤,4,2,4,1,-1
ROUGH,11.2,11.6,유해란,4,8,3,0,박서현,3,11,3,0,0
GREEN,1.1,0.5,유해란,4,8,2,0,이재윤,1,1,2,0,0
GREEN,1.1,0.5,유해란,4,8,2,0,이재윤,1,2,2,0,0
GREEN,1.1,1.3,유해란,4,8,2,0,이재윤,1,3,2,0,0
GREEN,1.1,0.5,유해란,4,8,2,0,이재윤,1,4,2,1,0
GREEN,1.1,0.8,유해란,4,8,2,0,이재윤,1,5,2,0,0
GREEN,1.1,0.5,유해란,4,8,2,0,이재윤,1,6,2,0,0
GREEN,1.1,0.5,유해란,4,8,2,0,이재윤,1,7,2,0,0
GREEN,1.1,0.2,유해란,4,8,2,0,이재윤,1,8,2,0,0
GREEN,1.1,1.4,유해란,4,8,2,0,이재윤,1,9,2,1,0
GREEN,1.1,0.8,유해란,4,8,2,0,이재윤,1,10,2,0,0
GREEN,1.1,0.7,유해란,4,8,2,0,이재윤,1,11,2,1,0
GREEN,1.1,0.3,유해란,4,8,2,0,이재윤,1,12,2,0,0
GREEN,1.1,0.9,유해란,4,8,2,0,이재윤,1,13,2,0,0
GREEN,1.1,1.6,유해란,4,8,2,0,이재윤,1,14,3,0,-1
GREEN,1.1,0.3,유해란,4,8,2,0,이재윤,1,14,2,0,0
GREEN,1.1,1.1,유해란,4,8,2,0,이재윤,1,15,2,1,0
GREEN,1.1,2.1,유해란,4,8,2,0,이재윤,1,17,2,0,0
GREEN,1.1,0.8,유해란,4,8,2,0,이재윤,1,18,2,0,0
GREEN,1.1,0.8,유해란,4,8,2,0,이재윤,2,3,2,0,0
GREEN,1.1,0.4,유해란,4,8,2,0,이재윤,2,4,2,1,0
GREEN,1.1,0.7,유해란,4,8,2,0,이재윤,2,5,2,0,0
GREEN,1.1,1.2,유해란,4,8,2,0,이재윤,2,6,2,0,0
GREEN,1.1,0.5,유해란,4,8,2,0,이재윤,2,7,2,0,0
GREEN,1.1,0.2,유해란,4,8,2,0,이재윤,2,8,2,0,0
GREEN,1.1,1.5,유해란,4,8,2,0,이재윤,2,9,2,0,0
GREEN,1.1,1.2,유해란,4,8,2,0,이재윤,2,10,2,0,0
GREEN,1.1,1.5,유해란,4,8,2,0,이재윤,2,11,2,1,0
GREEN,1.1,0.5,유해란,4,8,2,0,이재윤,2,12,2,0,0
GREEN,1.1,1.6,유해란,4,8,2,0,이재윤,2,13,2,-1,0
GREEN,1.1,1.5,유해란,4,8,2,0,이재윤,2,14,3,1,-1
GREEN,1.1,0.4,유해란,4,8,2,0,이재윤,2,14,2,1,0
GREEN,1.1,0.5,유해란,4,8,2,0,이재윤,2,15,2,1,0
GREEN,1.1,1.7,유해란,4,8,2,0,이재윤,2,16,2,0,0
GREEN,1.1,1.0,유해란,4,8,2,0,이재윤,2,17,2,0,0
GREEN,1.1,1.3,유해란,4,8,2,0,이재윤,2,18,2,0,0
GREEN,1.1,0.3,유해란,4,8,2,0,이재윤,3,1,2,1,0
GREEN,1.1,0.5,유해란,4,8,2,0,이재윤,3,2,2,0,0
GREEN,1.1,1.5,유해란,4,8,2,0,이재윤,3,4,2,0,0
GREEN,1.1,0.3,유해란,4,8,2,0,이재윤,3,5,2,0,0
GREEN,1.1,2.1,유해란,4,8,2,0,이재윤,3,6,3,0,-1
GREEN,1.1,0.4,유해란,4,8,2,0,이재윤,3,6,2,0,0
GREEN,1.1,0.5,유해란,4,8,2,0,이재윤,3,7,2,0,0
GREEN,1.1,0.3,유해란,4,8,2,0,이재윤,3,8,2,0,0
GREEN,1.1,1.2,유해란,4,8,2,0,이재윤,3,9,2,0,0
GREEN,1.1,1.3,유해란,4,8,2,0,이재윤,3,10,2,1,0
GREEN,1.1,0.5,유해란,4,8,2,0,이재윤,3,11,2,0,0
GREEN,1.1,0.3,유해란,4,8,2,0,이재윤,3,13,2,1,0
GREEN,1.1,0.2,유해란,4,8,2,0,이재윤,3,14,2,0,0
GREEN,1.1,1.4,유해란,4,8,2,0,이재윤,3,15,2,0,0
GREEN,1.1,1.3,유해란,4,8,2,0,이재윤,3,17,2,0,0
GREEN,1.1,0.5,유해란,4,8,2,0,이재윤,3,18,2,0,0
GREEN,1.1,0.9,유해란,4,8,2,0,이재윤,4,1,2,0,0
GREEN,1.1,0.3,유해란,4,8,2,0,이재윤,4,2,2,1,0
GREEN,1.1,0.3,유해란,4,8,2,0,이재윤,4,5,2,0,0
GREEN,1.1,0.4,유해란,4,8,2,0,이재윤,4,8,2,0,0
GREEN,1.1,0.3,유해란,4,8,2,0,이재윤,4,9,2,0,0
GREEN,1.1,2.0,유해란,4,8,2,0,이재윤,4,10,2,0,0
GREEN,1.1,1.7,유해란,4,8,2,0,이재윤,4,11,2,0,0
GREEN,1.1,0.4,유해란,4,8,2,0,이재윤,4,12,2,0,0
GREEN,1.1,0.5,유해란,4,8,2,0,이재윤,4,13,2,0,0
GREEN,1.1,1.5,유해란,4,8,2,0,이재윤,4,14,3,1,-1
GREEN,1.1,1.0,유해란,4,8,2,0,이재윤,4,14,2,1,0
GREEN,1.1,1.2,유해란,4,8,2,0,이재윤,4,15,2,0,0
GREEN,1.1,0.5,유해란,4,8,2,0,이재윤,4,16,2,0,0
GREEN,1.1,1.8,유해란,4,8,2,0,이재윤,4,17,2,0,0
GREEN,1.1,0.3,유해란,4,8,2,0,이재윤,4,18,2,0,0
GREEN,1.1,0.4,유해란,4,8,2,0,박서현,1,2,2,0,0
GREEN,1.1,1.0,유해란,4,8,2,0,박서현,1,3,2,2,0
GREEN,1.1,0.5,유해란,4,8,2,0,박서현,1,4,2,0,0
GREEN,1.1,0.5,유해란,4,8,2,0,박서현,1,5,2,0,0
GREEN,1.1,0.4,유해란,4,8,2,0,박서현,1,6,2,1,0
GREEN,1.1,0.5,유해란,4,8,2,0,박서현,1,7,2,0,0
GREEN,1.1,2.0,유해란,4,8,2,0,박서현,1,8,3,1,-1
GREEN,1.1,0.5,유해란,4,8,2,0,박서현,1,8,2,1,0
GREEN,1.1,0.6,유해란,4,8,2,0,박서현,1,9,2,0,0
GREEN,1.1,0.3,유해란,4,8,2,0,박서현,1,10,2,0,0
GREEN,1.1,0.4,유해란,4,8,2,0,박서현,1,11,2,0,0
GREEN,1.1,1.1,유해란,4,8,2,0,박서현,1,13,2,1,0
GREEN,1.1,0.3,유해란,4,8,2,0,박서현,1,14,2,0,0
GREEN,1.1,0.5,유해란,4,8,2,0,박서현,1,15,2,1,0
GREEN,1.1,0.5,유해란,4,8,2,0,박서현,1,17,2,0,0
GREEN,1.1,0.3,유해란,4,8,2,0,박서현,2,1,2,0,0
GREEN,1.1,0.5,유해란,4,8,2,0,박서현,2,2,2,0,0
GREEN,1.1,0.5,유해란,4,8,2,0,박서현,2,3,2,0,0
GREEN,1.1,0.3,유해란,4,8,2,0,박서현,2,4,2,1,0
GREEN,1.1,1.2,유해란,4,8,2,0,박서현,2,5,3,1,-1
GREEN,1.1,0.4,유해란,4,8,2,0,박서현,2,5,2,1,0
GREEN,1.1,0.4,유해란,4,8,2,0,박서현,2,7,2,0,0
GREEN,1.1,1.5,유해란,4,8,2,0,박서현,2,9,2,0,0
GREEN,1.1,0.2,유해란,4,8,2,0,박서현,2,10,2,0,0
GREEN,1.1,1.5,유해란,4,8,2,0,박서현,2,11,2,1,0
GREEN,1.1,1.3,유해란,4,8,2,0,박서현,2,12,3,2,-1
GREEN,1.1,0.9,유해란,4,8,2,0,박서현,2,12,2,2,0
GREEN,1.1,0.4,유해란,4,8,2,0,박서현,2,13,2,0,0
GREEN,1.1,1.0,유해란,4,8,2,0,박서현,2,14,2,1,0
GREEN,1.1,1.3,유해란,4,8,2,0,박서현,2,15,2,0,0
GREEN,1.1,0.2,유해란,4,8,2,0,박서현,2,17,2,0,0
GREEN,1.1,1.3,유해란,4,8,2,0,박서현,2,18,2,0,0
GREEN,1.1,1.3,유해란,4,8,2,0,박서현,3,1,2,0,0
GREEN,1.1,1.4,유해란,4,8,2,0,박서현,3,2,2,0,0
GREEN,1.1,0.4,유해란,4,8,2,0,박서현,3,3,2,1,0
GREEN,1.1,0.5,유해란,4,8,2,0,박서현,3,4,2,0,0
GREEN,1.1,1.2,유해란,4,8,2,0,박서현,3,5,2,0,0
GREEN,1.1,0.3,유해란,4,8,2,0,박서현,3,6,2,0,0
GREEN,1.1,0.5,유해란,4,8,2,0,박서현,3,7,2,0,0
GREEN,1.1,0.3,유해란,4,8,2,0,박서현,3,8,2,3,0
GREEN,1.1,0.2,유해란,4,8,2,0,박서현,3,9,2,2,0
GREEN,1.1,1.9,유해란,4,8,2,0,박서현,3,10,3,1,-1
GREEN,1.1,0.9,유해란,4,8,2,0,박서현,3,10,2,1,0
GREEN,1.1,1.0,유해란,4,8,2,0,박서현,3,11,2,0,0
GREEN,1.1,1.2,유해란,4,8,2,0,박서현,3,12,2,0,0
GREEN,1.1,1.3,유해란,4,8,2,0,박서현,3,13,3,1,-1
GREEN,1.1,1.0,유해란,4,8,2,0,박서현,3,13,2,1,0
GREEN,1.1,0.4,유해란,4,8,2,0,박서현,3,14,2,0,0
GREEN,1.1,1.4,유해란,4,8,2,0,박서현,3,15,2,1,0
GREEN,1.1,0.3,유해란,4,8,2,0,박서현,3,16,2,0,0
GREEN,1.1,1.9,유해란,4,8,2,0,박서현,3,17,2,0,0
GREEN,1.1,0.5,유해란,4,8,2,0,박서현,3,18,2,0,0
GREEN,1.1,1.1,유해란,4,8,2,0,박서현,4,1,2,0,0
GREEN,1.1,0.2,유해란,4,8,2,0,박서현,4,2,2,0,0
GREEN,1.1,0.5,유해란,4,8,2,0,박서현,4,3,2,1,0
GREEN,1.1,0.3,유해란,4,8,2,0,박서현,4,4,2,1,0
GREEN,1.1,0.3,유해란,4,8,2,0,박서현,4,5,2,0,0
GREEN,1.1,0.3,유해란,4,8,2,0,박서현,4,8,2,0,0
GREEN,1.1,1.7,유해란,4,8,2,0,박서현,4,9,3,2,-1
GREEN,1.1,0.4,유해란,4,8,2,0,박서현,4,9,2,2,0
GREEN,1.1,1.6,유해란,4,8,2,0,박서현,4,10,2,1,0
GREEN,1.1,0.4,유해란,4,8,2,0,박서현,4,11,2,0,0
GREEN,1.1,1.9,유해란,4,8,2,0,박서현,4,12,3,1,-1
GREEN,1.1,0.8,유해란,4,8,2,0,박서현,4,12,2,1,0
GREEN,1.1,1.6,유해란,4,8,2,0,박서현,4,14,3,1,-1
GREEN,1.1,0.2,유해란,4,8,2,0,박서현,4,14,2,1,0
GREEN,1.1,0.7,유해란,4,8,2,0,박서현,4,15,2,0,0
GREEN,1.1,1.3,유해란,4,8,2,0,박서현,4,16,2,0,0
GREEN,1.1,0.5,유해란,4,8,2,0,박서현,4,17,2,1,0
GREEN,1.1,1.3,유해란,4,8,2,0,박서현,4,18,2,1,0
ROUGH,103.5,102.9,유해란,4,9,4,0,이재윤,4,7,3,-1,1
GREEN,5.3,5.3,유해란,4,9,3,0,이재윤,1,1,3,0,0
GREEN,5.3,5.2,유해란,4,9,3,0,이재윤,2,1,2,0,1
GREEN,5.3,6.1,유해란,4,9,3,0,이재윤,3,2,3,0,0
GREEN,5.3,6.2,유해란,4,9,3,0,이재윤,3,11,3,0,0
GREEN,5.3,5.9,유해란,4,9,3,0,이재윤,3,16,2,-1,1
GREEN,5.3,4.5,유해란,4,9,3,0,이재윤,4,11,3,0,0
GREEN,5.3,5.0,유해란,4,9,3,0,이재윤,4,16,3,0,0
GREEN,5.3,5.9,유해란,4,9,3,0,박서현,1,4,3,0,0
GREEN,5.3,4.3,유해란,4,9,3,0,박서현,1,14,3,0,0
GREEN,5.3,4.8,유해란,4,9,3,0,박서현,1,17,3,0,0
GREEN,5.3,6.1,유해란,4,9,3,0,박서현,2,2,3,0,0
GREEN,5.3,5.3,유해란,4,9,3,0,박서현,2,3,3,0,0
GREEN,5.3,6.1,유해란,4,9,3,0,박서현,2,4,3,1,0
GREEN,5.3,5.1,유해란,4,9,3,0,박서현,2,17,3,0,0
GREEN,5.3,5.6,유해란,4,9,3,0,박서현,3,1,3,0,0
GREEN,5.3,4.6,유해란,4,9,3,0,박서현,3,4,3,0,0
GREEN,5.3,4.3,유해란,4,9,3,0,박서현,3,9,3,2,0
GREEN,5.3,4.8,유해란,4,9,3,0,박서현,3,13,4,1,-1
GREEN,5.3,5.4,유해란,4,9,3,0,박서현,3,14,3,0,0
GREEN,5.3,5.6,유해란,4,9,3,0,박서현,3,16,3,0,0
GREEN,5.3,6.2,유해란,4,9,3,0,박서현,4,7,2,-1,1
GREEN,5.3,5.5,유해란,4,9,3,0,박서현,4,10,3,1,0
GREEN,5.3,4.5,유해란,4,9,3,0,박서현,4,11,3,0,0
GREEN,0.5,0.5,유해란,4,9,2,0,이재윤,1,1,2,0,0
GREEN,0.5,0.5,유해란,4,9,2,0,이재윤,1,2,2,0,0
GREEN,0.5,1.3,유해란,4,9,2,0,이재윤,1,3,2,0,0
GREEN,0.5,0.5,유해란,4,9,2,0,이재윤,1,4,2,1,0
GREEN,0.5,0.8,유해란,4,9,2,0,이재윤,1,5,2,0,0
GREEN,0.5,0.5,유해란,4,9,2,0,이재윤,1,6,2,0,0
GREEN,0.5,0.5,유해란,4,9,2,0,이재윤,1,7,2,0,0
GREEN,0.5,0.2,유해란,4,9,2,0,이재윤,1,8,2,0,0
GREEN,0.5,1.4,유해란,4,9,2,0,이재윤,1,9,2,1,0
GREEN,0.5,0.8,유해란,4,9,2,0,이재윤,1,10,2,0,0
GREEN,0.5,0.7,유해란,4,9,2,0,이재윤,1,11,2,1,0
GREEN,0.5,0.3,유해란,4,9,2,0,이재윤,1,12,2,0,0
GREEN,0.5,0.9,유해란,4,9,2,0,이재윤,1,13,2,0,0
GREEN,0.5,0.3,유해란,4,9,2,0,이재윤,1,14,2,0,0
GREEN,0.5,1.1,유해란,4,9,2,0,이재윤,1,15,2,1,0
GREEN,0.5,0.8,유해란,4,9,2,0,이재윤,1,18,2,0,0
GREEN,0.5,0.8,유해란,4,9,2,0,이재윤,2,3,2,0,0
GREEN,0.5,0.4,유해란,4,9,2,0,이재윤,2,4,2,1,0
GREEN,0.5,0.7,유해란,4,9,2,0,이재윤,2,5,2,0,0
GREEN,0.5,1.2,유해란,4,9,2,0,이재윤,2,6,2,0,0
GREEN,0.5,0.5,유해란,4,9,2,0,이재윤,2,7,2,0,0
GREEN,0.5,0.2,유해란,4,9,2,0,이재윤,2,8,2,0,0
GREEN,0.5,1.5,유해란,4,9,2,0,이재윤,2,9,2,0,0
GREEN,0.5,1.2,유해란,4,9,2,0,이재윤,2,10,2,0,0
GREEN,0.5,1.5,유해란,4,9,2,0,이재윤,2,11,2,1,0
GREEN,0.5,0.5,유해란,4,9,2,0,이재윤,2,12,2,0,0
GREEN,0.5,1.5,유해란,4,9,2,0,이재윤,2,14,3,1,-1
GREEN,0.5,0.4,유해란,4,9,2,0,이재윤,2,14,2,1,0
GREEN,0.5,0.5,유해란,4,9,2,0,이재윤,2,15,2,1,0
GREEN,0.5,1.0,유해란,4,9,2,0,이재윤,2,17,2,0,0
GREEN,0.5,1.3,유해란,4,9,2,0,이재윤,2,18,2,0,0
GREEN,0.5,0.3,유해란,4,9,2,0,이재윤,3,1,2,1,0
GREEN,0.5,0.5,유해란,4,9,2,0,이재윤,3,2,2,0,0
GREEN,0.5,1.5,유해란,4,9,2,0,이재윤,3,4,2,0,0
GREEN,0.5,0.3,유해란,4,9,2,0,이재윤,3,5,2,0,0
GREEN,0.5,0.4,유해란,4,9,2,0,이재윤,3,6,2,0,0
GREEN,0.5,0.5,유해란,4,9,2,0,이재윤,3,7,2,0,0
GREEN,0.5,0.3,유해란,4,9,2,0,이재윤,3,8,2,0,0
GREEN,0.5,1.2,유해란,4,9,2,0,이재윤,3,9,2,0,0
GREEN,0.5,1.3,유해란,4,9,2,0,이재윤,3,10,2,1,0
GREEN,0.5,0.5,유해란,4,9,2,0,이재윤,3,11,2,0,0
GREEN,0.5,0.3,유해란,4,9,2,0,이재윤,3,13,2,1,0
GREEN,0.5,0.2,유해란,4,9,2,0,이재윤,3,14,2,0,0
GREEN,0.5,1.4,유해란,4,9,2,0,이재윤,3,15,2,0,0
GREEN,0.5,1.3,유해란,4,9,2,0,이재윤,3,17,2,0,0
GREEN,0.5,0.5,유해란,4,9,2,0,이재윤,3,18,2,0,0
GREEN,0.5,0.9,유해란,4,9,2,0,이재윤,4,1,2,0,0
GREEN,0.5,0.3,유해란,4,9,2,0,이재윤,4,2,2,1,0
GREEN,0.5,0.3,유해란,4,9,2,0,이재윤,4,5,2,0,0
GREEN,0.5,0.4,유해란,4,9,2,0,이재윤,4,8,2,0,0
GREEN,0.5,0.3,유해란,4,9,2,0,이재윤,4,9,2,0,0
GREEN,0.5,0.4,유해란,4,9,2,0,이재윤,4,12,2,0,0
GREEN,0.5,0.5,유해란,4,9,2,0,이재윤,4,13,2,0,0
GREEN,0.5,1.5,유해란,4,9,2,0,이재윤,4,14,3,1,-1
GREEN,0.5,1.0,유해란,4,9,2,0,이재윤,4,14,2,1,0
GREEN,0.5,1.2,유해란,4,9,2,0,이재윤,4,15,2,0,0
GREEN,0.5,0.5,유해란,4,9,2,0,이재윤,4,16,2,0,0
GREEN,0.5,0.3,유해란,4,9,2,0,이재윤,4,18,2,0,0
GREEN,0.5,0.4,유해란,4,9,2,0,박서현,1,2,2,0,0
GREEN,0.5,1.0,유해란,4,9,2,0,박서현,1,3,2,2,0
GREEN,0.5,0.5,유해란,4,9,2,0,박서현,1,4,2,0,0
GREEN,0.5,0.5,유해란,4,9,2,0,박서현,1,5,2,0,0
GREEN,0.5,0.4,유해란,4,9,2,0,박서현,1,6,2,1,0
GREEN,0.5,0.5,유해란,4,9,2,0,박서현,1,7,2,0,0
GREEN,0.5,0.5,유해란,4,9,2,0,박서현,1,8,2,1,0
GREEN,0.5,0.6,유해란,4,9,2,0,박서현,1,9,2,0,0
GREEN,0.5,0.3,유해란,4,9,2,0,박서현,1,10,2,0,0
GREEN,0.5,0.4,유해란,4,9,2,0,박서현,1,11,2,0,0
GREEN,0.5,1.1,유해란,4,9,2,0,박서현,1,13,2,1,0
GREEN,0.5,0.3,유해란,4,9,2,0,박서현,1,14,2,0,0
GREEN,0.5,0.5,유해란,4,9,2,0,박서현,1,15,2,1,0
GREEN,0.5,0.5,유해란,4,9,2,0,박서현,1,17,2,0,0
GREEN,0.5,0.3,유해란,4,9,2,0,박서현,2,1,2,0,0
GREEN,0.5,0.5,유해란,4,9,2,0,박서현,2,2,2,0,0
GREEN,0.5,0.5,유해란,4,9,2,0,박서현,2,3,2,0,0
GREEN,0.5,0.3,유해란,4,9,2,0,박서현,2,4,2,1,0
GREEN,0.5,1.2,유해란,4,9,2,0,박서현,2,5,3,1,-1
GREEN,0.5,0.4,유해란,4,9,2,0,박서현,2,5,2,1,0
GREEN,0.5,0.4,유해란,4,9,2,0,박서현,2,7,2,0,0
GREEN,0.5,1.5,유해란,4,9,2,0,박서현,2,9,2,0,0
GREEN,0.5,0.2,유해란,4,9,2,0,박서현,2,10,2,0,0
GREEN,0.5,1.5,유해란,4,9,2,0,박서현,2,11,2,1,0
GREEN,0.5,1.3,유해란,4,9,2,0,박서현,2,12,3,2,-1
GREEN,0.5,0.9,유해란,4,9,2,0,박서현,2,12,2,2,0
GREEN,0.5,0.4,유해란,4,9,2,0,박서현,2,13,2,0,0
GREEN,0.5,1.0,유해란,4,9,2,0,박서현,2,14,2,1,0
GREEN,0.5,1.3,유해란,4,9,2,0,박서현,2,15,2,0,0
GREEN,0.5,0.2,유해란,4,9,2,0,박서현,2,17,2,0,0
GREEN,0.5,1.3,유해란,4,9,2,0,박서현,2,18,2,0,0
GREEN,0.5,1.3,유해란,4,9,2,0,박서현,3,1,2,0,0
GREEN,0.5,1.4,유해란,4,9,2,0,박서현,3,2,2,0,0
GREEN,0.5,0.4,유해란,4,9,2,0,박서현,3,3,2,1,0
GREEN,0.5,0.5,유해란,4,9,2,0,박서현,3,4,2,0,0
GREEN,0.5,1.2,유해란,4,9,2,0,박서현,3,5,2,0,0
GREEN,0.5,0.3,유해란,4,9,2,0,박서현,3,6,2,0,0
GREEN,0.5,0.5,유해란,4,9,2,0,박서현,3,7,2,0,0
GREEN,0.5,0.3,유해란,4,9,2,0,박서현,3,8,2,3,0
GREEN,0.5,0.2,유해란,4,9,2,0,박서현,3,9,2,2,0
GREEN,0.5,0.9,유해란,4,9,2,0,박서현,3,10,2,1,0
GREEN,0.5,1.0,유해란,4,9,2,0,박서현,3,11,2,0,0
GREEN,0.5,1.2,유해란,4,9,2,0,박서현,3,12,2,0,0
GREEN,0.5,1.3,유해란,4,9,2,0,박서현,3,13,3,1,-1
GREEN,0.5,1.0,유해란,4,9,2,0,박서현,3,13,2,1,0
GREEN,0.5,0.4,유해란,4,9,2,0,박서현,3,14,2,0,0
GREEN,0.5,1.4,유해란,4,9,2,0,박서현,3,15,2,1,0
GREEN,0.5,0.3,유해란,4,9,2,0,박서현,3,16,2,0,0
GREEN,0.5,0.5,유해란,4,9,2,0,박서현,3,18,2,0,0
GREEN,0.5,1.1,유해란,4,9,2,0,박서현,4,1,2,0,0
GREEN,0.5,0.2,유해란,4,9,2,0,박서현,4,2,2,0,0
GREEN,0.5,0.5,유해란,4,9,2,0,박서현,4,3,2,1,0
GREEN,0.5,0.3,유해란,4,9,2,0,박서현,4,4,2,1,0
GREEN,0.5,0.3,유해란,4,9,2,0,박서현,4,5,2,0,0
GREEN,0.5,0.3,유해란,4,9,2,0,박서현,4,8,2,0,0
GREEN,0.5,0.4,유해란,4,9,2,0,박서현,4,9,2,2,0
GREEN,0.5,0.4,유해란,4,9,2,0,박서현,4,11,2,0,0
GREEN,0.5,0.8,유해란,4,9,2,0,박서현,4,12,2,1,0
GREEN,0.5,0.2,유해란,4,9,2,0,박서현,4,14,2,1,0
GREEN,0.5,0.7,유해란,4,9,2,0,박서현,4,15,2,0,0
GREEN,0.5,1.3,유해란,4,9,2,0,박서현,4,16,2,0,0
GREEN,0.5,0.5,유해란,4,9,2,0,박서현,4,17,2,1,0
GREEN,0.5,1.3,유해란,4,9,2,0,박서현,4,18,2,1,0
FAIRWAY,115.6,115.0,유해란,4,10,3,-1,이재윤,3,13,5,1,-2
FAIRWAY,115.6,115.0,유해란,4,10,3,-1,이재윤,4,10,4,0,-1
GREEN,4.2,3.8,유해란,4,10,2,-1,이재윤,1,4,3,1,-1
GREEN,4.2,3.9,유해란,4,10,2,-1,이재윤,1,12,3,0,-1
GREEN,4.2,3.4,유해란,4,10,2,-1,이재윤,1,15,3,1,-1
GREEN,4.2,5.2,유해란,4,10,2,-1,이재윤,2,1,2,0,0
GREEN,4.2,4.5,유해란,4,10,2,-1,이재윤,4,11,3,0,-1
GREEN,4.2,4.2,유해란,4,10,2,-1,이재윤,4,13,3,0,-1
GREEN,4.2,5.0,유해란,4,10,2,-1,이재윤,4,16,3,0,-1
GREEN,4.2,3.4,유해란,4,10,2,-1,박서현,1,3,3,2,-1
GREEN,4.2,3.5,유해란,4,10,2,-1,박서현,1,11,3,0,-1
GREEN,4.2,4.3,유해란,4,10,2,-1,박서현,1,14,3,0,-1
GREEN,4.2,4.8,유해란,4,10,2,-1,박서현,1,17,3,0,-1
GREEN,4.2,3.3,유해란,4,10,2,-1,박서현,2,8,2,0,0
GREEN,4.2,3.6,유해란,4,10,2,-1,박서현,2,10,3,0,-1
GREEN,4.2,3.6,유해란,4,10,2,-1,박서현,2,16,2,0,0
GREEN,4.2,5.1,유해란,4,10,2,-1,박서현,2,17,3,0,-1
GREEN,4.2,4.6,유해란,4,10,2,-1,박서현,3,4,3,0,-1
GREEN,4.2,4.3,유해란,4,10,2,-1,박서현,3,9,3,2,-1
GREEN,4.2,4.8,유해란,4,10,2,-1,박서현,3,13,4,1,-2
GREEN,4.2,3.7,유해란,4,10,2,-1,박서현,4,4,3,1,-1
GREEN,4.2,3.8,유해란,4,10,2,-1,박서현,4,6,2,0,0
GREEN,4.2,3.4,유해란,4,10,2,-1,박서현,4,9,4,2,-2
GREEN,4.2,4.5,유해란,4,10,2,-1,박서현,4,11,3,0,-1
GREEN,4.2,3.4,유해란,4,10,2,-1,박서현,4,13,2,0,0
GREEN,6.6,6.6,유해란,4,11,3,0,이재윤,1,2,3,0,0
GREEN,6.6,7.6,유해란,4,11,3,0,이재윤,2,7,3,0,0
GREEN,6.6,7.3,유해란,4,11,3,0,이재윤,2,15,3,1,0
GREEN,6.6,7.3,유해란,4,11,3,0,이재윤,2,16,3,0,0
GREEN,6.6,6.1,유해란,4,11,3,0,이재윤,3,2,3,0,0
GREEN,6.6,6.5,유해란,4,11,3,0,이재윤,3,10,3,1,0
GREEN,6.6,6.2,유해란,4,11,3,0,이재윤,3,11,3,0,0
GREEN,6.6,5.9,유해란,4,11,3,0,이재윤,3,16,2,-1,1
GREEN,6.6,7.6,유해란,4,11,3,0,이재윤,3,18,3,0,0
GREEN,6.6,7.4,유해란,4,11,3,0,이재윤,4,5,3,0,0
GREEN,6.6,7.2,유해란,4,11,3,0,이재윤,4,9,3,0,0
GREEN,6.6,6.8,유해란,4,11,3,0,이재윤,4,15,3,0,0
GREEN,6.6,5.9,유해란,4,11,3,0,박서현,1,4,3,0,0
GREEN,6.6,7.2,유해란,4,11,3,0,박서현,1,5,3,0,0
GREEN,6.6,6.9,유해란,4,11,3,0,박서현,1,6,3,1,0
GREEN,6.6,7.5,유해란,4,11,3,0,박서현,1,13,3,1,0
GREEN,6.6,6.6,유해란,4,11,3,0,박서현,1,15,3,1,0
GREEN,6.6,6.1,유해란,4,11,3,0,박서현,2,2,3,0,0
GREEN,6.6,6.1,유해란,4,11,3,0,박서현,2,4,3,1,0
GREEN,6.6,5.6,유해란,4,11,3,0,박서현,3,1,3,0,0
GREEN,6.6,7.5,유해란,4,11,3,0,박서현,3,6,3,0,0
GREEN,6.6,5.6,유해란,4,11,3,0,박서현,3,16,3,0,0
GREEN,6.6,7.1,유해란,4,11,3,0,박서현,4,1,3,0,0
GREEN,6.6,6.7,유해란,4,11,3,0,박서현,4,5,3,0,0
GREEN,6.6,6.2,유해란,4,11,3,0,박서현,4,7,2,-1,1
GREEN,6.6,7.6,유해란,4,11,3,0,박서현,4,8,3,0,0
GREEN,0.5,0.5,유해란,4,11,2,0,이재윤,1,1,2,0,0
GREEN,0.5,0.5,유해란,4,11,2,0,이재윤,1,2,2,0,0
GREEN,0.5,1.3,유해란,4,11,2,0,이재윤,1,3,2,0,0
GREEN,0.5,0.5,유해란,4,11,2,0,이재윤,1,4,2,1,0
GREEN,0.5,0.8,유해란,4,11,2,0,이재윤,1,5,2,0,0
GREEN,0.5,0.5,유해란,4,11,2,0,이재윤,1,6,2,0,0
GREEN,0.5,0.5,유해란,4,11,2,0,이재윤,1,7,2,0,0
GREEN,0.5,0.2,유해란,4,11,2,0,이재윤,1,8,2,0,0
GREEN,0.5,1.4,유해란,4,11,2,0,이재윤,1,9,2,1,0
GREEN,0.5,0.8,유해란,4,11,2,0,이재윤,1,10,2,0,0
GREEN,0.5,0.7,유해란,4,11,2,0,이재윤,1,11,2,1,0
GREEN,0.5,0.3,유해란,4,11,2,0,이재윤,1,12,2,0,0
GREEN,0.5,0.9,유해란,4,11,2,0,이재윤,1,13,2,0,0
GREEN,0.5,0.3,유해란,4,11,2,0,이재윤,1,14,2,0,0
GREEN,0.5,1.1,유해란,4,11,2,0,이재윤,1,15,2,1,0
GREEN,0.5,0.8,유해란,4,11,2,0,이재윤,1,18,2,0,0
GREEN,0.5,0.8,유해란,4,11,2,0,이재윤,2,3,2,0,0
GREEN,0.5,0.4,유해란,4,11,2,0,이재윤,2,4,2,1,0
GREEN,0.5,0.7,유해란,4,11,2,0,이재윤,2,5,2,0,0
GREEN,0.5,1.2,유해란,4,11,2,0,이재윤,2,6,2,0,0
GREEN,0.5,0.5,유해란,4,11,2,0,이재윤,2,7,2,0,0
GREEN,0.5,0.2,유해란,4,11,2,0,이재윤,2,8,2,0,0
GREEN,0.5,1.5,유해란,4,11,2,0,이재윤,2,9,2,0,0
GREEN,0.5,1.2,유해란,4,11,2,0,이재윤,2,10,2,0,0
GREEN,0.5,1.5,유해란,4,11,2,0,이재윤,2,11,2,1,0
GREEN,0.5,0.5,유해란,4,11,2,0,이재윤,2,12,2,0,0
GREEN,0.5,1.5,유해란,4,11,2,0,이재윤,2,14,3,1,-1
GREEN,0.5,0.4,유해란,4,11,2,0,이재윤,2,14,2,1,0
GREEN,0.5,0.5,유해란,4,11,2,0,이재윤,2,15,2,1,0
GREEN,0.5,1.0,유해란,4,11,2,0,이재윤,2,17,2,0,0
GREEN,0.5,1.3,유해란,4,11,2,0,이재윤,2,18,2,0,0
GREEN,0.5,0.3,유해란,4,11,2,0,이재윤,3,1,2,1,0
GREEN,0.5,0.5,유해란,4,11,2,0,이재윤,3,2,2,0,0
GREEN,0.5,1.5,유해란,4,11,2,0,이재윤,3,4,2,0,0
GREEN,0.5,0.3,유해란,4,11,2,0,이재윤,3,5,2,0,0
GREEN,0.5,0.4,유해란,4,11,2,0,이재윤,3,6,2,0,0
GREEN,0.5,0.5,유해란,4,11,2,0,이재윤,3,7,2,0,0
GREEN,0.5,0.3,유해란,4,11,2,0,이재윤,3,8,2,0,0
GREEN,0.5,1.2,유해란,4,11,2,0,이재윤,3,9,2,0,0
GREEN,0.5,1.3,유해란,4,11,2,0,이재윤,3,10,2,1,0
GREEN,0.5,0.5,유해란,4,11,2,0,이재윤,3,11,2,0,0
GREEN,0.5,0.3,유해란,4,11,2,0,이재윤,3,13,2,1,0
GREEN,0.5,0.2,유해란,4,11,2,0,이재윤,3,14,2,0,0
GREEN,0.5,1.4,유해란,4,11,2,0,이재윤,3,15,2,0,0
GREEN,0.5,1.3,유해란,4,11,2,0,이재윤,3,17,2,0,0
GREEN,0.5,0.5,유해란,4,11,2,0,이재윤,3,18,2,0,0
GREEN,0.5,0.9,유해란,4,11,2,0,이재윤,4,1,2,0,0
GREEN,0.5,0.3,유해란,4,11,2,0,이재윤,4,2,2,1,0
GREEN,0.5,0.3,유해란,4,11,2,0,이재윤,4,5,2,0,0
GREEN,0.5,0.4,유해란,4,11,2,0,이재윤,4,8,2,0,0
GREEN,0.5,0.3,유해란,4,11,2,0,이재윤,4,9,2,0,0
GREEN,0.5,0.4,유해란,4,11,2,0,이재윤,4,12,2,0,0
GREEN,0.5,0.5,유해란,4,11,2,0,이재윤,4,13,2,0,0
GREEN,0.5,1.5,유해란,4,11,2,0,이재윤,4,14,3,1,-1
GREEN,0.5,1.0,유해란,4,11,2,0,이재윤,4,14,2,1,0
GREEN,0.5,1.2,유해란,4,11,2,0,이재윤,4,15,2,0,0
GREEN,0.5,0.5,유해란,4,11,2,0,이재윤,4,16,2,0,0
GREEN,0.5,0.3,유해란,4,11,2,0,이재윤,4,18,2,0,0
GREEN,0.5,0.4,유해란,4,11,2,0,박서현,1,2,2,0,0
GREEN,0.5,1.0,유해란,4,11,2,0,박서현,1,3,2,2,0
GREEN,0.5,0.5,유해란,4,11,2,0,박서현,1,4,2,0,0
GREEN,0.5,0.5,유해란,4,11,2,0,박서현,1,5,2,0,0
GREEN,0.5,0.4,유해란,4,11,2,0,박서현,1,6,2,1,0
GREEN,0.5,0.5,유해란,4,11,2,0,박서현,1,7,2,0,0
GREEN,0.5,0.5,유해란,4,11,2,0,박서현,1,8,2,1,0
GREEN,0.5,0.6,유해란,4,11,2,0,박서현,1,9,2,0,0
GREEN,0.5,0.3,유해란,4,11,2,0,박서현,1,10,2,0,0
GREEN,0.5,0.4,유해란,4,11,2,0,박서현,1,11,2,0,0
GREEN,0.5,1.1,유해란,4,11,2,0,박서현,1,13,2,1,0
GREEN,0.5,0.3,유해란,4,11,2,0,박서현,1,14,2,0,0
GREEN,0.5,0.5,유해란,4,11,2,0,박서현,1,15,2,1,0
GREEN,0.5,0.5,유해란,4,11,2,0,박서현,1,17,2,0,0
GREEN,0.5,0.3,유해란,4,11,2,0,박서현,2,1,2,0,0
GREEN,0.5,0.5,유해란,4,11,2,0,박서현,2,2,2,0,0
GREEN,0.5,0.5,유해란,4,11,2,0,박서현,2,3,2,0,0
GREEN,0.5,0.3,유해란,4,11,2,0,박서현,2,4,2,1,0
GREEN,0.5,1.2,유해란,4,11,2,0,박서현,2,5,3,1,-1
GREEN,0.5,0.4,유해란,4,11,2,0,박서현,2,5,2,1,0
GREEN,0.5,0.4,유해란,4,11,2,0,박서현,2,7,2,0,0
GREEN,0.5,1.5,유해란,4,11,2,0,박서현,2,9,2,0,0
GREEN,0.5,0.2,유해란,4,11,2,0,박서현,2,10,2,0,0
GREEN,0.5,1.5,유해란,4,11,2,0,박서현,2,11,2,1,0
GREEN,0.5,1.3,유해란,4,11,2,0,박서현,2,12,3,2,-1
GREEN,0.5,0.9,유해란,4,11,2,0,박서현,2,12,2,2,0
GREEN,0.5,0.4,유해란,4,11,2,0,박서현,2,13,2,0,0
GREEN,0.5,1.0,유해란,4,11,2,0,박서현,2,14,2,1,0
GREEN,0.5,1.3,유해란,4,11,2,0,박서현,2,15,2,0,0
GREEN,0.5,0.2,유해란,4,11,2,0,박서현,2,17,2,0,0
GREEN,0.5,1.3,유해란,4,11,2,0,박서현,2,18,2,0,0
GREEN,0.5,1.3,유해란,4,11,2,0,박서현,3,1,2,0,0
GREEN,0.5,1.4,유해란,4,11,2,0,박서현,3,2,2,0,0
GREEN,0.5,0.4,유해란,4,11,2,0,박서현,3,3,2,1,0
GREEN,0.5,0.5,유해란,4,11,2,0,박서현,3,4,2,0,0
GREEN,0.5,1.2,유해란,4,11,2,0,박서현,3,5,2,0,0
GREEN,0.5,0.3,유해란,4,11,2,0,박서현,3,6,2,0,0
GREEN,0.5,0.5,유해란,4,11,2,0,박서현,3,7,2,0,0
GREEN,0.5,0.3,유해란,4,11,2,0,박서현,3,8,2,3,0
GREEN,0.5,0.2,유해란,4,11,2,0,박서현,3,9,2,2,0
GREEN,0.5,0.9,유해란,4,11,2,0,박서현,3,10,2,1,0
GREEN,0.5,1.0,유해란,4,11,2,0,박서현,3,11,2,0,0
GREEN,0.5,1.2,유해란,4,11,2,0,박서현,3,12,2,0,0
GREEN,0.5,1.3,유해란,4,11,2,0,박서현,3,13,3,1,-1
GREEN,0.5,1.0,유해란,4,11,2,0,박서현,3,13,2,1,0
GREEN,0.5,0.4,유해란,4,11,2,0,박서현,3,14,2,0,0
GREEN,0.5,1.4,유해란,4,11,2,0,박서현,3,15,2,1,0
GREEN,0.5,0.3,유해란,4,11,2,0,박서현,3,16,2,0,0
GREEN,0.5,0.5,유해란,4,11,2,0,박서현,3,18,2,0,0
GREEN,0.5,1.1,유해란,4,11,2,0,박서현,4,1,2,0,0
GREEN,0.5,0.2,유해란,4,11,2,0,박서현,4,2,2,0,0
GREEN,0.5,0.5,유해란,4,11,2,0,박서현,4,3,2,1,0
GREEN,0.5,0.3,유해란,4,11,2,0,박서현,4,4,2,1,0
GREEN,0.5,0.3,유해란,4,11,2,0,박서현,4,5,2,0,0
GREEN,0.5,0.3,유해란,4,11,2,0,박서현,4,8,2,0,0
GREEN,0.5,0.4,유해란,4,11,2,0,박서현,4,9,2,2,0
GREEN,0.5,0.4,유해란,4,11,2,0,박서현,4,11,2,0,0
GREEN,0.5,0.8,유해란,4,11,2,0,박서현,4,12,2,1,0
GREEN,0.5,0.2,유해란,4,11,2,0,박서현,4,14,2,1,0
GREEN,0.5,0.7,유해란,4,11,2,0,박서현,4,15,2,0,0
GREEN,0.5,1.3,유해란,4,11,2,0,박서현,4,16,2,0,0
GREEN,0.5,0.5,유해란,4,11,2,0,박서현,4,17,2,1,0
GREEN,0.5,1.3,유해란,4,11,2,0,박서현,4,18,2,1,0
FRINGE,4.8,5.6,유해란,4,12,3,0,이재윤,1,8,3,0,0
FRINGE,4.8,5.6,유해란,4,12,3,0,박서현,3,8,3,3,0
GREEN,0.8,0.5,유해란,4,12,2,0,이재윤,1,1,2,0,0
GREEN,0.8,0.5,유해란,4,12,2,0,이재윤,1,2,2,0,0
GREEN,0.8,1.3,유해란,4,12,2,0,이재윤,1,3,2,0,0
GREEN,0.8,0.5,유해란,4,12,2,0,이재윤,1,4,2,1,0
GREEN,0.8,0.8,유해란,4,12,2,0,이재윤,1,5,2,0,0
GREEN,0.8,0.5,유해란,4,12,2,0,이재윤,1,6,2,0,0
GREEN,0.8,0.5,유해란,4,12,2,0,이재윤,1,7,2,0,0
GREEN,0.8,0.2,유해란,4,12,2,0,이재윤,1,8,2,0,0
GREEN,0.8,1.4,유해란,4,12,2,0,이재윤,1,9,2,1,0
GREEN,0.8,0.8,유해란,4,12,2,0,이재윤,1,10,2,0,0
GREEN,0.8,0.7,유해란,4,12,2,0,이재윤,1,11,2,1,0
GREEN,0.8,0.3,유해란,4,12,2,0,이재윤,1,12,2,0,0
GREEN,0.8,0.9,유해란,4,12,2,0,이재윤,1,13,2,0,0
GREEN,0.8,1.6,유해란,4,12,2,0,이재윤,1,14,3,0,-1
GREEN,0.8,0.3,유해란,4,12,2,0,이재윤,1,14,2,0,0
GREEN,0.8,1.1,유해란,4,12,2,0,이재윤,1,15,2,1,0
GREEN,0.8,0.8,유해란,4,12,2,0,이재윤,1,18,2,0,0
GREEN,0.8,0.8,유해란,4,12,2,0,이재윤,2,3,2,0,0
GREEN,0.8,0.4,유해란,4,12,2,0,이재윤,2,4,2,1,0
GREEN,0.8,0.7,유해란,4,12,2,0,이재윤,2,5,2,0,0
GREEN,0.8,1.2,유해란,4,12,2,0,이재윤,2,6,2,0,0
GREEN,0.8,0.5,유해란,4,12,2,0,이재윤,2,7,2,0,0
GREEN,0.8,0.2,유해란,4,12,2,0,이재윤,2,8,2,0,0
GREEN,0.8,1.5,유해란,4,12,2,0,이재윤,2,9,2,0,0
GREEN,0.8,1.2,유해란,4,12,2,0,이재윤,2,10,2,0,0
GREEN,0.8,1.5,유해란,4,12,2,0,이재윤,2,11,2,1,0
GREEN,0.8,0.5,유해란,4,12,2,0,이재윤,2,12,2,0,0
GREEN,0.8,1.6,유해란,4,12,2,0,이재윤,2,13,2,-1,0
GREEN,0.8,1.5,유해란,4,12,2,0,이재윤,2,14,3,1,-1
GREEN,0.8,0.4,유해란,4,12,2,0,이재윤,2,14,2,1,0
GREEN,0.8,0.5,유해란,4,12,2,0,이재윤,2,15,2,1,0
GREEN,0.8,1.7,유해란,4,12,2,0,이재윤,2,16,2,0,0
GREEN,0.8,1.0,유해란,4,12,2,0,이재윤,2,17,2,0,0
GREEN,0.8,1.3,유해란,4,12,2,0,이재윤,2,18,2,0,0
GREEN,0.8,0.3,유해란,4,12,2,0,이재윤,3,1,2,1,0
GREEN,0.8,0.5,유해란,4,12,2,0,이재윤,3,2,2,0,0
GREEN,0.8,1.5,유해란,4,12,2,0,이재윤,3,4,2,0,0
GREEN,0.8,0.3,유해란,4,12,2,0,이재윤,3,5,2,0,0
GREEN,0.8,0.4,유해란,4,12,2,0,이재윤,3,6,2,0,0
GREEN,0.8,0.5,유해란,4,12,2,0,이재윤,3,7,2,0,0
GREEN,0.8,0.3,유해란,4,12,2,0,이재윤,3,8,2,0,0
GREEN,0.8,1.2,유해란,4,12,2,0,이재윤,3,9,2,0,0
GREEN,0.8,1.3,유해란,4,12,2,0,이재윤,3,10,2,1,0
GREEN,0.8,0.5,유해란,4,12,2,0,이재윤,3,11,2,0,0
GREEN,0.8,0.3,유해란,4,12,2,0,이재윤,3,13,2,1,0
GREEN,0.8,0.2,유해란,4,12,2,0,이재윤,3,14,2,0,0
GREEN,0.8,1.4,유해란,4,12,2,0,이재윤,3,15,2,0,0
GREEN,0.8,1.3,유해란,4,12,2,0,이재윤,3,17,2,0,0
GREEN,0.8,0.5,유해란,4,12,2,0,이재윤,3,18,2,0,0
GREEN,0.8,0.9,유해란,4,12,2,0,이재윤,4,1,2,0,0
GREEN,0.8,0.3,유해란,4,12,2,0,이재윤,4,2,2,1,0
GREEN,0.8,0.3,유해란,4,12,2,0,이재윤,4,5,2,0,0
GREEN,0.8,0.4,유해란,4,12,2,0,이재윤,4,8,2,0,0
GREEN,0.8,0.3,유해란,4,12,2,0,이재윤,4,9,2,0,0
GREEN,0.8,1.7,유해란,4,12,2,0,이재윤,4,11,2,0,0
GREEN,0.8,0.4,유해란,4,12,2,0,이재윤,4,12,2,0,0
GREEN,0.8,0.5,유해란,4,12,2,0,이재윤,4,13,2,0,0
GREEN,0.8,1.5,유해란,4,12,2,0,이재윤,4,14,3,1,-1
GREEN,0.8,1.0,유해란,4,12,2,0,이재윤,4,14,2,1,0
GREEN,0.8,1.2,유해란,4,12,2,0,이재윤,4,15,2,0,0
GREEN,0.8,0.5,유해란,4,12,2,0,이재윤,4,16,2,0,0
GREEN,0.8,1.8,유해란,4,12,2,0,이재윤,4,17,2,0,0
GREEN,0.8,0.3,유해란,4,12,2,0,이재윤,4,18,2,0,0
GREEN,0.8,0.4,유해란,4,12,2,0,박서현,1,2,2,0,0
GREEN,0.8,1.0,유해란,4,12,2,0,박서현,1,3,2,2,0
GREEN,0.8,0.5,유해란,4,12,2,0,박서현,1,4,2,0,0
GREEN,0.8,0.5,유해란,4,12,2,0,박서현,1,5,2,0,0
GREEN,0.8,0.4,유해란,4,12,2,0,박서현,1,6,2,1,0
GREEN,0.8,0.5,유해란,4,12,2,0,박서현,1,7,2,0,0
GREEN,0.8,0.5,유해란,4,12,2,0,박서현,1,8,2,1,0
GREEN,0.8,0.6,유해란,4,12,2,0,박서현,1,9,2,0,0
GREEN,0.8,0.3,유해란,4,12,2,0,박서현,1,10,2,0,0
GREEN,0.8,0.4,유해란,4,12,2,0,박서현,1,11,2,0,0
GREEN,0.8,1.1,유해란,4,12,2,0,박서현,1,13,2,1,0
GREEN,0.8,0.3,유해란,4,12,2,0,박서현,1,14,2,0,0
GREEN,0.8,0.5,유해란,4,12,2,0,박서현,1,15,2,1,0
GREEN,0.8,0.5,유해란,4,12,2,0,박서현,1,17,2,0,0
GREEN,0.8,0.3,유해란,4,12,2,0,박서현,2,1,2,0,0
GREEN,0.8,0.5,유해란,4,12,2,0,박서현,2,2,2,0,0
GREEN,0.8,0.5,유해란,4,12,2,0,박서현,2,3,2,0,0
GREEN,0.8,0.3,유해란,4,12,2,0,박서현,2,4,2,1,0
GREEN,0.8,1.2,유해란,4,12,2,0,박서현,2,5,3,1,-1
GREEN,0.8,0.4,유해란,4,12,2,0,박서현,2,5,2,1,0
GREEN,0.8,0.4,유해란,4,12,2,0,박서현,2,7,2,0,0
GREEN,0.8,1.5,유해란,4,12,2,0,박서현,2,9,2,0,0
GREEN,0.8,0.2,유해란,4,12,2,0,박서현,2,10,2,0,0
GREEN,0.8,1.5,유해란,4,12,2,0,박서현,2,11,2,1,0
GREEN,0.8,1.3,유해란,4,12,2,0,박서현,2,12,3,2,-1
GREEN,0.8,0.9,유해란,4,12,2,0,박서현,2,12,2,2,0
GREEN,0.8,0.4,유해란,4,12,2,0,박서현,2,13,2,0,0
GREEN,0.8,1.0,유해란,4,12,2,0,박서현,2,14,2,1,0
GREEN,0.8,1.3,유해란,4,12,2,0,박서현,2,15,2,0,0
GREEN,0.8,0.2,유해란,4,12,2,0,박서현,2,17,2,0,0
GREEN,0.8,1.3,유해란,4,12,2,0,박서현,2,18,2,0,0
GREEN,0.8,1.3,유해란,4,12,2,0,박서현,3,1,2,0,0
GREEN,0.8,1.4,유해란,4,12,2,0,박서현,3,2,2,0,0
GREEN,0.8,0.4,유해란,4,12,2,0,박서현,3,3,2,1,0
GREEN,0.8,0.5,유해란,4,12,2,0,박서현,3,4,2,0,0
GREEN,0.8,1.2,유해란,4,12,2,0,박서현,3,5,2,0,0
GREEN,0.8,0.3,유해란,4,12,2,0,박서현,3,6,2,0,0
GREEN,0.8,0.5,유해란,4,12,2,0,박서현,3,7,2,0,0
GREEN,0.8,0.3,유해란,4,12,2,0,박서현,3,8,2,3,0
GREEN,0.8,0.2,유해란,4,12,2,0,박서현,3,9,2,2,0
GREEN,0.8,0.9,유해란,4,12,2,0,박서현,3,10,2,1,0
GREEN,0.8,1.0,유해란,4,12,2,0,박서현,3,11,2,0,0
GREEN,0.8,1.2,유해란,4,12,2,0,박서현,3,12,2,0,0
GREEN,0.8,1.3,유해란,4,12,2,0,박서현,3,13,3,1,-1
GREEN,0.8,1.0,유해란,4,12,2,0,박서현,3,13,2,1,0
GREEN,0.8,0.4,유해란,4,12,2,0,박서현,3,14,2,0,0
GREEN,0.8,1.4,유해란,4,12,2,0,박서현,3,15,2,1,0
GREEN,0.8,0.3,유해란,4,12,2,0,박서현,3,16,2,0,0
GREEN,0.8,0.5,유해란,4,12,2,0,박서현,3,18,2,0,0
GREEN,0.8,1.1,유해란,4,12,2,0,박서현,4,1,2,0,0
GREEN,0.8,0.2,유해란,4,12,2,0,박서현,4,2,2,0,0
GREEN,0.8,0.5,유해란,4,12,2,0,박서현,4,3,2,1,0
GREEN,0.8,0.3,유해란,4,12,2,0,박서현,4,4,2,1,0
GREEN,0.8,0.3,유해란,4,12,2,0,박서현,4,5,2,0,0
GREEN,0.8,0.3,유해란,4,12,2,0,박서현,4,8,2,0,0
GREEN,0.8,1.7,유해란,4,12,2,0,박서현,4,9,3,2,-1
GREEN,0.8,0.4,유해란,4,12,2,0,박서현,4,9,2,2,0
GREEN,0.8,1.6,유해란,4,12,2,0,박서현,4,10,2,1,0
GREEN,0.8,0.4,유해란,4,12,2,0,박서현,4,11,2,0,0
GREEN,0.8,0.8,유해란,4,12,2,0,박서현,4,12,2,1,0
GREEN,0.8,1.6,유해란,4,12,2,0,박서현,4,14,3,1,-1
GREEN,0.8,0.2,유해란,4,12,2,0,박서현,4,14,2,1,0
GREEN,0.8,0.7,유해란,4,12,2,0,박서현,4,15,2,0,0
GREEN,0.8,1.3,유해란,4,12,2,0,박서현,4,16,2,0,0
GREEN,0.8,0.5,유해란,4,12,2,0,박서현,4,17,2,1,0
GREEN,0.8,1.3,유해란,4,12,2,0,박서현,4,18,2,1,0
FAIRWAY,119.1,120.1,유해란,4,13,4,0,이재윤,1,12,4,0,0
FAIRWAY,119.1,119.6,유해란,4,13,4,0,이재윤,2,18,4,0,0
GREEN,11.5,11.7,유해란,4,13,3,0,이재윤,2,3,3,0,0
GREEN,11.5,11.1,유해란,4,13,3,0,이재윤,3,17,3,0,0
GREEN,11.5,11.8,유해란,4,13,3,0,이재윤,4,4,3,0,0
GREEN,11.5,12.2,유해란,4,13,3,0,박서현,2,18,3,0,0
GREEN,11.5,12.5,유해란,4,13,3,0,박서현,3,3,3,1,0
GREEN,11.5,11.4,유해란,4,13,3,0,박서현,4,16,3,0,0
GREEN,1.2,0.5,유해란,4,13,2,0,이재윤,1,1,2,0,0
GREEN,1.2,0.5,유해란,4,13,2,0,이재윤,1,2,2,0,0
GREEN,1.2,1.3,유해란,4,13,2,0,이재윤,1,3,2,0,0
GREEN,1.2,0.5,유해란,4,13,2,0,이재윤,1,4,2,1,0
GREEN,1.2,0.8,유해란,4,13,2,0,이재윤,1,5,2,0,0
GREEN,1.2,0.5,유해란,4,13,2,0,이재윤,1,6,2,0,0
GREEN,1.2,0.5,유해란,4,13,2,0,이재윤,1,7,2,0,0
GREEN,1.2,0.2,유해란,4,13,2,0,이재윤,1,8,2,0,0
GREEN,1.2,1.4,유해란,4,13,2,0,이재윤,1,9,2,1,0
GREEN,1.2,0.8,유해란,4,13,2,0,이재윤,1,10,2,0,0
GREEN,1.2,0.7,유해란,4,13,2,0,이재윤,1,11,2,1,0
GREEN,1.2,0.3,유해란,4,13,2,0,이재윤,1,12,2,0,0
GREEN,1.2,0.9,유해란,4,13,2,0,이재윤,1,13,2,0,0
GREEN,1.2,1.6,유해란,4,13,2,0,이재윤,1,14,3,0,-1
GREEN,1.2,0.3,유해란,4,13,2,0,이재윤,1,14,2,0,0
GREEN,1.2,1.1,유해란,4,13,2,0,이재윤,1,15,2,1,0
GREEN,1.2,2.1,유해란,4,13,2,0,이재윤,1,17,2,0,0
GREEN,1.2,0.8,유해란,4,13,2,0,이재윤,1,18,2,0,0
GREEN,1.2,0.8,유해란,4,13,2,0,이재윤,2,3,2,0,0
GREEN,1.2,0.4,유해란,4,13,2,0,이재윤,2,4,2,1,0
GREEN,1.2,0.7,유해란,4,13,2,0,이재윤,2,5,2,0,0
GREEN,1.2,1.2,유해란,4,13,2,0,이재윤,2,6,2,0,0
GREEN,1.2,0.5,유해란,4,13,2,0,이재윤,2,7,2,0,0
GREEN,1.2,0.2,유해란,4,13,2,0,이재윤,2,8,2,0,0
GREEN,1.2,1.5,유해란,4,13,2,0,이재윤,2,9,2,0,0
GREEN,1.2,1.2,유해란,4,13,2,0,이재윤,2,10,2,0,0
GREEN,1.2,1.5,유해란,4,13,2,0,이재윤,2,11,2,1,0
GREEN,1.2,0.5,유해란,4,13,2,0,이재윤,2,12,2,0,0
GREEN,1.2,1.6,유해란,4,13,2,0,이재윤,2,13,2,-1,0
GREEN,1.2,1.5,유해란,4,13,2,0,이재윤,2,14,3,1,-1
GREEN,1.2,0.4,유해란,4,13,2,0,이재윤,2,14,2,1,0
GREEN,1.2,0.5,유해란,4,13,2,0,이재윤,2,15,2,1,0
GREEN,1.2,1.7,유해란,4,13,2,0,이재윤,2,16,2,0,0
GREEN,1.2,1.0,유해란,4,13,2,0,이재윤,2,17,2,0,0
GREEN,1.2,1.3,유해란,4,13,2,0,이재윤,2,18,2,0,0
GREEN,1.2,0.3,유해란,4,13,2,0,이재윤,3,1,2,1,0
GREEN,1.2,0.5,유해란,4,13,2,0,이재윤,3,2,2,0,0
GREEN,1.2,1.5,유해란,4,13,2,0,이재윤,3,4,2,0,0
GREEN,1.2,0.3,유해란,4,13,2,0,이재윤,3,5,2,0,0
GREEN,1.2,2.1,유해란,4,13,2,0,이재윤,3,6,3,0,-1
GREEN,1.2,0.4,유해란,4,13,2,0,이재윤,3,6,2,0,0
GREEN,1.2,0.5,유해란,4,13,2,0,이재윤,3,7,2,0,0
GREEN,1.2,0.3,유해란,4,13,2,0,이재윤,3,8,2,0,0
GREEN,1.2,1.2,유해란,4,13,2,0,이재윤,3,9,2,0,0
GREEN,1.2,1.3,유해란,4,13,2,0,이재윤,3,10,2,1,0
GREEN,1.2,0.5,유해란,4,13,2,0,이재윤,3,11,2,0,0
GREEN,1.2,0.3,유해란,4,13,2,0,이재윤,3,13,2,1,0
GREEN,1.2,0.2,유해란,4,13,2,0,이재윤,3,14,2,0,0
GREEN,1.2,1.4,유해란,4,13,2,0,이재윤,3,15,2,0,0
GREEN,1.2,1.3,유해란,4,13,2,0,이재윤,3,17,2,0,0
GREEN,1.2,0.5,유해란,4,13,2,0,이재윤,3,18,2,0,0
GREEN,1.2,0.9,유해란,4,13,2,0,이재윤,4,1,2,0,0
GREEN,1.2,0.3,유해란,4,13,2,0,이재윤,4,2,2,1,0
GREEN,1.2,0.3,유해란,4,13,2,0,이재윤,4,5,2,0,0
GREEN,1.2,0.4,유해란,4,13,2,0,이재윤,4,8,2,0,0
GREEN,1.2,0.3,유해란,4,13,2,0,이재윤,4,9,2,0,0
GREEN,1.2,2.0,유해란,4,13,2,0,이재윤,4,10,2,0,0
GREEN,1.2,1.7,유해란,4,13,2,0,이재윤,4,11,2,0,0
GREEN,1.2,0.4,유해란,4,13,2,0,이재윤,4,12,2,0,0
GREEN,1.2,0.5,유해란,4,13,2,0,이재윤,4,13,2,0,0
GREEN,1.2,1.5,유해란,4,13,2,0,이재윤,4,14,3,1,-1
GREEN,1.2,1.0,유해란,4,13,2,0,이재윤,4,14,2,1,0
GREEN,1.2,1.2,유해란,4,13,2,0,이재윤,4,15,2,0,0
GREEN,1.2,0.5,유해란,4,13,2,0,이재윤,4,16,2,0,0
GREEN,1.2,1.8,유해란,4,13,2,0,이재윤,4,17,2,0,0
GREEN,1.2,0.3,유해란,4,13,2,0,이재윤,4,18,2,0,0
GREEN,1.2,0.4,유해란,4,13,2,0,박서현,1,2,2,0,0
GREEN,1.2,1.0,유해란,4,13,2,0,박서현,1,3,2,2,0
GREEN,1.2,0.5,유해란,4,13,2,0,박서현,1,4,2,0,0
GREEN,1.2,0.5,유해란,4,13,2,0,박서현,1,5,2,0,0
GREEN,1.2,0.4,유해란,4,13,2,0,박서현,1,6,2,1,0
GREEN,1.2,0.5,유해란,4,13,2,0,박서현,1,7,2,0,0
GREEN,1.2,2.0,유해란,4,13,2,0,박서현,1,8,3,1,-1
GREEN,1.2,0.5,유해란,4,13,2,0,박서현,1,8,2,1,0
GREEN,1.2,0.6,유해란,4,13,2,0,박서현,1,9,2,0,0
GREEN,1.2,0.3,유해란,4,13,2,0,박서현,1,10,2,0,0
GREEN,1.2,0.4,유해란,4,13,2,0,박서현,1,11,2,0,0
GREEN,1.2,1.1,유해란,4,13,2,0,박서현,1,13,2,1,0
GREEN,1.2,0.3,유해란,4,13,2,0,박서현,1,14,2,0,0
GREEN,1.2,0.5,유해란,4,13,2,0,박서현,1,15,2,1,0
GREEN,1.2,0.5,유해란,4,13,2,0,박서현,1,17,2,0,0
GREEN,1.2,0.3,유해란,4,13,2,0,박서현,2,1,2,0,0
GREEN,1.2,0.5,유해란,4,13,2,0,박서현,2,2,2,0,0
GREEN,1.2,0.5,유해란,4,13,2,0,박서현,2,3,2,0,0
GREEN,1.2,0.3,유해란,4,13,2,0,박서현,2,4,2,1,0
GREEN,1.2,1.2,유해란,4,13,2,0,박서현,2,5,3,1,-1
GREEN,1.2,0.4,유해란,4,13,2,0,박서현,2,5,2,1,0
GREEN,1.2,0.4,유해란,4,13,2,0,박서현,2,7,2,0,0
GREEN,1.2,1.5,유해란,4,13,2,0,박서현,2,9,2,0,0
GREEN,1.2,0.2,유해란,4,13,2,0,박서현,2,10,2,0,0
GREEN,1.2,1.5,유해란,4,13,2,0,박서현,2,11,2,1,0
GREEN,1.2,1.3,유해란,4,13,2,0,박서현,2,12,3,2,-1
GREEN,1.2,0.9,유해란,4,13,2,0,박서현,2,12,2,2,0
GREEN,1.2,0.4,유해란,4,13,2,0,박서현,2,13,2,0,0
GREEN,1.2,1.0,유해란,4,13,2,0,박서현,2,14,2,1,0
GREEN,1.2,1.3,유해란,4,13,2,0,박서현,2,15,2,0,0
GREEN,1.2,0.2,유해란,4,13,2,0,박서현,2,17,2,0,0
GREEN,1.2,1.3,유해란,4,13,2,0,박서현,2,18,2,0,0
GREEN,1.2,1.3,유해란,4,13,2,0,박서현,3,1,2,0,0
GREEN,1.2,1.4,유해란,4,13,2,0,박서현,3,2,2,0,0
GREEN,1.2,0.4,유해란,4,13,2,0,박서현,3,3,2,1,0
GREEN,1.2,0.5,유해란,4,13,2,0,박서현,3,4,2,0,0
GREEN,1.2,1.2,유해란,4,13,2,0,박서현,3,5,2,0,0
GREEN,1.2,0.3,유해란,4,13,2,0,박서현,3,6,2,0,0
GREEN,1.2,0.5,유해란,4,13,2,0,박서현,3,7,2,0,0
GREEN,1.2,0.3,유해란,4,13,2,0,박서현,3,8,2,3,0
GREEN,1.2,0.2,유해란,4,13,2,0,박서현,3,9,2,2,0
GREEN,1.2,1.9,유해란,4,13,2,0,박서현,3,10,3,1,-1
GREEN,1.2,0.9,유해란,4,13,2,0,박서현,3,10,2,1,0
GREEN,1.2,1.0,유해란,4,13,2,0,박서현,3,11,2,0,0
GREEN,1.2,1.2,유해란,4,13,2,0,박서현,3,12,2,0,0
GREEN,1.2,1.3,유해란,4,13,2,0,박서현,3,13,3,1,-1
GREEN,1.2,1.0,유해란,4,13,2,0,박서현,3,13,2,1,0
GREEN,1.2,0.4,유해란,4,13,2,0,박서현,3,14,2,0,0
GREEN,1.2,1.4,유해란,4,13,2,0,박서현,3,15,2,1,0
GREEN,1.2,0.3,유해란,4,13,2,0,박서현,3,16,2,0,0
GREEN,1.2,1.9,유해란,4,13,2,0,박서현,3,17,2,0,0
GREEN,1.2,0.5,유해란,4,13,2,0,박서현,3,18,2,0,0
GREEN,1.2,1.1,유해란,4,13,2,0,박서현,4,1,2,0,0
GREEN,1.2,0.2,유해란,4,13,2,0,박서현,4,2,2,0,0
GREEN,1.2,0.5,유해란,4,13,2,0,박서현,4,3,2,1,0
GREEN,1.2,0.3,유해란,4,13,2,0,박서현,4,4,2,1,0
GREEN,1.2,0.3,유해란,4,13,2,0,박서현,4,5,2,0,0
GREEN,1.2,0.3,유해란,4,13,2,0,박서현,4,8,2,0,0
GREEN,1.2,1.7,유해란,4,13,2,0,박서현,4,9,3,2,-1
GREEN,1.2,0.4,유해란,4,13,2,0,박서현,4,9,2,2,0
GREEN,1.2,1.6,유해란,4,13,2,0,박서현,4,10,2,1,0
GREEN,1.2,0.4,유해란,4,13,2,0,박서현,4,11,2,0,0
GREEN,1.2,1.9,유해란,4,13,2,0,박서현,4,12,3,1,-1
GREEN,1.2,0.8,유해란,4,13,2,0,박서현,4,12,2,1,0
GREEN,1.2,1.6,유해란,4,13,2,0,박서현,4,14,3,1,-1
GREEN,1.2,0.2,유해란,4,13,2,0,박서현,4,14,2,1,0
GREEN,1.2,0.7,유해란,4,13,2,0,박서현,4,15,2,0,0
GREEN,1.2,1.3,유해란,4,13,2,0,박서현,4,16,2,0,0
GREEN,1.2,0.5,유해란,4,13,2,0,박서현,4,17,2,1,0
GREEN,1.2,1.3,유해란,4,13,2,0,박서현,4,18,2,1,0
ROUGH,147.2,148.2,유해란,4,14,5,1,박서현,2,17,4,0,1
GREEN,20.9,20.8,유해란,4,14,4,1,박서현,2,9,3,0,1
GREEN,1.1,0.5,유해란,4,14,3,1,이재윤,1,1,2,0,1
GREEN,1.1,0.5,유해란,4,14,3,1,이재윤,1,2,2,0,1
GREEN,1.1,1.3,유해란,4,14,3,1,이재윤,1,3,2,0,1
GREEN,1.1,0.5,유해란,4,14,3,1,이재윤,1,4,2,1,1
GREEN,1.1,0.8,유해란,4,14,3,1,이재윤,1,5,2,0,1
GREEN,1.1,0.5,유해란,4,14,3,1,이재윤,1,6,2,0,1
GREEN,1.1,0.5,유해란,4,14,3,1,이재윤,1,7,2,0,1
GREEN,1.1,0.2,유해란,4,14,3,1,이재윤,1,8,2,0,1
GREEN,1.1,1.4,유해란,4,14,3,1,이재윤,1,9,2,1,1
GREEN,1.1,0.8,유해란,4,14,3,1,이재윤,1,10,2,0,1
GREEN,1.1,0.7,유해란,4,14,3,1,이재윤,1,11,2,1,1
GREEN,1.1,0.3,유해란,4,14,3,1,이재윤,1,12,2,0,1
GREEN,1.1,0.9,유해란,4,14,3,1,이재윤,1,13,2,0,1
GREEN,1.1,1.6,유해란,4,14,3,1,이재윤,1,14,3,0,0
GREEN,1.1,0.3,유해란,4,14,3,1,이재윤,1,14,2,0,1
GREEN,1.1,1.1,유해란,4,14,3,1,이재윤,1,15,2,1,1
GREEN,1.1,2.1,유해란,4,14,3,1,이재윤,1,17,2,0,1
GREEN,1.1,0.8,유해란,4,14,3,1,이재윤,1,18,2,0,1
GREEN,1.1,0.8,유해란,4,14,3,1,이재윤,2,3,2,0,1
GREEN,1.1,0.4,유해란,4,14,3,1,이재윤,2,4,2,1,1
GREEN,1.1,0.7,유해란,4,14,3,1,이재윤,2,5,2,0,1
GREEN,1.1,1.2,유해란,4,14,3,1,이재윤,2,6,2,0,1
GREEN,1.1,0.5,유해란,4,14,3,1,이재윤,2,7,2,0,1
GREEN,1.1,0.2,유해란,4,14,3,1,이재윤,2,8,2,0,1
GREEN,1.1,1.5,유해란,4,14,3,1,이재윤,2,9,2,0,1
GREEN,1.1,1.2,유해란,4,14,3,1,이재윤,2,10,2,0,1
GREEN,1.1,1.5,유해란,4,14,3,1,이재윤,2,11,2,1,1
GREEN,1.1,0.5,유해란,4,14,3,1,이재윤,2,12,2,0,1
GREEN,1.1,1.6,유해란,4,14,3,1,이재윤,2,13,2,-1,1
GREEN,1.1,1.5,유해란,4,14,3,1,이재윤,2,14,3,1,0
GREEN,1.1,0.4,유해란,4,14,3,1,이재윤,2,14,2,1,1
GREEN,1.1,0.5,유해란,4,14,3,1,이재윤,2,15,2,1,1
GREEN,1.1,1.7,유해란,4,14,3,1,이재윤,2,16,2,0,1
GREEN,1.1,1.0,유해란,4,14,3,1,이재윤,2,17,2,0,1
GREEN,1.1,1.3,유해란,4,14,3,1,이재윤,2,18,2,0,1
GREEN,1.1,0.3,유해란,4,14,3,1,이재윤,3,1,2,1,1
GREEN,1.1,0.5,유해란,4,14,3,1,이재윤,3,2,2,0,1
GREEN,1.1,1.5,유해란,4,14,3,1,이재윤,3,4,2,0,1
GREEN,1.1,0.3,유해란,4,14,3,1,이재윤,3,5,2,0,1
GREEN,1.1,2.1,유해란,4,14,3,1,이재윤,3,6,3,0,0
GREEN,1.1,0.4,유해란,4,14,3,1,이재윤,3,6,2,0,1
GREEN,1.1,0.5,유해란,4,14,3,1,이재윤,3,7,2,0,1
GREEN,1.1,0.3,유해란,4,14,3,1,이재윤,3,8,2,0,1
GREEN,1.1,1.2,유해란,4,14,3,1,이재윤,3,9,2,0,1
GREEN,1.1,1.3,유해란,4,14,3,1,이재윤,3,10,2,1,1
GREEN,1.1,0.5,유해란,4,14,3,1,이재윤,3,11,2,0,1
GREEN,1.1,0.3,유해란,4,14,3,1,이재윤,3,13,2,1,1
GREEN,1.1,0.2,유해란,4,14,3,1,이재윤,3,14,2,0,1
GREEN,1.1,1.4,유해란,4,14,3,1,이재윤,3,15,2,0,1
GREEN,1.1,1.3,유해란,4,14,3,1,이재윤,3,17,2,0,1
GREEN,1.1,0.5,유해란,4,14,3,1,이재윤,3,18,2,0,1
GREEN,1.1,0.9,유해란,4,14,3,1,이재윤,4,1,2,0,1
GREEN,1.1,0.3,유해란,4,14,3,1,이재윤,4,2,2,1,1
GREEN,1.1,0.3,유해란,4,14,3,1,이재윤,4,5,2,0,1
GREEN,1.1,0.4,유해란,4,14,3,1,이재윤,4,8,2,0,1
GREEN,1.1,0.3,유해란,4,14,3,1,이재윤,4,9,2,0,1
GREEN,1.1,2.0,유해란,4,14,3,1,이재윤,4,10,2,0,1
GREEN,1.1,1.7,유해란,4,14,3,1,이재윤,4,11,2,0,1
GREEN,1.1,0.4,유해란,4,14,3,1,이재윤,4,12,2,0,1
GREEN,1.1,0.5,유해란,4,14,3,1,이재윤,4,13,2,0,1
GREEN,1.1,1.5,유해란,4,14,3,1,이재윤,4,14,3,1,0
GREEN,1.1,1.0,유해란,4,14,3,1,이재윤,4,14,2,1,1
GREEN,1.1,1.2,유해란,4,14,3,1,이재윤,4,15,2,0,1
GREEN,1.1,0.5,유해란,4,14,3,1,이재윤,4,16,2,0,1
GREEN,1.1,1.8,유해란,4,14,3,1,이재윤,4,17,2,0,1
GREEN,1.1,0.3,유해란,4,14,3,1,이재윤,4,18,2,0,1
GREEN,1.1,0.4,유해란,4,14,3,1,박서현,1,2,2,0,1
GREEN,1.1,1.0,유해란,4,14,3,1,박서현,1,3,2,2,1
GREEN,1.1,0.5,유해란,4,14,3,1,박서현,1,4,2,0,1
GREEN,1.1,0.5,유해란,4,14,3,1,박서현,1,5,2,0,1
GREEN,1.1,0.4,유해란,4,14,3,1,박서현,1,6,2,1,1
GREEN,1.1,0.5,유해란,4,14,3,1,박서현,1,7,2,0,1
GREEN,1.1,2.0,유해란,4,14,3,1,박서현,1,8,3,1,0
GREEN,1.1,0.5,유해란,4,14,3,1,박서현,1,8,2,1,1
GREEN,1.1,0.6,유해란,4,14,3,1,박서현,1,9,2,0,1
GREEN,1.1,0.3,유해란,4,14,3,1,박서현,1,10,2,0,1
GREEN,1.1,0.4,유해란,4,14,3,1,박서현,1,11,2,0,1
GREEN,1.1,1.1,유해란,4,14,3,1,박서현,1,13,2,1,1
GREEN,1.1,0.3,유해란,4,14,3,1,박서현,1,14,2,0,1
GREEN,1.1,0.5,유해란,4,14,3,1,박서현,1,15,2,1,1
GREEN,1.1,0.5,유해란,4,14,3,1,박서현,1,17,2,0,1
GREEN,1.1,0.3,유해란,4,14,3,1,박서현,2,1,2,0,1
GREEN,1.1,0.5,유해란,4,14,3,1,박서현,2,2,2,0,1
GREEN,1.1,0.5,유해란,4,14,3,1,박서현,2,3,2,0,1
GREEN,1.1,0.3,유해란,4,14,3,1,박서현,2,4,2,1,1
GREEN,1.1,1.2,유해란,4,14,3,1,박서현,2,5,3,1,0
GREEN,1.1,0.4,유해란,4,14,3,1,박서현,2,5,2,1,1
GREEN,1.1,0.4,유해란,4,14,3,1,박서현,2,7,2,0,1
GREEN,1.1,1.5,유해란,4,14,3,1,박서현,2,9,2,0,1
GREEN,1.1,0.2,유해란,4,14,3,1,박서현,2,10,2,0,1
GREEN,1.1,1.5,유해란,4,14,3,1,박서현,2,11,2,1,1
GREEN,1.1,1.3,유해란,4,14,3,1,박서현,2,12,3,2,0
GREEN,1.1,0.9,유해란,4,14,3,1,박서현,2,12,2,2,1
GREEN,1.1,0.4,유해란,4,14,3,1,박서현,2,13,2,0,1
GREEN,1.1,1.0,유해란,4,14,3,1,박서현,2,14,2,1,1
GREEN,1.1,1.3,유해란,4,14,3,1,박서현,2,15,2,0,1
GREEN,1.1,0.2,유해란,4,14,3,1,박서현,2,17,2,0,1
GREEN,1.1,1.3,유해란,4,14,3,1,박서현,2,18,2,0,1
GREEN,1.1,1.3,유해란,4,14,3,1,박서현,3,1,2,0,1
GREEN,1.1,1.4,유해란,4,14,3,1,박서현,3,2,2,0,1
GREEN,1.1,0.4,유해란,4,14,3,1,박서현,3,3,2,1,1
GREEN,1.1,0.5,유해란,4,14,3,1,박서현,3,4,2,0,1
GREEN,1.1,1.2,유해란,4,14,3,1,박서현,3,5,2,0,1
GREEN,1.1,0.3,유해란,4,14,3,1,박서현,3,6,2,0,1
GREEN,1.1,0.5,유해란,4,14,3,1,박서현,3,7,2,0,1
GREEN,1.1,0.3,유해란,4,14,3,1,박서현,3,8,2,3,1
GREEN,1.1,0.2,유해란,4,14,3,1,박서현,3,9,2,2,1
GREEN,1.1,1.9,유해란,4,14,3,1,박서현,3,10,3,1,0
GREEN,1.1,0.9,유해란,4,14,3,1,박서현,3,10,2,1,1
GREEN,1.1,1.0,유해란,4,14,3,1,박서현,3,11,2,0,1
GREEN,1.1,1.2,유해란,4,14,3,1,박서현,3,12,2,0,1
GREEN,1.1,1.3,유해란,4,14,3,1,박서현,3,13,3,1,0
GREEN,1.1,1.0,유해란,4,14,3,1,박서현,3,13,2,1,1
GREEN,1.1,0.4,유해란,4,14,3,1,박서현,3,14,2,0,1
GREEN,1.1,1.4,유해란,4,14,3,1,박서현,3,15,2,1,1
GREEN,1.1,0.3,유해란,4,14,3,1,박서현,3,16,2,0,1
GREEN,1.1,1.9,유해란,4,14,3,1,박서현,3,17,2,0,1
GREEN,1.1,0.5,유해란,4,14,3,1,박서현,3,18,2,0,1
GREEN,1.1,1.1,유해란,4,14,3,1,박서현,4,1,2,0,1
GREEN,1.1,0.2,유해란,4,14,3,1,박서현,4,2,2,0,1
GREEN,1.1,0.5,유해란,4,14,3,1,박서현,4,3,2,1,1
GREEN,1.1,0.3,유해란,4,14,3,1,박서현,4,4,2,1,1
GREEN,1.1,0.3,유해란,4,14,3,1,박서현,4,5,2,0,1
GREEN,1.1,0.3,유해란,4,14,3,1,박서현,4,8,2,0,1
GREEN,1.1,1.7,유해란,4,14,3,1,박서현,4,9,3,2,0
GREEN,1.1,0.4,유해란,4,14,3,1,박서현,4,9,2,2,1
GREEN,1.1,1.6,유해란,4,14,3,1,박서현,4,10,2,1,1
GREEN,1.1,0.4,유해란,4,14,3,1,박서현,4,11,2,0,1
GREEN,1.1,1.9,유해란,4,14,3,1,박서현,4,12,3,1,0
GREEN,1.1,0.8,유해란,4,14,3,1,박서현,4,12,2,1,1
GREEN,1.1,1.6,유해란,4,14,3,1,박서현,4,14,3,1,0
GREEN,1.1,0.2,유해란,4,14,3,1,박서현,4,14,2,1,1
GREEN,1.1,0.7,유해란,4,14,3,1,박서현,4,15,2,0,1
GREEN,1.1,1.3,유해란,4,14,3,1,박서현,4,16,2,0,1
GREEN,1.1,0.5,유해란,4,14,3,1,박서현,4,17,2,1,1
GREEN,1.1,1.3,유해란,4,14,3,1,박서현,4,18,2,1,1
GREEN,1.0,0.5,유해란,4,14,2,1,이재윤,1,1,2,0,0
GREEN,1.0,0.5,유해란,4,14,2,1,이재윤,1,2,2,0,0
GREEN,1.0,1.3,유해란,4,14,2,1,이재윤,1,3,2,0,0
GREEN,1.0,0.5,유해란,4,14,2,1,이재윤,1,4,2,1,0
GREEN,1.0,0.8,유해란,4,14,2,1,이재윤,1,5,2,0,0
GREEN,1.0,0.5,유해란,4,14,2,1,이재윤,1,6,2,0,0
GREEN,1.0,0.5,유해란,4,14,2,1,이재윤,1,7,2,0,0
GREEN,1.0,0.2,유해란,4,14,2,1,이재윤,1,8,2,0,0
GREEN,1.0,1.4,유해란,4,14,2,1,이재윤,1,9,2,1,0
GREEN,1.0,0.8,유해란,4,14,2,1,이재윤,1,10,2,0,0
GREEN,1.0,0.7,유해란,4,14,2,1,이재윤,1,11,2,1,0
GREEN,1.0,0.3,유해란,4,14,2,1,이재윤,1,12,2,0,0
GREEN,1.0,0.9,유해란,4,14,2,1,이재윤,1,13,2,0,0
GREEN,1.0,1.6,유해란,4,14,2,1,이재윤,1,14,3,0,-1
GREEN,1.0,0.3,유해란,4,14,2,1,이재윤,1,14,2,0,0
GREEN,1.0,1.1,유해란,4,14,2,1,이재윤,1,15,2,1,0
GREEN,1.0,0.8,유해란,4,14,2,1,이재윤,1,18,2,0,0
GREEN,1.0,0.8,유해란,4,14,2,1,이재윤,2,3,2,0,0
GREEN,1.0,0.4,유해란,4,14,2,1,이재윤,2,4,2,1,0
GREEN,1.0,0.7,유해란,4,14,2,1,이재윤,2,5,2,0,0
GREEN,1.0,1.2,유해란,4,14,2,1,이재윤,2,6,2,0,0
GREEN,1.0,0.5,유해란,4,14,2,1,이재윤,2,7,2,0,0
GREEN,1.0,0.2,유해란,4,14,2,1,이재윤,2,8,2,0,0
GREEN,1.0,1.5,유해란,4,14,2,1,이재윤,2,9,2,0,0
GREEN,1.0,1.2,유해란,4,14,2,1,이재윤,2,10,2,0,0
GREEN,1.0,1.5,유해란,4,14,2,1,이재윤,2,11,2,1,0
GREEN,1.0,0.5,유해란,4,14,2,1,이재윤,2,12,2,0,0
GREEN,1.0,1.6,유해란,4,14,2,1,이재윤,2,13,2,-1,0
GREEN,1.0,1.5,유해란,4,14,2,1,이재윤,2,14,3,1,-1
GREEN,1.0,0.4,유해란,4,14,2,1,이재윤,2,14,2,1,0
GREEN,1.0,0.5,유해란,4,14,2,1,이재윤,2,15,2,1,0
GREEN,1.0,1.7,유해란,4,14,2,1,이재윤,2,16,2,0,0
GREEN,1.0,1.0,유해란,4,14,2,1,이재윤,2,17,2,0,0
GREEN,1.0,1.3,유해란,4,14,2,1,이재윤,2,18,2,0,0
GREEN,1.0,0.3,유해란,4,14,2,1,이재윤,3,1,2,1,0
GREEN,1.0,0.5,유해란,4,14,2,1,이재윤,3,2,2,0,0
GREEN,1.0,1.5,유해란,4,14,2,1,이재윤,3,4,2,0,0
GREEN,1.0,0.3,유해란,4,14,2,1,이재윤,3,5,2,0,0
GREEN,1.0,0.4,유해란,4,14,2,1,이재윤,3,6,2,0,0
GREEN,1.0,0.5,유해란,4,14,2,1,이재윤,3,7,2,0,0
GREEN,1.0,0.3,유해란,4,14,2,1,이재윤,3,8,2,0,0
GREEN,1.0,1.2,유해란,4,14,2,1,이재윤,3,9,2,0,0
GREEN,1.0,1.3,유해란,4,14,2,1,이재윤,3,10,2,1,0
GREEN,1.0,0.5,유해란,4,14,2,1,이재윤,3,11,2,0,0
GREEN,1.0,0.3,유해란,4,14,2,1,이재윤,3,13,2,1,0
GREEN,1.0,0.2,유해란,4,14,2,1,이재윤,3,14,2,0,0
GREEN,1.0,1.4,유해란,4,14,2,1,이재윤,3,15,2,0,0
GREEN,1.0,1.3,유해란,4,14,2,1,이재윤,3,17,2,0,0
GREEN,1.0,0.5,유해란,4,14,2,1,이재윤,3,18,2,0,0
GREEN,1.0,0.9,유해란,4,14,2,1,이재윤,4,1,2,0,0
GREEN,1.0,0.3,유해란,4,14,2,1,이재윤,4,2,2,1,0
GREEN,1.0,0.3,유해란,4,14,2,1,이재윤,4,5,2,0,0
GREEN,1.0,0.4,유해란,4,14,2,1,이재윤,4,8,2,0,0
GREEN,1.0,0.3,유해란,4,14,2,1,이재윤,4,9,2,0,0
GREEN,1.0,2.0,유해란,4,14,2,1,이재윤,4,10,2,0,0
GREEN,1.0,1.7,유해란,4,14,2,1,이재윤,4,11,2,0,0
GREEN,1.0,0.4,유해란,4,14,2,1,이재윤,4,12,2,0,0
GREEN,1.0,0.5,유해란,4,14,2,1,이재윤,4,13,2,0,0
GREEN,1.0,1.5,유해란,4,14,2,1,이재윤,4,14,3,1,-1
GREEN,1.0,1.0,유해란,4,14,2,1,이재윤,4,14,2,1,0
GREEN,1.0,1.2,유해란,4,14,2,1,이재윤,4,15,2,0,0
GREEN,1.0,0.5,유해란,4,14,2,1,이재윤,4,16,2,0,0
GREEN,1.0,1.8,유해란,4,14,2,1,이재윤,4,17,2,0,0
GREEN,1.0,0.3,유해란,4,14,2,1,이재윤,4,18,2,0,0
GREEN,1.0,0.4,유해란,4,14,2,1,박서현,1,2,2,0,0
GREEN,1.0,1.0,유해란,4,14,2,1,박서현,1,3,2,2,0
GREEN,1.0,0.5,유해란,4,14,2,1,박서현,1,4,2,0,0
GREEN,1.0,0.5,유해란,4,14,2,1,박서현,1,5,2,0,0
GREEN,1.0,0.4,유해란,4,14,2,1,박서현,1,6,2,1,0
GREEN,1.0,0.5,유해란,4,14,2,1,박서현,1,7,2,0,0
GREEN,1.0,2.0,유해란,4,14,2,1,박서현,1,8,3,1,-1
GREEN,1.0,0.5,유해란,4,14,2,1,박서현,1,8,2,1,0
GREEN,1.0,0.6,유해란,4,14,2,1,박서현,1,9,2,0,0
GREEN,1.0,0.3,유해란,4,14,2,1,박서현,1,10,2,0,0
GREEN,1.0,0.4,유해란,4,14,2,1,박서현,1,11,2,0,0
GREEN,1.0,1.1,유해란,4,14,2,1,박서현,1,13,2,1,0
GREEN,1.0,0.3,유해란,4,14,2,1,박서현,1,14,2,0,0
GREEN,1.0,0.5,유해란,4,14,2,1,박서현,1,15,2,1,0
GREEN,1.0,0.5,유해란,4,14,2,1,박서현,1,17,2,0,0
GREEN,1.0,0.3,유해란,4,14,2,1,박서현,2,1,2,0,0
GREEN,1.0,0.5,유해란,4,14,2,1,박서현,2,2,2,0,0
GREEN,1.0,0.5,유해란,4,14,2,1,박서현,2,3,2,0,0
GREEN,1.0,0.3,유해란,4,14,2,1,박서현,2,4,2,1,0
GREEN,1.0,1.2,유해란,4,14,2,1,박서현,2,5,3,1,-1
GREEN,1.0,0.4,유해란,4,14,2,1,박서현,2,5,2,1,0
GREEN,1.0,0.4,유해란,4,14,2,1,박서현,2,7,2,0,0
GREEN,1.0,1.5,유해란,4,14,2,1,박서현,2,9,2,0,0
GREEN,1.0,0.2,유해란,4,14,2,1,박서현,2,10,2,0,0
GREEN,1.0,1.5,유해란,4,14,2,1,박서현,2,11,2,1,0
GREEN,1.0,1.3,유해란,4,14,2,1,박서현,2,12,3,2,-1
GREEN,1.0,0.9,유해란,4,14,2,1,박서현,2,12,2,2,0
GREEN,1.0,0.4,유해란,4,14,2,1,박서현,2,13,2,0,0
GREEN,1.0,1.0,유해란,4,14,2,1,박서현,2,14,2,1,0
GREEN,1.0,1.3,유해란,4,14,2,1,박서현,2,15,2,0,0
GREEN,1.0,0.2,유해란,4,14,2,1,박서현,2,17,2,0,0
GREEN,1.0,1.3,유해란,4,14,2,1,박서현,2,18,2,0,0
GREEN,1.0,1.3,유해란,4,14,2,1,박서현,3,1,2,0,0
GREEN,1.0,1.4,유해란,4,14,2,1,박서현,3,2,2,0,0
GREEN,1.0,0.4,유해란,4,14,2,1,박서현,3,3,2,1,0
GREEN,1.0,0.5,유해란,4,14,2,1,박서현,3,4,2,0,0
GREEN,1.0,1.2,유해란,4,14,2,1,박서현,3,5,2,0,0
GREEN,1.0,0.3,유해란,4,14,2,1,박서현,3,6,2,0,0
GREEN,1.0,0.5,유해란,4,14,2,1,박서현,3,7,2,0,0
GREEN,1.0,0.3,유해란,4,14,2,1,박서현,3,8,2,3,0
GREEN,1.0,0.2,유해란,4,14,2,1,박서현,3,9,2,2,0
GREEN,1.0,1.9,유해란,4,14,2,1,박서현,3,10,3,1,-1
GREEN,1.0,0.9,유해란,4,14,2,1,박서현,3,10,2,1,0
GREEN,1.0,1.0,유해란,4,14,2,1,박서현,3,11,2,0,0
GREEN,1.0,1.2,유해란,4,14,2,1,박서현,3,12,2,0,0
GREEN,1.0,1.3,유해란,4,14,2,1,박서현,3,13,3,1,-1
GREEN,1.0,1.0,유해란,4,14,2,1,박서현,3,13,2,1,0
GREEN,1.0,0.4,유해란,4,14,2,1,박서현,3,14,2,0,0
GREEN,1.0,1.4,유해란,4,14,2,1,박서현,3,15,2,1,0
GREEN,1.0,0.3,유해란,4,14,2,1,박서현,3,16,2,0,0
GREEN,1.0,1.9,유해란,4,14,2,1,박서현,3,17,2,0,0
GREEN,1.0,0.5,유해란,4,14,2,1,박서현,3,18,2,0,0
GREEN,1.0,1.1,유해란,4,14,2,1,박서현,4,1,2,0,0
GREEN,1.0,0.2,유해란,4,14,2,1,박서현,4,2,2,0,0
GREEN,1.0,0.5,유해란,4,14,2,1,박서현,4,3,2,1,0
GREEN,1.0,0.3,유해란,4,14,2,1,박서현,4,4,2,1,0
GREEN,1.0,0.3,유해란,4,14,2,1,박서현,4,5,2,0,0
GREEN,1.0,0.3,유해란,4,14,2,1,박서현,4,8,2,0,0
GREEN,1.0,1.7,유해란,4,14,2,1,박서현,4,9,3,2,-1
GREEN,1.0,0.4,유해란,4,14,2,1,박서현,4,9,2,2,0
GREEN,1.0,1.6,유해란,4,14,2,1,박서현,4,10,2,1,0
GREEN,1.0,0.4,유해란,4,14,2,1,박서현,4,11,2,0,0
GREEN,1.0,1.9,유해란,4,14,2,1,박서현,4,12,3,1,-1
GREEN,1.0,0.8,유해란,4,14,2,1,박서현,4,12,2,1,0
GREEN,1.0,1.6,유해란,4,14,2,1,박서현,4,14,3,1,-1
GREEN,1.0,0.2,유해란,4,14,2,1,박서현,4,14,2,1,0
GREEN,1.0,0.7,유해란,4,14,2,1,박서현,4,15,2,0,0
GREEN,1.0,1.3,유해란,4,14,2,1,박서현,4,16,2,0,0
GREEN,1.0,0.5,유해란,4,14,2,1,박서현,4,17,2,1,0
GREEN,1.0,1.3,유해란,4,14,2,1,박서현,4,18,2,1,0
ROUGH,158.3,157.9,유해란,4,15,4,0,이재윤,1,1,4,0,0
ROUGH,158.3,158.3,유해란,4,15,4,0,이재윤,2,15,5,1,-1
ROUGH,158.3,159.0,유해란,4,15,4,0,박서현,1,8,5,1,-1
ROUGH,158.3,158.8,유해란,4,15,4,0,박서현,4,6,4,0,0
GREEN,15.0,15.5,유해란,4,15,3,0,이재윤,1,10,3,0,0
GREEN,15.0,15.7,유해란,4,15,3,0,이재윤,3,8,3,0,0
GREEN,15.0,14.8,유해란,4,15,3,0,이재윤,4,10,3,0,0
GREEN,15.0,15.0,유해란,4,15,3,0,박서현,2,12,4,2,-1
GREEN,15.0,14.8,유해란,4,15,3,0,박서현,3,5,3,0,0
GREEN,15.0,15.4,유해란,4,15,3,0,박서현,4,17,4,1,-1
GREEN,0.9,0.5,유해란,4,15,2,0,이재윤,1,1,2,0,0
GREEN,0.9,0.5,유해란,4,15,2,0,이재윤,1,2,2,0,0
GREEN,0.9,1.3,유해란,4,15,2,0,이재윤,1,3,2,0,0
GREEN,0.9,0.5,유해란,4,15,2,0,이재윤,1,4,2,1,0
GREEN,0.9,0.8,유해란,4,15,2,0,이재윤,1,5,2,0,0
GREEN,0.9,0.5,유해란,4,15,2,0,이재윤,1,6,2,0,0
GREEN,0.9,0.5,유해란,4,15,2,0,이재윤,1,7,2,0,0
GREEN,0.9,0.2,유해란,4,15,2,0,이재윤,1,8,2,0,0
GREEN,0.9,1.4,유해란,4,15,2,0,이재윤,1,9,2,1,0
GREEN,0.9,0.8,유해란,4,15,2,0,이재윤,1,10,2,0,0
GREEN,0.9,0.7,유해란,4,15,2,0,이재윤,1,11,2,1,0
GREEN,0.9,0.3,유해란,4,15,2,0,이재윤,1,12,2,0,0
GREEN,0.9,0.9,유해란,4,15,2,0,이재윤,1,13,2,0,0
GREEN,0.9,1.6,유해란,4,15,2,0,이재윤,1,14,3,0,-1
GREEN,0.9,0.3,유해란,4,15,2,0,이재윤,1,14,2,0,0
GREEN,0.9,1.1,유해란,4,15,2,0,이재윤,1,15,2,1,0
GREEN,0.9,0.8,유해란,4,15,2,0,이재윤,1,18,2,0,0
GREEN,0.9,0.8,유해란,4,15,2,0,이재윤,2,3,2,0,0
GREEN,0.9,0.4,유해란,4,15,2,0,이재윤,2,4,2,1,0
GREEN,0.9,0.7,유해란,4,15,2,0,이재윤,2,5,2,0,0
GREEN,0.9,1.2,유해란,4,15,2,0,이재윤,2,6,2,0,0
GREEN,0.9,0.5,유해란,4,15,2,0,이재윤,2,7,2,0,0
GREEN,0.9,0.2,유해란,4,15,2,0,이재윤,2,8,2,0,0
GREEN,0.9,1.5,유해란,4,15,2,0,이재윤,2,9,2,0,0
GREEN,0.9,1.2,유해란,4,15,2,0,이재윤,2,10,2,0,0
GREEN,0.9,1.5,유해란,4,15,2,0,이재윤,2,11,2,1,0
GREEN,0.9,0.5,유해란,4,15,2,0,이재윤,2,12,2,0,0
GREEN,0.9,1.6,유해란,4,15,2,0,이재윤,2,13,2,-1,0
GREEN,0.9,1.5,유해란,4,15,2,0,이재윤,2,14,3,1,-1
GREEN,0.9,0.4,유해란,4,15,2,0,이재윤,2,14,2,1,0
GREEN,0.9,0.5,유해란,4,15,2,0,이재윤,2,15,2,1,0
GREEN,0.9,1.7,유해란,4,15,2,0,이재윤,2,16,2,0,0
GREEN,0.9,1.0,유해란,4,15,2,0,이재윤,2,17,2,0,0
GREEN,0.9,1.3,유해란,4,15,2,0,이재윤,2,18,2,0,0
GREEN,0.9,0.3,유해란,4,15,2,0,이재윤,3,1,2,1,0
GREEN,0.9,0.5,유해란,4,15,2,0,이재윤,3,2,2,0,0
GREEN,0.9,1.5,유해란,4,15,2,0,이재윤,3,4,2,0,0
GREEN,0.9,0.3,유해란,4,15,2,0,이재윤,3,5,2,0,0
GREEN,0.9,0.4,유해란,4,15,2,0,이재윤,3,6,2,0,0
GREEN,0.9,0.5,유해란,4,15,2,0,이재윤,3,7,2,0,0
GREEN,0.9,0.3,유해란,4,15,2,0,이재윤,3,8,2,0,0
GREEN,0.9,1.2,유해란,4,15,2,0,이재윤,3,9,2,0,0
GREEN,0.9,1.3,유해란,4,15,2,0,이재윤,3,10,2,1,0
GREEN,0.9,0.5,유해란,4,15,2,0,이재윤,3,11,2,0,0
GREEN,0.9,0.3,유해란,4,15,2,0,이재윤,3,13,2,1,0
GREEN,0.9,0.2,유해란,4,15,2,0,이재윤,3,14,2,0,0
GREEN,0.9,1.4,유해란,4,15,2,0,이재윤,3,15,2,0,0
GREEN,0.9,1.3,유해란,4,15,2,0,이재윤,3,17,2,0,0
GREEN,0.9,0.5,유해란,4,15,2,0,이재윤,3,18,2,0,0
GREEN,0.9,0.9,유해란,4,15,2,0,이재윤,4,1,2,0,0
GREEN,0.9,0.3,유해란,4,15,2,0,이재윤,4,2,2,1,0
GREEN,0.9,0.3,유해란,4,15,2,0,이재윤,4,5,2,0,0
GREEN,0.9,0.4,유해란,4,15,2,0,이재윤,4,8,2,0,0
GREEN,0.9,0.3,유해란,4,15,2,0,이재윤,4,9,2,0,0
GREEN,0.9,1.7,유해란,4,15,2,0,이재윤,4,11,2,0,0
GREEN,0.9,0.4,유해란,4,15,2,0,이재윤,4,12,2,0,0
GREEN,0.9,0.5,유해란,4,15,2,0,이재윤,4,13,2,0,0
GREEN,0.9,1.5,유해란,4,15,2,0,이재윤,4,14,3,1,-1
GREEN,0.9,1.0,유해란,4,15,2,0,이재윤,4,14,2,1,0
GREEN,0.9,1.2,유해란,4,15,2,0,이재윤,4,15,2,0,0
GREEN,0.9,0.5,유해란,4,15,2,0,이재윤,4,16,2,0,0
GREEN,0.9,1.8,유해란,4,15,2,0,이재윤,4,17,2,0,0
GREEN,0.9,0.3,유해란,4,15,2,0,이재윤,4,18,2,0,0
GREEN,0.9,0.4,유해란,4,15,2,0,박서현,1,2,2,0,0
GREEN,0.9,1.0,유해란,4,15,2,0,박서현,1,3,2,2,0
GREEN,0.9,0.5,유해란,4,15,2,0,박서현,1,4,2,0,0
GREEN,0.9,0.5,유해란,4,15,2,0,박서현,1,5,2,0,0
GREEN,0.9,0.4,유해란,4,15,2,0,박서현,1,6,2,1,0
GREEN,0.9,0.5,유해란,4,15,2,0,박서현,1,7,2,0,0
GREEN,0.9,0.5,유해란,4,15,2,0,박서현,1,8,2,1,0
GREEN,0.9,0.6,유해란,4,15,2,0,박서현,1,9,2,0,0
GREEN,0.9,0.3,유해란,4,15,2,0,박서현,1,10,2,0,0
GREEN,0.9,0.4,유해란,4,15,2,0,박서현,1,11,2,0,0
GREEN,0.9,1.1,유해란,4,15,2,0,박서현,1,13,2,1,0
GREEN,0.9,0.3,유해란,4,15,2,0,박서현,1,14,2,0,0
GREEN,0.9,0.5,유해란,4,15,2,0,박서현,1,15,2,1,0
GREEN,0.9,0.5,유해란,4,15,2,0,박서현,1,17,2,0,0
GREEN,0.9,0.3,유해란,4,15,2,0,박서현,2,1,2,0,0
GREEN,0.9,0.5,유해란,4,15,2,0,박서현,2,2,2,0,0
GREEN,0.9,0.5,유해란,4,15,2,0,박서현,2,3,2,0,0
GREEN,0.9,0.3,유해란,4,15,2,0,박서현,2,4,2,1,0
GREEN,0.9,1.2,유해란,4,15,2,0,박서현,2,5,3,1,-1
GREEN,0.9,0.4,유해란,4,15,2,0,박서현,2,5,2,1,0
GREEN,0.9,0.4,유해란,4,15,2,0,박서현,2,7,2,0,0
GREEN,0.9,1.5,유해란,4,15,2,0,박서현,2,9,2,0,0
GREEN,0.9,0.2,유해란,4,15,2,0,박서현,2,10,2,0,0
GREEN,0.9,1.5,유해란,4,15,2,0,박서현,2,11,2,1,0
GREEN,0.9,1.3,유해란,4,15,2,0,박서현,2,12,3,2,-1
GREEN,0.9,0.9,유해란,4,15,2,0,박서현,2,12,2,2,0
GREEN,0.9,0.4,유해란,4,15,2,0,박서현,2,13,2,0,0
GREEN,0.9,1.0,유해란,4,15,2,0,박서현,2,14,2,1,0
GREEN,0.9,1.3,유해란,4,15,2,0,박서현,2,15,2,0,0
GREEN,0.9,0.2,유해란,4,15,2,0,박서현,2,17,2,0,0
GREEN,0.9,1.3,유해란,4,15,2,0,박서현,2,18,2,0,0
GREEN,0.9,1.3,유해란,4,15,2,0,박서현,3,1,2,0,0
GREEN,0.9,1.4,유해란,4,15,2,0,박서현,3,2,2,0,0
GREEN,0.9,0.4,유해란,4,15,2,0,박서현,3,3,2,1,0
GREEN,0.9,0.5,유해란,4,15,2,0,박서현,3,4,2,0,0
GREEN,0.9,1.2,유해란,4,15,2,0,박서현,3,5,2,0,0
GREEN,0.9,0.3,유해란,4,15,2,0,박서현,3,6,2,0,0
GREEN,0.9,0.5,유해란,4,15,2,0,박서현,3,7,2,0,0
GREEN,0.9,0.3,유해란,4,15,2,0,박서현,3,8,2,3,0
GREEN,0.9,0.2,유해란,4,15,2,0,박서현,3,9,2,2,0
GREEN,0.9,1.9,유해란,4,15,2,0,박서현,3,10,3,1,-1
GREEN,0.9,0.9,유해란,4,15,2,0,박서현,3,10,2,1,0
GREEN,0.9,1.0,유해란,4,15,2,0,박서현,3,11,2,0,0
GREEN,0.9,1.2,유해란,4,15,2,0,박서현,3,12,2,0,0
GREEN,0.9,1.3,유해란,4,15,2,0,박서현,3,13,3,1,-1
GREEN,0.9,1.0,유해란,4,15,2,0,박서현,3,13,2,1,0
GREEN,0.9,0.4,유해란,4,15,2,0,박서현,3,14,2,0,0
GREEN,0.9,1.4,유해란,4,15,2,0,박서현,3,15,2,1,0
GREEN,0.9,0.3,유해란,4,15,2,0,박서현,3,16,2,0,0
GREEN,0.9,1.9,유해란,4,15,2,0,박서현,3,17,2,0,0
GREEN,0.9,0.5,유해란,4,15,2,0,박서현,3,18,2,0,0
GREEN,0.9,1.1,유해란,4,15,2,0,박서현,4,1,2,0,0
GREEN,0.9,0.2,유해란,4,15,2,0,박서현,4,2,2,0,0
GREEN,0.9,0.5,유해란,4,15,2,0,박서현,4,3,2,1,0
GREEN,0.9,0.3,유해란,4,15,2,0,박서현,4,4,2,1,0
GREEN,0.9,0.3,유해란,4,15,2,0,박서현,4,5,2,0,0
GREEN,0.9,0.3,유해란,4,15,2,0,박서현,4,8,2,0,0
GREEN,0.9,1.7,유해란,4,15,2,0,박서현,4,9,3,2,-1
GREEN,0.9,0.4,유해란,4,15,2,0,박서현,4,9,2,2,0
GREEN,0.9,1.6,유해란,4,15,2,0,박서현,4,10,2,1,0
GREEN,0.9,0.4,유해란,4,15,2,0,박서현,4,11,2,0,0
GREEN,0.9,1.9,유해란,4,15,2,0,박서현,4,12,3,1,-1
GREEN,0.9,0.8,유해란,4,15,2,0,박서현,4,12,2,1,0
GREEN,0.9,1.6,유해란,4,15,2,0,박서현,4,14,3,1,-1
GREEN,0.9,0.2,유해란,4,15,2,0,박서현,4,14,2,1,0
GREEN,0.9,0.7,유해란,4,15,2,0,박서현,4,15,2,0,0
GREEN,0.9,1.3,유해란,4,15,2,0,박서현,4,16,2,0,0
GREEN,0.9,0.5,유해란,4,15,2,0,박서현,4,17,2,1,0
GREEN,0.9,1.3,유해란,4,15,2,0,박서현,4,18,2,1,0
GREEN,1.0,0.5,유해란,4,16,2,-1,이재윤,1,1,2,0,0
GREEN,1.0,0.5,유해란,4,16,2,-1,이재윤,1,2,2,0,0
GREEN,1.0,1.3,유해란,4,16,2,-1,이재윤,1,3,2,0,0
GREEN,1.0,0.5,유해란,4,16,2,-1,이재윤,1,4,2,1,0
GREEN,1.0,0.8,유해란,4,16,2,-1,이재윤,1,5,2,0,0
GREEN,1.0,0.5,유해란,4,16,2,-1,이재윤,1,6,2,0,0
GREEN,1.0,0.5,유해란,4,16,2,-1,이재윤,1,7,2,0,0
GREEN,1.0,0.2,유해란,4,16,2,-1,이재윤,1,8,2,0,0
GREEN,1.0,1.4,유해란,4,16,2,-1,이재윤,1,9,2,1,0
GREEN,1.0,0.8,유해란,4,16,2,-1,이재윤,1,10,2,0,0
GREEN,1.0,0.7,유해란,4,16,2,-1,이재윤,1,11,2,1,0
GREEN,1.0,0.3,유해란,4,16,2,-1,이재윤,1,12,2,0,0
GREEN,1.0,0.9,유해란,4,16,2,-1,이재윤,1,13,2,0,0
GREEN,1.0,1.6,유해란,4,16,2,-1,이재윤,1,14,3,0,-1
GREEN,1.0,0.3,유해란,4,16,2,-1,이재윤,1,14,2,0,0
GREEN,1.0,1.1,유해란,4,16,2,-1,이재윤,1,15,2,1,0
GREEN,1.0,0.8,유해란,4,16,2,-1,이재윤,1,18,2,0,0
GREEN,1.0,0.8,유해란,4,16,2,-1,이재윤,2,3,2,0,0
GREEN,1.0,0.4,유해란,4,16,2,-1,이재윤,2,4,2,1,0
GREEN,1.0,0.7,유해란,4,16,2,-1,이재윤,2,5,2,0,0
GREEN,1.0,1.2,유해란,4,16,2,-1,이재윤,2,6,2,0,0
GREEN,1.0,0.5,유해란,4,16,2,-1,이재윤,2,7,2,0,0
GREEN,1.0,0.2,유해란,4,16,2,-1,이재윤,2,8,2,0,0
GREEN,1.0,1.5,유해란,4,16,2,-1,이재윤,2,9,2,0,0
GREEN,1.0,1.2,유해란,4,16,2,-1,이재윤,2,10,2,0,0
GREEN,1.0,1.5,유해란,4,16,2,-1,이재윤,2,11,2,1,0
GREEN,1.0,0.5,유해란,4,16,2,-1,이재윤,2,12,2,0,0
GREEN,1.0,1.6,유해란,4,16,2,-1,이재윤,2,13,2,-1,0
GREEN,1.0,1.5,유해란,4,16,2,-1,이재윤,2,14,3,1,-1
GREEN,1.0,0.4,유해란,4,16,2,-1,이재윤,2,14,2,1,0
GREEN,1.0,0.5,유해란,4,16,2,-1,이재윤,2,15,2,1,0
GREEN,1.0,1.7,유해란,4,16,2,-1,이재윤,2,16,2,0,0
GREEN,1.0,1.0,유해란,4,16,2,-1,이재윤,2,17,2,0,0
GREEN,1.0,1.3,유해란,4,16,2,-1,이재윤,2,18,2,0,0
GREEN,1.0,0.3,유해란,4,16,2,-1,이재윤,3,1,2,1,0
GREEN,1.0,0.5,유해란,4,16,2,-1,이재윤,3,2,2,0,0
GREEN,1.0,1.5,유해란,4,16,2,-1,이재윤,3,4,2,0,0
GREEN,1.0,0.3,유해란,4,16,2,-1,이재윤,3,5,2,0,0
GREEN,1.0,0.4,유해란,4,16,2,-1,이재윤,3,6,2,0,0
GREEN,1.0,0.5,유해란,4,16,2,-1,이재윤,3,7,2,0,0
GREEN,1.0,0.3,유해란,4,16,2,-1,이재윤,3,8,2,0,0
GREEN,1.0,1.2,유해란,4,16,2,-1,이재윤,3,9,2,0,0
GREEN,1.0,1.3,유해란,4,16,2,-1,이재윤,3,10,2,1,0
GREEN,1.0,0.5,유해란,4,16,2,-1,이재윤,3,11,2,0,0
GREEN,1.0,0.3,유해란,4,16,2,-1,이재윤,3,13,2,1,0
GREEN,1.0,0.2,유해란,4,16,2,-1,이재윤,3,14,2,0,0
GREEN,1.0,1.4,유해란,4,16,2,-1,이재윤,3,15,2,0,0
GREEN,1.0,1.3,유해란,4,16,2,-1,이재윤,3,17,2,0,0
GREEN,1.0,0.5,유해란,4,16,2,-1,이재윤,3,18,2,0,0
GREEN,1.0,0.9,유해란,4,16,2,-1,이재윤,4,1,2,0,0
GREEN,1.0,0.3,유해란,4,16,2,-1,이재윤,4,2,2,1,0
GREEN,1.0,0.3,유해란,4,16,2,-1,이재윤,4,5,2,0,0
GREEN,1.0,0.4,유해란,4,16,2,-1,이재윤,4,8,2,0,0
GREEN,1.0,0.3,유해란,4,16,2,-1,이재윤,4,9,2,0,0
GREEN,1.0,2.0,유해란,4,16,2,-1,이재윤,4,10,2,0,0
GREEN,1.0,1.7,유해란,4,16,2,-1,이재윤,4,11,2,0,0
GREEN,1.0,0.4,유해란,4,16,2,-1,이재윤,4,12,2,0,0
GREEN,1.0,0.5,유해란,4,16,2,-1,이재윤,4,13,2,0,0
GREEN,1.0,1.5,유해란,4,16,2,-1,이재윤,4,14,3,1,-1
GREEN,1.0,1.0,유해란,4,16,2,-1,이재윤,4,14,2,1,0
GREEN,1.0,1.2,유해란,4,16,2,-1,이재윤,4,15,2,0,0
GREEN,1.0,0.5,유해란,4,16,2,-1,이재윤,4,16,2,0,0
GREEN,1.0,1.8,유해란,4,16,2,-1,이재윤,4,17,2,0,0
GREEN,1.0,0.3,유해란,4,16,2,-1,이재윤,4,18,2,0,0
GREEN,1.0,0.4,유해란,4,16,2,-1,박서현,1,2,2,0,0
GREEN,1.0,1.0,유해란,4,16,2,-1,박서현,1,3,2,2,0
GREEN,1.0,0.5,유해란,4,16,2,-1,박서현,1,4,2,0,0
GREEN,1.0,0.5,유해란,4,16,2,-1,박서현,1,5,2,0,0
GREEN,1.0,0.4,유해란,4,16,2,-1,박서현,1,6,2,1,0
GREEN,1.0,0.5,유해란,4,16,2,-1,박서현,1,7,2,0,0
GREEN,1.0,2.0,유해란,4,16,2,-1,박서현,1,8,3,1,-1
GREEN,1.0,0.5,유해란,4,16,2,-1,박서현,1,8,2,1,0
GREEN,1.0,0.6,유해란,4,16,2,-1,박서현,1,9,2,0,0
GREEN,1.0,0.3,유해란,4,16,2,-1,박서현,1,10,2,0,0
GREEN,1.0,0.4,유해란,4,16,2,-1,박서현,1,11,2,0,0
GREEN,1.0,1.1,유해란,4,16,2,-1,박서현,1,13,2,1,0
GREEN,1.0,0.3,유해란,4,16,2,-1,박서현,1,14,2,0,0
GREEN,1.0,0.5,유해란,4,16,2,-1,박서현,1,15,2,1,0
GREEN,1.0,0.5,유해란,4,16,2,-1,박서현,1,17,2,0,0
GREEN,1.0,0.3,유해란,4,16,2,-1,박서현,2,1,2,0,0
GREEN,1.0,0.5,유해란,4,16,2,-1,박서현,2,2,2,0,0
GREEN,1.0,0.5,유해란,4,16,2,-1,박서현,2,3,2,0,0
GREEN,1.0,0.3,유해란,4,16,2,-1,박서현,2,4,2,1,0
GREEN,1.0,1.2,유해란,4,16,2,-1,박서현,2,5,3,1,-1
GREEN,1.0,0.4,유해란,4,16,2,-1,박서현,2,5,2,1,0
GREEN,1.0,0.4,유해란,4,16,2,-1,박서현,2,7,2,0,0
GREEN,1.0,1.5,유해란,4,16,2,-1,박서현,2,9,2,0,0
GREEN,1.0,0.2,유해란,4,16,2,-1,박서현,2,10,2,0,0
GREEN,1.0,1.5,유해란,4,16,2,-1,박서현,2,11,2,1,0
GREEN,1.0,1.3,유해란,4,16,2,-1,박서현,2,12,3,2,-1
GREEN,1.0,0.9,유해란,4,16,2,-1,박서현,2,12,2,2,0
GREEN,1.0,0.4,유해란,4,16,2,-1,박서현,2,13,2,0,0
GREEN,1.0,1.0,유해란,4,16,2,-1,박서현,2,14,2,1,0
GREEN,1.0,1.3,유해란,4,16,2,-1,박서현,2,15,2,0,0
GREEN,1.0,0.2,유해란,4,16,2,-1,박서현,2,17,2,0,0
GREEN,1.0,1.3,유해란,4,16,2,-1,박서현,2,18,2,0,0
GREEN,1.0,1.3,유해란,4,16,2,-1,박서현,3,1,2,0,0
GREEN,1.0,1.4,유해란,4,16,2,-1,박서현,3,2,2,0,0
GREEN,1.0,0.4,유해란,4,16,2,-1,박서현,3,3,2,1,0
GREEN,1.0,0.5,유해란,4,16,2,-1,박서현,3,4,2,0,0
GREEN,1.0,1.2,유해란,4,16,2,-1,박서현,3,5,2,0,0
GREEN,1.0,0.3,유해란,4,16,2,-1,박서현,3,6,2,0,0
GREEN,1.0,0.5,유해란,4,16,2,-1,박서현,3,7,2,0,0
GREEN,1.0,0.3,유해란,4,16,2,-1,박서현,3,8,2,3,0
GREEN,1.0,0.2,유해란,4,16,2,-1,박서현,3,9,2,2,0
GREEN,1.0,1.9,유해란,4,16,2,-1,박서현,3,10,3,1,-1
GREEN,1.0,0.9,유해란,4,16,2,-1,박서현,3,10,2,1,0
GREEN,1.0,1.0,유해란,4,16,2,-1,박서현,3,11,2,0,0
GREEN,1.0,1.2,유해란,4,16,2,-1,박서현,3,12,2,0,0
GREEN,1.0,1.3,유해란,4,16,2,-1,박서현,3,13,3,1,-1
GREEN,1.0,1.0,유해란,4,16,2,-1,박서현,3,13,2,1,0
GREEN,1.0,0.4,유해란,4,16,2,-1,박서현,3,14,2,0,0
GREEN,1.0,1.4,유해란,4,16,2,-1,박서현,3,15,2,1,0
GREEN,1.0,0.3,유해란,4,16,2,-1,박서현,3,16,2,0,0
GREEN,1.0,1.9,유해란,4,16,2,-1,박서현,3,17,2,0,0
GREEN,1.0,0.5,유해란,4,16,2,-1,박서현,3,18,2,0,0
GREEN,1.0,1.1,유해란,4,16,2,-1,박서현,4,1,2,0,0
GREEN,1.0,0.2,유해란,4,16,2,-1,박서현,4,2,2,0,0
GREEN,1.0,0.5,유해란,4,16,2,-1,박서현,4,3,2,1,0
GREEN,1.0,0.3,유해란,4,16,2,-1,박서현,4,4,2,1,0
GREEN,1.0,0.3,유해란,4,16,2,-1,박서현,4,5,2,0,0
GREEN,1.0,0.3,유해란,4,16,2,-1,박서현,4,8,2,0,0
GREEN,1.0,1.7,유해란,4,16,2,-1,박서현,4,9,3,2,-1
GREEN,1.0,0.4,유해란,4,16,2,-1,박서현,4,9,2,2,0
GREEN,1.0,1.6,유해란,4,16,2,-1,박서현,4,10,2,1,0
GREEN,1.0,0.4,유해란,4,16,2,-1,박서현,4,11,2,0,0
GREEN,1.0,1.9,유해란,4,16,2,-1,박서현,4,12,3,1,-1
GREEN,1.0,0.8,유해란,4,16,2,-1,박서현,4,12,2,1,0
GREEN,1.0,1.6,유해란,4,16,2,-1,박서현,4,14,3,1,-1
GREEN,1.0,0.2,유해란,4,16,2,-1,박서현,4,14,2,1,0
GREEN,1.0,0.7,유해란,4,16,2,-1,박서현,4,15,2,0,0
GREEN,1.0,1.3,유해란,4,16,2,-1,박서현,4,16,2,0,0
GREEN,1.0,0.5,유해란,4,16,2,-1,박서현,4,17,2,1,0
GREEN,1.0,1.3,유해란,4,16,2,-1,박서현,4,18,2,1,0
FAIRWAY,125.2,125.4,유해란,4,17,4,0,이재윤,4,8,4,0,0
FAIRWAY,125.2,124.7,유해란,4,17,4,0,박서현,3,9,6,2,-2
GREEN,13.2,12.2,유해란,4,17,3,0,박서현,2,18,3,0,0
GREEN,13.2,12.5,유해란,4,17,3,0,박서현,3,3,3,1,0
GREEN,13.2,13.1,유해란,4,17,3,0,박서현,3,10,4,1,-1
GREEN,13.2,12.7,유해란,4,17,3,0,박서현,4,18,3,1,0
GREEN,0.7,0.5,유해란,4,17,2,0,이재윤,1,1,2,0,0
GREEN,0.7,0.5,유해란,4,17,2,0,이재윤,1,2,2,0,0
GREEN,0.7,1.3,유해란,4,17,2,0,이재윤,1,3,2,0,0
GREEN,0.7,0.5,유해란,4,17,2,0,이재윤,1,4,2,1,0
GREEN,0.7,0.8,유해란,4,17,2,0,이재윤,1,5,2,0,0
GREEN,0.7,0.5,유해란,4,17,2,0,이재윤,1,6,2,0,0
GREEN,0.7,0.5,유해란,4,17,2,0,이재윤,1,7,2,0,0
GREEN,0.7,0.2,유해란,4,17,2,0,이재윤,1,8,2,0,0
GREEN,0.7,1.4,유해란,4,17,2,0,이재윤,1,9,2,1,0
GREEN,0.7,0.8,유해란,4,17,2,0,이재윤,1,10,2,0,0
GREEN,0.7,0.7,유해란,4,17,2,0,이재윤,1,11,2,1,0
GREEN,0.7,0.3,유해란,4,17,2,0,이재윤,1,12,2,0,0
GREEN,0.7,0.9,유해란,4,17,2,0,이재윤,1,13,2,0,0
GREEN,0.7,1.6,유해란,4,17,2,0,이재윤,1,14,3,0,-1
GREEN,0.7,0.3,유해란,4,17,2,0,이재윤,1,14,2,0,0
GREEN,0.7,1.1,유해란,4,17,2,0,이재윤,1,15,2,1,0
GREEN,0.7,0.8,유해란,4,17,2,0,이재윤,1,18,2,0,0
GREEN,0.7,0.8,유해란,4,17,2,0,이재윤,2,3,2,0,0
GREEN,0.7,0.4,유해란,4,17,2,0,이재윤,2,4,2,1,0
GREEN,0.7,0.7,유해란,4,17,2,0,이재윤,2,5,2,0,0
GREEN,0.7,1.2,유해란,4,17,2,0,이재윤,2,6,2,0,0
GREEN,0.7,0.5,유해란,4,17,2,0,이재윤,2,7,2,0,0
GREEN,0.7,0.2,유해란,4,17,2,0,이재윤,2,8,2,0,0
GREEN,0.7,1.5,유해란,4,17,2,0,이재윤,2,9,2,0,0
GREEN,0.7,1.2,유해란,4,17,2,0,이재윤,2,10,2,0,0
GREEN,0.7,1.5,유해란,4,17,2,0,이재윤,2,11,2,1,0
GREEN,0.7,0.5,유해란,4,17,2,0,이재윤,2,12,2,0,0
GREEN,0.7,1.6,유해란,4,17,2,0,이재윤,2,13,2,-1,0
GREEN,0.7,1.5,유해란,4,17,2,0,이재윤,2,14,3,1,-1
GREEN,0.7,0.4,유해란,4,17,2,0,이재윤,2,14,2,1,0
GREEN,0.7,0.5,유해란,4,17,2,0,이재윤,2,15,2,1,0
GREEN,0.7,1.7,유해란,4,17,2,0,이재윤,2,16,2,0,0
GREEN,0.7,1.0,유해란,4,17,2,0,이재윤,2,17,2,0,0
GREEN,0.7,1.3,유해란,4,17,2,0,이재윤,2,18,2,0,0
GREEN,0.7,0.3,유해란,4,17,2,0,이재윤,3,1,2,1,0
GREEN,0.7,0.5,유해란,4,17,2,0,이재윤,3,2,2,0,0
GREEN,0.7,1.5,유해란,4,17,2,0,이재윤,3,4,2,0,0
GREEN,0.7,0.3,유해란,4,17,2,0,이재윤,3,5,2,0,0
GREEN,0.7,0.4,유해란,4,17,2,0,이재윤,3,6,2,0,0
GREEN,0.7,0.5,유해란,4,17,2,0,이재윤,3,7,2,0,0
GREEN,0.7,0.3,유해란,4,17,2,0,이재윤,3,8,2,0,0
GREEN,0.7,1.2,유해란,4,17,2,0,이재윤,3,9,2,0,0
GREEN,0.7,1.3,유해란,4,17,2,0,이재윤,3,10,2,1,0
GREEN,0.7,0.5,유해란,4,17,2,0,이재윤,3,11,2,0,0
GREEN,0.7,0.3,유해란,4,17,2,0,이재윤,3,13,2,1,0
GREEN,0.7,0.2,유해란,4,17,2,0,이재윤,3,14,2,0,0
GREEN,0.7,1.4,유해란,4,17,2,0,이재윤,3,15,2,0,0
GREEN,0.7,1.3,유해란,4,17,2,0,이재윤,3,17,2,0,0
GREEN,0.7,0.5,유해란,4,17,2,0,이재윤,3,18,2,0,0
GREEN,0.7,0.9,유해란,4,17,2,0,이재윤,4,1,2,0,0
GREEN,0.7,0.3,유해란,4,17,2,0,이재윤,4,2,2,1,0
GREEN,0.7,0.3,유해란,4,17,2,0,이재윤,4,5,2,0,0
GREEN,0.7,0.4,유해란,4,17,2,0,이재윤,4,8,2,0,0
GREEN,0.7,0.3,유해란,4,17,2,0,이재윤,4,9,2,0,0
GREEN,0.7,1.7,유해란,4,17,2,0,이재윤,4,11,2,0,0
GREEN,0.7,0.4,유해란,4,17,2,0,이재윤,4,12,2,0,0
GREEN,0.7,0.5,유해란,4,17,2,0,이재윤,4,13,2,0,0
GREEN,0.7,1.5,유해란,4,17,2,0,이재윤,4,14,3,1,-1
GREEN,0.7,1.0,유해란,4,17,2,0,이재윤,4,14,2,1,0
GREEN,0.7,1.2,유해란,4,17,2,0,이재윤,4,15,2,0,0
GREEN,0.7,0.5,유해란,4,17,2,0,이재윤,4,16,2,0,0
GREEN,0.7,0.3,유해란,4,17,2,0,이재윤,4,18,2,0,0
GREEN,0.7,0.4,유해란,4,17,2,0,박서현,1,2,2,0,0
GREEN,0.7,1.0,유해란,4,17,2,0,박서현,1,3,2,2,0
GREEN,0.7,0.5,유해란,4,17,2,0,박서현,1,4,2,0,0
GREEN,0.7,0.5,유해란,4,17,2,0,박서현,1,5,2,0,0
GREEN,0.7,0.4,유해란,4,17,2,0,박서현,1,6,2,1,0
GREEN,0.7,0.5,유해란,4,17,2,0,박서현,1,7,2,0,0
GREEN,0.7,0.5,유해란,4,17,2,0,박서현,1,8,2,1,0
GREEN,0.7,0.6,유해란,4,17,2,0,박서현,1,9,2,0,0
GREEN,0.7,0.3,유해란,4,17,2,0,박서현,1,10,2,0,0
GREEN,0.7,0.4,유해란,4,17,2,0,박서현,1,11,2,0,0
GREEN,0.7,1.1,유해란,4,17,2,0,박서현,1,13,2,1,0
GREEN,0.7,0.3,유해란,4,17,2,0,박서현,1,14,2,0,0
GREEN,0.7,0.5,유해란,4,17,2,0,박서현,1,15,2,1,0
GREEN,0.7,0.5,유해란,4,17,2,0,박서현,1,17,2,0,0
GREEN,0.7,0.3,유해란,4,17,2,0,박서현,2,1,2,0,0
GREEN,0.7,0.5,유해란,4,17,2,0,박서현,2,2,2,0,0
GREEN,0.7,0.5,유해란,4,17,2,0,박서현,2,3,2,0,0
GREEN,0.7,0.3,유해란,4,17,2,0,박서현,2,4,2,1,0
GREEN,0.7,1.2,유해란,4,17,2,0,박서현,2,5,3,1,-1
GREEN,0.7,0.4,유해란,4,17,2,0,박서현,2,5,2,1,0
GREEN,0.7,0.4,유해란,4,17,2,0,박서현,2,7,2,0,0
GREEN,0.7,1.5,유해란,4,17,2,0,박서현,2,9,2,0,0
GREEN,0.7,0.2,유해란,4,17,2,0,박서현,2,10,2,0,0
GREEN,0.7,1.5,유해란,4,17,2,0,박서현,2,11,2,1,0
GREEN,0.7,1.3,유해란,4,17,2,0,박서현,2,12,3,2,-1
GREEN,0.7,0.9,유해란,4,17,2,0,박서현,2,12,2,2,0
GREEN,0.7,0.4,유해란,4,17,2,0,박서현,2,13,2,0,0
GREEN,0.7,1.0,유해란,4,17,2,0,박서현,2,14,2,1,0
GREEN,0.7,1.3,유해란,4,17,2,0,박서현,2,15,2,0,0
GREEN,0.7,0.2,유해란,4,17,2,0,박서현,2,17,2,0,0
GREEN,0.7,1.3,유해란,4,17,2,0,박서현,2,18,2,0,0
GREEN,0.7,1.3,유해란,4,17,2,0,박서현,3,1,2,0,0
GREEN,0.7,1.4,유해란,4,17,2,0,박서현,3,2,2,0,0
GREEN,0.7,0.4,유해란,4,17,2,0,박서현,3,3,2,1,0
GREEN,0.7,0.5,유해란,4,17,2,0,박서현,3,4,2,0,0
GREEN,0.7,1.2,유해란,4,17,2,0,박서현,3,5,2,0,0
GREEN,0.7,0.3,유해란,4,17,2,0,박서현,3,6,2,0,0
GREEN,0.7,0.5,유해란,4,17,2,0,박서현,3,7,2,0,0
GREEN,0.7,0.3,유해란,4,17,2,0,박서현,3,8,2,3,0
GREEN,0.7,0.2,유해란,4,17,2,0,박서현,3,9,2,2,0
GREEN,0.7,0.9,유해란,4,17,2,0,박서현,3,10,2,1,0
GREEN,0.7,1.0,유해란,4,17,2,0,박서현,3,11,2,0,0
GREEN,0.7,1.2,유해란,4,17,2,0,박서현,3,12,2,0,0
GREEN,0.7,1.3,유해란,4,17,2,0,박서현,3,13,3,1,-1
GREEN,0.7,1.0,유해란,4,17,2,0,박서현,3,13,2,1,0
GREEN,0.7,0.4,유해란,4,17,2,0,박서현,3,14,2,0,0
GREEN,0.7,1.4,유해란,4,17,2,0,박서현,3,15,2,1,0
GREEN,0.7,0.3,유해란,4,17,2,0,박서현,3,16,2,0,0
GREEN,0.7,0.5,유해란,4,17,2,0,박서현,3,18,2,0,0
GREEN,0.7,1.1,유해란,4,17,2,0,박서현,4,1,2,0,0
GREEN,0.7,0.2,유해란,4,17,2,0,박서현,4,2,2,0,0
GREEN,0.7,0.5,유해란,4,17,2,0,박서현,4,3,2,1,0
GREEN,0.7,0.3,유해란,4,17,2,0,박서현,4,4,2,1,0
GREEN,0.7,0.3,유해란,4,17,2,0,박서현,4,5,2,0,0
GREEN,0.7,0.3,유해란,4,17,2,0,박서현,4,8,2,0,0
GREEN,0.7,1.7,유해란,4,17,2,0,박서현,4,9,3,2,-1
GREEN,0.7,0.4,유해란,4,17,2,0,박서현,4,9,2,2,0
GREEN,0.7,1.6,유해란,4,17,2,0,박서현,4,10,2,1,0
GREEN,0.7,0.4,유해란,4,17,2,0,박서현,4,11,2,0,0
GREEN,0.7,0.8,유해란,4,17,2,0,박서현,4,12,2,1,0
GREEN,0.7,1.6,유해란,4,17,2,0,박서현,4,14,3,1,-1
GREEN,0.7,0.2,유해란,4,17,2,0,박서현,4,14,2,1,0
GREEN,0.7,0.7,유해란,4,17,2,0,박서현,4,15,2,0,0
GREEN,0.7,1.3,유해란,4,17,2,0,박서현,4,16,2,0,0
GREEN,0.7,0.5,유해란,4,17,2,0,박서현,4,17,2,1,0
GREEN,0.7,1.3,유해란,4,17,2,0,박서현,4,18,2,1,0
FAIRWAY,133.0,132.2,유해란,4,18,4,0,이재윤,1,8,4,0,0
FAIRWAY,133.0,132.5,유해란,4,18,4,0,이재윤,1,14,4,0,0
FAIRWAY,133.0,132.4,유해란,4,18,4,0,박서현,4,18,5,1,-1
ROUGH,9.5,9.9,유해란,4,18,3,0,이재윤,1,4,4,1,-1
ROUGH,9.5,9.9,유해란,4,18,3,0,이재윤,1,9,4,1,-1
ROUGH,9.5,10.2,유해란,4,18,3,0,이재윤,2,4,4,1,-1
ROUGH,9.5,8.9,유해란,4,18,3,0,이재윤,2,10,3,0,0
ROUGH,9.5,10.0,유해란,4,18,3,0,이재윤,4,12,3,0,0
ROUGH,9.5,8.8,유해란,4,18,3,0,박서현,1,10,3,0,0
ROUGH,9.5,9.4,유해란,4,18,3,0,박서현,2,11,3,1,0
ROUGH,9.5,9.9,유해란,4,18,3,0,박서현,3,3,4,1,-1
GREEN,0.5,0.5,유해란,4,18,2,0,이재윤,1,1,2,0,0
GREEN,0.5,0.5,유해란,4,18,2,0,이재윤,1,2,2,0,0
GREEN,0.5,1.3,유해란,4,18,2,0,이재윤,1,3,2,0,0
GREEN,0.5,0.5,유해란,4,18,2,0,이재윤,1,4,2,1,0
GREEN,0.5,0.8,유해란,4,18,2,0,이재윤,1,5,2,0,0
GREEN,0.5,0.5,유해란,4,18,2,0,이재윤,1,6,2,0,0
GREEN,0.5,0.5,유해란,4,18,2,0,이재윤,1,7,2,0,0
GREEN,0.5,0.2,유해란,4,18,2,0,이재윤,1,8,2,0,0
GREEN,0.5,1.4,유해란,4,18,2,0,이재윤,1,9,2,1,0
GREEN,0.5,0.8,유해란,4,18,2,0,이재윤,1,10,2,0,0
GREEN,0.5,0.7,유해란,4,18,2,0,이재윤,1,11,2,1,0
GREEN,0.5,0.3,유해란,4,18,2,0,이재윤,1,12,2,0,0
GREEN,0.5,0.9,유해란,4,18,2,0,이재윤,1,13,2,0,0
GREEN,0.5,0.3,유해란,4,18,2,0,이재윤,1,14,2,0,0
GREEN,0.5,1.1,유해란,4,18,2,0,이재윤,1,15,2,1,0
GREEN,0.5,0.8,유해란,4,18,2,0,이재윤,1,18,2,0,0
GREEN,0.5,0.8,유해란,4,18,2,0,이재윤,2,3,2,0,0
GREEN,0.5,0.4,유해란,4,18,2,0,이재윤,2,4,2,1,0
GREEN,0.5,0.7,유해란,4,18,2,0,이재윤,2,5,2,0,0
GREEN,0.5,1.2,유해란,4,18,2,0,이재윤,2,6,2,0,0
GREEN,0.5,0.5,유해란,4,18,2,0,이재윤,2,7,2,0,0
GREEN,0.5,0.2,유해란,4,18,2,0,이재윤,2,8,2,0,0
GREEN,0.5,1.5,유해란,4,18,2,0,이재윤,2,9,2,0,0
GREEN,0.5,1.2,유해란,4,18,2,0,이재윤,2,10,2,0,0
GREEN,0.5,1.5,유해란,4,18,2,0,이재윤,2,11,2,1,0
GREEN,0.5,0.5,유해란,4,18,2,0,이재윤,2,12,2,0,0
GREEN,0.5,1.5,유해란,4,18,2,0,이재윤,2,14,3,1,-1
GREEN,0.5,0.4,유해란,4,18,2,0,이재윤,2,14,2,1,0
GREEN,0.5,0.5,유해란,4,18,2,0,이재윤,2,15,2,1,0
GREEN,0.5,1.0,유해란,4,18,2,0,이재윤,2,17,2,0,0
GREEN,0.5,1.3,유해란,4,18,2,0,이재윤,2,18,2,0,0
GREEN,0.5,0.3,유해란,4,18,2,0,이재윤,3,1,2,1,0
GREEN,0.5,0.5,유해란,4,18,2,0,이재윤,3,2,2,0,0
GREEN,0.5,1.5,유해란,4,18,2,0,이재윤,3,4,2,0,0
GREEN,0.5,0.3,유해란,4,18,2,0,이재윤,3,5,2,0,0
GREEN,0.5,0.4,유해란,4,18,2,0,이재윤,3,6,2,0,0
GREEN,0.5,0.5,유해란,4,18,2,0,이재윤,3,7,2,0,0
GREEN,0.5,0.3,유해란,4,18,2,0,이재윤,3,8,2,0,0
GREEN,0.5,1.2,유해란,4,18,2,0,이재윤,3,9,2,0,0
GREEN,0.5,1.3,유해란,4,18,2,0,이재윤,3,10,2,1,0
GREEN,0.5,0.5,유해란,4,18,2,0,이재윤,3,11,2,0,0
GREEN,0.5,0.3,유해란,4,18,2,0,이재윤,3,13,2,1,0
GREEN,0.5,0.2,유해란,4,18,2,0,이재윤,3,14,2,0,0
GREEN,0.5,1.4,유해란,4,18,2,0,이재윤,3,15,2,0,0
GREEN,0.5,1.3,유해란,4,18,2,0,이재윤,3,17,2,0,0
GREEN,0.5,0.5,유해란,4,18,2,0,이재윤,3,18,2,0,0
GREEN,0.5,0.9,유해란,4,18,2,0,이재윤,4,1,2,0,0
GREEN,0.5,0.3,유해란,4,18,2,0,이재윤,4,2,2,1,0
GREEN,0.5,0.3,유해란,4,18,2,0,이재윤,4,5,2,0,0
GREEN,0.5,0.4,유해란,4,18,2,0,이재윤,4,8,2,0,0
GREEN,0.5,0.3,유해란,4,18,2,0,이재윤,4,9,2,0,0
GREEN,0.5,0.4,유해란,4,18,2,0,이재윤,4,12,2,0,0
GREEN,0.5,0.5,유해란,4,18,2,0,이재윤,4,13,2,0,0
GREEN,0.5,1.5,유해란,4,18,2,0,이재윤,4,14,3,1,-1
GREEN,0.5,1.0,유해란,4,18,2,0,이재윤,4,14,2,1,0
GREEN,0.5,1.2,유해란,4,18,2,0,이재윤,4,15,2,0,0
GREEN,0.5,0.5,유해란,4,18,2,0,이재윤,4,16,2,0,0
GREEN,0.5,0.3,유해란,4,18,2,0,이재윤,4,18,2,0,0
GREEN,0.5,0.4,유해란,4,18,2,0,박서현,1,2,2,0,0
GREEN,0.5,1.0,유해란,4,18,2,0,박서현,1,3,2,2,0
GREEN,0.5,0.5,유해란,4,18,2,0,박서현,1,4,2,0,0
GREEN,0.5,0.5,유해란,4,18,2,0,박서현,1,5,2,0,0
GREEN,0.5,0.4,유해란,4,18,2,0,박서현,1,6,2,1,0
GREEN,0.5,0.5,유해란,4,18,2,0,박서현,1,7,2,0,0
GREEN,0.5,0.5,유해란,4,18,2,0,박서현,1,8,2,1,0
GREEN,0.5,0.6,유해란,4,18,2,0,박서현,1,9,2,0,0
GREEN,0.5,0.3,유해란,4,18,2,0,박서현,1,10,2,0,0
GREEN,0.5,0.4,유해란,4,18,2,0,박서현,1,11,2,0,0
GREEN,0.5,1.1,유해란,4,18,2,0,박서현,1,13,2,1,0
GREEN,0.5,0.3,유해란,4,18,2,0,박서현,1,14,2,0,0
GREEN,0.5,0.5,유해란,4,18,2,0,박서현,1,15,2,1,0
GREEN,0.5,0.5,유해란,4,18,2,0,박서현,1,17,2,0,0
GREEN,0.5,0.3,유해란,4,18,2,0,박서현,2,1,2,0,0
GREEN,0.5,0.5,유해란,4,18,2,0,박서현,2,2,2,0,0
GREEN,0.5,0.5,유해란,4,18,2,0,박서현,2,3,2,0,0
GREEN,0.5,0.3,유해란,4,18,2,0,박서현,2,4,2,1,0
GREEN,0.5,1.2,유해란,4,18,2,0,박서현,2,5,3,1,-1
GREEN,0.5,0.4,유해란,4,18,2,0,박서현,2,5,2,1,0
GREEN,0.5,0.4,유해란,4,18,2,0,박서현,2,7,2,0,0
GREEN,0.5,1.5,유해란,4,18,2,0,박서현,2,9,2,0,0
GREEN,0.5,0.2,유해란,4,18,2,0,박서현,2,10,2,0,0
GREEN,0.5,1.5,유해란,4,18,2,0,박서현,2,11,2,1,0
GREEN,0.5,1.3,유해란,4,18,2,0,박서현,2,12,3,2,-1
GREEN,0.5,0.9,유해란,4,18,2,0,박서현,2,12,2,2,0
GREEN,0.5,0.4,유해란,4,18,2,0,박서현,2,13,2,0,0
GREEN,0.5,1.0,유해란,4,18,2,0,박서현,2,14,2,1,0
GREEN,0.5,1.3,유해란,4,18,2,0,박서현,2,15,2,0,0
GREEN,0.5,0.2,유해란,4,18,2,0,박서현,2,17,2,0,0
GREEN,0.5,1.3,유해란,4,18,2,0,박서현,2,18,2,0,0
GREEN,0.5,1.3,유해란,4,18,2,0,박서현,3,1,2,0,0
GREEN,0.5,1.4,유해란,4,18,2,0,박서현,3,2,2,0,0
GREEN,0.5,0.4,유해란,4,18,2,0,박서현,3,3,2,1,0
GREEN,0.5,0.5,유해란,4,18,2,0,박서현,3,4,2,0,0
GREEN,0.5,1.2,유해란,4,18,2,0,박서현,3,5,2,0,0
GREEN,0.5,0.3,유해란,4,18,2,0,박서현,3,6,2,0,0
GREEN,0.5,0.5,유해란,4,18,2,0,박서현,3,7,2,0,0
GREEN,0.5,0.3,유해란,4,18,2,0,박서현,3,8,2,3,0
GREEN,0.5,0.2,유해란,4,18,2,0,박서현,3,9,2,2,0
GREEN,0.5,0.9,유해란,4,18,2,0,박서현,3,10,2,1,0
GREEN,0.5,1.0,유해란,4,18,2,0,박서현,3,11,2,0,0
GREEN,0.5,1.2,유해란,4,18,2,0,박서현,3,12,2,0,0
GREEN,0.5,1.3,유해란,4,18,2,0,박서현,3,13,3,1,-1
GREEN,0.5,1.0,유해란,4,18,2,0,박서현,3,13,2,1,0
GREEN,0.5,0.4,유해란,4,18,2,0,박서현,3,14,2,0,0
GREEN,0.5,1.4,유해란,4,18,2,0,박서현,3,15,2,1,0
GREEN,0.5,0.3,유해란,4,18,2,0,박서현,3,16,2,0,0
GREEN,0.5,0.5,유해란,4,18,2,0,박서현,3,18,2,0,0
GREEN,0.5,1.1,유해란,4,18,2,0,박서현,4,1,2,0,0
GREEN,0.5,0.2,유해란,4,18,2,0,박서현,4,2,2,0,0
GREEN,0.5,0.5,유해란,4,18,2,0,박서현,4,3,2,1,0
GREEN,0.5,0.3,유해란,4,18,2,0,박서현,4,4,2,1,0
GREEN,0.5,0.3,유해란,4,18,2,0,박서현,4,5,2,0,0
GREEN,0.5,0.3,유해란,4,18,2,0,박서현,4,8,2,0,0
GREEN,0.5,0.4,유해란,4,18,2,0,박서현,4,9,2,2,0
GREEN,0.5,0.4,유해란,4,18,2,0,박서현,4,11,2,0,0
GREEN,0.5,0.8,유해란,4,18,2,0,박서현,4,12,2,1,0
GREEN,0.5,0.2,유해란,4,18,2,0,박서현,4,14,2,1,0
GREEN,0.5,0.7,유해란,4,18,2,0,박서현,4,15,2,0,0
GREEN,0.5,1.3,유해란,4,18,2,0,박서현,4,16,2,0,0
GREEN,0.5,0.5,유해란,4,18,2,0,박서현,4,17,2,1,0
GREEN,0.5,1.3,유해란,4,18,2,0,박서현,4,18,2,1,0
ROUGH,157.9,158.8,이재윤,1,1,4,0,박서현,4,6,4,0,0
GREEN,5.3,5.9,이재윤,1,1,3,0,박서현,1,4,3,0,0
GREEN,5.3,4.3,이재윤,1,1,3,0,박서현,1,14,3,0,0
GREEN,5.3,4.8,이재윤,1,1,3,0,박서현,1,17,3,0,0
GREEN,5.3,6.1,이재윤,1,1,3,0,박서현,2,2,3,0,0
GREEN,5.3,5.3,이재윤,1,1,3,0,박서현,2,3,3,0,0
GREEN,5.3,6.1,이재윤,1,1,3,0,박서현,2,4,3,1,0
GREEN,5.3,5.1,이재윤,1,1,3,0,박서현,2,17,3,0,0
GREEN,5.3,5.6,이재윤,1,1,3,0,박서현,3,1,3,0,0
GREEN,5.3,4.6,이재윤,1,1,3,0,박서현,3,4,3,0,0
GREEN,5.3,4.3,이재윤,1,1,3,0,박서현,3,9,3,2,0
GREEN,5.3,4.8,이재윤,1,1,3,0,박서현,3,13,4,1,-1
GREEN,5.3,5.4,이재윤,1,1,3,0,박서현,3,14,3,0,0
GREEN,5.3,5.6,이재윤,1,1,3,0,박서현,3,16,3,0,0
GREEN,5.3,6.2,이재윤,1,1,3,0,박서현,4,7,2,-1,1
GREEN,5.3,5.5,이재윤,1,1,3,0,박서현,4,10,3,1,0
GREEN,5.3,4.5,이재윤,1,1,3,0,박서현,4,11,3,0,0
GREEN,0.5,0.4,이재윤,1,1,2,0,박서현,1,2,2,0,0
GREEN,0.5,1.0,이재윤,1,1,2,0,박서현,1,3,2,2,0
GREEN,0.5,0.5,이재윤,1,1,2,0,박서현,1,4,2,0,0
GREEN,0.5,0.5,이재윤,1,1,2,0,박서현,1,5,2,0,0
GREEN,0.5,0.4,이재윤,1,1,2,0,박서현,1,6,2,1,0
GREEN,0.5,0.5,이재윤,1,1,2,0,박서현,1,7,2,0,0
GREEN,0.5,0.5,이재윤,1,1,2,0,박서현,1,8,2,1,0
GREEN,0.5,0.6,이재윤,1,1,2,0,박서현,1,9,2,0,0
GREEN,0.5,0.3,이재윤,1,1,2,0,박서현,1,10,2,0,0
GREEN,0.5,0.4,이재윤,1,1,2,0,박서현,1,11,2,0,0
GREEN,0.5,1.1,이재윤,1,1,2,0,박서현,1,13,2,1,0
GREEN,0.5,0.3,이재윤,1,1,2,0,박서현,1,14,2,0,0
GREEN,0.5,0.5,이재윤,1,1,2,0,박서현,1,15,2,1,0
GREEN,0.5,0.5,이재윤,1,1,2,0,박서현,1,17,2,0,0
GREEN,0.5,0.3,이재윤,1,1,2,0,박서현,2,1,2,0,0
GREEN,0.5,0.5,이재윤,1,1,2,0,박서현,2,2,2,0,0
GREEN,0.5,0.5,이재윤,1,1,2,0,박서현,2,3,2,0,0
GREEN,0.5,0.3,이재윤,1,1,2,0,박서현,2,4,2,1,0
GREEN,0.5,1.2,이재윤,1,1,2,0,박서현,2,5,3,1,-1
GREEN,0.5,0.4,이재윤,1,1,2,0,박서현,2,5,2,1,0
GREEN,0.5,0.4,이재윤,1,1,2,0,박서현,2,7,2,0,0
GREEN,0.5,1.5,이재윤,1,1,2,0,박서현,2,9,2,0,0
GREEN,0.5,0.2,이재윤,1,1,2,0,박서현,2,10,2,0,0
GREEN,0.5,1.5,이재윤,1,1,2,0,박서현,2,11,2,1,0
GREEN,0.5,1.3,이재윤,1,1,2,0,박서현,2,12,3,2,-1
GREEN,0.5,0.9,이재윤,1,1,2,0,박서현,2,12,2,2,0
GREEN,0.5,0.4,이재윤,1,1,2,0,박서현,2,13,2,0,0
GREEN,0.5,1.0,이재윤,1,1,2,0,박서현,2,14,2,1,0
GREEN,0.5,1.3,이재윤,1,1,2,0,박서현,2,15,2,0,0
GREEN,0.5,0.2,이재윤,1,1,2,0,박서현,2,17,2,0,0
GREEN,0.5,1.3,이재윤,1,1,2,0,박서현,2,18,2,0,0
GREEN,0.5,1.3,이재윤,1,1,2,0,박서현,3,1,2,0,0
GREEN,0.5,1.4,이재윤,1,1,2,0,박서현,3,2,2,0,0
GREEN,0.5,0.4,이재윤,1,1,2,0,박서현,3,3,2,1,0
GREEN,0.5,0.5,이재윤,1,1,2,0,박서현,3,4,2,0,0
GREEN,0.5,1.2,이재윤,1,1,2,0,박서현,3,5,2,0,0
GREEN,0.5,0.3,이재윤,1,1,2,0,박서현,3,6,2,0,0
GREEN,0.5,0.5,이재윤,1,1,2,0,박서현,3,7,2,0,0
GREEN,0.5,0.3,이재윤,1,1,2,0,박서현,3,8,2,3,0
GREEN,0.5,0.2,이재윤,1,1,2,0,박서현,3,9,2,2,0
GREEN,0.5,0.9,이재윤,1,1,2,0,박서현,3,10,2,1,0
GREEN,0.5,1.0,이재윤,1,1,2,0,박서현,3,11,2,0,0
GREEN,0.5,1.2,이재윤,1,1,2,0,박서현,3,12,2,0,0
GREEN,0.5,1.3,이재윤,1,1,2,0,박서현,3,13,3,1,-1
GREEN,0.5,1.0,이재윤,1,1,2,0,박서현,3,13,2,1,0
GREEN,0.5,0.4,이재윤,1,1,2,0,박서현,3,14,2,0,0
GREEN,0.5,1.4,이재윤,1,1,2,0,박서현,3,15,2,1,0
GREEN,0.5,0.3,이재윤,1,1,2,0,박서현,3,16,2,0,0
GREEN,0.5,0.5,이재윤,1,1,2,0,박서현,3,18,2,0,0
GREEN,0.5,1.1,이재윤,1,1,2,0,박서현,4,1,2,0,0
GREEN,0.5,0.2,이재윤,1,1,2,0,박서현,4,2,2,0,0
GREEN,0.5,0.5,이재윤,1,1,2,0,박서현,4,3,2,1,0
GREEN,0.5,0.3,이재윤,1,1,2,0,박서현,4,4,2,1,0
GREEN,0.5,0.3,이재윤,1,1,2,0,박서현,4,5,2,0,0
GREEN,0.5,0.3,이재윤,1,1,2,0,박서현,4,8,2,0,0
GREEN,0.5,0.4,이재윤,1,1,2,0,박서현,4,9,2,2,0
GREEN,0.5,0.4,이재윤,1,1,2,0,박서현,4,11,2,0,0
GREEN,0.5,0.8,이재윤,1,1,2,0,박서현,4,12,2,1,0
GREEN,0.5,0.2,이재윤,1,1,2,0,박서현,4,14,2,1,0
GREEN,0.5,0.7,이재윤,1,1,2,0,박서현,4,15,2,0,0
GREEN,0.5,1.3,이재윤,1,1,2,0,박서현,4,16,2,0,0
GREEN,0.5,0.5,이재윤,1,1,2,0,박서현,4,17,2,1,0
GREEN,0.5,1.3,이재윤,1,1,2,0,박서현,4,18,2,1,0
GREEN,6.6,5.9,이재윤,1,2,3,0,박서현,1,4,3,0,0
GREEN,6.6,7.2,이재윤,1,2,3,0,박서현,1,5,3,0,0
GREEN,6.6,6.9,이재윤,1,2,3,0,박서현,1,6,3,1,0
GREEN,6.6,7.5,이재윤,1,2,3,0,박서현,1,13,3,1,0
GREEN,6.6,6.6,이재윤,1,2,3,0,박서현,1,15,3,1,0
GREEN,6.6,6.1,이재윤,1,2,3,0,박서현,2,2,3,0,0
GREEN,6.6,6.1,이재윤,1,2,3,0,박서현,2,4,3,1,0
GREEN,6.6,5.6,이재윤,1,2,3,0,박서현,3,1,3,0,0
GREEN,6.6,7.5,이재윤,1,2,3,0,박서현,3,6,3,0,0
GREEN,6.6,5.6,이재윤,1,2,3,0,박서현,3,16,3,0,0
GREEN,6.6,7.1,이재윤,1,2,3,0,박서현,4,1,3,0,0
GREEN,6.6,6.7,이재윤,1,2,3,0,박서현,4,5,3,0,0
GREEN,6.6,6.2,이재윤,1,2,3,0,박서현,4,7,2,-1,1
GREEN,6.6,7.6,이재윤,1,2,3,0,박서현,4,8,3,0,0
GREEN,0.5,0.4,이재윤,1,2,2,0,박서현,1,2,2,0,0
GREEN,0.5,1.0,이재윤,1,2,2,0,박서현,1,3,2,2,0
GREEN,0.5,0.5,이재윤,1,2,2,0,박서현,1,4,2,0,0
GREEN,0.5,0.5,이재윤,1,2,2,0,박서현,1,5,2,0,0
GREEN,0.5,0.4,이재윤,1,2,2,0,박서현,1,6,2,1,0
GREEN,0.5,0.5,이재윤,1,2,2,0,박서현,1,7,2,0,0
GREEN,0.5,0.5,이재윤,1,2,2,0,박서현,1,8,2,1,0
GREEN,0.5,0.6,이재윤,1,2,2,0,박서현,1,9,2,0,0
GREEN,0.5,0.3,이재윤,1,2,2,0,박서현,1,10,2,0,0
GREEN,0.5,0.4,이재윤,1,2,2,0,박서현,1,11,2,0,0
GREEN,0.5,1.1,이재윤,1,2,2,0,박서현,1,13,2,1,0
GREEN,0.5,0.3,이재윤,1,2,2,0,박서현,1,14,2,0,0
GREEN,0.5,0.5,이재윤,1,2,2,0,박서현,1,15,2,1,0
GREEN,0.5,0.5,이재윤,1,2,2,0,박서현,1,17,2,0,0
GREEN,0.5,0.3,이재윤,1,2,2,0,박서현,2,1,2,0,0
GREEN,0.5,0.5,이재윤,1,2,2,0,박서현,2,2,2,0,0
GREEN,0.5,0.5,이재윤,1,2,2,0,박서현,2,3,2,0,0
GREEN,0.5,0.3,이재윤,1,2,2,0,박서현,2,4,2,1,0
GREEN,0.5,1.2,이재윤,1,2,2,0,박서현,2,5,3,1,-1
GREEN,0.5,0.4,이재윤,1,2,2,0,박서현,2,5,2,1,0
GREEN,0.5,0.4,이재윤,1,2,2,0,박서현,2,7,2,0,0
GREEN,0.5,1.5,이재윤,1,2,2,0,박서현,2,9,2,0,0
GREEN,0.5,0.2,이재윤,1,2,2,0,박서현,2,10,2,0,0
GREEN,0.5,1.5,이재윤,1,2,2,0,박서현,2,11,2,1,0
GREEN,0.5,1.3,이재윤,1,2,2,0,박서현,2,12,3,2,-1
GREEN,0.5,0.9,이재윤,1,2,2,0,박서현,2,12,2,2,0
GREEN,0.5,0.4,이재윤,1,2,2,0,박서현,2,13,2,0,0
GREEN,0.5,1.0,이재윤,1,2,2,0,박서현,2,14,2,1,0
GREEN,0.5,1.3,이재윤,1,2,2,0,박서현,2,15,2,0,0
GREEN,0.5,0.2,이재윤,1,2,2,0,박서현,2,17,2,0,0
GREEN,0.5,1.3,이재윤,1,2,2,0,박서현,2,18,2,0,0
GREEN,0.5,1.3,이재윤,1,2,2,0,박서현,3,1,2,0,0
GREEN,0.5,1.4,이재윤,1,2,2,0,박서현,3,2,2,0,0
GREEN,0.5,0.4,이재윤,1,2,2,0,박서현,3,3,2,1,0
GREEN,0.5,0.5,이재윤,1,2,2,0,박서현,3,4,2,0,0
GREEN,0.5,1.2,이재윤,1,2,2,0,박서현,3,5,2,0,0
GREEN,0.5,0.3,이재윤,1,2,2,0,박서현,3,6,2,0,0
GREEN,0.5,0.5,이재윤,1,2,2,0,박서현,3,7,2,0,0
GREEN,0.5,0.3,이재윤,1,2,2,0,박서현,3,8,2,3,0
GREEN,0.5,0.2,이재윤,1,2,2,0,박서현,3,9,2,2,0
GREEN,0.5,0.9,이재윤,1,2,2,0,박서현,3,10,2,1,0
GREEN,0.5,1.0,이재윤,1,2,2,0,박서현,3,11,2,0,0
GREEN,0.5,1.2,이재윤,1,2,2,0,박서현,3,12,2,0,0
GREEN,0.5,1.3,이재윤,1,2,2,0,박서현,3,13,3,1,-1
GREEN,0.5,1.0,이재윤,1,2,2,0,박서현,3,13,2,1,0
GREEN,0.5,0.4,이재윤,1,2,2,0,박서현,3,14,2,0,0
GREEN,0.5,1.4,이재윤,1,2,2,0,박서현,3,15,2,1,0
GREEN,0.5,0.3,이재윤,1,2,2,0,박서현,3,16,2,0,0
GREEN,0.5,0.5,이재윤,1,2,2,0,박서현,3,18,2,0,0
GREEN,0.5,1.1,이재윤,1,2,2,0,박서현,4,1,2,0,0
GREEN,0.5,0.2,이재윤,1,2,2,0,박서현,4,2,2,0,0
GREEN,0.5,0.5,이재윤,1,2,2,0,박서현,4,3,2,1,0
GREEN,0.5,0.3,이재윤,1,2,2,0,박서현,4,4,2,1,0
GREEN,0.5,0.3,이재윤,1,2,2,0,박서현,4,5,2,0,0
GREEN,0.5,0.3,이재윤,1,2,2,0,박서현,4,8,2,0,0
GREEN,0.5,0.4,이재윤,1,2,2,0,박서현,4,9,2,2,0
GREEN,0.5,0.4,이재윤,1,2,2,0,박서현,4,11,2,0,0
GREEN,0.5,0.8,이재윤,1,2,2,0,박서현,4,12,2,1,0
GREEN,0.5,0.2,이재윤,1,2,2,0,박서현,4,14,2,1,0
GREEN,0.5,0.7,이재윤,1,2,2,0,박서현,4,15,2,0,0
GREEN,0.5,1.3,이재윤,1,2,2,0,박서현,4,16,2,0,0
GREEN,0.5,0.5,이재윤,1,2,2,0,박서현,4,17,2,1,0
GREEN,0.5,1.3,이재윤,1,2,2,0,박서현,4,18,2,1,0
ROUGH,187.3,188.2,이재윤,1,3,4,0,박서현,3,15,5,1,-1
GREEN,16.2,15.4,이재윤,1,3,3,0,박서현,4,17,4,1,-1
GREEN,1.3,0.4,이재윤,1,3,2,0,박서현,1,2,2,0,0
GREEN,1.3,1.0,이재윤,1,3,2,0,박서현,1,3,2,2,0
GREEN,1.3,0.5,이재윤,1,3,2,0,박서현,1,4,2,0,0
GREEN,1.3,0.5,이재윤,1,3,2,0,박서현,1,5,2,0,0
GREEN,1.3,0.4,이재윤,1,3,2,0,박서현,1,6,2,1,0
GREEN,1.3,0.5,이재윤,1,3,2,0,박서현,1,7,2,0,0
GREEN,1.3,2.0,이재윤,1,3,2,0,박서현,1,8,3,1,-1
GREEN,1.3,0.5,이재윤,1,3,2,0,박서현,1,8,2,1,0
GREEN,1.3,0.6,이재윤,1,3,2,0,박서현,1,9,2,0,0
GREEN,1.3,0.3,이재윤,1,3,2,0,박서현,1,10,2,0,0
GREEN,1.3,0.4,이재윤,1,3,2,0,박서현,1,11,2,0,0
GREEN,1.3,1.1,이재윤,1,3,2,0,박서현,1,13,2,1,0
GREEN,1.3,0.3,이재윤,1,3,2,0,박서현,1,14,2,0,0
GREEN,1.3,0.5,이재윤,1,3,2,0,박서현,1,15,2,1,0
GREEN,1.3,0.5,이재윤,1,3,2,0,박서현,1,17,2,0,0
GREEN,1.3,0.3,이재윤,1,3,2,0,박서현,2,1,2,0,0
GREEN,1.3,0.5,이재윤,1,3,2,0,박서현,2,2,2,0,0
GREEN,1.3,0.5,이재윤,1,3,2,0,박서현,2,3,2,0,0
GREEN,1.3,0.3,이재윤,1,3,2,0,박서현,2,4,2,1,0
GREEN,1.3,1.2,이재윤,1,3,2,0,박서현,2,5,3,1,-1
GREEN,1.3,0.4,이재윤,1,3,2,0,박서현,2,5,2,1,0
GREEN,1.3,0.4,이재윤,1,3,2,0,박서현,2,7,2,0,0
GREEN,1.3,1.5,이재윤,1,3,2,0,박서현,2,9,2,0,0
GREEN,1.3,1.5,이재윤,1,3,2,0,박서현,2,11,2,1,0
GREEN,1.3,1.3,이재윤,1,3,2,0,박서현,2,12,3,2,-1
GREEN,1.3,0.9,이재윤,1,3,2,0,박서현,2,12,2,2,0
GREEN,1.3,0.4,이재윤,1,3,2,0,박서현,2,13,2,0,0
GREEN,1.3,1.0,이재윤,1,3,2,0,박서현,2,14,2,1,0
GREEN,1.3,1.3,이재윤,1,3,2,0,박서현,2,15,2,0,0
GREEN,1.3,1.3,이재윤,1,3,2,0,박서현,2,18,2,0,0
GREEN,1.3,1.3,이재윤,1,3,2,0,박서현,3,1,2,0,0
GREEN,1.3,1.4,이재윤,1,3,2,0,박서현,3,2,2,0,0
GREEN,1.3,0.4,이재윤,1,3,2,0,박서현,3,3,2,1,0
GREEN,1.3,0.5,이재윤,1,3,2,0,박서현,3,4,2,0,0
GREEN,1.3,1.2,이재윤,1,3,2,0,박서현,3,5,2,0,0
GREEN,1.3,0.3,이재윤,1,3,2,0,박서현,3,6,2,0,0
GREEN,1.3,0.5,이재윤,1,3,2,0,박서현,3,7,2,0,0
GREEN,1.3,0.3,이재윤,1,3,2,0,박서현,3,8,2,3,0
GREEN,1.3,1.9,이재윤,1,3,2,0,박서현,3,10,3,1,-1
GREEN,1.3,0.9,이재윤,1,3,2,0,박서현,3,10,2,1,0
GREEN,1.3,1.0,이재윤,1,3,2,0,박서현,3,11,2,0,0
GREEN,1.3,1.2,이재윤,1,3,2,0,박서현,3,12,2,0,0
GREEN,1.3,1.3,이재윤,1,3,2,0,박서현,3,13,3,1,-1
GREEN,1.3,1.0,이재윤,1,3,2,0,박서현,3,13,2,1,0
GREEN,1.3,0.4,이재윤,1,3,2,0,박서현,3,14,2,0,0
GREEN,1.3,1.4,이재윤,1,3,2,0,박서현,3,15,2,1,0
GREEN,1.3,0.3,이재윤,1,3,2,0,박서현,3,16,2,0,0
GREEN,1.3,1.9,이재윤,1,3,2,0,박서현,3,17,2,0,0
GREEN,1.3,0.5,이재윤,1,3,2,0,박서현,3,18,2,0,0
GREEN,1.3,1.1,이재윤,1,3,2,0,박서현,4,1,2,0,0
GREEN,1.3,0.5,이재윤,1,3,2,0,박서현,4,3,2,1,0
GREEN,1.3,0.3,이재윤,1,3,2,0,박서현,4,4,2,1,0
GREEN,1.3,0.3,이재윤,1,3,2,0,박서현,4,5,2,0,0
GREEN,1.3,0.3,이재윤,1,3,2,0,박서현,4,8,2,0,0
GREEN,1.3,1.7,이재윤,1,3,2,0,박서현,4,9,3,2,-1
GREEN,1.3,0.4,이재윤,1,3,2,0,박서현,4,9,2,2,0
GREEN,1.3,1.6,이재윤,1,3,2,0,박서현,4,10,2,1,0
GREEN,1.3,0.4,이재윤,1,3,2,0,박서현,4,11,2,0,0
GREEN,1.3,1.9,이재윤,1,3,2,0,박서현,4,12,3,1,-1
GREEN,1.3,0.8,이재윤,1,3,2,0,박서현,4,12,2,1,0
GREEN,1.3,1.6,이재윤,1,3,2,0,박서현,4,14,3,1,-1
GREEN,1.3,0.7,이재윤,1,3,2,0,박서현,4,15,2,0,0
GREEN,1.3,1.3,이재윤,1,3,2,0,박서현,4,16,2,0,0
GREEN,1.3,2.2,이재윤,1,3,2,0,박서현,4,17,3,1,-1
GREEN,1.3,0.5,이재윤,1,3,2,0,박서현,4,17,2,1,0
GREEN,1.3,1.3,이재윤,1,3,2,0,박서현,4,18,2,1,0
ROUGH,9.9,9.4,이재윤,1,4,4,1,박서현,2,11,3,1,1
ROUGH,9.9,9.9,이재윤,1,4,4,1,박서현,3,3,4,1,0
GREEN,3.8,3.4,이재윤,1,4,3,1,박서현,1,3,3,2,0
GREEN,3.8,3.5,이재윤,1,4,3,1,박서현,1,11,3,0,0
GREEN,3.8,4.3,이재윤,1,4,3,1,박서현,1,14,3,0,0
GREEN,3.8,4.8,이재윤,1,4,3,1,박서현,1,17,3,0,0
GREEN,3.8,3.3,이재윤,1,4,3,1,박서현,2,8,2,0,1
GREEN,3.8,3.6,이재윤,1,4,3,1,박서현,2,10,3,0,0
GREEN,3.8,3.6,이재윤,1,4,3,1,박서현,2,16,2,0,1
GREEN,3.8,4.6,이재윤,1,4,3,1,박서현,3,4,3,0,0
GREEN,3.8,4.3,이재윤,1,4,3,1,박서현,3,9,3,2,0
GREEN,3.8,4.8,이재윤,1,4,3,1,박서현,3,13,4,1,-1
GREEN,3.8,2.8,이재윤,1,4,3,1,박서현,4,3,3,1,0
GREEN,3.8,3.7,이재윤,1,4,3,1,박서현,4,4,3,1,0
GREEN,3.8,3.8,이재윤,1,4,3,1,박서현,4,6,2,0,1
GREEN,3.8,3.4,이재윤,1,4,3,1,박서현,4,9,4,2,-1
GREEN,3.8,4.5,이재윤,1,4,3,1,박서현,4,11,3,0,0
GREEN,3.8,3.4,이재윤,1,4,3,1,박서현,4,13,2,0,1
GREEN,0.5,0.4,이재윤,1,4,2,1,박서현,1,2,2,0,0
GREEN,0.5,1.0,이재윤,1,4,2,1,박서현,1,3,2,2,0
GREEN,0.5,0.5,이재윤,1,4,2,1,박서현,1,4,2,0,0
GREEN,0.5,0.5,이재윤,1,4,2,1,박서현,1,5,2,0,0
GREEN,0.5,0.4,이재윤,1,4,2,1,박서현,1,6,2,1,0
GREEN,0.5,0.5,이재윤,1,4,2,1,박서현,1,7,2,0,0
GREEN,0.5,0.5,이재윤,1,4,2,1,박서현,1,8,2,1,0
GREEN,0.5,0.6,이재윤,1,4,2,1,박서현,1,9,2,0,0
GREEN,0.5,0.3,이재윤,1,4,2,1,박서현,1,10,2,0,0
GREEN,0.5,0.4,이재윤,1,4,2,1,박서현,1,11,2,0,0
GREEN,0.5,1.1,이재윤,1,4,2,1,박서현,1,13,2,1,0
GREEN,0.5,0.3,이재윤,1,4,2,1,박서현,1,14,2,0,0
GREEN,0.5,0.5,이재윤,1,4,2,1,박서현,1,15,2,1,0
GREEN,0.5,0.5,이재윤,1,4,2,1,박서현,1,17,2,0,0
GREEN,0.5,0.3,이재윤,1,4,2,1,박서현,2,1,2,0,0
GREEN,0.5,0.5,이재윤,1,4,2,1,박서현,2,2,2,0,0
GREEN,0.5,0.5,이재윤,1,4,2,1,박서현,2,3,2,0,0
GREEN,0.5,0.3,이재윤,1,4,2,1,박서현,2,4,2,1,0
GREEN,0.5,1.2,이재윤,1,4,2,1,박서현,2,5,3,1,-1
GREEN,0.5,0.4,이재윤,1,4,2,1,박서현,2,5,2,1,0
GREEN,0.5,0.4,이재윤,1,4,2,1,박서현,2,7,2,0,0
GREEN,0.5,1.5,이재윤,1,4,2,1,박서현,2,9,2,0,0
GREEN,0.5,0.2,이재윤,1,4,2,1,박서현,2,10,2,0,0
GREEN,0.5,1.5,이재윤,1,4,2,1,박서현,2,11,2,1,0
GREEN,0.5,1.3,이재윤,1,4,2,1,박서현,2,12,3,2,-1
GREEN,0.5,0.9,이재윤,1,4,2,1,박서현,2,12,2,2,0
GREEN,0.5,0.4,이재윤,1,4,2,1,박서현,2,13,2,0,0
GREEN,0.5,1.0,이재윤,1,4,2,1,박서현,2,14,2,1,0
GREEN,0.5,1.3,이재윤,1,4,2,1,박서현,2,15,2,0,0
GREEN,0.5,0.2,이재윤,1,4,2,1,박서현,2,17,2,0,0
GREEN,0.5,1.3,이재윤,1,4,2,1,박서현,2,18,2,0,0
GREEN,0.5,1.3,이재윤,1,4,2,1,박서현,3,1,2,0,0
GREEN,0.5,1.4,이재윤,1,4,2,1,박서현,3,2,2,0,0
GREEN,0.5,0.4,이재윤,1,4,2,1,박서현,3,3,2,1,0
GREEN,0.5,0.5,이재윤,1,4,2,1,박서현,3,4,2,0,0
GREEN,0.5,1.2,이재윤,1,4,2,1,박서현,3,5,2,0,0
GREEN,0.5,0.3,이재윤,1,4,2,1,박서현,3,6,2,0,0
GREEN,0.5,0.5,이재윤,1,4,2,1,박서현,3,7,2,0,0
GREEN,0.5,0.3,이재윤,1,4,2,1,박서현,3,8,2,3,0
GREEN,0.5,0.2,이재윤,1,4,2,1,박서현,3,9,2,2,0
GREEN,0.5,0.9,이재윤,1,4,2,1,박서현,3,10,2,1,0
GREEN,0.5,1.0,이재윤,1,4,2,1,박서현,3,11,2,0,0
GREEN,0.5,1.2,이재윤,1,4,2,1,박서현,3,12,2,0,0
GREEN,0.5,1.3,이재윤,1,4,2,1,박서현,3,13,3,1,-1
GREEN,0.5,1.0,이재윤,1,4,2,1,박서현,3,13,2,1,0
GREEN,0.5,0.4,이재윤,1,4,2,1,박서현,3,14,2,0,0
GREEN,0.5,1.4,이재윤,1,4,2,1,박서현,3,15,2,1,0
GREEN,0.5,0.3,이재윤,1,4,2,1,박서현,3,16,2,0,0
GREEN,0.5,0.5,이재윤,1,4,2,1,박서현,3,18,2,0,0
GREEN,0.5,1.1,이재윤,1,4,2,1,박서현,4,1,2,0,0
GREEN,0.5,0.2,이재윤,1,4,2,1,박서현,4,2,2,0,0
GREEN,0.5,0.5,이재윤,1,4,2,1,박서현,4,3,2,1,0
GREEN,0.5,0.3,이재윤,1,4,2,1,박서현,4,4,2,1,0
GREEN,0.5,0.3,이재윤,1,4,2,1,박서현,4,5,2,0,0
GREEN,0.5,0.3,이재윤,1,4,2,1,박서현,4,8,2,0,0
GREEN,0.5,0.4,이재윤,1,4,2,1,박서현,4,9,2,2,0
GREEN,0.5,0.4,이재윤,1,4,2,1,박서현,4,11,2,0,0
GREEN,0.5,0.8,이재윤,1,4,2,1,박서현,4,12,2,1,0
GREEN,0.5,0.2,이재윤,1,4,2,1,박서현,4,14,2,1,0
GREEN,0.5,0.7,이재윤,1,4,2,1,박서현,4,15,2,0,0
GREEN,0.5,1.3,이재윤,1,4,2,1,박서현,4,16,2,0,0
GREEN,0.5,0.5,이재윤,1,4,2,1,박서현,4,17,2,1,0
GREEN,0.5,1.3,이재윤,1,4,2,1,박서현,4,18,2,1,0
GREENSIDE_BUNKER,12.0,12.5,이재윤,1,5,3,0,박서현,1,3,5,2,-2
GREEN,0.8,0.4,이재윤,1,5,2,0,박서현,1,2,2,0,0
GREEN,0.8,1.0,이재윤,1,5,2,0,박서현,1,3,2,2,0
GREEN,0.8,0.5,이재윤,1,5,2,0,박서현,1,4,2,0,0
GREEN,0.8,0.5,이재윤,1,5,2,0,박서현,1,5,2,0,0
GREEN,0.8,0.4,이재윤,1,5,2,0,박서현,1,6,2,1,0
GREEN,0.8,0.5,이재윤,1,5,2,0,박서현,1,7,2,0,0
GREEN,0.8,0.5,이재윤,1,5,2,0,박서현,1,8,2,1,0
GREEN,0.8,0.6,이재윤,1,5,2,0,박서현,1,9,2,0,0
GREEN,0.8,0.3,이재윤,1,5,2,0,박서현,1,10,2,0,0
GREEN,0.8,0.4,이재윤,1,5,2,0,박서현,1,11,2,0,0
GREEN,0.8,1.1,이재윤,1,5,2,0,박서현,1,13,2,1,0
GREEN,0.8,0.3,이재윤,1,5,2,0,박서현,1,14,2,0,0
GREEN,0.8,0.5,이재윤,1,5,2,0,박서현,1,15,2,1,0
GREEN,0.8,0.5,이재윤,1,5,2,0,박서현,1,17,2,0,0
GREEN,0.8,0.3,이재윤,1,5,2,0,박서현,2,1,2,0,0
GREEN,0.8,0.5,이재윤,1,5,2,0,박서현,2,2,2,0,0
GREEN,0.8,0.5,이재윤,1,5,2,0,박서현,2,3,2,0,0
GREEN,0.8,0.3,이재윤,1,5,2,0,박서현,2,4,2,1,0
GREEN,0.8,1.2,이재윤,1,5,2,0,박서현,2,5,3,1,-1
GREEN,0.8,0.4,이재윤,1,5,2,0,박서현,2,5,2,1,0
GREEN,0.8,0.4,이재윤,1,5,2,0,박서현,2,7,2,0,0
GREEN,0.8,1.5,이재윤,1,5,2,0,박서현,2,9,2,0,0
GREEN,0.8,0.2,이재윤,1,5,2,0,박서현,2,10,2,0,0
GREEN,0.8,1.5,이재윤,1,5,2,0,박서현,2,11,2,1,0
GREEN,0.8,1.3,이재윤,1,5,2,0,박서현,2,12,3,2,-1
GREEN,0.8,0.9,이재윤,1,5,2,0,박서현,2,12,2,2,0
GREEN,0.8,0.4,이재윤,1,5,2,0,박서현,2,13,2,0,0
GREEN,0.8,1.0,이재윤,1,5,2,0,박서현,2,14,2,1,0
GREEN,0.8,1.3,이재윤,1,5,2,0,박서현,2,15,2,0,0
GREEN,0.8,0.2,이재윤,1,5,2,0,박서현,2,17,2,0,0
GREEN,0.8,1.3,이재윤,1,5,2,0,박서현,2,18,2,0,0
GREEN,0.8,1.3,이재윤,1,5,2,0,박서현,3,1,2,0,0
GREEN,0.8,1.4,이재윤,1,5,2,0,박서현,3,2,2,0,0
GREEN,0.8,0.4,이재윤,1,5,2,0,박서현,3,3,2,1,0
GREEN,0.8,0.5,이재윤,1,5,2,0,박서현,3,4,2,0,0
GREEN,0.8,1.2,이재윤,1,5,2,0,박서현,3,5,2,0,0
GREEN,0.8,0.3,이재윤,1,5,2,0,박서현,3,6,2,0,0
GREEN,0.8,0.5,이재윤,1,5,2,0,박서현,3,7,2,0,0
GREEN,0.8,0.3,이재윤,1,5,2,0,박서현,3,8,2,3,0
GREEN,0.8,0.2,이재윤,1,5,2,0,박서현,3,9,2,2,0
GREEN,0.8,0.9,이재윤,1,5,2,0,박서현,3,10,2,1,0
GREEN,0.8,1.0,이재윤,1,5,2,0,박서현,3,11,2,0,0
GREEN,0.8,1.2,이재윤,1,5,2,0,박서현,3,12,2,0,0
GREEN,0.8,1.3,이재윤,1,5,2,0,박서현,3,13,3,1,-1
GREEN,0.8,1.0,이재윤,1,5,2,0,박서현,3,13,2,1,0
GREEN,0.8,0.4,이재윤,1,5,2,0,박서현,3,14,2,0,0
GREEN,0.8,1.4,이재윤,1,5,2,0,박서현,3,15,2,1,0
GREEN,0.8,0.3,이재윤,1,5,2,0,박서현,3,16,2,0,0
GREEN,0.8,0.5,이재윤,1,5,2,0,박서현,3,18,2,0,0
GREEN,0.8,1.1,이재윤,1,5,2,0,박서현,4,1,2,0,0
GREEN,0.8,0.2,이재윤,1,5,2,0,박서현,4,2,2,0,0
GREEN,0.8,0.5,이재윤,1,5,2,0,박서현,4,3,2,1,0
GREEN,0.8,0.3,이재윤,1,5,2,0,박서현,4,4,2,1,0
GREEN,0.8,0.3,이재윤,1,5,2,0,박서현,4,5,2,0,0
GREEN,0.8,0.3,이재윤,1,5,2,0,박서현,4,8,2,0,0
GREEN,0.8,1.7,이재윤,1,5,2,0,박서현,4,9,3,2,-1
GREEN,0.8,0.4,이재윤,1,5,2,0,박서현,4,9,2,2,0
GREEN,0.8,1.6,이재윤,1,5,2,0,박서현,4,10,2,1,0
GREEN,0.8,0.4,이재윤,1,5,2,0,박서현,4,11,2,0,0
GREEN,0.8,0.8,이재윤,1,5,2,0,박서현,4,12,2,1,0
GREEN,0.8,1.6,이재윤,1,5,2,0,박서현,4,14,3,1,-1
GREEN,0.8,0.2,이재윤,1,5,2,0,박서현,4,14,2,1,0
GREEN,0.8,0.7,이재윤,1,5,2,0,박서현,4,15,2,0,0
GREEN,0.8,1.3,이재윤,1,5,2,0,박서현,4,16,2,0,0
GREEN,0.8,0.5,이재윤,1,5,2,0,박서현,4,17,2,1,0
GREEN,0.8,1.3,이재윤,1,5,2,0,박서현,4,18,2,1,0
GREEN,10.1,10.4,이재윤,1,6,3,0,박서현,1,2,3,0,0
GREEN,10.1,9.4,이재윤,1,6,3,0,박서현,1,7,3,0,0
GREEN,10.1,9.4,이재윤,1,6,3,0,박서현,1,18,2,-1,1
GREEN,10.1,9.4,이재윤,1,6,3,0,박서현,2,7,3,0,0
GREEN,0.5,0.4,이재윤,1,6,2,0,박서현,1,2,2,0,0
GREEN,0.5,1.0,이재윤,1,6,2,0,박서현,1,3,2,2,0
GREEN,0.5,0.5,이재윤,1,6,2,0,박서현,1,4,2,0,0
GREEN,0.5,0.5,이재윤,1,6,2,0,박서현,1,5,2,0,0
GREEN,0.5,0.4,이재윤,1,6,2,0,박서현,1,6,2,1,0
GREEN,0.5,0.5,이재윤,1,6,2,0,박서현,1,7,2,0,0
GREEN,0.5,0.5,이재윤,1,6,2,0,박서현,1,8,2,1,0
GREEN,0.5,0.6,이재윤,1,6,2,0,박서현,1,9,2,0,0
GREEN,0.5,0.3,이재윤,1,6,2,0,박서현,1,10,2,0,0
GREEN,0.5,0.4,이재윤,1,6,2,0,박서현,1,11,2,0,0
GREEN,0.5,1.1,이재윤,1,6,2,0,박서현,1,13,2,1,0
GREEN,0.5,0.3,이재윤,1,6,2,0,박서현,1,14,2,0,0
GREEN,0.5,0.5,이재윤,1,6,2,0,박서현,1,15,2,1,0
GREEN,0.5,0.5,이재윤,1,6,2,0,박서현,1,17,2,0,0
GREEN,0.5,0.3,이재윤,1,6,2,0,박서현,2,1,2,0,0
GREEN,0.5,0.5,이재윤,1,6,2,0,박서현,2,2,2,0,0
GREEN,0.5,0.5,이재윤,1,6,2,0,박서현,2,3,2,0,0
GREEN,0.5,0.3,이재윤,1,6,2,0,박서현,2,4,2,1,0
GREEN,0.5,1.2,이재윤,1,6,2,0,박서현,2,5,3,1,-1
GREEN,0.5,0.4,이재윤,1,6,2,0,박서현,2,5,2,1,0
GREEN,0.5,0.4,이재윤,1,6,2,0,박서현,2,7,2,0,0
GREEN,0.5,1.5,이재윤,1,6,2,0,박서현,2,9,2,0,0
GREEN,0.5,0.2,이재윤,1,6,2,0,박서현,2,10,2,0,0
GREEN,0.5,1.5,이재윤,1,6,2,0,박서현,2,11,2,1,0
GREEN,0.5,1.3,이재윤,1,6,2,0,박서현,2,12,3,2,-1
GREEN,0.5,0.9,이재윤,1,6,2,0,박서현,2,12,2,2,0
GREEN,0.5,0.4,이재윤,1,6,2,0,박서현,2,13,2,0,0
GREEN,0.5,1.0,이재윤,1,6,2,0,박서현,2,14,2,1,0
GREEN,0.5,1.3,이재윤,1,6,2,0,박서현,2,15,2,0,0
GREEN,0.5,0.2,이재윤,1,6,2,0,박서현,2,17,2,0,0
GREEN,0.5,1.3,이재윤,1,6,2,0,박서현,2,18,2,0,0
GREEN,0.5,1.3,이재윤,1,6,2,0,박서현,3,1,2,0,0
GREEN,0.5,1.4,이재윤,1,6,2,0,박서현,3,2,2,0,0
GREEN,0.5,0.4,이재윤,1,6,2,0,박서현,3,3,2,1,0
GREEN,0.5,0.5,이재윤,1,6,2,0,박서현,3,4,2,0,0
GREEN,0.5,1.2,이재윤,1,6,2,0,박서현,3,5,2,0,0
GREEN,0.5,0.3,이재윤,1,6,2,0,박서현,3,6,2,0,0
GREEN,0.5,0.5,이재윤,1,6,2,0,박서현,3,7,2,0,0
GREEN,0.5,0.3,이재윤,1,6,2,0,박서현,3,8,2,3,0
GREEN,0.5,0.2,이재윤,1,6,2,0,박서현,3,9,2,2,0
GREEN,0.5,0.9,이재윤,1,6,2,0,박서현,3,10,2,1,0
GREEN,0.5,1.0,이재윤,1,6,2,0,박서현,3,11,2,0,0
GREEN,0.5,1.2,이재윤,1,6,2,0,박서현,3,12,2,0,0
GREEN,0.5,1.3,이재윤,1,6,2,0,박서현,3,13,3,1,-1
GREEN,0.5,1.0,이재윤,1,6,2,0,박서현,3,13,2,1,0
GREEN,0.5,0.4,이재윤,1,6,2,0,박서현,3,14,2,0,0
GREEN,0.5,1.4,이재윤,1,6,2,0,박서현,3,15,2,1,0
GREEN,0.5,0.3,이재윤,1,6,2,0,박서현,3,16,2,0,0
GREEN,0.5,0.5,이재윤,1,6,2,0,박서현,3,18,2,0,0
GREEN,0.5,1.1,이재윤,1,6,2,0,박서현,4,1,2,0,0
GREEN,0.5,0.2,이재윤,1,6,2,0,박서현,4,2,2,0,0
GREEN,0.5,0.5,이재윤,1,6,2,0,박서현,4,3,2,1,0
GREEN,0.5,0.3,이재윤,1,6,2,0,박서현,4,4,2,1,0
GREEN,0.5,0.3,이재윤,1,6,2,0,박서현,4,5,2,0,0
GREEN,0.5,0.3,이재윤,1,6,2,0,박서현,4,8,2,0,0
GREEN,0.5,0.4,이재윤,1,6,2,0,박서현,4,9,2,2,0
GREEN,0.5,0.4,이재윤,1,6,2,0,박서현,4,11,2,0,0
GREEN,0.5,0.8,이재윤,1,6,2,0,박서현,4,12,2,1,0
GREEN,0.5,0.2,이재윤,1,6,2,0,박서현,4,14,2,1,0
GREEN,0.5,0.7,이재윤,1,6,2,0,박서현,4,15,2,0,0
GREEN,0.5,1.3,이재윤,1,6,2,0,박서현,4,16,2,0,0
GREEN,0.5,0.5,이재윤,1,6,2,0,박서현,4,17,2,1,0
GREEN,0.5,1.3,이재윤,1,6,2,0,박서현,4,18,2,1,0
GREEN,3.1,3.4,이재윤,1,7,3,0,박서현,1,3,3,2,0
GREEN,3.1,3.5,이재윤,1,7,3,0,박서현,1,11,3,0,0
GREEN,3.1,2.7,이재윤,1,7,3,0,박서현,1,16,2,-1,1
GREEN,3.1,2.4,이재윤,1,7,3,0,박서현,2,6,2,0,1
GREEN,3.1,3.3,이재윤,1,7,3,0,박서현,2,8,2,0,1
GREEN,3.1,3.6,이재윤,1,7,3,0,박서현,2,10,3,0,0
GREEN,3.1,3.6,이재윤,1,7,3,0,박서현,2,16,2,0,1
GREEN,3.1,2.7,이재윤,1,7,3,0,박서현,3,15,3,1,0
GREEN,3.1,2.8,이재윤,1,7,3,0,박서현,4,3,3,1,0
GREEN,3.1,3.7,이재윤,1,7,3,0,박서현,4,4,3,1,0
GREEN,3.1,3.8,이재윤,1,7,3,0,박서현,4,6,2,0,1
GREEN,3.1,3.4,이재윤,1,7,3,0,박서현,4,9,4,2,-1
GREEN,3.1,3.4,이재윤,1,7,3,0,박서현,4,13,2,0,1
GREEN,3.1,2.2,이재윤,1,7,3,0,박서현,4,17,3,1,0
GREEN,0.5,0.4,이재윤,1,7,2,0,박서현,1,2,2,0,0
GREEN,0.5,1.0,이재윤,1,7,2,0,박서현,1,3,2,2,0
GREEN,0.5,0.5,이재윤,1,7,2,0,박서현,1,4,2,0,0
GREEN,0.5,0.5,이재윤,1,7,2,0,박서현,1,5,2,0,0
GREEN,0.5,0.4,이재윤,1,7,2,0,박서현,1,6,2,1,0
GREEN,0.5,0.5,이재윤,1,7,2,0,박서현,1,7,2,0,0
GREEN,0.5,0.5,이재윤,1,7,2,0,박서현,1,8,2,1,0
GREEN,0.5,0.6,이재윤,1,7,2,0,박서현,1,9,2,0,0
GREEN,0.5,0.3,이재윤,1,7,2,0,박서현,1,10,2,0,0
GREEN,0.5,0.4,이재윤,1,7,2,0,박서현,1,11,2,0,0
GREEN,0.5,1.1,이재윤,1,7,2,0,박서현,1,13,2,1,0
GREEN,0.5,0.3,이재윤,1,7,2,0,박서현,1,14,2,0,0
GREEN,0.5,0.5,이재윤,1,7,2,0,박서현,1,15,2,1,0
GREEN,0.5,0.5,이재윤,1,7,2,0,박서현,1,17,2,0,0
GREEN,0.5,0.3,이재윤,1,7,2,0,박서현,2,1,2,0,0
GREEN,0.5,0.5,이재윤,1,7,2,0,박서현,2,2,2,0,0
GREEN,0.5,0.5,이재윤,1,7,2,0,박서현,2,3,2,0,0
GREEN,0.5,0.3,이재윤,1,7,2,0,박서현,2,4,2,1,0
GREEN,0.5,1.2,이재윤,1,7,2,0,박서현,2,5,3,1,-1
GREEN,0.5,0.4,이재윤,1,7,2,0,박서현,2,5,2,1,0
GREEN,0.5,0.4,이재윤,1,7,2,0,박서현,2,7,2,0,0
GREEN,0.5,1.5,이재윤,1,7,2,0,박서현,2,9,2,0,0
GREEN,0.5,0.2,이재윤,1,7,2,0,박서현,2,10,2,0,0
GREEN,0.5,1.5,이재윤,1,7,2,0,박서현,2,11,2,1,0
GREEN,0.5,1.3,이재윤,1,7,2,0,박서현,2,12,3,2,-1
GREEN,0.5,0.9,이재윤,1,7,2,0,박서현,2,12,2,2,0
GREEN,0.5,0.4,이재윤,1,7,2,0,박서현,2,13,2,0,0
GREEN,0.5,1.0,이재윤,1,7,2,0,박서현,2,14,2,1,0
GREEN,0.5,1.3,이재윤,1,7,2,0,박서현,2,15,2,0,0
GREEN,0.5,0.2,이재윤,1,7,2,0,박서현,2,17,2,0,0
GREEN,0.5,1.3,이재윤,1,7,2,0,박서현,2,18,2,0,0
GREEN,0.5,1.3,이재윤,1,7,2,0,박서현,3,1,2,0,0
GREEN,0.5,1.4,이재윤,1,7,2,0,박서현,3,2,2,0,0
GREEN,0.5,0.4,이재윤,1,7,2,0,박서현,3,3,2,1,0
GREEN,0.5,0.5,이재윤,1,7,2,0,박서현,3,4,2,0,0
GREEN,0.5,1.2,이재윤,1,7,2,0,박서현,3,5,2,0,0
GREEN,0.5,0.3,이재윤,1,7,2,0,박서현,3,6,2,0,0
GREEN,0.5,0.5,이재윤,1,7,2,0,박서현,3,7,2,0,0
GREEN,0.5,0.3,이재윤,1,7,2,0,박서현,3,8,2,3,0
GREEN,0.5,0.2,이재윤,1,7,2,0,박서현,3,9,2,2,0
GREEN,0.5,0.9,이재윤,1,7,2,0,박서현,3,10,2,1,0
GREEN,0.5,1.0,이재윤,1,7,2,0,박서현,3,11,2,0,0
GREEN,0.5,1.2,이재윤,1,7,2,0,박서현,3,12,2,0,0
GREEN,0.5,1.3,이재윤,1,7,2,0,박서현,3,13,3,1,-1
GREEN,0.5,1.0,이재윤,1,7,2,0,박서현,3,13,2,1,0
GREEN,0.5,0.4,이재윤,1,7,2,0,박서현,3,14,2,0,0
GREEN,0.5,1.4,이재윤,1,7,2,0,박서현,3,15,2,1,0
GREEN,0.5,0.3,이재윤,1,7,2,0,박서현,3,16,2,0,0
GREEN,0.5,0.5,이재윤,1,7,2,0,박서현,3,18,2,0,0
GREEN,0.5,1.1,이재윤,1,7,2,0,박서현,4,1,2,0,0
GREEN,0.5,0.2,이재윤,1,7,2,0,박서현,4,2,2,0,0
GREEN,0.5,0.5,이재윤,1,7,2,0,박서현,4,3,2,1,0
GREEN,0.5,0.3,이재윤,1,7,2,0,박서현,4,4,2,1,0
GREEN,0.5,0.3,이재윤,1,7,2,0,박서현,4,5,2,0,0
GREEN,0.5,0.3,이재윤,1,7,2,0,박서현,4,8,2,0,0
GREEN,0.5,0.4,이재윤,1,7,2,0,박서현,4,9,2,2,0
GREEN,0.5,0.4,이재윤,1,7,2,0,박서현,4,11,2,0,0
GREEN,0.5,0.8,이재윤,1,7,2,0,박서현,4,12,2,1,0
GREEN,0.5,0.2,이재윤,1,7,2,0,박서현,4,14,2,1,0
GREEN,0.5,0.7,이재윤,1,7,2,0,박서현,4,15,2,0,0
GREEN,0.5,1.3,이재윤,1,7,2,0,박서현,4,16,2,0,0
GREEN,0.5,0.5,이재윤,1,7,2,0,박서현,4,17,2,1,0
GREEN,0.5,1.3,이재윤,1,7,2,0,박서현,4,18,2,1,0
FAIRWAY,132.2,131.8,이재윤,1,8,4,0,박서현,2,10,4,0,0
FAIRWAY,132.2,132.4,이재윤,1,8,4,0,박서현,4,18,5,1,-1
FRINGE,5.6,5.6,이재윤,1,8,3,0,박서현,3,8,3,3,0
GREEN,0.2,0.4,이재윤,1,8,2,0,박서현,1,2,2,0,0
GREEN,0.2,1.0,이재윤,1,8,2,0,박서현,1,3,2,2,0
GREEN,0.2,0.5,이재윤,1,8,2,0,박서현,1,4,2,0,0
GREEN,0.2,0.5,이재윤,1,8,2,0,박서현,1,5,2,0,0
GREEN,0.2,0.4,이재윤,1,8,2,0,박서현,1,6,2,1,0
GREEN,0.2,0.5,이재윤,1,8,2,0,박서현,1,7,2,0,0
GREEN,0.2,0.5,이재윤,1,8,2,0,박서현,1,8,2,1,0
GREEN,0.2,0.6,이재윤,1,8,2,0,박서현,1,9,2,0,0
GREEN,0.2,0.3,이재윤,1,8,2,0,박서현,1,10,2,0,0
GREEN,0.2,0.4,이재윤,1,8,2,0,박서현,1,11,2,0,0
GREEN,0.2,1.1,이재윤,1,8,2,0,박서현,1,13,2,1,0
GREEN,0.2,0.3,이재윤,1,8,2,0,박서현,1,14,2,0,0
GREEN,0.2,0.5,이재윤,1,8,2,0,박서현,1,15,2,1,0
GREEN,0.2,0.5,이재윤,1,8,2,0,박서현,1,17,2,0,0
GREEN,0.2,0.3,이재윤,1,8,2,0,박서현,2,1,2,0,0
GREEN,0.2,0.5,이재윤,1,8,2,0,박서현,2,2,2,0,0
GREEN,0.2,0.5,이재윤,1,8,2,0,박서현,2,3,2,0,0
GREEN,0.2,0.3,이재윤,1,8,2,0,박서현,2,4,2,1,0
GREEN,0.2,1.2,이재윤,1,8,2,0,박서현,2,5,3,1,-1
GREEN,0.2,0.4,이재윤,1,8,2,0,박서현,2,5,2,1,0
GREEN,0.2,0.4,이재윤,1,8,2,0,박서현,2,7,2,0,0
GREEN,0.2,0.2,이재윤,1,8,2,0,박서현,2,10,2,0,0
GREEN,0.2,0.9,이재윤,1,8,2,0,박서현,2,12,2,2,0
GREEN,0.2,0.4,이재윤,1,8,2,0,박서현,2,13,2,0,0
GREEN,0.2,1.0,이재윤,1,8,2,0,박서현,2,14,2,1,0
GREEN,0.2,0.2,이재윤,1,8,2,0,박서현,2,17,2,0,0
GREEN,0.2,0.4,이재윤,1,8,2,0,박서현,3,3,2,1,0
GREEN,0.2,0.5,이재윤,1,8,2,0,박서현,3,4,2,0,0
GREEN,0.2,1.2,이재윤,1,8,2,0,박서현,3,5,2,0,0
GREEN,0.2,0.3,이재윤,1,8,2,0,박서현,3,6,2,0,0
GREEN,0.2,0.5,이재윤,1,8,2,0,박서현,3,7,2,0,0
GREEN,0.2,0.3,이재윤,1,8,2,0,박서현,3,8,2,3,0
GREEN,0.2,0.2,이재윤,1,8,2,0,박서현,3,9,2,2,0
GREEN,0.2,0.9,이재윤,1,8,2,0,박서현,3,10,2,1,0
GREEN,0.2,1.0,이재윤,1,8,2,0,박서현,3,11,2,0,0
GREEN,0.2,1.2,이재윤,1,8,2,0,박서현,3,12,2,0,0
GREEN,0.2,1.0,이재윤,1,8,2,0,박서현,3,13,2,1,0
GREEN,0.2,0.4,이재윤,1,8,2,0,박서현,3,14,2,0,0
GREEN,0.2,0.3,이재윤,1,8,2,0,박서현,3,16,2,0,0
GREEN,0.2,0.5,이재윤,1,8,2,0,박서현,3,18,2,0,0
GREEN,0.2,1.1,이재윤,1,8,2,0,박서현,4,1,2,0,0
GREEN,0.2,0.2,이재윤,1,8,2,0,박서현,4,2,2,0,0
GREEN,0.2,0.5,이재윤,1,8,2,0,박서현,4,3,2,1,0
GREEN,0.2,0.3,이재윤,1,8,2,0,박서현,4,4,2,1,0
GREEN,0.2,0.3,이재윤,1,8,2,0,박서현,4,5,2,0,0
GREEN,0.2,0.3,이재윤,1,8,2,0,박서현,4,8,2,0,0
GREEN,0.2,0.4,이재윤,1,8,2,0,박서현,4,9,2,2,0
GREEN,0.2,0.4,이재윤,1,8,2,0,박서현,4,11,2,0,0
GREEN,0.2,0.8,이재윤,1,8,2,0,박서현,4,12,2,1,0
GREEN,0.2,0.2,이재윤,1,8,2,0,박서현,4,14,2,1,0
GREEN,0.2,0.7,이재윤,1,8,2,0,박서현,4,15,2,0,0
GREEN,0.2,0.5,이재윤,1,8,2,0,박서현,4,17,2,1,0
ROUGH,9.9,9.4,이재윤,1,9,4,1,박서현,2,11,3,1,1
ROUGH,9.9,9.9,이재윤,1,9,4,1,박서현,3,3,4,1,0
GREEN,10.3,10.4,이재윤,1,9,3,1,박서현,1,2,3,0,0
GREEN,10.3,9.4,이재윤,1,9,3,1,박서현,1,7,3,0,0
GREEN,10.3,9.4,이재윤,1,9,3,1,박서현,1,18,2,-1,1
GREEN,10.3,9.4,이재윤,1,9,3,1,박서현,2,7,3,0,0
GREEN,1.4,0.4,이재윤,1,9,2,1,박서현,1,2,2,0,0
GREEN,1.4,1.0,이재윤,1,9,2,1,박서현,1,3,2,2,0
GREEN,1.4,0.5,이재윤,1,9,2,1,박서현,1,4,2,0,0
GREEN,1.4,0.5,이재윤,1,9,2,1,박서현,1,5,2,0,0
GREEN,1.4,0.4,이재윤,1,9,2,1,박서현,1,6,2,1,0
GREEN,1.4,0.5,이재윤,1,9,2,1,박서현,1,7,2,0,0
GREEN,1.4,2.0,이재윤,1,9,2,1,박서현,1,8,3,1,-1
GREEN,1.4,0.5,이재윤,1,9,2,1,박서현,1,8,2,1,0
GREEN,1.4,0.6,이재윤,1,9,2,1,박서현,1,9,2,0,0
GREEN,1.4,0.4,이재윤,1,9,2,1,박서현,1,11,2,0,0
GREEN,1.4,1.1,이재윤,1,9,2,1,박서현,1,13,2,1,0
GREEN,1.4,0.5,이재윤,1,9,2,1,박서현,1,15,2,1,0
GREEN,1.4,0.5,이재윤,1,9,2,1,박서현,1,17,2,0,0
GREEN,1.4,0.5,이재윤,1,9,2,1,박서현,2,2,2,0,0
GREEN,1.4,0.5,이재윤,1,9,2,1,박서현,2,3,2,0,0
GREEN,1.4,1.2,이재윤,1,9,2,1,박서현,2,5,3,1,-1
GREEN,1.4,0.4,이재윤,1,9,2,1,박서현,2,5,2,1,0
GREEN,1.4,2.4,이재윤,1,9,2,1,박서현,2,6,2,0,0
GREEN,1.4,0.4,이재윤,1,9,2,1,박서현,2,7,2,0,0
GREEN,1.4,1.5,이재윤,1,9,2,1,박서현,2,9,2,0,0
GREEN,1.4,1.5,이재윤,1,9,2,1,박서현,2,11,2,1,0
GREEN,1.4,1.3,이재윤,1,9,2,1,박서현,2,12,3,2,-1
GREEN,1.4,0.9,이재윤,1,9,2,1,박서현,2,12,2,2,0
GREEN,1.4,0.4,이재윤,1,9,2,1,박서현,2,13,2,0,0
GREEN,1.4,1.0,이재윤,1,9,2,1,박서현,2,14,2,1,0
GREEN,1.4,1.3,이재윤,1,9,2,1,박서현,2,15,2,0,0
GREEN,1.4,1.3,이재윤,1,9,2,1,박서현,2,18,2,0,0
GREEN,1.4,1.3,이재윤,1,9,2,1,박서현,3,1,2,0,0
GREEN,1.4,1.4,이재윤,1,9,2,1,박서현,3,2,2,0,0
GREEN,1.4,0.4,이재윤,1,9,2,1,박서현,3,3,2,1,0
GREEN,1.4,0.5,이재윤,1,9,2,1,박서현,3,4,2,0,0
GREEN,1.4,1.2,이재윤,1,9,2,1,박서현,3,5,2,0,0
GREEN,1.4,0.5,이재윤,1,9,2,1,박서현,3,7,2,0,0
GREEN,1.4,1.9,이재윤,1,9,2,1,박서현,3,10,3,1,-1
GREEN,1.4,0.9,이재윤,1,9,2,1,박서현,3,10,2,1,0
GREEN,1.4,1.0,이재윤,1,9,2,1,박서현,3,11,2,0,0
GREEN,1.4,1.2,이재윤,1,9,2,1,박서현,3,12,2,0,0
GREEN,1.4,1.3,이재윤,1,9,2,1,박서현,3,13,3,1,-1
GREEN,1.4,1.0,이재윤,1,9,2,1,박서현,3,13,2,1,0
GREEN,1.4,0.4,이재윤,1,9,2,1,박서현,3,14,2,0,0
GREEN,1.4,1.4,이재윤,1,9,2,1,박서현,3,15,2,1,0
GREEN,1.4,1.9,이재윤,1,9,2,1,박서현,3,17,2,0,0
GREEN,1.4,0.5,이재윤,1,9,2,1,박서현,3,18,2,0,0
GREEN,1.4,1.1,이재윤,1,9,2,1,박서현,4,1,2,0,0
GREEN,1.4,0.5,이재윤,1,9,2,1,박서현,4,3,2,1,0
GREEN,1.4,1.7,이재윤,1,9,2,1,박서현,4,9,3,2,-1
GREEN,1.4,0.4,이재윤,1,9,2,1,박서현,4,9,2,2,0
GREEN,1.4,1.6,이재윤,1,9,2,1,박서현,4,10,2,1,0
GREEN,1.4,0.4,이재윤,1,9,2,1,박서현,4,11,2,0,0
GREEN,1.4,1.9,이재윤,1,9,2,1,박서현,4,12,3,1,-1
GREEN,1.4,0.8,이재윤,1,9,2,1,박서현,4,12,2,1,0
GREEN,1.4,1.6,이재윤,1,9,2,1,박서현,4,14,3,1,-1
GREEN,1.4,0.7,이재윤,1,9,2,1,박서현,4,15,2,0,0
GREEN,1.4,1.3,이재윤,1,9,2,1,박서현,4,16,2,0,0
GREEN,1.4,2.2,이재윤,1,9,2,1,박서현,4,17,3,1,-1
GREEN,1.4,0.5,이재윤,1,9,2,1,박서현,4,17,2,1,0
GREEN,1.4,1.3,이재윤,1,9,2,1,박서현,4,18,2,1,0
GREEN,15.5,15.0,이재윤,1,10,3,0,박서현,2,12,4,2,-1
GREEN,15.5,14.8,이재윤,1,10,3,0,박서현,3,5,3,0,0
GREEN,15.5,15.4,이재윤,1,10,3,0,박서현,4,17,4,1,-1
GREEN,0.8,0.4,이재윤,1,10,2,0,박서현,1,2,2,0,0
GREEN,0.8,1.0,이재윤,1,10,2,0,박서현,1,3,2,2,0
GREEN,0.8,0.5,이재윤,1,10,2,0,박서현,1,4,2,0,0
GREEN,0.8,0.5,이재윤,1,10,2,0,박서현,1,5,2,0,0
GREEN,0.8,0.4,이재윤,1,10,2,0,박서현,1,6,2,1,0
GREEN,0.8,0.5,이재윤,1,10,2,0,박서현,1,7,2,0,0
GREEN,0.8,0.5,이재윤,1,10,2,0,박서현,1,8,2,1,0
GREEN,0.8,0.6,이재윤,1,10,2,0,박서현,1,9,2,0,0
GREEN,0.8,0.3,이재윤,1,10,2,0,박서현,1,10,2,0,0
GREEN,0.8,0.4,이재윤,1,10,2,0,박서현,1,11,2,0,0
GREEN,0.8,1.1,이재윤,1,10,2,0,박서현,1,13,2,1,0
GREEN,0.8,0.3,이재윤,1,10,2,0,박서현,1,14,2,0,0
GREEN,0.8,0.5,이재윤,1,10,2,0,박서현,1,15,2,1,0
GREEN,0.8,0.5,이재윤,1,10,2,0,박서현,1,17,2,0,0
GREEN,0.8,0.3,이재윤,1,10,2,0,박서현,2,1,2,0,0
GREEN,0.8,0.5,이재윤,1,10,2,0,박서현,2,2,2,0,0
GREEN,0.8,0.5,이재윤,1,10,2,0,박서현,2,3,2,0,0
GREEN,0.8,0.3,이재윤,1,10,2,0,박서현,2,4,2,1,0
GREEN,0.8,1.2,이재윤,1,10,2,0,박서현,2,5,3,1,-1
GREEN,0.8,0.4,이재윤,1,10,2,0,박서현,2,5,2,1,0
GREEN,0.8,0.4,이재윤,1,10,2,0,박서현,2,7,2,0,0
GREEN,0.8,1.5,이재윤,1,10,2,0,박서현,2,9,2,0,0
GREEN,0.8,0.2,이재윤,1,10,2,0,박서현,2,10,2,0,0
GREEN,0.8,1.5,이재윤,1,10,2,0,박서현,2,11,2,1,0
GREEN,0.8,1.3,이재윤,1,10,2,0,박서현,2,12,3,2,-1
GREEN,0.8,0.9,이재윤,1,10,2,0,박서현,2,12,2,2,0
GREEN,0.8,0.4,이재윤,1,10,2,0,박서현,2,13,2,0,0
GREEN,0.8,1.0,이재윤,1,10,2,0,박서현,2,14,2,1,0
GREEN,0.8,1.3,이재윤,1,10,2,0,박서현,2,15,2,0,0
GREEN,0.8,0.2,이재윤,1,10,2,0,박서현,2,17,2,0,0
GREEN,0.8,1.3,이재윤,1,10,2,0,박서현,2,18,2,0,0
GREEN,0.8,1.3,이재윤,1,10,2,0,박서현,3,1,2,0,0
GREEN,0.8,1.4,이재윤,1,10,2,0,박서현,3,2,2,0,0
GREEN,0.8,0.4,이재윤,1,10,2,0,박서현,3,3,2,1,0
GREEN,0.8,0.5,이재윤,1,10,2,0,박서현,3,4,2,0,0
GREEN,0.8,1.2,이재윤,1,10,2,0,박서현,3,5,2,0,0
GREEN,0.8,0.3,이재윤,1,10,2,0,박서현,3,6,2,0,0
GREEN,0.8,0.5,이재윤,1,10,2,0,박서현,3,7,2,0,0
GREEN,0.8,0.3,이재윤,1,10,2,0,박서현,3,8,2,3,0
GREEN,0.8,0.2,이재윤,1,10,2,0,박서현,3,9,2,2,0
GREEN,0.8,0.9,이재윤,1,10,2,0,박서현,3,10,2,1,0
GREEN,0.8,1.0,이재윤,1,10,2,0,박서현,3,11,2,0,0
GREEN,0.8,1.2,이재윤,1,10,2,0,박서현,3,12,2,0,0
GREEN,0.8,1.3,이재윤,1,10,2,0,박서현,3,13,3,1,-1
GREEN,0.8,1.0,이재윤,1,10,2,0,박서현,3,13,2,1,0
GREEN,0.8,0.4,이재윤,1,10,2,0,박서현,3,14,2,0,0
GREEN,0.8,1.4,이재윤,1,10,2,0,박서현,3,15,2,1,0
GREEN,0.8,0.3,이재윤,1,10,2,0,박서현,3,16,2,0,0
GREEN,0.8,0.5,이재윤,1,10,2,0,박서현,3,18,2,0,0
GREEN,0.8,1.1,이재윤,1,10,2,0,박서현,4,1,2,0,0
GREEN,0.8,0.2,이재윤,1,10,2,0,박서현,4,2,2,0,0
GREEN,0.8,0.5,이재윤,1,10,2,0,박서현,4,3,2,1,0
GREEN,0.8,0.3,이재윤,1,10,2,0,박서현,4,4,2,1,0
GREEN,0.8,0.3,이재윤,1,10,2,0,박서현,4,5,2,0,0
GREEN,0.8,0.3,이재윤,1,10,2,0,박서현,4,8,2,0,0
GREEN,0.8,1.7,이재윤,1,10,2,0,박서현,4,9,3,2,-1
GREEN,0.8,0.4,이재윤,1,10,2,0,박서현,4,9,2,2,0
GREEN,0.8,1.6,이재윤,1,10,2,0,박서현,4,10,2,1,0
GREEN,0.8,0.4,이재윤,1,10,2,0,박서현,4,11,2,0,0
GREEN,0.8,0.8,이재윤,1,10,2,0,박서현,4,12,2,1,0
GREEN,0.8,1.6,이재윤,1,10,2,0,박서현,4,14,3,1,-1
GREEN,0.8,0.2,이재윤,1,10,2,0,박서현,4,14,2,1,0
GREEN,0.8,0.7,이재윤,1,10,2,0,박서현,4,15,2,0,0
GREEN,0.8,1.3,이재윤,1,10,2,0,박서현,4,16,2,0,0
GREEN,0.8,0.5,이재윤,1,10,2,0,박서현,4,17,2,1,0
GREEN,0.8,1.3,이재윤,1,10,2,0,박서현,4,18,2,1,0
ROUGH,22.6,22.7,이재윤,1,11,4,1,박서현,1,12,3,0,1
ROUGH,22.6,23.0,이재윤,1,11,4,1,박서현,4,12,4,1,0
GREEN,3.1,3.4,이재윤,1,11,3,1,박서현,1,3,3,2,0
GREEN,3.1,3.5,이재윤,1,11,3,1,박서현,1,11,3,0,0
GREEN,3.1,2.7,이재윤,1,11,3,1,박서현,1,16,2,-1,1
GREEN,3.1,2.4,이재윤,1,11,3,1,박서현,2,6,2,0,1
GREEN,3.1,3.3,이재윤,1,11,3,1,박서현,2,8,2,0,1
GREEN,3.1,3.6,이재윤,1,11,3,1,박서현,2,10,3,0,0
GREEN,3.1,3.6,이재윤,1,11,3,1,박서현,2,16,2,0,1
GREEN,3.1,2.7,이재윤,1,11,3,1,박서현,3,15,3,1,0
GREEN,3.1,2.8,이재윤,1,11,3,1,박서현,4,3,3,1,0
GREEN,3.1,3.7,이재윤,1,11,3,1,박서현,4,4,3,1,0
GREEN,3.1,3.8,이재윤,1,11,3,1,박서현,4,6,2,0,1
GREEN,3.1,3.4,이재윤,1,11,3,1,박서현,4,9,4,2,-1
GREEN,3.1,3.4,이재윤,1,11,3,1,박서현,4,13,2,0,1
GREEN,3.1,2.2,이재윤,1,11,3,1,박서현,4,17,3,1,0
GREEN,0.7,0.4,이재윤,1,11,2,1,박서현,1,2,2,0,0
GREEN,0.7,1.0,이재윤,1,11,2,1,박서현,1,3,2,2,0
GREEN,0.7,0.5,이재윤,1,11,2,1,박서현,1,4,2,0,0
GREEN,0.7,0.5,이재윤,1,11,2,1,박서현,1,5,2,0,0
GREEN,0.7,0.4,이재윤,1,11,2,1,박서현,1,6,2,1,0
GREEN,0.7,0.5,이재윤,1,11,2,1,박서현,1,7,2,0,0
GREEN,0.7,0.5,이재윤,1,11,2,1,박서현,1,8,2,1,0
GREEN,0.7,0.6,이재윤,1,11,2,1,박서현,1,9,2,0,0
GREEN,0.7,0.3,이재윤,1,11,2,1,박서현,1,10,2,0,0
GREEN,0.7,0.4,이재윤,1,11,2,1,박서현,1,11,2,0,0
GREEN,0.7,1.1,이재윤,1,11,2,1,박서현,1,13,2,1,0
GREEN,0.7,0.3,이재윤,1,11,2,1,박서현,1,14,2,0,0
GREEN,0.7,0.5,이재윤,1,11,2,1,박서현,1,15,2,1,0
GREEN,0.7,0.5,이재윤,1,11,2,1,박서현,1,17,2,0,0
GREEN,0.7,0.3,이재윤,1,11,2,1,박서현,2,1,2,0,0
GREEN,0.7,0.5,이재윤,1,11,2,1,박서현,2,2,2,0,0
GREEN,0.7,0.5,이재윤,1,11,2,1,박서현,2,3,2,0,0
GREEN,0.7,0.3,이재윤,1,11,2,1,박서현,2,4,2,1,0
GREEN,0.7,1.2,이재윤,1,11,2,1,박서현,2,5,3,1,-1
GREEN,0.7,0.4,이재윤,1,11,2,1,박서현,2,5,2,1,0
GREEN,0.7,0.4,이재윤,1,11,2,1,박서현,2,7,2,0,0
GREEN,0.7,1.5,이재윤,1,11,2,1,박서현,2,9,2,0,0
GREEN,0.7,0.2,이재윤,1,11,2,1,박서현,2,10,2,0,0
GREEN,0.7,1.5,이재윤,1,11,2,1,박서현,2,11,2,1,0
GREEN,0.7,1.3,이재윤,1,11,2,1,박서현,2,12,3,2,-1
GREEN,0.7,0.9,이재윤,1,11,2,1,박서현,2,12,2,2,0
GREEN,0.7,0.4,이재윤,1,11,2,1,박서현,2,13,2,0,0
GREEN,0.7,1.0,이재윤,1,11,2,1,박서현,2,14,2,1,0
GREEN,0.7,1.3,이재윤,1,11,2,1,박서현,2,15,2,0,0
GREEN,0.7,0.2,이재윤,1,11,2,1,박서현,2,17,2,0,0
GREEN,0.7,1.3,이재윤,1,11,2,1,박서현,2,18,2,0,0
GREEN,0.7,1.3,이재윤,1,11,2,1,박서현,3,1,2,0,0
GREEN,0.7,1.4,이재윤,1,11,2,1,박서현,3,2,2,0,0
GREEN,0.7,0.4,이재윤,1,11,2,1,박서현,3,3,2,1,0
GREEN,0.7,0.5,이재윤,1,11,2,1,박서현,3,4,2,0,0
GREEN,0.7,1.2,이재윤,1,11,2,1,박서현,3,5,2,0,0
GREEN,0.7,0.3,이재윤,1,11,2,1,박서현,3,6,2,0,0
GREEN,0.7,0.5,이재윤,1,11,2,1,박서현,3,7,2,0,0
GREEN,0.7,0.3,이재윤,1,11,2,1,박서현,3,8,2,3,0
GREEN,0.7,0.2,이재윤,1,11,2,1,박서현,3,9,2,2,0
GREEN,0.7,0.9,이재윤,1,11,2,1,박서현,3,10,2,1,0
GREEN,0.7,1.0,이재윤,1,11,2,1,박서현,3,11,2,0,0
GREEN,0.7,1.2,이재윤,1,11,2,1,박서현,3,12,2,0,0
GREEN,0.7,1.3,이재윤,1,11,2,1,박서현,3,13,3,1,-1
GREEN,0.7,1.0,이재윤,1,11,2,1,박서현,3,13,2,1,0
GREEN,0.7,0.4,이재윤,1,11,2,1,박서현,3,14,2,0,0
GREEN,0.7,1.4,이재윤,1,11,2,1,박서현,3,15,2,1,0
GREEN,0.7,0.3,이재윤,1,11,2,1,박서현,3,16,2,0,0
GREEN,0.7,0.5,이재윤,1,11,2,1,박서현,3,18,2,0,0
GREEN,0.7,1.1,이재윤,1,11,2,1,박서현,4,1,2,0,0
GREEN,0.7,0.2,이재윤,1,11,2,1,박서현,4,2,2,0,0
GREEN,0.7,0.5,이재윤,1,11,2,1,박서현,4,3,2,1,0
GREEN,0.7,0.3,이재윤,1,11,2,1,박서현,4,4,2,1,0
GREEN,0.7,0.3,이재윤,1,11,2,1,박서현,4,5,2,0,0
GREEN,0.7,0.3,이재윤,1,11,2,1,박서현,4,8,2,0,0
GREEN,0.7,1.7,이재윤,1,11,2,1,박서현,4,9,3,2,-1
GREEN,0.7,0.4,이재윤,1,11,2,1,박서현,4,9,2,2,0
GREEN,0.7,1.6,이재윤,1,11,2,1,박서현,4,10,2,1,0
GREEN,0.7,0.4,이재윤,1,11,2,1,박서현,4,11,2,0,0
GREEN,0.7,0.8,이재윤,1,11,2,1,박서현,4,12,2,1,0
GREEN,0.7,1.6,이재윤,1,11,2,1,박서현,4,14,3,1,-1
GREEN,0.7,0.2,이재윤,1,11,2,1,박서현,4,14,2,1,0
GREEN,0.7,0.7,이재윤,1,11,2,1,박서현,4,15,2,0,0
GREEN,0.7,1.3,이재윤,1,11,2,1,박서현,4,16,2,0,0
GREEN,0.7,0.5,이재윤,1,11,2,1,박서현,4,17,2,1,0
GREEN,0.7,1.3,이재윤,1,11,2,1,박서현,4,18,2,1,0
GREEN,3.9,3.4,이재윤,1,12,3,0,박서현,1,3,3,2,0
GREEN,3.9,3.5,이재윤,1,12,3,0,박서현,1,11,3,0,0
GREEN,3.9,4.3,이재윤,1,12,3,0,박서현,1,14,3,0,0
GREEN,3.9,4.8,이재윤,1,12,3,0,박서현,1,17,3,0,0
GREEN,3.9,3.3,이재윤,1,12,3,0,박서현,2,8,2,0,1
GREEN,3.9,3.6,이재윤,1,12,3,0,박서현,2,10,3,0,0
GREEN,3.9,3.6,이재윤,1,12,3,0,박서현,2,16,2,0,1
GREEN,3.9,4.6,이재윤,1,12,3,0,박서현,3,4,3,0,0
GREEN,3.9,4.3,이재윤,1,12,3,0,박서현,3,9,3,2,0
GREEN,3.9,4.8,이재윤,1,12,3,0,박서현,3,13,4,1,-1
GREEN,3.9,3.7,이재윤,1,12,3,0,박서현,4,4,3,1,0
GREEN,3.9,3.8,이재윤,1,12,3,0,박서현,4,6,2,0,1
GREEN,3.9,3.4,이재윤,1,12,3,0,박서현,4,9,4,2,-1
GREEN,3.9,4.5,이재윤,1,12,3,0,박서현,4,11,3,0,0
GREEN,3.9,3.4,이재윤,1,12,3,0,박서현,4,13,2,0,1
GREEN,0.3,0.4,이재윤,1,12,2,0,박서현,1,2,2,0,0
GREEN,0.3,1.0,이재윤,1,12,2,0,박서현,1,3,2,2,0
GREEN,0.3,0.5,이재윤,1,12,2,0,박서현,1,4,2,0,0
GREEN,0.3,0.5,이재윤,1,12,2,0,박서현,1,5,2,0,0
GREEN,0.3,0.4,이재윤,1,12,2,0,박서현,1,6,2,1,0
GREEN,0.3,0.5,이재윤,1,12,2,0,박서현,1,7,2,0,0
GREEN,0.3,0.5,이재윤,1,12,2,0,박서현,1,8,2,1,0
GREEN,0.3,0.6,이재윤,1,12,2,0,박서현,1,9,2,0,0
GREEN,0.3,0.3,이재윤,1,12,2,0,박서현,1,10,2,0,0
GREEN,0.3,0.4,이재윤,1,12,2,0,박서현,1,11,2,0,0
GREEN,0.3,1.1,이재윤,1,12,2,0,박서현,1,13,2,1,0
GREEN,0.3,0.3,이재윤,1,12,2,0,박서현,1,14,2,0,0
GREEN,0.3,0.5,이재윤,1,12,2,0,박서현,1,15,2,1,0
GREEN,0.3,0.5,이재윤,1,12,2,0,박서현,1,17,2,0,0
GREEN,0.3,0.3,이재윤,1,12,2,0,박서현,2,1,2,0,0
GREEN,0.3,0.5,이재윤,1,12,2,0,박서현,2,2,2,0,0
GREEN,0.3,0.5,이재윤,1,12,2,0,박서현,2,3,2,0,0
GREEN,0.3,0.3,이재윤,1,12,2,0,박서현,2,4,2,1,0
GREEN,0.3,1.2,이재윤,1,12,2,0,박서현,2,5,3,1,-1
GREEN,0.3,0.4,이재윤,1,12,2,0,박서현,2,5,2,1,0
GREEN,0.3,0.4,이재윤,1,12,2,0,박서현,2,7,2,0,0
GREEN,0.3,0.2,이재윤,1,12,2,0,박서현,2,10,2,0,0
GREEN,0.3,1.3,이재윤,1,12,2,0,박서현,2,12,3,2,-1
GREEN,0.3,0.9,이재윤,1,12,2,0,박서현,2,12,2,2,0
GREEN,0.3,0.4,이재윤,1,12,2,0,박서현,2,13,2,0,0
GREEN,0.3,1.0,이재윤,1,12,2,0,박서현,2,14,2,1,0
GREEN,0.3,1.3,이재윤,1,12,2,0,박서현,2,15,2,0,0
GREEN,0.3,0.2,이재윤,1,12,2,0,박서현,2,17,2,0,0
GREEN,0.3,1.3,이재윤,1,12,2,0,박서현,2,18,2,0,0
GREEN,0.3,1.3,이재윤,1,12,2,0,박서현,3,1,2,0,0
GREEN,0.3,0.4,이재윤,1,12,2,0,박서현,3,3,2,1,0
GREEN,0.3,0.5,이재윤,1,12,2,0,박서현,3,4,2,0,0
GREEN,0.3,1.2,이재윤,1,12,2,0,박서현,3,5,2,0,0
GREEN,0.3,0.3,이재윤,1,12,2,0,박서현,3,6,2,0,0
GREEN,0.3,0.5,이재윤,1,12,2,0,박서현,3,7,2,0,0
GREEN,0.3,0.3,이재윤,1,12,2,0,박서현,3,8,2,3,0
GREEN,0.3,0.2,이재윤,1,12,2,0,박서현,3,9,2,2,0
GREEN,0.3,0.9,이재윤,1,12,2,0,박서현,3,10,2,1,0
GREEN,0.3,1.0,이재윤,1,12,2,0,박서현,3,11,2,0,0
GREEN,0.3,1.2,이재윤,1,12,2,0,박서현,3,12,2,0,0
GREEN,0.3,1.3,이재윤,1,12,2,0,박서현,3,13,3,1,-1
GREEN,0.3,1.0,이재윤,1,12,2,0,박서현,3,13,2,1,0
GREEN,0.3,0.4,이재윤,1,12,2,0,박서현,3,14,2,0,0
GREEN,0.3,0.3,이재윤,1,12,2,0,박서현,3,16,2,0,0
GREEN,0.3,0.5,이재윤,1,12,2,0,박서현,3,18,2,0,0
GREEN,0.3,1.1,이재윤,1,12,2,0,박서현,4,1,2,0,0
GREEN,0.3,0.2,이재윤,1,12,2,0,박서현,4,2,2,0,0
GREEN,0.3,0.5,이재윤,1,12,2,0,박서현,4,3,2,1,0
GREEN,0.3,0.3,이재윤,1,12,2,0,박서현,4,4,2,1,0
GREEN,0.3,0.3,이재윤,1,12,2,0,박서현,4,5,2,0,0
GREEN,0.3,0.3,이재윤,1,12,2,0,박서현,4,8,2,0,0
GREEN,0.3,0.4,이재윤,1,12,2,0,박서현,4,9,2,2,0
GREEN,0.3,0.4,이재윤,1,12,2,0,박서현,4,11,2,0,0
GREEN,0.3,0.8,이재윤,1,12,2,0,박서현,4,12,2,1,0
GREEN,0.3,0.2,이재윤,1,12,2,0,박서현,4,14,2,1,0
GREEN,0.3,0.7,이재윤,1,12,2,0,박서현,4,15,2,0,0
GREEN,0.3,1.3,이재윤,1,12,2,0,박서현,4,16,2,0,0
GREEN,0.3,0.5,이재윤,1,12,2,0,박서현,4,17,2,1,0
GREEN,0.3,1.3,이재윤,1,12,2,0,박서현,4,18,2,1,0
GREEN,8.6,7.7,이재윤,1,13,3,0,박서현,1,1,2,-1,1
GREEN,8.6,9.4,이재윤,1,13,3,0,박서현,1,7,3,0,0
GREEN,8.6,9.4,이재윤,1,13,3,0,박서현,1,18,2,-1,1
GREEN,8.6,7.8,이재윤,1,13,3,0,박서현,2,1,3,0,0
GREEN,8.6,9.4,이재윤,1,13,3,0,박서현,2,7,3,0,0
GREEN,8.6,8.2,이재윤,1,13,3,0,박서현,3,12,3,0,0
GREEN,8.6,7.6,이재윤,1,13,3,0,박서현,4,8,3,0,0
GREEN,0.9,0.4,이재윤,1,13,2,0,박서현,1,2,2,0,0
GREEN,0.9,1.0,이재윤,1,13,2,0,박서현,1,3,2,2,0
GREEN,0.9,0.5,이재윤,1,13,2,0,박서현,1,4,2,0,0
GREEN,0.9,0.5,이재윤,1,13,2,0,박서현,1,5,2,0,0
GREEN,0.9,0.4,이재윤,1,13,2,0,박서현,1,6,2,1,0
GREEN,0.9,0.5,이재윤,1,13,2,0,박서현,1,7,2,0,0
GREEN,0.9,0.5,이재윤,1,13,2,0,박서현,1,8,2,1,0
GREEN,0.9,0.6,이재윤,1,13,2,0,박서현,1,9,2,0,0
GREEN,0.9,0.3,이재윤,1,13,2,0,박서현,1,10,2,0,0
GREEN,0.9,0.4,이재윤,1,13,2,0,박서현,1,11,2,0,0
GREEN,0.9,1.1,이재윤,1,13,2,0,박서현,1,13,2,1,0
GREEN,0.9,0.3,이재윤,1,13,2,0,박서현,1,14,2,0,0
GREEN,0.9,0.5,이재윤,1,13,2,0,박서현,1,15,2,1,0
GREEN,0.9,0.5,이재윤,1,13,2,0,박서현,1,17,2,0,0
GREEN,0.9,0.3,이재윤,1,13,2,0,박서현,2,1,2,0,0
GREEN,0.9,0.5,이재윤,1,13,2,0,박서현,2,2,2,0,0
GREEN,0.9,0.5,이재윤,1,13,2,0,박서현,2,3,2,0,0
GREEN,0.9,0.3,이재윤,1,13,2,0,박서현,2,4,2,1,0
GREEN,0.9,1.2,이재윤,1,13,2,0,박서현,2,5,3,1,-1
GREEN,0.9,0.4,이재윤,1,13,2,0,박서현,2,5,2,1,0
GREEN,0.9,0.4,이재윤,1,13,2,0,박서현,2,7,2,0,0
GREEN,0.9,1.5,이재윤,1,13,2,0,박서현,2,9,2,0,0
GREEN,0.9,0.2,이재윤,1,13,2,0,박서현,2,10,2,0,0
GREEN,0.9,1.5,이재윤,1,13,2,0,박서현,2,11,2,1,0
GREEN,0.9,1.3,이재윤,1,13,2,0,박서현,2,12,3,2,-1
GREEN,0.9,0.9,이재윤,1,13,2,0,박서현,2,12,2,2,0
GREEN,0.9,0.4,이재윤,1,13,2,0,박서현,2,13,2,0,0
GREEN,0.9,1.0,이재윤,1,13,2,0,박서현,2,14,2,1,0
GREEN,0.9,1.3,이재윤,1,13,2,0,박서현,2,15,2,0,0
GREEN,0.9,0.2,이재윤,1,13,2,0,박서현,2,17,2,0,0
GREEN,0.9,1.3,이재윤,1,13,2,0,박서현,2,18,2,0,0
GREEN,0.9,1.3,이재윤,1,13,2,0,박서현,3,1,2,0,0
GREEN,0.9,1.4,이재윤,1,13,2,0,박서현,3,2,2,0,0
GREEN,0.9,0.4,이재윤,1,13,2,0,박서현,3,3,2,1,0
GREEN,0.9,0.5,이재윤,1,13,2,0,박서현,3,4,2,0,0
GREEN,0.9,1.2,이재윤,1,13,2,0,박서현,3,5,2,0,0
GREEN,0.9,0.3,이재윤,1,13,2,0,박서현,3,6,2,0,0
GREEN,0.9,0.5,이재윤,1,13,2,0,박서현,3,7,2,0,0
GREEN,0.9,0.3,이재윤,1,13,2,0,박서현,3,8,2,3,0
GREEN,0.9,0.2,이재윤,1,13,2,0,박서현,3,9,2,2,0
GREEN,0.9,1.9,이재윤,1,13,2,0,박서현,3,10,3,1,-1
GREEN,0.9,0.9,이재윤,1,13,2,0,박서현,3,10,2,1,0
GREEN,0.9,1.0,이재윤,1,13,2,0,박서현,3,11,2,0,0
GREEN,0.9,1.2,이재윤,1,13,2,0,박서현,3,12,2,0,0
GREEN,0.9,1.3,이재윤,1,13,2,0,박서현,3,13,3,1,-1
GREEN,0.9,1.0,이재윤,1,13,2,0,박서현,3,13,2,1,0
GREEN,0.9,0.4,이재윤,1,13,2,0,박서현,3,14,2,0,0
GREEN,0.9,1.4,이재윤,1,13,2,0,박서현,3,15,2,1,0
GREEN,0.9,0.3,이재윤,1,13,2,0,박서현,3,16,2,0,0
GREEN,0.9,1.9,이재윤,1,13,2,0,박서현,3,17,2,0,0
GREEN,0.9,0.5,이재윤,1,13,2,0,박서현,3,18,2,0,0
GREEN,0.9,1.1,이재윤,1,13,2,0,박서현,4,1,2,0,0
GREEN,0.9,0.2,이재윤,1,13,2,0,박서현,4,2,2,0,0
GREEN,0.9,0.5,이재윤,1,13,2,0,박서현,4,3,2,1,0
GREEN,0.9,0.3,이재윤,1,13,2,0,박서현,4,4,2,1,0
GREEN,0.9,0.3,이재윤,1,13,2,0,박서현,4,5,2,0,0
GREEN,0.9,0.3,이재윤,1,13,2,0,박서현,4,8,2,0,0
GREEN,0.9,1.7,이재윤,1,13,2,0,박서현,4,9,3,2,-1
GREEN,0.9,0.4,이재윤,1,13,2,0,박서현,4,9,2,2,0
GREEN,0.9,1.6,이재윤,1,13,2,0,박서현,4,10,2,1,0
GREEN,0.9,0.4,이재윤,1,13,2,0,박서현,4,11,2,0,0
GREEN,0.9,1.9,이재윤,1,13,2,0,박서현,4,12,3,1,-1
GREEN,0.9,0.8,이재윤,1,13,2,0,박서현,4,12,2,1,0
GREEN,0.9,1.6,이재윤,1,13,2,0,박서현,4,14,3,1,-1
GREEN,0.9,0.2,이재윤,1,13,2,0,박서현,4,14,2,1,0
GREEN,0.9,0.7,이재윤,1,13,2,0,박서현,4,15,2,0,0
GREEN,0.9,1.3,이재윤,1,13,2,0,박서현,4,16,2,0,0
GREEN,0.9,0.5,이재윤,1,13,2,0,박서현,4,17,2,1,0
GREEN,0.9,1.3,이재윤,1,13,2,0,박서현,4,18,2,1,0
FAIRWAY,132.5,131.8,이재윤,1,14,4,0,박서현,2,10,4,0,0
FAIRWAY,132.5,132.4,이재윤,1,14,4,0,박서현,4,18,5,1,-1
GREEN,1.6,1.0,이재윤,1,14,3,0,박서현,1,3,2,2,1
GREEN,1.6,2.0,이재윤,1,14,3,0,박서현,1,8,3,1,0
GREEN,1.6,0.6,이재윤,1,14,3,0,박서현,1,9,2,0,1
GREEN,1.6,1.1,이재윤,1,14,3,0,박서현,1,13,2,1,1
GREEN,1.6,1.2,이재윤,1,14,3,0,박서현,2,5,3,1,0
GREEN,1.6,2.4,이재윤,1,14,3,0,박서현,2,6,2,0,1
GREEN,1.6,1.5,이재윤,1,14,3,0,박서현,2,9,2,0,1
GREEN,1.6,1.5,이재윤,1,14,3,0,박서현,2,11,2,1,1
GREEN,1.6,1.3,이재윤,1,14,3,0,박서현,2,12,3,2,0
GREEN,1.6,0.9,이재윤,1,14,3,0,박서현,2,12,2,2,1
GREEN,1.6,1.0,이재윤,1,14,3,0,박서현,2,14,2,1,1
GREEN,1.6,1.3,이재윤,1,14,3,0,박서현,2,15,2,0,1
GREEN,1.6,1.3,이재윤,1,14,3,0,박서현,2,18,2,0,1
GREEN,1.6,1.3,이재윤,1,14,3,0,박서현,3,1,2,0,1
GREEN,1.6,1.4,이재윤,1,14,3,0,박서현,3,2,2,0,1
GREEN,1.6,1.2,이재윤,1,14,3,0,박서현,3,5,2,0,1
GREEN,1.6,1.9,이재윤,1,14,3,0,박서현,3,10,3,1,0
GREEN,1.6,0.9,이재윤,1,14,3,0,박서현,3,10,2,1,1
GREEN,1.6,1.0,이재윤,1,14,3,0,박서현,3,11,2,0,1
GREEN,1.6,1.2,이재윤,1,14,3,0,박서현,3,12,2,0,1
GREEN,1.6,1.3,이재윤,1,14,3,0,박서현,3,13,3,1,0
GREEN,1.6,1.0,이재윤,1,14,3,0,박서현,3,13,2,1,1
GREEN,1.6,1.4,이재윤,1,14,3,0,박서현,3,15,2,1,1
GREEN,1.6,1.9,이재윤,1,14,3,0,박서현,3,17,2,0,1
GREEN,1.6,1.1,이재윤,1,14,3,0,박서현,4,1,2,0,1
GREEN,1.6,1.7,이재윤,1,14,3,0,박서현,4,9,3,2,0
GREEN,1.6,1.6,이재윤,1,14,3,0,박서현,4,10,2,1,1
GREEN,1.6,1.9,이재윤,1,14,3,0,박서현,4,12,3,1,0
GREEN,1.6,0.8,이재윤,1,14,3,0,박서현,4,12,2,1,1
GREEN,1.6,1.6,이재윤,1,14,3,0,박서현,4,14,3,1,0
GREEN,1.6,0.7,이재윤,1,14,3,0,박서현,4,15,2,0,1
GREEN,1.6,1.3,이재윤,1,14,3,0,박서현,4,16,2,0,1
GREEN,1.6,2.2,이재윤,1,14,3,0,박서현,4,17,3,1,0
GREEN,1.6,1.3,이재윤,1,14,3,0,박서현,4,18,2,1,1
GREEN,0.3,0.4,이재윤,1,14,2,0,박서현,1,2,2,0,0
GREEN,0.3,1.0,이재윤,1,14,2,0,박서현,1,3,2,2,0
GREEN,0.3,0.5,이재윤,1,14,2,0,박서현,1,4,2,0,0
GREEN,0.3,0.5,이재윤,1,14,2,0,박서현,1,5,2,0,0
GREEN,0.3,0.4,이재윤,1,14,2,0,박서현,1,6,2,1,0
GREEN,0.3,0.5,이재윤,1,14,2,0,박서현,1,7,2,0,0
GREEN,0.3,0.5,이재윤,1,14,2,0,박서현,1,8,2,1,0
GREEN,0.3,0.6,이재윤,1,14,2,0,박서현,1,9,2,0,0
GREEN,0.3,0.3,이재윤,1,14,2,0,박서현,1,10,2,0,0
GREEN,0.3,0.4,이재윤,1,14,2,0,박서현,1,11,2,0,0
GREEN,0.3,1.1,이재윤,1,14,2,0,박서현,1,13,2,1,0
GREEN,0.3,0.3,이재윤,1,14,2,0,박서현,1,14,2,0,0
GREEN,0.3,0.5,이재윤,1,14,2,0,박서현,1,15,2,1,0
GREEN,0.3,0.5,이재윤,1,14,2,0,박서현,1,17,2,0,0
GREEN,0.3,0.3,이재윤,1,14,2,0,박서현,2,1,2,0,0
GREEN,0.3,0.5,이재윤,1,14,2,0,박서현,2,2,2,0,0
GREEN,0.3,0.5,이재윤,1,14,2,0,박서현,2,3,2,0,0
GREEN,0.3,0.3,이재윤,1,14,2,0,박서현,2,4,2,1,0
GREEN,0.3,1.2,이재윤,1,14,2,0,박서현,2,5,3,1,-1
GREEN,0.3,0.4,이재윤,1,14,2,0,박서현,2,5,2,1,0
GREEN,0.3,0.4,이재윤,1,14,2,0,박서현,2,7,2,0,0
GREEN,0.3,0.2,이재윤,1,14,2,0,박서현,2,10,2,0,0
GREEN,0.3,1.3,이재윤,1,14,2,0,박서현,2,12,3,2,-1
GREEN,0.3,0.9,이재윤,1,14,2,0,박서현,2,12,2,2,0
GREEN,0.3,0.4,이재윤,1,14,2,0,박서현,2,13,2,0,0
GREEN,0.3,1.0,이재윤,1,14,2,0,박서현,2,14,2,1,0
GREEN,0.3,1.3,이재윤,1,14,2,0,박서현,2,15,2,0,0
GREEN,0.3,0.2,이재윤,1,14,2,0,박서현,2,17,2,0,0
GREEN,0.3,1.3,이재윤,1,14,2,0,박서현,2,18,2,0,0
GREEN,0.3,1.3,이재윤,1,14,2,0,박서현,3,1,2,0,0
GREEN,0.3,0.4,이재윤,1,14,2,0,박서현,3,3,2,1,0
GREEN,0.3,0.5,이재윤,1,14,2,0,박서현,3,4,2,0,0
GREEN,0.3,1.2,이재윤,1,14,2,0,박서현,3,5,2,0,0
GREEN,0.3,0.3,이재윤,1,14,2,0,박서현,3,6,2,0,0
GREEN,0.3,0.5,이재윤,1,14,2,0,박서현,3,7,2,0,0
GREEN,0.3,0.3,이재윤,1,14,2,0,박서현,3,8,2,3,0
GREEN,0.3,0.2,이재윤,1,14,2,0,박서현,3,9,2,2,0
GREEN,0.3,0.9,이재윤,1,14,2,0,박서현,3,10,2,1,0
GREEN,0.3,1.0,이재윤,1,14,2,0,박서현,3,11,2,0,0
GREEN,0.3,1.2,이재윤,1,14,2,0,박서현,3,12,2,0,0
GREEN,0.3,1.3,이재윤,1,14,2,0,박서현,3,13,3,1,-1
GREEN,0.3,1.0,이재윤,1,14,2,0,박서현,3,13,2,1,0
GREEN,0.3,0.4,이재윤,1,14,2,0,박서현,3,14,2,0,0
GREEN,0.3,0.3,이재윤,1,14,2,0,박서현,3,16,2,0,0
GREEN,0.3,0.5,이재윤,1,14,2,0,박서현,3,18,2,0,0
GREEN,0.3,1.1,이재윤,1,14,2,0,박서현,4,1,2,0,0
GREEN,0.3,0.2,이재윤,1,14,2,0,박서현,4,2,2,0,0
GREEN,0.3,0.5,이재윤,1,14,2,0,박서현,4,3,2,1,0
GREEN,0.3,0.3,이재윤,1,14,2,0,박서현,4,4,2,1,0
GREEN,0.3,0.3,이재윤,1,14,2,0,박서현,4,5,2,0,0
GREEN,0.3,0.3,이재윤,1,14,2,0,박서현,4,8,2,0,0
GREEN,0.3,0.4,이재윤,1,14,2,0,박서현,4,9,2,2,0
GREEN,0.3,0.4,이재윤,1,14,2,0,박서현,4,11,2,0,0
GREEN,0.3,0.8,이재윤,1,14,2,0,박서현,4,12,2,1,0
GREEN,0.3,0.2,이재윤,1,14,2,0,박서현,4,14,2,1,0
GREEN,0.3,0.7,이재윤,1,14,2,0,박서현,4,15,2,0,0
GREEN,0.3,1.3,이재윤,1,14,2,0,박서현,4,16,2,0,0
GREEN,0.3,0.5,이재윤,1,14,2,0,박서현,4,17,2,1,0
GREEN,0.3,1.3,이재윤,1,14,2,0,박서현,4,18,2,1,0
FRINGE,16.5,15.5,이재윤,1,15,4,1,박서현,3,17,3,0,1
GREEN,3.4,3.4,이재윤,1,15,3,1,박서현,1,3,3,2,0
GREEN,3.4,3.5,이재윤,1,15,3,1,박서현,1,11,3,0,0
GREEN,3.4,4.3,이재윤,1,15,3,1,박서현,1,14,3,0,0
GREEN,3.4,2.7,이재윤,1,15,3,1,박서현,1,16,2,-1,1
GREEN,3.4,2.4,이재윤,1,15,3,1,박서현,2,6,2,0,1
GREEN,3.4,3.3,이재윤,1,15,3,1,박서현,2,8,2,0,1
GREEN,3.4,3.6,이재윤,1,15,3,1,박서현,2,10,3,0,0
GREEN,3.4,3.6,이재윤,1,15,3,1,박서현,2,16,2,0,1
GREEN,3.4,4.3,이재윤,1,15,3,1,박서현,3,9,3,2,0
GREEN,3.4,2.7,이재윤,1,15,3,1,박서현,3,15,3,1,0
GREEN,3.4,2.8,이재윤,1,15,3,1,박서현,4,3,3,1,0
GREEN,3.4,3.7,이재윤,1,15,3,1,박서현,4,4,3,1,0
GREEN,3.4,3.8,이재윤,1,15,3,1,박서현,4,6,2,0,1
GREEN,3.4,3.4,이재윤,1,15,3,1,박서현,4,9,4,2,-1
GREEN,3.4,3.4,이재윤,1,15,3,1,박서현,4,13,2,0,1
GREEN,1.1,0.4,이재윤,1,15,2,1,박서현,1,2,2,0,0
GREEN,1.1,1.0,이재윤,1,15,2,1,박서현,1,3,2,2,0
GREEN,1.1,0.5,이재윤,1,15,2,1,박서현,1,4,2,0,0
GREEN,1.1,0.5,이재윤,1,15,2,1,박서현,1,5,2,0,0
GREEN,1.1,0.4,이재윤,1,15,2,1,박서현,1,6,2,1,0
GREEN,1.1,0.5,이재윤,1,15,2,1,박서현,1,7,2,0,0
GREEN,1.1,2.0,이재윤,1,15,2,1,박서현,1,8,3,1,-1
GREEN,1.1,0.5,이재윤,1,15,2,1,박서현,1,8,2,1,0
GREEN,1.1,0.6,이재윤,1,15,2,1,박서현,1,9,2,0,0
GREEN,1.1,0.3,이재윤,1,15,2,1,박서현,1,10,2,0,0
GREEN,1.1,0.4,이재윤,1,15,2,1,박서현,1,11,2,0,0
GREEN,1.1,1.1,이재윤,1,15,2,1,박서현,1,13,2,1,0
GREEN,1.1,0.3,이재윤,1,15,2,1,박서현,1,14,2,0,0
GREEN,1.1,0.5,이재윤,1,15,2,1,박서현,1,15,2,1,0
GREEN,1.1,0.5,이재윤,1,15,2,1,박서현,1,17,2,0,0
GREEN,1.1,0.3,이재윤,1,15,2,1,박서현,2,1,2,0,0
GREEN,1.1,0.5,이재윤,1,15,2,1,박서현,2,2,2,0,0
GREEN,1.1,0.5,이재윤,1,15,2,1,박서현,2,3,2,0,0
GREEN,1.1,0.3,이재윤,1,15,2,1,박서현,2,4,2,1,0
GREEN,1.1,1.2,이재윤,1,15,2,1,박서현,2,5,3,1,-1
GREEN,1.1,0.4,이재윤,1,15,2,1,박서현,2,5,2,1,0
GREEN,1.1,0.4,이재윤,1,15,2,1,박서현,2,7,2,0,0
GREEN,1.1,1.5,이재윤,1,15,2,1,박서현,2,9,2,0,0
GREEN,1.1,0.2,이재윤,1,15,2,1,박서현,2,10,2,0,0
GREEN,1.1,1.5,이재윤,1,15,2,1,박서현,2,11,2,1,0
GREEN,1.1,1.3,이재윤,1,15,2,1,박서현,2,12,3,2,-1
GREEN,1.1,0.9,이재윤,1,15,2,1,박서현,2,12,2,2,0
GREEN,1.1,0.4,이재윤,1,15,2,1,박서현,2,13,2,0,0
GREEN,1.1,1.0,이재윤,1,15,2,1,박서현,2,14,2,1,0
GREEN,1.1,1.3,이재윤,1,15,2,1,박서현,2,15,2,0,0
GREEN,1.1,0.2,이재윤,1,15,2,1,박서현,2,17,2,0,0
GREEN,1.1,1.3,이재윤,1,15,2,1,박서현,2,18,2,0,0
GREEN,1.1,1.3,이재윤,1,15,2,1,박서현,3,1,2,0,0
GREEN,1.1,1.4,이재윤,1,15,2,1,박서현,3,2,2,0,0
GREEN,1.1,0.4,이재윤,1,15,2,1,박서현,3,3,2,1,0
GREEN,1.1,0.5,이재윤,1,15,2,1,박서현,3,4,2,0,0
GREEN,1.1,1.2,이재윤,1,15,2,1,박서현,3,5,2,0,0
GREEN,1.1,0.3,이재윤,1,15,2,1,박서현,3,6,2,0,0
GREEN,1.1,0.5,이재윤,1,15,2,1,박서현,3,7,2,0,0
GREEN,1.1,0.3,이재윤,1,15,2,1,박서현,3,8,2,3,0
GREEN,1.1,0.2,이재윤,1,15,2,1,박서현,3,9,2,2,0
GREEN,1.1,1.9,이재윤,1,15,2,1,박서현,3,10,3,1,-1
GREEN,1.1,0.9,이재윤,1,15,2,1,박서현,3,10,2,1,0
GREEN,1.1,1.0,이재윤,1,15,2,1,박서현,3,11,2,0,0
GREEN,1.1,1.2,이재윤,1,15,2,1,박서현,3,12,2,0,0
GREEN,1.1,1.3,이재윤,1,15,2,1,박서현,3,13,3,1,-1
GREEN,1.1,1.0,이재윤,1,15,2,1,박서현,3,13,2,1,0
GREEN,1.1,0.4,이재윤,1,15,2,1,박서현,3,14,2,0,0
GREEN,1.1,1.4,이재윤,1,15,2,1,박서현,3,15,2,1,0
GREEN,1.1,0.3,이재윤,1,15,2,1,박서현,3,16,2,0,0
GREEN,1.1,1.9,이재윤,1,15,2,1,박서현,3,17,2,0,0
GREEN,1.1,0.5,이재윤,1,15,2,1,박서현,3,18,2,0,0
GREEN,1.1,1.1,이재윤,1,15,2,1,박서현,4,1,2,0,0
GREEN,1.1,0.2,이재윤,1,15,2,1,박서현,4,2,2,0,0
GREEN,1.1,0.5,이재윤,1,15,2,1,박서현,4,3,2,1,0
GREEN,1.1,0.3,이재윤,1,15,2,1,박서현,4,4,2,1,0
GREEN,1.1,0.3,이재윤,1,15,2,1,박서현,4,5,2,0,0
GREEN,1.1,0.3,이재윤,1,15,2,1,박서현,4,8,2,0,0
GREEN,1.1,1.7,이재윤,1,15,2,1,박서현,4,9,3,2,-1
GREEN,1.1,0.4,이재윤,1,15,2,1,박서현,4,9,2,2,0
GREEN,1.1,1.6,이재윤,1,15,2,1,박서현,4,10,2,1,0
GREEN,1.1,0.4,이재윤,1,15,2,1,박서현,4,11,2,0,0
GREEN,1.1,1.9,이재윤,1,15,2,1,박서현,4,12,3,1,-1
GREEN,1.1,0.8,이재윤,1,15,2,1,박서현,4,12,2,1,0
GREEN,1.1,1.6,이재윤,1,15,2,1,박서현,4,14,3,1,-1
GREEN,1.1,0.2,이재윤,1,15,2,1,박서현,4,14,2,1,0
GREEN,1.1,0.7,이재윤,1,15,2,1,박서현,4,15,2,0,0
GREEN,1.1,1.3,이재윤,1,15,2,1,박서현,4,16,2,0,0
GREEN,1.1,0.5,이재윤,1,15,2,1,박서현,4,17,2,1,0
GREEN,1.1,1.3,이재윤,1,15,2,1,박서현,4,18,2,1,0
GREEN,2.8,3.4,이재윤,1,16,2,0,박서현,1,3,3,2,-1
GREEN,2.8,2.0,이재윤,1,16,2,0,박서현,1,8,3,1,-1
GREEN,2.8,3.5,이재윤,1,16,2,0,박서현,1,11,3,0,-1
GREEN,2.8,2.7,이재윤,1,16,2,0,박서현,1,16,2,-1,0
GREEN,2.8,2.4,이재윤,1,16,2,0,박서현,2,6,2,0,0
GREEN,2.8,3.3,이재윤,1,16,2,0,박서현,2,8,2,0,0
GREEN,2.8,3.6,이재윤,1,16,2,0,박서현,2,10,3,0,-1
GREEN,2.8,3.6,이재윤,1,16,2,0,박서현,2,16,2,0,0
GREEN,2.8,1.9,이재윤,1,16,2,0,박서현,3,10,3,1,-1
GREEN,2.8,2.7,이재윤,1,16,2,0,박서현,3,15,3,1,-1
GREEN,2.8,1.9,이재윤,1,16,2,0,박서현,3,17,2,0,0
GREEN,2.8,2.8,이재윤,1,16,2,0,박서현,4,3,3,1,-1
GREEN,2.8,3.7,이재윤,1,16,2,0,박서현,4,4,3,1,-1
GREEN,2.8,3.8,이재윤,1,16,2,0,박서현,4,6,2,0,0
GREEN,2.8,3.4,이재윤,1,16,2,0,박서현,4,9,4,2,-2
GREEN,2.8,1.9,이재윤,1,16,2,0,박서현,4,12,3,1,-1
GREEN,2.8,3.4,이재윤,1,16,2,0,박서현,4,13,2,0,0
GREEN,2.8,2.2,이재윤,1,16,2,0,박서현,4,17,3,1,-1
ROUGH,132.4,133.0,이재윤,1,17,4,0,박서현,4,14,5,1,-1
ROUGH,23.5,22.7,이재윤,1,17,3,0,박서현,1,12,3,0,0
ROUGH,23.5,24.1,이재윤,1,17,3,0,박서현,2,4,4,1,-1
ROUGH,23.5,23.0,이재윤,1,17,3,0,박서현,4,12,4,1,-1
GREEN,2.1,2.0,이재윤,1,17,2,0,박서현,1,8,3,1,-1
GREEN,2.1,1.1,이재윤,1,17,2,0,박서현,1,13,2,1,0
GREEN,2.1,2.7,이재윤,1,17,2,0,박서현,1,16,2,-1,0
GREEN,2.1,1.2,이재윤,1,17,2,0,박서현,2,5,3,1,-1
GREEN,2.1,2.4,이재윤,1,17,2,0,박서현,2,6,2,0,0
GREEN,2.1,1.5,이재윤,1,17,2,0,박서현,2,9,2,0,0
GREEN,2.1,1.5,이재윤,1,17,2,0,박서현,2,11,2,1,0
GREEN,2.1,1.3,이재윤,1,17,2,0,박서현,2,12,3,2,-1
GREEN,2.1,1.3,이재윤,1,17,2,0,박서현,2,15,2,0,0
GREEN,2.1,1.3,이재윤,1,17,2,0,박서현,2,18,2,0,0
GREEN,2.1,1.3,이재윤,1,17,2,0,박서현,3,1,2,0,0
GREEN,2.1,1.4,이재윤,1,17,2,0,박서현,3,2,2,0,0
GREEN,2.1,1.2,이재윤,1,17,2,0,박서현,3,5,2,0,0
GREEN,2.1,1.9,이재윤,1,17,2,0,박서현,3,10,3,1,-1
GREEN,2.1,1.2,이재윤,1,17,2,0,박서현,3,12,2,0,0
GREEN,2.1,1.3,이재윤,1,17,2,0,박서현,3,13,3,1,-1
GREEN,2.1,2.7,이재윤,1,17,2,0,박서현,3,15,3,1,-1
GREEN,2.1,1.4,이재윤,1,17,2,0,박서현,3,15,2,1,0
GREEN,2.1,1.9,이재윤,1,17,2,0,박서현,3,17,2,0,0
GREEN,2.1,1.1,이재윤,1,17,2,0,박서현,4,1,2,0,0
GREEN,2.1,2.8,이재윤,1,17,2,0,박서현,4,3,3,1,-1
GREEN,2.1,1.7,이재윤,1,17,2,0,박서현,4,9,3,2,-1
GREEN,2.1,1.6,이재윤,1,17,2,0,박서현,4,10,2,1,0
GREEN,2.1,1.9,이재윤,1,17,2,0,박서현,4,12,3,1,-1
GREEN,2.1,1.6,이재윤,1,17,2,0,박서현,4,14,3,1,-1
GREEN,2.1,1.3,이재윤,1,17,2,0,박서현,4,16,2,0,0
GREEN,2.1,2.2,이재윤,1,17,2,0,박서현,4,17,3,1,-1
GREEN,2.1,1.3,이재윤,1,17,2,0,박서현,4,18,2,1,0
ROUGH,280.6,280.7,이재윤,1,18,5,0,박서현,2,7,5,0,0
GREEN,9.3,9.4,이재윤,1,18,3,0,박서현,1,7,3,0,0
GREEN,9.3,9.4,이재윤,1,18,3,0,박서현,1,18,2,-1,1
GREEN,9.3,9.4,이재윤,1,18,3,0,박서현,2,7,3,0,0
GREEN,0.8,0.4,이재윤,1,18,2,0,박서현,1,2,2,0,0
GREEN,0.8,1.0,이재윤,1,18,2,0,박서현,1,3,2,2,0
GREEN,0.8,0.5,이재윤,1,18,2,0,박서현,1,4,2,0,0
GREEN,0.8,0.5,이재윤,1,18,2,0,박서현,1,5,2,0,0
GREEN,0.8,0.4,이재윤,1,18,2,0,박서현,1,6,2,1,0
GREEN,0.8,0.5,이재윤,1,18,2,0,박서현,1,7,2,0,0
GREEN,0.8,0.5,이재윤,1,18,2,0,박서현,1,8,2,1,0
GREEN,0.8,0.6,이재윤,1,18,2,0,박서현,1,9,2,0,0
GREEN,0.8,0.3,이재윤,1,18,2,0,박서현,1,10,2,0,0
GREEN,0.8,0.4,이재윤,1,18,2,0,박서현,1,11,2,0,0
GREEN,0.8,1.1,이재윤,1,18,2,0,박서현,1,13,2,1,0
GREEN,0.8,0.3,이재윤,1,18,2,0,박서현,1,14,2,0,0
GREEN,0.8,0.5,이재윤,1,18,2,0,박서현,1,15,2,1,0
GREEN,0.8,0.5,이재윤,1,18,2,0,박서현,1,17,2,0,0
GREEN,0.8,0.3,이재윤,1,18,2,0,박서현,2,1,2,0,0
GREEN,0.8,0.5,이재윤,1,18,2,0,박서현,2,2,2,0,0
GREEN,0.8,0.5,이재윤,1,18,2,0,박서현,2,3,2,0,0
GREEN,0.8,0.3,이재윤,1,18,2,0,박서현,2,4,2,1,0
GREEN,0.8,1.2,이재윤,1,18,2,0,박서현,2,5,3,1,-1
GREEN,0.8,0.4,이재윤,1,18,2,0,박서현,2,5,2,1,0
GREEN,0.8,0.4,이재윤,1,18,2,0,박서현,2,7,2,0,0
GREEN,0.8,1.5,이재윤,1,18,2,0,박서현,2,9,2,0,0
GREEN,0.8,0.2,이재윤,1,18,2,0,박서현,2,10,2,0,0
GREEN,0.8,1.5,이재윤,1,18,2,0,박서현,2,11,2,1,0
GREEN,0.8,1.3,이재윤,1,18,2,0,박서현,2,12,3,2,-1
GREEN,0.8,0.9,이재윤,1,18,2,0,박서현,2,12,2,2,0
GREEN,0.8,0.4,이재윤,1,18,2,0,박서현,2,13,2,0,0
GREEN,0.8,1.0,이재윤,1,18,2,0,박서현,2,14,2,1,0
GREEN,0.8,1.3,이재윤,1,18,2,0,박서현,2,15,2,0,0
GREEN,0.8,0.2,이재윤,1,18,2,0,박서현,2,17,2,0,0
GREEN,0.8,1.3,이재윤,1,18,2,0,박서현,2,18,2,0,0
GREEN,0.8,1.3,이재윤,1,18,2,0,박서현,3,1,2,0,0
GREEN,0.8,1.4,이재윤,1,18,2,0,박서현,3,2,2,0,0
GREEN,0.8,0.4,이재윤,1,18,2,0,박서현,3,3,2,1,0
GREEN,0.8,0.5,이재윤,1,18,2,0,박서현,3,4,2,0,0
GREEN,0.8,1.2,이재윤,1,18,2,0,박서현,3,5,2,0,0
GREEN,0.8,0.3,이재윤,1,18,2,0,박서현,3,6,2,0,0
GREEN,0.8,0.5,이재윤,1,18,2,0,박서현,3,7,2,0,0
GREEN,0.8,0.3,이재윤,1,18,2,0,박서현,3,8,2,3,0
GREEN,0.8,0.2,이재윤,1,18,2,0,박서현,3,9,2,2,0
GREEN,0.8,0.9,이재윤,1,18,2,0,박서현,3,10,2,1,0
GREEN,0.8,1.0,이재윤,1,18,2,0,박서현,3,11,2,0,0
GREEN,0.8,1.2,이재윤,1,18,2,0,박서현,3,12,2,0,0
GREEN,0.8,1.3,이재윤,1,18,2,0,박서현,3,13,3,1,-1
GREEN,0.8,1.0,이재윤,1,18,2,0,박서현,3,13,2,1,0
GREEN,0.8,0.4,이재윤,1,18,2,0,박서현,3,14,2,0,0
GREEN,0.8,1.4,이재윤,1,18,2,0,박서현,3,15,2,1,0
GREEN,0.8,0.3,이재윤,1,18,2,0,박서현,3,16,2,0,0
GREEN,0.8,0.5,이재윤,1,18,2,0,박서현,3,18,2,0,0
GREEN,0.8,1.1,이재윤,1,18,2,0,박서현,4,1,2,0,0
GREEN,0.8,0.2,이재윤,1,18,2,0,박서현,4,2,2,0,0
GREEN,0.8,0.5,이재윤,1,18,2,0,박서현,4,3,2,1,0
GREEN,0.8,0.3,이재윤,1,18,2,0,박서현,4,4,2,1,0
GREEN,0.8,0.3,이재윤,1,18,2,0,박서현,4,5,2,0,0
GREEN,0.8,0.3,이재윤,1,18,2,0,박서현,4,8,2,0,0
GREEN,0.8,1.7,이재윤,1,18,2,0,박서현,4,9,3,2,-1
GREEN,0.8,0.4,이재윤,1,18,2,0,박서현,4,9,2,2,0
GREEN,0.8,1.6,이재윤,1,18,2,0,박서현,4,10,2,1,0
GREEN,0.8,0.4,이재윤,1,18,2,0,박서현,4,11,2,0,0
GREEN,0.8,0.8,이재윤,1,18,2,0,박서현,4,12,2,1,0
GREEN,0.8,1.6,이재윤,1,18,2,0,박서현,4,14,3,1,-1
GREEN,0.8,0.2,이재윤,1,18,2,0,박서현,4,14,2,1,0
GREEN,0.8,0.7,이재윤,1,18,2,0,박서현,4,15,2,0,0
GREEN,0.8,1.3,이재윤,1,18,2,0,박서현,4,16,2,0,0
GREEN,0.8,0.5,이재윤,1,18,2,0,박서현,4,17,2,1,0
GREEN,0.8,1.3,이재윤,1,18,2,0,박서현,4,18,2,1,0
GREEN,5.2,5.9,이재윤,2,1,2,0,박서현,1,4,3,0,-1
GREEN,5.2,4.3,이재윤,2,1,2,0,박서현,1,14,3,0,-1
GREEN,5.2,4.8,이재윤,2,1,2,0,박서현,1,17,3,0,-1
GREEN,5.2,6.1,이재윤,2,1,2,0,박서현,2,2,3,0,-1
GREEN,5.2,5.3,이재윤,2,1,2,0,박서현,2,3,3,0,-1
GREEN,5.2,6.1,이재윤,2,1,2,0,박서현,2,4,3,1,-1
GREEN,5.2,5.1,이재윤,2,1,2,0,박서현,2,17,3,0,-1
GREEN,5.2,5.6,이재윤,2,1,2,0,박서현,3,1,3,0,-1
GREEN,5.2,4.6,이재윤,2,1,2,0,박서현,3,4,3,0,-1
GREEN,5.2,4.3,이재윤,2,1,2,0,박서현,3,9,3,2,-1
GREEN,5.2,4.8,이재윤,2,1,2,0,박서현,3,13,4,1,-2
GREEN,5.2,5.4,이재윤,2,1,2,0,박서현,3,14,3,0,-1
GREEN,5.2,5.6,이재윤,2,1,2,0,박서현,3,16,3,0,-1
GREEN,5.2,6.2,이재윤,2,1,2,0,박서현,4,7,2,-1,0
GREEN,5.2,5.5,이재윤,2,1,2,0,박서현,4,10,3,1,-1
GREEN,5.2,4.5,이재윤,2,1,2,0,박서현,4,11,3,0,-1
ROUGH,7.4,7.4,이재윤,2,2,3,0,박서현,1,3,4,2,-1
GREEN,3.0,3.4,이재윤,2,2,2,0,박서현,1,3,3,2,-1
GREEN,3.0,2.0,이재윤,2,2,2,0,박서현,1,8,3,1,-1
GREEN,3.0,3.5,이재윤,2,2,2,0,박서현,1,11,3,0,-1
GREEN,3.0,2.7,이재윤,2,2,2,0,박서현,1,16,2,-1,0
GREEN,3.0,2.4,이재윤,2,2,2,0,박서현,2,6,2,0,0
GREEN,3.0,3.3,이재윤,2,2,2,0,박서현,2,8,2,0,0
GREEN,3.0,3.6,이재윤,2,2,2,0,박서현,2,10,3,0,-1
GREEN,3.0,3.6,이재윤,2,2,2,0,박서현,2,16,2,0,0
GREEN,3.0,2.7,이재윤,2,2,2,0,박서현,3,15,3,1,-1
GREEN,3.0,2.8,이재윤,2,2,2,0,박서현,4,3,3,1,-1
GREEN,3.0,3.7,이재윤,2,2,2,0,박서현,4,4,3,1,-1
GREEN,3.0,3.8,이재윤,2,2,2,0,박서현,4,6,2,0,0
GREEN,3.0,3.4,이재윤,2,2,2,0,박서현,4,9,4,2,-2
GREEN,3.0,3.4,이재윤,2,2,2,0,박서현,4,13,2,0,0
GREEN,3.0,2.2,이재윤,2,2,2,0,박서현,4,17,3,1,-1
GREEN,11.7,12.2,이재윤,2,3,3,0,박서현,2,18,3,0,0
GREEN,11.7,12.5,이재윤,2,3,3,0,박서현,3,3,3,1,0
GREEN,11.7,11.4,이재윤,2,3,3,0,박서현,4,16,3,0,0
GREEN,11.7,12.7,이재윤,2,3,3,0,박서현,4,18,3,1,0
GREEN,0.8,0.4,이재윤,2,3,2,0,박서현,1,2,2,0,0
GREEN,0.8,1.0,이재윤,2,3,2,0,박서현,1,3,2,2,0
GREEN,0.8,0.5,이재윤,2,3,2,0,박서현,1,4,2,0,0
GREEN,0.8,0.5,이재윤,2,3,2,0,박서현,1,5,2,0,0
GREEN,0.8,0.4,이재윤,2,3,2,0,박서현,1,6,2,1,0
GREEN,0.8,0.5,이재윤,2,3,2,0,박서현,1,7,2,0,0
GREEN,0.8,0.5,이재윤,2,3,2,0,박서현,1,8,2,1,0
GREEN,0.8,0.6,이재윤,2,3,2,0,박서현,1,9,2,0,0
GREEN,0.8,0.3,이재윤,2,3,2,0,박서현,1,10,2,0,0
GREEN,0.8,0.4,이재윤,2,3,2,0,박서현,1,11,2,0,0
GREEN,0.8,1.1,이재윤,2,3,2,0,박서현,1,13,2,1,0
GREEN,0.8,0.3,이재윤,2,3,2,0,박서현,1,14,2,0,0
GREEN,0.8,0.5,이재윤,2,3,2,0,박서현,1,15,2,1,0
GREEN,0.8,0.5,이재윤,2,3,2,0,박서현,1,17,2,0,0
GREEN,0.8,0.3,이재윤,2,3,2,0,박서현,2,1,2,0,0
GREEN,0.8,0.5,이재윤,2,3,2,0,박서현,2,2,2,0,0
GREEN,0.8,0.5,이재윤,2,3,2,0,박서현,2,3,2,0,0
GREEN,0.8,0.3,이재윤,2,3,2,0,박서현,2,4,2,1,0
GREEN,0.8,1.2,이재윤,2,3,2,0,박서현,2,5,3,1,-1
GREEN,0.8,0.4,이재윤,2,3,2,0,박서현,2,5,2,1,0
GREEN,0.8,0.4,이재윤,2,3,2,0,박서현,2,7,2,0,0
GREEN,0.8,1.5,이재윤,2,3,2,0,박서현,2,9,2,0,0
GREEN,0.8,0.2,이재윤,2,3,2,0,박서현,2,10,2,0,0
GREEN,0.8,1.5,이재윤,2,3,2,0,박서현,2,11,2,1,0
GREEN,0.8,1.3,이재윤,2,3,2,0,박서현,2,12,3,2,-1
GREEN,0.8,0.9,이재윤,2,3,2,0,박서현,2,12,2,2,0
GREEN,0.8,0.4,이재윤,2,3,2,0,박서현,2,13,2,0,0
GREEN,0.8,1.0,이재윤,2,3,2,0,박서현,2,14,2,1,0
GREEN,0.8,1.3,이재윤,2,3,2,0,박서현,2,15,2,0,0
GREEN,0.8,0.2,이재윤,2,3,2,0,박서현,2,17,2,0,0
GREEN,0.8,1.3,이재윤,2,3,2,0,박서현,2,18,2,0,0
GREEN,0.8,1.3,이재윤,2,3,2,0,박서현,3,1,2,0,0
GREEN,0.8,1.4,이재윤,2,3,2,0,박서현,3,2,2,0,0
GREEN,0.8,0.4,이재윤,2,3,2,0,박서현,3,3,2,1,0
GREEN,0.8,0.5,이재윤,2,3,2,0,박서현,3,4,2,0,0
GREEN,0.8,1.2,이재윤,2,3,2,0,박서현,3,5,2,0,0
GREEN,0.8,0.3,이재윤,2,3,2,0,박서현,3,6,2,0,0
GREEN,0.8,0.5,이재윤,2,3,2,0,박서현,3,7,2,0,0
GREEN,0.8,0.3,이재윤,2,3,2,0,박서현,3,8,2,3,0
GREEN,0.8,0.2,이재윤,2,3,2,0,박서현,3,9,2,2,0
GREEN,0.8,0.9,이재윤,2,3,2,0,박서현,3,10,2,1,0
GREEN,0.8,1.0,이재윤,2,3,2,0,박서현,3,11,2,0,0
GREEN,0.8,1.2,이재윤,2,3,2,0,박서현,3,12,2,0,0
GREEN,0.8,1.3,이재윤,2,3,2,0,박서현,3,13,3,1,-1
GREEN,0.8,1.0,이재윤,2,3,2,0,박서현,3,13,2,1,0
GREEN,0.8,0.4,이재윤,2,3,2,0,박서현,3,14,2,0,0
GREEN,0.8,1.4,이재윤,2,3,2,0,박서현,3,15,2,1,0
GREEN,0.8,0.3,이재윤,2,3,2,0,박서현,3,16,2,0,0
GREEN,0.8,0.5,이재윤,2,3,2,0,박서현,3,18,2,0,0
GREEN,0.8,1.1,이재윤,2,3,2,0,박서현,4,1,2,0,0
GREEN,0.8,0.2,이재윤,2,3,2,0,박서현,4,2,2,0,0
GREEN,0.8,0.5,이재윤,2,3,2,0,박서현,4,3,2,1,0
GREEN,0.8,0.3,이재윤,2,3,2,0,박서현,4,4,2,1,0
GREEN,0.8,0.3,이재윤,2,3,2,0,박서현,4,5,2,0,0
GREEN,0.8,0.3,이재윤,2,3,2,0,박서현,4,8,2,0,0
GREEN,0.8,1.7,이재윤,2,3,2,0,박서현,4,9,3,2,-1
GREEN,0.8,0.4,이재윤,2,3,2,0,박서현,4,9,2,2,0
GREEN,0.8,1.6,이재윤,2,3,2,0,박서현,4,10,2,1,0
GREEN,0.8,0.4,이재윤,2,3,2,0,박서현,4,11,2,0,0
GREEN,0.8,0.8,이재윤,2,3,2,0,박서현,4,12,2,1,0
GREEN,0.8,1.6,이재윤,2,3,2,0,박서현,4,14,3,1,-1
GREEN,0.8,0.2,이재윤,2,3,2,0,박서현,4,14,2,1,0
GREEN,0.8,0.7,이재윤,2,3,2,0,박서현,4,15,2,0,0
GREEN,0.8,1.3,이재윤,2,3,2,0,박서현,4,16,2,0,0
GREEN,0.8,0.5,이재윤,2,3,2,0,박서현,4,17,2,1,0
GREEN,0.8,1.3,이재윤,2,3,2,0,박서현,4,18,2,1,0
ROUGH,10.2,9.4,이재윤,2,4,4,1,박서현,2,11,3,1,1
ROUGH,10.2,9.9,이재윤,2,4,4,1,박서현,3,3,4,1,0
GREEN,2.3,2.0,이재윤,2,4,3,1,박서현,1,8,3,1,0
GREEN,2.3,2.7,이재윤,2,4,3,1,박서현,1,16,2,-1,1
GREEN,2.3,2.4,이재윤,2,4,3,1,박서현,2,6,2,0,1
GREEN,2.3,3.3,이재윤,2,4,3,1,박서현,2,8,2,0,1
GREEN,2.3,1.5,이재윤,2,4,3,1,박서현,2,9,2,0,1
GREEN,2.3,1.5,이재윤,2,4,3,1,박서현,2,11,2,1,1
GREEN,2.3,1.3,이재윤,2,4,3,1,박서현,2,12,3,2,0
GREEN,2.3,1.3,이재윤,2,4,3,1,박서현,2,15,2,0,1
GREEN,2.3,1.3,이재윤,2,4,3,1,박서현,2,18,2,0,1
GREEN,2.3,1.3,이재윤,2,4,3,1,박서현,3,1,2,0,1
GREEN,2.3,1.4,이재윤,2,4,3,1,박서현,3,2,2,0,1
GREEN,2.3,1.9,이재윤,2,4,3,1,박서현,3,10,3,1,0
GREEN,2.3,1.3,이재윤,2,4,3,1,박서현,3,13,3,1,0
GREEN,2.3,2.7,이재윤,2,4,3,1,박서현,3,15,3,1,0
GREEN,2.3,1.4,이재윤,2,4,3,1,박서현,3,15,2,1,1
GREEN,2.3,1.9,이재윤,2,4,3,1,박서현,3,17,2,0,1
GREEN,2.3,2.8,이재윤,2,4,3,1,박서현,4,3,3,1,0
GREEN,2.3,1.7,이재윤,2,4,3,1,박서현,4,9,3,2,0
GREEN,2.3,1.6,이재윤,2,4,3,1,박서현,4,10,2,1,1
GREEN,2.3,1.9,이재윤,2,4,3,1,박서현,4,12,3,1,0
GREEN,2.3,1.6,이재윤,2,4,3,1,박서현,4,14,3,1,0
GREEN,2.3,1.3,이재윤,2,4,3,1,박서현,4,16,2,0,1
GREEN,2.3,2.2,이재윤,2,4,3,1,박서현,4,17,3,1,0
GREEN,2.3,1.3,이재윤,2,4,3,1,박서현,4,18,2,1,1
GREEN,0.4,0.4,이재윤,2,4,2,1,박서현,1,2,2,0,0
GREEN,0.4,1.0,이재윤,2,4,2,1,박서현,1,3,2,2,0
GREEN,0.4,0.5,이재윤,2,4,2,1,박서현,1,4,2,0,0
GREEN,0.4,0.5,이재윤,2,4,2,1,박서현,1,5,2,0,0
GREEN,0.4,0.4,이재윤,2,4,2,1,박서현,1,6,2,1,0
GREEN,0.4,0.5,이재윤,2,4,2,1,박서현,1,7,2,0,0
GREEN,0.4,0.5,이재윤,2,4,2,1,박서현,1,8,2,1,0
GREEN,0.4,0.6,이재윤,2,4,2,1,박서현,1,9,2,0,0
GREEN,0.4,0.3,이재윤,2,4,2,1,박서현,1,10,2,0,0
GREEN,0.4,0.4,이재윤,2,4,2,1,박서현,1,11,2,0,0
GREEN,0.4,1.1,이재윤,2,4,2,1,박서현,1,13,2,1,0
GREEN,0.4,0.3,이재윤,2,4,2,1,박서현,1,14,2,0,0
GREEN,0.4,0.5,이재윤,2,4,2,1,박서현,1,15,2,1,0
GREEN,0.4,0.5,이재윤,2,4,2,1,박서현,1,17,2,0,0
GREEN,0.4,0.3,이재윤,2,4,2,1,박서현,2,1,2,0,0
GREEN,0.4,0.5,이재윤,2,4,2,1,박서현,2,2,2,0,0
GREEN,0.4,0.5,이재윤,2,4,2,1,박서현,2,3,2,0,0
GREEN,0.4,0.3,이재윤,2,4,2,1,박서현,2,4,2,1,0
GREEN,0.4,1.2,이재윤,2,4,2,1,박서현,2,5,3,1,-1
GREEN,0.4,0.4,이재윤,2,4,2,1,박서현,2,5,2,1,0
GREEN,0.4,0.4,이재윤,2,4,2,1,박서현,2,7,2,0,0
GREEN,0.4,0.2,이재윤,2,4,2,1,박서현,2,10,2,0,0
GREEN,0.4,1.3,이재윤,2,4,2,1,박서현,2,12,3,2,-1
GREEN,0.4,0.9,이재윤,2,4,2,1,박서현,2,12,2,2,0
GREEN,0.4,0.4,이재윤,2,4,2,1,박서현,2,13,2,0,0
GREEN,0.4,1.0,이재윤,2,4,2,1,박서현,2,14,2,1,0
GREEN,0.4,1.3,이재윤,2,4,2,1,박서현,2,15,2,0,0
GREEN,0.4,0.2,이재윤,2,4,2,1,박서현,2,17,2,0,0
GREEN,0.4,1.3,이재윤,2,4,2,1,박서현,2,18,2,0,0
GREEN,0.4,1.3,이재윤,2,4,2,1,박서현,3,1,2,0,0
GREEN,0.4,1.4,이재윤,2,4,2,1,박서현,3,2,2,0,0
GREEN,0.4,0.4,이재윤,2,4,2,1,박서현,3,3,2,1,0
GREEN,0.4,0.5,이재윤,2,4,2,1,박서현,3,4,2,0,0
GREEN,0.4,1.2,이재윤,2,4,2,1,박서현,3,5,2,0,0
GREEN,0.4,0.3,이재윤,2,4,2,1,박서현,3,6,2,0,0
GREEN,0.4,0.5,이재윤,2,4,2,1,박서현,3,7,2,0,0
GREEN,0.4,0.3,이재윤,2,4,2,1,박서현,3,8,2,3,0
GREEN,0.4,0.2,이재윤,2,4,2,1,박서현,3,9,2,2,0
GREEN,0.4,0.9,이재윤,2,4,2,1,박서현,3,10,2,1,0
GREEN,0.4,1.0,이재윤,2,4,2,1,박서현,3,11,2,0,0
GREEN,0.4,1.2,이재윤,2,4,2,1,박서현,3,12,2,0,0
GREEN,0.4,1.3,이재윤,2,4,2,1,박서현,3,13,3,1,-1
GREEN,0.4,1.0,이재윤,2,4,2,1,박서현,3,13,2,1,0
GREEN,0.4,0.4,이재윤,2,4,2,1,박서현,3,14,2,0,0
GREEN,0.4,1.4,이재윤,2,4,2,1,박서현,3,15,2,1,0
GREEN,0.4,0.3,이재윤,2,4,2,1,박서현,3,16,2,0,0
GREEN,0.4,0.5,이재윤,2,4,2,1,박서현,3,18,2,0,0
GREEN,0.4,1.1,이재윤,2,4,2,1,박서현,4,1,2,0,0
GREEN,0.4,0.2,이재윤,2,4,2,1,박서현,4,2,2,0,0
GREEN,0.4,0.5,이재윤,2,4,2,1,박서현,4,3,2,1,0
GREEN,0.4,0.3,이재윤,2,4,2,1,박서현,4,4,2,1,0
GREEN,0.4,0.3,이재윤,2,4,2,1,박서현,4,5,2,0,0
GREEN,0.4,0.3,이재윤,2,4,2,1,박서현,4,8,2,0,0
GREEN,0.4,0.4,이재윤,2,4,2,1,박서현,4,9,2,2,0
GREEN,0.4,0.4,이재윤,2,4,2,1,박서현,4,11,2,0,0
GREEN,0.4,0.8,이재윤,2,4,2,1,박서현,4,12,2,1,0
GREEN,0.4,0.2,이재윤,2,4,2,1,박서현,4,14,2,1,0
GREEN,0.4,0.7,이재윤,2,4,2,1,박서현,4,15,2,0,0
GREEN,0.4,1.3,이재윤,2,4,2,1,박서현,4,16,2,0,0
GREEN,0.4,0.5,이재윤,2,4,2,1,박서현,4,17,2,1,0
GREEN,0.4,1.3,이재윤,2,4,2,1,박서현,4,18,2,1,0
GREEN,0.7,0.4,이재윤,2,5,2,0,박서현,1,2,2,0,0
GREEN,0.7,1.0,이재윤,2,5,2,0,박서현,1,3,2,2,0
GREEN,0.7,0.5,이재윤,2,5,2,0,박서현,1,4,2,0,0
GREEN,0.7,0.5,이재윤,2,5,2,0,박서현,1,5,2,0,0
GREEN,0.7,0.4,이재윤,2,5,2,0,박서현,1,6,2,1,0
GREEN,0.7,0.5,이재윤,2,5,2,0,박서현,1,7,2,0,0
GREEN,0.7,0.5,이재윤,2,5,2,0,박서현,1,8,2,1,0
GREEN,0.7,0.6,이재윤,2,5,2,0,박서현,1,9,2,0,0
GREEN,0.7,0.3,이재윤,2,5,2,0,박서현,1,10,2,0,0
GREEN,0.7,0.4,이재윤,2,5,2,0,박서현,1,11,2,0,0
GREEN,0.7,1.1,이재윤,2,5,2,0,박서현,1,13,2,1,0
GREEN,0.7,0.3,이재윤,2,5,2,0,박서현,1,14,2,0,0
GREEN,0.7,0.5,이재윤,2,5,2,0,박서현,1,15,2,1,0
GREEN,0.7,0.5,이재윤,2,5,2,0,박서현,1,17,2,0,0
GREEN,0.7,0.3,이재윤,2,5,2,0,박서현,2,1,2,0,0
GREEN,0.7,0.5,이재윤,2,5,2,0,박서현,2,2,2,0,0
GREEN,0.7,0.5,이재윤,2,5,2,0,박서현,2,3,2,0,0
GREEN,0.7,0.3,이재윤,2,5,2,0,박서현,2,4,2,1,0
GREEN,0.7,1.2,이재윤,2,5,2,0,박서현,2,5,3,1,-1
GREEN,0.7,0.4,이재윤,2,5,2,0,박서현,2,5,2,1,0
GREEN,0.7,0.4,이재윤,2,5,2,0,박서현,2,7,2,0,0
GREEN,0.7,1.5,이재윤,2,5,2,0,박서현,2,9,2,0,0
GREEN,0.7,0.2,이재윤,2,5,2,0,박서현,2,10,2,0,0
GREEN,0.7,1.5,이재윤,2,5,2,0,박서현,2,11,2,1,0
GREEN,0.7,1.3,이재윤,2,5,2,0,박서현,2,12,3,2,-1
GREEN,0.7,0.9,이재윤,2,5,2,0,박서현,2,12,2,2,0
GREEN,0.7,0.4,이재윤,2,5,2,0,박서현,2,13,2,0,0
GREEN,0.7,1.0,이재윤,2,5,2,0,박서현,2,14,2,1,0
GREEN,0.7,1.3,이재윤,2,5,2,0,박서현,2,15,2,0,0
GREEN,0.7,0.2,이재윤,2,5,2,0,박서현,2,17,2,0,0
GREEN,0.7,1.3,이재윤,2,5,2,0,박서현,2,18,2,0,0
GREEN,0.7,1.3,이재윤,2,5,2,0,박서현,3,1,2,0,0
GREEN,0.7,1.4,이재윤,2,5,2,0,박서현,3,2,2,0,0
GREEN,0.7,0.4,이재윤,2,5,2,0,박서현,3,3,2,1,0
GREEN,0.7,0.5,이재윤,2,5,2,0,박서현,3,4,2,0,0
GREEN,0.7,1.2,이재윤,2,5,2,0,박서현,3,5,2,0,0
GREEN,0.7,0.3,이재윤,2,5,2,0,박서현,3,6,2,0,0
GREEN,0.7,0.5,이재윤,2,5,2,0,박서현,3,7,2,0,0
GREEN,0.7,0.3,이재윤,2,5,2,0,박서현,3,8,2,3,0
GREEN,0.7,0.2,이재윤,2,5,2,0,박서현,3,9,2,2,0
GREEN,0.7,0.9,이재윤,2,5,2,0,박서현,3,10,2,1,0
GREEN,0.7,1.0,이재윤,2,5,2,0,박서현,3,11,2,0,0
GREEN,0.7,1.2,이재윤,2,5,2,0,박서현,3,12,2,0,0
GREEN,0.7,1.3,이재윤,2,5,2,0,박서현,3,13,3,1,-1
GREEN,0.7,1.0,이재윤,2,5,2,0,박서현,3,13,2,1,0
GREEN,0.7,0.4,이재윤,2,5,2,0,박서현,3,14,2,0,0
GREEN,0.7,1.4,이재윤,2,5,2,0,박서현,3,15,2,1,0
GREEN,0.7,0.3,이재윤,2,5,2,0,박서현,3,16,2,0,0
GREEN,0.7,0.5,이재윤,2,5,2,0,박서현,3,18,2,0,0
GREEN,0.7,1.1,이재윤,2,5,2,0,박서현,4,1,2,0,0
GREEN,0.7,0.2,이재윤,2,5,2,0,박서현,4,2,2,0,0
GREEN,0.7,0.5,이재윤,2,5,2,0,박서현,4,3,2,1,0
GREEN,0.7,0.3,이재윤,2,5,2,0,박서현,4,4,2,1,0
GREEN,0.7,0.3,이재윤,2,5,2,0,박서현,4,5,2,0,0
GREEN,0.7,0.3,이재윤,2,5,2,0,박서현,4,8,2,0,0
GREEN,0.7,1.7,이재윤,2,5,2,0,박서현,4,9,3,2,-1
GREEN,0.7,0.4,이재윤,2,5,2,0,박서현,4,9,2,2,0
GREEN,0.7,1.6,이재윤,2,5,2,0,박서현,4,10,2,1,0
GREEN,0.7,0.4,이재윤,2,5,2,0,박서현,4,11,2,0,0
GREEN,0.7,0.8,이재윤,2,5,2,0,박서현,4,12,2,1,0
GREEN,0.7,1.6,이재윤,2,5,2,0,박서현,4,14,3,1,-1
GREEN,0.7,0.2,이재윤,2,5,2,0,박서현,4,14,2,1,0
GREEN,0.7,0.7,이재윤,2,5,2,0,박서현,4,15,2,0,0
GREEN,0.7,1.3,이재윤,2,5,2,0,박서현,4,16,2,0,0
GREEN,0.7,0.5,이재윤,2,5,2,0,박서현,4,17,2,1,0
GREEN,0.7,1.3,이재윤,2,5,2,0,박서현,4,18,2,1,0
ROUGH,153.5,153.3,이재윤,2,6,4,0,박서현,1,12,4,0,0
ROUGH,7.9,7.4,이재윤,2,6,3,0,박서현,1,3,4,2,-1
ROUGH,7.9,8.8,이재윤,2,6,3,0,박서현,1,10,3,0,0
GREEN,1.2,0.4,이재윤,2,6,2,0,박서현,1,2,2,0,0
GREEN,1.2,1.0,이재윤,2,6,2,0,박서현,1,3,2,2,0
GREEN,1.2,0.5,이재윤,2,6,2,0,박서현,1,4,2,0,0
GREEN,1.2,0.5,이재윤,2,6,2,0,박서현,1,5,2,0,0
GREEN,1.2,0.4,이재윤,2,6,2,0,박서현,1,6,2,1,0
GREEN,1.2,0.5,이재윤,2,6,2,0,박서현,1,7,2,0,0
GREEN,1.2,2.0,이재윤,2,6,2,0,박서현,1,8,3,1,-1
GREEN,1.2,0.5,이재윤,2,6,2,0,박서현,1,8,2,1,0
GREEN,1.2,0.6,이재윤,2,6,2,0,박서현,1,9,2,0,0
GREEN,1.2,0.3,이재윤,2,6,2,0,박서현,1,10,2,0,0
GREEN,1.2,0.4,이재윤,2,6,2,0,박서현,1,11,2,0,0
GREEN,1.2,1.1,이재윤,2,6,2,0,박서현,1,13,2,1,0
GREEN,1.2,0.3,이재윤,2,6,2,0,박서현,1,14,2,0,0
GREEN,1.2,0.5,이재윤,2,6,2,0,박서현,1,15,2,1,0
GREEN,1.2,0.5,이재윤,2,6,2,0,박서현,1,17,2,0,0
GREEN,1.2,0.3,이재윤,2,6,2,0,박서현,2,1,2,0,0
GREEN,1.2,0.5,이재윤,2,6,2,0,박서현,2,2,2,0,0
GREEN,1.2,0.5,이재윤,2,6,2,0,박서현,2,3,2,0,0
GREEN,1.2,0.3,이재윤,2,6,2,0,박서현,2,4,2,1,0
GREEN,1.2,1.2,이재윤,2,6,2,0,박서현,2,5,3,1,-1
GREEN,1.2,0.4,이재윤,2,6,2,0,박서현,2,5,2,1,0
GREEN,1.2,0.4,이재윤,2,6,2,0,박서현,2,7,2,0,0
GREEN,1.2,1.5,이재윤,2,6,2,0,박서현,2,9,2,0,0
GREEN,1.2,0.2,이재윤,2,6,2,0,박서현,2,10,2,0,0
GREEN,1.2,1.5,이재윤,2,6,2,0,박서현,2,11,2,1,0
GREEN,1.2,1.3,이재윤,2,6,2,0,박서현,2,12,3,2,-1
GREEN,1.2,0.9,이재윤,2,6,2,0,박서현,2,12,2,2,0
GREEN,1.2,0.4,이재윤,2,6,2,0,박서현,2,13,2,0,0
GREEN,1.2,1.0,이재윤,2,6,2,0,박서현,2,14,2,1,0
GREEN,1.2,1.3,이재윤,2,6,2,0,박서현,2,15,2,0,0
GREEN,1.2,0.2,이재윤,2,6,2,0,박서현,2,17,2,0,0
GREEN,1.2,1.3,이재윤,2,6,2,0,박서현,2,18,2,0,0
GREEN,1.2,1.3,이재윤,2,6,2,0,박서현,3,1,2,0,0
GREEN,1.2,1.4,이재윤,2,6,2,0,박서현,3,2,2,0,0
GREEN,1.2,0.4,이재윤,2,6,2,0,박서현,3,3,2,1,0
GREEN,1.2,0.5,이재윤,2,6,2,0,박서현,3,4,2,0,0
GREEN,1.2,1.2,이재윤,2,6,2,0,박서현,3,5,2,0,0
GREEN,1.2,0.3,이재윤,2,6,2,0,박서현,3,6,2,0,0
GREEN,1.2,0.5,이재윤,2,6,2,0,박서현,3,7,2,0,0
GREEN,1.2,0.3,이재윤,2,6,2,0,박서현,3,8,2,3,0
GREEN,1.2,0.2,이재윤,2,6,2,0,박서현,3,9,2,2,0
GREEN,1.2,1.9,이재윤,2,6,2,0,박서현,3,10,3,1,-1
GREEN,1.2,0.9,이재윤,2,6,2,0,박서현,3,10,2,1,0
GREEN,1.2,1.0,이재윤,2,6,2,0,박서현,3,11,2,0,0
GREEN,1.2,1.2,이재윤,2,6,2,0,박서현,3,12,2,0,0
GREEN,1.2,1.3,이재윤,2,6,2,0,박서현,3,13,3,1,-1
GREEN,1.2,1.0,이재윤,2,6,2,0,박서현,3,13,2,1,0
GREEN,1.2,0.4,이재윤,2,6,2,0,박서현,3,14,2,0,0
GREEN,1.2,1.4,이재윤,2,6,2,0,박서현,3,15,2,1,0
GREEN,1.2,0.3,이재윤,2,6,2,0,박서현,3,16,2,0,0
GREEN,1.2,1.9,이재윤,2,6,2,0,박서현,3,17,2,0,0
GREEN,1.2,0.5,이재윤,2,6,2,0,박서현,3,18,2,0,0
GREEN,1.2,1.1,이재윤,2,6,2,0,박서현,4,1,2,0,0
GREEN,1.2,0.2,이재윤,2,6,2,0,박서현,4,2,2,0,0
GREEN,1.2,0.5,이재윤,2,6,2,0,박서현,4,3,2,1,0
GREEN,1.2,0.3,이재윤,2,6,2,0,박서현,4,4,2,1,0
GREEN,1.2,0.3,이재윤,2,6,2,0,박서현,4,5,2,0,0
GREEN,1.2,0.3,이재윤,2,6,2,0,박서현,4,8,2,0,0
GREEN,1.2,1.7,이재윤,2,6,2,0,박서현,4,9,3,2,-1
GREEN,1.2,0.4,이재윤,2,6,2,0,박서현,4,9,2,2,0
GREEN,1.2,1.6,이재윤,2,6,2,0,박서현,4,10,2,1,0
GREEN,1.2,0.4,이재윤,2,6,2,0,박서현,4,11,2,0,0
GREEN,1.2,1.9,이재윤,2,6,2,0,박서현,4,12,3,1,-1
GREEN,1.2,0.8,이재윤,2,6,2,0,박서현,4,12,2,1,0
GREEN,1.2,1.6,이재윤,2,6,2,0,박서현,4,14,3,1,-1
GREEN,1.2,0.2,이재윤,2,6,2,0,박서현,4,14,2,1,0
GREEN,1.2,0.7,이재윤,2,6,2,0,박서현,4,15,2,0,0
GREEN,1.2,1.3,이재윤,2,6,2,0,박서현,4,16,2,0,0
GREEN,1.2,0.5,이재윤,2,6,2,0,박서현,4,17,2,1,0
GREEN,1.2,1.3,이재윤,2,6,2,0,박서현,4,18,2,1,0
GREEN,7.6,7.7,이재윤,2,7,3,0,박서현,1,1,2,-1,1
GREEN,7.6,7.2,이재윤,2,7,3,0,박서현,1,5,3,0,0
GREEN,7.6,6.9,이재윤,2,7,3,0,박서현,1,6,3,1,0
GREEN,7.6,7.5,이재윤,2,7,3,0,박서현,1,13,3,1,0
GREEN,7.6,6.6,이재윤,2,7,3,0,박서현,1,15,3,1,0
GREEN,7.6,7.8,이재윤,2,7,3,0,박서현,2,1,3,0,0
GREEN,7.6,7.5,이재윤,2,7,3,0,박서현,3,6,3,0,0
GREEN,7.6,8.2,이재윤,2,7,3,0,박서현,3,12,3,0,0
GREEN,7.6,7.1,이재윤,2,7,3,0,박서현,4,1,3,0,0
GREEN,7.6,6.7,이재윤,2,7,3,0,박서현,4,5,3,0,0
GREEN,7.6,7.6,이재윤,2,7,3,0,박서현,4,8,3,0,0
GREEN,0.5,0.4,이재윤,2,7,2,0,박서현,1,2,2,0,0
GREEN,0.5,1.0,이재윤,2,7,2,0,박서현,1,3,2,2,0
GREEN,0.5,0.5,이재윤,2,7,2,0,박서현,1,4,2,0,0
GREEN,0.5,0.5,이재윤,2,7,2,0,박서현,1,5,2,0,0
GREEN,0.5,0.4,이재윤,2,7,2,0,박서현,1,6,2,1,0
GREEN,0.5,0.5,이재윤,2,7,2,0,박서현,1,7,2,0,0
GREEN,0.5,0.5,이재윤,2,7,2,0,박서현,1,8,2,1,0
GREEN,0.5,0.6,이재윤,2,7,2,0,박서현,1,9,2,0,0
GREEN,0.5,0.3,이재윤,2,7,2,0,박서현,1,10,2,0,0
GREEN,0.5,0.4,이재윤,2,7,2,0,박서현,1,11,2,0,0
GREEN,0.5,1.1,이재윤,2,7,2,0,박서현,1,13,2,1,0
GREEN,0.5,0.3,이재윤,2,7,2,0,박서현,1,14,2,0,0
GREEN,0.5,0.5,이재윤,2,7,2,0,박서현,1,15,2,1,0
GREEN,0.5,0.5,이재윤,2,7,2,0,박서현,1,17,2,0,0
GREEN,0.5,0.3,이재윤,2,7,2,0,박서현,2,1,2,0,0
GREEN,0.5,0.5,이재윤,2,7,2,0,박서현,2,2,2,0,0
GREEN,0.5,0.5,이재윤,2,7,2,0,박서현,2,3,2,0,0
GREEN,0.5,0.3,이재윤,2,7,2,0,박서현,2,4,2,1,0
GREEN,0.5,1.2,이재윤,2,7,2,0,박서현,2,5,3,1,-1
GREEN,0.5,0.4,이재윤,2,7,2,0,박서현,2,5,2,1,0
GREEN,0.5,0.4,이재윤,2,7,2,0,박서현,2,7,2,0,0
GREEN,0.5,1.5,이재윤,2,7,2,0,박서현,2,9,2,0,0
GREEN,0.5,0.2,이재윤,2,7,2,0,박서현,2,10,2,0,0
GREEN,0.5,1.5,이재윤,2,7,2,0,박서현,2,11,2,1,0
GREEN,0.5,1.3,이재윤,2,7,2,0,박서현,2,12,3,2,-1
GREEN,0.5,0.9,이재윤,2,7,2,0,박서현,2,12,2,2,0
GREEN,0.5,0.4,이재윤,2,7,2,0,박서현,2,13,2,0,0
GREEN,0.5,1.0,이재윤,2,7,2,0,박서현,2,14,2,1,0
GREEN,0.5,1.3,이재윤,2,7,2,0,박서현,2,15,2,0,0
GREEN,0.5,0.2,이재윤,2,7,2,0,박서현,2,17,2,0,0
GREEN,0.5,1.3,이재윤,2,7,2,0,박서현,2,18,2,0,0
GREEN,0.5,1.3,이재윤,2,7,2,0,박서현,3,1,2,0,0
GREEN,0.5,1.4,이재윤,2,7,2,0,박서현,3,2,2,0,0
GREEN,0.5,0.4,이재윤,2,7,2,0,박서현,3,3,2,1,0
GREEN,0.5,0.5,이재윤,2,7,2,0,박서현,3,4,2,0,0
GREEN,0.5,1.2,이재윤,2,7,2,0,박서현,3,5,2,0,0
GREEN,0.5,0.3,이재윤,2,7,2,0,박서현,3,6,2,0,0
GREEN,0.5,0.5,이재윤,2,7,2,0,박서현,3,7,2,0,0
GREEN,0.5,0.3,이재윤,2,7,2,0,박서현,3,8,2,3,0
GREEN,0.5,0.2,이재윤,2,7,2,0,박서현,3,9,2,2,0
GREEN,0.5,0.9,이재윤,2,7,2,0,박서현,3,10,2,1,0
GREEN,0.5,1.0,이재윤,2,7,2,0,박서현,3,11,2,0,0
GREEN,0.5,1.2,이재윤,2,7,2,0,박서현,3,12,2,0,0
GREEN,0.5,1.3,이재윤,2,7,2,0,박서현,3,13,3,1,-1
GREEN,0.5,1.0,이재윤,2,7,2,0,박서현,3,13,2,1,0
GREEN,0.5,0.4,이재윤,2,7,2,0,박서현,3,14,2,0,0
GREEN,0.5,1.4,이재윤,2,7,2,0,박서현,3,15,2,1,0
GREEN,0.5,0.3,이재윤,2,7,2,0,박서현,3,16,2,0,0
GREEN,0.5,0.5,이재윤,2,7,2,0,박서현,3,18,2,0,0
GREEN,0.5,1.1,이재윤,2,7,2,0,박서현,4,1,2,0,0
GREEN,0.5,0.2,이재윤,2,7,2,0,박서현,4,2,2,0,0
GREEN,0.5,0.5,이재윤,2,7,2,0,박서현,4,3,2,1,0
GREEN,0.5,0.3,이재윤,2,7,2,0,박서현,4,4,2,1,0
GREEN,0.5,0.3,이재윤,2,7,2,0,박서현,4,5,2,0,0
GREEN,0.5,0.3,이재윤,2,7,2,0,박서현,4,8,2,0,0
GREEN,0.5,0.4,이재윤,2,7,2,0,박서현,4,9,2,2,0
GREEN,0.5,0.4,이재윤,2,7,2,0,박서현,4,11,2,0,0
GREEN,0.5,0.8,이재윤,2,7,2,0,박서현,4,12,2,1,0
GREEN,0.5,0.2,이재윤,2,7,2,0,박서현,4,14,2,1,0
GREEN,0.5,0.7,이재윤,2,7,2,0,박서현,4,15,2,0,0
GREEN,0.5,1.3,이재윤,2,7,2,0,박서현,4,16,2,0,0
GREEN,0.5,0.5,이재윤,2,7,2,0,박서현,4,17,2,1,0
GREEN,0.5,1.3,이재윤,2,7,2,0,박서현,4,18,2,1,0
GREEN,10.0,10.4,이재윤,2,8,3,0,박서현,1,2,3,0,0
GREEN,10.0,9.4,이재윤,2,8,3,0,박서현,1,7,3,0,0
GREEN,10.0,9.4,이재윤,2,8,3,0,박서현,1,18,2,-1,1
GREEN,10.0,9.4,이재윤,2,8,3,0,박서현,2,7,3,0,0
GREEN,0.2,0.4,이재윤,2,8,2,0,박서현,1,2,2,0,0
GREEN,0.2,1.0,이재윤,2,8,2,0,박서현,1,3,2,2,0
GREEN,0.2,0.5,이재윤,2,8,2,0,박서현,1,4,2,0,0
GREEN,0.2,0.5,이재윤,2,8,2,0,박서현,1,5,2,0,0
GREEN,0.2,0.4,이재윤,2,8,2,0,박서현,1,6,2,1,0
GREEN,0.2,0.5,이재윤,2,8,2,0,박서현,1,7,2,0,0
GREEN,0.2,0.5,이재윤,2,8,2,0,박서현,1,8,2,1,0
GREEN,0.2,0.6,이재윤,2,8,2,0,박서현,1,9,2,0,0
GREEN,0.2,0.3,이재윤,2,8,2,0,박서현,1,10,2,0,0
GREEN,0.2,0.4,이재윤,2,8,2,0,박서현,1,11,2,0,0
GREEN,0.2,1.1,이재윤,2,8,2,0,박서현,1,13,2,1,0
GREEN,0.2,0.3,이재윤,2,8,2,0,박서현,1,14,2,0,0
GREEN,0.2,0.5,이재윤,2,8,2,0,박서현,1,15,2,1,0
GREEN,0.2,0.5,이재윤,2,8,2,0,박서현,1,17,2,0,0
GREEN,0.2,0.3,이재윤,2,8,2,0,박서현,2,1,2,0,0
GREEN,0.2,0.5,이재윤,2,8,2,0,박서현,2,2,2,0,0
GREEN,0.2,0.5,이재윤,2,8,2,0,박서현,2,3,2,0,0
GREEN,0.2,0.3,이재윤,2,8,2,0,박서현,2,4,2,1,0
GREEN,0.2,1.2,이재윤,2,8,2,0,박서현,2,5,3,1,-1
GREEN,0.2,0.4,이재윤,2,8,2,0,박서현,2,5,2,1,0
GREEN,0.2,0.4,이재윤,2,8,2,0,박서현,2,7,2,0,0
GREEN,0.2,0.2,이재윤,2,8,2,0,박서현,2,10,2,0,0
GREEN,0.2,0.9,이재윤,2,8,2,0,박서현,2,12,2,2,0
GREEN,0.2,0.4,이재윤,2,8,2,0,박서현,2,13,2,0,0
GREEN,0.2,1.0,이재윤,2,8,2,0,박서현,2,14,2,1,0
GREEN,0.2,0.2,이재윤,2,8,2,0,박서현,2,17,2,0,0
GREEN,0.2,0.4,이재윤,2,8,2,0,박서현,3,3,2,1,0
GREEN,0.2,0.5,이재윤,2,8,2,0,박서현,3,4,2,0,0
GREEN,0.2,1.2,이재윤,2,8,2,0,박서현,3,5,2,0,0
GREEN,0.2,0.3,이재윤,2,8,2,0,박서현,3,6,2,0,0
GREEN,0.2,0.5,이재윤,2,8,2,0,박서현,3,7,2,0,0
GREEN,0.2,0.3,이재윤,2,8,2,0,박서현,3,8,2,3,0
GREEN,0.2,0.2,이재윤,2,8,2,0,박서현,3,9,2,2,0
GREEN,0.2,0.9,이재윤,2,8,2,0,박서현,3,10,2,1,0
GREEN,0.2,1.0,이재윤,2,8,2,0,박서현,3,11,2,0,0
GREEN,0.2,1.2,이재윤,2,8,2,0,박서현,3,12,2,0,0
GREEN,0.2,1.0,이재윤,2,8,2,0,박서현,3,13,2,1,0
GREEN,0.2,0.4,이재윤,2,8,2,0,박서현,3,14,2,0,0
GREEN,0.2,0.3,이재윤,2,8,2,0,박서현,3,16,2,0,0
GREEN,0.2,0.5,이재윤,2,8,2,0,박서현,3,18,2,0,0
GREEN,0.2,1.1,이재윤,2,8,2,0,박서현,4,1,2,0,0
GREEN,0.2,0.2,이재윤,2,8,2,0,박서현,4,2,2,0,0
GREEN,0.2,0.5,이재윤,2,8,2,0,박서현,4,3,2,1,0
GREEN,0.2,0.3,이재윤,2,8,2,0,박서현,4,4,2,1,0
GREEN,0.2,0.3,이재윤,2,8,2,0,박서현,4,5,2,0,0
GREEN,0.2,0.3,이재윤,2,8,2,0,박서현,4,8,2,0,0
GREEN,0.2,0.4,이재윤,2,8,2,0,박서현,4,9,2,2,0
GREEN,0.2,0.4,이재윤,2,8,2,0,박서현,4,11,2,0,0
GREEN,0.2,0.8,이재윤,2,8,2,0,박서현,4,12,2,1,0
GREEN,0.2,0.2,이재윤,2,8,2,0,박서현,4,14,2,1,0
GREEN,0.2,0.7,이재윤,2,8,2,0,박서현,4,15,2,0,0
GREEN,0.2,0.5,이재윤,2,8,2,0,박서현,4,17,2,1,0
FRINGE,7.4,7.8,이재윤,2,9,3,0,박서현,2,5,4,1,-1
FRINGE,7.4,7.9,이재윤,2,9,3,0,박서현,4,14,4,1,-1
GREEN,1.5,1.0,이재윤,2,9,2,0,박서현,1,3,2,2,0
GREEN,1.5,0.5,이재윤,2,9,2,0,박서현,1,4,2,0,0
GREEN,1.5,0.5,이재윤,2,9,2,0,박서현,1,5,2,0,0
GREEN,1.5,0.5,이재윤,2,9,2,0,박서현,1,7,2,0,0
GREEN,1.5,2.0,이재윤,2,9,2,0,박서현,1,8,3,1,-1
GREEN,1.5,0.5,이재윤,2,9,2,0,박서현,1,8,2,1,0
GREEN,1.5,0.6,이재윤,2,9,2,0,박서현,1,9,2,0,0
GREEN,1.5,1.1,이재윤,2,9,2,0,박서현,1,13,2,1,0
GREEN,1.5,0.5,이재윤,2,9,2,0,박서현,1,15,2,1,0
GREEN,1.5,0.5,이재윤,2,9,2,0,박서현,1,17,2,0,0
GREEN,1.5,0.5,이재윤,2,9,2,0,박서현,2,2,2,0,0
GREEN,1.5,0.5,이재윤,2,9,2,0,박서현,2,3,2,0,0
GREEN,1.5,1.2,이재윤,2,9,2,0,박서현,2,5,3,1,-1
GREEN,1.5,2.4,이재윤,2,9,2,0,박서현,2,6,2,0,0
GREEN,1.5,1.5,이재윤,2,9,2,0,박서현,2,9,2,0,0
GREEN,1.5,1.5,이재윤,2,9,2,0,박서현,2,11,2,1,0
GREEN,1.5,1.3,이재윤,2,9,2,0,박서현,2,12,3,2,-1
GREEN,1.5,0.9,이재윤,2,9,2,0,박서현,2,12,2,2,0
GREEN,1.5,1.0,이재윤,2,9,2,0,박서현,2,14,2,1,0
GREEN,1.5,1.3,이재윤,2,9,2,0,박서현,2,15,2,0,0
GREEN,1.5,1.3,이재윤,2,9,2,0,박서현,2,18,2,0,0
GREEN,1.5,1.3,이재윤,2,9,2,0,박서현,3,1,2,0,0
GREEN,1.5,1.4,이재윤,2,9,2,0,박서현,3,2,2,0,0
GREEN,1.5,0.5,이재윤,2,9,2,0,박서현,3,4,2,0,0
GREEN,1.5,1.2,이재윤,2,9,2,0,박서현,3,5,2,0,0
GREEN,1.5,0.5,이재윤,2,9,2,0,박서현,3,7,2,0,0
GREEN,1.5,1.9,이재윤,2,9,2,0,박서현,3,10,3,1,-1
GREEN,1.5,0.9,이재윤,2,9,2,0,박서현,3,10,2,1,0
GREEN,1.5,1.0,이재윤,2,9,2,0,박서현,3,11,2,0,0
GREEN,1.5,1.2,이재윤,2,9,2,0,박서현,3,12,2,0,0
GREEN,1.5,1.3,이재윤,2,9,2,0,박서현,3,13,3,1,-1
GREEN,1.5,1.0,이재윤,2,9,2,0,박서현,3,13,2,1,0
GREEN,1.5,1.4,이재윤,2,9,2,0,박서현,3,15,2,1,0
GREEN,1.5,1.9,이재윤,2,9,2,0,박서현,3,17,2,0,0
GREEN,1.5,0.5,이재윤,2,9,2,0,박서현,3,18,2,0,0
GREEN,1.5,1.1,이재윤,2,9,2,0,박서현,4,1,2,0,0
GREEN,1.5,0.5,이재윤,2,9,2,0,박서현,4,3,2,1,0
GREEN,1.5,1.7,이재윤,2,9,2,0,박서현,4,9,3,2,-1
GREEN,1.5,1.6,이재윤,2,9,2,0,박서현,4,10,2,1,0
GREEN,1.5,1.9,이재윤,2,9,2,0,박서현,4,12,3,1,-1
GREEN,1.5,0.8,이재윤,2,9,2,0,박서현,4,12,2,1,0
GREEN,1.5,1.6,이재윤,2,9,2,0,박서현,4,14,3,1,-1
GREEN,1.5,0.7,이재윤,2,9,2,0,박서현,4,15,2,0,0
GREEN,1.5,1.3,이재윤,2,9,2,0,박서현,4,16,2,0,0
GREEN,1.5,2.2,이재윤,2,9,2,0,박서현,4,17,3,1,-1
GREEN,1.5,0.5,이재윤,2,9,2,0,박서현,4,17,2,1,0
GREEN,1.5,1.3,이재윤,2,9,2,0,박서현,4,18,2,1,0
FAIRWAY,139.3,138.9,이재윤,2,10,4,0,박서현,1,10,4,0,0
FAIRWAY,139.3,139.6,이재윤,2,10,4,0,박서현,1,17,4,0,0
FAIRWAY,139.3,139.6,이재윤,2,10,4,0,박서현,4,17,5,1,-1
ROUGH,8.9,8.8,이재윤,2,10,3,0,박서현,1,10,3,0,0
ROUGH,8.9,9.4,이재윤,2,10,3,0,박서현,2,11,3,1,0
ROUGH,8.9,9.9,이재윤,2,10,3,0,박서현,3,3,4,1,-1
GREEN,1.2,0.4,이재윤,2,10,2,0,박서현,1,2,2,0,0
GREEN,1.2,1.0,이재윤,2,10,2,0,박서현,1,3,2,2,0
GREEN,1.2,0.5,이재윤,2,10,2,0,박서현,1,4,2,0,0
GREEN,1.2,0.5,이재윤,2,10,2,0,박서현,1,5,2,0,0
GREEN,1.2,0.4,이재윤,2,10,2,0,박서현,1,6,2,1,0
GREEN,1.2,0.5,이재윤,2,10,2,0,박서현,1,7,2,0,0
GREEN,1.2,2.0,이재윤,2,10,2,0,박서현,1,8,3,1,-1
GREEN,1.2,0.5,이재윤,2,10,2,0,박서현,1,8,2,1,0
GREEN,1.2,0.6,이재윤,2,10,2,0,박서현,1,9,2,0,0
GREEN,1.2,0.3,이재윤,2,10,2,0,박서현,1,10,2,0,0
GREEN,1.2,0.4,이재윤,2,10,2,0,박서현,1,11,2,0,0
GREEN,1.2,1.1,이재윤,2,10,2,0,박서현,1,13,2,1,0
GREEN,1.2,0.3,이재윤,2,10,2,0,박서현,1,14,2,0,0
GREEN,1.2,0.5,이재윤,2,10,2,0,박서현,1,15,2,1,0
GREEN,1.2,0.5,이재윤,2,10,2,0,박서현,1,17,2,0,0
GREEN,1.2,0.3,이재윤,2,10,2,0,박서현,2,1,2,0,0
GREEN,1.2,0.5,이재윤,2,10,2,0,박서현,2,2,2,0,0
GREEN,1.2,0.5,이재윤,2,10,2,0,박서현,2,3,2,0,0
GREEN,1.2,0.3,이재윤,2,10,2,0,박서현,2,4,2,1,0
GREEN,1.2,1.2,이재윤,2,10,2,0,박서현,2,5,3,1,-1
GREEN,1.2,0.4,이재윤,2,10,2,0,박서현,2,5,2,1,0
GREEN,1.2,0.4,이재윤,2,10,2,0,박서현,2,7,2,0,0
GREEN,1.2,1.5,이재윤,2,10,2,0,박서현,2,9,2,0,0
GREEN,1.2,0.2,이재윤,2,10,2,0,박서현,2,10,2,0,0
GREEN,1.2,1.5,이재윤,2,10,2,0,박서현,2,11,2,1,0
GREEN,1.2,1.3,이재윤,2,10,2,0,박서현,2,12,3,2,-1
GREEN,1.2,0.9,이재윤,2,10,2,0,박서현,2,12,2,2,0
GREEN,1.2,0.4,이재윤,2,10,2,0,박서현,2,13,2,0,0
GREEN,1.2,1.0,이재윤,2,10,2,0,박서현,2,14,2,1,0
GREEN,1.2,1.3,이재윤,2,10,2,0,박서현,2,15,2,0,0
GREEN,1.2,0.2,이재윤,2,10,2,0,박서현,2,17,2,0,0
GREEN,1.2,1.3,이재윤,2,10,2,0,박서현,2,18,2,0,0
GREEN,1.2,1.3,이재윤,2,10,2,0,박서현,3,1,2,0,0
GREEN,1.2,1.4,이재윤,2,10,2,0,박서현,3,2,2,0,0
GREEN,1.2,0.4,이재윤,2,10,2,0,박서현,3,3,2,1,0
GREEN,1.2,0.5,이재윤,2,10,2,0,박서현,3,4,2,0,0
GREEN,1.2,1.2,이재윤,2,10,2,0,박서현,3,5,2,0,0
GREEN,1.2,0.3,이재윤,2,10,2,0,박서현,3,6,2,0,0
GREEN,1.2,0.5,이재윤,2,10,2,0,박서현,3,7,2,0,0
GREEN,1.2,0.3,이재윤,2,10,2,0,박서현,3,8,2,3,0
GREEN,1.2,0.2,이재윤,2,10,2,0,박서현,3,9,2,2,0
GREEN,1.2,1.9,이재윤,2,10,2,0,박서현,3,10,3,1,-1
GREEN,1.2,0.9,이재윤,2,10,2,0,박서현,3,10,2,1,0
GREEN,1.2,1.0,이재윤,2,10,2,0,박서현,3,11,2,0,0
GREEN,1.2,1.2,이재윤,2,10,2,0,박서현,3,12,2,0,0
GREEN,1.2,1.3,이재윤,2,10,2,0,박서현,3,13,3,1,-1
GREEN,1.2,1.0,이재윤,2,10,2,0,박서현,3,13,2,1,0
GREEN,1.2,0.4,이재윤,2,10,2,0,박서현,3,14,2,0,0
GREEN,1.2,1.4,이재윤,2,10,2,0,박서현,3,15,2,1,0
GREEN,1.2,0.3,이재윤,2,10,2,0,박서현,3,16,2,0,0
GREEN,1.2,1.9,이재윤,2,10,2,0,박서현,3,17,2,0,0
GREEN,1.2,0.5,이재윤,2,10,2,0,박서현,3,18,2,0,0
GREEN,1.2,1.1,이재윤,2,10,2,0,박서현,4,1,2,0,0
GREEN,1.2,0.2,이재윤,2,10,2,0,박서현,4,2,2,0,0
GREEN,1.2,0.5,이재윤,2,10,2,0,박서현,4,3,2,1,0
GREEN,1.2,0.3,이재윤,2,10,2,0,박서현,4,4,2,1,0
GREEN,1.2,0.3,이재윤,2,10,2,0,박서현,4,5,2,0,0
GREEN,1.2,0.3,이재윤,2,10,2,0,박서현,4,8,2,0,0
GREEN,1.2,1.7,이재윤,2,10,2,0,박서현,4,9,3,2,-1
GREEN,1.2,0.4,이재윤,2,10,2,0,박서현,4,9,2,2,0
GREEN,1.2,1.6,이재윤,2,10,2,0,박서현,4,10,2,1,0
GREEN,1.2,0.4,이재윤,2,10,2,0,박서현,4,11,2,0,0
GREEN,1.2,1.9,이재윤,2,10,2,0,박서현,4,12,3,1,-1
GREEN,1.2,0.8,이재윤,2,10,2,0,박서현,4,12,2,1,0
GREEN,1.2,1.6,이재윤,2,10,2,0,박서현,4,14,3,1,-1
GREEN,1.2,0.2,이재윤,2,10,2,0,박서현,4,14,2,1,0
GREEN,1.2,0.7,이재윤,2,10,2,0,박서현,4,15,2,0,0
GREEN,1.2,1.3,이재윤,2,10,2,0,박서현,4,16,2,0,0
GREEN,1.2,0.5,이재윤,2,10,2,0,박서현,4,17,2,1,0
GREEN,1.2,1.3,이재윤,2,10,2,0,박서현,4,18,2,1,0
ROUGH,8.0,7.4,이재윤,2,11,4,1,박서현,1,3,4,2,0
ROUGH,8.0,8.8,이재윤,2,11,4,1,박서현,1,10,3,0,1
FRINGE,10.8,11.1,이재윤,2,11,3,1,박서현,3,2,3,0,0
FRINGE,10.8,10.3,이재윤,2,11,3,1,박서현,3,7,3,0,0
GREEN,1.5,1.0,이재윤,2,11,2,1,박서현,1,3,2,2,0
GREEN,1.5,0.5,이재윤,2,11,2,1,박서현,1,4,2,0,0
GREEN,1.5,0.5,이재윤,2,11,2,1,박서현,1,5,2,0,0
GREEN,1.5,0.5,이재윤,2,11,2,1,박서현,1,7,2,0,0
GREEN,1.5,2.0,이재윤,2,11,2,1,박서현,1,8,3,1,-1
GREEN,1.5,0.5,이재윤,2,11,2,1,박서현,1,8,2,1,0
GREEN,1.5,0.6,이재윤,2,11,2,1,박서현,1,9,2,0,0
GREEN,1.5,1.1,이재윤,2,11,2,1,박서현,1,13,2,1,0
GREEN,1.5,0.5,이재윤,2,11,2,1,박서현,1,15,2,1,0
GREEN,1.5,0.5,이재윤,2,11,2,1,박서현,1,17,2,0,0
GREEN,1.5,0.5,이재윤,2,11,2,1,박서현,2,2,2,0,0
GREEN,1.5,0.5,이재윤,2,11,2,1,박서현,2,3,2,0,0
GREEN,1.5,1.2,이재윤,2,11,2,1,박서현,2,5,3,1,-1
GREEN,1.5,2.4,이재윤,2,11,2,1,박서현,2,6,2,0,0
GREEN,1.5,1.5,이재윤,2,11,2,1,박서현,2,9,2,0,0
GREEN,1.5,1.5,이재윤,2,11,2,1,박서현,2,11,2,1,0
GREEN,1.5,1.3,이재윤,2,11,2,1,박서현,2,12,3,2,-1
GREEN,1.5,0.9,이재윤,2,11,2,1,박서현,2,12,2,2,0
GREEN,1.5,1.0,이재윤,2,11,2,1,박서현,2,14,2,1,0
GREEN,1.5,1.3,이재윤,2,11,2,1,박서현,2,15,2,0,0
GREEN,1.5,1.3,이재윤,2,11,2,1,박서현,2,18,2,0,0
GREEN,1.5,1.3,이재윤,2,11,2,1,박서현,3,1,2,0,0
GREEN,1.5,1.4,이재윤,2,11,2,1,박서현,3,2,2,0,0
GREEN,1.5,0.5,이재윤,2,11,2,1,박서현,3,4,2,0,0
GREEN,1.5,1.2,이재윤,2,11,2,1,박서현,3,5,2,0,0
GREEN,1.5,0.5,이재윤,2,11,2,1,박서현,3,7,2,0,0
GREEN,1.5,1.9,이재윤,2,11,2,1,박서현,3,10,3,1,-1
GREEN,1.5,0.9,이재윤,2,11,2,1,박서현,3,10,2,1,0
GREEN,1.5,1.0,이재윤,2,11,2,1,박서현,3,11,2,0,0
GREEN,1.5,1.2,이재윤,2,11,2,1,박서현,3,12,2,0,0
GREEN,1.5,1.3,이재윤,2,11,2,1,박서현,3,13,3,1,-1
GREEN,1.5,1.0,이재윤,2,11,2,1,박서현,3,13,2,1,0
GREEN,1.5,1.4,이재윤,2,11,2,1,박서현,3,15,2,1,0
GREEN,1.5,1.9,이재윤,2,11,2,1,박서현,3,17,2,0,0
GREEN,1.5,0.5,이재윤,2,11,2,1,박서현,3,18,2,0,0
GREEN,1.5,1.1,이재윤,2,11,2,1,박서현,4,1,2,0,0
GREEN,1.5,0.5,이재윤,2,11,2,1,박서현,4,3,2,1,0
GREEN,1.5,1.7,이재윤,2,11,2,1,박서현,4,9,3,2,-1
GREEN,1.5,1.6,이재윤,2,11,2,1,박서현,4,10,2,1,0
GREEN,1.5,1.9,이재윤,2,11,2,1,박서현,4,12,3,1,-1
GREEN,1.5,0.8,이재윤,2,11,2,1,박서현,4,12,2,1,0
GREEN,1.5,1.6,이재윤,2,11,2,1,박서현,4,14,3,1,-1
GREEN,1.5,0.7,이재윤,2,11,2,1,박서현,4,15,2,0,0
GREEN,1.5,1.3,이재윤,2,11,2,1,박서현,4,16,2,0,0
GREEN,1.5,2.2,이재윤,2,11,2,1,박서현,4,17,3,1,-1
GREEN,1.5,0.5,이재윤,2,11,2,1,박서현,4,17,2,1,0
GREEN,1.5,1.3,이재윤,2,11,2,1,박서현,4,18,2,1,0
FAIRWAY,140.4,139.6,이재윤,2,12,4,0,박서현,1,17,4,0,0
FAIRWAY,140.4,139.6,이재윤,2,12,4,0,박서현,4,17,5,1,-1
GREEN,9.6,10.4,이재윤,2,12,3,0,박서현,1,2,3,0,0
GREEN,9.6,9.4,이재윤,2,12,3,0,박서현,1,7,3,0,0
GREEN,9.6,9.4,이재윤,2,12,3,0,박서현,1,18,2,-1,1
GREEN,9.6,9.4,이재윤,2,12,3,0,박서현,2,7,3,0,0
GREEN,0.5,0.4,이재윤,2,12,2,0,박서현,1,2,2,0,0
GREEN,0.5,1.0,이재윤,2,12,2,0,박서현,1,3,2,2,0
GREEN,0.5,0.5,이재윤,2,12,2,0,박서현,1,4,2,0,0
GREEN,0.5,0.5,이재윤,2,12,2,0,박서현,1,5,2,0,0
GREEN,0.5,0.4,이재윤,2,12,2,0,박서현,1,6,2,1,0
GREEN,0.5,0.5,이재윤,2,12,2,0,박서현,1,7,2,0,0
GREEN,0.5,0.5,이재윤,2,12,2,0,박서현,1,8,2,1,0
GREEN,0.5,0.6,이재윤,2,12,2,0,박서현,1,9,2,0,0
GREEN,0.5,0.3,이재윤,2,12,2,0,박서현,1,10,2,0,0
GREEN,0.5,0.4,이재윤,2,12,2,0,박서현,1,11,2,0,0
GREEN,0.5,1.1,이재윤,2,12,2,0,박서현,1,13,2,1,0
GREEN,0.5,0.3,이재윤,2,12,2,0,박서현,1,14,2,0,0
GREEN,0.5,0.5,이재윤,2,12,2,0,박서현,1,15,2,1,0
GREEN,0.5,0.5,이재윤,2,12,2,0,박서현,1,17,2,0,0
GREEN,0.5,0.3,이재윤,2,12,2,0,박서현,2,1,2,0,0
GREEN,0.5,0.5,이재윤,2,12,2,0,박서현,2,2,2,0,0
GREEN,0.5,0.5,이재윤,2,12,2,0,박서현,2,3,2,0,0
GREEN,0.5,0.3,이재윤,2,12,2,0,박서현,2,4,2,1,0
GREEN,0.5,1.2,이재윤,2,12,2,0,박서현,2,5,3,1,-1
GREEN,0.5,0.4,이재윤,2,12,2,0,박서현,2,5,2,1,0
GREEN,0.5,0.4,이재윤,2,12,2,0,박서현,2,7,2,0,0
GREEN,0.5,1.5,이재윤,2,12,2,0,박서현,2,9,2,0,0
GREEN,0.5,0.2,이재윤,2,12,2,0,박서현,2,10,2,0,0
GREEN,0.5,1.5,이재윤,2,12,2,0,박서현,2,11,2,1,0
GREEN,0.5,1.3,이재윤,2,12,2,0,박서현,2,12,3,2,-1
GREEN,0.5,0.9,이재윤,2,12,2,0,박서현,2,12,2,2,0
GREEN,0.5,0.4,이재윤,2,12,2,0,박서현,2,13,2,0,0
GREEN,0.5,1.0,이재윤,2,12,2,0,박서현,2,14,2,1,0
GREEN,0.5,1.3,이재윤,2,12,2,0,박서현,2,15,2,0,0
GREEN,0.5,0.2,이재윤,2,12,2,0,박서현,2,17,2,0,0
GREEN,0.5,1.3,이재윤,2,12,2,0,박서현,2,18,2,0,0
GREEN,0.5,1.3,이재윤,2,12,2,0,박서현,3,1,2,0,0
GREEN,0.5,1.4,이재윤,2,12,2,0,박서현,3,2,2,0,0
GREEN,0.5,0.4,이재윤,2,12,2,0,박서현,3,3,2,1,0
GREEN,0.5,0.5,이재윤,2,12,2,0,박서현,3,4,2,0,0
GREEN,0.5,1.2,이재윤,2,12,2,0,박서현,3,5,2,0,0
GREEN,0.5,0.3,이재윤,2,12,2,0,박서현,3,6,2,0,0
GREEN,0.5,0.5,이재윤,2,12,2,0,박서현,3,7,2,0,0
GREEN,0.5,0.3,이재윤,2,12,2,0,박서현,3,8,2,3,0
GREEN,0.5,0.2,이재윤,2,12,2,0,박서현,3,9,2,2,0
GREEN,0.5,0.9,이재윤,2,12,2,0,박서현,3,10,2,1,0
GREEN,0.5,1.0,이재윤,2,12,2,0,박서현,3,11,2,0,0
GREEN,0.5,1.2,이재윤,2,12,2,0,박서현,3,12,2,0,0
GREEN,0.5,1.3,이재윤,2,12,2,0,박서현,3,13,3,1,-1
GREEN,0.5,1.0,이재윤,2,12,2,0,박서현,3,13,2,1,0
GREEN,0.5,0.4,이재윤,2,12,2,0,박서현,3,14,2,0,0
GREEN,0.5,1.4,이재윤,2,12,2,0,박서현,3,15,2,1,0
GREEN,0.5,0.3,이재윤,2,12,2,0,박서현,3,16,2,0,0
GREEN,0.5,0.5,이재윤,2,12,2,0,박서현,3,18,2,0,0
GREEN,0.5,1.1,이재윤,2,12,2,0,박서현,4,1,2,0,0
GREEN,0.5,0.2,이재윤,2,12,2,0,박서현,4,2,2,0,0
GREEN,0.5,0.5,이재윤,2,12,2,0,박서현,4,3,2,1,0
GREEN,0.5,0.3,이재윤,2,12,2,0,박서현,4,4,2,1,0
GREEN,0.5,0.3,이재윤,2,12,2,0,박서현,4,5,2,0,0
GREEN,0.5,0.3,이재윤,2,12,2,0,박서현,4,8,2,0,0
GREEN,0.5,0.4,이재윤,2,12,2,0,박서현,4,9,2,2,0
GREEN,0.5,0.4,이재윤,2,12,2,0,박서현,4,11,2,0,0
GREEN,0.5,0.8,이재윤,2,12,2,0,박서현,4,12,2,1,0
GREEN,0.5,0.2,이재윤,2,12,2,0,박서현,4,14,2,1,0
GREEN,0.5,0.7,이재윤,2,12,2,0,박서현,4,15,2,0,0
GREEN,0.5,1.3,이재윤,2,12,2,0,박서현,4,16,2,0,0
GREEN,0.5,0.5,이재윤,2,12,2,0,박서현,4,17,2,1,0
GREEN,0.5,1.3,이재윤,2,12,2,0,박서현,4,18,2,1,0
GREEN,1.6,1.0,이재윤,2,13,2,-1,박서현,1,3,2,2,0
GREEN,1.6,2.0,이재윤,2,13,2,-1,박서현,1,8,3,1,-1
GREEN,1.6,0.6,이재윤,2,13,2,-1,박서현,1,9,2,0,0
GREEN,1.6,1.1,이재윤,2,13,2,-1,박서현,1,13,2,1,0
GREEN,1.6,1.2,이재윤,2,13,2,-1,박서현,2,5,3,1,-1
GREEN,1.6,2.4,이재윤,2,13,2,-1,박서현,2,6,2,0,0
GREEN,1.6,1.5,이재윤,2,13,2,-1,박서현,2,9,2,0,0
GREEN,1.6,1.5,이재윤,2,13,2,-1,박서현,2,11,2,1,0
GREEN,1.6,1.3,이재윤,2,13,2,-1,박서현,2,12,3,2,-1
GREEN,1.6,0.9,이재윤,2,13,2,-1,박서현,2,12,2,2,0
GREEN,1.6,1.0,이재윤,2,13,2,-1,박서현,2,14,2,1,0
GREEN,1.6,1.3,이재윤,2,13,2,-1,박서현,2,15,2,0,0
GREEN,1.6,1.3,이재윤,2,13,2,-1,박서현,2,18,2,0,0
GREEN,1.6,1.3,이재윤,2,13,2,-1,박서현,3,1,2,0,0
GREEN,1.6,1.4,이재윤,2,13,2,-1,박서현,3,2,2,0,0
GREEN,1.6,1.2,이재윤,2,13,2,-1,박서현,3,5,2,0,0
GREEN,1.6,1.9,이재윤,2,13,2,-1,박서현,3,10,3,1,-1
GREEN,1.6,0.9,이재윤,2,13,2,-1,박서현,3,10,2,1,0
GREEN,1.6,1.0,이재윤,2,13,2,-1,박서현,3,11,2,0,0
GREEN,1.6,1.2,이재윤,2,13,2,-1,박서현,3,12,2,0,0
GREEN,1.6,1.3,이재윤,2,13,2,-1,박서현,3,13,3,1,-1
GREEN,1.6,1.0,이재윤,2,13,2,-1,박서현,3,13,2,1,0
GREEN,1.6,1.4,이재윤,2,13,2,-1,박서현,3,15,2,1,0
GREEN,1.6,1.9,이재윤,2,13,2,-1,박서현,3,17,2,0,0
GREEN,1.6,1.1,이재윤,2,13,2,-1,박서현,4,1,2,0,0
GREEN,1.6,1.7,이재윤,2,13,2,-1,박서현,4,9,3,2,-1
GREEN,1.6,1.6,이재윤,2,13,2,-1,박서현,4,10,2,1,0
GREEN,1.6,1.9,이재윤,2,13,2,-1,박서현,4,12,3,1,-1
GREEN,1.6,0.8,이재윤,2,13,2,-1,박서현,4,12,2,1,0
GREEN,1.6,1.6,이재윤,2,13,2,-1,박서현,4,14,3,1,-1
GREEN,1.6,0.7,이재윤,2,13,2,-1,박서현,4,15,2,0,0
GREEN,1.6,1.3,이재윤,2,13,2,-1,박서현,4,16,2,0,0
GREEN,1.6,2.2,이재윤,2,13,2,-1,박서현,4,17,3,1,-1
GREEN,1.6,1.3,이재윤,2,13,2,-1,박서현,4,18,2,1,0
GREEN,24.7,25.5,이재윤,2,14,4,1,박서현,2,16,3,0,1
GREEN,24.7,25.0,이재윤,2,14,4,1,박서현,3,15,4,1,0
GREEN,1.5,1.0,이재윤,2,14,3,1,박서현,1,3,2,2,1
GREEN,1.5,0.5,이재윤,2,14,3,1,박서현,1,4,2,0,1
GREEN,1.5,0.5,이재윤,2,14,3,1,박서현,1,5,2,0,1
GREEN,1.5,0.5,이재윤,2,14,3,1,박서현,1,7,2,0,1
GREEN,1.5,2.0,이재윤,2,14,3,1,박서현,1,8,3,1,0
GREEN,1.5,0.5,이재윤,2,14,3,1,박서현,1,8,2,1,1
GREEN,1.5,0.6,이재윤,2,14,3,1,박서현,1,9,2,0,1
GREEN,1.5,1.1,이재윤,2,14,3,1,박서현,1,13,2,1,1
GREEN,1.5,0.5,이재윤,2,14,3,1,박서현,1,15,2,1,1
GREEN,1.5,0.5,이재윤,2,14,3,1,박서현,1,17,2,0,1
GREEN,1.5,0.5,이재윤,2,14,3,1,박서현,2,2,2,0,1
GREEN,1.5,0.5,이재윤,2,14,3,1,박서현,2,3,2,0,1
GREEN,1.5,1.2,이재윤,2,14,3,1,박서현,2,5,3,1,0
GREEN,1.5,2.4,이재윤,2,14,3,1,박서현,2,6,2,0,1
GREEN,1.5,1.5,이재윤,2,14,3,1,박서현,2,9,2,0,1
GREEN,1.5,1.5,이재윤,2,14,3,1,박서현,2,11,2,1,1
GREEN,1.5,1.3,이재윤,2,14,3,1,박서현,2,12,3,2,0
GREEN,1.5,0.9,이재윤,2,14,3,1,박서현,2,12,2,2,1
GREEN,1.5,1.0,이재윤,2,14,3,1,박서현,2,14,2,1,1
GREEN,1.5,1.3,이재윤,2,14,3,1,박서현,2,15,2,0,1
GREEN,1.5,1.3,이재윤,2,14,3,1,박서현,2,18,2,0,1
GREEN,1.5,1.3,이재윤,2,14,3,1,박서현,3,1,2,0,1
GREEN,1.5,1.4,이재윤,2,14,3,1,박서현,3,2,2,0,1
GREEN,1.5,0.5,이재윤,2,14,3,1,박서현,3,4,2,0,1
GREEN,1.5,1.2,이재윤,2,14,3,1,박서현,3,5,2,0,1
GREEN,1.5,0.5,이재윤,2,14,3,1,박서현,3,7,2,0,1
GREEN,1.5,1.9,이재윤,2,14,3,1,박서현,3,10,3,1,0
GREEN,1.5,0.9,이재윤,2,14,3,1,박서현,3,10,2,1,1
GREEN,1.5,1.0,이재윤,2,14,3,1,박서현,3,11,2,0,1
GREEN,1.5,1.2,이재윤,2,14,3,1,박서현,3,12,2,0,1
GREEN,1.5,1.3,이재윤,2,14,3,1,박서현,3,13,3,1,0
GREEN,1.5,1.0,이재윤,2,14,3,1,박서현,3,13,2,1,1
GREEN,1.5,1.4,이재윤,2,14,3,1,박서현,3,15,2,1,1
GREEN,1.5,1.9,이재윤,2,14,3,1,박서현,3,17,2,0,1
GREEN,1.5,0.5,이재윤,2,14,3,1,박서현,3,18,2,0,1
GREEN,1.5,1.1,이재윤,2,14,3,1,박서현,4,1,2,0,1
GREEN,1.5,0.5,이재윤,2,14,3,1,박서현,4,3,2,1,1
GREEN,1.5,1.7,이재윤,2,14,3,1,박서현,4,9,3,2,0
GREEN,1.5,1.6,이재윤,2,14,3,1,박서현,4,10,2,1,1
GREEN,1.5,1.9,이재윤,2,14,3,1,박서현,4,12,3,1,0
GREEN,1.5,0.8,이재윤,2,14,3,1,박서현,4,12,2,1,1
GREEN,1.5,1.6,이재윤,2,14,3,1,박서현,4,14,3,1,0
GREEN,1.5,0.7,이재윤,2,14,3,1,박서현,4,15,2,0,1
GREEN,1.5,1.3,이재윤,2,14,3,1,박서현,4,16,2,0,1
GREEN,1.5,2.2,이재윤,2,14,3,1,박서현,4,17,3,1,0
GREEN,1.5,0.5,이재윤,2,14,3,1,박서현,4,17,2,1,1
GREEN,1.5,1.3,이재윤,2,14,3,1,박서현,4,18,2,1,1
GREEN,0.4,0.4,이재윤,2,14,2,1,박서현,1,2,2,0,0
GREEN,0.4,1.0,이재윤,2,14,2,1,박서현,1,3,2,2,0
GREEN,0.4,0.5,이재윤,2,14,2,1,박서현,1,4,2,0,0
GREEN,0.4,0.5,이재윤,2,14,2,1,박서현,1,5,2,0,0
GREEN,0.4,0.4,이재윤,2,14,2,1,박서현,1,6,2,1,0
GREEN,0.4,0.5,이재윤,2,14,2,1,박서현,1,7,2,0,0
GREEN,0.4,0.5,이재윤,2,14,2,1,박서현,1,8,2,1,0
GREEN,0.4,0.6,이재윤,2,14,2,1,박서현,1,9,2,0,0
GREEN,0.4,0.3,이재윤,2,14,2,1,박서현,1,10,2,0,0
GREEN,0.4,0.4,이재윤,2,14,2,1,박서현,1,11,2,0,0
GREEN,0.4,1.1,이재윤,2,14,2,1,박서현,1,13,2,1,0
GREEN,0.4,0.3,이재윤,2,14,2,1,박서현,1,14,2,0,0
GREEN,0.4,0.5,이재윤,2,14,2,1,박서현,1,15,2,1,0
GREEN,0.4,0.5,이재윤,2,14,2,1,박서현,1,17,2,0,0
GREEN,0.4,0.3,이재윤,2,14,2,1,박서현,2,1,2,0,0
GREEN,0.4,0.5,이재윤,2,14,2,1,박서현,2,2,2,0,0
GREEN,0.4,0.5,이재윤,2,14,2,1,박서현,2,3,2,0,0
GREEN,0.4,0.3,이재윤,2,14,2,1,박서현,2,4,2,1,0
GREEN,0.4,1.2,이재윤,2,14,2,1,박서현,2,5,3,1,-1
GREEN,0.4,0.4,이재윤,2,14,2,1,박서현,2,5,2,1,0
GREEN,0.4,0.4,이재윤,2,14,2,1,박서현,2,7,2,0,0
GREEN,0.4,0.2,이재윤,2,14,2,1,박서현,2,10,2,0,0
GREEN,0.4,1.3,이재윤,2,14,2,1,박서현,2,12,3,2,-1
GREEN,0.4,0.9,이재윤,2,14,2,1,박서현,2,12,2,2,0
GREEN,0.4,0.4,이재윤,2,14,2,1,박서현,2,13,2,0,0
GREEN,0.4,1.0,이재윤,2,14,2,1,박서현,2,14,2,1,0
GREEN,0.4,1.3,이재윤,2,14,2,1,박서현,2,15,2,0,0
GREEN,0.4,0.2,이재윤,2,14,2,1,박서현,2,17,2,0,0
GREEN,0.4,1.3,이재윤,2,14,2,1,박서현,2,18,2,0,0
GREEN,0.4,1.3,이재윤,2,14,2,1,박서현,3,1,2,0,0
GREEN,0.4,1.4,이재윤,2,14,2,1,박서현,3,2,2,0,0
GREEN,0.4,0.4,이재윤,2,14,2,1,박서현,3,3,2,1,0
GREEN,0.4,0.5,이재윤,2,14,2,1,박서현,3,4,2,0,0
GREEN,0.4,1.2,이재윤,2,14,2,1,박서현,3,5,2,0,0
GREEN,0.4,0.3,이재윤,2,14,2,1,박서현,3,6,2,0,0
GREEN,0.4,0.5,이재윤,2,14,2,1,박서현,3,7,2,0,0
GREEN,0.4,0.3,이재윤,2,14,2,1,박서현,3,8,2,3,0
GREEN,0.4,0.2,이재윤,2,14,2,1,박서현,3,9,2,2,0
GREEN,0.4,0.9,이재윤,2,14,2,1,박서현,3,10,2,1,0
GREEN,0.4,1.0,이재윤,2,14,2,1,박서현,3,11,2,0,0
GREEN,0.4,1.2,이재윤,2,14,2,1,박서현,3,12,2,0,0
GREEN,0.4,1.3,이재윤,2,14,2,1,박서현,3,13,3,1,-1
GREEN,0.4,1.0,이재윤,2,14,2,1,박서현,3,13,2,1,0
GREEN,0.4,0.4,이재윤,2,14,2,1,박서현,3,14,2,0,0
GREEN,0.4,1.4,이재윤,2,14,2,1,박서현,3,15,2,1,0
GREEN,0.4,0.3,이재윤,2,14,2,1,박서현,3,16,2,0,0
GREEN,0.4,0.5,이재윤,2,14,2,1,박서현,3,18,2,0,0
GREEN,0.4,1.1,이재윤,2,14,2,1,박서현,4,1,2,0,0
GREEN,0.4,0.2,이재윤,2,14,2,1,박서현,4,2,2,0,0
GREEN,0.4,0.5,이재윤,2,14,2,1,박서현,4,3,2,1,0
GREEN,0.4,0.3,이재윤,2,14,2,1,박서현,4,4,2,1,0
GREEN,0.4,0.3,이재윤,2,14,2,1,박서현,4,5,2,0,0
GREEN,0.4,0.3,이재윤,2,14,2,1,박서현,4,8,2,0,0
GREEN,0.4,0.4,이재윤,2,14,2,1,박서현,4,9,2,2,0
GREEN,0.4,0.4,이재윤,2,14,2,1,박서현,4,11,2,0,0
GREEN,0.4,0.8,이재윤,2,14,2,1,박서현,4,12,2,1,0
GREEN,0.4,0.2,이재윤,2,14,2,1,박서현,4,14,2,1,0
GREEN,0.4,0.7,이재윤,2,14,2,1,박서현,4,15,2,0,0
GREEN,0.4,1.3,이재윤,2,14,2,1,박서현,4,16,2,0,0
GREEN,0.4,0.5,이재윤,2,14,2,1,박서현,4,17,2,1,0
GREEN,0.4,1.3,이재윤,2,14,2,1,박서현,4,18,2,1,0
ROUGH,158.3,159.0,이재윤,2,15,5,1,박서현,1,8,5,1,0
ROUGH,158.3,158.8,이재윤,2,15,5,1,박서현,4,6,4,0,1
ROUGH,22.4,22.7,이재윤,2,15,4,1,박서현,1,12,3,0,1
ROUGH,22.4,23.0,이재윤,2,15,4,1,박서현,4,12,4,1,0
GREEN,7.3,7.7,이재윤,2,15,3,1,박서현,1,1,2,-1,1
GREEN,7.3,7.2,이재윤,2,15,3,1,박서현,1,5,3,0,0
GREEN,7.3,6.9,이재윤,2,15,3,1,박서현,1,6,3,1,0
GREEN,7.3,7.5,이재윤,2,15,3,1,박서현,1,13,3,1,0
GREEN,7.3,6.6,이재윤,2,15,3,1,박서현,1,15,3,1,0
GREEN,7.3,7.8,이재윤,2,15,3,1,박서현,2,1,3,0,0
GREEN,7.3,7.5,이재윤,2,15,3,1,박서현,3,6,3,0,0
GREEN,7.3,8.2,이재윤,2,15,3,1,박서현,3,12,3,0,0
GREEN,7.3,7.1,이재윤,2,15,3,1,박서현,4,1,3,0,0
GREEN,7.3,6.7,이재윤,2,15,3,1,박서현,4,5,3,0,0
GREEN,7.3,7.6,이재윤,2,15,3,1,박서현,4,8,3,0,0
GREEN,0.5,0.4,이재윤,2,15,2,1,박서현,1,2,2,0,0
GREEN,0.5,1.0,이재윤,2,15,2,1,박서현,1,3,2,2,0
GREEN,0.5,0.5,이재윤,2,15,2,1,박서현,1,4,2,0,0
GREEN,0.5,0.5,이재윤,2,15,2,1,박서현,1,5,2,0,0
GREEN,0.5,0.4,이재윤,2,15,2,1,박서현,1,6,2,1,0
GREEN,0.5,0.5,이재윤,2,15,2,1,박서현,1,7,2,0,0
GREEN,0.5,0.5,이재윤,2,15,2,1,박서현,1,8,2,1,0
GREEN,0.5,0.6,이재윤,2,15,2,1,박서현,1,9,2,0,0
GREEN,0.5,0.3,이재윤,2,15,2,1,박서현,1,10,2,0,0
GREEN,0.5,0.4,이재윤,2,15,2,1,박서현,1,11,2,0,0
GREEN,0.5,1.1,이재윤,2,15,2,1,박서현,1,13,2,1,0
GREEN,0.5,0.3,이재윤,2,15,2,1,박서현,1,14,2,0,0
GREEN,0.5,0.5,이재윤,2,15,2,1,박서현,1,15,2,1,0
GREEN,0.5,0.5,이재윤,2,15,2,1,박서현,1,17,2,0,0
GREEN,0.5,0.3,이재윤,2,15,2,1,박서현,2,1,2,0,0
GREEN,0.5,0.5,이재윤,2,15,2,1,박서현,2,2,2,0,0
GREEN,0.5,0.5,이재윤,2,15,2,1,박서현,2,3,2,0,0
GREEN,0.5,0.3,이재윤,2,15,2,1,박서현,2,4,2,1,0
GREEN,0.5,1.2,이재윤,2,15,2,1,박서현,2,5,3,1,-1
GREEN,0.5,0.4,이재윤,2,15,2,1,박서현,2,5,2,1,0
GREEN,0.5,0.4,이재윤,2,15,2,1,박서현,2,7,2,0,0
GREEN,0.5,1.5,이재윤,2,15,2,1,박서현,2,9,2,0,0
GREEN,0.5,0.2,이재윤,2,15,2,1,박서현,2,10,2,0,0
GREEN,0.5,1.5,이재윤,2,15,2,1,박서현,2,11,2,1,0
GREEN,0.5,1.3,이재윤,2,15,2,1,박서현,2,12,3,2,-1
GREEN,0.5,0.9,이재윤,2,15,2,1,박서현,2,12,2,2,0
GREEN,0.5,0.4,이재윤,2,15,2,1,박서현,2,13,2,0,0
GREEN,0.5,1.0,이재윤,2,15,2,1,박서현,2,14,2,1,0
GREEN,0.5,1.3,이재윤,2,15,2,1,박서현,2,15,2,0,0
GREEN,0.5,0.2,이재윤,2,15,2,1,박서현,2,17,2,0,0
GREEN,0.5,1.3,이재윤,2,15,2,1,박서현,2,18,2,0,0
GREEN,0.5,1.3,이재윤,2,15,2,1,박서현,3,1,2,0,0
GREEN,0.5,1.4,이재윤,2,15,2,1,박서현,3,2,2,0,0
GREEN,0.5,0.4,이재윤,2,15,2,1,박서현,3,3,2,1,0
GREEN,0.5,0.5,이재윤,2,15,2,1,박서현,3,4,2,0,0
GREEN,0.5,1.2,이재윤,2,15,2,1,박서현,3,5,2,0,0
GREEN,0.5,0.3,이재윤,2,15,2,1,박서현,3,6,2,0,0
GREEN,0.5,0.5,이재윤,2,15,2,1,박서현,3,7,2,0,0
GREEN,0.5,0.3,이재윤,2,15,2,1,박서현,3,8,2,3,0
GREEN,0.5,0.2,이재윤,2,15,2,1,박서현,3,9,2,2,0
GREEN,0.5,0.9,이재윤,2,15,2,1,박서현,3,10,2,1,0
GREEN,0.5,1.0,이재윤,2,15,2,1,박서현,3,11,2,0,0
GREEN,0.5,1.2,이재윤,2,15,2,1,박서현,3,12,2,0,0
GREEN,0.5,1.3,이재윤,2,15,2,1,박서현,3,13,3,1,-1
GREEN,0.5,1.0,이재윤,2,15,2,1,박서현,3,13,2,1,0
GREEN,0.5,0.4,이재윤,2,15,2,1,박서현,3,14,2,0,0
GREEN,0.5,1.4,이재윤,2,15,2,1,박서현,3,15,2,1,0
GREEN,0.5,0.3,이재윤,2,15,2,1,박서현,3,16,2,0,0
GREEN,0.5,0.5,이재윤,2,15,2,1,박서현,3,18,2,0,0
GREEN,0.5,1.1,이재윤,2,15,2,1,박서현,4,1,2,0,0
GREEN,0.5,0.2,이재윤,2,15,2,1,박서현,4,2,2,0,0
GREEN,0.5,0.5,이재윤,2,15,2,1,박서현,4,3,2,1,0
GREEN,0.5,0.3,이재윤,2,15,2,1,박서현,4,4,2,1,0
GREEN,0.5,0.3,이재윤,2,15,2,1,박서현,4,5,2,0,0
GREEN,0.5,0.3,이재윤,2,15,2,1,박서현,4,8,2,0,0
GREEN,0.5,0.4,이재윤,2,15,2,1,박서현,4,9,2,2,0
GREEN,0.5,0.4,이재윤,2,15,2,1,박서현,4,11,2,0,0
GREEN,0.5,0.8,이재윤,2,15,2,1,박서현,4,12,2,1,0
GREEN,0.5,0.2,이재윤,2,15,2,1,박서현,4,14,2,1,0
GREEN,0.5,0.7,이재윤,2,15,2,1,박서현,4,15,2,0,0
GREEN,0.5,1.3,이재윤,2,15,2,1,박서현,4,16,2,0,0
GREEN,0.5,0.5,이재윤,2,15,2,1,박서현,4,17,2,1,0
GREEN,0.5,1.3,이재윤,2,15,2,1,박서현,4,18,2,1,0
GREEN,7.3,7.7,이재윤,2,16,3,0,박서현,1,1,2,-1,1
GREEN,7.3,7.2,이재윤,2,16,3,0,박서현,1,5,3,0,0
GREEN,7.3,6.9,이재윤,2,16,3,0,박서현,1,6,3,1,0
GREEN,7.3,7.5,이재윤,2,16,3,0,박서현,1,13,3,1,0
GREEN,7.3,6.6,이재윤,2,16,3,0,박서현,1,15,3,1,0
GREEN,7.3,7.8,이재윤,2,16,3,0,박서현,2,1,3,0,0
GREEN,7.3,7.5,이재윤,2,16,3,0,박서현,3,6,3,0,0
GREEN,7.3,8.2,이재윤,2,16,3,0,박서현,3,12,3,0,0
GREEN,7.3,7.1,이재윤,2,16,3,0,박서현,4,1,3,0,0
GREEN,7.3,6.7,이재윤,2,16,3,0,박서현,4,5,3,0,0
GREEN,7.3,7.6,이재윤,2,16,3,0,박서현,4,8,3,0,0
GREEN,1.7,1.0,이재윤,2,16,2,0,박서현,1,3,2,2,0
GREEN,1.7,2.0,이재윤,2,16,2,0,박서현,1,8,3,1,-1
GREEN,1.7,1.1,이재윤,2,16,2,0,박서현,1,13,2,1,0
GREEN,1.7,1.2,이재윤,2,16,2,0,박서현,2,5,3,1,-1
GREEN,1.7,2.4,이재윤,2,16,2,0,박서현,2,6,2,0,0
GREEN,1.7,1.5,이재윤,2,16,2,0,박서현,2,9,2,0,0
GREEN,1.7,1.5,이재윤,2,16,2,0,박서현,2,11,2,1,0
GREEN,1.7,1.3,이재윤,2,16,2,0,박서현,2,12,3,2,-1
GREEN,1.7,0.9,이재윤,2,16,2,0,박서현,2,12,2,2,0
GREEN,1.7,1.0,이재윤,2,16,2,0,박서현,2,14,2,1,0
GREEN,1.7,1.3,이재윤,2,16,2,0,박서현,2,15,2,0,0
GREEN,1.7,1.3,이재윤,2,16,2,0,박서현,2,18,2,0,0
GREEN,1.7,1.3,이재윤,2,16,2,0,박서현,3,1,2,0,0
GREEN,1.7,1.4,이재윤,2,16,2,0,박서현,3,2,2,0,0
GREEN,1.7,1.2,이재윤,2,16,2,0,박서현,3,5,2,0,0
GREEN,1.7,1.9,이재윤,2,16,2,0,박서현,3,10,3,1,-1
GREEN,1.7,0.9,이재윤,2,16,2,0,박서현,3,10,2,1,0
GREEN,1.7,1.0,이재윤,2,16,2,0,박서현,3,11,2,0,0
GREEN,1.7,1.2,이재윤,2,16,2,0,박서현,3,12,2,0,0
GREEN,1.7,1.3,이재윤,2,16,2,0,박서현,3,13,3,1,-1
GREEN,1.7,1.0,이재윤,2,16,2,0,박서현,3,13,2,1,0
GREEN,1.7,1.4,이재윤,2,16,2,0,박서현,3,15,2,1,0
GREEN,1.7,1.9,이재윤,2,16,2,0,박서현,3,17,2,0,0
GREEN,1.7,1.1,이재윤,2,16,2,0,박서현,4,1,2,0,0
GREEN,1.7,1.7,이재윤,2,16,2,0,박서현,4,9,3,2,-1
GREEN,1.7,1.6,이재윤,2,16,2,0,박서현,4,10,2,1,0
GREEN,1.7,1.9,이재윤,2,16,2,0,박서현,4,12,3,1,-1
GREEN,1.7,0.8,이재윤,2,16,2,0,박서현,4,12,2,1,0
GREEN,1.7,1.6,이재윤,2,16,2,0,박서현,4,14,3,1,-1
GREEN,1.7,0.7,이재윤,2,16,2,0,박서현,4,15,2,0,0
GREEN,1.7,1.3,이재윤,2,16,2,0,박서현,4,16,2,0,0
GREEN,1.7,2.2,이재윤,2,16,2,0,박서현,4,17,3,1,-1
GREEN,1.7,1.3,이재윤,2,16,2,0,박서현,4,18,2,1,0
FAIRWAY,131.4,131.8,이재윤,2,17,4,0,박서현,2,10,4,0,0
FAIRWAY,131.4,130.5,이재윤,2,17,4,0,박서현,3,13,5,1,-1
FAIRWAY,131.4,130.4,이재윤,2,17,4,0,박서현,4,8,4,0,0
FAIRWAY,131.4,132.4,이재윤,2,17,4,0,박서현,4,18,5,1,-1
GREEN,9.0,9.4,이재윤,2,17,3,0,박서현,1,7,3,0,0
GREEN,9.0,9.4,이재윤,2,17,3,0,박서현,1,18,2,-1,1
GREEN,9.0,9.4,이재윤,2,17,3,0,박서현,2,7,3,0,0
GREEN,9.0,8.2,이재윤,2,17,3,0,박서현,3,12,3,0,0
GREEN,1.0,0.4,이재윤,2,17,2,0,박서현,1,2,2,0,0
GREEN,1.0,1.0,이재윤,2,17,2,0,박서현,1,3,2,2,0
GREEN,1.0,0.5,이재윤,2,17,2,0,박서현,1,4,2,0,0
GREEN,1.0,0.5,이재윤,2,17,2,0,박서현,1,5,2,0,0
GREEN,1.0,0.4,이재윤,2,17,2,0,박서현,1,6,2,1,0
GREEN,1.0,0.5,이재윤,2,17,2,0,박서현,1,7,2,0,0
GREEN,1.0,2.0,이재윤,2,17,2,0,박서현,1,8,3,1,-1
GREEN,1.0,0.5,이재윤,2,17,2,0,박서현,1,8,2,1,0
GREEN,1.0,0.6,이재윤,2,17,2,0,박서현,1,9,2,0,0
GREEN,1.0,0.3,이재윤,2,17,2,0,박서현,1,10,2,0,0
GREEN,1.0,0.4,이재윤,2,17,2,0,박서현,1,11,2,0,0
GREEN,1.0,1.1,이재윤,2,17,2,0,박서현,1,13,2,1,0
GREEN,1.0,0.3,이재윤,2,17,2,0,박서현,1,14,2,0,0
GREEN,1.0,0.5,이재윤,2,17,2,0,박서현,1,15,2,1,0
GREEN,1.0,0.5,이재윤,2,17,2,0,박서현,1,17,2,0,0
GREEN,1.0,0.3,이재윤,2,17,2,0,박서현,2,1,2,0,0
GREEN,1.0,0.5,이재윤,2,17,2,0,박서현,2,2,2,0,0
GREEN,1.0,0.5,이재윤,2,17,2,0,박서현,2,3,2,0,0
GREEN,1.0,0.3,이재윤,2,17,2,0,박서현,2,4,2,1,0
GREEN,1.0,1.2,이재윤,2,17,2,0,박서현,2,5,3,1,-1
GREEN,1.0,0.4,이재윤,2,17,2,0,박서현,2,5,2,1,0
GREEN,1.0,0.4,이재윤,2,17,2,0,박서현,2,7,2,0,0
GREEN,1.0,1.5,이재윤,2,17,2,0,박서현,2,9,2,0,0
GREEN,1.0,0.2,이재윤,2,17,2,0,박서현,2,10,2,0,0
GREEN,1.0,1.5,이재윤,2,17,2,0,박서현,2,11,2,1,0
GREEN,1.0,1.3,이재윤,2,17,2,0,박서현,2,12,3,2,-1
GREEN,1.0,0.9,이재윤,2,17,2,0,박서현,2,12,2,2,0
GREEN,1.0,0.4,이재윤,2,17,2,0,박서현,2,13,2,0,0
GREEN,1.0,1.0,이재윤,2,17,2,0,박서현,2,14,2,1,0
GREEN,1.0,1.3,이재윤,2,17,2,0,박서현,2,15,2,0,0
GREEN,1.0,0.2,이재윤,2,17,2,0,박서현,2,17,2,0,0
GREEN,1.0,1.3,이재윤,2,17,2,0,박서현,2,18,2,0,0
GREEN,1.0,1.3,이재윤,2,17,2,0,박서현,3,1,2,0,0
GREEN,1.0,1.4,이재윤,2,17,2,0,박서현,3,2,2,0,0
GREEN,1.0,0.4,이재윤,2,17,2,0,박서현,3,3,2,1,0
GREEN,1.0,0.5,이재윤,2,17,2,0,박서현,3,4,2,0,0
GREEN,1.0,1.2,이재윤,2,17,2,0,박서현,3,5,2,0,0
GREEN,1.0,0.3,이재윤,2,17,2,0,박서현,3,6,2,0,0
GREEN,1.0,0.5,이재윤,2,17,2,0,박서현,3,7,2,0,0
GREEN,1.0,0.3,이재윤,2,17,2,0,박서현,3,8,2,3,0
GREEN,1.0,0.2,이재윤,2,17,2,0,박서현,3,9,2,2,0
GREEN,1.0,1.9,이재윤,2,17,2,0,박서현,3,10,3,1,-1
GREEN,1.0,0.9,이재윤,2,17,2,0,박서현,3,10,2,1,0
GREEN,1.0,1.0,이재윤,2,17,2,0,박서현,3,11,2,0,0
GREEN,1.0,1.2,이재윤,2,17,2,0,박서현,3,12,2,0,0
GREEN,1.0,1.3,이재윤,2,17,2,0,박서현,3,13,3,1,-1
GREEN,1.0,1.0,이재윤,2,17,2,0,박서현,3,13,2,1,0
GREEN,1.0,0.4,이재윤,2,17,2,0,박서현,3,14,2,0,0
GREEN,1.0,1.4,이재윤,2,17,2,0,박서현,3,15,2,1,0
GREEN,1.0,0.3,이재윤,2,17,2,0,박서현,3,16,2,0,0
GREEN,1.0,1.9,이재윤,2,17,2,0,박서현,3,17,2,0,0
GREEN,1.0,0.5,이재윤,2,17,2,0,박서현,3,18,2,0,0
GREEN,1.0,1.1,이재윤,2,17,2,0,박서현,4,1,2,0,0
GREEN,1.0,0.2,이재윤,2,17,2,0,박서현,4,2,2,0,0
GREEN,1.0,0.5,이재윤,2,17,2,0,박서현,4,3,2,1,0
GREEN,1.0,0.3,이재윤,2,17,2,0,박서현,4,4,2,1,0
GREEN,1.0,0.3,이재윤,2,17,2,0,박서현,4,5,2,0,0
GREEN,1.0,0.3,이재윤,2,17,2,0,박서현,4,8,2,0,0
GREEN,1.0,1.7,이재윤,2,17,2,0,박서현,4,9,3,2,-1
GREEN,1.0,0.4,이재윤,2,17,2,0,박서현,4,9,2,2,0
GREEN,1.0,1.6,이재윤,2,17,2,0,박서현,4,10,2,1,0
GREEN,1.0,0.4,이재윤,2,17,2,0,박서현,4,11,2,0,0
GREEN,1.0,1.9,이재윤,2,17,2,0,박서현,4,12,3,1,-1
GREEN,1.0,0.8,이재윤,2,17,2,0,박서현,4,12,2,1,0
GREEN,1.0,1.6,이재윤,2,17,2,0,박서현,4,14,3,1,-1
GREEN,1.0,0.2,이재윤,2,17,2,0,박서현,4,14,2,1,0
GREEN,1.0,0.7,이재윤,2,17,2,0,박서현,4,15,2,0,0
GREEN,1.0,1.3,이재윤,2,17,2,0,박서현,4,16,2,0,0
GREEN,1.0,0.5,이재윤,2,17,2,0,박서현,4,17,2,1,0
GREEN,1.0,1.3,이재윤,2,17,2,0,박서현,4,18,2,1,0
GREEN,7.8,7.7,이재윤,2,18,3,0,박서현,1,1,2,-1,1
GREEN,7.8,7.2,이재윤,2,18,3,0,박서현,1,5,3,0,0
GREEN,7.8,6.9,이재윤,2,18,3,0,박서현,1,6,3,1,0
GREEN,7.8,7.5,이재윤,2,18,3,0,박서현,1,13,3,1,0
GREEN,7.8,7.8,이재윤,2,18,3,0,박서현,2,1,3,0,0
GREEN,7.8,7.5,이재윤,2,18,3,0,박서현,3,6,3,0,0
GREEN,7.8,8.2,이재윤,2,18,3,0,박서현,3,12,3,0,0
GREEN,7.8,7.1,이재윤,2,18,3,0,박서현,4,1,3,0,0
GREEN,7.8,7.6,이재윤,2,18,3,0,박서현,4,8,3,0,0
GREEN,1.3,0.4,이재윤,2,18,2,0,박서현,1,2,2,0,0
GREEN,1.3,1.0,이재윤,2,18,2,0,박서현,1,3,2,2,0
GREEN,1.3,0.5,이재윤,2,18,2,0,박서현,1,4,2,0,0
GREEN,1.3,0.5,이재윤,2,18,2,0,박서현,1,5,2,0,0
GREEN,1.3,0.4,이재윤,2,18,2,0,박서현,1,6,2,1,0
GREEN,1.3,0.5,이재윤,2,18,2,0,박서현,1,7,2,0,0
GREEN,1.3,2.0,이재윤,2,18,2,0,박서현,1,8,3,1,-1
GREEN,1.3,0.5,이재윤,2,18,2,0,박서현,1,8,2,1,0
GREEN,1.3,0.6,이재윤,2,18,2,0,박서현,1,9,2,0,0
GREEN,1.3,0.3,이재윤,2,18,2,0,박서현,1,10,2,0,0
GREEN,1.3,0.4,이재윤,2,18,2,0,박서현,1,11,2,0,0
GREEN,1.3,1.1,이재윤,2,18,2,0,박서현,1,13,2,1,0
GREEN,1.3,0.3,이재윤,2,18,2,0,박서현,1,14,2,0,0
GREEN,1.3,0.5,이재윤,2,18,2,0,박서현,1,15,2,1,0
GREEN,1.3,0.5,이재윤,2,18,2,0,박서현,1,17,2,0,0
GREEN,1.3,0.3,이재윤,2,18,2,0,박서현,2,1,2,0,0
GREEN,1.3,0.5,이재윤,2,18,2,0,박서현,2,2,2,0,0
GREEN,1.3,0.5,이재윤,2,18,2,0,박서현,2,3,2,0,0
GREEN,1.3,0.3,이재윤,2,18,2,0,박서현,2,4,2,1,0
GREEN,1.3,1.2,이재윤,2,18,2,0,박서현,2,5,3,1,-1
GREEN,1.3,0.4,이재윤,2,18,2,0,박서현,2,5,2,1,0
GREEN,1.3,0.4,이재윤,2,18,2,0,박서현,2,7,2,0,0
GREEN,1.3,1.5,이재윤,2,18,2,0,박서현,2,9,2,0,0
GREEN,1.3,1.5,이재윤,2,18,2,0,박서현,2,11,2,1,0
GREEN,1.3,1.3,이재윤,2,18,2,0,박서현,2,12,3,2,-1
GREEN,1.3,0.9,이재윤,2,18,2,0,박서현,2,12,2,2,0
GREEN,1.3,0.4,이재윤,2,18,2,0,박서현,2,13,2,0,0
GREEN,1.3,1.0,이재윤,2,18,2,0,박서현,2,14,2,1,0
GREEN,1.3,1.3,이재윤,2,18,2,0,박서현,2,15,2,0,0
GREEN,1.3,1.3,이재윤,2,18,2,0,박서현,2,18,2,0,0
GREEN,1.3,1.3,이재윤,2,18,2,0,박서현,3,1,2,0,0
GREEN,1.3,1.4,이재윤,2,18,2,0,박서현,3,2,2,0,0
GREEN,1.3,0.4,이재윤,2,18,2,0,박서현,3,3,2,1,0
GREEN,1.3,0.5,이재윤,2,18,2,0,박서현,3,4,2,0,0
GREEN,1.3,1.2,이재윤,2,18,2,0,박서현,3,5,2,0,0
GREEN,1.3,0.3,이재윤,2,18,2,0,박서현,3,6,2,0,0
GREEN,1.3,0.5,이재윤,2,18,2,0,박서현,3,7,2,0,0
GREEN,1.3,0.3,이재윤,2,18,2,0,박서현,3,8,2,3,0
GREEN,1.3,1.9,이재윤,2,18,2,0,박서현,3,10,3,1,-1
GREEN,1.3,0.9,이재윤,2,18,2,0,박서현,3,10,2,1,0
GREEN,1.3,1.0,이재윤,2,18,2,0,박서현,3,11,2,0,0
GREEN,1.3,1.2,이재윤,2,18,2,0,박서현,3,12,2,0,0
GREEN,1.3,1.3,이재윤,2,18,2,0,박서현,3,13,3,1,-1
GREEN,1.3,1.0,이재윤,2,18,2,0,박서현,3,13,2,1,0
GREEN,1.3,0.4,이재윤,2,18,2,0,박서현,3,14,2,0,0
GREEN,1.3,1.4,이재윤,2,18,2,0,박서현,3,15,2,1,0
GREEN,1.3,0.3,이재윤,2,18,2,0,박서현,3,16,2,0,0
GREEN,1.3,1.9,이재윤,2,18,2,0,박서현,3,17,2,0,0
GREEN,1.3,0.5,이재윤,2,18,2,0,박서현,3,18,2,0,0
GREEN,1.3,1.1,이재윤,2,18,2,0,박서현,4,1,2,0,0
GREEN,1.3,0.5,이재윤,2,18,2,0,박서현,4,3,2,1,0
GREEN,1.3,0.3,이재윤,2,18,2,0,박서현,4,4,2,1,0
GREEN,1.3,0.3,이재윤,2,18,2,0,박서현,4,5,2,0,0
GREEN,1.3,0.3,이재윤,2,18,2,0,박서현,4,8,2,0,0
GREEN,1.3,1.7,이재윤,2,18,2,0,박서현,4,9,3,2,-1
GREEN,1.3,0.4,이재윤,2,18,2,0,박서현,4,9,2,2,0
GREEN,1.3,1.6,이재윤,2,18,2,0,박서현,4,10,2,1,0
GREEN,1.3,0.4,이재윤,2,18,2,0,박서현,4,11,2,0,0
GREEN,1.3,1.9,이재윤,2,18,2,0,박서현,4,12,3,1,-1
GREEN,1.3,0.8,이재윤,2,18,2,0,박서현,4,12,2,1,0
GREEN,1.3,1.6,이재윤,2,18,2,0,박서현,4,14,3,1,-1
GREEN,1.3,0.7,이재윤,2,18,2,0,박서현,4,15,2,0,0
GREEN,1.3,1.3,이재윤,2,18,2,0,박서현,4,16,2,0,0
GREEN,1.3,2.2,이재윤,2,18,2,0,박서현,4,17,3,1,-1
GREEN,1.3,0.5,이재윤,2,18,2,0,박서현,4,17,2,1,0
GREEN,1.3,1.3,이재윤,2,18,2,0,박서현,4,18,2,1,0
GREEN,16.5,17.4,이재윤,3,1,4,1,박서현,2,15,3,0,1
GREEN,3.1,3.4,이재윤,3,1,3,1,박서현,1,3,3,2,0
GREEN,3.1,3.5,이재윤,3,1,3,1,박서현,1,11,3,0,0
GREEN,3.1,2.7,이재윤,3,1,3,1,박서현,1,16,2,-1,1
GREEN,3.1,2.4,이재윤,3,1,3,1,박서현,2,6,2,0,1
GREEN,3.1,3.3,이재윤,3,1,3,1,박서현,2,8,2,0,1
GREEN,3.1,3.6,이재윤,3,1,3,1,박서현,2,10,3,0,0
GREEN,3.1,3.6,이재윤,3,1,3,1,박서현,2,16,2,0,1
GREEN,3.1,2.7,이재윤,3,1,3,1,박서현,3,15,3,1,0
GREEN,3.1,2.8,이재윤,3,1,3,1,박서현,4,3,3,1,0
GREEN,3.1,3.7,이재윤,3,1,3,1,박서현,4,4,3,1,0
GREEN,3.1,3.8,이재윤,3,1,3,1,박서현,4,6,2,0,1
GREEN,3.1,3.4,이재윤,3,1,3,1,박서현,4,9,4,2,-1
GREEN,3.1,3.4,이재윤,3,1,3,1,박서현,4,13,2,0,1
GREEN,3.1,2.2,이재윤,3,1,3,1,박서현,4,17,3,1,0
GREEN,0.3,0.4,이재윤,3,1,2,1,박서현,1,2,2,0,0
GREEN,0.3,1.0,이재윤,3,1,2,1,박서현,1,3,2,2,0
GREEN,0.3,0.5,이재윤,3,1,2,1,박서현,1,4,2,0,0
GREEN,0.3,0.5,이재윤,3,1,2,1,박서현,1,5,2,0,0
GREEN,0.3,0.4,이재윤,3,1,2,1,박서현,1,6,2,1,0
GREEN,0.3,0.5,이재윤,3,1,2,1,박서현,1,7,2,0,0
GREEN,0.3,0.5,이재윤,3,1,2,1,박서현,1,8,2,1,0
GREEN,0.3,0.6,이재윤,3,1,2,1,박서현,1,9,2,0,0
GREEN,0.3,0.3,이재윤,3,1,2,1,박서현,1,10,2,0,0
GREEN,0.3,0.4,이재윤,3,1,2,1,박서현,1,11,2,0,0
GREEN,0.3,1.1,이재윤,3,1,2,1,박서현,1,13,2,1,0
GREEN,0.3,0.3,이재윤,3,1,2,1,박서현,1,14,2,0,0
GREEN,0.3,0.5,이재윤,3,1,2,1,박서현,1,15,2,1,0
GREEN,0.3,0.5,이재윤,3,1,2,1,박서현,1,17,2,0,0
GREEN,0.3,0.3,이재윤,3,1,2,1,박서현,2,1,2,0,0
GREEN,0.3,0.5,이재윤,3,1,2,1,박서현,2,2,2,0,0
GREEN,0.3,0.5,이재윤,3,1,2,1,박서현,2,3,2,0,0
GREEN,0.3,0.3,이재윤,3,1,2,1,박서현,2,4,2,1,0
GREEN,0.3,1.2,이재윤,3,1,2,1,박서현,2,5,3,1,-1
GREEN,0.3,0.4,이재윤,3,1,2,1,박서현,2,5,2,1,0
GREEN,0.3,0.4,이재윤,3,1,2,1,박서현,2,7,2,0,0
GREEN,0.3,0.2,이재윤,3,1,2,1,박서현,2,10,2,0,0
GREEN,0.3,1.3,이재윤,3,1,2,1,박서현,2,12,3,2,-1
GREEN,0.3,0.9,이재윤,3,1,2,1,박서현,2,12,2,2,0
GREEN,0.3,0.4,이재윤,3,1,2,1,박서현,2,13,2,0,0
GREEN,0.3,1.0,이재윤,3,1,2,1,박서현,2,14,2,1,0
GREEN,0.3,1.3,이재윤,3,1,2,1,박서현,2,15,2,0,0
GREEN,0.3,0.2,이재윤,3,1,2,1,박서현,2,17,2,0,0
GREEN,0.3,1.3,이재윤,3,1,2,1,박서현,2,18,2,0,0
GREEN,0.3,1.3,이재윤,3,1,2,1,박서현,3,1,2,0,0
GREEN,0.3,0.4,이재윤,3,1,2,1,박서현,3,3,2,1,0
GREEN,0.3,0.5,이재윤,3,1,2,1,박서현,3,4,2,0,0
GREEN,0.3,1.2,이재윤,3,1,2,1,박서현,3,5,2,0,0
GREEN,0.3,0.3,이재윤,3,1,2,1,박서현,3,6,2,0,0
GREEN,0.3,0.5,이재윤,3,1,2,1,박서현,3,7,2,0,0
GREEN,0.3,0.3,이재윤,3,1,2,1,박서현,3,8,2,3,0
GREEN,0.3,0.2,이재윤,3,1,2,1,박서현,3,9,2,2,0
GREEN,0.3,0.9,이재윤,3,1,2,1,박서현,3,10,2,1,0
GREEN,0.3,1.0,이재윤,3,1,2,1,박서현,3,11,2,0,0
GREEN,0.3,1.2,이재윤,3,1,2,1,박서현,3,12,2,0,0
GREEN,0.3,1.3,이재윤,3,1,2,1,박서현,3,13,3,1,-1
GREEN,0.3,1.0,이재윤,3,1,2,1,박서현,3,13,2,1,0
GREEN,0.3,0.4,이재윤,3,1,2,1,박서현,3,14,2,0,0
GREEN,0.3,0.3,이재윤,3,1,2,1,박서현,3,16,2,0,0
GREEN,0.3,0.5,이재윤,3,1,2,1,박서현,3,18,2,0,0
GREEN,0.3,1.1,이재윤,3,1,2,1,박서현,4,1,2,0,0
GREEN,0.3,0.2,이재윤,3,1,2,1,박서현,4,2,2,0,0
GREEN,0.3,0.5,이재윤,3,1,2,1,박서현,4,3,2,1,0
GREEN,0.3,0.3,이재윤,3,1,2,1,박서현,4,4,2,1,0
GREEN,0.3,0.3,이재윤,3,1,2,1,박서현,4,5,2,0,0
GREEN,0.3,0.3,이재윤,3,1,2,1,박서현,4,8,2,0,0
GREEN,0.3,0.4,이재윤,3,1,2,1,박서현,4,9,2,2,0
GREEN,0.3,0.4,이재윤,3,1,2,1,박서현,4,11,2,0,0
GREEN,0.3,0.8,이재윤,3,1,2,1,박서현,4,12,2,1,0
GREEN,0.3,0.2,이재윤,3,1,2,1,박서현,4,14,2,1,0
GREEN,0.3,0.7,이재윤,3,1,2,1,박서현,4,15,2,0,0
GREEN,0.3,1.3,이재윤,3,1,2,1,박서현,4,16,2,0,0
GREEN,0.3,0.5,이재윤,3,1,2,1,박서현,4,17,2,1,0
GREEN,0.3,1.3,이재윤,3,1,2,1,박서현,4,18,2,1,0
GREEN,6.1,5.9,이재윤,3,2,3,0,박서현,1,4,3,0,0
GREEN,6.1,6.9,이재윤,3,2,3,0,박서현,1,6,3,1,0
GREEN,6.1,6.6,이재윤,3,2,3,0,박서현,1,15,3,1,0
GREEN,6.1,6.1,이재윤,3,2,3,0,박서현,2,2,3,0,0
GREEN,6.1,5.3,이재윤,3,2,3,0,박서현,2,3,3,0,0
GREEN,6.1,6.1,이재윤,3,2,3,0,박서현,2,4,3,1,0
GREEN,6.1,5.1,이재윤,3,2,3,0,박서현,2,17,3,0,0
GREEN,6.1,5.6,이재윤,3,2,3,0,박서현,3,1,3,0,0
GREEN,6.1,5.4,이재윤,3,2,3,0,박서현,3,14,3,0,0
GREEN,6.1,5.6,이재윤,3,2,3,0,박서현,3,16,3,0,0
GREEN,6.1,7.1,이재윤,3,2,3,0,박서현,4,1,3,0,0
GREEN,6.1,6.7,이재윤,3,2,3,0,박서현,4,5,3,0,0
GREEN,6.1,6.2,이재윤,3,2,3,0,박서현,4,7,2,-1,1
GREEN,6.1,5.5,이재윤,3,2,3,0,박서현,4,10,3,1,0
GREEN,0.5,0.4,이재윤,3,2,2,0,박서현,1,2,2,0,0
GREEN,0.5,1.0,이재윤,3,2,2,0,박서현,1,3,2,2,0
GREEN,0.5,0.5,이재윤,3,2,2,0,박서현,1,4,2,0,0
GREEN,0.5,0.5,이재윤,3,2,2,0,박서현,1,5,2,0,0
GREEN,0.5,0.4,이재윤,3,2,2,0,박서현,1,6,2,1,0
GREEN,0.5,0.5,이재윤,3,2,2,0,박서현,1,7,2,0,0
GREEN,0.5,0.5,이재윤,3,2,2,0,박서현,1,8,2,1,0
GREEN,0.5,0.6,이재윤,3,2,2,0,박서현,1,9,2,0,0
GREEN,0.5,0.3,이재윤,3,2,2,0,박서현,1,10,2,0,0
GREEN,0.5,0.4,이재윤,3,2,2,0,박서현,1,11,2,0,0
GREEN,0.5,1.1,이재윤,3,2,2,0,박서현,1,13,2,1,0
GREEN,0.5,0.3,이재윤,3,2,2,0,박서현,1,14,2,0,0
GREEN,0.5,0.5,이재윤,3,2,2,0,박서현,1,15,2,1,0
GREEN,0.5,0.5,이재윤,3,2,2,0,박서현,1,17,2,0,0
GREEN,0.5,0.3,이재윤,3,2,2,0,박서현,2,1,2,0,0
GREEN,0.5,0.5,이재윤,3,2,2,0,박서현,2,2,2,0,0
GREEN,0.5,0.5,이재윤,3,2,2,0,박서현,2,3,2,0,0
GREEN,0.5,0.3,이재윤,3,2,2,0,박서현,2,4,2,1,0
GREEN,0.5,1.2,이재윤,3,2,2,0,박서현,2,5,3,1,-1
GREEN,0.5,0.4,이재윤,3,2,2,0,박서현,2,5,2,1,0
GREEN,0.5,0.4,이재윤,3,2,2,0,박서현,2,7,2,0,0
GREEN,0.5,1.5,이재윤,3,2,2,0,박서현,2,9,2,0,0
GREEN,0.5,0.2,이재윤,3,2,2,0,박서현,2,10,2,0,0
GREEN,0.5,1.5,이재윤,3,2,2,0,박서현,2,11,2,1,0
GREEN,0.5,1.3,이재윤,3,2,2,0,박서현,2,12,3,2,-1
GREEN,0.5,0.9,이재윤,3,2,2,0,박서현,2,12,2,2,0
GREEN,0.5,0.4,이재윤,3,2,2,0,박서현,2,13,2,0,0
GREEN,0.5,1.0,이재윤,3,2,2,0,박서현,2,14,2,1,0
GREEN,0.5,1.3,이재윤,3,2,2,0,박서현,2,15,2,0,0
GREEN,0.5,0.2,이재윤,3,2,2,0,박서현,2,17,2,0,0
GREEN,0.5,1.3,이재윤,3,2,2,0,박서현,2,18,2,0,0
GREEN,0.5,1.3,이재윤,3,2,2,0,박서현,3,1,2,0,0
GREEN,0.5,1.4,이재윤,3,2,2,0,박서현,3,2,2,0,0
GREEN,0.5,0.4,이재윤,3,2,2,0,박서현,3,3,2,1,0
GREEN,0.5,0.5,이재윤,3,2,2,0,박서현,3,4,2,0,0
GREEN,0.5,1.2,이재윤,3,2,2,0,박서현,3,5,2,0,0
GREEN,0.5,0.3,이재윤,3,2,2,0,박서현,3,6,2,0,0
GREEN,0.5,0.5,이재윤,3,2,2,0,박서현,3,7,2,0,0
GREEN,0.5,0.3,이재윤,3,2,2,0,박서현,3,8,2,3,0
GREEN,0.5,0.2,이재윤,3,2,2,0,박서현,3,9,2,2,0
GREEN,0.5,0.9,이재윤,3,2,2,0,박서현,3,10,2,1,0
GREEN,0.5,1.0,이재윤,3,2,2,0,박서현,3,11,2,0,0
GREEN,0.5,1.2,이재윤,3,2,2,0,박서현,3,12,2,0,0
GREEN,0.5,1.3,이재윤,3,2,2,0,박서현,3,13,3,1,-1
GREEN,0.5,1.0,이재윤,3,2,2,0,박서현,3,13,2,1,0
GREEN,0.5,0.4,이재윤,3,2,2,0,박서현,3,14,2,0,0
GREEN,0.5,1.4,이재윤,3,2,2,0,박서현,3,15,2,1,0
GREEN,0.5,0.3,이재윤,3,2,2,0,박서현,3,16,2,0,0
GREEN,0.5,0.5,이재윤,3,2,2,0,박서현,3,18,2,0,0
GREEN,0.5,1.1,이재윤,3,2,2,0,박서현,4,1,2,0,0
GREEN,0.5,0.2,이재윤,3,2,2,0,박서현,4,2,2,0,0
GREEN,0.5,0.5,이재윤,3,2,2,0,박서현,4,3,2,1,0
GREEN,0.5,0.3,이재윤,3,2,2,0,박서현,4,4,2,1,0
GREEN,0.5,0.3,이재윤,3,2,2,0,박서현,4,5,2,0,0
GREEN,0.5,0.3,이재윤,3,2,2,0,박서현,4,8,2,0,0
GREEN,0.5,0.4,이재윤,3,2,2,0,박서현,4,9,2,2,0
GREEN,0.5,0.4,이재윤,3,2,2,0,박서현,4,11,2,0,0
GREEN,0.5,0.8,이재윤,3,2,2,0,박서현,4,12,2,1,0
GREEN,0.5,0.2,이재윤,3,2,2,0,박서현,4,14,2,1,0
GREEN,0.5,0.7,이재윤,3,2,2,0,박서현,4,15,2,0,0
GREEN,0.5,1.3,이재윤,3,2,2,0,박서현,4,16,2,0,0
GREEN,0.5,0.5,이재윤,3,2,2,0,박서현,4,17,2,1,0
GREEN,0.5,1.3,이재윤,3,2,2,0,박서현,4,18,2,1,0
ROUGH,28.5,28.8,이재윤,3,3,3,0,박서현,2,8,3,0,0
GREEN,3.0,3.4,이재윤,3,3,2,0,박서현,1,3,3,2,-1
GREEN,3.0,2.0,이재윤,3,3,2,0,박서현,1,8,3,1,-1
GREEN,3.0,3.5,이재윤,3,3,2,0,박서현,1,11,3,0,-1
GREEN,3.0,2.7,이재윤,3,3,2,0,박서현,1,16,2,-1,0
GREEN,3.0,2.4,이재윤,3,3,2,0,박서현,2,6,2,0,0
GREEN,3.0,3.3,이재윤,3,3,2,0,박서현,2,8,2,0,0
GREEN,3.0,3.6,이재윤,3,3,2,0,박서현,2,10,3,0,-1
GREEN,3.0,3.6,이재윤,3,3,2,0,박서현,2,16,2,0,0
GREEN,3.0,2.7,이재윤,3,3,2,0,박서현,3,15,3,1,-1
GREEN,3.0,2.8,이재윤,3,3,2,0,박서현,4,3,3,1,-1
GREEN,3.0,3.7,이재윤,3,3,2,0,박서현,4,4,3,1,-1
GREEN,3.0,3.8,이재윤,3,3,2,0,박서현,4,6,2,0,0
GREEN,3.0,3.4,이재윤,3,3,2,0,박서현,4,9,4,2,-2
GREEN,3.0,3.4,이재윤,3,3,2,0,박서현,4,13,2,0,0
GREEN,3.0,2.2,이재윤,3,3,2,0,박서현,4,17,3,1,-1
FAIRWAY,88.8,88.2,이재윤,3,4,4,0,박서현,2,7,4,0,0
ROUGH,8.2,7.4,이재윤,3,4,3,0,박서현,1,3,4,2,-1
ROUGH,8.2,8.8,이재윤,3,4,3,0,박서현,1,10,3,0,0
GREEN,1.5,1.0,이재윤,3,4,2,0,박서현,1,3,2,2,0
GREEN,1.5,0.5,이재윤,3,4,2,0,박서현,1,4,2,0,0
GREEN,1.5,0.5,이재윤,3,4,2,0,박서현,1,5,2,0,0
GREEN,1.5,0.5,이재윤,3,4,2,0,박서현,1,7,2,0,0
GREEN,1.5,2.0,이재윤,3,4,2,0,박서현,1,8,3,1,-1
GREEN,1.5,0.5,이재윤,3,4,2,0,박서현,1,8,2,1,0
GREEN,1.5,0.6,이재윤,3,4,2,0,박서현,1,9,2,0,0
GREEN,1.5,1.1,이재윤,3,4,2,0,박서현,1,13,2,1,0
GREEN,1.5,0.5,이재윤,3,4,2,0,박서현,1,15,2,1,0
GREEN,1.5,0.5,이재윤,3,4,2,0,박서현,1,17,2,0,0
GREEN,1.5,0.5,이재윤,3,4,2,0,박서현,2,2,2,0,0
GREEN,1.5,0.5,이재윤,3,4,2,0,박서현,2,3,2,0,0
GREEN,1.5,1.2,이재윤,3,4,2,0,박서현,2,5,3,1,-1
GREEN,1.5,2.4,이재윤,3,4,2,0,박서현,2,6,2,0,0
GREEN,1.5,1.5,이재윤,3,4,2,0,박서현,2,9,2,0,0
GREEN,1.5,1.5,이재윤,3,4,2,0,박서현,2,11,2,1,0
GREEN,1.5,1.3,이재윤,3,4,2,0,박서현,2,12,3,2,-1
GREEN,1.5,0.9,이재윤,3,4,2,0,박서현,2,12,2,2,0
GREEN,1.5,1.0,이재윤,3,4,2,0,박서현,2,14,2,1,0
GREEN,1.5,1.3,이재윤,3,4,2,0,박서현,2,15,2,0,0
GREEN,1.5,1.3,이재윤,3,4,2,0,박서현,2,18,2,0,0
GREEN,1.5,1.3,이재윤,3,4,2,0,박서현,3,1,2,0,0
GREEN,1.5,1.4,이재윤,3,4,2,0,박서현,3,2,2,0,0
GREEN,1.5,0.5,이재윤,3,4,2,0,박서현,3,4,2,0,0
GREEN,1.5,1.2,이재윤,3,4,2,0,박서현,3,5,2,0,0
GREEN,1.5,0.5,이재윤,3,4,2,0,박서현,3,7,2,0,0
GREEN,1.5,1.9,이재윤,3,4,2,0,박서현,3,10,3,1,-1
GREEN,1.5,0.9,이재윤,3,4,2,0,박서현,3,10,2,1,0
GREEN,1.5,1.0,이재윤,3,4,2,0,박서현,3,11,2,0,0
GREEN,1.5,1.2,이재윤,3,4,2,0,박서현,3,12,2,0,0
GREEN,1.5,1.3,이재윤,3,4,2,0,박서현,3,13,3,1,-1
GREEN,1.5,1.0,이재윤,3,4,2,0,박서현,3,13,2,1,0
GREEN,1.5,1.4,이재윤,3,4,2,0,박서현,3,15,2,1,0
GREEN,1.5,1.9,이재윤,3,4,2,0,박서현,3,17,2,0,0
GREEN,1.5,0.5,이재윤,3,4,2,0,박서현,3,18,2,0,0
GREEN,1.5,1.1,이재윤,3,4,2,0,박서현,4,1,2,0,0
GREEN,1.5,0.5,이재윤,3,4,2,0,박서현,4,3,2,1,0
GREEN,1.5,1.7,이재윤,3,4,2,0,박서현,4,9,3,2,-1
GREEN,1.5,1.6,이재윤,3,4,2,0,박서현,4,10,2,1,0
GREEN,1.5,1.9,이재윤,3,4,2,0,박서현,4,12,3,1,-1
GREEN,1.5,0.8,이재윤,3,4,2,0,박서현,4,12,2,1,0
GREEN,1.5,1.6,이재윤,3,4,2,0,박서현,4,14,3,1,-1
GREEN,1.5,0.7,이재윤,3,4,2,0,박서현,4,15,2,0,0
GREEN,1.5,1.3,이재윤,3,4,2,0,박서현,4,16,2,0,0
GREEN,1.5,2.2,이재윤,3,4,2,0,박서현,4,17,3,1,-1
GREEN,1.5,0.5,이재윤,3,4,2,0,박서현,4,17,2,1,0
GREEN,1.5,1.3,이재윤,3,4,2,0,박서현,4,18,2,1,0
GREEN,10.4,10.4,이재윤,3,5,3,0,박서현,1,2,3,0,0
GREEN,10.4,9.4,이재윤,3,5,3,0,박서현,1,7,3,0,0
GREEN,10.4,9.4,이재윤,3,5,3,0,박서현,1,18,2,-1,1
GREEN,10.4,9.4,이재윤,3,5,3,0,박서현,2,7,3,0,0
GREEN,10.4,11.4,이재윤,3,5,3,0,박서현,4,16,3,0,0
GREEN,0.3,0.4,이재윤,3,5,2,0,박서현,1,2,2,0,0
GREEN,0.3,1.0,이재윤,3,5,2,0,박서현,1,3,2,2,0
GREEN,0.3,0.5,이재윤,3,5,2,0,박서현,1,4,2,0,0
GREEN,0.3,0.5,이재윤,3,5,2,0,박서현,1,5,2,0,0
GREEN,0.3,0.4,이재윤,3,5,2,0,박서현,1,6,2,1,0
GREEN,0.3,0.5,이재윤,3,5,2,0,박서현,1,7,2,0,0
GREEN,0.3,0.5,이재윤,3,5,2,0,박서현,1,8,2,1,0
GREEN,0.3,0.6,이재윤,3,5,2,0,박서현,1,9,2,0,0
GREEN,0.3,0.3,이재윤,3,5,2,0,박서현,1,10,2,0,0
GREEN,0.3,0.4,이재윤,3,5,2,0,박서현,1,11,2,0,0
GREEN,0.3,1.1,이재윤,3,5,2,0,박서현,1,13,2,1,0
GREEN,0.3,0.3,이재윤,3,5,2,0,박서현,1,14,2,0,0
GREEN,0.3,0.5,이재윤,3,5,2,0,박서현,1,15,2,1,0
GREEN,0.3,0.5,이재윤,3,5,2,0,박서현,1,17,2,0,0
GREEN,0.3,0.3,이재윤,3,5,2,0,박서현,2,1,2,0,0
GREEN,0.3,0.5,이재윤,3,5,2,0,박서현,2,2,2,0,0
GREEN,0.3,0.5,이재윤,3,5,2,0,박서현,2,3,2,0,0
GREEN,0.3,0.3,이재윤,3,5,2,0,박서현,2,4,2,1,0
GREEN,0.3,1.2,이재윤,3,5,2,0,박서현,2,5,3,1,-1
GREEN,0.3,0.4,이재윤,3,5,2,0,박서현,2,5,2,1,0
GREEN,0.3,0.4,이재윤,3,5,2,0,박서현,2,7,2,0,0
GREEN,0.3,0.2,이재윤,3,5,2,0,박서현,2,10,2,0,0
GREEN,0.3,1.3,이재윤,3,5,2,0,박서현,2,12,3,2,-1
GREEN,0.3,0.9,이재윤,3,5,2,0,박서현,2,12,2,2,0
GREEN,0.3,0.4,이재윤,3,5,2,0,박서현,2,13,2,0,0
GREEN,0.3,1.0,이재윤,3,5,2,0,박서현,2,14,2,1,0
GREEN,0.3,1.3,이재윤,3,5,2,0,박서현,2,15,2,0,0
GREEN,0.3,0.2,이재윤,3,5,2,0,박서현,2,17,2,0,0
GREEN,0.3,1.3,이재윤,3,5,2,0,박서현,2,18,2,0,0
GREEN,0.3,1.3,이재윤,3,5,2,0,박서현,3,1,2,0,0
GREEN,0.3,0.4,이재윤,3,5,2,0,박서현,3,3,2,1,0
GREEN,0.3,0.5,이재윤,3,5,2,0,박서현,3,4,2,0,0
GREEN,0.3,1.2,이재윤,3,5,2,0,박서현,3,5,2,0,0
GREEN,0.3,0.3,이재윤,3,5,2,0,박서현,3,6,2,0,0
GREEN,0.3,0.5,이재윤,3,5,2,0,박서현,3,7,2,0,0
GREEN,0.3,0.3,이재윤,3,5,2,0,박서현,3,8,2,3,0
GREEN,0.3,0.2,이재윤,3,5,2,0,박서현,3,9,2,2,0
GREEN,0.3,0.9,이재윤,3,5,2,0,박서현,3,10,2,1,0
GREEN,0.3,1.0,이재윤,3,5,2,0,박서현,3,11,2,0,0
GREEN,0.3,1.2,이재윤,3,5,2,0,박서현,3,12,2,0,0
GREEN,0.3,1.3,이재윤,3,5,2,0,박서현,3,13,3,1,-1
GREEN,0.3,1.0,이재윤,3,5,2,0,박서현,3,13,2,1,0
GREEN,0.3,0.4,이재윤,3,5,2,0,박서현,3,14,2,0,0
GREEN,0.3,0.3,이재윤,3,5,2,0,박서현,3,16,2,0,0
GREEN,0.3,0.5,이재윤,3,5,2,0,박서현,3,18,2,0,0
GREEN,0.3,1.1,이재윤,3,5,2,0,박서현,4,1,2,0,0
GREEN,0.3,0.2,이재윤,3,5,2,0,박서현,4,2,2,0,0
GREEN,0.3,0.5,이재윤,3,5,2,0,박서현,4,3,2,1,0
GREEN,0.3,0.3,이재윤,3,5,2,0,박서현,4,4,2,1,0
GREEN,0.3,0.3,이재윤,3,5,2,0,박서현,4,5,2,0,0
GREEN,0.3,0.3,이재윤,3,5,2,0,박서현,4,8,2,0,0
GREEN,0.3,0.4,이재윤,3,5,2,0,박서현,4,9,2,2,0
GREEN,0.3,0.4,이재윤,3,5,2,0,박서현,4,11,2,0,0
GREEN,0.3,0.8,이재윤,3,5,2,0,박서현,4,12,2,1,0
GREEN,0.3,0.2,이재윤,3,5,2,0,박서현,4,14,2,1,0
GREEN,0.3,0.7,이재윤,3,5,2,0,박서현,4,15,2,0,0
GREEN,0.3,1.3,이재윤,3,5,2,0,박서현,4,16,2,0,0
GREEN,0.3,0.5,이재윤,3,5,2,0,박서현,4,17,2,1,0
GREEN,0.3,1.3,이재윤,3,5,2,0,박서현,4,18,2,1,0
GREEN,2.1,2.0,이재윤,3,6,3,0,박서현,1,8,3,1,0
GREEN,2.1,1.1,이재윤,3,6,3,0,박서현,1,13,2,1,1
GREEN,2.1,2.7,이재윤,3,6,3,0,박서현,1,16,2,-1,1
GREEN,2.1,1.2,이재윤,3,6,3,0,박서현,2,5,3,1,0
GREEN,2.1,2.4,이재윤,3,6,3,0,박서현,2,6,2,0,1
GREEN,2.1,1.5,이재윤,3,6,3,0,박서현,2,9,2,0,1
GREEN,2.1,1.5,이재윤,3,6,3,0,박서현,2,11,2,1,1
GREEN,2.1,1.3,이재윤,3,6,3,0,박서현,2,12,3,2,0
GREEN,2.1,1.3,이재윤,3,6,3,0,박서현,2,15,2,0,1
GREEN,2.1,1.3,이재윤,3,6,3,0,박서현,2,18,2,0,1
GREEN,2.1,1.3,이재윤,3,6,3,0,박서현,3,1,2,0,1
GREEN,2.1,1.4,이재윤,3,6,3,0,박서현,3,2,2,0,1
GREEN,2.1,1.2,이재윤,3,6,3,0,박서현,3,5,2,0,1
GREEN,2.1,1.9,이재윤,3,6,3,0,박서현,3,10,3,1,0
GREEN,2.1,1.2,이재윤,3,6,3,0,박서현,3,12,2,0,1
GREEN,2.1,1.3,이재윤,3,6,3,0,박서현,3,13,3,1,0
GREEN,2.1,2.7,이재윤,3,6,3,0,박서현,3,15,3,1,0
GREEN,2.1,1.4,이재윤,3,6,3,0,박서현,3,15,2,1,1
GREEN,2.1,1.9,이재윤,3,6,3,0,박서현,3,17,2,0,1
GREEN,2.1,1.1,이재윤,3,6,3,0,박서현,4,1,2,0,1
GREEN,2.1,2.8,이재윤,3,6,3,0,박서현,4,3,3,1,0
GREEN,2.1,1.7,이재윤,3,6,3,0,박서현,4,9,3,2,0
GREEN,2.1,1.6,이재윤,3,6,3,0,박서현,4,10,2,1,1
GREEN,2.1,1.9,이재윤,3,6,3,0,박서현,4,12,3,1,0
GREEN,2.1,1.6,이재윤,3,6,3,0,박서현,4,14,3,1,0
GREEN,2.1,1.3,이재윤,3,6,3,0,박서현,4,16,2,0,1
GREEN,2.1,2.2,이재윤,3,6,3,0,박서현,4,17,3,1,0
GREEN,2.1,1.3,이재윤,3,6,3,0,박서현,4,18,2,1,1
GREEN,0.4,0.4,이재윤,3,6,2,0,박서현,1,2,2,0,0
GREEN,0.4,1.0,이재윤,3,6,2,0,박서현,1,3,2,2,0
GREEN,0.4,0.5,이재윤,3,6,2,0,박서현,1,4,2,0,0
GREEN,0.4,0.5,이재윤,3,6,2,0,박서현,1,5,2,0,0
GREEN,0.4,0.4,이재윤,3,6,2,0,박서현,1,6,2,1,0
GREEN,0.4,0.5,이재윤,3,6,2,0,박서현,1,7,2,0,0
GREEN,0.4,0.5,이재윤,3,6,2,0,박서현,1,8,2,1,0
GREEN,0.4,0.6,이재윤,3,6,2,0,박서현,1,9,2,0,0
GREEN,0.4,0.3,이재윤,3,6,2,0,박서현,1,10,2,0,0
GREEN,0.4,0.4,이재윤,3,6,2,0,박서현,1,11,2,0,0
GREEN,0.4,1.1,이재윤,3,6,2,0,박서현,1,13,2,1,0
GREEN,0.4,0.3,이재윤,3,6,2,0,박서현,1,14,2,0,0
GREEN,0.4,0.5,이재윤,3,6,2,0,박서현,1,15,2,1,0
GREEN,0.4,0.5,이재윤,3,6,2,0,박서현,1,17,2,0,0
GREEN,0.4,0.3,이재윤,3,6,2,0,박서현,2,1,2,0,0
GREEN,0.4,0.5,이재윤,3,6,2,0,박서현,2,2,2,0,0
GREEN,0.4,0.5,이재윤,3,6,2,0,박서현,2,3,2,0,0
GREEN,0.4,0.3,이재윤,3,6,2,0,박서현,2,4,2,1,0
GREEN,0.4,1.2,이재윤,3,6,2,0,박서현,2,5,3,1,-1
GREEN,0.4,0.4,이재윤,3,6,2,0,박서현,2,5,2,1,0
GREEN,0.4,0.4,이재윤,3,6,2,0,박서현,2,7,2,0,0
GREEN,0.4,0.2,이재윤,3,6,2,0,박서현,2,10,2,0,0
GREEN,0.4,1.3,이재윤,3,6,2,0,박서현,2,12,3,2,-1
GREEN,0.4,0.9,이재윤,3,6,2,0,박서현,2,12,2,2,0
GREEN,0.4,0.4,이재윤,3,6,2,0,박서현,2,13,2,0,0
GREEN,0.4,1.0,이재윤,3,6,2,0,박서현,2,14,2,1,0
GREEN,0.4,1.3,이재윤,3,6,2,0,박서현,2,15,2,0,0
GREEN,0.4,0.2,이재윤,3,6,2,0,박서현,2,17,2,0,0
GREEN,0.4,1.3,이재윤,3,6,2,0,박서현,2,18,2,0,0
GREEN,0.4,1.3,이재윤,3,6,2,0,박서현,3,1,2,0,0
GREEN,0.4,1.4,이재윤,3,6,2,0,박서현,3,2,2,0,0
GREEN,0.4,0.4,이재윤,3,6,2,0,박서현,3,3,2,1,0
GREEN,0.4,0.5,이재윤,3,6,2,0,박서현,3,4,2,0,0
GREEN,0.4,1.2,이재윤,3,6,2,0,박서현,3,5,2,0,0
GREEN,0.4,0.3,이재윤,3,6,2,0,박서현,3,6,2,0,0
GREEN,0.4,0.5,이재윤,3,6,2,0,박서현,3,7,2,0,0
GREEN,0.4,0.3,이재윤,3,6,2,0,박서현,3,8,2,3,0
GREEN,0.4,0.2,이재윤,3,6,2,0,박서현,3,9,2,2,0
GREEN,0.4,0.9,이재윤,3,6,2,0,박서현,3,10,2,1,0
GREEN,0.4,1.0,이재윤,3,6,2,0,박서현,3,11,2,0,0
GREEN,0.4,1.2,이재윤,3,6,2,0,박서현,3,12,2,0,0
GREEN,0.4,1.3,이재윤,3,6,2,0,박서현,3,13,3,1,-1
GREEN,0.4,1.0,이재윤,3,6,2,0,박서현,3,13,2,1,0
GREEN,0.4,0.4,이재윤,3,6,2,0,박서현,3,14,2,0,0
GREEN,0.4,1.4,이재윤,3,6,2,0,박서현,3,15,2,1,0
GREEN,0.4,0.3,이재윤,3,6,2,0,박서현,3,16,2,0,0
GREEN,0.4,0.5,이재윤,3,6,2,0,박서현,3,18,2,0,0
GREEN,0.4,1.1,이재윤,3,6,2,0,박서현,4,1,2,0,0
GREEN,0.4,0.2,이재윤,3,6,2,0,박서현,4,2,2,0,0
GREEN,0.4,0.5,이재윤,3,6,2,0,박서현,4,3,2,1,0
GREEN,0.4,0.3,이재윤,3,6,2,0,박서현,4,4,2,1,0
GREEN,0.4,0.3,이재윤,3,6,2,0,박서현,4,5,2,0,0
GREEN,0.4,0.3,이재윤,3,6,2,0,박서현,4,8,2,0,0
GREEN,0.4,0.4,이재윤,3,6,2,0,박서현,4,9,2,2,0
GREEN,0.4,0.4,이재윤,3,6,2,0,박서현,4,11,2,0,0
GREEN,0.4,0.8,이재윤,3,6,2,0,박서현,4,12,2,1,0
GREEN,0.4,0.2,이재윤,3,6,2,0,박서현,4,14,2,1,0
GREEN,0.4,0.7,이재윤,3,6,2,0,박서현,4,15,2,0,0
GREEN,0.4,1.3,이재윤,3,6,2,0,박서현,4,16,2,0,0
GREEN,0.4,0.5,이재윤,3,6,2,0,박서현,4,17,2,1,0
GREEN,0.4,1.3,이재윤,3,6,2,0,박서현,4,18,2,1,0
GREEN,2.8,3.4,이재윤,3,7,3,0,박서현,1,3,3,2,0
GREEN,2.8,2.0,이재윤,3,7,3,0,박서현,1,8,3,1,0
GREEN,2.8,3.5,이재윤,3,7,3,0,박서현,1,11,3,0,0
GREEN,2.8,2.7,이재윤,3,7,3,0,박서현,1,16,2,-1,1
GREEN,2.8,2.4,이재윤,3,7,3,0,박서현,2,6,2,0,1
GREEN,2.8,3.3,이재윤,3,7,3,0,박서현,2,8,2,0,1
GREEN,2.8,3.6,이재윤,3,7,3,0,박서현,2,10,3,0,0
GREEN,2.8,3.6,이재윤,3,7,3,0,박서현,2,16,2,0,1
GREEN,2.8,1.9,이재윤,3,7,3,0,박서현,3,10,3,1,0
GREEN,2.8,2.7,이재윤,3,7,3,0,박서현,3,15,3,1,0
GREEN,2.8,1.9,이재윤,3,7,3,0,박서현,3,17,2,0,1
GREEN,2.8,2.8,이재윤,3,7,3,0,박서현,4,3,3,1,0
GREEN,2.8,3.7,이재윤,3,7,3,0,박서현,4,4,3,1,0
GREEN,2.8,3.8,이재윤,3,7,3,0,박서현,4,6,2,0,1
GREEN,2.8,3.4,이재윤,3,7,3,0,박서현,4,9,4,2,-1
GREEN,2.8,1.9,이재윤,3,7,3,0,박서현,4,12,3,1,0
GREEN,2.8,3.4,이재윤,3,7,3,0,박서현,4,13,2,0,1
GREEN,2.8,2.2,이재윤,3,7,3,0,박서현,4,17,3,1,0
GREEN,0.5,0.4,이재윤,3,7,2,0,박서현,1,2,2,0,0
GREEN,0.5,1.0,이재윤,3,7,2,0,박서현,1,3,2,2,0
GREEN,0.5,0.5,이재윤,3,7,2,0,박서현,1,4,2,0,0
GREEN,0.5,0.5,이재윤,3,7,2,0,박서현,1,5,2,0,0
GREEN,0.5,0.4,이재윤,3,7,2,0,박서현,1,6,2,1,0
GREEN,0.5,0.5,이재윤,3,7,2,0,박서현,1,7,2,0,0
GREEN,0.5,0.5,이재윤,3,7,2,0,박서현,1,8,2,1,0
GREEN,0.5,0.6,이재윤,3,7,2,0,박서현,1,9,2,0,0
GREEN,0.5,0.3,이재윤,3,7,2,0,박서현,1,10,2,0,0
GREEN,0.5,0.4,이재윤,3,7,2,0,박서현,1,11,2,0,0
GREEN,0.5,1.1,이재윤,3,7,2,0,박서현,1,13,2,1,0
GREEN,0.5,0.3,이재윤,3,7,2,0,박서현,1,14,2,0,0
GREEN,0.5,0.5,이재윤,3,7,2,0,박서현,1,15,2,1,0
GREEN,0.5,0.5,이재윤,3,7,2,0,박서현,1,17,2,0,0
GREEN,0.5,0.3,이재윤,3,7,2,0,박서현,2,1,2,0,0
GREEN,0.5,0.5,이재윤,3,7,2,0,박서현,2,2,2,0,0
GREEN,0.5,0.5,이재윤,3,7,2,0,박서현,2,3,2,0,0
GREEN,0.5,0.3,이재윤,3,7,2,0,박서현,2,4,2,1,0
GREEN,0.5,1.2,이재윤,3,7,2,0,박서현,2,5,3,1,-1
GREEN,0.5,0.4,이재윤,3,7,2,0,박서현,2,5,2,1,0
GREEN,0.5,0.4,이재윤,3,7,2,0,박서현,2,7,2,0,0
GREEN,0.5,1.5,이재윤,3,7,2,0,박서현,2,9,2,0,0
GREEN,0.5,0.2,이재윤,3,7,2,0,박서현,2,10,2,0,0
GREEN,0.5,1.5,이재윤,3,7,2,0,박서현,2,11,2,1,0
GREEN,0.5,1.3,이재윤,3,7,2,0,박서현,2,12,3,2,-1
GREEN,0.5,0.9,이재윤,3,7,2,0,박서현,2,12,2,2,0
GREEN,0.5,0.4,이재윤,3,7,2,0,박서현,2,13,2,0,0
GREEN,0.5,1.0,이재윤,3,7,2,0,박서현,2,14,2,1,0
GREEN,0.5,1.3,이재윤,3,7,2,0,박서현,2,15,2,0,0
GREEN,0.5,0.2,이재윤,3,7,2,0,박서현,2,17,2,0,0
GREEN,0.5,1.3,이재윤,3,7,2,0,박서현,2,18,2,0,0
GREEN,0.5,1.3,이재윤,3,7,2,0,박서현,3,1,2,0,0
GREEN,0.5,1.4,이재윤,3,7,2,0,박서현,3,2,2,0,0
GREEN,0.5,0.4,이재윤,3,7,2,0,박서현,3,3,2,1,0
GREEN,0.5,0.5,이재윤,3,7,2,0,박서현,3,4,2,0,0
GREEN,0.5,1.2,이재윤,3,7,2,0,박서현,3,5,2,0,0
GREEN,0.5,0.3,이재윤,3,7,2,0,박서현,3,6,2,0,0
GREEN,0.5,0.5,이재윤,3,7,2,0,박서현,3,7,2,0,0
GREEN,0.5,0.3,이재윤,3,7,2,0,박서현,3,8,2,3,0
GREEN,0.5,0.2,이재윤,3,7,2,0,박서현,3,9,2,2,0
GREEN,0.5,0.9,이재윤,3,7,2,0,박서현,3,10,2,1,0
GREEN,0.5,1.0,이재윤,3,7,2,0,박서현,3,11,2,0,0
GREEN,0.5,1.2,이재윤,3,7,2,0,박서현,3,12,2,0,0
GREEN,0.5,1.3,이재윤,3,7,2,0,박서현,3,13,3,1,-1
GREEN,0.5,1.0,이재윤,3,7,2,0,박서현,3,13,2,1,0
GREEN,0.5,0.4,이재윤,3,7,2,0,박서현,3,14,2,0,0
GREEN,0.5,1.4,이재윤,3,7,2,0,박서현,3,15,2,1,0
GREEN,0.5,0.3,이재윤,3,7,2,0,박서현,3,16,2,0,0
GREEN,0.5,0.5,이재윤,3,7,2,0,박서현,3,18,2,0,0
GREEN,0.5,1.1,이재윤,3,7,2,0,박서현,4,1,2,0,0
GREEN,0.5,0.2,이재윤,3,7,2,0,박서현,4,2,2,0,0
GREEN,0.5,0.5,이재윤,3,7,2,0,박서현,4,3,2,1,0
GREEN,0.5,0.3,이재윤,3,7,2,0,박서현,4,4,2,1,0
GREEN,0.5,0.3,이재윤,3,7,2,0,박서현,4,5,2,0,0
GREEN,0.5,0.3,이재윤,3,7,2,0,박서현,4,8,2,0,0
GREEN,0.5,0.4,이재윤,3,7,2,0,박서현,4,9,2,2,0
GREEN,0.5,0.4,이재윤,3,7,2,0,박서현,4,11,2,0,0
GREEN,0.5,0.8,이재윤,3,7,2,0,박서현,4,12,2,1,0
GREEN,0.5,0.2,이재윤,3,7,2,0,박서현,4,14,2,1,0
GREEN,0.5,0.7,이재윤,3,7,2,0,박서현,4,15,2,0,0
GREEN,0.5,1.3,이재윤,3,7,2,0,박서현,4,16,2,0,0
GREEN,0.5,0.5,이재윤,3,7,2,0,박서현,4,17,2,1,0
GREEN,0.5,1.3,이재윤,3,7,2,0,박서현,4,18,2,1,0
GREEN,15.7,15.0,이재윤,3,8,3,0,박서현,2,12,4,2,-1
GREEN,15.7,14.8,이재윤,3,8,3,0,박서현,3,5,3,0,0
GREEN,15.7,15.4,이재윤,3,8,3,0,박서현,4,17,4,1,-1
GREEN,0.3,0.4,이재윤,3,8,2,0,박서현,1,2,2,0,0
GREEN,0.3,1.0,이재윤,3,8,2,0,박서현,1,3,2,2,0
GREEN,0.3,0.5,이재윤,3,8,2,0,박서현,1,4,2,0,0
GREEN,0.3,0.5,이재윤,3,8,2,0,박서현,1,5,2,0,0
GREEN,0.3,0.4,이재윤,3,8,2,0,박서현,1,6,2,1,0
GREEN,0.3,0.5,이재윤,3,8,2,0,박서현,1,7,2,0,0
GREEN,0.3,0.5,이재윤,3,8,2,0,박서현,1,8,2,1,0
GREEN,0.3,0.6,이재윤,3,8,2,0,박서현,1,9,2,0,0
GREEN,0.3,0.3,이재윤,3,8,2,0,박서현,1,10,2,0,0
GREEN,0.3,0.4,이재윤,3,8,2,0,박서현,1,11,2,0,0
GREEN,0.3,1.1,이재윤,3,8,2,0,박서현,1,13,2,1,0
GREEN,0.3,0.3,이재윤,3,8,2,0,박서현,1,14,2,0,0
GREEN,0.3,0.5,이재윤,3,8,2,0,박서현,1,15,2,1,0
GREEN,0.3,0.5,이재윤,3,8,2,0,박서현,1,17,2,0,0
GREEN,0.3,0.3,이재윤,3,8,2,0,박서현,2,1,2,0,0
GREEN,0.3,0.5,이재윤,3,8,2,0,박서현,2,2,2,0,0
GREEN,0.3,0.5,이재윤,3,8,2,0,박서현,2,3,2,0,0
GREEN,0.3,0.3,이재윤,3,8,2,0,박서현,2,4,2,1,0
GREEN,0.3,1.2,이재윤,3,8,2,0,박서현,2,5,3,1,-1
GREEN,0.3,0.4,이재윤,3,8,2,0,박서현,2,5,2,1,0
GREEN,0.3,0.4,이재윤,3,8,2,0,박서현,2,7,2,0,0
GREEN,0.3,0.2,이재윤,3,8,2,0,박서현,2,10,2,0,0
GREEN,0.3,1.3,이재윤,3,8,2,0,박서현,2,12,3,2,-1
GREEN,0.3,0.9,이재윤,3,8,2,0,박서현,2,12,2,2,0
GREEN,0.3,0.4,이재윤,3,8,2,0,박서현,2,13,2,0,0
GREEN,0.3,1.0,이재윤,3,8,2,0,박서현,2,14,2,1,0
GREEN,0.3,1.3,이재윤,3,8,2,0,박서현,2,15,2,0,0
GREEN,0.3,0.2,이재윤,3,8,2,0,박서현,2,17,2,0,0
GREEN,0.3,1.3,이재윤,3,8,2,0,박서현,2,18,2,0,0
GREEN,0.3,1.3,이재윤,3,8,2,0,박서현,3,1,2,0,0
GREEN,0.3,0.4,이재윤,3,8,2,0,박서현,3,3,2,1,0
GREEN,0.3,0.5,이재윤,3,8,2,0,박서현,3,4,2,0,0
GREEN,0.3,1.2,이재윤,3,8,2,0,박서현,3,5,2,0,0
GREEN,0.3,0.3,이재윤,3,8,2,0,박서현,3,6,2,0,0
GREEN,0.3,0.5,이재윤,3,8,2,0,박서현,3,7,2,0,0
GREEN,0.3,0.3,이재윤,3,8,2,0,박서현,3,8,2,3,0
GREEN,0.3,0.2,이재윤,3,8,2,0,박서현,3,9,2,2,0
GREEN,0.3,0.9,이재윤,3,8,2,0,박서현,3,10,2,1,0
GREEN,0.3,1.0,이재윤,3,8,2,0,박서현,3,11,2,0,0
GREEN,0.3,1.2,이재윤,3,8,2,0,박서현,3,12,2,0,0
GREEN,0.3,1.3,이재윤,3,8,2,0,박서현,3,13,3,1,-1
GREEN,0.3,1.0,이재윤,3,8,2,0,박서현,3,13,2,1,0
GREEN,0.3,0.4,이재윤,3,8,2,0,박서현,3,14,2,0,0
GREEN,0.3,0.3,이재윤,3,8,2,0,박서현,3,16,2,0,0
GREEN,0.3,0.5,이재윤,3,8,2,0,박서현,3,18,2,0,0
GREEN,0.3,1.1,이재윤,3,8,2,0,박서현,4,1,2,0,0
GREEN,0.3,0.2,이재윤,3,8,2,0,박서현,4,2,2,0,0
GREEN,0.3,0.5,이재윤,3,8,2,0,박서현,4,3,2,1,0
GREEN,0.3,0.3,이재윤,3,8,2,0,박서현,4,4,2,1,0
GREEN,0.3,0.3,이재윤,3,8,2,0,박서현,4,5,2,0,0
GREEN,0.3,0.3,이재윤,3,8,2,0,박서현,4,8,2,0,0
GREEN,0.3,0.4,이재윤,3,8,2,0,박서현,4,9,2,2,0
GREEN,0.3,0.4,이재윤,3,8,2,0,박서현,4,11,2,0,0
GREEN,0.3,0.8,이재윤,3,8,2,0,박서현,4,12,2,1,0
GREEN,0.3,0.2,이재윤,3,8,2,0,박서현,4,14,2,1,0
GREEN,0.3,0.7,이재윤,3,8,2,0,박서현,4,15,2,0,0
GREEN,0.3,1.3,이재윤,3,8,2,0,박서현,4,16,2,0,0
GREEN,0.3,0.5,이재윤,3,8,2,0,박서현,4,17,2,1,0
GREEN,0.3,1.3,이재윤,3,8,2,0,박서현,4,18,2,1,0
GREEN,9.2,9.4,이재윤,3,9,3,0,박서현,1,7,3,0,0
GREEN,9.2,9.4,이재윤,3,9,3,0,박서현,1,18,2,-1,1
GREEN,9.2,9.4,이재윤,3,9,3,0,박서현,2,7,3,0,0
GREEN,9.2,8.2,이재윤,3,9,3,0,박서현,3,12,3,0,0
GREEN,1.2,0.4,이재윤,3,9,2,0,박서현,1,2,2,0,0
GREEN,1.2,1.0,이재윤,3,9,2,0,박서현,1,3,2,2,0
GREEN,1.2,0.5,이재윤,3,9,2,0,박서현,1,4,2,0,0
GREEN,1.2,0.5,이재윤,3,9,2,0,박서현,1,5,2,0,0
GREEN,1.2,0.4,이재윤,3,9,2,0,박서현,1,6,2,1,0
GREEN,1.2,0.5,이재윤,3,9,2,0,박서현,1,7,2,0,0
GREEN,1.2,2.0,이재윤,3,9,2,0,박서현,1,8,3,1,-1
GREEN,1.2,0.5,이재윤,3,9,2,0,박서현,1,8,2,1,0
GREEN,1.2,0.6,이재윤,3,9,2,0,박서현,1,9,2,0,0
GREEN,1.2,0.3,이재윤,3,9,2,0,박서현,1,10,2,0,0
GREEN,1.2,0.4,이재윤,3,9,2,0,박서현,1,11,2,0,0
GREEN,1.2,1.1,이재윤,3,9,2,0,박서현,1,13,2,1,0
GREEN,1.2,0.3,이재윤,3,9,2,0,박서현,1,14,2,0,0
GREEN,1.2,0.5,이재윤,3,9,2,0,박서현,1,15,2,1,0
GREEN,1.2,0.5,이재윤,3,9,2,0,박서현,1,17,2,0,0
GREEN,1.2,0.3,이재윤,3,9,2,0,박서현,2,1,2,0,0
GREEN,1.2,0.5,이재윤,3,9,2,0,박서현,2,2,2,0,0
GREEN,1.2,0.5,이재윤,3,9,2,0,박서현,2,3,2,0,0
GREEN,1.2,0.3,이재윤,3,9,2,0,박서현,2,4,2,1,0
GREEN,1.2,1.2,이재윤,3,9,2,0,박서현,2,5,3,1,-1
GREEN,1.2,0.4,이재윤,3,9,2,0,박서현,2,5,2,1,0
GREEN,1.2,0.4,이재윤,3,9,2,0,박서현,2,7,2,0,0
GREEN,1.2,1.5,이재윤,3,9,2,0,박서현,2,9,2,0,0
GREEN,1.2,0.2,이재윤,3,9,2,0,박서현,2,10,2,0,0
GREEN,1.2,1.5,이재윤,3,9,2,0,박서현,2,11,2,1,0
GREEN,1.2,1.3,이재윤,3,9,2,0,박서현,2,12,3,2,-1
GREEN,1.2,0.9,이재윤,3,9,2,0,박서현,2,12,2,2,0
GREEN,1.2,0.4,이재윤,3,9,2,0,박서현,2,13,2,0,0
GREEN,1.2,1.0,이재윤,3,9,2,0,박서현,2,14,2,1,0
GREEN,1.2,1.3,이재윤,3,9,2,0,박서현,2,15,2,0,0
GREEN,1.2,0.2,이재윤,3,9,2,0,박서현,2,17,2,0,0
GREEN,1.2,1.3,이재윤,3,9,2,0,박서현,2,18,2,0,0
GREEN,1.2,1.3,이재윤,3,9,2,0,박서현,3,1,2,0,0
GREEN,1.2,1.4,이재윤,3,9,2,0,박서현,3,2,2,0,0
GREEN,1.2,0.4,이재윤,3,9,2,0,박서현,3,3,2,1,0
GREEN,1.2,0.5,이재윤,3,9,2,0,박서현,3,4,2,0,0
GREEN,1.2,1.2,이재윤,3,9,2,0,박서현,3,5,2,0,0
GREEN,1.2,0.3,이재윤,3,9,2,0,박서현,3,6,2,0,0
GREEN,1.2,0.5,이재윤,3,9,2,0,박서현,3,7,2,0,0
GREEN,1.2,0.3,이재윤,3,9,2,0,박서현,3,8,2,3,0
GREEN,1.2,0.2,이재윤,3,9,2,0,박서현,3,9,2,2,0
GREEN,1.2,1.9,이재윤,3,9,2,0,박서현,3,10,3,1,-1
GREEN,1.2,0.9,이재윤,3,9,2,0,박서현,3,10,2,1,0
GREEN,1.2,1.0,이재윤,3,9,2,0,박서현,3,11,2,0,0
GREEN,1.2,1.2,이재윤,3,9,2,0,박서현,3,12,2,0,0
GREEN,1.2,1.3,이재윤,3,9,2,0,박서현,3,13,3,1,-1
GREEN,1.2,1.0,이재윤,3,9,2,0,박서현,3,13,2,1,0
GREEN,1.2,0.4,이재윤,3,9,2,0,박서현,3,14,2,0,0
GREEN,1.2,1.4,이재윤,3,9,2,0,박서현,3,15,2,1,0
GREEN,1.2,0.3,이재윤,3,9,2,0,박서현,3,16,2,0,0
GREEN,1.2,1.9,이재윤,3,9,2,0,박서현,3,17,2,0,0
GREEN,1.2,0.5,이재윤,3,9,2,0,박서현,3,18,2,0,0
GREEN,1.2,1.1,이재윤,3,9,2,0,박서현,4,1,2,0,0
GREEN,1.2,0.2,이재윤,3,9,2,0,박서현,4,2,2,0,0
GREEN,1.2,0.5,이재윤,3,9,2,0,박서현,4,3,2,1,0
GREEN,1.2,0.3,이재윤,3,9,2,0,박서현,4,4,2,1,0
GREEN,1.2,0.3,이재윤,3,9,2,0,박서현,4,5,2,0,0
GREEN,1.2,0.3,이재윤,3,9,2,0,박서현,4,8,2,0,0
GREEN,1.2,1.7,이재윤,3,9,2,0,박서현,4,9,3,2,-1
GREEN,1.2,0.4,이재윤,3,9,2,0,박서현,4,9,2,2,0
GREEN,1.2,1.6,이재윤,3,9,2,0,박서현,4,10,2,1,0
GREEN,1.2,0.4,이재윤,3,9,2,0,박서현,4,11,2,0,0
GREEN,1.2,1.9,이재윤,3,9,2,0,박서현,4,12,3,1,-1
GREEN,1.2,0.8,이재윤,3,9,2,0,박서현,4,12,2,1,0
GREEN,1.2,1.6,이재윤,3,9,2,0,박서현,4,14,3,1,-1
GREEN,1.2,0.2,이재윤,3,9,2,0,박서현,4,14,2,1,0
GREEN,1.2,0.7,이재윤,3,9,2,0,박서현,4,15,2,0,0
GREEN,1.2,1.3,이재윤,3,9,2,0,박서현,4,16,2,0,0
GREEN,1.2,0.5,이재윤,3,9,2,0,박서현,4,17,2,1,0
GREEN,1.2,1.3,이재윤,3,9,2,0,박서현,4,18,2,1,0
FAIRWAY,183.4,183.1,이재윤,3,10,5,1,박서현,1,1,3,-1,2
FAIRWAY,183.4,184.1,이재윤,3,10,5,1,박서현,1,6,5,1,0
GREEN,19.7,18.9,이재윤,3,10,4,1,박서현,4,9,5,2,-1
GREEN,6.5,5.9,이재윤,3,10,3,1,박서현,1,4,3,0,0
GREEN,6.5,7.2,이재윤,3,10,3,1,박서현,1,5,3,0,0
GREEN,6.5,6.9,이재윤,3,10,3,1,박서현,1,6,3,1,0
GREEN,6.5,7.5,이재윤,3,10,3,1,박서현,1,13,3,1,0
GREEN,6.5,6.6,이재윤,3,10,3,1,박서현,1,15,3,1,0
GREEN,6.5,6.1,이재윤,3,10,3,1,박서현,2,2,3,0,0
GREEN,6.5,6.1,이재윤,3,10,3,1,박서현,2,4,3,1,0
GREEN,6.5,5.6,이재윤,3,10,3,1,박서현,3,1,3,0,0
GREEN,6.5,7.5,이재윤,3,10,3,1,박서현,3,6,3,0,0
GREEN,6.5,5.6,이재윤,3,10,3,1,박서현,3,16,3,0,0
GREEN,6.5,7.1,이재윤,3,10,3,1,박서현,4,1,3,0,0
GREEN,6.5,6.7,이재윤,3,10,3,1,박서현,4,5,3,0,0
GREEN,6.5,6.2,이재윤,3,10,3,1,박서현,4,7,2,-1,1
GREEN,6.5,5.5,이재윤,3,10,3,1,박서현,4,10,3,1,0
GREEN,1.3,0.4,이재윤,3,10,2,1,박서현,1,2,2,0,0
GREEN,1.3,1.0,이재윤,3,10,2,1,박서현,1,3,2,2,0
GREEN,1.3,0.5,이재윤,3,10,2,1,박서현,1,4,2,0,0
GREEN,1.3,0.5,이재윤,3,10,2,1,박서현,1,5,2,0,0
GREEN,1.3,0.4,이재윤,3,10,2,1,박서현,1,6,2,1,0
GREEN,1.3,0.5,이재윤,3,10,2,1,박서현,1,7,2,0,0
GREEN,1.3,2.0,이재윤,3,10,2,1,박서현,1,8,3,1,-1
GREEN,1.3,0.5,이재윤,3,10,2,1,박서현,1,8,2,1,0
GREEN,1.3,0.6,이재윤,3,10,2,1,박서현,1,9,2,0,0
GREEN,1.3,0.3,이재윤,3,10,2,1,박서현,1,10,2,0,0
GREEN,1.3,0.4,이재윤,3,10,2,1,박서현,1,11,2,0,0
GREEN,1.3,1.1,이재윤,3,10,2,1,박서현,1,13,2,1,0
GREEN,1.3,0.3,이재윤,3,10,2,1,박서현,1,14,2,0,0
GREEN,1.3,0.5,이재윤,3,10,2,1,박서현,1,15,2,1,0
GREEN,1.3,0.5,이재윤,3,10,2,1,박서현,1,17,2,0,0
GREEN,1.3,0.3,이재윤,3,10,2,1,박서현,2,1,2,0,0
GREEN,1.3,0.5,이재윤,3,10,2,1,박서현,2,2,2,0,0
GREEN,1.3,0.5,이재윤,3,10,2,1,박서현,2,3,2,0,0
GREEN,1.3,0.3,이재윤,3,10,2,1,박서현,2,4,2,1,0
GREEN,1.3,1.2,이재윤,3,10,2,1,박서현,2,5,3,1,-1
GREEN,1.3,0.4,이재윤,3,10,2,1,박서현,2,5,2,1,0
GREEN,1.3,0.4,이재윤,3,10,2,1,박서현,2,7,2,0,0
GREEN,1.3,1.5,이재윤,3,10,2,1,박서현,2,9,2,0,0
GREEN,1.3,1.5,이재윤,3,10,2,1,박서현,2,11,2,1,0
GREEN,1.3,1.3,이재윤,3,10,2,1,박서현,2,12,3,2,-1
GREEN,1.3,0.9,이재윤,3,10,2,1,박서현,2,12,2,2,0
GREEN,1.3,0.4,이재윤,3,10,2,1,박서현,2,13,2,0,0
GREEN,1.3,1.0,이재윤,3,10,2,1,박서현,2,14,2,1,0
GREEN,1.3,1.3,이재윤,3,10,2,1,박서현,2,15,2,0,0
GREEN,1.3,1.3,이재윤,3,10,2,1,박서현,2,18,2,0,0
GREEN,1.3,1.3,이재윤,3,10,2,1,박서현,3,1,2,0,0
GREEN,1.3,1.4,이재윤,3,10,2,1,박서현,3,2,2,0,0
GREEN,1.3,0.4,이재윤,3,10,2,1,박서현,3,3,2,1,0
GREEN,1.3,0.5,이재윤,3,10,2,1,박서현,3,4,2,0,0
GREEN,1.3,1.2,이재윤,3,10,2,1,박서현,3,5,2,0,0
GREEN,1.3,0.3,이재윤,3,10,2,1,박서현,3,6,2,0,0
GREEN,1.3,0.5,이재윤,3,10,2,1,박서현,3,7,2,0,0
GREEN,1.3,0.3,이재윤,3,10,2,1,박서현,3,8,2,3,0
GREEN,1.3,1.9,이재윤,3,10,2,1,박서현,3,10,3,1,-1
GREEN,1.3,0.9,이재윤,3,10,2,1,박서현,3,10,2,1,0
GREEN,1.3,1.0,이재윤,3,10,2,1,박서현,3,11,2,0,0
GREEN,1.3,1.2,이재윤,3,10,2,1,박서현,3,12,2,0,0
GREEN,1.3,1.3,이재윤,3,10,2,1,박서현,3,13,3,1,-1
GREEN,1.3,1.0,이재윤,3,10,2,1,박서현,3,13,2,1,0
GREEN,1.3,0.4,이재윤,3,10,2,1,박서현,3,14,2,0,0
GREEN,1.3,1.4,이재윤,3,10,2,1,박서현,3,15,2,1,0
GREEN,1.3,0.3,이재윤,3,10,2,1,박서현,3,16,2,0,0
GREEN,1.3,1.9,이재윤,3,10,2,1,박서현,3,17,2,0,0
GREEN,1.3,0.5,이재윤,3,10,2,1,박서현,3,18,2,0,0
GREEN,1.3,1.1,이재윤,3,10,2,1,박서현,4,1,2,0,0
GREEN,1.3,0.5,이재윤,3,10,2,1,박서현,4,3,2,1,0
GREEN,1.3,0.3,이재윤,3,10,2,1,박서현,4,4,2,1,0
GREEN,1.3,0.3,이재윤,3,10,2,1,박서현,4,5,2,0,0
GREEN,1.3,0.3,이재윤,3,10,2,1,박서현,4,8,2,0,0
GREEN,1.3,1.7,이재윤,3,10,2,1,박서현,4,9,3,2,-1
GREEN,1.3,0.4,이재윤,3,10,2,1,박서현,4,9,2,2,0
GREEN,1.3,1.6,이재윤,3,10,2,1,박서현,4,10,2,1,0
GREEN,1.3,0.4,이재윤,3,10,2,1,박서현,4,11,2,0,0
GREEN,1.3,1.9,이재윤,3,10,2,1,박서현,4,12,3,1,-1
GREEN,1.3,0.8,이재윤,3,10,2,1,박서현,4,12,2,1,0
GREEN,1.3,1.6,이재윤,3,10,2,1,박서현,4,14,3,1,-1
GREEN,1.3,0.7,이재윤,3,10,2,1,박서현,4,15,2,0,0
GREEN,1.3,1.3,이재윤,3,10,2,1,박서현,4,16,2,0,0
GREEN,1.3,2.2,이재윤,3,10,2,1,박서현,4,17,3,1,-1
GREEN,1.3,0.5,이재윤,3,10,2,1,박서현,4,17,2,1,0
GREEN,1.3,1.3,이재윤,3,10,2,1,박서현,4,18,2,1,0
GREEN,6.2,5.9,이재윤,3,11,3,0,박서현,1,4,3,0,0
GREEN,6.2,7.2,이재윤,3,11,3,0,박서현,1,5,3,0,0
GREEN,6.2,6.9,이재윤,3,11,3,0,박서현,1,6,3,1,0
GREEN,6.2,6.6,이재윤,3,11,3,0,박서현,1,15,3,1,0
GREEN,6.2,6.1,이재윤,3,11,3,0,박서현,2,2,3,0,0
GREEN,6.2,5.3,이재윤,3,11,3,0,박서현,2,3,3,0,0
GREEN,6.2,6.1,이재윤,3,11,3,0,박서현,2,4,3,1,0
GREEN,6.2,5.6,이재윤,3,11,3,0,박서현,3,1,3,0,0
GREEN,6.2,5.4,이재윤,3,11,3,0,박서현,3,14,3,0,0
GREEN,6.2,5.6,이재윤,3,11,3,0,박서현,3,16,3,0,0
GREEN,6.2,7.1,이재윤,3,11,3,0,박서현,4,1,3,0,0
GREEN,6.2,6.7,이재윤,3,11,3,0,박서현,4,5,3,0,0
GREEN,6.2,6.2,이재윤,3,11,3,0,박서현,4,7,2,-1,1
GREEN,6.2,5.5,이재윤,3,11,3,0,박서현,4,10,3,1,0
GREEN,0.5,0.4,이재윤,3,11,2,0,박서현,1,2,2,0,0
GREEN,0.5,1.0,이재윤,3,11,2,0,박서현,1,3,2,2,0
GREEN,0.5,0.5,이재윤,3,11,2,0,박서현,1,4,2,0,0
GREEN,0.5,0.5,이재윤,3,11,2,0,박서현,1,5,2,0,0
GREEN,0.5,0.4,이재윤,3,11,2,0,박서현,1,6,2,1,0
GREEN,0.5,0.5,이재윤,3,11,2,0,박서현,1,7,2,0,0
GREEN,0.5,0.5,이재윤,3,11,2,0,박서현,1,8,2,1,0
GREEN,0.5,0.6,이재윤,3,11,2,0,박서현,1,9,2,0,0
GREEN,0.5,0.3,이재윤,3,11,2,0,박서현,1,10,2,0,0
GREEN,0.5,0.4,이재윤,3,11,2,0,박서현,1,11,2,0,0
GREEN,0.5,1.1,이재윤,3,11,2,0,박서현,1,13,2,1,0
GREEN,0.5,0.3,이재윤,3,11,2,0,박서현,1,14,2,0,0
GREEN,0.5,0.5,이재윤,3,11,2,0,박서현,1,15,2,1,0
GREEN,0.5,0.5,이재윤,3,11,2,0,박서현,1,17,2,0,0
GREEN,0.5,0.3,이재윤,3,11,2,0,박서현,2,1,2,0,0
GREEN,0.5,0.5,이재윤,3,11,2,0,박서현,2,2,2,0,0
GREEN,0.5,0.5,이재윤,3,11,2,0,박서현,2,3,2,0,0
GREEN,0.5,0.3,이재윤,3,11,2,0,박서현,2,4,2,1,0
GREEN,0.5,1.2,이재윤,3,11,2,0,박서현,2,5,3,1,-1
GREEN,0.5,0.4,이재윤,3,11,2,0,박서현,2,5,2,1,0
GREEN,0.5,0.4,이재윤,3,11,2,0,박서현,2,7,2,0,0
GREEN,0.5,1.5,이재윤,3,11,2,0,박서현,2,9,2,0,0
GREEN,0.5,0.2,이재윤,3,11,2,0,박서현,2,10,2,0,0
GREEN,0.5,1.5,이재윤,3,11,2,0,박서현,2,11,2,1,0
GREEN,0.5,1.3,이재윤,3,11,2,0,박서현,2,12,3,2,-1
GREEN,0.5,0.9,이재윤,3,11,2,0,박서현,2,12,2,2,0
GREEN,0.5,0.4,이재윤,3,11,2,0,박서현,2,13,2,0,0
GREEN,0.5,1.0,이재윤,3,11,2,0,박서현,2,14,2,1,0
GREEN,0.5,1.3,이재윤,3,11,2,0,박서현,2,15,2,0,0
GREEN,0.5,0.2,이재윤,3,11,2,0,박서현,2,17,2,0,0
GREEN,0.5,1.3,이재윤,3,11,2,0,박서현,2,18,2,0,0
GREEN,0.5,1.3,이재윤,3,11,2,0,박서현,3,1,2,0,0
GREEN,0.5,1.4,이재윤,3,11,2,0,박서현,3,2,2,0,0
GREEN,0.5,0.4,이재윤,3,11,2,0,박서현,3,3,2,1,0
GREEN,0.5,0.5,이재윤,3,11,2,0,박서현,3,4,2,0,0
GREEN,0.5,1.2,이재윤,3,11,2,0,박서현,3,5,2,0,0
GREEN,0.5,0.3,이재윤,3,11,2,0,박서현,3,6,2,0,0
GREEN,0.5,0.5,이재윤,3,11,2,0,박서현,3,7,2,0,0
GREEN,0.5,0.3,이재윤,3,11,2,0,박서현,3,8,2,3,0
GREEN,0.5,0.2,이재윤,3,11,2,0,박서현,3,9,2,2,0
GREEN,0.5,0.9,이재윤,3,11,2,0,박서현,3,10,2,1,0
GREEN,0.5,1.0,이재윤,3,11,2,0,박서현,3,11,2,0,0
GREEN,0.5,1.2,이재윤,3,11,2,0,박서현,3,12,2,0,0
GREEN,0.5,1.3,이재윤,3,11,2,0,박서현,3,13,3,1,-1
GREEN,0.5,1.0,이재윤,3,11,2,0,박서현,3,13,2,1,0
GREEN,0.5,0.4,이재윤,3,11,2,0,박서현,3,14,2,0,0
GREEN,0.5,1.4,이재윤,3,11,2,0,박서현,3,15,2,1,0
GREEN,0.5,0.3,이재윤,3,11,2,0,박서현,3,16,2,0,0
GREEN,0.5,0.5,이재윤,3,11,2,0,박서현,3,18,2,0,0
GREEN,0.5,1.1,이재윤,3,11,2,0,박서현,4,1,2,0,0
GREEN,0.5,0.2,이재윤,3,11,2,0,박서현,4,2,2,0,0
GREEN,0.5,0.5,이재윤,3,11,2,0,박서현,4,3,2,1,0
GREEN,0.5,0.3,이재윤,3,11,2,0,박서현,4,4,2,1,0
GREEN,0.5,0.3,이재윤,3,11,2,0,박서현,4,5,2,0,0
GREEN,0.5,0.3,이재윤,3,11,2,0,박서현,4,8,2,0,0
GREEN,0.5,0.4,이재윤,3,11,2,0,박서현,4,9,2,2,0
GREEN,0.5,0.4,이재윤,3,11,2,0,박서현,4,11,2,0,0
GREEN,0.5,0.8,이재윤,3,11,2,0,박서현,4,12,2,1,0
GREEN,0.5,0.2,이재윤,3,11,2,0,박서현,4,14,2,1,0
GREEN,0.5,0.7,이재윤,3,11,2,0,박서현,4,15,2,0,0
GREEN,0.5,1.3,이재윤,3,11,2,0,박서현,4,16,2,0,0
GREEN,0.5,0.5,이재윤,3,11,2,0,박서현,4,17,2,1,0
GREEN,0.5,1.3,이재윤,3,11,2,0,박서현,4,18,2,1,0
GREEN,2.6,3.4,이재윤,3,12,2,0,박서현,1,3,3,2,-1
GREEN,2.6,2.0,이재윤,3,12,2,0,박서현,1,8,3,1,-1
GREEN,2.6,3.5,이재윤,3,12,2,0,박서현,1,11,3,0,-1
GREEN,2.6,2.7,이재윤,3,12,2,0,박서현,1,16,2,-1,0
GREEN,2.6,2.4,이재윤,3,12,2,0,박서현,2,6,2,0,0
GREEN,2.6,3.3,이재윤,3,12,2,0,박서현,2,8,2,0,0
GREEN,2.6,3.6,이재윤,3,12,2,0,박서현,2,10,3,0,-1
GREEN,2.6,3.6,이재윤,3,12,2,0,박서현,2,16,2,0,0
GREEN,2.6,1.9,이재윤,3,12,2,0,박서현,3,10,3,1,-1
GREEN,2.6,2.7,이재윤,3,12,2,0,박서현,3,15,3,1,-1
GREEN,2.6,1.9,이재윤,3,12,2,0,박서현,3,17,2,0,0
GREEN,2.6,2.8,이재윤,3,12,2,0,박서현,4,3,3,1,-1
GREEN,2.6,3.4,이재윤,3,12,2,0,박서현,4,9,4,2,-2
GREEN,2.6,1.7,이재윤,3,12,2,0,박서현,4,9,3,2,-1
GREEN,2.6,1.6,이재윤,3,12,2,0,박서현,4,10,2,1,0
GREEN,2.6,1.9,이재윤,3,12,2,0,박서현,4,12,3,1,-1
GREEN,2.6,3.4,이재윤,3,12,2,0,박서현,4,13,2,0,0
GREEN,2.6,1.6,이재윤,3,12,2,0,박서현,4,14,3,1,-1
GREEN,2.6,2.2,이재윤,3,12,2,0,박서현,4,17,3,1,-1
FRINGE,8.6,9.4,이재윤,3,13,4,1,박서현,1,12,2,0,2
FRINGE,8.6,7.8,이재윤,3,13,4,1,박서현,2,5,4,1,0
FRINGE,8.6,8.8,이재윤,3,13,4,1,박서현,4,2,3,0,1
FRINGE,8.6,7.9,이재윤,3,13,4,1,박서현,4,14,4,1,0
GREEN,3.0,3.4,이재윤,3,13,3,1,박서현,1,3,3,2,0
GREEN,3.0,2.0,이재윤,3,13,3,1,박서현,1,8,3,1,0
GREEN,3.0,3.5,이재윤,3,13,3,1,박서현,1,11,3,0,0
GREEN,3.0,2.7,이재윤,3,13,3,1,박서현,1,16,2,-1,1
GREEN,3.0,2.4,이재윤,3,13,3,1,박서현,2,6,2,0,1
GREEN,3.0,3.3,이재윤,3,13,3,1,박서현,2,8,2,0,1
GREEN,3.0,3.6,이재윤,3,13,3,1,박서현,2,10,3,0,0
GREEN,3.0,3.6,이재윤,3,13,3,1,박서현,2,16,2,0,1
GREEN,3.0,2.7,이재윤,3,13,3,1,박서현,3,15,3,1,0
GREEN,3.0,2.8,이재윤,3,13,3,1,박서현,4,3,3,1,0
GREEN,3.0,3.7,이재윤,3,13,3,1,박서현,4,4,3,1,0
GREEN,3.0,3.8,이재윤,3,13,3,1,박서현,4,6,2,0,1
GREEN,3.0,3.4,이재윤,3,13,3,1,박서현,4,9,4,2,-1
GREEN,3.0,3.4,이재윤,3,13,3,1,박서현,4,13,2,0,1
GREEN,3.0,2.2,이재윤,3,13,3,1,박서현,4,17,3,1,0
GREEN,0.3,0.4,이재윤,3,13,2,1,박서현,1,2,2,0,0
GREEN,0.3,1.0,이재윤,3,13,2,1,박서현,1,3,2,2,0
GREEN,0.3,0.5,이재윤,3,13,2,1,박서현,1,4,2,0,0
GREEN,0.3,0.5,이재윤,3,13,2,1,박서현,1,5,2,0,0
GREEN,0.3,0.4,이재윤,3,13,2,1,박서현,1,6,2,1,0
GREEN,0.3,0.5,이재윤,3,13,2,1,박서현,1,7,2,0,0
GREEN,0.3,0.5,이재윤,3,13,2,1,박서현,1,8,2,1,0
GREEN,0.3,0.6,이재윤,3,13,2,1,박서현,1,9,2,0,0
GREEN,0.3,0.3,이재윤,3,13,2,1,박서현,1,10,2,0,0
GREEN,0.3,0.4,이재윤,3,13,2,1,박서현,1,11,2,0,0
GREEN,0.3,1.1,이재윤,3,13,2,1,박서현,1,13,2,1,0
GREEN,0.3,0.3,이재윤,3,13,2,1,박서현,1,14,2,0,0
GREEN,0.3,0.5,이재윤,3,13,2,1,박서현,1,15,2,1,0
GREEN,0.3,0.5,이재윤,3,13,2,1,박서현,1,17,2,0,0
GREEN,0.3,0.3,이재윤,3,13,2,1,박서현,2,1,2,0,0
GREEN,0.3,0.5,이재윤,3,13,2,1,박서현,2,2,2,0,0
GREEN,0.3,0.5,이재윤,3,13,2,1,박서현,2,3,2,0,0
GREEN,0.3,0.3,이재윤,3,13,2,1,박서현,2,4,2,1,0
GREEN,0.3,1.2,이재윤,3,13,2,1,박서현,2,5,3,1,-1
GREEN,0.3,0.4,이재윤,3,13,2,1,박서현,2,5,2,1,0
GREEN,0.3,0.4,이재윤,3,13,2,1,박서현,2,7,2,0,0
GREEN,0.3,0.2,이재윤,3,13,2,1,박서현,2,10,2,0,0
GREEN,0.3,1.3,이재윤,3,13,2,1,박서현,2,12,3,2,-1
GREEN,0.3,0.9,이재윤,3,13,2,1,박서현,2,12,2,2,0
GREEN,0.3,0.4,이재윤,3,13,2,1,박서현,2,13,2,0,0
GREEN,0.3,1.0,이재윤,3,13,2,1,박서현,2,14,2,1,0
GREEN,0.3,1.3,이재윤,3,13,2,1,박서현,2,15,2,0,0
GREEN,0.3,0.2,이재윤,3,13,2,1,박서현,2,17,2,0,0
GREEN,0.3,1.3,이재윤,3,13,2,1,박서현,2,18,2,0,0
GREEN,0.3,1.3,이재윤,3,13,2,1,박서현,3,1,2,0,0
GREEN,0.3,0.4,이재윤,3,13,2,1,박서현,3,3,2,1,0
GREEN,0.3,0.5,이재윤,3,13,2,1,박서현,3,4,2,0,0
GREEN,0.3,1.2,이재윤,3,13,2,1,박서현,3,5,2,0,0
GREEN,0.3,0.3,이재윤,3,13,2,1,박서현,3,6,2,0,0
GREEN,0.3,0.5,이재윤,3,13,2,1,박서현,3,7,2,0,0
GREEN,0.3,0.3,이재윤,3,13,2,1,박서현,3,8,2,3,0
GREEN,0.3,0.2,이재윤,3,13,2,1,박서현,3,9,2,2,0
GREEN,0.3,0.9,이재윤,3,13,2,1,박서현,3,10,2,1,0
GREEN,0.3,1.0,이재윤,3,13,2,1,박서현,3,11,2,0,0
GREEN,0.3,1.2,이재윤,3,13,2,1,박서현,3,12,2,0,0
GREEN,0.3,1.3,이재윤,3,13,2,1,박서현,3,13,3,1,-1
GREEN,0.3,1.0,이재윤,3,13,2,1,박서현,3,13,2,1,0
GREEN,0.3,0.4,이재윤,3,13,2,1,박서현,3,14,2,0,0
GREEN,0.3,0.3,이재윤,3,13,2,1,박서현,3,16,2,0,0
GREEN,0.3,0.5,이재윤,3,13,2,1,박서현,3,18,2,0,0
GREEN,0.3,1.1,이재윤,3,13,2,1,박서현,4,1,2,0,0
GREEN,0.3,0.2,이재윤,3,13,2,1,박서현,4,2,2,0,0
GREEN,0.3,0.5,이재윤,3,13,2,1,박서현,4,3,2,1,0
GREEN,0.3,0.3,이재윤,3,13,2,1,박서현,4,4,2,1,0
GREEN,0.3,0.3,이재윤,3,13,2,1,박서현,4,5,2,0,0
GREEN,0.3,0.3,이재윤,3,13,2,1,박서현,4,8,2,0,0
GREEN,0.3,0.4,이재윤,3,13,2,1,박서현,4,9,2,2,0
GREEN,0.3,0.4,이재윤,3,13,2,1,박서현,4,11,2,0,0
GREEN,0.3,0.8,이재윤,3,13,2,1,박서현,4,12,2,1,0
GREEN,0.3,0.2,이재윤,3,13,2,1,박서현,4,14,2,1,0
GREEN,0.3,0.7,이재윤,3,13,2,1,박서현,4,15,2,0,0
GREEN,0.3,1.3,이재윤,3,13,2,1,박서현,4,16,2,0,0
GREEN,0.3,0.5,이재윤,3,13,2,1,박서현,4,17,2,1,0
GREEN,0.3,1.3,이재윤,3,13,2,1,박서현,4,18,2,1,0
FAIRWAY,137.0,137.8,이재윤,3,14,4,0,박서현,1,14,4,0,0
FAIRWAY,137.0,137.6,이재윤,3,14,4,0,박서현,4,13,4,0,0
GREEN,7.9,7.7,이재윤,3,14,3,0,박서현,1,1,2,-1,1
GREEN,7.9,7.2,이재윤,3,14,3,0,박서현,1,5,3,0,0
GREEN,7.9,6.9,이재윤,3,14,3,0,박서현,1,6,3,1,0
GREEN,7.9,7.5,이재윤,3,14,3,0,박서현,1,13,3,1,0
GREEN,7.9,7.8,이재윤,3,14,3,0,박서현,2,1,3,0,0
GREEN,7.9,7.5,이재윤,3,14,3,0,박서현,3,6,3,0,0
GREEN,7.9,8.2,이재윤,3,14,3,0,박서현,3,12,3,0,0
GREEN,7.9,7.1,이재윤,3,14,3,0,박서현,4,1,3,0,0
GREEN,7.9,7.6,이재윤,3,14,3,0,박서현,4,8,3,0,0
GREEN,0.2,0.4,이재윤,3,14,2,0,박서현,1,2,2,0,0
GREEN,0.2,1.0,이재윤,3,14,2,0,박서현,1,3,2,2,0
GREEN,0.2,0.5,이재윤,3,14,2,0,박서현,1,4,2,0,0
GREEN,0.2,0.5,이재윤,3,14,2,0,박서현,1,5,2,0,0
GREEN,0.2,0.4,이재윤,3,14,2,0,박서현,1,6,2,1,0
GREEN,0.2,0.5,이재윤,3,14,2,0,박서현,1,7,2,0,0
GREEN,0.2,0.5,이재윤,3,14,2,0,박서현,1,8,2,1,0
GREEN,0.2,0.6,이재윤,3,14,2,0,박서현,1,9,2,0,0
GREEN,0.2,0.3,이재윤,3,14,2,0,박서현,1,10,2,0,0
GREEN,0.2,0.4,이재윤,3,14,2,0,박서현,1,11,2,0,0
GREEN,0.2,1.1,이재윤,3,14,2,0,박서현,1,13,2,1,0
GREEN,0.2,0.3,이재윤,3,14,2,0,박서현,1,14,2,0,0
GREEN,0.2,0.5,이재윤,3,14,2,0,박서현,1,15,2,1,0
GREEN,0.2,0.5,이재윤,3,14,2,0,박서현,1,17,2,0,0
GREEN,0.2,0.3,이재윤,3,14,2,0,박서현,2,1,2,0,0
GREEN,0.2,0.5,이재윤,3,14,2,0,박서현,2,2,2,0,0
GREEN,0.2,0.5,이재윤,3,14,2,0,박서현,2,3,2,0,0
GREEN,0.2,0.3,이재윤,3,14,2,0,박서현,2,4,2,1,0
GREEN,0.2,1.2,이재윤,3,14,2,0,박서현,2,5,3,1,-1
GREEN,0.2,0.4,이재윤,3,14,2,0,박서현,2,5,2,1,0
GREEN,0.2,0.4,이재윤,3,14,2,0,박서현,2,7,2,0,0
GREEN,0.2,0.2,이재윤,3,14,2,0,박서현,2,10,2,0,0
GREEN,0.2,0.9,이재윤,3,14,2,0,박서현,2,12,2,2,0
GREEN,0.2,0.4,이재윤,3,14,2,0,박서현,2,13,2,0,0
GREEN,0.2,1.0,이재윤,3,14,2,0,박서현,2,14,2,1,0
GREEN,0.2,0.2,이재윤,3,14,2,0,박서현,2,17,2,0,0
GREEN,0.2,0.4,이재윤,3,14,2,0,박서현,3,3,2,1,0
GREEN,0.2,0.5,이재윤,3,14,2,0,박서현,3,4,2,0,0
GREEN,0.2,1.2,이재윤,3,14,2,0,박서현,3,5,2,0,0
GREEN,0.2,0.3,이재윤,3,14,2,0,박서현,3,6,2,0,0
GREEN,0.2,0.5,이재윤,3,14,2,0,박서현,3,7,2,0,0
GREEN,0.2,0.3,이재윤,3,14,2,0,박서현,3,8,2,3,0
GREEN,0.2,0.2,이재윤,3,14,2,0,박서현,3,9,2,2,0
GREEN,0.2,0.9,이재윤,3,14,2,0,박서현,3,10,2,1,0
GREEN,0.2,1.0,이재윤,3,14,2,0,박서현,3,11,2,0,0
GREEN,0.2,1.2,이재윤,3,14,2,0,박서현,3,12,2,0,0
GREEN,0.2,1.0,이재윤,3,14,2,0,박서현,3,13,2,1,0
GREEN,0.2,0.4,이재윤,3,14,2,0,박서현,3,14,2,0,0
GREEN,0.2,0.3,이재윤,3,14,2,0,박서현,3,16,2,0,0
GREEN,0.2,0.5,이재윤,3,14,2,0,박서현,3,18,2,0,0
GREEN,0.2,1.1,이재윤,3,14,2,0,박서현,4,1,2,0,0
GREEN,0.2,0.2,이재윤,3,14,2,0,박서현,4,2,2,0,0
GREEN,0.2,0.5,이재윤,3,14,2,0,박서현,4,3,2,1,0
GREEN,0.2,0.3,이재윤,3,14,2,0,박서현,4,4,2,1,0
GREEN,0.2,0.3,이재윤,3,14,2,0,박서현,4,5,2,0,0
GREEN,0.2,0.3,이재윤,3,14,2,0,박서현,4,8,2,0,0
GREEN,0.2,0.4,이재윤,3,14,2,0,박서현,4,9,2,2,0
GREEN,0.2,0.4,이재윤,3,14,2,0,박서현,4,11,2,0,0
GREEN,0.2,0.8,이재윤,3,14,2,0,박서현,4,12,2,1,0
GREEN,0.2,0.2,이재윤,3,14,2,0,박서현,4,14,2,1,0
GREEN,0.2,0.7,이재윤,3,14,2,0,박서현,4,15,2,0,0
GREEN,0.2,0.5,이재윤,3,14,2,0,박서현,4,17,2,1,0
ROUGH,139.0,138.4,이재윤,3,15,4,0,박서현,4,9,6,2,-2
FRINGE,16.1,15.5,이재윤,3,15,3,0,박서현,3,17,3,0,0
GREEN,1.4,0.4,이재윤,3,15,2,0,박서현,1,2,2,0,0
GREEN,1.4,1.0,이재윤,3,15,2,0,박서현,1,3,2,2,0
GREEN,1.4,0.5,이재윤,3,15,2,0,박서현,1,4,2,0,0
GREEN,1.4,0.5,이재윤,3,15,2,0,박서현,1,5,2,0,0
GREEN,1.4,0.4,이재윤,3,15,2,0,박서현,1,6,2,1,0
GREEN,1.4,0.5,이재윤,3,15,2,0,박서현,1,7,2,0,0
GREEN,1.4,2.0,이재윤,3,15,2,0,박서현,1,8,3,1,-1
GREEN,1.4,0.5,이재윤,3,15,2,0,박서현,1,8,2,1,0
GREEN,1.4,0.6,이재윤,3,15,2,0,박서현,1,9,2,0,0
GREEN,1.4,0.4,이재윤,3,15,2,0,박서현,1,11,2,0,0
GREEN,1.4,1.1,이재윤,3,15,2,0,박서현,1,13,2,1,0
GREEN,1.4,0.5,이재윤,3,15,2,0,박서현,1,15,2,1,0
GREEN,1.4,0.5,이재윤,3,15,2,0,박서현,1,17,2,0,0
GREEN,1.4,0.5,이재윤,3,15,2,0,박서현,2,2,2,0,0
GREEN,1.4,0.5,이재윤,3,15,2,0,박서현,2,3,2,0,0
GREEN,1.4,1.2,이재윤,3,15,2,0,박서현,2,5,3,1,-1
GREEN,1.4,0.4,이재윤,3,15,2,0,박서현,2,5,2,1,0
GREEN,1.4,2.4,이재윤,3,15,2,0,박서현,2,6,2,0,0
GREEN,1.4,0.4,이재윤,3,15,2,0,박서현,2,7,2,0,0
GREEN,1.4,1.5,이재윤,3,15,2,0,박서현,2,9,2,0,0
GREEN,1.4,1.5,이재윤,3,15,2,0,박서현,2,11,2,1,0
GREEN,1.4,1.3,이재윤,3,15,2,0,박서현,2,12,3,2,-1
GREEN,1.4,0.9,이재윤,3,15,2,0,박서현,2,12,2,2,0
GREEN,1.4,0.4,이재윤,3,15,2,0,박서현,2,13,2,0,0
GREEN,1.4,1.0,이재윤,3,15,2,0,박서현,2,14,2,1,0
GREEN,1.4,1.3,이재윤,3,15,2,0,박서현,2,15,2,0,0
GREEN,1.4,1.3,이재윤,3,15,2,0,박서현,2,18,2,0,0
GREEN,1.4,1.3,이재윤,3,15,2,0,박서현,3,1,2,0,0
GREEN,1.4,1.4,이재윤,3,15,2,0,박서현,3,2,2,0,0
GREEN,1.4,0.4,이재윤,3,15,2,0,박서현,3,3,2,1,0
GREEN,1.4,0.5,이재윤,3,15,2,0,박서현,3,4,2,0,0
GREEN,1.4,1.2,이재윤,3,15,2,0,박서현,3,5,2,0,0
GREEN,1.4,0.5,이재윤,3,15,2,0,박서현,3,7,2,0,0
GREEN,1.4,1.9,이재윤,3,15,2,0,박서현,3,10,3,1,-1
GREEN,1.4,0.9,이재윤,3,15,2,0,박서현,3,10,2,1,0
GREEN,1.4,1.0,이재윤,3,15,2,0,박서현,3,11,2,0,0
GREEN,1.4,1.2,이재윤,3,15,2,0,박서현,3,12,2,0,0
GREEN,1.4,1.3,이재윤,3,15,2,0,박서현,3,13,3,1,-1
GREEN,1.4,1.0,이재윤,3,15,2,0,박서현,3,13,2,1,0
GREEN,1.4,0.4,이재윤,3,15,2,0,박서현,3,14,2,0,0
GREEN,1.4,1.4,이재윤,3,15,2,0,박서현,3,15,2,1,0
GREEN,1.4,1.9,이재윤,3,15,2,0,박서현,3,17,2,0,0
GREEN,1.4,0.5,이재윤,3,15,2,0,박서현,3,18,2,0,0
GREEN,1.4,1.1,이재윤,3,15,2,0,박서현,4,1,2,0,0
GREEN,1.4,0.5,이재윤,3,15,2,0,박서현,4,3,2,1,0
GREEN,1.4,1.7,이재윤,3,15,2,0,박서현,4,9,3,2,-1
GREEN,1.4,0.4,이재윤,3,15,2,0,박서현,4,9,2,2,0
GREEN,1.4,1.6,이재윤,3,15,2,0,박서현,4,10,2,1,0
GREEN,1.4,0.4,이재윤,3,15,2,0,박서현,4,11,2,0,0
GREEN,1.4,1.9,이재윤,3,15,2,0,박서현,4,12,3,1,-1
GREEN,1.4,0.8,이재윤,3,15,2,0,박서현,4,12,2,1,0
GREEN,1.4,1.6,이재윤,3,15,2,0,박서현,4,14,3,1,-1
GREEN,1.4,0.7,이재윤,3,15,2,0,박서현,4,15,2,0,0
GREEN,1.4,1.3,이재윤,3,15,2,0,박서현,4,16,2,0,0
GREEN,1.4,2.2,이재윤,3,15,2,0,박서현,4,17,3,1,-1
GREEN,1.4,0.5,이재윤,3,15,2,0,박서현,4,17,2,1,0
GREEN,1.4,1.3,이재윤,3,15,2,0,박서현,4,18,2,1,0
GREEN,5.9,5.9,이재윤,3,16,2,-1,박서현,1,4,3,0,-1
GREEN,5.9,6.9,이재윤,3,16,2,-1,박서현,1,6,3,1,-1
GREEN,5.9,6.6,이재윤,3,16,2,-1,박서현,1,15,3,1,-1
GREEN,5.9,6.1,이재윤,3,16,2,-1,박서현,2,2,3,0,-1
GREEN,5.9,5.3,이재윤,3,16,2,-1,박서현,2,3,3,0,-1
GREEN,5.9,6.1,이재윤,3,16,2,-1,박서현,2,4,3,1,-1
GREEN,5.9,5.1,이재윤,3,16,2,-1,박서현,2,17,3,0,-1
GREEN,5.9,5.6,이재윤,3,16,2,-1,박서현,3,1,3,0,-1
GREEN,5.9,5.4,이재윤,3,16,2,-1,박서현,3,14,3,0,-1
GREEN,5.9,5.6,이재윤,3,16,2,-1,박서현,3,16,3,0,-1
GREEN,5.9,6.7,이재윤,3,16,2,-1,박서현,4,5,3,0,-1
GREEN,5.9,6.2,이재윤,3,16,2,-1,박서현,4,7,2,-1,0
GREEN,5.9,5.5,이재윤,3,16,2,-1,박서현,4,10,3,1,-1
GREEN,11.1,10.4,이재윤,3,17,3,0,박서현,1,2,3,0,0
GREEN,11.1,11.4,이재윤,3,17,3,0,박서현,4,16,3,0,0
GREEN,1.3,0.4,이재윤,3,17,2,0,박서현,1,2,2,0,0
GREEN,1.3,1.0,이재윤,3,17,2,0,박서현,1,3,2,2,0
GREEN,1.3,0.5,이재윤,3,17,2,0,박서현,1,4,2,0,0
GREEN,1.3,0.5,이재윤,3,17,2,0,박서현,1,5,2,0,0
GREEN,1.3,0.4,이재윤,3,17,2,0,박서현,1,6,2,1,0
GREEN,1.3,0.5,이재윤,3,17,2,0,박서현,1,7,2,0,0
GREEN,1.3,2.0,이재윤,3,17,2,0,박서현,1,8,3,1,-1
GREEN,1.3,0.5,이재윤,3,17,2,0,박서현,1,8,2,1,0
GREEN,1.3,0.6,이재윤,3,17,2,0,박서현,1,9,2,0,0
GREEN,1.3,0.3,이재윤,3,17,2,0,박서현,1,10,2,0,0
GREEN,1.3,0.4,이재윤,3,17,2,0,박서현,1,11,2,0,0
GREEN,1.3,1.1,이재윤,3,17,2,0,박서현,1,13,2,1,0
GREEN,1.3,0.3,이재윤,3,17,2,0,박서현,1,14,2,0,0
GREEN,1.3,0.5,이재윤,3,17,2,0,박서현,1,15,2,1,0
GREEN,1.3,0.5,이재윤,3,17,2,0,박서현,1,17,2,0,0
GREEN,1.3,0.3,이재윤,3,17,2,0,박서현,2,1,2,0,0
GREEN,1.3,0.5,이재윤,3,17,2,0,박서현,2,2,2,0,0
GREEN,1.3,0.5,이재윤,3,17,2,0,박서현,2,3,2,0,0
GREEN,1.3,0.3,이재윤,3,17,2,0,박서현,2,4,2,1,0
GREEN,1.3,1.2,이재윤,3,17,2,0,박서현,2,5,3,1,-1
GREEN,1.3,0.4,이재윤,3,17,2,0,박서현,2,5,2,1,0
GREEN,1.3,0.4,이재윤,3,17,2,0,박서현,2,7,2,0,0
GREEN,1.3,1.5,이재윤,3,17,2,0,박서현,2,9,2,0,0
GREEN,1.3,1.5,이재윤,3,17,2,0,박서현,2,11,2,1,0
GREEN,1.3,1.3,이재윤,3,17,2,0,박서현,2,12,3,2,-1
GREEN,1.3,0.9,이재윤,3,17,2,0,박서현,2,12,2,2,0
GREEN,1.3,0.4,이재윤,3,17,2,0,박서현,2,13,2,0,0
GREEN,1.3,1.0,이재윤,3,17,2,0,박서현,2,14,2,1,0
GREEN,1.3,1.3,이재윤,3,17,2,0,박서현,2,15,2,0,0
GREEN,1.3,1.3,이재윤,3,17,2,0,박서현,2,18,2,0,0
GREEN,1.3,1.3,이재윤,3,17,2,0,박서현,3,1,2,0,0
GREEN,1.3,1.4,이재윤,3,17,2,0,박서현,3,2,2,0,0
GREEN,1.3,0.4,이재윤,3,17,2,0,박서현,3,3,2,1,0
GREEN,1.3,0.5,이재윤,3,17,2,0,박서현,3,4,2,0,0
GREEN,1.3,1.2,이재윤,3,17,2,0,박서현,3,5,2,0,0
GREEN,1.3,0.3,이재윤,3,17,2,0,박서현,3,6,2,0,0
GREEN,1.3,0.5,이재윤,3,17,2,0,박서현,3,7,2,0,0
GREEN,1.3,0.3,이재윤,3,17,2,0,박서현,3,8,2,3,0
GREEN,1.3,1.9,이재윤,3,17,2,0,박서현,3,10,3,1,-1
GREEN,1.3,0.9,이재윤,3,17,2,0,박서현,3,10,2,1,0
GREEN,1.3,1.0,이재윤,3,17,2,0,박서현,3,11,2,0,0
GREEN,1.3,1.2,이재윤,3,17,2,0,박서현,3,12,2,0,0
GREEN,1.3,1.3,이재윤,3,17,2,0,박서현,3,13,3,1,-1
GREEN,1.3,1.0,이재윤,3,17,2,0,박서현,3,13,2,1,0
GREEN,1.3,0.4,이재윤,3,17,2,0,박서현,3,14,2,0,0
GREEN,1.3,1.4,이재윤,3,17,2,0,박서현,3,15,2,1,0
GREEN,1.3,0.3,이재윤,3,17,2,0,박서현,3,16,2,0,0
GREEN,1.3,1.9,이재윤,3,17,2,0,박서현,3,17,2,0,0
GREEN,1.3,0.5,이재윤,3,17,2,0,박서현,3,18,2,0,0
GREEN,1.3,1.1,이재윤,3,17,2,0,박서현,4,1,2,0,0
GREEN,1.3,0.5,이재윤,3,17,2,0,박서현,4,3,2,1,0
GREEN,1.3,0.3,이재윤,3,17,2,0,박서현,4,4,2,1,0
GREEN,1.3,0.3,이재윤,3,17,2,0,박서현,4,5,2,0,0
GREEN,1.3,0.3,이재윤,3,17,2,0,박서현,4,8,2,0,0
GREEN,1.3,1.7,이재윤,3,17,2,0,박서현,4,9,3,2,-1
GREEN,1.3,0.4,이재윤,3,17,2,0,박서현,4,9,2,2,0
GREEN,1.3,1.6,이재윤,3,17,2,0,박서현,4,10,2,1,0
GREEN,1.3,0.4,이재윤,3,17,2,0,박서현,4,11,2,0,0
GREEN,1.3,1.9,이재윤,3,17,2,0,박서현,4,12,3,1,-1
GREEN,1.3,0.8,이재윤,3,17,2,0,박서현,4,12,2,1,0
GREEN,1.3,1.6,이재윤,3,17,2,0,박서현,4,14,3,1,-1
GREEN,1.3,0.7,이재윤,3,17,2,0,박서현,4,15,2,0,0
GREEN,1.3,1.3,이재윤,3,17,2,0,박서현,4,16,2,0,0
GREEN,1.3,2.2,이재윤,3,17,2,0,박서현,4,17,3,1,-1
GREEN,1.3,0.5,이재윤,3,17,2,0,박서현,4,17,2,1,0
GREEN,1.3,1.3,이재윤,3,17,2,0,박서현,4,18,2,1,0
FAIRWAY,88.9,88.2,이재윤,3,18,4,0,박서현,2,7,4,0,0
GREEN,7.6,7.7,이재윤,3,18,3,0,박서현,1,1,2,-1,1
GREEN,7.6,7.2,이재윤,3,18,3,0,박서현,1,5,3,0,0
GREEN,7.6,6.9,이재윤,3,18,3,0,박서현,1,6,3,1,0
GREEN,7.6,7.5,이재윤,3,18,3,0,박서현,1,13,3,1,0
GREEN,7.6,6.6,이재윤,3,18,3,0,박서현,1,15,3,1,0
GREEN,7.6,7.8,이재윤,3,18,3,0,박서현,2,1,3,0,0
GREEN,7.6,7.5,이재윤,3,18,3,0,박서현,3,6,3,0,0
GREEN,7.6,8.2,이재윤,3,18,3,0,박서현,3,12,3,0,0
GREEN,7.6,7.1,이재윤,3,18,3,0,박서현,4,1,3,0,0
GREEN,7.6,6.7,이재윤,3,18,3,0,박서현,4,5,3,0,0
GREEN,7.6,7.6,이재윤,3,18,3,0,박서현,4,8,3,0,0
GREEN,0.5,0.4,이재윤,3,18,2,0,박서현,1,2,2,0,0
GREEN,0.5,1.0,이재윤,3,18,2,0,박서현,1,3,2,2,0
GREEN,0.5,0.5,이재윤,3,18,2,0,박서현,1,4,2,0,0
GREEN,0.5,0.5,이재윤,3,18,2,0,박서현,1,5,2,0,0
GREEN,0.5,0.4,이재윤,3,18,2,0,박서현,1,6,2,1,0
GREEN,0.5,0.5,이재윤,3,18,2,0,박서현,1,7,2,0,0
GREEN,0.5,0.5,이재윤,3,18,2,0,박서현,1,8,2,1,0
GREEN,0.5,0.6,이재윤,3,18,2,0,박서현,1,9,2,0,0
GREEN,0.5,0.3,이재윤,3,18,2,0,박서현,1,10,2,0,0
GREEN,0.5,0.4,이재윤,3,18,2,0,박서현,1,11,2,0,0
GREEN,0.5,1.1,이재윤,3,18,2,0,박서현,1,13,2,1,0
GREEN,0.5,0.3,이재윤,3,18,2,0,박서현,1,14,2,0,0
GREEN,0.5,0.5,이재윤,3,18,2,0,박서현,1,15,2,1,0
GREEN,0.5,0.5,이재윤,3,18,2,0,박서현,1,17,2,0,0
GREEN,0.5,0.3,이재윤,3,18,2,0,박서현,2,1,2,0,0
GREEN,0.5,0.5,이재윤,3,18,2,0,박서현,2,2,2,0,0
GREEN,0.5,0.5,이재윤,3,18,2,0,박서현,2,3,2,0,0
GREEN,0.5,0.3,이재윤,3,18,2,0,박서현,2,4,2,1,0
GREEN,0.5,1.2,이재윤,3,18,2,0,박서현,2,5,3,1,-1
GREEN,0.5,0.4,이재윤,3,18,2,0,박서현,2,5,2,1,0
GREEN,0.5,0.4,이재윤,3,18,2,0,박서현,2,7,2,0,0
GREEN,0.5,1.5,이재윤,3,18,2,0,박서현,2,9,2,0,0
GREEN,0.5,0.2,이재윤,3,18,2,0,박서현,2,10,2,0,0
GREEN,0.5,1.5,이재윤,3,18,2,0,박서현,2,11,2,1,0
GREEN,0.5,1.3,이재윤,3,18,2,0,박서현,2,12,3,2,-1
GREEN,0.5,0.9,이재윤,3,18,2,0,박서현,2,12,2,2,0
GREEN,0.5,0.4,이재윤,3,18,2,0,박서현,2,13,2,0,0
GREEN,0.5,1.0,이재윤,3,18,2,0,박서현,2,14,2,1,0
GREEN,0.5,1.3,이재윤,3,18,2,0,박서현,2,15,2,0,0
GREEN,0.5,0.2,이재윤,3,18,2,0,박서현,2,17,2,0,0
GREEN,0.5,1.3,이재윤,3,18,2,0,박서현,2,18,2,0,0
GREEN,0.5,1.3,이재윤,3,18,2,0,박서현,3,1,2,0,0
GREEN,0.5,1.4,이재윤,3,18,2,0,박서현,3,2,2,0,0
GREEN,0.5,0.4,이재윤,3,18,2,0,박서현,3,3,2,1,0
GREEN,0.5,0.5,이재윤,3,18,2,0,박서현,3,4,2,0,0
GREEN,0.5,1.2,이재윤,3,18,2,0,박서현,3,5,2,0,0
GREEN,0.5,0.3,이재윤,3,18,2,0,박서현,3,6,2,0,0
GREEN,0.5,0.5,이재윤,3,18,2,0,박서현,3,7,2,0,0
GREEN,0.5,0.3,이재윤,3,18,2,0,박서현,3,8,2,3,0
GREEN,0.5,0.2,이재윤,3,18,2,0,박서현,3,9,2,2,0
GREEN,0.5,0.9,이재윤,3,18,2,0,박서현,3,10,2,1,0
GREEN,0.5,1.0,이재윤,3,18,2,0,박서현,3,11,2,0,0
GREEN,0.5,1.2,이재윤,3,18,2,0,박서현,3,12,2,0,0
GREEN,0.5,1.3,이재윤,3,18,2,0,박서현,3,13,3,1,-1
GREEN,0.5,1.0,이재윤,3,18,2,0,박서현,3,13,2,1,0
GREEN,0.5,0.4,이재윤,3,18,2,0,박서현,3,14,2,0,0
GREEN,0.5,1.4,이재윤,3,18,2,0,박서현,3,15,2,1,0
GREEN,0.5,0.3,이재윤,3,18,2,0,박서현,3,16,2,0,0
GREEN,0.5,0.5,이재윤,3,18,2,0,박서현,3,18,2,0,0
GREEN,0.5,1.1,이재윤,3,18,2,0,박서현,4,1,2,0,0
GREEN,0.5,0.2,이재윤,3,18,2,0,박서현,4,2,2,0,0
GREEN,0.5,0.5,이재윤,3,18,2,0,박서현,4,3,2,1,0
GREEN,0.5,0.3,이재윤,3,18,2,0,박서현,4,4,2,1,0
GREEN,0.5,0.3,이재윤,3,18,2,0,박서현,4,5,2,0,0
GREEN,0.5,0.3,이재윤,3,18,2,0,박서현,4,8,2,0,0
GREEN,0.5,0.4,이재윤,3,18,2,0,박서현,4,9,2,2,0
GREEN,0.5,0.4,이재윤,3,18,2,0,박서현,4,11,2,0,0
GREEN,0.5,0.8,이재윤,3,18,2,0,박서현,4,12,2,1,0
GREEN,0.5,0.2,이재윤,3,18,2,0,박서현,4,14,2,1,0
GREEN,0.5,0.7,이재윤,3,18,2,0,박서현,4,15,2,0,0
GREEN,0.5,1.3,이재윤,3,18,2,0,박서현,4,16,2,0,0
GREEN,0.5,0.5,이재윤,3,18,2,0,박서현,4,17,2,1,0
GREEN,0.5,1.3,이재윤,3,18,2,0,박서현,4,18,2,1,0
GREEN,0.9,0.4,이재윤,4,1,2,0,박서현,1,2,2,0,0
GREEN,0.9,1.0,이재윤,4,1,2,0,박서현,1,3,2,2,0
GREEN,0.9,0.5,이재윤,4,1,2,0,박서현,1,4,2,0,0
GREEN,0.9,0.5,이재윤,4,1,2,0,박서현,1,5,2,0,0
GREEN,0.9,0.4,이재윤,4,1,2,0,박서현,1,6,2,1,0
GREEN,0.9,0.5,이재윤,4,1,2,0,박서현,1,7,2,0,0
GREEN,0.9,0.5,이재윤,4,1,2,0,박서현,1,8,2,1,0
GREEN,0.9,0.6,이재윤,4,1,2,0,박서현,1,9,2,0,0
GREEN,0.9,0.3,이재윤,4,1,2,0,박서현,1,10,2,0,0
GREEN,0.9,0.4,이재윤,4,1,2,0,박서현,1,11,2,0,0
GREEN,0.9,1.1,이재윤,4,1,2,0,박서현,1,13,2,1,0
GREEN,0.9,0.3,이재윤,4,1,2,0,박서현,1,14,2,0,0
GREEN,0.9,0.5,이재윤,4,1,2,0,박서현,1,15,2,1,0
GREEN,0.9,0.5,이재윤,4,1,2,0,박서현,1,17,2,0,0
GREEN,0.9,0.3,이재윤,4,1,2,0,박서현,2,1,2,0,0
GREEN,0.9,0.5,이재윤,4,1,2,0,박서현,2,2,2,0,0
GREEN,0.9,0.5,이재윤,4,1,2,0,박서현,2,3,2,0,0
GREEN,0.9,0.3,이재윤,4,1,2,0,박서현,2,4,2,1,0
GREEN,0.9,1.2,이재윤,4,1,2,0,박서현,2,5,3,1,-1
GREEN,0.9,0.4,이재윤,4,1,2,0,박서현,2,5,2,1,0
GREEN,0.9,0.4,이재윤,4,1,2,0,박서현,2,7,2,0,0
GREEN,0.9,1.5,이재윤,4,1,2,0,박서현,2,9,2,0,0
GREEN,0.9,0.2,이재윤,4,1,2,0,박서현,2,10,2,0,0
GREEN,0.9,1.5,이재윤,4,1,2,0,박서현,2,11,2,1,0
GREEN,0.9,1.3,이재윤,4,1,2,0,박서현,2,12,3,2,-1
GREEN,0.9,0.9,이재윤,4,1,2,0,박서현,2,12,2,2,0
GREEN,0.9,0.4,이재윤,4,1,2,0,박서현,2,13,2,0,0
GREEN,0.9,1.0,이재윤,4,1,2,0,박서현,2,14,2,1,0
GREEN,0.9,1.3,이재윤,4,1,2,0,박서현,2,15,2,0,0
GREEN,0.9,0.2,이재윤,4,1,2,0,박서현,2,17,2,0,0
GREEN,0.9,1.3,이재윤,4,1,2,0,박서현,2,18,2,0,0
GREEN,0.9,1.3,이재윤,4,1,2,0,박서현,3,1,2,0,0
GREEN,0.9,1.4,이재윤,4,1,2,0,박서현,3,2,2,0,0
GREEN,0.9,0.4,이재윤,4,1,2,0,박서현,3,3,2,1,0
GREEN,0.9,0.5,이재윤,4,1,2,0,박서현,3,4,2,0,0
GREEN,0.9,1.2,이재윤,4,1,2,0,박서현,3,5,2,0,0
GREEN,0.9,0.3,이재윤,4,1,2,0,박서현,3,6,2,0,0
GREEN,0.9,0.5,이재윤,4,1,2,0,박서현,3,7,2,0,0
GREEN,0.9,0.3,이재윤,4,1,2,0,박서현,3,8,2,3,0
GREEN,0.9,0.2,이재윤,4,1,2,0,박서현,3,9,2,2,0
GREEN,0.9,1.9,이재윤,4,1,2,0,박서현,3,10,3,1,-1
GREEN,0.9,0.9,이재윤,4,1,2,0,박서현,3,10,2,1,0
GREEN,0.9,1.0,이재윤,4,1,2,0,박서현,3,11,2,0,0
GREEN,0.9,1.2,이재윤,4,1,2,0,박서현,3,12,2,0,0
GREEN,0.9,1.3,이재윤,4,1,2,0,박서현,3,13,3,1,-1
GREEN,0.9,1.0,이재윤,4,1,2,0,박서현,3,13,2,1,0
GREEN,0.9,0.4,이재윤,4,1,2,0,박서현,3,14,2,0,0
GREEN,0.9,1.4,이재윤,4,1,2,0,박서현,3,15,2,1,0
GREEN,0.9,0.3,이재윤,4,1,2,0,박서현,3,16,2,0,0
GREEN,0.9,1.9,이재윤,4,1,2,0,박서현,3,17,2,0,0
GREEN,0.9,0.5,이재윤,4,1,2,0,박서현,3,18,2,0,0
GREEN,0.9,1.1,이재윤,4,1,2,0,박서현,4,1,2,0,0
GREEN,0.9,0.2,이재윤,4,1,2,0,박서현,4,2,2,0,0
GREEN,0.9,0.5,이재윤,4,1,2,0,박서현,4,3,2,1,0
GREEN,0.9,0.3,이재윤,4,1,2,0,박서현,4,4,2,1,0
GREEN,0.9,0.3,이재윤,4,1,2,0,박서현,4,5,2,0,0
GREEN,0.9,0.3,이재윤,4,1,2,0,박서현,4,8,2,0,0
GREEN,0.9,1.7,이재윤,4,1,2,0,박서현,4,9,3,2,-1
GREEN,0.9,0.4,이재윤,4,1,2,0,박서현,4,9,2,2,0
GREEN,0.9,1.6,이재윤,4,1,2,0,박서현,4,10,2,1,0
GREEN,0.9,0.4,이재윤,4,1,2,0,박서현,4,11,2,0,0
GREEN,0.9,1.9,이재윤,4,1,2,0,박서현,4,12,3,1,-1
GREEN,0.9,0.8,이재윤,4,1,2,0,박서현,4,12,2,1,0
GREEN,0.9,1.6,이재윤,4,1,2,0,박서현,4,14,3,1,-1
GREEN,0.9,0.2,이재윤,4,1,2,0,박서현,4,14,2,1,0
GREEN,0.9,0.7,이재윤,4,1,2,0,박서현,4,15,2,0,0
GREEN,0.9,1.3,이재윤,4,1,2,0,박서현,4,16,2,0,0
GREEN,0.9,0.5,이재윤,4,1,2,0,박서현,4,17,2,1,0
GREEN,0.9,1.3,이재윤,4,1,2,0,박서현,4,18,2,1,0
ROUGH,10.8,9.9,이재윤,4,2,4,1,박서현,3,3,4,1,0
ROUGH,10.8,11.6,이재윤,4,2,4,1,박서현,3,11,3,0,1
GREEN,9.9,10.4,이재윤,4,2,3,1,박서현,1,2,3,0,0
GREEN,9.9,9.4,이재윤,4,2,3,1,박서현,1,7,3,0,0
GREEN,9.9,9.4,이재윤,4,2,3,1,박서현,1,18,2,-1,1
GREEN,9.9,9.4,이재윤,4,2,3,1,박서현,2,7,3,0,0
GREEN,0.3,0.4,이재윤,4,2,2,1,박서현,1,2,2,0,0
GREEN,0.3,1.0,이재윤,4,2,2,1,박서현,1,3,2,2,0
GREEN,0.3,0.5,이재윤,4,2,2,1,박서현,1,4,2,0,0
GREEN,0.3,0.5,이재윤,4,2,2,1,박서현,1,5,2,0,0
GREEN,0.3,0.4,이재윤,4,2,2,1,박서현,1,6,2,1,0
GREEN,0.3,0.5,이재윤,4,2,2,1,박서현,1,7,2,0,0
GREEN,0.3,0.5,이재윤,4,2,2,1,박서현,1,8,2,1,0
GREEN,0.3,0.6,이재윤,4,2,2,1,박서현,1,9,2,0,0
GREEN,0.3,0.3,이재윤,4,2,2,1,박서현,1,10,2,0,0
GREEN,0.3,0.4,이재윤,4,2,2,1,박서현,1,11,2,0,0
GREEN,0.3,1.1,이재윤,4,2,2,1,박서현,1,13,2,1,0
GREEN,0.3,0.3,이재윤,4,2,2,1,박서현,1,14,2,0,0
GREEN,0.3,0.5,이재윤,4,2,2,1,박서현,1,15,2,1,0
GREEN,0.3,0.5,이재윤,4,2,2,1,박서현,1,17,2,0,0
GREEN,0.3,0.3,이재윤,4,2,2,1,박서현,2,1,2,0,0
GREEN,0.3,0.5,이재윤,4,2,2,1,박서현,2,2,2,0,0
GREEN,0.3,0.5,이재윤,4,2,2,1,박서현,2,3,2,0,0
GREEN,0.3,0.3,이재윤,4,2,2,1,박서현,2,4,2,1,0
GREEN,0.3,1.2,이재윤,4,2,2,1,박서현,2,5,3,1,-1
GREEN,0.3,0.4,이재윤,4,2,2,1,박서현,2,5,2,1,0
GREEN,0.3,0.4,이재윤,4,2,2,1,박서현,2,7,2,0,0
GREEN,0.3,0.2,이재윤,4,2,2,1,박서현,2,10,2,0,0
GREEN,0.3,1.3,이재윤,4,2,2,1,박서현,2,12,3,2,-1
GREEN,0.3,0.9,이재윤,4,2,2,1,박서현,2,12,2,2,0
GREEN,0.3,0.4,이재윤,4,2,2,1,박서현,2,13,2,0,0
GREEN,0.3,1.0,이재윤,4,2,2,1,박서현,2,14,2,1,0
GREEN,0.3,1.3,이재윤,4,2,2,1,박서현,2,15,2,0,0
GREEN,0.3,0.2,이재윤,4,2,2,1,박서현,2,17,2,0,0
GREEN,0.3,1.3,이재윤,4,2,2,1,박서현,2,18,2,0,0
GREEN,0.3,1.3,이재윤,4,2,2,1,박서현,3,1,2,0,0
GREEN,0.3,0.4,이재윤,4,2,2,1,박서현,3,3,2,1,0
GREEN,0.3,0.5,이재윤,4,2,2,1,박서현,3,4,2,0,0
GREEN,0.3,1.2,이재윤,4,2,2,1,박서현,3,5,2,0,0
GREEN,0.3,0.3,이재윤,4,2,2,1,박서현,3,6,2,0,0
GREEN,0.3,0.5,이재윤,4,2,2,1,박서현,3,7,2,0,0
GREEN,0.3,0.3,이재윤,4,2,2,1,박서현,3,8,2,3,0
GREEN,0.3,0.2,이재윤,4,2,2,1,박서현,3,9,2,2,0
GREEN,0.3,0.9,이재윤,4,2,2,1,박서현,3,10,2,1,0
GREEN,0.3,1.0,이재윤,4,2,2,1,박서현,3,11,2,0,0
GREEN,0.3,1.2,이재윤,4,2,2,1,박서현,3,12,2,0,0
GREEN,0.3,1.3,이재윤,4,2,2,1,박서현,3,13,3,1,-1
GREEN,0.3,1.0,이재윤,4,2,2,1,박서현,3,13,2,1,0
GREEN,0.3,0.4,이재윤,4,2,2,1,박서현,3,14,2,0,0
GREEN,0.3,0.3,이재윤,4,2,2,1,박서현,3,16,2,0,0
GREEN,0.3,0.5,이재윤,4,2,2,1,박서현,3,18,2,0,0
GREEN,0.3,1.1,이재윤,4,2,2,1,박서현,4,1,2,0,0
GREEN,0.3,0.2,이재윤,4,2,2,1,박서현,4,2,2,0,0
GREEN,0.3,0.5,이재윤,4,2,2,1,박서현,4,3,2,1,0
GREEN,0.3,0.3,이재윤,4,2,2,1,박서현,4,4,2,1,0
GREEN,0.3,0.3,이재윤,4,2,2,1,박서현,4,5,2,0,0
GREEN,0.3,0.3,이재윤,4,2,2,1,박서현,4,8,2,0,0
GREEN,0.3,0.4,이재윤,4,2,2,1,박서현,4,9,2,2,0
GREEN,0.3,0.4,이재윤,4,2,2,1,박서현,4,11,2,0,0
GREEN,0.3,0.8,이재윤,4,2,2,1,박서현,4,12,2,1,0
GREEN,0.3,0.2,이재윤,4,2,2,1,박서현,4,14,2,1,0
GREEN,0.3,0.7,이재윤,4,2,2,1,박서현,4,15,2,0,0
GREEN,0.3,1.3,이재윤,4,2,2,1,박서현,4,16,2,0,0
GREEN,0.3,0.5,이재윤,4,2,2,1,박서현,4,17,2,1,0
GREEN,0.3,1.3,이재윤,4,2,2,1,박서현,4,18,2,1,0
ROUGH,15.7,14.8,이재윤,4,3,3,0,박서현,3,18,3,0,0
ROUGH,15.7,15.0,이재윤,4,3,3,0,박서현,4,10,4,1,-1
GREEN,2.2,2.0,이재윤,4,3,2,0,박서현,1,8,3,1,-1
GREEN,2.2,2.7,이재윤,4,3,2,0,박서현,1,16,2,-1,0
GREEN,2.2,2.4,이재윤,4,3,2,0,박서현,2,6,2,0,0
GREEN,2.2,1.5,이재윤,4,3,2,0,박서현,2,9,2,0,0
GREEN,2.2,1.5,이재윤,4,3,2,0,박서현,2,11,2,1,0
GREEN,2.2,1.3,이재윤,4,3,2,0,박서현,2,12,3,2,-1
GREEN,2.2,1.3,이재윤,4,3,2,0,박서현,2,15,2,0,0
GREEN,2.2,1.3,이재윤,4,3,2,0,박서현,2,18,2,0,0
GREEN,2.2,1.3,이재윤,4,3,2,0,박서현,3,1,2,0,0
GREEN,2.2,1.4,이재윤,4,3,2,0,박서현,3,2,2,0,0
GREEN,2.2,1.9,이재윤,4,3,2,0,박서현,3,10,3,1,-1
GREEN,2.2,1.3,이재윤,4,3,2,0,박서현,3,13,3,1,-1
GREEN,2.2,2.7,이재윤,4,3,2,0,박서현,3,15,3,1,-1
GREEN,2.2,1.4,이재윤,4,3,2,0,박서현,3,15,2,1,0
GREEN,2.2,1.9,이재윤,4,3,2,0,박서현,3,17,2,0,0
GREEN,2.2,2.8,이재윤,4,3,2,0,박서현,4,3,3,1,-1
GREEN,2.2,1.7,이재윤,4,3,2,0,박서현,4,9,3,2,-1
GREEN,2.2,1.6,이재윤,4,3,2,0,박서현,4,10,2,1,0
GREEN,2.2,1.9,이재윤,4,3,2,0,박서현,4,12,3,1,-1
GREEN,2.2,1.6,이재윤,4,3,2,0,박서현,4,14,3,1,-1
GREEN,2.2,1.3,이재윤,4,3,2,0,박서현,4,16,2,0,0
GREEN,2.2,2.2,이재윤,4,3,2,0,박서현,4,17,3,1,-1
GREEN,2.2,1.3,이재윤,4,3,2,0,박서현,4,18,2,1,0
GREEN,11.8,12.2,이재윤,4,4,3,0,박서현,2,18,3,0,0
GREEN,11.8,12.5,이재윤,4,4,3,0,박서현,3,3,3,1,0
GREEN,11.8,11.4,이재윤,4,4,3,0,박서현,4,16,3,0,0
GREEN,11.8,12.7,이재윤,4,4,3,0,박서현,4,18,3,1,0
GREEN,2.6,3.4,이재윤,4,4,2,0,박서현,1,3,3,2,-1
GREEN,2.6,2.0,이재윤,4,4,2,0,박서현,1,8,3,1,-1
GREEN,2.6,3.5,이재윤,4,4,2,0,박서현,1,11,3,0,-1
GREEN,2.6,2.7,이재윤,4,4,2,0,박서현,1,16,2,-1,0
GREEN,2.6,2.4,이재윤,4,4,2,0,박서현,2,6,2,0,0
GREEN,2.6,3.3,이재윤,4,4,2,0,박서현,2,8,2,0,0
GREEN,2.6,3.6,이재윤,4,4,2,0,박서현,2,10,3,0,-1
GREEN,2.6,3.6,이재윤,4,4,2,0,박서현,2,16,2,0,0
GREEN,2.6,1.9,이재윤,4,4,2,0,박서현,3,10,3,1,-1
GREEN,2.6,2.7,이재윤,4,4,2,0,박서현,3,15,3,1,-1
GREEN,2.6,1.9,이재윤,4,4,2,0,박서현,3,17,2,0,0
GREEN,2.6,2.8,이재윤,4,4,2,0,박서현,4,3,3,1,-1
GREEN,2.6,3.4,이재윤,4,4,2,0,박서현,4,9,4,2,-2
GREEN,2.6,1.7,이재윤,4,4,2,0,박서현,4,9,3,2,-1
GREEN,2.6,1.6,이재윤,4,4,2,0,박서현,4,10,2,1,0
GREEN,2.6,1.9,이재윤,4,4,2,0,박서현,4,12,3,1,-1
GREEN,2.6,3.4,이재윤,4,4,2,0,박서현,4,13,2,0,0
GREEN,2.6,1.6,이재윤,4,4,2,0,박서현,4,14,3,1,-1
GREEN,2.6,2.2,이재윤,4,4,2,0,박서현,4,17,3,1,-1
GREEN,7.4,7.7,이재윤,4,5,3,0,박서현,1,1,2,-1,1
GREEN,7.4,7.2,이재윤,4,5,3,0,박서현,1,5,3,0,0
GREEN,7.4,6.9,이재윤,4,5,3,0,박서현,1,6,3,1,0
GREEN,7.4,7.5,이재윤,4,5,3,0,박서현,1,13,3,1,0
GREEN,7.4,6.6,이재윤,4,5,3,0,박서현,1,15,3,1,0
GREEN,7.4,7.8,이재윤,4,5,3,0,박서현,2,1,3,0,0
GREEN,7.4,7.5,이재윤,4,5,3,0,박서현,3,6,3,0,0
GREEN,7.4,8.2,이재윤,4,5,3,0,박서현,3,12,3,0,0
GREEN,7.4,7.1,이재윤,4,5,3,0,박서현,4,1,3,0,0
GREEN,7.4,6.7,이재윤,4,5,3,0,박서현,4,5,3,0,0
GREEN,7.4,7.6,이재윤,4,5,3,0,박서현,4,8,3,0,0
GREEN,0.3,0.4,이재윤,4,5,2,0,박서현,1,2,2,0,0
GREEN,0.3,1.0,이재윤,4,5,2,0,박서현,1,3,2,2,0
GREEN,0.3,0.5,이재윤,4,5,2,0,박서현,1,4,2,0,0
GREEN,0.3,0.5,이재윤,4,5,2,0,박서현,1,5,2,0,0
GREEN,0.3,0.4,이재윤,4,5,2,0,박서현,1,6,2,1,0
GREEN,0.3,0.5,이재윤,4,5,2,0,박서현,1,7,2,0,0
GREEN,0.3,0.5,이재윤,4,5,2,0,박서현,1,8,2,1,0
GREEN,0.3,0.6,이재윤,4,5,2,0,박서현,1,9,2,0,0
GREEN,0.3,0.3,이재윤,4,5,2,0,박서현,1,10,2,0,0
GREEN,0.3,0.4,이재윤,4,5,2,0,박서현,1,11,2,0,0
GREEN,0.3,1.1,이재윤,4,5,2,0,박서현,1,13,2,1,0
GREEN,0.3,0.3,이재윤,4,5,2,0,박서현,1,14,2,0,0
GREEN,0.3,0.5,이재윤,4,5,2,0,박서현,1,15,2,1,0
GREEN,0.3,0.5,이재윤,4,5,2,0,박서현,1,17,2,0,0
GREEN,0.3,0.3,이재윤,4,5,2,0,박서현,2,1,2,0,0
GREEN,0.3,0.5,이재윤,4,5,2,0,박서현,2,2,2,0,0
GREEN,0.3,0.5,이재윤,4,5,2,0,박서현,2,3,2,0,0
GREEN,0.3,0.3,이재윤,4,5,2,0,박서현,2,4,2,1,0
GREEN,0.3,1.2,이재윤,4,5,2,0,박서현,2,5,3,1,-1
GREEN,0.3,0.4,이재윤,4,5,2,0,박서현,2,5,2,1,0
GREEN,0.3,0.4,이재윤,4,5,2,0,박서현,2,7,2,0,0
GREEN,0.3,0.2,이재윤,4,5,2,0,박서현,2,10,2,0,0
GREEN,0.3,1.3,이재윤,4,5,2,0,박서현,2,12,3,2,-1
GREEN,0.3,0.9,이재윤,4,5,2,0,박서현,2,12,2,2,0
GREEN,0.3,0.4,이재윤,4,5,2,0,박서현,2,13,2,0,0
GREEN,0.3,1.0,이재윤,4,5,2,0,박서현,2,14,2,1,0
GREEN,0.3,1.3,이재윤,4,5,2,0,박서현,2,15,2,0,0
GREEN,0.3,0.2,이재윤,4,5,2,0,박서현,2,17,2,0,0
GREEN,0.3,1.3,이재윤,4,5,2,0,박서현,2,18,2,0,0
GREEN,0.3,1.3,이재윤,4,5,2,0,박서현,3,1,2,0,0
GREEN,0.3,0.4,이재윤,4,5,2,0,박서현,3,3,2,1,0
GREEN,0.3,0.5,이재윤,4,5,2,0,박서현,3,4,2,0,0
GREEN,0.3,1.2,이재윤,4,5,2,0,박서현,3,5,2,0,0
GREEN,0.3,0.3,이재윤,4,5,2,0,박서현,3,6,2,0,0
GREEN,0.3,0.5,이재윤,4,5,2,0,박서현,3,7,2,0,0
GREEN,0.3,0.3,이재윤,4,5,2,0,박서현,3,8,2,3,0
GREEN,0.3,0.2,이재윤,4,5,2,0,박서현,3,9,2,2,0
GREEN,0.3,0.9,이재윤,4,5,2,0,박서현,3,10,2,1,0
GREEN,0.3,1.0,이재윤,4,5,2,0,박서현,3,11,2,0,0
GREEN,0.3,1.2,이재윤,4,5,2,0,박서현,3,12,2,0,0
GREEN,0.3,1.3,이재윤,4,5,2,0,박서현,3,13,3,1,-1
GREEN,0.3,1.0,이재윤,4,5,2,0,박서현,3,13,2,1,0
GREEN,0.3,0.4,이재윤,4,5,2,0,박서현,3,14,2,0,0
GREEN,0.3,0.3,이재윤,4,5,2,0,박서현,3,16,2,0,0
GREEN,0.3,0.5,이재윤,4,5,2,0,박서현,3,18,2,0,0
GREEN,0.3,1.1,이재윤,4,5,2,0,박서현,4,1,2,0,0
GREEN,0.3,0.2,이재윤,4,5,2,0,박서현,4,2,2,0,0
GREEN,0.3,0.5,이재윤,4,5,2,0,박서현,4,3,2,1,0
GREEN,0.3,0.3,이재윤,4,5,2,0,박서현,4,4,2,1,0
GREEN,0.3,0.3,이재윤,4,5,2,0,박서현,4,5,2,0,0
GREEN,0.3,0.3,이재윤,4,5,2,0,박서현,4,8,2,0,0
GREEN,0.3,0.4,이재윤,4,5,2,0,박서현,4,9,2,2,0
GREEN,0.3,0.4,이재윤,4,5,2,0,박서현,4,11,2,0,0
GREEN,0.3,0.8,이재윤,4,5,2,0,박서현,4,12,2,1,0
GREEN,0.3,0.2,이재윤,4,5,2,0,박서현,4,14,2,1,0
GREEN,0.3,0.7,이재윤,4,5,2,0,박서현,4,15,2,0,0
GREEN,0.3,1.3,이재윤,4,5,2,0,박서현,4,16,2,0,0
GREEN,0.3,0.5,이재윤,4,5,2,0,박서현,4,17,2,1,0
GREEN,0.3,1.3,이재윤,4,5,2,0,박서현,4,18,2,1,0
FAIRWAY,131.0,131.8,이재윤,4,6,3,-1,박서현,2,10,4,0,-1
FAIRWAY,131.0,130.5,이재윤,4,6,3,-1,박서현,3,13,5,1,-2
FAIRWAY,131.0,130.4,이재윤,4,6,3,-1,박서현,4,8,4,0,-1
GREEN,2.7,3.4,이재윤,4,6,2,-1,박서현,1,3,3,2,-1
GREEN,2.7,2.0,이재윤,4,6,2,-1,박서현,1,8,3,1,-1
GREEN,2.7,3.5,이재윤,4,6,2,-1,박서현,1,11,3,0,-1
GREEN,2.7,2.7,이재윤,4,6,2,-1,박서현,1,16,2,-1,0
GREEN,2.7,2.4,이재윤,4,6,2,-1,박서현,2,6,2,0,0
GREEN,2.7,3.3,이재윤,4,6,2,-1,박서현,2,8,2,0,0
GREEN,2.7,3.6,이재윤,4,6,2,-1,박서현,2,10,3,0,-1
GREEN,2.7,3.6,이재윤,4,6,2,-1,박서현,2,16,2,0,0
GREEN,2.7,1.9,이재윤,4,6,2,-1,박서현,3,10,3,1,-1
GREEN,2.7,2.7,이재윤,4,6,2,-1,박서현,3,15,3,1,-1
GREEN,2.7,1.9,이재윤,4,6,2,-1,박서현,3,17,2,0,0
GREEN,2.7,2.8,이재윤,4,6,2,-1,박서현,4,3,3,1,-1
GREEN,2.7,3.7,이재윤,4,6,2,-1,박서현,4,4,3,1,-1
GREEN,2.7,3.4,이재윤,4,6,2,-1,박서현,4,9,4,2,-2
GREEN,2.7,1.9,이재윤,4,6,2,-1,박서현,4,12,3,1,-1
GREEN,2.7,3.4,이재윤,4,6,2,-1,박서현,4,13,2,0,0
GREEN,2.7,2.2,이재윤,4,6,2,-1,박서현,4,17,3,1,-1
GREEN,2.8,3.4,이재윤,4,7,2,-1,박서현,1,3,3,2,-1
GREEN,2.8,2.0,이재윤,4,7,2,-1,박서현,1,8,3,1,-1
GREEN,2.8,3.5,이재윤,4,7,2,-1,박서현,1,11,3,0,-1
GREEN,2.8,2.7,이재윤,4,7,2,-1,박서현,1,16,2,-1,0
GREEN,2.8,2.4,이재윤,4,7,2,-1,박서현,2,6,2,0,0
GREEN,2.8,3.3,이재윤,4,7,2,-1,박서현,2,8,2,0,0
GREEN,2.8,3.6,이재윤,4,7,2,-1,박서현,2,10,3,0,-1
GREEN,2.8,3.6,이재윤,4,7,2,-1,박서현,2,16,2,0,0
GREEN,2.8,1.9,이재윤,4,7,2,-1,박서현,3,10,3,1,-1
GREEN,2.8,2.7,이재윤,4,7,2,-1,박서현,3,15,3,1,-1
GREEN,2.8,1.9,이재윤,4,7,2,-1,박서현,3,17,2,0,0
GREEN,2.8,2.8,이재윤,4,7,2,-1,박서현,4,3,3,1,-1
GREEN,2.8,3.7,이재윤,4,7,2,-1,박서현,4,4,3,1,-1
GREEN,2.8,3.8,이재윤,4,7,2,-1,박서현,4,6,2,0,0
GREEN,2.8,3.4,이재윤,4,7,2,-1,박서현,4,9,4,2,-2
GREEN,2.8,1.9,이재윤,4,7,2,-1,박서현,4,12,3,1,-1
GREEN,2.8,3.4,이재윤,4,7,2,-1,박서현,4,13,2,0,0
GREEN,2.8,2.2,이재윤,4,7,2,-1,박서현,4,17,3,1,-1
FAIRWAY,125.4,126.3,이재윤,4,8,4,0,박서현,1,18,3,-1,1
FAIRWAY,125.4,124.7,이재윤,4,8,4,0,박서현,3,9,6,2,-2
ROUGH,16.2,16.8,이재윤,4,8,3,0,박서현,2,11,4,1,-1
GREEN,0.4,0.4,이재윤,4,8,2,0,박서현,1,2,2,0,0
GREEN,0.4,1.0,이재윤,4,8,2,0,박서현,1,3,2,2,0
GREEN,0.4,0.5,이재윤,4,8,2,0,박서현,1,4,2,0,0
GREEN,0.4,0.5,이재윤,4,8,2,0,박서현,1,5,2,0,0
GREEN,0.4,0.4,이재윤,4,8,2,0,박서현,1,6,2,1,0
GREEN,0.4,0.5,이재윤,4,8,2,0,박서현,1,7,2,0,0
GREEN,0.4,0.5,이재윤,4,8,2,0,박서현,1,8,2,1,0
GREEN,0.4,0.6,이재윤,4,8,2,0,박서현,1,9,2,0,0
GREEN,0.4,0.3,이재윤,4,8,2,0,박서현,1,10,2,0,0
GREEN,0.4,0.4,이재윤,4,8,2,0,박서현,1,11,2,0,0
GREEN,0.4,1.1,이재윤,4,8,2,0,박서현,1,13,2,1,0
GREEN,0.4,0.3,이재윤,4,8,2,0,박서현,1,14,2,0,0
GREEN,0.4,0.5,이재윤,4,8,2,0,박서현,1,15,2,1,0
GREEN,0.4,0.5,이재윤,4,8,2,0,박서현,1,17,2,0,0
GREEN,0.4,0.3,이재윤,4,8,2,0,박서현,2,1,2,0,0
GREEN,0.4,0.5,이재윤,4,8,2,0,박서현,2,2,2,0,0
GREEN,0.4,0.5,이재윤,4,8,2,0,박서현,2,3,2,0,0
GREEN,0.4,0.3,이재윤,4,8,2,0,박서현,2,4,2,1,0
GREEN,0.4,1.2,이재윤,4,8,2,0,박서현,2,5,3,1,-1
GREEN,0.4,0.4,이재윤,4,8,2,0,박서현,2,5,2,1,0
GREEN,0.4,0.4,이재윤,4,8,2,0,박서현,2,7,2,0,0
GREEN,0.4,0.2,이재윤,4,8,2,0,박서현,2,10,2,0,0
GREEN,0.4,1.3,이재윤,4,8,2,0,박서현,2,12,3,2,-1
GREEN,0.4,0.9,이재윤,4,8,2,0,박서현,2,12,2,2,0
GREEN,0.4,0.4,이재윤,4,8,2,0,박서현,2,13,2,0,0
GREEN,0.4,1.0,이재윤,4,8,2,0,박서현,2,14,2,1,0
GREEN,0.4,1.3,이재윤,4,8,2,0,박서현,2,15,2,0,0
GREEN,0.4,0.2,이재윤,4,8,2,0,박서현,2,17,2,0,0
GREEN,0.4,1.3,이재윤,4,8,2,0,박서현,2,18,2,0,0
GREEN,0.4,1.3,이재윤,4,8,2,0,박서현,3,1,2,0,0
GREEN,0.4,1.4,이재윤,4,8,2,0,박서현,3,2,2,0,0
GREEN,0.4,0.4,이재윤,4,8,2,0,박서현,3,3,2,1,0
GREEN,0.4,0.5,이재윤,4,8,2,0,박서현,3,4,2,0,0
GREEN,0.4,1.2,이재윤,4,8,2,0,박서현,3,5,2,0,0
GREEN,0.4,0.3,이재윤,4,8,2,0,박서현,3,6,2,0,0
GREEN,0.4,0.5,이재윤,4,8,2,0,박서현,3,7,2,0,0
GREEN,0.4,0.3,이재윤,4,8,2,0,박서현,3,8,2,3,0
GREEN,0.4,0.2,이재윤,4,8,2,0,박서현,3,9,2,2,0
GREEN,0.4,0.9,이재윤,4,8,2,0,박서현,3,10,2,1,0
GREEN,0.4,1.0,이재윤,4,8,2,0,박서현,3,11,2,0,0
GREEN,0.4,1.2,이재윤,4,8,2,0,박서현,3,12,2,0,0
GREEN,0.4,1.3,이재윤,4,8,2,0,박서현,3,13,3,1,-1
GREEN,0.4,1.0,이재윤,4,8,2,0,박서현,3,13,2,1,0
GREEN,0.4,0.4,이재윤,4,8,2,0,박서현,3,14,2,0,0
GREEN,0.4,1.4,이재윤,4,8,2,0,박서현,3,15,2,1,0
GREEN,0.4,0.3,이재윤,4,8,2,0,박서현,3,16,2,0,0
GREEN,0.4,0.5,이재윤,4,8,2,0,박서현,3,18,2,0,0
GREEN,0.4,1.1,이재윤,4,8,2,0,박서현,4,1,2,0,0
GREEN,0.4,0.2,이재윤,4,8,2,0,박서현,4,2,2,0,0
GREEN,0.4,0.5,이재윤,4,8,2,0,박서현,4,3,2,1,0
GREEN,0.4,0.3,이재윤,4,8,2,0,박서현,4,4,2,1,0
GREEN,0.4,0.3,이재윤,4,8,2,0,박서현,4,5,2,0,0
GREEN,0.4,0.3,이재윤,4,8,2,0,박서현,4,8,2,0,0
GREEN,0.4,0.4,이재윤,4,8,2,0,박서현,4,9,2,2,0
GREEN,0.4,0.4,이재윤,4,8,2,0,박서현,4,11,2,0,0
GREEN,0.4,0.8,이재윤,4,8,2,0,박서현,4,12,2,1,0
GREEN,0.4,0.2,이재윤,4,8,2,0,박서현,4,14,2,1,0
GREEN,0.4,0.7,이재윤,4,8,2,0,박서현,4,15,2,0,0
GREEN,0.4,1.3,이재윤,4,8,2,0,박서현,4,16,2,0,0
GREEN,0.4,0.5,이재윤,4,8,2,0,박서현,4,17,2,1,0
GREEN,0.4,1.3,이재윤,4,8,2,0,박서현,4,18,2,1,0
GREEN,7.2,7.7,이재윤,4,9,3,0,박서현,1,1,2,-1,1
GREEN,7.2,7.2,이재윤,4,9,3,0,박서현,1,5,3,0,0
GREEN,7.2,6.9,이재윤,4,9,3,0,박서현,1,6,3,1,0
GREEN,7.2,7.5,이재윤,4,9,3,0,박서현,1,13,3,1,0
GREEN,7.2,6.6,이재윤,4,9,3,0,박서현,1,15,3,1,0
GREEN,7.2,7.8,이재윤,4,9,3,0,박서현,2,1,3,0,0
GREEN,7.2,7.5,이재윤,4,9,3,0,박서현,3,6,3,0,0
GREEN,7.2,8.2,이재윤,4,9,3,0,박서현,3,12,3,0,0
GREEN,7.2,7.1,이재윤,4,9,3,0,박서현,4,1,3,0,0
GREEN,7.2,6.7,이재윤,4,9,3,0,박서현,4,5,3,0,0
GREEN,7.2,6.2,이재윤,4,9,3,0,박서현,4,7,2,-1,1
GREEN,7.2,7.6,이재윤,4,9,3,0,박서현,4,8,3,0,0
GREEN,0.3,0.4,이재윤,4,9,2,0,박서현,1,2,2,0,0
GREEN,0.3,1.0,이재윤,4,9,2,0,박서현,1,3,2,2,0
GREEN,0.3,0.5,이재윤,4,9,2,0,박서현,1,4,2,0,0
GREEN,0.3,0.5,이재윤,4,9,2,0,박서현,1,5,2,0,0
GREEN,0.3,0.4,이재윤,4,9,2,0,박서현,1,6,2,1,0
GREEN,0.3,0.5,이재윤,4,9,2,0,박서현,1,7,2,0,0
GREEN,0.3,0.5,이재윤,4,9,2,0,박서현,1,8,2,1,0
GREEN,0.3,0.6,이재윤,4,9,2,0,박서현,1,9,2,0,0
GREEN,0.3,0.3,이재윤,4,9,2,0,박서현,1,10,2,0,0
GREEN,0.3,0.4,이재윤,4,9,2,0,박서현,1,11,2,0,0
GREEN,0.3,1.1,이재윤,4,9,2,0,박서현,1,13,2,1,0
GREEN,0.3,0.3,이재윤,4,9,2,0,박서현,1,14,2,0,0
GREEN,0.3,0.5,이재윤,4,9,2,0,박서현,1,15,2,1,0
GREEN,0.3,0.5,이재윤,4,9,2,0,박서현,1,17,2,0,0
GREEN,0.3,0.3,이재윤,4,9,2,0,박서현,2,1,2,0,0
GREEN,0.3,0.5,이재윤,4,9,2,0,박서현,2,2,2,0,0
GREEN,0.3,0.5,이재윤,4,9,2,0,박서현,2,3,2,0,0
GREEN,0.3,0.3,이재윤,4,9,2,0,박서현,2,4,2,1,0
GREEN,0.3,1.2,이재윤,4,9,2,0,박서현,2,5,3,1,-1
GREEN,0.3,0.4,이재윤,4,9,2,0,박서현,2,5,2,1,0
GREEN,0.3,0.4,이재윤,4,9,2,0,박서현,2,7,2,0,0
GREEN,0.3,0.2,이재윤,4,9,2,0,박서현,2,10,2,0,0
GREEN,0.3,1.3,이재윤,4,9,2,0,박서현,2,12,3,2,-1
GREEN,0.3,0.9,이재윤,4,9,2,0,박서현,2,12,2,2,0
GREEN,0.3,0.4,이재윤,4,9,2,0,박서현,2,13,2,0,0
GREEN,0.3,1.0,이재윤,4,9,2,0,박서현,2,14,2,1,0
GREEN,0.3,1.3,이재윤,4,9,2,0,박서현,2,15,2,0,0
GREEN,0.3,0.2,이재윤,4,9,2,0,박서현,2,17,2,0,0
GREEN,0.3,1.3,이재윤,4,9,2,0,박서현,2,18,2,0,0
GREEN,0.3,1.3,이재윤,4,9,2,0,박서현,3,1,2,0,0
GREEN,0.3,0.4,이재윤,4,9,2,0,박서현,3,3,2,1,0
GREEN,0.3,0.5,이재윤,4,9,2,0,박서현,3,4,2,0,0
GREEN,0.3,1.2,이재윤,4,9,2,0,박서현,3,5,2,0,0
GREEN,0.3,0.3,이재윤,4,9,2,0,박서현,3,6,2,0,0
GREEN,0.3,0.5,이재윤,4,9,2,0,박서현,3,7,2,0,0
GREEN,0.3,0.3,이재윤,4,9,2,0,박서현,3,8,2,3,0
GREEN,0.3,0.2,이재윤,4,9,2,0,박서현,3,9,2,2,0
GREEN,0.3,0.9,이재윤,4,9,2,0,박서현,3,10,2,1,0
GREEN,0.3,1.0,이재윤,4,9,2,0,박서현,3,11,2,0,0
GREEN,0.3,1.2,이재윤,4,9,2,0,박서현,3,12,2,0,0
GREEN,0.3,1.3,이재윤,4,9,2,0,박서현,3,13,3,1,-1
GREEN,0.3,1.0,이재윤,4,9,2,0,박서현,3,13,2,1,0
GREEN,0.3,0.4,이재윤,4,9,2,0,박서현,3,14,2,0,0
GREEN,0.3,0.3,이재윤,4,9,2,0,박서현,3,16,2,0,0
GREEN,0.3,0.5,이재윤,4,9,2,0,박서현,3,18,2,0,0
GREEN,0.3,1.1,이재윤,4,9,2,0,박서현,4,1,2,0,0
GREEN,0.3,0.2,이재윤,4,9,2,0,박서현,4,2,2,0,0
GREEN,0.3,0.5,이재윤,4,9,2,0,박서현,4,3,2,1,0
GREEN,0.3,0.3,이재윤,4,9,2,0,박서현,4,4,2,1,0
GREEN,0.3,0.3,이재윤,4,9,2,0,박서현,4,5,2,0,0
GREEN,0.3,0.3,이재윤,4,9,2,0,박서현,4,8,2,0,0
GREEN,0.3,0.4,이재윤,4,9,2,0,박서현,4,9,2,2,0
GREEN,0.3,0.4,이재윤,4,9,2,0,박서현,4,11,2,0,0
GREEN,0.3,0.8,이재윤,4,9,2,0,박서현,4,12,2,1,0
GREEN,0.3,0.2,이재윤,4,9,2,0,박서현,4,14,2,1,0
GREEN,0.3,0.7,이재윤,4,9,2,0,박서현,4,15,2,0,0
GREEN,0.3,1.3,이재윤,4,9,2,0,박서현,4,16,2,0,0
GREEN,0.3,0.5,이재윤,4,9,2,0,박서현,4,17,2,1,0
GREEN,0.3,1.3,이재윤,4,9,2,0,박서현,4,18,2,1,0
GREEN,14.8,15.0,이재윤,4,10,3,0,박서현,2,12,4,2,-1
GREEN,14.8,14.8,이재윤,4,10,3,0,박서현,3,5,3,0,0
GREEN,14.8,15.4,이재윤,4,10,3,0,박서현,4,17,4,1,-1
GREEN,2.0,1.0,이재윤,4,10,2,0,박서현,1,3,2,2,0
GREEN,2.0,2.0,이재윤,4,10,2,0,박서현,1,8,3,1,-1
GREEN,2.0,1.1,이재윤,4,10,2,0,박서현,1,13,2,1,0
GREEN,2.0,2.7,이재윤,4,10,2,0,박서현,1,16,2,-1,0
GREEN,2.0,1.2,이재윤,4,10,2,0,박서현,2,5,3,1,-1
GREEN,2.0,2.4,이재윤,4,10,2,0,박서현,2,6,2,0,0
GREEN,2.0,1.5,이재윤,4,10,2,0,박서현,2,9,2,0,0
GREEN,2.0,1.5,이재윤,4,10,2,0,박서현,2,11,2,1,0
GREEN,2.0,1.3,이재윤,4,10,2,0,박서현,2,12,3,2,-1
GREEN,2.0,1.0,이재윤,4,10,2,0,박서현,2,14,2,1,0
GREEN,2.0,1.3,이재윤,4,10,2,0,박서현,2,15,2,0,0
GREEN,2.0,1.3,이재윤,4,10,2,0,박서현,2,18,2,0,0
GREEN,2.0,1.3,이재윤,4,10,2,0,박서현,3,1,2,0,0
GREEN,2.0,1.4,이재윤,4,10,2,0,박서현,3,2,2,0,0
GREEN,2.0,1.2,이재윤,4,10,2,0,박서현,3,5,2,0,0
GREEN,2.0,1.9,이재윤,4,10,2,0,박서현,3,10,3,1,-1
GREEN,2.0,1.0,이재윤,4,10,2,0,박서현,3,11,2,0,0
GREEN,2.0,1.2,이재윤,4,10,2,0,박서현,3,12,2,0,0
GREEN,2.0,1.3,이재윤,4,10,2,0,박서현,3,13,3,1,-1
GREEN,2.0,1.0,이재윤,4,10,2,0,박서현,3,13,2,1,0
GREEN,2.0,2.7,이재윤,4,10,2,0,박서현,3,15,3,1,-1
GREEN,2.0,1.4,이재윤,4,10,2,0,박서현,3,15,2,1,0
GREEN,2.0,1.9,이재윤,4,10,2,0,박서현,3,17,2,0,0
GREEN,2.0,1.1,이재윤,4,10,2,0,박서현,4,1,2,0,0
GREEN,2.0,2.8,이재윤,4,10,2,0,박서현,4,3,3,1,-1
GREEN,2.0,1.7,이재윤,4,10,2,0,박서현,4,9,3,2,-1
GREEN,2.0,1.6,이재윤,4,10,2,0,박서현,4,10,2,1,0
GREEN,2.0,1.9,이재윤,4,10,2,0,박서현,4,12,3,1,-1
GREEN,2.0,1.6,이재윤,4,10,2,0,박서현,4,14,3,1,-1
GREEN,2.0,1.3,이재윤,4,10,2,0,박서현,4,16,2,0,0
GREEN,2.0,2.2,이재윤,4,10,2,0,박서현,4,17,3,1,-1
GREEN,2.0,1.3,이재윤,4,10,2,0,박서현,4,18,2,1,0
GREEN,4.5,3.5,이재윤,4,11,3,0,박서현,1,11,3,0,0
GREEN,4.5,4.3,이재윤,4,11,3,0,박서현,1,14,3,0,0
GREEN,4.5,4.8,이재윤,4,11,3,0,박서현,1,17,3,0,0
GREEN,4.5,5.3,이재윤,4,11,3,0,박서현,2,3,3,0,0
GREEN,4.5,3.6,이재윤,4,11,3,0,박서현,2,10,3,0,0
GREEN,4.5,3.6,이재윤,4,11,3,0,박서현,2,16,2,0,1
GREEN,4.5,5.1,이재윤,4,11,3,0,박서현,2,17,3,0,0
GREEN,4.5,4.6,이재윤,4,11,3,0,박서현,3,4,3,0,0
GREEN,4.5,4.3,이재윤,4,11,3,0,박서현,3,9,3,2,0
GREEN,4.5,4.8,이재윤,4,11,3,0,박서현,3,13,4,1,-1
GREEN,4.5,5.4,이재윤,4,11,3,0,박서현,3,14,3,0,0
GREEN,4.5,3.7,이재윤,4,11,3,0,박서현,4,4,3,1,0
GREEN,4.5,3.8,이재윤,4,11,3,0,박서현,4,6,2,0,1
GREEN,4.5,5.5,이재윤,4,11,3,0,박서현,4,10,3,1,0
GREEN,4.5,4.5,이재윤,4,11,3,0,박서현,4,11,3,0,0
GREEN,1.7,1.0,이재윤,4,11,2,0,박서현,1,3,2,2,0
GREEN,1.7,2.0,이재윤,4,11,2,0,박서현,1,8,3,1,-1
GREEN,1.7,1.1,이재윤,4,11,2,0,박서현,1,13,2,1,0
GREEN,1.7,1.2,이재윤,4,11,2,0,박서현,2,5,3,1,-1
GREEN,1.7,2.4,이재윤,4,11,2,0,박서현,2,6,2,0,0
GREEN,1.7,1.5,이재윤,4,11,2,0,박서현,2,9,2,0,0
GREEN,1.7,1.5,이재윤,4,11,2,0,박서현,2,11,2,1,0
GREEN,1.7,1.3,이재윤,4,11,2,0,박서현,2,12,3,2,-1
GREEN,1.7,0.9,이재윤,4,11,2,0,박서현,2,12,2,2,0
GREEN,1.7,1.0,이재윤,4,11,2,0,박서현,2,14,2,1,0
GREEN,1.7,1.3,이재윤,4,11,2,0,박서현,2,15,2,0,0
GREEN,1.7,1.3,이재윤,4,11,2,0,박서현,2,18,2,0,0
GREEN,1.7,1.3,이재윤,4,11,2,0,박서현,3,1,2,0,0
GREEN,1.7,1.4,이재윤,4,11,2,0,박서현,3,2,2,0,0
GREEN,1.7,1.2,이재윤,4,11,2,0,박서현,3,5,2,0,0
GREEN,1.7,1.9,이재윤,4,11,2,0,박서현,3,10,3,1,-1
GREEN,1.7,0.9,이재윤,4,11,2,0,박서현,3,10,2,1,0
GREEN,1.7,1.0,이재윤,4,11,2,0,박서현,3,11,2,0,0
GREEN,1.7,1.2,이재윤,4,11,2,0,박서현,3,12,2,0,0
GREEN,1.7,1.3,이재윤,4,11,2,0,박서현,3,13,3,1,-1
GREEN,1.7,1.0,이재윤,4,11,2,0,박서현,3,13,2,1,0
GREEN,1.7,1.4,이재윤,4,11,2,0,박서현,3,15,2,1,0
GREEN,1.7,1.9,이재윤,4,11,2,0,박서현,3,17,2,0,0
GREEN,1.7,1.1,이재윤,4,11,2,0,박서현,4,1,2,0,0
GREEN,1.7,1.7,이재윤,4,11,2,0,박서현,4,9,3,2,-1
GREEN,1.7,1.6,이재윤,4,11,2,0,박서현,4,10,2,1,0
GREEN,1.7,1.9,이재윤,4,11,2,0,박서현,4,12,3,1,-1
GREEN,1.7,0.8,이재윤,4,11,2,0,박서현,4,12,2,1,0
GREEN,1.7,1.6,이재윤,4,11,2,0,박서현,4,14,3,1,-1
GREEN,1.7,0.7,이재윤,4,11,2,0,박서현,4,15,2,0,0
GREEN,1.7,1.3,이재윤,4,11,2,0,박서현,4,16,2,0,0
GREEN,1.7,2.2,이재윤,4,11,2,0,박서현,4,17,3,1,-1
GREEN,1.7,1.3,이재윤,4,11,2,0,박서현,4,18,2,1,0
ROUGH,136.1,135.3,이재윤,4,12,4,0,박서현,2,9,4,0,0
ROUGH,136.1,135.1,이재윤,4,12,4,0,박서현,4,10,5,1,-1
ROUGH,10.0,9.4,이재윤,4,12,3,0,박서현,2,11,3,1,0
ROUGH,10.0,9.9,이재윤,4,12,3,0,박서현,3,3,4,1,-1
GREEN,0.4,0.4,이재윤,4,12,2,0,박서현,1,2,2,0,0
GREEN,0.4,1.0,이재윤,4,12,2,0,박서현,1,3,2,2,0
GREEN,0.4,0.5,이재윤,4,12,2,0,박서현,1,4,2,0,0
GREEN,0.4,0.5,이재윤,4,12,2,0,박서현,1,5,2,0,0
GREEN,0.4,0.4,이재윤,4,12,2,0,박서현,1,6,2,1,0
GREEN,0.4,0.5,이재윤,4,12,2,0,박서현,1,7,2,0,0
GREEN,0.4,0.5,이재윤,4,12,2,0,박서현,1,8,2,1,0
GREEN,0.4,0.6,이재윤,4,12,2,0,박서현,1,9,2,0,0
GREEN,0.4,0.3,이재윤,4,12,2,0,박서현,1,10,2,0,0
GREEN,0.4,0.4,이재윤,4,12,2,0,박서현,1,11,2,0,0
GREEN,0.4,1.1,이재윤,4,12,2,0,박서현,1,13,2,1,0
GREEN,0.4,0.3,이재윤,4,12,2,0,박서현,1,14,2,0,0
GREEN,0.4,0.5,이재윤,4,12,2,0,박서현,1,15,2,1,0
GREEN,0.4,0.5,이재윤,4,12,2,0,박서현,1,17,2,0,0
GREEN,0.4,0.3,이재윤,4,12,2,0,박서현,2,1,2,0,0
GREEN,0.4,0.5,이재윤,4,12,2,0,박서현,2,2,2,0,0
GREEN,0.4,0.5,이재윤,4,12,2,0,박서현,2,3,2,0,0
GREEN,0.4,0.3,이재윤,4,12,2,0,박서현,2,4,2,1,0
GREEN,0.4,1.2,이재윤,4,12,2,0,박서현,2,5,3,1,-1
GREEN,0.4,0.4,이재윤,4,12,2,0,박서현,2,5,2,1,0
GREEN,0.4,0.4,이재윤,4,12,2,0,박서현,2,7,2,0,0
GREEN,0.4,0.2,이재윤,4,12,2,0,박서현,2,10,2,0,0
GREEN,0.4,1.3,이재윤,4,12,2,0,박서현,2,12,3,2,-1
GREEN,0.4,0.9,이재윤,4,12,2,0,박서현,2,12,2,2,0
GREEN,0.4,0.4,이재윤,4,12,2,0,박서현,2,13,2,0,0
GREEN,0.4,1.0,이재윤,4,12,2,0,박서현,2,14,2,1,0
GREEN,0.4,1.3,이재윤,4,12,2,0,박서현,2,15,2,0,0
GREEN,0.4,0.2,이재윤,4,12,2,0,박서현,2,17,2,0,0
GREEN,0.4,1.3,이재윤,4,12,2,0,박서현,2,18,2,0,0
GREEN,0.4,1.3,이재윤,4,12,2,0,박서현,3,1,2,0,0
GREEN,0.4,1.4,이재윤,4,12,2,0,박서현,3,2,2,0,0
GREEN,0.4,0.4,이재윤,4,12,2,0,박서현,3,3,2,1,0
GREEN,0.4,0.5,이재윤,4,12,2,0,박서현,3,4,2,0,0
GREEN,0.4,1.2,이재윤,4,12,2,0,박서현,3,5,2,0,0
GREEN,0.4,0.3,이재윤,4,12,2,0,박서현,3,6,2,0,0
GREEN,0.4,0.5,이재윤,4,12,2,0,박서현,3,7,2,0,0
GREEN,0.4,0.3,이재윤,4,12,2,0,박서현,3,8,2,3,0
GREEN,0.4,0.2,이재윤,4,12,2,0,박서현,3,9,2,2,0
GREEN,0.4,0.9,이재윤,4,12,2,0,박서현,3,10,2,1,0
GREEN,0.4,1.0,이재윤,4,12,2,0,박서현,3,11,2,0,0
GREEN,0.4,1.2,이재윤,4,12,2,0,박서현,3,12,2,0,0
GREEN,0.4,1.3,이재윤,4,12,2,0,박서현,3,13,3,1,-1
GREEN,0.4,1.0,이재윤,4,12,2,0,박서현,3,13,2,1,0
GREEN,0.4,0.4,이재윤,4,12,2,0,박서현,3,14,2,0,0
GREEN,0.4,1.4,이재윤,4,12,2,0,박서현,3,15,2,1,0
GREEN,0.4,0.3,이재윤,4,12,2,0,박서현,3,16,2,0,0
GREEN,0.4,0.5,이재윤,4,12,2,0,박서현,3,18,2,0,0
GREEN,0.4,1.1,이재윤,4,12,2,0,박서현,4,1,2,0,0
GREEN,0.4,0.2,이재윤,4,12,2,0,박서현,4,2,2,0,0
GREEN,0.4,0.5,이재윤,4,12,2,0,박서현,4,3,2,1,0
GREEN,0.4,0.3,이재윤,4,12,2,0,박서현,4,4,2,1,0
GREEN,0.4,0.3,이재윤,4,12,2,0,박서현,4,5,2,0,0
GREEN,0.4,0.3,이재윤,4,12,2,0,박서현,4,8,2,0,0
GREEN,0.4,0.4,이재윤,4,12,2,0,박서현,4,9,2,2,0
GREEN,0.4,0.4,이재윤,4,12,2,0,박서현,4,11,2,0,0
GREEN,0.4,0.8,이재윤,4,12,2,0,박서현,4,12,2,1,0
GREEN,0.4,0.2,이재윤,4,12,2,0,박서현,4,14,2,1,0
GREEN,0.4,0.7,이재윤,4,12,2,0,박서현,4,15,2,0,0
GREEN,0.4,1.3,이재윤,4,12,2,0,박서현,4,16,2,0,0
GREEN,0.4,0.5,이재윤,4,12,2,0,박서현,4,17,2,1,0
GREEN,0.4,1.3,이재윤,4,12,2,0,박서현,4,18,2,1,0
GREEN,4.2,3.4,이재윤,4,13,3,0,박서현,1,3,3,2,0
GREEN,4.2,3.5,이재윤,4,13,3,0,박서현,1,11,3,0,0
GREEN,4.2,4.3,이재윤,4,13,3,0,박서현,1,14,3,0,0
GREEN,4.2,4.8,이재윤,4,13,3,0,박서현,1,17,3,0,0
GREEN,4.2,3.3,이재윤,4,13,3,0,박서현,2,8,2,0,1
GREEN,4.2,3.6,이재윤,4,13,3,0,박서현,2,10,3,0,0
GREEN,4.2,3.6,이재윤,4,13,3,0,박서현,2,16,2,0,1
GREEN,4.2,5.1,이재윤,4,13,3,0,박서현,2,17,3,0,0
GREEN,4.2,4.6,이재윤,4,13,3,0,박서현,3,4,3,0,0
GREEN,4.2,4.3,이재윤,4,13,3,0,박서현,3,9,3,2,0
GREEN,4.2,4.8,이재윤,4,13,3,0,박서현,3,13,4,1,-1
GREEN,4.2,3.7,이재윤,4,13,3,0,박서현,4,4,3,1,0
GREEN,4.2,3.8,이재윤,4,13,3,0,박서현,4,6,2,0,1
GREEN,4.2,3.4,이재윤,4,13,3,0,박서현,4,9,4,2,-1
GREEN,4.2,4.5,이재윤,4,13,3,0,박서현,4,11,3,0,0
GREEN,4.2,3.4,이재윤,4,13,3,0,박서현,4,13,2,0,1
GREEN,0.5,0.4,이재윤,4,13,2,0,박서현,1,2,2,0,0
GREEN,0.5,1.0,이재윤,4,13,2,0,박서현,1,3,2,2,0
GREEN,0.5,0.5,이재윤,4,13,2,0,박서현,1,4,2,0,0
GREEN,0.5,0.5,이재윤,4,13,2,0,박서현,1,5,2,0,0
GREEN,0.5,0.4,이재윤,4,13,2,0,박서현,1,6,2,1,0
GREEN,0.5,0.5,이재윤,4,13,2,0,박서현,1,7,2,0,0
GREEN,0.5,0.5,이재윤,4,13,2,0,박서현,1,8,2,1,0
GREEN,0.5,0.6,이재윤,4,13,2,0,박서현,1,9,2,0,0
GREEN,0.5,0.3,이재윤,4,13,2,0,박서현,1,10,2,0,0
GREEN,0.5,0.4,이재윤,4,13,2,0,박서현,1,11,2,0,0
GREEN,0.5,1.1,이재윤,4,13,2,0,박서현,1,13,2,1,0
GREEN,0.5,0.3,이재윤,4,13,2,0,박서현,1,14,2,0,0
GREEN,0.5,0.5,이재윤,4,13,2,0,박서현,1,15,2,1,0
GREEN,0.5,0.5,이재윤,4,13,2,0,박서현,1,17,2,0,0
GREEN,0.5,0.3,이재윤,4,13,2,0,박서현,2,1,2,0,0
GREEN,0.5,0.5,이재윤,4,13,2,0,박서현,2,2,2,0,0
GREEN,0.5,0.5,이재윤,4,13,2,0,박서현,2,3,2,0,0
GREEN,0.5,0.3,이재윤,4,13,2,0,박서현,2,4,2,1,0
GREEN,0.5,1.2,이재윤,4,13,2,0,박서현,2,5,3,1,-1
GREEN,0.5,0.4,이재윤,4,13,2,0,박서현,2,5,2,1,0
GREEN,0.5,0.4,이재윤,4,13,2,0,박서현,2,7,2,0,0
GREEN,0.5,1.5,이재윤,4,13,2,0,박서현,2,9,2,0,0
GREEN,0.5,0.2,이재윤,4,13,2,0,박서현,2,10,2,0,0
GREEN,0.5,1.5,이재윤,4,13,2,0,박서현,2,11,2,1,0
GREEN,0.5,1.3,이재윤,4,13,2,0,박서현,2,12,3,2,-1
GREEN,0.5,0.9,이재윤,4,13,2,0,박서현,2,12,2,2,0
GREEN,0.5,0.4,이재윤,4,13,2,0,박서현,2,13,2,0,0
GREEN,0.5,1.0,이재윤,4,13,2,0,박서현,2,14,2,1,0
GREEN,0.5,1.3,이재윤,4,13,2,0,박서현,2,15,2,0,0
GREEN,0.5,0.2,이재윤,4,13,2,0,박서현,2,17,2,0,0
GREEN,0.5,1.3,이재윤,4,13,2,0,박서현,2,18,2,0,0
GREEN,0.5,1.3,이재윤,4,13,2,0,박서현,3,1,2,0,0
GREEN,0.5,1.4,이재윤,4,13,2,0,박서현,3,2,2,0,0
GREEN,0.5,0.4,이재윤,4,13,2,0,박서현,3,3,2,1,0
GREEN,0.5,0.5,이재윤,4,13,2,0,박서현,3,4,2,0,0
GREEN,0.5,1.2,이재윤,4,13,2,0,박서현,3,5,2,0,0
GREEN,0.5,0.3,이재윤,4,13,2,0,박서현,3,6,2,0,0
GREEN,0.5,0.5,이재윤,4,13,2,0,박서현,3,7,2,0,0
GREEN,0.5,0.3,이재윤,4,13,2,0,박서현,3,8,2,3,0
GREEN,0.5,0.2,이재윤,4,13,2,0,박서현,3,9,2,2,0
GREEN,0.5,0.9,이재윤,4,13,2,0,박서현,3,10,2,1,0
GREEN,0.5,1.0,이재윤,4,13,2,0,박서현,3,11,2,0,0
GREEN,0.5,1.2,이재윤,4,13,2,0,박서현,3,12,2,0,0
GREEN,0.5,1.3,이재윤,4,13,2,0,박서현,3,13,3,1,-1
GREEN,0.5,1.0,이재윤,4,13,2,0,박서현,3,13,2,1,0
GREEN,0.5,0.4,이재윤,4,13,2,0,박서현,3,14,2,0,0
GREEN,0.5,1.4,이재윤,4,13,2,0,박서현,3,15,2,1,0
GREEN,0.5,0.3,이재윤,4,13,2,0,박서현,3,16,2,0,0
GREEN,0.5,0.5,이재윤,4,13,2,0,박서현,3,18,2,0,0
GREEN,0.5,1.1,이재윤,4,13,2,0,박서현,4,1,2,0,0
GREEN,0.5,0.2,이재윤,4,13,2,0,박서현,4,2,2,0,0
GREEN,0.5,0.5,이재윤,4,13,2,0,박서현,4,3,2,1,0
GREEN,0.5,0.3,이재윤,4,13,2,0,박서현,4,4,2,1,0
GREEN,0.5,0.3,이재윤,4,13,2,0,박서현,4,5,2,0,0
GREEN,0.5,0.3,이재윤,4,13,2,0,박서현,4,8,2,0,0
GREEN,0.5,0.4,이재윤,4,13,2,0,박서현,4,9,2,2,0
GREEN,0.5,0.4,이재윤,4,13,2,0,박서현,4,11,2,0,0
GREEN,0.5,0.8,이재윤,4,13,2,0,박서현,4,12,2,1,0
GREEN,0.5,0.2,이재윤,4,13,2,0,박서현,4,14,2,1,0
GREEN,0.5,0.7,이재윤,4,13,2,0,박서현,4,15,2,0,0
GREEN,0.5,1.3,이재윤,4,13,2,0,박서현,4,16,2,0,0
GREEN,0.5,0.5,이재윤,4,13,2,0,박서현,4,17,2,1,0
GREEN,0.5,1.3,이재윤,4,13,2,0,박서현,4,18,2,1,0
ROUGH,130.0,129.7,이재윤,4,14,5,1,박서현,2,8,4,0,1
FRINGE,13.4,13.2,이재윤,4,14,4,1,박서현,2,13,3,0,1
GREEN,1.5,1.0,이재윤,4,14,3,1,박서현,1,3,2,2,1
GREEN,1.5,0.5,이재윤,4,14,3,1,박서현,1,4,2,0,1
GREEN,1.5,0.5,이재윤,4,14,3,1,박서현,1,5,2,0,1
GREEN,1.5,0.5,이재윤,4,14,3,1,박서현,1,7,2,0,1
GREEN,1.5,2.0,이재윤,4,14,3,1,박서현,1,8,3,1,0
GREEN,1.5,0.5,이재윤,4,14,3,1,박서현,1,8,2,1,1
GREEN,1.5,0.6,이재윤,4,14,3,1,박서현,1,9,2,0,1
GREEN,1.5,1.1,이재윤,4,14,3,1,박서현,1,13,2,1,1
GREEN,1.5,0.5,이재윤,4,14,3,1,박서현,1,15,2,1,1
GREEN,1.5,0.5,이재윤,4,14,3,1,박서현,1,17,2,0,1
GREEN,1.5,0.5,이재윤,4,14,3,1,박서현,2,2,2,0,1
GREEN,1.5,0.5,이재윤,4,14,3,1,박서현,2,3,2,0,1
GREEN,1.5,1.2,이재윤,4,14,3,1,박서현,2,5,3,1,0
GREEN,1.5,2.4,이재윤,4,14,3,1,박서현,2,6,2,0,1
GREEN,1.5,1.5,이재윤,4,14,3,1,박서현,2,9,2,0,1
GREEN,1.5,1.5,이재윤,4,14,3,1,박서현,2,11,2,1,1
GREEN,1.5,1.3,이재윤,4,14,3,1,박서현,2,12,3,2,0
GREEN,1.5,0.9,이재윤,4,14,3,1,박서현,2,12,2,2,1
GREEN,1.5,1.0,이재윤,4,14,3,1,박서현,2,14,2,1,1
GREEN,1.5,1.3,이재윤,4,14,3,1,박서현,2,15,2,0,1
GREEN,1.5,1.3,이재윤,4,14,3,1,박서현,2,18,2,0,1
GREEN,1.5,1.3,이재윤,4,14,3,1,박서현,3,1,2,0,1
GREEN,1.5,1.4,이재윤,4,14,3,1,박서현,3,2,2,0,1
GREEN,1.5,0.5,이재윤,4,14,3,1,박서현,3,4,2,0,1
GREEN,1.5,1.2,이재윤,4,14,3,1,박서현,3,5,2,0,1
GREEN,1.5,0.5,이재윤,4,14,3,1,박서현,3,7,2,0,1
GREEN,1.5,1.9,이재윤,4,14,3,1,박서현,3,10,3,1,0
GREEN,1.5,0.9,이재윤,4,14,3,1,박서현,3,10,2,1,1
GREEN,1.5,1.0,이재윤,4,14,3,1,박서현,3,11,2,0,1
GREEN,1.5,1.2,이재윤,4,14,3,1,박서현,3,12,2,0,1
GREEN,1.5,1.3,이재윤,4,14,3,1,박서현,3,13,3,1,0
GREEN,1.5,1.0,이재윤,4,14,3,1,박서현,3,13,2,1,1
GREEN,1.5,1.4,이재윤,4,14,3,1,박서현,3,15,2,1,1
GREEN,1.5,1.9,이재윤,4,14,3,1,박서현,3,17,2,0,1
GREEN,1.5,0.5,이재윤,4,14,3,1,박서현,3,18,2,0,1
GREEN,1.5,1.1,이재윤,4,14,3,1,박서현,4,1,2,0,1
GREEN,1.5,0.5,이재윤,4,14,3,1,박서현,4,3,2,1,1
GREEN,1.5,1.7,이재윤,4,14,3,1,박서현,4,9,3,2,0
GREEN,1.5,1.6,이재윤,4,14,3,1,박서현,4,10,2,1,1
GREEN,1.5,1.9,이재윤,4,14,3,1,박서현,4,12,3,1,0
GREEN,1.5,0.8,이재윤,4,14,3,1,박서현,4,12,2,1,1
GREEN,1.5,1.6,이재윤,4,14,3,1,박서현,4,14,3,1,0
GREEN,1.5,0.7,이재윤,4,14,3,1,박서현,4,15,2,0,1
GREEN,1.5,1.3,이재윤,4,14,3,1,박서현,4,16,2,0,1
GREEN,1.5,2.2,이재윤,4,14,3,1,박서현,4,17,3,1,0
GREEN,1.5,0.5,이재윤,4,14,3,1,박서현,4,17,2,1,1
GREEN,1.5,1.3,이재윤,4,14,3,1,박서현,4,18,2,1,1
GREEN,1.0,0.4,이재윤,4,14,2,1,박서현,1,2,2,0,0
GREEN,1.0,1.0,이재윤,4,14,2,1,박서현,1,3,2,2,0
GREEN,1.0,0.5,이재윤,4,14,2,1,박서현,1,4,2,0,0
GREEN,1.0,0.5,이재윤,4,14,2,1,박서현,1,5,2,0,0
GREEN,1.0,0.4,이재윤,4,14,2,1,박서현,1,6,2,1,0
GREEN,1.0,0.5,이재윤,4,14,2,1,박서현,1,7,2,0,0
GREEN,1.0,2.0,이재윤,4,14,2,1,박서현,1,8,3,1,-1
GREEN,1.0,0.5,이재윤,4,14,2,1,박서현,1,8,2,1,0
GREEN,1.0,0.6,이재윤,4,14,2,1,박서현,1,9,2,0,0
GREEN,1.0,0.3,이재윤,4,14,2,1,박서현,1,10,2,0,0
GREEN,1.0,0.4,이재윤,4,14,2,1,박서현,1,11,2,0,0
GREEN,1.0,1.1,이재윤,4,14,2,1,박서현,1,13,2,1,0
GREEN,1.0,0.3,이재윤,4,14,2,1,박서현,1,14,2,0,0
GREEN,1.0,0.5,이재윤,4,14,2,1,박서현,1,15,2,1,0
GREEN,1.0,0.5,이재윤,4,14,2,1,박서현,1,17,2,0,0
GREEN,1.0,0.3,이재윤,4,14,2,1,박서현,2,1,2,0,0
GREEN,1.0,0.5,이재윤,4,14,2,1,박서현,2,2,2,0,0
GREEN,1.0,0.5,이재윤,4,14,2,1,박서현,2,3,2,0,0
GREEN,1.0,0.3,이재윤,4,14,2,1,박서현,2,4,2,1,0
GREEN,1.0,1.2,이재윤,4,14,2,1,박서현,2,5,3,1,-1
GREEN,1.0,0.4,이재윤,4,14,2,1,박서현,2,5,2,1,0
GREEN,1.0,0.4,이재윤,4,14,2,1,박서현,2,7,2,0,0
GREEN,1.0,1.5,이재윤,4,14,2,1,박서현,2,9,2,0,0
GREEN,1.0,0.2,이재윤,4,14,2,1,박서현,2,10,2,0,0
GREEN,1.0,1.5,이재윤,4,14,2,1,박서현,2,11,2,1,0
GREEN,1.0,1.3,이재윤,4,14,2,1,박서현,2,12,3,2,-1
GREEN,1.0,0.9,이재윤,4,14,2,1,박서현,2,12,2,2,0
GREEN,1.0,0.4,이재윤,4,14,2,1,박서현,2,13,2,0,0
GREEN,1.0,1.0,이재윤,4,14,2,1,박서현,2,14,2,1,0
GREEN,1.0,1.3,이재윤,4,14,2,1,박서현,2,15,2,0,0
GREEN,1.0,0.2,이재윤,4,14,2,1,박서현,2,17,2,0,0
GREEN,1.0,1.3,이재윤,4,14,2,1,박서현,2,18,2,0,0
GREEN,1.0,1.3,이재윤,4,14,2,1,박서현,3,1,2,0,0
GREEN,1.0,1.4,이재윤,4,14,2,1,박서현,3,2,2,0,0
GREEN,1.0,0.4,이재윤,4,14,2,1,박서현,3,3,2,1,0
GREEN,1.0,0.5,이재윤,4,14,2,1,박서현,3,4,2,0,0
GREEN,1.0,1.2,이재윤,4,14,2,1,박서현,3,5,2,0,0
GREEN,1.0,0.3,이재윤,4,14,2,1,박서현,3,6,2,0,0
GREEN,1.0,0.5,이재윤,4,14,2,1,박서현,3,7,2,0,0
GREEN,1.0,0.3,이재윤,4,14,2,1,박서현,3,8,2,3,0
GREEN,1.0,0.2,이재윤,4,14,2,1,박서현,3,9,2,2,0
GREEN,1.0,1.9,이재윤,4,14,2,1,박서현,3,10,3,1,-1
GREEN,1.0,0.9,이재윤,4,14,2,1,박서현,3,10,2,1,0
GREEN,1.0,1.0,이재윤,4,14,2,1,박서현,3,11,2,0,0
GREEN,1.0,1.2,이재윤,4,14,2,1,박서현,3,12,2,0,0
GREEN,1.0,1.3,이재윤,4,14,2,1,박서현,3,13,3,1,-1
GREEN,1.0,1.0,이재윤,4,14,2,1,박서현,3,13,2,1,0
GREEN,1.0,0.4,이재윤,4,14,2,1,박서현,3,14,2,0,0
GREEN,1.0,1.4,이재윤,4,14,2,1,박서현,3,15,2,1,0
GREEN,1.0,0.3,이재윤,4,14,2,1,박서현,3,16,2,0,0
GREEN,1.0,1.9,이재윤,4,14,2,1,박서현,3,17,2,0,0
GREEN,1.0,0.5,이재윤,4,14,2,1,박서현,3,18,2,0,0
GREEN,1.0,1.1,이재윤,4,14,2,1,박서현,4,1,2,0,0
GREEN,1.0,0.2,이재윤,4,14,2,1,박서현,4,2,2,0,0
GREEN,1.0,0.5,이재윤,4,14,2,1,박서현,4,3,2,1,0
GREEN,1.0,0.3,이재윤,4,14,2,1,박서현,4,4,2,1,0
GREEN,1.0,0.3,이재윤,4,14,2,1,박서현,4,5,2,0,0
GREEN,1.0,0.3,이재윤,4,14,2,1,박서현,4,8,2,0,0
GREEN,1.0,1.7,이재윤,4,14,2,1,박서현,4,9,3,2,-1
GREEN,1.0,0.4,이재윤,4,14,2,1,박서현,4,9,2,2,0
GREEN,1.0,1.6,이재윤,4,14,2,1,박서현,4,10,2,1,0
GREEN,1.0,0.4,이재윤,4,14,2,1,박서현,4,11,2,0,0
GREEN,1.0,1.9,이재윤,4,14,2,1,박서현,4,12,3,1,-1
GREEN,1.0,0.8,이재윤,4,14,2,1,박서현,4,12,2,1,0
GREEN,1.0,1.6,이재윤,4,14,2,1,박서현,4,14,3,1,-1
GREEN,1.0,0.2,이재윤,4,14,2,1,박서현,4,14,2,1,0
GREEN,1.0,0.7,이재윤,4,14,2,1,박서현,4,15,2,0,0
GREEN,1.0,1.3,이재윤,4,14,2,1,박서현,4,16,2,0,0
GREEN,1.0,0.5,이재윤,4,14,2,1,박서현,4,17,2,1,0
GREEN,1.0,1.3,이재윤,4,14,2,1,박서현,4,18,2,1,0
GREEN,6.8,7.7,이재윤,4,15,3,0,박서현,1,1,2,-1,1
GREEN,6.8,5.9,이재윤,4,15,3,0,박서현,1,4,3,0,0
GREEN,6.8,7.2,이재윤,4,15,3,0,박서현,1,5,3,0,0
GREEN,6.8,6.9,이재윤,4,15,3,0,박서현,1,6,3,1,0
GREEN,6.8,7.5,이재윤,4,15,3,0,박서현,1,13,3,1,0
GREEN,6.8,6.6,이재윤,4,15,3,0,박서현,1,15,3,1,0
GREEN,6.8,7.8,이재윤,4,15,3,0,박서현,2,1,3,0,0
GREEN,6.8,6.1,이재윤,4,15,3,0,박서현,2,2,3,0,0
GREEN,6.8,6.1,이재윤,4,15,3,0,박서현,2,4,3,1,0
GREEN,6.8,7.5,이재윤,4,15,3,0,박서현,3,6,3,0,0
GREEN,6.8,7.1,이재윤,4,15,3,0,박서현,4,1,3,0,0
GREEN,6.8,6.7,이재윤,4,15,3,0,박서현,4,5,3,0,0
GREEN,6.8,6.2,이재윤,4,15,3,0,박서현,4,7,2,-1,1
GREEN,6.8,7.6,이재윤,4,15,3,0,박서현,4,8,3,0,0
GREEN,1.2,0.4,이재윤,4,15,2,0,박서현,1,2,2,0,0
GREEN,1.2,1.0,이재윤,4,15,2,0,박서현,1,3,2,2,0
GREEN,1.2,0.5,이재윤,4,15,2,0,박서현,1,4,2,0,0
GREEN,1.2,0.5,이재윤,4,15,2,0,박서현,1,5,2,0,0
GREEN,1.2,0.4,이재윤,4,15,2,0,박서현,1,6,2,1,0
GREEN,1.2,0.5,이재윤,4,15,2,0,박서현,1,7,2,0,0
GREEN,1.2,2.0,이재윤,4,15,2,0,박서현,1,8,3,1,-1
GREEN,1.2,0.5,이재윤,4,15,2,0,박서현,1,8,2,1,0
GREEN,1.2,0.6,이재윤,4,15,2,0,박서현,1,9,2,0,0
GREEN,1.2,0.3,이재윤,4,15,2,0,박서현,1,10,2,0,0
GREEN,1.2,0.4,이재윤,4,15,2,0,박서현,1,11,2,0,0
GREEN,1.2,1.1,이재윤,4,15,2,0,박서현,1,13,2,1,0
GREEN,1.2,0.3,이재윤,4,15,2,0,박서현,1,14,2,0,0
GREEN,1.2,0.5,이재윤,4,15,2,0,박서현,1,15,2,1,0
GREEN,1.2,0.5,이재윤,4,15,2,0,박서현,1,17,2,0,0
GREEN,1.2,0.3,이재윤,4,15,2,0,박서현,2,1,2,0,0
GREEN,1.2,0.5,이재윤,4,15,2,0,박서현,2,2,2,0,0
GREEN,1.2,0.5,이재윤,4,15,2,0,박서현,2,3,2,0,0
GREEN,1.2,0.3,이재윤,4,15,2,0,박서현,2,4,2,1,0
GREEN,1.2,1.2,이재윤,4,15,2,0,박서현,2,5,3,1,-1
GREEN,1.2,0.4,이재윤,4,15,2,0,박서현,2,5,2,1,0
GREEN,1.2,0.4,이재윤,4,15,2,0,박서현,2,7,2,0,0
GREEN,1.2,1.5,이재윤,4,15,2,0,박서현,2,9,2,0,0
GREEN,1.2,0.2,이재윤,4,15,2,0,박서현,2,10,2,0,0
GREEN,1.2,1.5,이재윤,4,15,2,0,박서현,2,11,2,1,0
GREEN,1.2,1.3,이재윤,4,15,2,0,박서현,2,12,3,2,-1
GREEN,1.2,0.9,이재윤,4,15,2,0,박서현,2,12,2,2,0
GREEN,1.2,0.4,이재윤,4,15,2,0,박서현,2,13,2,0,0
GREEN,1.2,1.0,이재윤,4,15,2,0,박서현,2,14,2,1,0
GREEN,1.2,1.3,이재윤,4,15,2,0,박서현,2,15,2,0,0
GREEN,1.2,0.2,이재윤,4,15,2,0,박서현,2,17,2,0,0
GREEN,1.2,1.3,이재윤,4,15,2,0,박서현,2,18,2,0,0
GREEN,1.2,1.3,이재윤,4,15,2,0,박서현,3,1,2,0,0
GREEN,1.2,1.4,이재윤,4,15,2,0,박서현,3,2,2,0,0
GREEN,1.2,0.4,이재윤,4,15,2,0,박서현,3,3,2,1,0
GREEN,1.2,0.5,이재윤,4,15,2,0,박서현,3,4,2,0,0
GREEN,1.2,1.2,이재윤,4,15,2,0,박서현,3,5,2,0,0
GREEN,1.2,0.3,이재윤,4,15,2,0,박서현,3,6,2,0,0
GREEN,1.2,0.5,이재윤,4,15,2,0,박서현,3,7,2,0,0
GREEN,1.2,0.3,이재윤,4,15,2,0,박서현,3,8,2,3,0
GREEN,1.2,0.2,이재윤,4,15,2,0,박서현,3,9,2,2,0
GREEN,1.2,1.9,이재윤,4,15,2,0,박서현,3,10,3,1,-1
GREEN,1.2,0.9,이재윤,4,15,2,0,박서현,3,10,2,1,0
GREEN,1.2,1.0,이재윤,4,15,2,0,박서현,3,11,2,0,0
GREEN,1.2,1.2,이재윤,4,15,2,0,박서현,3,12,2,0,0
GREEN,1.2,1.3,이재윤,4,15,2,0,박서현,3,13,3,1,-1
GREEN,1.2,1.0,이재윤,4,15,2,0,박서현,3,13,2,1,0
GREEN,1.2,0.4,이재윤,4,15,2,0,박서현,3,14,2,0,0
GREEN,1.2,1.4,이재윤,4,15,2,0,박서현,3,15,2,1,0
GREEN,1.2,0.3,이재윤,4,15,2,0,박서현,3,16,2,0,0
GREEN,1.2,1.9,이재윤,4,15,2,0,박서현,3,17,2,0,0
GREEN,1.2,0.5,이재윤,4,15,2,0,박서현,3,18,2,0,0
GREEN,1.2,1.1,이재윤,4,15,2,0,박서현,4,1,2,0,0
GREEN,1.2,0.2,이재윤,4,15,2,0,박서현,4,2,2,0,0
GREEN,1.2,0.5,이재윤,4,15,2,0,박서현,4,3,2,1,0
GREEN,1.2,0.3,이재윤,4,15,2,0,박서현,4,4,2,1,0
GREEN,1.2,0.3,이재윤,4,15,2,0,박서현,4,5,2,0,0
GREEN,1.2,0.3,이재윤,4,15,2,0,박서현,4,8,2,0,0
GREEN,1.2,1.7,이재윤,4,15,2,0,박서현,4,9,3,2,-1
GREEN,1.2,0.4,이재윤,4,15,2,0,박서현,4,9,2,2,0
GREEN,1.2,1.6,이재윤,4,15,2,0,박서현,4,10,2,1,0
GREEN,1.2,0.4,이재윤,4,15,2,0,박서현,4,11,2,0,0
GREEN,1.2,1.9,이재윤,4,15,2,0,박서현,4,12,3,1,-1
GREEN,1.2,0.8,이재윤,4,15,2,0,박서현,4,12,2,1,0
GREEN,1.2,1.6,이재윤,4,15,2,0,박서현,4,14,3,1,-1
GREEN,1.2,0.2,이재윤,4,15,2,0,박서현,4,14,2,1,0
GREEN,1.2,0.7,이재윤,4,15,2,0,박서현,4,15,2,0,0
GREEN,1.2,1.3,이재윤,4,15,2,0,박서현,4,16,2,0,0
GREEN,1.2,0.5,이재윤,4,15,2,0,박서현,4,17,2,1,0
GREEN,1.2,1.3,이재윤,4,15,2,0,박서현,4,18,2,1,0
GREEN,5.0,5.9,이재윤,4,16,3,0,박서현,1,4,3,0,0
GREEN,5.0,4.3,이재윤,4,16,3,0,박서현,1,14,3,0,0
GREEN,5.0,4.8,이재윤,4,16,3,0,박서현,1,17,3,0,0
GREEN,5.0,5.3,이재윤,4,16,3,0,박서현,2,3,3,0,0
GREEN,5.0,5.1,이재윤,4,16,3,0,박서현,2,17,3,0,0
GREEN,5.0,5.6,이재윤,4,16,3,0,박서현,3,1,3,0,0
GREEN,5.0,4.6,이재윤,4,16,3,0,박서현,3,4,3,0,0
GREEN,5.0,4.3,이재윤,4,16,3,0,박서현,3,9,3,2,0
GREEN,5.0,4.8,이재윤,4,16,3,0,박서현,3,13,4,1,-1
GREEN,5.0,5.4,이재윤,4,16,3,0,박서현,3,14,3,0,0
GREEN,5.0,5.6,이재윤,4,16,3,0,박서현,3,16,3,0,0
GREEN,5.0,5.5,이재윤,4,16,3,0,박서현,4,10,3,1,0
GREEN,5.0,4.5,이재윤,4,16,3,0,박서현,4,11,3,0,0
GREEN,0.5,0.4,이재윤,4,16,2,0,박서현,1,2,2,0,0
GREEN,0.5,1.0,이재윤,4,16,2,0,박서현,1,3,2,2,0
GREEN,0.5,0.5,이재윤,4,16,2,0,박서현,1,4,2,0,0
GREEN,0.5,0.5,이재윤,4,16,2,0,박서현,1,5,2,0,0
GREEN,0.5,0.4,이재윤,4,16,2,0,박서현,1,6,2,1,0
GREEN,0.5,0.5,이재윤,4,16,2,0,박서현,1,7,2,0,0
GREEN,0.5,0.5,이재윤,4,16,2,0,박서현,1,8,2,1,0
GREEN,0.5,0.6,이재윤,4,16,2,0,박서현,1,9,2,0,0
GREEN,0.5,0.3,이재윤,4,16,2,0,박서현,1,10,2,0,0
GREEN,0.5,0.4,이재윤,4,16,2,0,박서현,1,11,2,0,0
GREEN,0.5,1.1,이재윤,4,16,2,0,박서현,1,13,2,1,0
GREEN,0.5,0.3,이재윤,4,16,2,0,박서현,1,14,2,0,0
GREEN,0.5,0.5,이재윤,4,16,2,0,박서현,1,15,2,1,0
GREEN,0.5,0.5,이재윤,4,16,2,0,박서현,1,17,2,0,0
GREEN,0.5,0.3,이재윤,4,16,2,0,박서현,2,1,2,0,0
GREEN,0.5,0.5,이재윤,4,16,2,0,박서현,2,2,2,0,0
GREEN,0.5,0.5,이재윤,4,16,2,0,박서현,2,3,2,0,0
GREEN,0.5,0.3,이재윤,4,16,2,0,박서현,2,4,2,1,0
GREEN,0.5,1.2,이재윤,4,16,2,0,박서현,2,5,3,1,-1
GREEN,0.5,0.4,이재윤,4,16,2,0,박서현,2,5,2,1,0
GREEN,0.5,0.4,이재윤,4,16,2,0,박서현,2,7,2,0,0
GREEN,0.5,1.5,이재윤,4,16,2,0,박서현,2,9,2,0,0
GREEN,0.5,0.2,이재윤,4,16,2,0,박서현,2,10,2,0,0
GREEN,0.5,1.5,이재윤,4,16,2,0,박서현,2,11,2,1,0
GREEN,0.5,1.3,이재윤,4,16,2,0,박서현,2,12,3,2,-1
GREEN,0.5,0.9,이재윤,4,16,2,0,박서현,2,12,2,2,0
GREEN,0.5,0.4,이재윤,4,16,2,0,박서현,2,13,2,0,0
GREEN,0.5,1.0,이재윤,4,16,2,0,박서현,2,14,2,1,0
GREEN,0.5,1.3,이재윤,4,16,2,0,박서현,2,15,2,0,0
GREEN,0.5,0.2,이재윤,4,16,2,0,박서현,2,17,2,0,0
GREEN,0.5,1.3,이재윤,4,16,2,0,박서현,2,18,2,0,0
GREEN,0.5,1.3,이재윤,4,16,2,0,박서현,3,1,2,0,0
GREEN,0.5,1.4,이재윤,4,16,2,0,박서현,3,2,2,0,0
GREEN,0.5,0.4,이재윤,4,16,2,0,박서현,3,3,2,1,0
GREEN,0.5,0.5,이재윤,4,16,2,0,박서현,3,4,2,0,0
GREEN,0.5,1.2,이재윤,4,16,2,0,박서현,3,5,2,0,0
GREEN,0.5,0.3,이재윤,4,16,2,0,박서현,3,6,2,0,0
GREEN,0.5,0.5,이재윤,4,16,2,0,박서현,3,7,2,0,0
GREEN,0.5,0.3,이재윤,4,16,2,0,박서현,3,8,2,3,0
GREEN,0.5,0.2,이재윤,4,16,2,0,박서현,3,9,2,2,0
GREEN,0.5,0.9,이재윤,4,16,2,0,박서현,3,10,2,1,0
GREEN,0.5,1.0,이재윤,4,16,2,0,박서현,3,11,2,0,0
GREEN,0.5,1.2,이재윤,4,16,2,0,박서현,3,12,2,0,0
GREEN,0.5,1.3,이재윤,4,16,2,0,박서현,3,13,3,1,-1
GREEN,0.5,1.0,이재윤,4,16,2,0,박서현,3,13,2,1,0
GREEN,0.5,0.4,이재윤,4,16,2,0,박서현,3,14,2,0,0
GREEN,0.5,1.4,이재윤,4,16,2,0,박서현,3,15,2,1,0
GREEN,0.5,0.3,이재윤,4,16,2,0,박서현,3,16,2,0,0
GREEN,0.5,0.5,이재윤,4,16,2,0,박서현,3,18,2,0,0
GREEN,0.5,1.1,이재윤,4,16,2,0,박서현,4,1,2,0,0
GREEN,0.5,0.2,이재윤,4,16,2,0,박서현,4,2,2,0,0
GREEN,0.5,0.5,이재윤,4,16,2,0,박서현,4,3,2,1,0
GREEN,0.5,0.3,이재윤,4,16,2,0,박서현,4,4,2,1,0
GREEN,0.5,0.3,이재윤,4,16,2,0,박서현,4,5,2,0,0
GREEN,0.5,0.3,이재윤,4,16,2,0,박서현,4,8,2,0,0
GREEN,0.5,0.4,이재윤,4,16,2,0,박서현,4,9,2,2,0
GREEN,0.5,0.4,이재윤,4,16,2,0,박서현,4,11,2,0,0
GREEN,0.5,0.8,이재윤,4,16,2,0,박서현,4,12,2,1,0
GREEN,0.5,0.2,이재윤,4,16,2,0,박서현,4,14,2,1,0
GREEN,0.5,0.7,이재윤,4,16,2,0,박서현,4,15,2,0,0
GREEN,0.5,1.3,이재윤,4,16,2,0,박서현,4,16,2,0,0
GREEN,0.5,0.5,이재윤,4,16,2,0,박서현,4,17,2,1,0
GREEN,0.5,1.3,이재윤,4,16,2,0,박서현,4,18,2,1,0
GREEN,1.8,1.0,이재윤,4,17,2,0,박서현,1,3,2,2,0
GREEN,1.8,2.0,이재윤,4,17,2,0,박서현,1,8,3,1,-1
GREEN,1.8,1.1,이재윤,4,17,2,0,박서현,1,13,2,1,0
GREEN,1.8,2.7,이재윤,4,17,2,0,박서현,1,16,2,-1,0
GREEN,1.8,1.2,이재윤,4,17,2,0,박서현,2,5,3,1,-1
GREEN,1.8,2.4,이재윤,4,17,2,0,박서현,2,6,2,0,0
GREEN,1.8,1.5,이재윤,4,17,2,0,박서현,2,9,2,0,0
GREEN,1.8,1.5,이재윤,4,17,2,0,박서현,2,11,2,1,0
GREEN,1.8,1.3,이재윤,4,17,2,0,박서현,2,12,3,2,-1
GREEN,1.8,0.9,이재윤,4,17,2,0,박서현,2,12,2,2,0
GREEN,1.8,1.0,이재윤,4,17,2,0,박서현,2,14,2,1,0
GREEN,1.8,1.3,이재윤,4,17,2,0,박서현,2,15,2,0,0
GREEN,1.8,1.3,이재윤,4,17,2,0,박서현,2,18,2,0,0
GREEN,1.8,1.3,이재윤,4,17,2,0,박서현,3,1,2,0,0
GREEN,1.8,1.4,이재윤,4,17,2,0,박서현,3,2,2,0,0
GREEN,1.8,1.2,이재윤,4,17,2,0,박서현,3,5,2,0,0
GREEN,1.8,1.9,이재윤,4,17,2,0,박서현,3,10,3,1,-1
GREEN,1.8,0.9,이재윤,4,17,2,0,박서현,3,10,2,1,0
GREEN,1.8,1.0,이재윤,4,17,2,0,박서현,3,11,2,0,0
GREEN,1.8,1.2,이재윤,4,17,2,0,박서현,3,12,2,0,0
GREEN,1.8,1.3,이재윤,4,17,2,0,박서현,3,13,3,1,-1
GREEN,1.8,1.0,이재윤,4,17,2,0,박서현,3,13,2,1,0
GREEN,1.8,2.7,이재윤,4,17,2,0,박서현,3,15,3,1,-1
GREEN,1.8,1.4,이재윤,4,17,2,0,박서현,3,15,2,1,0
GREEN,1.8,1.9,이재윤,4,17,2,0,박서현,3,17,2,0,0
GREEN,1.8,1.1,이재윤,4,17,2,0,박서현,4,1,2,0,0
GREEN,1.8,2.8,이재윤,4,17,2,0,박서현,4,3,3,1,-1
GREEN,1.8,1.7,이재윤,4,17,2,0,박서현,4,9,3,2,-1
GREEN,1.8,1.6,이재윤,4,17,2,0,박서현,4,10,2,1,0
GREEN,1.8,1.9,이재윤,4,17,2,0,박서현,4,12,3,1,-1
GREEN,1.8,0.8,이재윤,4,17,2,0,박서현,4,12,2,1,0
GREEN,1.8,1.6,이재윤,4,17,2,0,박서현,4,14,3,1,-1
GREEN,1.8,1.3,이재윤,4,17,2,0,박서현,4,16,2,0,0
GREEN,1.8,2.2,이재윤,4,17,2,0,박서현,4,17,3,1,-1
GREEN,1.8,1.3,이재윤,4,17,2,0,박서현,4,18,2,1,0
ROUGH,274.1,273.4,이재윤,4,18,5,0,박서현,2,18,5,0,0
GREEN,3.1,3.4,이재윤,4,18,3,0,박서현,1,3,3,2,0
GREEN,3.1,3.5,이재윤,4,18,3,0,박서현,1,11,3,0,0
GREEN,3.1,2.7,이재윤,4,18,3,0,박서현,1,16,2,-1,1
GREEN,3.1,2.4,이재윤,4,18,3,0,박서현,2,6,2,0,1
GREEN,3.1,3.3,이재윤,4,18,3,0,박서현,2,8,2,0,1
GREEN,3.1,3.6,이재윤,4,18,3,0,박서현,2,10,3,0,0
GREEN,3.1,3.6,이재윤,4,18,3,0,박서현,2,16,2,0,1
GREEN,3.1,2.7,이재윤,4,18,3,0,박서현,3,15,3,1,0
GREEN,3.1,2.8,이재윤,4,18,3,0,박서현,4,3,3,1,0
GREEN,3.1,3.7,이재윤,4,18,3,0,박서현,4,4,3,1,0
GREEN,3.1,3.8,이재윤,4,18,3,0,박서현,4,6,2,0,1
GREEN,3.1,3.4,이재윤,4,18,3,0,박서현,4,9,4,2,-1
GREEN,3.1,3.4,이재윤,4,18,3,0,박서현,4,13,2,0,1
GREEN,3.1,2.2,이재윤,4,18,3,0,박서현,4,17,3,1,0
GREEN,0.3,0.4,이재윤,4,18,2,0,박서현,1,2,2,0,0
GREEN,0.3,1.0,이재윤,4,18,2,0,박서현,1,3,2,2,0
GREEN,0.3,0.5,이재윤,4,18,2,0,박서현,1,4,2,0,0
GREEN,0.3,0.5,이재윤,4,18,2,0,박서현,1,5,2,0,0
GREEN,0.3,0.4,이재윤,4,18,2,0,박서현,1,6,2,1,0
GREEN,0.3,0.5,이재윤,4,18,2,0,박서현,1,7,2,0,0
GREEN,0.3,0.5,이재윤,4,18,2,0,박서현,1,8,2,1,0
GREEN,0.3,0.6,이재윤,4,18,2,0,박서현,1,9,2,0,0
GREEN,0.3,0.3,이재윤,4,18,2,0,박서현,1,10,2,0,0
GREEN,0.3,0.4,이재윤,4,18,2,0,박서현,1,11,2,0,0
GREEN,0.3,1.1,이재윤,4,18,2,0,박서현,1,13,2,1,0
GREEN,0.3,0.3,이재윤,4,18,2,0,박서현,1,14,2,0,0
GREEN,0.3,0.5,이재윤,4,18,2,0,박서현,1,15,2,1,0
GREEN,0.3,0.5,이재윤,4,18,2,0,박서현,1,17,2,0,0
GREEN,0.3,0.3,이재윤,4,18,2,0,박서현,2,1,2,0,0
GREEN,0.3,0.5,이재윤,4,18,2,0,박서현,2,2,2,0,0
GREEN,0.3,0.5,이재윤,4,18,2,0,박서현,2,3,2,0,0
GREEN,0.3,0.3,이재윤,4,18,2,0,박서현,2,4,2,1,0
GREEN,0.3,1.2,이재윤,4,18,2,0,박서현,2,5,3,1,-1
GREEN,0.3,0.4,이재윤,4,18,2,0,박서현,2,5,2,1,0
GREEN,0.3,0.4,이재윤,4,18,2,0,박서현,2,7,2,0,0
GREEN,0.3,0.2,이재윤,4,18,2,0,박서현,2,10,2,0,0
GREEN,0.3,1.3,이재윤,4,18,2,0,박서현,2,12,3,2,-1
GREEN,0.3,0.9,이재윤,4,18,2,0,박서현,2,12,2,2,0
GREEN,0.3,0.4,이재윤,4,18,2,0,박서현,2,13,2,0,0
GREEN,0.3,1.0,이재윤,4,18,2,0,박서현,2,14,2,1,0
GREEN,0.3,1.3,이재윤,4,18,2,0,박서현,2,15,2,0,0
GREEN,0.3,0.2,이재윤,4,18,2,0,박서현,2,17,2,0,0
GREEN,0.3,1.3,이재윤,4,18,2,0,박서현,2,18,2,0,0
GREEN,0.3,1.3,이재윤,4,18,2,0,박서현,3,1,2,0,0
GREEN,0.3,0.4,이재윤,4,18,2,0,박서현,3,3,2,1,0
GREEN,0.3,0.5,이재윤,4,18,2,0,박서현,3,4,2,0,0
GREEN,0.3,1.2,이재윤,4,18,2,0,박서현,3,5,2,0,0
GREEN,0.3,0.3,이재윤,4,18,2,0,박서현,3,6,2,0,0
GREEN,0.3,0.5,이재윤,4,18,2,0,박서현,3,7,2,0,0
GREEN,0.3,0.3,이재윤,4,18,2,0,박서현,3,8,2,3,0
GREEN,0.3,0.2,이재윤,4,18,2,0,박서현,3,9,2,2,0
GREEN,0.3,0.9,이재윤,4,18,2,0,박서현,3,10,2,1,0
GREEN,0.3,1.0,이재윤,4,18,2,0,박서현,3,11,2,0,0
GREEN,0.3,1.2,이재윤,4,18,2,0,박서현,3,12,2,0,0
GREEN,0.3,1.3,이재윤,4,18,2,0,박서현,3,13,3,1,-1
GREEN,0.3,1.0,이재윤,4,18,2,0,박서현,3,13,2,1,0
GREEN,0.3,0.4,이재윤,4,18,2,0,박서현,3,14,2,0,0
GREEN,0.3,0.3,이재윤,4,18,2,0,박서현,3,16,2,0,0
GREEN,0.3,0.5,이재윤,4,18,2,0,박서현,3,18,2,0,0
GREEN,0.3,1.1,이재윤,4,18,2,0,박서현,4,1,2,0,0
GREEN,0.3,0.2,이재윤,4,18,2,0,박서현,4,2,2,0,0
GREEN,0.3,0.5,이재윤,4,18,2,0,박서현,4,3,2,1,0
GREEN,0.3,0.3,이재윤,4,18,2,0,박서현,4,4,2,1,0
GREEN,0.3,0.3,이재윤,4,18,2,0,박서현,4,5,2,0,0
GREEN,0.3,0.3,이재윤,4,18,2,0,박서현,4,8,2,0,0
GREEN,0.3,0.4,이재윤,4,18,2,0,박서현,4,9,2,2,0
GREEN,0.3,0.4,이재윤,4,18,2,0,박서현,4,11,2,0,0
GREEN,0.3,0.8,이재윤,4,18,2,0,박서현,4,12,2,1,0
GREEN,0.3,0.2,이재윤,4,18,2,0,박서현,4,14,2,1,0
GREEN,0.3,0.7,이재윤,4,18,2,0,박서현,4,15,2,0,0
GREEN,0.3,1.3,이재윤,4,18,2,0,박서현,4,16,2,0,0
GREEN,0.3,0.5,이재윤,4,18,2,0,박서현,4,17,2,1,0
GREEN,0.3,1.3,이재윤,4,18,2,0,박서현,4,18,2,1,0
