player_code,player_name,round,hole,par,shot_number,n_shots_this_hole,start_x,start_y,start_provenance,end_x,end_y,end_green_x,end_green_y,lie_before,lie_after,shot_distance_yd,remaining_distance_before_yd,remaining_distance_after_yd,remaining_distance_unreliable_state,round_pin_x,round_pin_y,pin_dx_mapunits,pin_dy_mapunits,pin_space_distance_mapunits,distance_to_pin_yd,tee_lateral_value,tee_lateral_bucket,is_penalty_stroke,is_putt_phase,gir_hole,final_putts_fixed,final_score,final_score_to_par,source_provenance
9115,유해란,1,1,4,1,4,,,UNKNOWN(tee box not separately logged in RAW),61.0,78.0,-40.0,405.0,TEE,BUNKER,245.7,402.0,156.3,False,51.0,61.0,-91.0,344.0,355.8,156.3,-6.75,LAT1,False,False,True,2,4,0,OBSERVED(RAW klpga_player_shot)
9115,유해란,1,1,4,2,4,61.0,78.0,OBSERVED(previous shot landing),80.0,12.0,58.0,74.0,BUNKER,GREEN,149.9,156.3,6.4,False,51.0,61.0,7.0,13.0,14.8,6.4,,,False,False,True,2,4,0,OBSERVED(RAW klpga_player_shot)
9115,유해란,1,1,4,3,4,80.0,12.0,OBSERVED(previous shot landing),78.0,10.0,51.0,60.0,GREEN,GREEN,6.0,6.4,0.4,False,51.0,61.0,0.0,-1.0,1.0,0.4,,,False,True,True,2,4,0,OBSERVED(RAW klpga_player_shot)
9115,유해란,1,1,4,4,4,78.0,10.0,OBSERVED(previous shot landing),78.0,10.0,51.0,61.0,GREEN,HOLED,0.4,0.4,0.0,False,51.0,61.0,0.0,0.0,0.0,0.0,,,False,True,True,2,4,0,OBSERVED(RAW klpga_player_shot)
9115,유해란,1,2,3,1,2,,,UNKNOWN(tee box not separately logged in RAW),71.0,47.0,73.0,144.0,TEE,GREEN,187.5,188.0,0.5,False,74.0,144.0,-1.0,0.0,1.0,0.5,-9.23,LAT1,False,False,True,1,2,-1,OBSERVED(RAW klpga_player_shot)
9115,유해란,1,2,3,2,2,71.0,47.0,OBSERVED(previous shot landing),71.0,47.0,74.0,144.0,GREEN,HOLED,0.5,0.5,0.0,False,74.0,144.0,0.0,0.0,0.0,0.0,,,False,True,True,1,2,-1,OBSERVED(RAW klpga_player_shot)
9115,유해란,1,3,4,1,4,,,UNKNOWN(tee box not separately logged in RAW),55.0,75.0,28.0,449.0,TEE,FAIRWAY,265.0,426.0,161.0,False,36.0,100.0,-8.0,349.0,349.1,161.0,-0.57,LAT2,False,False,False,1,4,0,OBSERVED(RAW klpga_player_shot)
9115,유해란,1,3,4,2,4,55.0,75.0,OBSERVED(previous shot landing),54.0,17.0,18.0,119.0,FAIRWAY,GREENSIDE_BUNKER,148.9,161.0,12.1,False,36.0,100.0,-18.0,19.0,26.2,12.1,,,False,False,False,1,4,0,OBSERVED(RAW klpga_player_shot)
9115,유해란,1,3,4,3,4,54.0,17.0,OBSERVED(previous shot landing),58.0,13.0,38.0,97.0,GREENSIDE_BUNKER,GREEN,10.1,12.1,2.0,False,36.0,100.0,2.0,-3.0,3.6,2.0,,,False,False,False,1,4,0,OBSERVED(RAW klpga_player_shot)
9115,유해란,1,3,4,4,4,58.0,13.0,OBSERVED(previous shot landing),58.0,14.0,36.0,100.0,GREEN,HOLED,2.0,2.0,0.0,False,36.0,100.0,0.0,0.0,0.0,0.0,,,False,True,False,1,4,0,OBSERVED(RAW klpga_player_shot)
9115,유해란,1,4,5,1,5,,,UNKNOWN(tee box not separately logged in RAW),74.0,106.0,110.0,712.0,TEE,FAIRWAY,271.2,542.0,270.8,False,94.0,111.0,16.0,601.0,601.2,270.8,-0.76,LAT2,False,False,True,2,5,0,OBSERVED(RAW klpga_player_shot)
9115,유해란,1,4,5,2,5,74.0,106.0,OBSERVED(previous shot landing),72.0,48.0,100.0,332.0,FAIRWAY,FAIRWAY,170.9,270.8,99.9,False,94.0,111.0,6.0,221.0,221.1,99.9,,,False,False,True,2,5,0,OBSERVED(RAW klpga_player_shot)
9115,유해란,1,4,5,3,5,72.0,48.0,OBSERVED(previous shot landing),72.0,16.0,101.0,115.0,FAIRWAY,GREEN,96.1,99.9,3.8,False,94.0,111.0,7.0,4.0,8.1,3.8,,,False,False,True,2,5,0,OBSERVED(RAW klpga_player_shot)
9115,유해란,1,4,5,4,5,72.0,16.0,OBSERVED(previous shot landing),71.0,15.0,93.0,111.0,GREEN,GREEN,3.5,3.8,0.3,False,94.0,111.0,-1.0,0.0,1.0,0.3,,,False,True,True,2,5,0,OBSERVED(RAW klpga_player_shot)
9115,유해란,1,4,5,5,5,71.0,15.0,OBSERVED(previous shot landing),71.0,15.0,94.0,111.0,GREEN,HOLED,0.3,0.3,0.0,False,94.0,111.0,0.0,0.0,0.0,0.0,,,False,True,True,2,5,0,OBSERVED(RAW klpga_player_shot)
9115,유해란,1,5,3,1,3,,,UNKNOWN(tee box not separately logged in RAW),58.0,17.0,43.0,50.0,TEE,FRINGE,162.4,170.0,7.6,False,47.0,69.0,-4.0,-19.0,19.4,7.6,16.58,LAT3,False,False,False,1,3,0,OBSERVED(RAW klpga_player_shot)
9115,유해란,1,5,3,2,3,58.0,17.0,OBSERVED(previous shot landing),59.0,24.0,47.0,70.0,FRINGE,GREEN,7.2,7.6,0.4,False,47.0,69.0,0.0,1.0,1.0,0.4,,,False,False,False,1,3,0,OBSERVED(RAW klpga_player_shot)
9115,유해란,1,5,3,3,3,59.0,24.0,OBSERVED(previous shot landing),59.0,24.0,47.0,69.0,GREEN,HOLED,0.4,0.4,0.0,False,47.0,69.0,0.0,0.0,0.0,0.0,,,False,True,False,1,3,0,OBSERVED(RAW klpga_player_shot)
9115,유해란,1,6,4,1,4,,,UNKNOWN(tee box not separately logged in RAW),73.0,80.0,114.0,439.0,TEE,ROUGH,253.8,410.0,156.2,False,84.0,83.0,30.0,356.0,357.3,156.2,-5.75,LAT1,False,False,False,1,4,0,OBSERVED(RAW klpga_player_shot)
9115,유해란,1,6,4,2,4,73.0,80.0,OBSERVED(previous shot landing),69.0,25.0,88.0,142.0,ROUGH,GREENSIDE_BUNKER,130.1,156.2,26.1,False,84.0,83.0,4.0,59.0,59.1,26.1,,,False,False,False,1,4,0,OBSERVED(RAW klpga_player_shot)
9115,유해란,1,6,4,3,4,69.0,25.0,OBSERVED(previous shot landing),67.0,13.0,80.0,78.0,GREENSIDE_BUNKER,GREEN,23.3,26.1,2.8,False,84.0,83.0,-4.0,-5.0,6.4,2.8,,,False,False,False,1,4,0,OBSERVED(RAW klpga_player_shot)
9115,유해란,1,6,4,4,4,67.0,13.0,OBSERVED(previous shot landing),68.0,14.0,84.0,83.0,GREEN,HOLED,2.8,2.8,0.0,False,84.0,83.0,0.0,0.0,0.0,0.0,,,False,True,False,1,4,0,OBSERVED(RAW klpga_player_shot)
9115,유해란,1,7,5,1,5,,,UNKNOWN(tee box not separately logged in RAW),40.0,99.0,-109.0,657.0,TEE,ROUGH,257.8,516.0,258.2,False,45.0,130.0,-154.0,527.0,549.0,258.2,4.8,LAT3,False,False,True,2,5,0,OBSERVED(RAW klpga_player_shot)
9115,유해란,1,7,5,2,5,40.0,99.0,OBSERVED(previous shot landing),54.0,54.0,-15.0,366.0,ROUGH,ROUGH,143.8,258.2,114.4,False,45.0,130.0,-60.0,236.0,243.5,114.4,,,False,False,True,2,5,0,OBSERVED(RAW klpga_player_shot)
9115,유해란,1,7,5,3,5,54.0,54.0,OBSERVED(previous shot landing),65.0,14.0,58.0,105.0,ROUGH,GREEN,101.0,114.4,13.4,False,45.0,130.0,13.0,-25.0,28.2,13.4,,,False,False,True,2,5,0,OBSERVED(RAW klpga_player_shot)
9115,유해란,1,7,5,4,5,65.0,14.0,OBSERVED(previous shot landing),63.0,18.0,47.0,132.0,GREEN,GREEN,12.2,13.4,1.2,False,45.0,130.0,2.0,2.0,2.8,1.2,,,False,True,True,2,5,0,OBSERVED(RAW klpga_player_shot)
9115,유해란,1,7,5,5,5,63.0,18.0,OBSERVED(previous shot landing),63.0,18.0,45.0,130.0,GREEN,HOLED,1.2,1.2,0.0,False,45.0,130.0,0.0,0.0,0.0,0.0,,,False,True,True,2,5,0,OBSERVED(RAW klpga_player_shot)
9115,유해란,1,8,4,1,3,,,UNKNOWN(tee box not separately logged in RAW),47.0,64.0,-38.0,332.0,TEE,FAIRWAY,253.9,377.0,123.1,False,96.0,89.0,-134.0,243.0,277.5,123.1,1.89,LAT2,False,False,True,1,3,-1,OBSERVED(RAW klpga_player_shot)
9115,유해란,1,8,4,2,3,47.0,64.0,OBSERVED(previous shot landing),72.0,15.0,84.0,101.0,FAIRWAY,GREEN,115.7,123.1,7.4,False,96.0,89.0,-12.0,12.0,17.0,7.4,,,False,False,True,1,3,-1,OBSERVED(RAW klpga_player_shot)
9115,유해란,1,8,4,3,3,72.0,15.0,OBSERVED(previous shot landing),75.0,13.0,96.0,89.0,GREEN,HOLED,7.4,7.4,0.0,False,96.0,89.0,0.0,0.0,0.0,0.0,,,False,True,True,1,3,-1,OBSERVED(RAW klpga_player_shot)
9115,유해란,1,9,4,1,4,,,UNKNOWN(tee box not separately logged in RAW),37.0,60.0,-176.0,325.0,TEE,ROUGH,260.2,404.0,143.8,False,84.0,97.0,-260.0,228.0,345.8,143.8,11.71,LAT3,False,False,False,1,4,0,OBSERVED(RAW klpga_player_shot)
9115,유해란,1,9,4,2,4,37.0,60.0,OBSERVED(previous shot landing),89.0,18.0,99.0,95.0,ROUGH,ROUGH,137.6,143.8,6.2,False,84.0,97.0,15.0,-2.0,15.1,6.2,,,False,False,False,1,4,0,OBSERVED(RAW klpga_player_shot)
9115,유해란,1,9,4,3,4,89.0,18.0,OBSERVED(previous shot landing),86.0,18.0,85.0,97.0,ROUGH,GREEN,5.8,6.2,0.4,False,84.0,97.0,1.0,0.0,1.0,0.4,,,False,False,False,1,4,0,OBSERVED(RAW klpga_player_shot)
9115,유해란,1,9,4,4,4,86.0,18.0,OBSERVED(previous shot landing),86.0,18.0,84.0,97.0,GREEN,HOLED,0.4,0.4,0.0,False,84.0,97.0,0.0,0.0,0.0,0.0,,,False,True,False,1,4,0,OBSERVED(RAW klpga_player_shot)
9115,유해란,1,10,5,1,6,,,UNKNOWN(tee box not separately logged in RAW),56.0,107.0,-104.0,725.0,TEE,FAIRWAY,280.3,570.0,289.7,False,88.0,115.0,-192.0,610.0,639.5,289.7,4.96,LAT3,False,False,False,2,6,1,OBSERVED(RAW klpga_player_shot)
9115,유해란,1,10,5,2,6,56.0,107.0,OBSERVED(previous shot landing),61.0,58.0,-47.0,385.0,FAIRWAY,FAIRWAY,153.0,289.7,136.7,False,88.0,115.0,-135.0,270.0,301.9,136.7,,,False,False,False,2,6,1,OBSERVED(RAW klpga_player_shot)
9115,유해란,1,10,5,3,6,61.0,58.0,OBSERVED(previous shot landing),80.0,17.0,106.0,107.0,FAIRWAY,ROUGH,128.0,136.7,8.7,False,88.0,115.0,18.0,-8.0,19.7,8.7,,,False,False,False,2,6,1,OBSERVED(RAW klpga_player_shot)
9115,유해란,1,10,5,4,6,80.0,17.0,OBSERVED(previous shot landing),77.0,19.0,81.0,118.0,ROUGH,GREEN,5.3,8.7,3.4,False,88.0,115.0,-7.0,3.0,7.6,3.4,,,False,False,False,2,6,1,OBSERVED(RAW klpga_player_shot)
9115,유해란,1,10,5,5,6,77.0,19.0,OBSERVED(previous shot landing),78.0,18.0,89.0,114.0,GREEN,GREEN,2.7,3.4,0.7,False,88.0,115.0,1.0,-1.0,1.4,0.7,,,False,True,False,2,6,1,OBSERVED(RAW klpga_player_shot)
9115,유해란,1,10,5,6,6,78.0,18.0,OBSERVED(previous shot landing),78.0,18.0,88.0,115.0,GREEN,HOLED,0.7,0.7,0.0,False,88.0,115.0,0.0,0.0,0.0,0.0,,,False,True,False,2,6,1,OBSERVED(RAW klpga_player_shot)
9115,유해란,1,11,3,1,3,,,UNKNOWN(tee box not separately logged in RAW),55.0,20.0,42.0,72.0,TEE,ROUGH,164.3,174.0,9.7,False,50.0,94.0,-8.0,-22.0,23.4,9.7,10.92,LAT3,False,False,False,1,3,0,OBSERVED(RAW klpga_player_shot)
9115,유해란,1,11,3,2,3,55.0,20.0,OBSERVED(previous shot landing),58.0,28.0,51.0,96.0,ROUGH,GREEN,8.8,9.7,0.9,False,50.0,94.0,1.0,2.0,2.2,0.9,,,False,False,False,1,3,0,OBSERVED(RAW klpga_player_shot)
9115,유해란,1,11,3,3,3,58.0,28.0,OBSERVED(previous shot landing),58.0,27.0,50.0,94.0,GREEN,HOLED,0.9,0.9,0.0,False,50.0,94.0,0.0,0.0,0.0,0.0,,,False,True,False,1,3,0,OBSERVED(RAW klpga_player_shot)
9115,유해란,1,12,4,1,4,,,UNKNOWN(tee box not separately logged in RAW),81.0,67.0,166.0,349.0,TEE,FAIRWAY,295.7,410.0,114.3,False,93.0,115.0,73.0,234.0,245.1,114.3,-2.9,LAT2,False,False,True,2,4,0,OBSERVED(RAW klpga_player_shot)
9115,유해란,1,12,4,2,4,81.0,67.0,OBSERVED(previous shot landing),67.0,20.0,92.0,101.0,FAIRWAY,GREEN,107.9,114.3,6.4,False,93.0,115.0,-1.0,-14.0,14.0,6.4,,,False,False,True,2,4,0,OBSERVED(RAW klpga_player_shot)
9115,유해란,1,12,4,3,4,67.0,20.0,OBSERVED(previous shot landing),67.0,22.0,93.0,114.0,GREEN,GREEN,6.1,6.4,0.3,False,93.0,115.0,0.0,-1.0,1.0,0.3,,,False,True,True,2,4,0,OBSERVED(RAW klpga_player_shot)
9115,유해란,1,12,4,4,4,67.0,22.0,OBSERVED(previous shot landing),67.0,22.0,93.0,115.0,GREEN,HOLED,0.3,0.3,0.0,False,93.0,115.0,0.0,0.0,0.0,0.0,,,False,True,True,2,4,0,OBSERVED(RAW klpga_player_shot)
9115,유해란,1,13,4,1,4,,,UNKNOWN(tee box not separately logged in RAW),81.0,63.0,166.0,272.0,TEE,FAIRWAY,275.1,376.0,100.9,False,84.0,92.0,82.0,180.0,197.8,100.9,-4.5,LAT1,False,False,True,2,4,0,OBSERVED(RAW klpga_player_shot)
9115,유해란,1,13,4,2,4,81.0,63.0,OBSERVED(previous shot landing),56.0,20.0,66.0,82.0,FAIRWAY,GREEN,90.3,100.9,10.6,False,84.0,92.0,-18.0,-10.0,20.6,10.6,,,False,False,True,2,4,0,OBSERVED(RAW klpga_player_shot)
9115,유해란,1,13,4,3,4,56.0,20.0,OBSERVED(previous shot landing),60.0,22.0,83.0,92.0,GREEN,GREEN,10.2,10.6,0.4,False,84.0,92.0,-1.0,0.0,1.0,0.4,,,False,True,True,2,4,0,OBSERVED(RAW klpga_player_shot)
9115,유해란,1,13,4,4,4,60.0,22.0,OBSERVED(previous shot landing),61.0,22.0,84.0,92.0,GREEN,HOLED,0.4,0.4,0.0,False,84.0,92.0,0.0,0.0,0.0,0.0,,,False,True,True,2,4,0,OBSERVED(RAW klpga_player_shot)
9115,유해란,1,14,4,1,5,,,UNKNOWN(tee box not separately logged in RAW),88.0,75.0,252.0,386.0,TEE,FAIRWAY,242.9,379.0,136.1,False,70.0,117.0,182.0,269.0,324.8,136.1,-2.9,LAT1,False,False,True,3,5,1,OBSERVED(RAW klpga_player_shot)
9115,유해란,1,14,4,2,5,88.0,75.0,OBSERVED(previous shot landing),46.0,22.0,33.0,117.0,FAIRWAY,GREEN,120.8,136.1,15.3,False,70.0,117.0,-37.0,0.0,37.0,15.3,,,False,False,True,3,5,1,OBSERVED(RAW klpga_player_shot)
9115,유해란,1,14,4,3,5,46.0,22.0,OBSERVED(previous shot landing),52.0,22.0,65.0,117.0,GREEN,GREEN,13.1,15.3,2.2,False,70.0,117.0,-5.0,0.0,5.0,2.2,,,False,True,True,3,5,1,OBSERVED(RAW klpga_player_shot)
9115,유해란,1,14,4,4,5,52.0,22.0,OBSERVED(previous shot landing),54.0,22.0,71.0,117.0,GREEN,GREEN,1.8,2.2,0.4,False,70.0,117.0,1.0,0.0,1.0,0.4,,,False,True,True,3,5,1,OBSERVED(RAW klpga_player_shot)
9115,유해란,1,14,4,5,5,54.0,22.0,OBSERVED(previous shot landing),53.0,22.0,70.0,117.0,GREEN,HOLED,0.4,0.4,0.0,False,70.0,117.0,0.0,0.0,0.0,0.0,,,False,True,True,3,5,1,OBSERVED(RAW klpga_player_shot)
9115,유해란,1,15,4,1,4,,,UNKNOWN(tee box not separately logged in RAW),60.0,65.0,-3.0,450.0,TEE,FAIRWAY,289.9,423.0,133.1,False,58.0,114.0,-61.0,336.0,341.5,133.1,4.52,LAT3,False,False,True,2,4,0,OBSERVED(RAW klpga_player_shot)
9115,유해란,1,15,4,2,4,60.0,65.0,OBSERVED(previous shot landing),65.0,12.0,47.0,98.0,FAIRWAY,GREEN,125.3,133.1,7.8,False,58.0,114.0,-11.0,-16.0,19.4,7.8,,,False,False,True,2,4,0,OBSERVED(RAW klpga_player_shot)
9115,유해란,1,15,4,3,4,65.0,12.0,OBSERVED(previous shot landing),67.0,14.0,58.0,115.0,GREEN,GREEN,7.4,7.8,0.4,False,58.0,114.0,0.0,1.0,1.0,0.4,,,False,True,True,2,4,0,OBSERVED(RAW klpga_player_shot)
9115,유해란,1,15,4,4,4,67.0,14.0,OBSERVED(previous shot landing),67.0,14.0,58.0,114.0,GREEN,HOLED,0.4,0.4,0.0,False,58.0,114.0,0.0,0.0,0.0,0.0,,,False,True,True,2,4,0,OBSERVED(RAW klpga_player_shot)
9115,유해란,1,16,3,1,4,,,UNKNOWN(tee box not separately logged in RAW),59.0,34.0,46.0,115.0,TEE,GREEN,161.5,180.0,18.5,False,50.0,58.0,-4.0,57.0,57.1,18.5,6.34,LAT3,False,False,True,3,4,1,OBSERVED(RAW klpga_player_shot)
9115,유해란,1,16,3,2,4,59.0,34.0,OBSERVED(previous shot landing),60.0,14.0,48.0,50.0,GREEN,GREEN,15.8,18.5,2.7,False,50.0,58.0,-2.0,-8.0,8.2,2.7,,,False,True,True,3,4,1,OBSERVED(RAW klpga_player_shot)
9115,유해란,1,16,3,3,4,60.0,14.0,OBSERVED(previous shot landing),60.0,17.0,50.0,60.0,GREEN,GREEN,2.3,2.7,0.4,False,50.0,58.0,0.0,2.0,2.0,0.4,,,False,True,True,3,4,1,OBSERVED(RAW klpga_player_shot)
9115,유해란,1,16,3,4,4,60.0,17.0,OBSERVED(previous shot landing),60.0,17.0,50.0,58.0,GREEN,HOLED,0.4,0.4,0.0,False,50.0,58.0,0.0,0.0,0.0,0.0,,,False,True,True,3,4,1,OBSERVED(RAW klpga_player_shot)
9115,유해란,1,17,4,1,4,,,UNKNOWN(tee box not separately logged in RAW),55.0,72.0,39.0,367.0,TEE,FAIRWAY,283.3,390.0,106.7,False,48.0,120.0,-9.0,247.0,247.2,106.7,-1.56,LAT2,False,False,False,1,4,0,OBSERVED(RAW klpga_player_shot)
9115,유해란,1,17,4,2,4,55.0,72.0,OBSERVED(previous shot landing),57.0,26.0,50.0,137.0,FAIRWAY,FRINGE,99.4,106.7,7.3,False,48.0,120.0,2.0,17.0,17.1,7.3,,,False,False,False,1,4,0,OBSERVED(RAW klpga_player_shot)
9115,유해란,1,17,4,3,4,57.0,26.0,OBSERVED(previous shot landing),57.0,22.0,47.0,117.0,FRINGE,GREEN,6.1,7.3,1.2,False,48.0,120.0,-1.0,-3.0,3.2,1.2,,,False,False,False,1,4,0,OBSERVED(RAW klpga_player_shot)
9115,유해란,1,17,4,4,4,57.0,22.0,OBSERVED(previous shot landing),57.0,23.0,48.0,120.0,GREEN,HOLED,1.2,1.2,0.0,False,48.0,120.0,0.0,0.0,0.0,0.0,,,False,True,False,1,4,0,OBSERVED(RAW klpga_player_shot)
9115,유해란,1,18,5,1,5,,,UNKNOWN(tee box not separately logged in RAW),65.0,99.0,20.0,767.0,TEE,ROUGH,255.7,528.0,272.3,False,92.0,79.0,-72.0,688.0,691.8,272.3,-4.49,LAT1,False,False,False,1,5,0,OBSERVED(RAW klpga_player_shot)
9115,유해란,1,18,5,2,5,65.0,99.0,OBSERVED(previous shot landing),57.0,44.0,-36.0,358.0,ROUGH,FAIRWAY,151.2,272.3,121.1,False,92.0,79.0,-128.0,279.0,307.0,121.1,,,False,False,False,1,5,0,OBSERVED(RAW klpga_player_shot)
9115,유해란,1,18,5,3,5,57.0,44.0,OBSERVED(previous shot landing),74.0,4.0,91.0,60.0,FAIRWAY,FRINGE,113.8,121.1,7.3,False,92.0,79.0,-1.0,-19.0,19.0,7.3,,,False,False,False,1,5,0,OBSERVED(RAW klpga_player_shot)
9115,유해란,1,18,5,4,5,74.0,4.0,OBSERVED(previous shot landing),75.0,6.0,92.0,80.0,FRINGE,GREEN,6.6,7.3,0.7,False,92.0,79.0,0.0,1.0,1.0,0.7,,,False,False,False,1,5,0,OBSERVED(RAW klpga_player_shot)
9115,유해란,1,18,5,5,5,75.0,6.0,OBSERVED(previous shot landing),75.0,6.0,92.0,79.0,GREEN,HOLED,0.7,0.7,0.0,False,92.0,79.0,0.0,0.0,0.0,0.0,,,False,True,False,1,5,0,OBSERVED(RAW klpga_player_shot)
9115,유해란,2,1,4,1,4,,,UNKNOWN(tee box not separately logged in RAW),61.0,78.0,-41.0,404.0,TEE,BUNKER,265.8,402.0,136.2,False,47.0,106.0,-88.0,298.0,310.7,136.2,-6.75,LAT1,False,False,False,1,4,0,OBSERVED(RAW klpga_player_shot)
9115,유해란,2,1,4,2,4,61.0,78.0,OBSERVED(previous shot landing),74.0,29.0,27.0,159.0,BUNKER,ROUGH,111.5,136.2,24.7,False,47.0,106.0,-20.0,53.0,56.6,24.7,,,False,False,False,1,4,0,OBSERVED(RAW klpga_player_shot)
9115,유해란,2,1,4,3,4,74.0,29.0,OBSERVED(previous shot landing),78.0,20.0,48.0,114.0,ROUGH,GREEN,21.2,24.7,3.5,False,47.0,106.0,1.0,8.0,8.1,3.5,,,False,False,False,1,4,0,OBSERVED(RAW klpga_player_shot)
9115,유해란,2,1,4,4,4,78.0,20.0,OBSERVED(previous shot landing),78.0,19.0,47.0,106.0,GREEN,HOLED,3.5,3.5,0.0,False,47.0,106.0,0.0,0.0,0.0,0.0,,,False,True,False,1,4,0,OBSERVED(RAW klpga_player_shot)
9115,유해란,2,2,3,1,2,,,UNKNOWN(tee box not separately logged in RAW),75.0,32.0,85.0,95.0,TEE,GREEN,184.5,188.0,3.5,False,93.0,95.0,-8.0,0.0,8.0,3.5,4.7,LAT2,False,False,True,1,2,-1,OBSERVED(RAW klpga_player_shot)
9115,유해란,2,2,3,2,2,75.0,32.0,OBSERVED(previous shot landing),77.0,32.0,93.0,95.0,GREEN,HOLED,3.5,3.5,0.0,False,93.0,95.0,0.0,0.0,0.0,0.0,,,False,True,True,1,2,-1,OBSERVED(RAW klpga_player_shot)
9115,유해란,2,3,4,1,5,,,UNKNOWN(tee box not separately logged in RAW),52.0,78.0,13.0,471.0,TEE,FAIRWAY,253.2,426.0,172.8,False,69.0,100.0,-56.0,371.0,375.2,172.8,2.1,LAT2,False,False,False,2,5,1,OBSERVED(RAW klpga_player_shot)
9115,유해란,2,3,4,2,5,52.0,78.0,OBSERVED(previous shot landing),56.0,12.0,27.0,88.0,FAIRWAY,FRINGE,153.0,172.8,19.8,False,69.0,100.0,-42.0,-12.0,43.7,19.8,,,False,False,False,2,5,1,OBSERVED(RAW klpga_player_shot)
9115,유해란,2,3,4,3,5,56.0,12.0,OBSERVED(previous shot landing),64.0,14.0,70.0,100.0,FRINGE,GREEN,18.9,19.8,0.9,False,69.0,100.0,1.0,0.0,1.0,0.9,,,False,False,False,2,5,1,OBSERVED(RAW klpga_player_shot)
9115,유해란,2,3,4,4,5,64.0,14.0,OBSERVED(previous shot landing),63.0,14.0,68.0,100.0,GREEN,GREEN,0.5,0.9,0.4,False,69.0,100.0,-1.0,0.0,1.0,0.4,,,False,True,False,2,5,1,OBSERVED(RAW klpga_player_shot)
9115,유해란,2,3,4,5,5,63.0,14.0,OBSERVED(previous shot landing),63.0,14.0,69.0,100.0,GREEN,HOLED,0.4,0.4,0.0,False,69.0,100.0,0.0,0.0,0.0,0.0,,,False,True,False,2,5,1,OBSERVED(RAW klpga_player_shot)
9115,유해란,2,4,5,1,5,,,UNKNOWN(tee box not separately logged in RAW),76.0,107.0,129.0,721.0,TEE,FAIRWAY,255.7,542.0,286.3,False,36.0,93.0,93.0,628.0,634.8,286.3,-2.69,LAT1,False,False,True,2,5,0,OBSERVED(RAW klpga_player_shot)
9115,유해란,2,4,5,2,5,76.0,107.0,OBSERVED(previous shot landing),76.0,49.0,123.0,333.0,FAIRWAY,ROUGH,171.1,286.3,115.2,False,36.0,93.0,87.0,240.0,255.3,115.2,,,False,False,True,2,5,0,OBSERVED(RAW klpga_player_shot)
9115,유해란,2,4,5,3,5,76.0,49.0,OBSERVED(previous shot landing),66.0,11.0,61.0,87.0,ROUGH,GREEN,103.6,115.2,11.6,False,36.0,93.0,25.0,-6.0,25.7,11.6,,,False,False,True,2,5,0,OBSERVED(RAW klpga_player_shot)
9115,유해란,2,4,5,4,5,66.0,11.0,OBSERVED(previous shot landing),62.0,12.0,33.0,93.0,GREEN,GREEN,10.4,11.6,1.2,False,36.0,93.0,-3.0,0.0,3.0,1.2,,,False,True,True,2,5,0,OBSERVED(RAW klpga_player_shot)
9115,유해란,2,4,5,5,5,62.0,12.0,OBSERVED(previous shot landing),63.0,12.0,36.0,93.0,GREEN,HOLED,1.2,1.2,0.0,False,36.0,93.0,0.0,0.0,0.0,0.0,,,False,True,True,2,5,0,OBSERVED(RAW klpga_player_shot)
9115,유해란,2,5,3,1,3,,,UNKNOWN(tee box not separately logged in RAW),60.0,46.0,50.0,136.0,TEE,GREEN,159.1,170.0,10.9,False,77.0,141.0,-27.0,-5.0,27.5,10.9,-11.54,LAT1,False,False,True,2,3,0,OBSERVED(RAW klpga_player_shot)
9115,유해란,2,5,3,2,3,60.0,46.0,OBSERVED(previous shot landing),68.0,48.0,76.0,141.0,GREEN,GREEN,10.5,10.9,0.4,False,77.0,141.0,-1.0,0.0,1.0,0.4,,,False,True,True,2,3,0,OBSERVED(RAW klpga_player_shot)
9115,유해란,2,5,3,3,3,68.0,48.0,OBSERVED(previous shot landing),69.0,48.0,77.0,141.0,GREEN,HOLED,0.4,0.4,0.0,False,77.0,141.0,0.0,0.0,0.0,0.0,,,False,True,True,2,3,0,OBSERVED(RAW klpga_player_shot)
9115,유해란,2,6,4,1,3,,,UNKNOWN(tee box not separately logged in RAW),67.0,75.0,83.0,409.0,TEE,FAIRWAY,277.6,410.0,132.4,False,31.0,111.0,52.0,298.0,302.5,132.4,-0.01,LAT2,False,False,True,1,3,-1,OBSERVED(RAW klpga_player_shot)
9115,유해란,2,6,4,2,3,67.0,75.0,OBSERVED(previous shot landing),59.0,19.0,38.0,111.0,FAIRWAY,GREEN,129.5,132.4,2.9,False,31.0,111.0,7.0,0.0,7.0,2.9,,,False,False,True,1,3,-1,OBSERVED(RAW klpga_player_shot)
9115,유해란,2,6,4,3,3,59.0,19.0,OBSERVED(previous shot landing),58.0,19.0,31.0,111.0,GREEN,HOLED,2.9,2.9,0.0,False,31.0,111.0,0.0,0.0,0.0,0.0,,,False,True,True,1,3,-1,OBSERVED(RAW klpga_player_shot)
9115,유해란,2,7,5,1,4,,,UNKNOWN(tee box not separately logged in RAW),44.0,95.0,-89.0,633.0,TEE,ROUGH,252.9,516.0,263.1,False,89.0,103.0,-178.0,530.0,559.1,263.1,1.92,LAT3,False,False,True,1,4,-1,OBSERVED(RAW klpga_player_shot)
9115,유해란,2,7,5,2,4,44.0,95.0,OBSERVED(previous shot landing),61.0,39.0,32.0,270.0,ROUGH,FAIRWAY,180.1,263.1,83.0,False,89.0,103.0,-57.0,167.0,176.5,83.0,,,False,False,True,1,4,-1,OBSERVED(RAW klpga_player_shot)
9115,유해란,2,7,5,3,4,61.0,39.0,OBSERVED(previous shot landing),70.0,14.0,92.0,103.0,FAIRWAY,GREEN,81.5,83.0,1.5,False,89.0,103.0,3.0,0.0,3.0,1.5,,,False,False,True,1,4,-1,OBSERVED(RAW klpga_player_shot)
9115,유해란,2,7,5,4,4,70.0,14.0,OBSERVED(previous shot landing),70.0,14.0,89.0,103.0,GREEN,HOLED,1.5,1.5,0.0,False,89.0,103.0,0.0,0.0,0.0,0.0,,,False,True,True,1,4,-1,OBSERVED(RAW klpga_player_shot)
9115,유해란,2,8,4,1,4,,,UNKNOWN(tee box not separately logged in RAW),48.0,70.0,-31.0,365.0,TEE,FAIRWAY,263.8,377.0,113.2,False,44.0,121.0,-75.0,244.0,255.3,113.2,-1.34,LAT2,False,False,True,2,4,0,OBSERVED(RAW klpga_player_shot)
9115,유해란,2,8,4,2,4,48.0,70.0,OBSERVED(previous shot landing),64.0,16.0,48.0,104.0,FAIRWAY,GREEN,105.8,113.2,7.4,False,44.0,121.0,4.0,-17.0,17.5,7.4,,,False,False,True,2,4,0,OBSERVED(RAW klpga_player_shot)
9115,유해란,2,8,4,3,4,64.0,16.0,OBSERVED(previous shot landing),64.0,19.0,45.0,120.0,GREEN,GREEN,7.1,7.4,0.3,False,44.0,121.0,1.0,-1.0,1.4,0.3,,,False,True,True,2,4,0,OBSERVED(RAW klpga_player_shot)
9115,유해란,2,8,4,4,4,64.0,19.0,OBSERVED(previous shot landing),64.0,19.0,44.0,121.0,GREEN,HOLED,0.3,0.3,0.0,False,44.0,121.0,0.0,0.0,0.0,0.0,,,False,True,True,2,4,0,OBSERVED(RAW klpga_player_shot)
9115,유해란,2,9,4,1,3,,,UNKNOWN(tee box not separately logged in RAW),57.0,51.0,-68.0,276.0,TEE,FAIRWAY,315.6,404.0,88.4,False,45.0,96.0,-113.0,180.0,212.5,88.4,1.02,LAT2,False,False,True,1,3,-1,OBSERVED(RAW klpga_player_shot)
9115,유해란,2,9,4,2,3,57.0,51.0,OBSERVED(previous shot landing),79.0,18.0,47.0,97.0,FAIRWAY,GREEN,87.7,88.4,0.7,False,45.0,96.0,2.0,1.0,2.2,0.7,,,False,False,True,1,3,-1,OBSERVED(RAW klpga_player_shot)
9115,유해란,2,9,4,3,3,79.0,18.0,OBSERVED(previous shot landing),79.0,18.0,45.0,96.0,GREEN,HOLED,0.7,0.7,0.0,False,45.0,96.0,0.0,0.0,0.0,0.0,,,False,True,True,1,3,-1,OBSERVED(RAW klpga_player_shot)
9115,유해란,2,10,5,1,5,,,UNKNOWN(tee box not separately logged in RAW),59.0,108.0,-85.0,733.0,TEE,FAIRWAY,260.9,570.0,309.1,False,57.0,65.0,-142.0,668.0,682.9,309.1,1.85,LAT2,False,False,True,2,5,0,OBSERVED(RAW klpga_player_shot)
9115,유해란,2,10,5,2,5,59.0,108.0,OBSERVED(previous shot landing),59.0,50.0,-52.0,326.0,FAIRWAY,FAIRWAY,180.8,309.1,128.3,False,57.0,65.0,-109.0,261.0,282.8,128.3,,,False,False,True,2,5,0,OBSERVED(RAW klpga_player_shot)
9115,유해란,2,10,5,3,5,59.0,50.0,OBSERVED(previous shot landing),74.0,10.0,66.0,57.0,FAIRWAY,GREEN,122.7,128.3,5.6,False,57.0,65.0,9.0,-8.0,12.0,5.6,,,False,False,True,2,5,0,OBSERVED(RAW klpga_player_shot)
9115,유해란,2,10,5,4,5,74.0,10.0,OBSERVED(previous shot landing),73.0,11.0,56.0,65.0,GREEN,GREEN,5.0,5.6,0.6,False,57.0,65.0,-1.0,0.0,1.0,0.6,,,False,True,True,2,5,0,OBSERVED(RAW klpga_player_shot)
9115,유해란,2,10,5,5,5,73.0,11.0,OBSERVED(previous shot landing),73.0,11.0,57.0,65.0,GREEN,HOLED,0.6,0.6,0.0,False,57.0,65.0,0.0,0.0,0.0,0.0,,,False,True,True,2,5,0,OBSERVED(RAW klpga_player_shot)
9115,유해란,2,11,3,1,2,,,UNKNOWN(tee box not separately logged in RAW),54.0,39.0,38.0,130.0,TEE,GREEN,169.6,174.0,4.4,False,35.0,119.0,3.0,11.0,11.4,4.4,-2.18,LAT2,False,False,True,1,2,-1,OBSERVED(RAW klpga_player_shot)
9115,유해란,2,11,3,2,2,54.0,39.0,OBSERVED(previous shot landing),53.0,36.0,35.0,119.0,GREEN,HOLED,4.4,4.4,0.0,False,35.0,119.0,0.0,0.0,0.0,0.0,,,False,True,True,1,2,-1,OBSERVED(RAW klpga_player_shot)
9115,유해란,2,12,4,1,6,,,UNKNOWN(tee box not separately logged in RAW),92.0,71.0,224.0,370.0,TEE,ROUGH,255.2,410.0,154.8,False,63.0,80.0,161.0,290.0,331.7,154.8,-12.32,LAT1,False,False,False,2,6,2,OBSERVED(RAW klpga_player_shot)
9115,유해란,2,12,4,2,6,92.0,71.0,OBSERVED(previous shot landing),65.0,33.0,83.0,171.0,ROUGH,ROUGH,111.4,154.8,43.4,False,63.0,80.0,20.0,91.0,93.2,43.4,,,False,False,False,2,6,2,OBSERVED(RAW klpga_player_shot)
9115,유해란,2,12,4,3,6,65.0,33.0,OBSERVED(previous shot landing),62.0,12.0,63.0,63.0,ROUGH,ROUGH,35.4,43.4,8.0,False,63.0,80.0,0.0,-17.0,17.0,8.0,,,False,False,False,2,6,2,OBSERVED(RAW klpga_player_shot)
9115,유해란,2,12,4,4,6,62.0,12.0,OBSERVED(previous shot landing),62.0,15.0,63.0,77.0,ROUGH,GREEN,6.8,8.0,1.2,False,63.0,80.0,0.0,-3.0,3.0,1.2,,,False,False,False,2,6,2,OBSERVED(RAW klpga_player_shot)
9115,유해란,2,12,4,5,6,62.0,15.0,OBSERVED(previous shot landing),62.0,16.0,64.0,81.0,GREEN,GREEN,0.7,1.2,0.5,False,63.0,80.0,1.0,1.0,1.4,0.5,,,False,True,False,2,6,2,OBSERVED(RAW klpga_player_shot)
9115,유해란,2,12,4,6,6,62.0,16.0,OBSERVED(previous shot landing),62.0,15.0,63.0,80.0,GREEN,HOLED,0.5,0.5,0.0,False,63.0,80.0,0.0,0.0,0.0,0.0,,,False,True,False,2,6,2,OBSERVED(RAW klpga_player_shot)
9115,유해란,2,13,4,1,4,,,UNKNOWN(tee box not separately logged in RAW),81.0,62.0,165.0,269.0,TEE,FAIRWAY,286.6,376.0,89.4,False,88.0,112.0,77.0,157.0,174.9,89.4,-4.9,LAT1,False,False,True,2,4,0,OBSERVED(RAW klpga_player_shot)
9115,유해란,2,13,4,2,4,81.0,62.0,OBSERVED(previous shot landing),61.0,28.0,85.0,119.0,FAIRWAY,GREEN,85.7,89.4,3.7,False,88.0,112.0,-3.0,7.0,7.6,3.7,,,False,False,True,2,4,0,OBSERVED(RAW klpga_player_shot)
9115,유해란,2,13,4,3,4,61.0,28.0,OBSERVED(previous shot landing),62.0,26.0,88.0,111.0,GREEN,GREEN,3.4,3.7,0.3,False,88.0,112.0,0.0,-1.0,1.0,0.3,,,False,True,True,2,4,0,OBSERVED(RAW klpga_player_shot)
9115,유해란,2,13,4,4,4,62.0,26.0,OBSERVED(previous shot landing),62.0,26.0,88.0,112.0,GREEN,HOLED,0.3,0.3,0.0,False,88.0,112.0,0.0,0.0,0.0,0.0,,,False,True,True,2,4,0,OBSERVED(RAW klpga_player_shot)
9115,유해란,2,14,4,1,4,,,UNKNOWN(tee box not separately logged in RAW),85.0,78.0,237.0,399.0,TEE,FAIRWAY,222.8,379.0,156.2,False,39.0,83.0,198.0,316.0,372.9,156.2,1.22,LAT2,False,False,True,2,4,0,OBSERVED(RAW klpga_player_shot)
9115,유해란,2,14,4,2,4,85.0,78.0,OBSERVED(previous shot landing),50.0,17.0,52.0,91.0,FAIRWAY,GREEN,149.9,156.2,6.3,False,39.0,83.0,13.0,8.0,15.3,6.3,,,False,False,True,2,4,0,OBSERVED(RAW klpga_player_shot)
9115,유해란,2,14,4,3,4,50.0,17.0,OBSERVED(previous shot landing),47.0,16.0,38.0,83.0,GREEN,GREEN,5.9,6.3,0.4,False,39.0,83.0,-1.0,0.0,1.0,0.4,,,False,True,True,2,4,0,OBSERVED(RAW klpga_player_shot)
9115,유해란,2,14,4,4,4,47.0,16.0,OBSERVED(previous shot landing),47.0,16.0,39.0,83.0,GREEN,HOLED,0.4,0.4,0.0,False,39.0,83.0,0.0,0.0,0.0,0.0,,,False,True,True,2,4,0,OBSERVED(RAW klpga_player_shot)
9115,유해란,2,15,4,1,3,,,UNKNOWN(tee box not separately logged in RAW),61.0,68.0,-4.0,467.0,TEE,FAIRWAY,291.0,423.0,132.0,False,31.0,130.0,-35.0,337.0,338.8,132.0,3.43,LAT3,False,False,True,1,3,-1,OBSERVED(RAW klpga_player_shot)
9115,유해란,2,15,4,2,3,61.0,68.0,OBSERVED(previous shot landing),63.0,16.0,30.0,127.0,FAIRWAY,GREEN,130.8,132.0,1.2,False,31.0,130.0,-1.0,-3.0,3.2,1.2,,,False,False,True,1,3,-1,OBSERVED(RAW klpga_player_shot)
9115,유해란,2,15,4,3,3,63.0,16.0,OBSERVED(previous shot landing),63.0,17.0,31.0,130.0,GREEN,HOLED,1.2,1.2,0.0,False,31.0,130.0,0.0,0.0,0.0,0.0,,,False,True,True,1,3,-1,OBSERVED(RAW klpga_player_shot)
9115,유해란,2,16,3,1,3,,,UNKNOWN(tee box not separately logged in RAW),67.0,34.0,72.0,115.0,TEE,GREEN,173.0,180.0,7.0,False,85.0,132.0,-13.0,-17.0,21.4,7.0,-1.66,LAT2,False,False,True,2,3,0,OBSERVED(RAW klpga_player_shot)
9115,유해란,2,16,3,2,3,67.0,34.0,OBSERVED(previous shot landing),71.0,38.0,84.0,131.0,GREEN,GREEN,6.5,7.0,0.5,False,85.0,132.0,-1.0,-1.0,1.4,0.5,,,False,True,True,2,3,0,OBSERVED(RAW klpga_player_shot)
9115,유해란,2,16,3,3,3,71.0,38.0,OBSERVED(previous shot landing),71.0,38.0,85.0,132.0,GREEN,HOLED,0.5,0.5,0.0,False,85.0,132.0,0.0,0.0,0.0,0.0,,,False,True,True,2,3,0,OBSERVED(RAW klpga_player_shot)
9115,유해란,2,17,4,1,4,,,UNKNOWN(tee box not separately logged in RAW),50.0,73.0,18.0,374.0,TEE,FAIRWAY,262.8,390.0,127.2,False,87.0,87.0,-69.0,287.0,295.2,127.2,3.27,LAT3,False,False,True,2,4,0,OBSERVED(RAW klpga_player_shot)
9115,유해란,2,17,4,2,4,50.0,73.0,OBSERVED(previous shot landing),65.0,21.0,91.0,111.0,FAIRWAY,GREEN,117.0,127.2,10.2,False,87.0,87.0,4.0,24.0,24.3,10.2,,,False,False,True,2,4,0,OBSERVED(RAW klpga_player_shot)
9115,유해란,2,17,4,3,4,65.0,21.0,OBSERVED(previous shot landing),64.0,16.0,86.0,86.0,GREEN,GREEN,9.5,10.2,0.7,False,87.0,87.0,-1.0,-1.0,1.4,0.7,,,False,True,True,2,4,0,OBSERVED(RAW klpga_player_shot)
9115,유해란,2,17,4,4,4,64.0,16.0,OBSERVED(previous shot landing),64.0,16.0,87.0,87.0,GREEN,HOLED,0.7,0.7,0.0,False,87.0,87.0,0.0,0.0,0.0,0.0,,,False,True,True,2,4,0,OBSERVED(RAW klpga_player_shot)
9115,유해란,2,18,5,1,5,,,UNKNOWN(tee box not separately logged in RAW),66.0,96.0,22.0,742.0,TEE,ROUGH,279.0,528.0,249.0,False,39.0,110.0,-17.0,632.0,632.2,249.0,-5.14,LAT1,False,False,True,2,5,0,OBSERVED(RAW klpga_player_shot)
9115,유해란,2,18,5,2,5,66.0,96.0,OBSERVED(previous shot landing),57.0,44.0,-36.0,362.0,ROUGH,FAIRWAY,145.5,249.0,103.5,False,39.0,110.0,-75.0,252.0,262.9,103.5,,,False,False,True,2,5,0,OBSERVED(RAW klpga_player_shot)
9115,유해란,2,18,5,3,5,57.0,44.0,OBSERVED(previous shot landing),68.0,10.0,45.0,104.0,FAIRWAY,GREEN,100.2,103.5,3.3,False,39.0,110.0,6.0,-6.0,8.5,3.3,,,False,False,True,2,5,0,OBSERVED(RAW klpga_player_shot)
9115,유해란,2,18,5,4,5,68.0,10.0,OBSERVED(previous shot landing),67.0,10.0,37.0,110.0,GREEN,GREEN,2.6,3.3,0.7,False,39.0,110.0,-2.0,0.0,2.0,0.7,,,False,True,True,2,5,0,OBSERVED(RAW klpga_player_shot)
9115,유해란,2,18,5,5,5,67.0,10.0,OBSERVED(previous shot landing),67.0,10.0,39.0,110.0,GREEN,HOLED,0.7,0.7,0.0,False,39.0,110.0,0.0,0.0,0.0,0.0,,,False,True,True,2,5,0,OBSERVED(RAW klpga_player_shot)
9115,유해란,3,1,4,1,4,,,UNKNOWN(tee box not separately logged in RAW),49.0,76.0,-103.0,391.0,TEE,FAIRWAY,248.2,402.0,153.8,False,89.0,99.0,-192.0,292.0,349.5,153.8,5.12,LAT3,False,False,True,2,4,0,OBSERVED(RAW klpga_player_shot)
9115,유해란,3,1,4,2,4,49.0,76.0,OBSERVED(previous shot landing),83.0,20.0,72.0,111.0,FAIRWAY,GREEN,144.7,153.8,9.1,False,89.0,99.0,-17.0,12.0,20.8,9.1,,,False,False,True,2,4,0,OBSERVED(RAW klpga_player_shot)
9115,유해란,3,1,4,3,4,83.0,20.0,OBSERVED(previous shot landing),86.0,17.0,91.0,97.0,GREEN,GREEN,7.7,9.1,1.4,False,89.0,99.0,2.0,-2.0,2.8,1.4,,,False,True,True,2,4,0,OBSERVED(RAW klpga_player_shot)
9115,유해란,3,1,4,4,4,86.0,17.0,OBSERVED(previous shot landing),86.0,17.0,89.0,99.0,GREEN,HOLED,1.4,1.4,0.0,False,89.0,99.0,0.0,0.0,0.0,0.0,,,False,True,True,2,4,0,OBSERVED(RAW klpga_player_shot)
9115,유해란,3,2,3,1,2,,,UNKNOWN(tee box not separately logged in RAW),65.0,29.0,55.0,87.0,TEE,GREEN,178.6,188.0,9.4,False,38.0,72.0,17.0,15.0,22.7,9.4,9.59,LAT3,False,False,True,1,2,-1,OBSERVED(RAW klpga_player_shot)
9115,유해란,3,2,3,2,2,65.0,29.0,OBSERVED(previous shot landing),60.0,24.0,38.0,72.0,GREEN,HOLED,9.4,9.4,0.0,False,38.0,72.0,0.0,0.0,0.0,0.0,,,False,True,True,1,2,-1,OBSERVED(RAW klpga_player_shot)
9115,유해란,3,3,4,1,5,,,UNKNOWN(tee box not separately logged in RAW),66.0,79.0,93.0,473.0,TEE,ROUGH,242.8,426.0,183.2,False,48.0,79.0,45.0,394.0,396.6,183.2,-11.93,LAT1,False,False,False,1,5,1,OBSERVED(RAW klpga_player_shot)
9115,유해란,3,3,4,2,5,66.0,79.0,OBSERVED(previous shot landing),64.0,19.0,73.0,130.0,ROUGH,ROUGH,156.7,183.2,26.5,False,48.0,79.0,25.0,51.0,56.8,26.5,,,False,False,False,1,5,1,OBSERVED(RAW klpga_player_shot)
9115,유해란,3,3,4,3,5,64.0,19.0,OBSERVED(previous shot landing),59.0,9.0,42.0,70.0,ROUGH,FRINGE,21.5,26.5,5.0,False,48.0,79.0,-6.0,-9.0,10.8,5.0,,,False,False,False,1,5,1,OBSERVED(RAW klpga_player_shot)
9115,유해란,3,3,4,4,5,59.0,9.0,OBSERVED(previous shot landing),60.0,10.0,47.0,77.0,FRINGE,GREEN,4.2,5.0,0.8,False,48.0,79.0,-1.0,-2.0,2.2,0.8,,,False,False,False,1,5,1,OBSERVED(RAW klpga_player_shot)
9115,유해란,3,3,4,5,5,60.0,10.0,OBSERVED(previous shot landing),60.0,10.0,48.0,79.0,GREEN,HOLED,0.8,0.8,0.0,False,48.0,79.0,0.0,0.0,0.0,0.0,,,False,True,False,1,5,1,OBSERVED(RAW klpga_player_shot)
9115,유해란,3,4,5,1,5,,,UNKNOWN(tee box not separately logged in RAW),76.0,106.0,126.0,712.0,TEE,FAIRWAY,263.7,542.0,278.3,False,94.0,95.0,32.0,617.0,617.8,278.3,-2.76,LAT1,False,False,True,2,5,0,OBSERVED(RAW klpga_player_shot)
9115,유해란,3,4,5,2,5,76.0,106.0,OBSERVED(previous shot landing),72.0,45.0,99.0,308.0,FAIRWAY,FAIRWAY,182.5,278.3,95.8,False,94.0,95.0,5.0,213.0,213.1,95.8,,,False,False,True,2,5,0,OBSERVED(RAW klpga_player_shot)
9115,유해란,3,4,5,3,5,72.0,45.0,OBSERVED(previous shot landing),72.0,13.0,100.0,95.0,FAIRWAY,GREEN,92.8,95.8,3.0,False,94.0,95.0,6.0,0.0,6.0,3.0,,,False,False,True,2,5,0,OBSERVED(RAW klpga_player_shot)
9115,유해란,3,4,5,4,5,72.0,13.0,OBSERVED(previous shot landing),71.0,13.0,92.0,95.0,GREEN,GREEN,2.2,3.0,0.8,False,94.0,95.0,-2.0,0.0,2.0,0.8,,,False,True,True,2,5,0,OBSERVED(RAW klpga_player_shot)
9115,유해란,3,4,5,5,5,71.0,13.0,OBSERVED(previous shot landing),71.0,13.0,94.0,95.0,GREEN,HOLED,0.8,0.8,0.0,False,94.0,95.0,0.0,0.0,0.0,0.0,,,False,True,True,2,5,0,OBSERVED(RAW klpga_player_shot)
9115,유해란,3,5,3,1,3,,,UNKNOWN(tee box not separately logged in RAW),71.0,30.0,82.0,89.0,TEE,GREEN,164.5,170.0,5.5,False,74.0,77.0,8.0,12.0,14.4,5.5,6.22,LAT3,False,False,True,2,3,0,OBSERVED(RAW klpga_player_shot)
9115,유해란,3,5,3,2,3,71.0,30.0,OBSERVED(previous shot landing),68.0,26.0,74.0,77.0,GREEN,GREEN,5.2,5.5,0.3,False,74.0,77.0,0.0,0.0,0.0,0.3,,,False,True,True,2,3,0,OBSERVED(RAW klpga_player_shot)
9115,유해란,3,5,3,3,3,68.0,26.0,OBSERVED(previous shot landing),68.0,27.0,74.0,77.0,GREEN,HOLED,0.3,0.3,0.0,False,74.0,77.0,0.0,0.0,0.0,0.0,,,False,True,True,2,3,0,OBSERVED(RAW klpga_player_shot)
9115,유해란,3,6,4,1,5,,,UNKNOWN(tee box not separately logged in RAW),56.0,105.0,25.0,569.0,TEE,LOST_BALL,,410.0,,True,65.0,69.0,-40.0,500.0,501.6,,12.49,LAT3,True,False,False,1,5,1,OBSERVED(RAW klpga_player_shot)
9115,유해란,3,6,4,2,5,56.0,105.0,OBSERVED(previous shot landing),65.0,187.0,75.0,1009.0,LOST_BALL,PENALTY_STROKE,,,,True,65.0,69.0,10.0,940.0,940.1,,,,True,False,False,1,5,1,OBSERVED(RAW klpga_player_shot)
9115,유해란,3,6,4,3,5,65.0,187.0,OBSERVED(previous shot landing),62.0,72.0,56.0,397.0,PENALTY_STROKE,FAIRWAY,,,143.7,False,65.0,69.0,-9.0,328.0,328.1,143.7,,,False,False,False,1,5,1,OBSERVED(RAW klpga_player_shot)
9115,유해란,3,6,4,4,5,62.0,72.0,OBSERVED(previous shot landing),65.0,13.0,69.0,82.0,FAIRWAY,GREEN,137.7,143.7,6.0,False,65.0,69.0,4.0,13.0,13.6,6.0,,,False,False,False,1,5,1,OBSERVED(RAW klpga_player_shot)
9115,유해란,3,6,4,5,5,65.0,13.0,OBSERVED(previous shot landing),65.0,11.0,65.0,69.0,GREEN,HOLED,6.0,6.0,0.0,False,65.0,69.0,0.0,0.0,0.0,0.0,,,False,True,False,1,5,1,OBSERVED(RAW klpga_player_shot)
9115,유해란,3,7,5,1,5,,,UNKNOWN(tee box not separately logged in RAW),50.0,103.0,-44.0,685.0,TEE,BUNKER,226.5,516.0,289.5,False,63.0,79.0,-107.0,606.0,615.4,289.5,-5.88,LAT1,False,False,True,2,5,0,OBSERVED(RAW klpga_player_shot)
9115,유해란,3,7,5,2,5,50.0,103.0,OBSERVED(previous shot landing),63.0,49.0,40.0,332.0,BUNKER,FAIRWAY,169.9,289.5,119.6,False,63.0,79.0,-23.0,253.0,254.0,119.6,,,False,False,True,2,5,0,OBSERVED(RAW klpga_player_shot)
9115,유해란,3,7,5,3,5,63.0,49.0,OBSERVED(previous shot landing),65.0,14.0,61.0,104.0,FAIRWAY,GREEN,107.5,119.6,12.1,False,63.0,79.0,-2.0,25.0,25.1,12.1,,,False,False,True,2,5,0,OBSERVED(RAW klpga_player_shot)
9115,유해란,3,7,5,4,5,65.0,14.0,OBSERVED(previous shot landing),66.0,10.0,63.0,77.0,GREEN,GREEN,11.3,12.1,0.8,False,63.0,79.0,0.0,-2.0,2.0,0.8,,,False,True,True,2,5,0,OBSERVED(RAW klpga_player_shot)
9115,유해란,3,7,5,5,5,66.0,10.0,OBSERVED(previous shot landing),66.0,10.0,63.0,79.0,GREEN,HOLED,0.8,0.8,0.0,False,63.0,79.0,0.0,0.0,0.0,0.0,,,False,True,True,2,5,0,OBSERVED(RAW klpga_player_shot)
9115,유해란,3,8,4,1,4,,,UNKNOWN(tee box not separately logged in RAW),48.0,71.0,-32.0,369.0,TEE,FAIRWAY,252.5,377.0,124.5,False,90.0,116.0,-122.0,253.0,280.9,124.5,-1.72,LAT2,False,False,True,2,4,0,OBSERVED(RAW klpga_player_shot)
9115,유해란,3,8,4,2,4,48.0,71.0,OBSERVED(previous shot landing),74.0,13.0,94.0,89.0,FAIRWAY,GREEN,112.4,124.5,12.1,False,90.0,116.0,4.0,-27.0,27.3,12.1,,,False,False,True,2,4,0,OBSERVED(RAW klpga_player_shot)
9115,유해란,3,8,4,3,4,74.0,13.0,OBSERVED(previous shot landing),73.0,18.0,90.0,114.0,GREEN,GREEN,11.0,12.1,1.1,False,90.0,116.0,0.0,-2.0,2.0,1.1,,,False,True,True,2,4,0,OBSERVED(RAW klpga_player_shot)
9115,유해란,3,8,4,4,4,73.0,18.0,OBSERVED(previous shot landing),73.0,18.0,90.0,116.0,GREEN,HOLED,1.1,1.1,0.0,False,90.0,116.0,0.0,0.0,0.0,0.0,,,False,True,True,2,4,0,OBSERVED(RAW klpga_player_shot)
9115,유해란,3,9,4,1,5,,,UNKNOWN(tee box not separately logged in RAW),51.0,54.0,-98.0,293.0,TEE,FAIRWAY,314.5,404.0,89.5,False,56.0,142.0,-154.0,151.0,215.7,89.5,4.04,LAT3,False,False,True,3,5,1,OBSERVED(RAW klpga_player_shot)
9115,유해란,3,9,4,2,5,51.0,54.0,OBSERVED(previous shot landing),80.0,24.0,51.0,129.0,FAIRWAY,GREEN,83.5,89.5,6.0,False,56.0,142.0,-5.0,-13.0,13.9,6.0,,,False,False,True,3,5,1,OBSERVED(RAW klpga_player_shot)
9115,유해란,3,9,4,3,5,80.0,24.0,OBSERVED(previous shot landing),81.0,27.0,57.0,143.0,GREEN,GREEN,5.3,6.0,0.7,False,56.0,142.0,1.0,1.0,1.4,0.7,,,False,True,True,3,5,1,OBSERVED(RAW klpga_player_shot)
9115,유해란,3,9,4,4,5,81.0,27.0,OBSERVED(previous shot landing),80.0,26.0,56.0,143.0,GREEN,GREEN,0.5,0.7,0.2,False,56.0,142.0,0.0,1.0,1.0,0.2,,,False,True,True,3,5,1,OBSERVED(RAW klpga_player_shot)
9115,유해란,3,9,4,5,5,80.0,26.0,OBSERVED(previous shot landing),80.0,26.0,56.0,142.0,GREEN,HOLED,0.2,0.2,0.0,False,56.0,142.0,0.0,0.0,0.0,0.0,,,False,True,True,3,5,1,OBSERVED(RAW klpga_player_shot)
9115,유해란,3,10,5,1,5,,,UNKNOWN(tee box not separately logged in RAW),57.0,104.0,-96.0,703.0,TEE,FAIRWAY,282.4,570.0,287.6,False,50.0,85.0,-146.0,618.0,635.0,287.6,4.43,LAT3,False,False,True,2,5,0,OBSERVED(RAW klpga_player_shot)
9115,유해란,3,10,5,2,5,57.0,104.0,OBSERVED(previous shot landing),60.0,46.0,-46.0,300.0,FAIRWAY,FAIRWAY,180.8,287.6,106.8,False,50.0,85.0,-96.0,215.0,235.5,106.8,,,False,False,True,2,5,0,OBSERVED(RAW klpga_player_shot)
9115,유해란,3,10,5,3,5,60.0,46.0,OBSERVED(previous shot landing),72.0,15.0,51.0,92.0,FAIRWAY,GREEN,103.5,106.8,3.3,False,50.0,85.0,1.0,7.0,7.1,3.3,,,False,False,True,2,5,0,OBSERVED(RAW klpga_player_shot)
9115,유해란,3,10,5,4,5,72.0,15.0,OBSERVED(previous shot landing),72.0,14.0,49.0,83.0,GREEN,GREEN,2.5,3.3,0.8,False,50.0,85.0,-1.0,-2.0,2.2,0.8,,,False,True,True,2,5,0,OBSERVED(RAW klpga_player_shot)
9115,유해란,3,10,5,5,5,72.0,14.0,OBSERVED(previous shot landing),72.0,14.0,50.0,85.0,GREEN,HOLED,0.8,0.8,0.0,False,50.0,85.0,0.0,0.0,0.0,0.0,,,False,True,True,2,5,0,OBSERVED(RAW klpga_player_shot)
9115,유해란,3,11,3,1,3,,,UNKNOWN(tee box not separately logged in RAW),58.0,34.0,50.0,116.0,TEE,GREEN,170.1,174.0,3.9,False,58.0,111.0,-8.0,5.0,9.4,3.9,-1.3,LAT2,False,False,True,2,3,0,OBSERVED(RAW klpga_player_shot)
9115,유해란,3,11,3,2,3,58.0,34.0,OBSERVED(previous shot landing),61.0,33.0,60.0,111.0,GREEN,GREEN,3.2,3.9,0.7,False,58.0,111.0,2.0,0.0,2.0,0.7,,,False,True,True,2,3,0,OBSERVED(RAW klpga_player_shot)
9115,유해란,3,11,3,3,3,61.0,33.0,OBSERVED(previous shot landing),60.0,33.0,58.0,111.0,GREEN,HOLED,0.7,0.7,0.0,False,58.0,111.0,0.0,0.0,0.0,0.0,,,False,True,True,2,3,0,OBSERVED(RAW klpga_player_shot)
9115,유해란,3,12,4,1,4,,,UNKNOWN(tee box not separately logged in RAW),83.0,68.0,176.0,354.0,TEE,ROUGH,290.0,410.0,120.0,False,83.0,114.0,93.0,240.0,257.4,120.0,-4.53,LAT1,False,False,False,1,4,0,OBSERVED(RAW klpga_player_shot)
9115,유해란,3,12,4,2,4,83.0,68.0,OBSERVED(previous shot landing),66.0,27.0,85.0,139.0,ROUGH,FRINGE,108.4,120.0,11.6,False,83.0,114.0,2.0,25.0,25.1,11.6,,,False,False,False,1,4,0,OBSERVED(RAW klpga_player_shot)
9115,유해란,3,12,4,3,4,66.0,27.0,OBSERVED(previous shot landing),65.0,23.0,83.0,117.0,FRINGE,GREEN,10.3,11.6,1.3,False,83.0,114.0,0.0,3.0,3.0,1.3,,,False,False,False,1,4,0,OBSERVED(RAW klpga_player_shot)
9115,유해란,3,12,4,4,4,65.0,23.0,OBSERVED(previous shot landing),65.0,22.0,83.0,114.0,GREEN,HOLED,1.3,1.3,0.0,False,83.0,114.0,0.0,0.0,0.0,0.0,,,False,True,False,1,4,0,OBSERVED(RAW klpga_player_shot)
9115,유해란,3,13,4,1,4,,,UNKNOWN(tee box not separately logged in RAW),76.0,58.0,146.0,251.0,TEE,FAIRWAY,274.6,376.0,101.4,False,39.0,84.0,107.0,167.0,198.3,101.4,-1.94,LAT2,False,False,True,2,4,0,OBSERVED(RAW klpga_player_shot)
9115,유해란,3,13,4,2,4,76.0,58.0,OBSERVED(previous shot landing),52.0,20.0,48.0,83.0,FAIRWAY,GREEN,96.8,101.4,4.6,False,39.0,84.0,9.0,-1.0,9.1,4.6,,,False,False,True,2,4,0,OBSERVED(RAW klpga_player_shot)
9115,유해란,3,13,4,3,4,52.0,20.0,OBSERVED(previous shot landing),50.0,20.0,38.0,82.0,GREEN,GREEN,3.7,4.6,0.9,False,39.0,84.0,-1.0,-2.0,2.2,0.9,,,False,True,True,2,4,0,OBSERVED(RAW klpga_player_shot)
9115,유해란,3,13,4,4,4,50.0,20.0,OBSERVED(previous shot landing),50.0,20.0,39.0,84.0,GREEN,HOLED,0.9,0.9,0.0,False,39.0,84.0,0.0,0.0,0.0,0.0,,,False,True,True,2,4,0,OBSERVED(RAW klpga_player_shot)
9115,유해란,3,14,4,1,4,,,UNKNOWN(tee box not separately logged in RAW),90.0,79.0,260.0,406.0,TEE,FAIRWAY,230.6,379.0,148.4,False,68.0,108.0,192.0,298.0,354.5,148.4,-2.56,LAT1,False,False,True,2,4,0,OBSERVED(RAW klpga_player_shot)
9115,유해란,3,14,4,2,4,90.0,79.0,OBSERVED(previous shot landing),52.0,19.0,63.0,102.0,FAIRWAY,GREEN,145.1,148.4,3.3,False,68.0,108.0,-5.0,-6.0,7.8,3.3,,,False,False,True,2,4,0,OBSERVED(RAW klpga_player_shot)
9115,유해란,3,14,4,3,4,52.0,19.0,OBSERVED(previous shot landing),53.0,21.0,68.0,109.0,GREEN,GREEN,3.1,3.3,0.2,False,68.0,108.0,0.0,1.0,1.0,0.2,,,False,True,True,2,4,0,OBSERVED(RAW klpga_player_shot)
9115,유해란,3,14,4,4,4,53.0,21.0,OBSERVED(previous shot landing),53.0,21.0,68.0,108.0,GREEN,HOLED,0.2,0.2,0.0,False,68.0,108.0,0.0,0.0,0.0,0.0,,,False,True,True,2,4,0,OBSERVED(RAW klpga_player_shot)
9115,유해란,3,15,4,1,5,,,UNKNOWN(tee box not separately logged in RAW),66.0,70.0,32.0,488.0,TEE,FAIRWAY,263.5,423.0,159.5,False,56.0,79.0,-24.0,409.0,409.7,159.5,-1.63,LAT2,False,False,False,2,5,1,OBSERVED(RAW klpga_player_shot)
9115,유해란,3,15,4,2,5,66.0,70.0,OBSERVED(previous shot landing),64.0,4.0,43.0,45.0,FAIRWAY,ROUGH,145.3,159.5,14.2,False,56.0,79.0,-13.0,-34.0,36.4,14.2,,,False,False,False,2,5,1,OBSERVED(RAW klpga_player_shot)
9115,유해란,3,15,4,3,5,64.0,4.0,OBSERVED(previous shot landing),65.0,9.0,53.0,79.0,ROUGH,GREEN,12.9,14.2,1.3,False,56.0,79.0,-3.0,0.0,3.0,1.3,,,False,False,False,2,5,1,OBSERVED(RAW klpga_player_shot)
9115,유해란,3,15,4,4,5,65.0,9.0,OBSERVED(previous shot landing),66.0,9.0,58.0,79.0,GREEN,GREEN,0.5,1.3,0.8,False,56.0,79.0,2.0,0.0,2.0,0.8,,,False,True,False,2,5,1,OBSERVED(RAW klpga_player_shot)
9115,유해란,3,15,4,5,5,66.0,9.0,OBSERVED(previous shot landing),66.0,9.0,56.0,79.0,GREEN,HOLED,0.8,0.8,0.0,False,56.0,79.0,0.0,0.0,0.0,0.0,,,False,True,False,2,5,1,OBSERVED(RAW klpga_player_shot)
9115,유해란,3,16,3,1,3,,,UNKNOWN(tee box not separately logged in RAW),64.0,33.0,63.0,114.0,TEE,GREEN,174.6,180.0,5.4,False,73.0,101.0,-10.0,13.0,16.4,5.4,1.31,LAT2,False,False,True,2,3,0,OBSERVED(RAW klpga_player_shot)
9115,유해란,3,16,3,2,3,64.0,33.0,OBSERVED(previous shot landing),67.0,29.0,73.0,101.0,GREEN,GREEN,5.2,5.4,0.2,False,73.0,101.0,0.0,0.0,0.0,0.2,,,False,True,True,2,3,0,OBSERVED(RAW klpga_player_shot)
9115,유해란,3,16,3,3,3,67.0,29.0,OBSERVED(previous shot landing),67.0,30.0,73.0,101.0,GREEN,HOLED,0.2,0.2,0.0,False,73.0,101.0,0.0,0.0,0.0,0.0,,,False,True,True,2,3,0,OBSERVED(RAW klpga_player_shot)
9115,유해란,3,17,4,1,3,,,UNKNOWN(tee box not separately logged in RAW),63.0,73.0,83.0,372.0,TEE,BUNKER,273.2,390.0,116.8,False,44.0,104.0,39.0,268.0,270.8,116.8,-9.63,LAT1,False,False,True,1,3,-1,OBSERVED(RAW klpga_player_shot)
9115,유해란,3,17,4,2,3,63.0,73.0,OBSERVED(previous shot landing),62.0,16.0,75.0,85.0,BUNKER,GREEN,101.1,116.8,15.7,False,44.0,104.0,31.0,-19.0,36.4,15.7,,,False,False,True,1,3,-1,OBSERVED(RAW klpga_player_shot)
9115,유해란,3,17,4,3,3,62.0,16.0,OBSERVED(previous shot landing),56.0,20.0,44.0,104.0,GREEN,HOLED,15.7,15.7,0.0,False,44.0,104.0,0.0,0.0,0.0,0.0,,,False,True,True,1,3,-1,OBSERVED(RAW klpga_player_shot)
9115,유해란,3,18,5,1,4,,,UNKNOWN(tee box not separately logged in RAW),59.0,95.0,-27.0,733.0,TEE,FAIRWAY,281.0,528.0,247.0,False,74.0,113.0,-101.0,620.0,628.2,247.0,1.93,LAT2,False,False,True,1,4,-1,OBSERVED(RAW klpga_player_shot)
9115,유해란,3,18,5,2,4,59.0,95.0,OBSERVED(previous shot landing),58.0,43.0,-30.0,348.0,FAIRWAY,FAIRWAY,146.0,247.0,101.0,False,74.0,113.0,-104.0,235.0,257.0,101.0,,,False,False,True,1,4,-1,OBSERVED(RAW klpga_player_shot)
9115,유해란,3,18,5,3,4,58.0,43.0,OBSERVED(previous shot landing),72.0,11.0,72.0,111.0,FAIRWAY,GREEN,100.0,101.0,1.0,False,74.0,113.0,-2.0,-2.0,2.8,1.0,,,False,False,True,1,4,-1,OBSERVED(RAW klpga_player_shot)
9115,유해란,3,18,5,4,4,72.0,11.0,OBSERVED(previous shot landing),72.0,11.0,74.0,113.0,GREEN,HOLED,1.0,1.0,0.0,False,74.0,113.0,0.0,0.0,0.0,0.0,,,False,True,True,1,4,-1,OBSERVED(RAW klpga_player_shot)
9115,유해란,4,1,4,1,4,,,UNKNOWN(tee box not separately logged in RAW),56.0,79.0,-68.0,411.0,TEE,FAIRWAY,248.2,402.0,153.8,False,45.0,80.0,-113.0,331.0,349.8,153.8,-2.49,LAT1,False,False,True,2,4,0,OBSERVED(RAW klpga_player_shot)
9115,유해란,4,1,4,2,4,56.0,79.0,OBSERVED(previous shot landing),75.0,15.0,35.0,86.0,FAIRWAY,GREEN,148.4,153.8,5.4,False,45.0,80.0,-10.0,6.0,11.7,5.4,,,False,False,True,2,4,0,OBSERVED(RAW klpga_player_shot)
9115,유해란,4,1,4,3,4,75.0,15.0,OBSERVED(previous shot landing),77.0,14.0,46.0,80.0,GREEN,GREEN,5.1,5.4,0.3,False,45.0,80.0,1.0,0.0,1.0,0.3,,,False,True,True,2,4,0,OBSERVED(RAW klpga_player_shot)
9115,유해란,4,1,4,4,4,77.0,14.0,OBSERVED(previous shot landing),77.0,14.0,45.0,80.0,GREEN,HOLED,0.3,0.3,0.0,False,45.0,80.0,0.0,0.0,0.0,0.0,,,False,True,True,2,4,0,OBSERVED(RAW klpga_player_shot)
9115,유해란,4,2,3,1,3,,,UNKNOWN(tee box not separately logged in RAW),64.0,48.0,53.0,148.0,TEE,GREEN,182.3,188.0,5.7,False,63.0,138.0,-10.0,10.0,14.1,5.7,-8.84,LAT1,False,False,True,2,3,0,OBSERVED(RAW klpga_player_shot)
9115,유해란,4,2,3,2,3,64.0,48.0,OBSERVED(previous shot landing),68.0,45.0,64.0,137.0,GREEN,GREEN,4.9,5.7,0.8,False,63.0,138.0,1.0,-1.0,1.4,0.8,,,False,True,True,2,3,0,OBSERVED(RAW klpga_player_shot)
9115,유해란,4,2,3,3,3,68.0,45.0,OBSERVED(previous shot landing),67.0,45.0,63.0,138.0,GREEN,HOLED,0.8,0.8,0.0,False,63.0,138.0,0.0,0.0,0.0,0.0,,,False,True,True,2,3,0,OBSERVED(RAW klpga_player_shot)
9115,유해란,4,3,4,1,4,,,UNKNOWN(tee box not separately logged in RAW),61.0,78.0,65.0,470.0,TEE,ROUGH,246.8,426.0,179.2,False,72.0,82.0,-7.0,388.0,388.1,179.2,-6.85,LAT1,False,False,False,1,4,0,OBSERVED(RAW klpga_player_shot)
9115,유해란,4,3,4,2,4,61.0,78.0,OBSERVED(previous shot landing),64.0,5.0,73.0,49.0,ROUGH,ROUGH,163.9,179.2,15.3,False,72.0,82.0,1.0,-33.0,33.0,15.3,,,False,False,False,1,4,0,OBSERVED(RAW klpga_player_shot)
9115,유해란,4,3,4,3,4,64.0,5.0,OBSERVED(previous shot landing),64.0,11.0,74.0,82.0,ROUGH,GREEN,14.5,15.3,0.8,False,72.0,82.0,2.0,0.0,2.0,0.8,,,False,False,False,1,4,0,OBSERVED(RAW klpga_player_shot)
9115,유해란,4,3,4,4,4,64.0,11.0,OBSERVED(previous shot landing),64.0,11.0,72.0,82.0,GREEN,HOLED,0.8,0.8,0.0,False,72.0,82.0,0.0,0.0,0.0,0.0,,,False,True,False,1,4,0,OBSERVED(RAW klpga_player_shot)
9115,유해란,4,4,5,1,4,,,UNKNOWN(tee box not separately logged in RAW),75.0,102.0,118.0,691.0,TEE,FAIRWAY,275.8,542.0,266.2,False,40.0,105.0,78.0,586.0,591.2,266.2,-2.02,LAT1,False,False,True,1,4,-1,OBSERVED(RAW klpga_player_shot)
9115,유해란,4,4,5,2,4,75.0,102.0,OBSERVED(previous shot landing),71.0,44.0,92.0,305.0,FAIRWAY,FAIRWAY,172.9,266.2,93.3,False,40.0,105.0,52.0,200.0,206.6,93.3,,,False,False,True,1,4,-1,OBSERVED(RAW klpga_player_shot)
9115,유해란,4,4,5,3,4,71.0,44.0,OBSERVED(previous shot landing),64.0,15.0,43.0,109.0,FAIRWAY,GREEN,90.9,93.3,2.4,False,40.0,105.0,3.0,4.0,5.0,2.4,,,False,False,True,1,4,-1,OBSERVED(RAW klpga_player_shot)
9115,유해란,4,4,5,4,4,64.0,15.0,OBSERVED(previous shot landing),63.0,14.0,40.0,105.0,GREEN,HOLED,2.4,2.4,0.0,False,40.0,105.0,0.0,0.0,0.0,0.0,,,False,True,True,1,4,-1,OBSERVED(RAW klpga_player_shot)
9115,유해란,4,5,3,1,3,,,UNKNOWN(tee box not separately logged in RAW),72.0,40.0,87.0,117.0,TEE,GREEN,167.0,170.0,3.0,False,89.0,124.0,-2.0,-7.0,7.3,3.0,-3.42,LAT2,False,False,True,2,3,0,OBSERVED(RAW klpga_player_shot)
9115,유해란,4,5,3,2,3,72.0,40.0,OBSERVED(previous shot landing),73.0,43.0,91.0,126.0,GREEN,GREEN,2.0,3.0,1.0,False,89.0,124.0,2.0,2.0,2.8,1.0,,,False,True,True,2,3,0,OBSERVED(RAW klpga_player_shot)
9115,유해란,4,5,3,3,3,73.0,43.0,OBSERVED(previous shot landing),73.0,43.0,89.0,124.0,GREEN,HOLED,1.0,1.0,0.0,False,89.0,124.0,0.0,0.0,0.0,0.0,,,False,True,True,2,3,0,OBSERVED(RAW klpga_player_shot)
9115,유해란,4,6,4,1,3,,,UNKNOWN(tee box not separately logged in RAW),64.0,72.0,66.0,393.0,TEE,FAIRWAY,287.3,410.0,122.7,False,73.0,113.0,-7.0,280.0,280.1,122.7,2.84,LAT3,False,False,True,1,3,-1,OBSERVED(RAW klpga_player_shot)
9115,유해란,4,6,4,2,3,64.0,72.0,OBSERVED(previous shot landing),63.0,18.0,56.0,106.0,FAIRWAY,GREEN,114.7,122.7,8.0,False,73.0,113.0,-17.0,-7.0,18.4,8.0,,,False,False,True,1,3,-1,OBSERVED(RAW klpga_player_shot)
9115,유해란,4,6,4,3,3,63.0,18.0,OBSERVED(previous shot landing),66.0,19.0,73.0,113.0,GREEN,HOLED,8.0,8.0,0.0,False,73.0,113.0,0.0,0.0,0.0,0.0,,,False,True,True,1,3,-1,OBSERVED(RAW klpga_player_shot)
9115,유해란,4,7,5,1,5,,,UNKNOWN(tee box not separately logged in RAW),44.0,96.0,-83.0,638.0,TEE,FAIRWAY,242.0,516.0,274.0,False,84.0,80.0,-167.0,558.0,582.5,274.0,1.67,LAT2,False,False,True,2,5,0,OBSERVED(RAW klpga_player_shot)
9115,유해란,4,7,5,2,5,44.0,96.0,OBSERVED(previous shot landing),64.0,42.0,47.0,288.0,FAIRWAY,FAIRWAY,174.4,274.0,99.6,False,84.0,80.0,-37.0,208.0,211.3,99.6,,,False,False,True,2,5,0,OBSERVED(RAW klpga_player_shot)
9115,유해란,4,7,5,3,5,64.0,42.0,OBSERVED(previous shot landing),68.0,13.0,77.0,94.0,FAIRWAY,GREEN,92.1,99.6,7.5,False,84.0,80.0,-7.0,14.0,15.7,7.5,,,False,False,True,2,5,0,OBSERVED(RAW klpga_player_shot)
9115,유해란,4,7,5,4,5,68.0,13.0,OBSERVED(previous shot landing),69.0,10.0,85.0,79.0,GREEN,GREEN,7.3,7.5,0.2,False,84.0,80.0,1.0,-1.0,1.4,0.2,,,False,True,True,2,5,0,OBSERVED(RAW klpga_player_shot)
9115,유해란,4,7,5,5,5,69.0,10.0,OBSERVED(previous shot landing),69.0,10.0,84.0,80.0,GREEN,HOLED,0.2,0.2,0.0,False,84.0,80.0,0.0,0.0,0.0,0.0,,,False,True,True,2,5,0,OBSERVED(RAW klpga_player_shot)
9115,유해란,4,8,4,1,4,,,UNKNOWN(tee box not separately logged in RAW),35.0,70.0,-95.0,362.0,TEE,ROUGH,249.9,377.0,127.1,False,38.0,108.0,-133.0,254.0,286.7,127.1,10.66,LAT3,False,False,False,1,4,0,OBSERVED(RAW klpga_player_shot)
9115,유해란,4,8,4,2,4,35.0,70.0,OBSERVED(previous shot landing),61.0,22.0,30.0,133.0,ROUGH,ROUGH,115.9,127.1,11.2,False,38.0,108.0,-8.0,25.0,26.2,11.2,,,False,False,False,1,4,0,OBSERVED(RAW klpga_player_shot)
9115,유해란,4,8,4,3,4,61.0,22.0,OBSERVED(previous shot landing),62.0,17.0,36.0,110.0,ROUGH,GREEN,10.1,11.2,1.1,False,38.0,108.0,-2.0,2.0,2.8,1.1,,,False,False,False,1,4,0,OBSERVED(RAW klpga_player_shot)
9115,유해란,4,8,4,4,4,62.0,17.0,OBSERVED(previous shot landing),62.0,17.0,38.0,108.0,GREEN,HOLED,1.1,1.1,0.0,False,38.0,108.0,0.0,0.0,0.0,0.0,,,False,True,False,1,4,0,OBSERVED(RAW klpga_player_shot)
9115,유해란,4,9,4,1,4,,,UNKNOWN(tee box not separately logged in RAW),43.0,51.0,-144.0,280.0,TEE,ROUGH,300.5,404.0,103.5,False,42.0,113.0,-186.0,167.0,250.0,103.5,12.26,LAT3,False,False,True,2,4,0,OBSERVED(RAW klpga_player_shot)
9115,유해란,4,9,4,2,4,43.0,51.0,OBSERVED(previous shot landing),80.0,21.0,55.0,113.0,ROUGH,GREEN,98.2,103.5,5.3,False,42.0,113.0,13.0,0.0,13.0,5.3,,,False,False,True,2,4,0,OBSERVED(RAW klpga_player_shot)
9115,유해란,4,9,4,3,4,80.0,21.0,OBSERVED(previous shot landing),78.0,21.0,41.0,113.0,GREEN,GREEN,4.8,5.3,0.5,False,42.0,113.0,-1.0,0.0,1.0,0.5,,,False,True,True,2,4,0,OBSERVED(RAW klpga_player_shot)
9115,유해란,4,9,4,4,4,78.0,21.0,OBSERVED(previous shot landing),78.0,21.0,42.0,113.0,GREEN,HOLED,0.5,0.5,0.0,False,42.0,113.0,0.0,0.0,0.0,0.0,,,False,True,True,2,4,0,OBSERVED(RAW klpga_player_shot)
9115,유해란,4,10,5,1,4,,,UNKNOWN(tee box not separately logged in RAW),59.0,101.0,-76.0,685.0,TEE,FAIRWAY,294.4,570.0,275.6,False,80.0,97.0,-156.0,588.0,608.3,275.6,2.9,LAT3,False,False,True,1,4,-1,OBSERVED(RAW klpga_player_shot)
9115,유해란,4,10,5,2,4,59.0,101.0,OBSERVED(previous shot landing),60.0,49.0,-44.0,320.0,FAIRWAY,FAIRWAY,160.0,275.6,115.6,False,80.0,97.0,-124.0,223.0,255.2,115.6,,,False,False,True,1,4,-1,OBSERVED(RAW klpga_player_shot)
9115,유해란,4,10,5,3,4,60.0,49.0,OBSERVED(previous shot landing),77.0,15.0,88.0,93.0,FAIRWAY,GREEN,111.4,115.6,4.2,False,80.0,97.0,8.0,-4.0,8.9,4.2,,,False,False,True,1,4,-1,OBSERVED(RAW klpga_player_shot)
9115,유해란,4,10,5,4,4,77.0,15.0,OBSERVED(previous shot landing),76.0,16.0,80.0,97.0,GREEN,HOLED,4.2,4.2,0.0,False,80.0,97.0,0.0,0.0,0.0,0.0,,,False,True,True,1,4,-1,OBSERVED(RAW klpga_player_shot)
9115,유해란,4,11,3,1,3,,,UNKNOWN(tee box not separately logged in RAW),69.0,22.0,85.0,78.0,TEE,GREEN,167.4,174.0,6.6,False,94.0,91.0,-9.0,-13.0,15.8,6.6,-0.17,LAT2,False,False,True,2,3,0,OBSERVED(RAW klpga_player_shot)
9115,유해란,4,11,3,2,3,69.0,22.0,OBSERVED(previous shot landing),73.0,26.0,96.0,92.0,GREEN,GREEN,6.1,6.6,0.5,False,94.0,91.0,2.0,1.0,2.2,0.5,,,False,True,True,2,3,0,OBSERVED(RAW klpga_player_shot)
9115,유해란,4,11,3,3,3,73.0,26.0,OBSERVED(previous shot landing),73.0,26.0,94.0,91.0,GREEN,HOLED,0.5,0.5,0.0,False,94.0,91.0,0.0,0.0,0.0,0.0,,,False,True,True,2,3,0,OBSERVED(RAW klpga_player_shot)
9115,유해란,4,12,4,1,4,,,UNKNOWN(tee box not separately logged in RAW),78.0,69.0,148.0,359.0,TEE,FAIRWAY,293.5,410.0,116.5,False,68.0,122.0,80.0,237.0,250.1,116.5,0.55,LAT2,False,False,False,1,4,0,OBSERVED(RAW klpga_player_shot)
9115,유해란,4,12,4,2,4,78.0,69.0,OBSERVED(previous shot landing),61.0,25.0,59.0,128.0,FAIRWAY,FRINGE,111.7,116.5,4.8,False,68.0,122.0,-9.0,6.0,10.8,4.8,,,False,False,False,1,4,0,OBSERVED(RAW klpga_player_shot)
9115,유해란,4,12,4,3,4,61.0,25.0,OBSERVED(previous shot landing),63.0,23.0,69.0,121.0,FRINGE,GREEN,4.0,4.8,0.8,False,68.0,122.0,1.0,-1.0,1.4,0.8,,,False,False,False,1,4,0,OBSERVED(RAW klpga_player_shot)
9115,유해란,4,12,4,4,4,63.0,23.0,OBSERVED(previous shot landing),62.0,24.0,68.0,122.0,GREEN,HOLED,0.8,0.8,0.0,False,68.0,122.0,0.0,0.0,0.0,0.0,,,False,True,False,1,4,0,OBSERVED(RAW klpga_player_shot)
9115,유해란,4,13,4,1,4,,,UNKNOWN(tee box not separately logged in RAW),83.0,65.0,176.0,281.0,TEE,FAIRWAY,256.9,376.0,119.1,False,59.0,79.0,117.0,202.0,233.4,119.1,-5.52,LAT1,False,False,True,2,4,0,OBSERVED(RAW klpga_player_shot)
9115,유해란,4,13,4,2,4,83.0,65.0,OBSERVED(previous shot landing),54.0,24.0,56.0,102.0,FAIRWAY,GREEN,107.6,119.1,11.5,False,59.0,79.0,-3.0,23.0,23.2,11.5,,,False,False,True,2,4,0,OBSERVED(RAW klpga_player_shot)
9115,유해란,4,13,4,3,4,54.0,24.0,OBSERVED(previous shot landing),54.0,19.0,57.0,81.0,GREEN,GREEN,10.3,11.5,1.2,False,59.0,79.0,-2.0,2.0,2.8,1.2,,,False,True,True,2,4,0,OBSERVED(RAW klpga_player_shot)
9115,유해란,4,13,4,4,4,54.0,19.0,OBSERVED(previous shot landing),55.0,19.0,59.0,79.0,GREEN,HOLED,1.2,1.2,0.0,False,59.0,79.0,0.0,0.0,0.0,0.0,,,False,True,True,2,4,0,OBSERVED(RAW klpga_player_shot)
9115,유해란,4,14,4,1,5,,,UNKNOWN(tee box not separately logged in RAW),96.0,78.0,290.0,401.0,TEE,ROUGH,231.8,379.0,147.2,False,83.0,117.0,207.0,284.0,351.4,147.2,-8.22,LAT1,False,False,True,3,5,1,OBSERVED(RAW klpga_player_shot)
9115,유해란,4,14,4,2,5,96.0,78.0,OBSERVED(previous shot landing),48.0,17.0,40.0,91.0,ROUGH,GREEN,126.3,147.2,20.9,False,83.0,117.0,-43.0,-26.0,50.2,20.9,,,False,False,True,3,5,1,OBSERVED(RAW klpga_player_shot)
9115,유해란,4,14,4,3,5,48.0,17.0,OBSERVED(previous shot landing),55.0,22.0,80.0,118.0,GREEN,GREEN,19.8,20.9,1.1,False,83.0,117.0,-3.0,1.0,3.2,1.1,,,False,True,True,3,5,1,OBSERVED(RAW klpga_player_shot)
9115,유해란,4,14,4,4,5,55.0,22.0,OBSERVED(previous shot landing),56.0,23.0,83.0,120.0,GREEN,GREEN,0.1,1.1,1.0,False,83.0,117.0,0.0,3.0,3.0,1.0,,,False,True,True,3,5,1,OBSERVED(RAW klpga_player_shot)
9115,유해란,4,14,4,5,5,56.0,23.0,OBSERVED(previous shot landing),56.0,22.0,83.0,117.0,GREEN,HOLED,1.0,1.0,0.0,False,83.0,117.0,0.0,0.0,0.0,0.0,,,False,True,True,3,5,1,OBSERVED(RAW klpga_player_shot)
9115,유해란,4,15,4,1,4,,,UNKNOWN(tee box not separately logged in RAW),59.0,68.0,-16.0,470.0,TEE,ROUGH,264.7,423.0,158.3,False,81.0,77.0,-97.0,393.0,404.8,158.3,5.43,LAT3,False,False,True,2,4,0,OBSERVED(RAW klpga_player_shot)
9115,유해란,4,15,4,2,4,59.0,68.0,OBSERVED(previous shot landing),66.0,4.0,58.0,46.0,ROUGH,GREEN,143.3,158.3,15.0,False,81.0,77.0,-23.0,-31.0,38.6,15.0,,,False,False,True,2,4,0,OBSERVED(RAW klpga_player_shot)
9115,유해란,4,15,4,3,4,66.0,4.0,OBSERVED(previous shot landing),70.0,9.0,82.0,78.0,GREEN,GREEN,14.1,15.0,0.9,False,81.0,77.0,1.0,1.0,1.4,0.9,,,False,True,True,2,4,0,OBSERVED(RAW klpga_player_shot)
9115,유해란,4,15,4,4,4,70.0,9.0,OBSERVED(previous shot landing),70.0,8.0,81.0,77.0,GREEN,HOLED,0.9,0.9,0.0,False,81.0,77.0,0.0,0.0,0.0,0.0,,,False,True,True,2,4,0,OBSERVED(RAW klpga_player_shot)
9115,유해란,4,16,3,1,2,,,UNKNOWN(tee box not separately logged in RAW),63.0,37.0,57.0,128.0,TEE,GREEN,179.0,180.0,1.0,False,57.0,125.0,0.0,3.0,3.0,1.0,2.41,LAT2,False,False,True,1,2,-1,OBSERVED(RAW klpga_player_shot)
9115,유해란,4,16,3,2,2,63.0,37.0,OBSERVED(previous shot landing),63.0,37.0,57.0,125.0,GREEN,HOLED,1.0,1.0,0.0,False,57.0,125.0,0.0,0.0,0.0,0.0,,,False,True,True,1,2,-1,OBSERVED(RAW klpga_player_shot)
9115,유해란,4,17,4,1,4,,,UNKNOWN(tee box not separately logged in RAW),56.0,78.0,49.0,399.0,TEE,FAIRWAY,264.8,390.0,125.2,False,75.0,110.0,-26.0,289.0,290.2,125.2,-3.3,LAT1,False,False,True,2,4,0,OBSERVED(RAW klpga_player_shot)
9115,유해란,4,17,4,2,4,56.0,78.0,OBSERVED(previous shot landing),59.0,26.0,58.0,135.0,FAIRWAY,GREEN,112.0,125.2,13.2,False,75.0,110.0,-17.0,25.0,30.2,13.2,,,False,False,True,2,4,0,OBSERVED(RAW klpga_player_shot)
9115,유해란,4,17,4,3,4,59.0,26.0,OBSERVED(previous shot landing),62.0,21.0,74.0,111.0,GREEN,GREEN,12.5,13.2,0.7,False,75.0,110.0,-1.0,1.0,1.4,0.7,,,False,True,True,2,4,0,OBSERVED(RAW klpga_player_shot)
9115,유해란,4,17,4,4,4,62.0,21.0,OBSERVED(previous shot landing),62.0,21.0,75.0,110.0,GREEN,HOLED,0.7,0.7,0.0,False,75.0,110.0,0.0,0.0,0.0,0.0,,,False,True,True,2,4,0,OBSERVED(RAW klpga_player_shot)
9115,유해란,4,18,5,1,5,,,UNKNOWN(tee box not separately logged in RAW),55.0,97.0,-54.0,747.0,TEE,BUNKER,263.5,528.0,264.5,False,48.0,83.0,-102.0,664.0,671.8,264.5,5.67,LAT3,False,False,False,1,5,0,OBSERVED(RAW klpga_player_shot)
9115,유해란,4,18,5,2,5,55.0,97.0,OBSERVED(previous shot landing),60.0,52.0,-15.0,415.0,BUNKER,FAIRWAY,131.5,264.5,133.0,False,48.0,83.0,-63.0,332.0,337.9,133.0,,,False,False,False,1,5,0,OBSERVED(RAW klpga_player_shot)
9115,유해란,4,18,5,3,5,60.0,52.0,OBSERVED(previous shot landing),66.0,5.0,27.0,70.0,FAIRWAY,ROUGH,123.5,133.0,9.5,False,48.0,83.0,-21.0,-13.0,24.7,9.5,,,False,False,False,1,5,0,OBSERVED(RAW klpga_player_shot)
9115,유해란,4,18,5,4,5,66.0,5.0,OBSERVED(previous shot landing),68.0,7.0,46.0,83.0,ROUGH,GREEN,9.0,9.5,0.5,False,48.0,83.0,-2.0,0.0,2.0,0.5,,,False,False,False,1,5,0,OBSERVED(RAW klpga_player_shot)
9115,유해란,4,18,5,5,5,68.0,7.0,OBSERVED(previous shot landing),69.0,7.0,48.0,83.0,GREEN,HOLED,0.5,0.5,0.0,False,48.0,83.0,0.0,0.0,0.0,0.0,,,False,True,False,1,5,0,OBSERVED(RAW klpga_player_shot)
9708,이재윤,1,1,4,1,4,,,UNKNOWN(tee box not separately logged in RAW),59.0,78.0,-53.0,405.0,TEE,ROUGH,244.1,402.0,157.9,False,51.0,61.0,-104.0,344.0,359.4,157.9,-4.9,LAT1,False,False,True,2,4,0,OBSERVED(RAW klpga_player_shot)
9708,이재윤,1,1,4,2,4,59.0,78.0,OBSERVED(previous shot landing),78.0,12.0,49.0,73.0,ROUGH,GREEN,152.6,157.9,5.3,False,51.0,61.0,-2.0,12.0,12.2,5.3,,,False,False,True,2,4,0,OBSERVED(RAW klpga_player_shot)
9708,이재윤,1,1,4,3,4,78.0,12.0,OBSERVED(previous shot landing),78.0,10.0,51.0,62.0,GREEN,GREEN,4.8,5.3,0.5,False,51.0,61.0,0.0,1.0,1.0,0.5,,,False,True,True,2,4,0,OBSERVED(RAW klpga_player_shot)
9708,이재윤,1,1,4,4,4,78.0,10.0,OBSERVED(previous shot landing),78.0,10.0,51.0,61.0,GREEN,HOLED,0.5,0.5,0.0,False,51.0,61.0,0.0,0.0,0.0,0.0,,,False,True,True,2,4,0,OBSERVED(RAW klpga_player_shot)
9708,이재윤,1,2,3,1,3,,,UNKNOWN(tee box not separately logged in RAW),71.0,42.0,74.0,128.0,TEE,GREEN,181.4,188.0,6.6,False,74.0,144.0,0.0,-16.0,16.0,6.6,-4.33,LAT2,False,False,True,2,3,0,OBSERVED(RAW klpga_player_shot)
9708,이재윤,1,2,3,2,3,71.0,42.0,OBSERVED(previous shot landing),71.0,47.0,75.0,145.0,GREEN,GREEN,6.1,6.6,0.5,False,74.0,144.0,1.0,1.0,1.4,0.5,,,False,True,True,2,3,0,OBSERVED(RAW klpga_player_shot)
9708,이재윤,1,2,3,3,3,71.0,47.0,OBSERVED(previous shot landing),71.0,47.0,74.0,144.0,GREEN,HOLED,0.5,0.5,0.0,False,74.0,144.0,0.0,0.0,0.0,0.0,,,False,True,True,2,3,0,OBSERVED(RAW klpga_player_shot)
9708,이재윤,1,3,4,1,4,,,UNKNOWN(tee box not separately logged in RAW),62.0,84.0,71.0,505.0,TEE,ROUGH,238.7,426.0,187.3,False,36.0,100.0,35.0,405.0,406.5,187.3,-8.48,LAT1,False,False,True,2,4,0,OBSERVED(RAW klpga_player_shot)
9708,이재윤,1,3,4,2,4,62.0,84.0,OBSERVED(previous shot landing),60.0,20.0,51.0,131.0,ROUGH,GREEN,171.1,187.3,16.2,False,36.0,100.0,15.0,31.0,34.4,16.2,,,False,False,True,2,4,0,OBSERVED(RAW klpga_player_shot)
9708,이재윤,1,3,4,3,4,60.0,20.0,OBSERVED(previous shot landing),58.0,14.0,36.0,97.0,GREEN,GREEN,14.9,16.2,1.3,False,36.0,100.0,0.0,-3.0,3.0,1.3,,,False,True,True,2,4,0,OBSERVED(RAW klpga_player_shot)
9708,이재윤,1,3,4,4,4,58.0,14.0,OBSERVED(previous shot landing),58.0,14.0,36.0,100.0,GREEN,HOLED,1.3,1.3,0.0,False,36.0,100.0,0.0,0.0,0.0,0.0,,,False,True,True,2,4,0,OBSERVED(RAW klpga_player_shot)
9708,이재윤,1,4,5,1,6,,,UNKNOWN(tee box not separately logged in RAW),74.0,111.0,115.0,745.0,TEE,FAIRWAY,256.2,542.0,285.8,False,94.0,111.0,21.0,634.0,634.3,285.8,-0.43,LAT2,False,False,False,2,6,1,OBSERVED(RAW klpga_player_shot)
9708,이재윤,1,4,5,2,6,74.0,111.0,OBSERVED(previous shot landing),73.0,47.0,104.0,325.0,FAIRWAY,FAIRWAY,189.1,285.8,96.7,False,94.0,111.0,10.0,214.0,214.2,96.7,,,False,False,False,2,6,1,OBSERVED(RAW klpga_player_shot)
9708,이재윤,1,4,5,3,6,73.0,47.0,OBSERVED(previous shot landing),73.0,18.0,107.0,128.0,FAIRWAY,ROUGH,86.8,96.7,9.9,False,94.0,111.0,13.0,17.0,21.4,9.9,,,False,False,False,2,6,1,OBSERVED(RAW klpga_player_shot)
9708,이재윤,1,4,5,4,6,73.0,18.0,OBSERVED(previous shot landing),72.0,16.0,99.0,118.0,ROUGH,GREEN,6.1,9.9,3.8,False,94.0,111.0,5.0,7.0,8.6,3.8,,,False,False,False,2,6,1,OBSERVED(RAW klpga_player_shot)
9708,이재윤,1,4,5,5,6,72.0,16.0,OBSERVED(previous shot landing),71.0,15.0,93.0,110.0,GREEN,GREEN,3.3,3.8,0.5,False,94.0,111.0,-1.0,-1.0,1.4,0.5,,,False,True,False,2,6,1,OBSERVED(RAW klpga_player_shot)
9708,이재윤,1,4,5,6,6,71.0,15.0,OBSERVED(previous shot landing),71.0,15.0,94.0,111.0,GREEN,HOLED,0.5,0.5,0.0,False,94.0,111.0,0.0,0.0,0.0,0.0,,,False,True,False,2,6,1,OBSERVED(RAW klpga_player_shot)
9708,이재윤,1,5,3,1,3,,,UNKNOWN(tee box not separately logged in RAW),53.0,32.0,31.0,94.0,TEE,GREENSIDE_BUNKER,158.0,170.0,12.0,False,47.0,69.0,-16.0,25.0,29.7,12.0,0.92,LAT2,False,False,False,1,3,0,OBSERVED(RAW klpga_player_shot)
9708,이재윤,1,5,3,2,3,53.0,32.0,OBSERVED(previous shot landing),58.0,24.0,45.0,69.0,GREENSIDE_BUNKER,GREEN,11.2,12.0,0.8,False,47.0,69.0,-2.0,0.0,2.0,0.8,,,False,False,False,1,3,0,OBSERVED(RAW klpga_player_shot)
9708,이재윤,1,5,3,3,3,58.0,24.0,OBSERVED(previous shot landing),59.0,24.0,47.0,69.0,GREEN,HOLED,0.8,0.8,0.0,False,47.0,69.0,0.0,0.0,0.0,0.0,,,False,True,False,1,3,0,OBSERVED(RAW klpga_player_shot)
9708,이재윤,1,6,4,1,4,,,UNKNOWN(tee box not separately logged in RAW),69.0,76.0,94.0,416.0,TEE,FAIRWAY,264.1,410.0,145.9,False,84.0,83.0,10.0,333.0,333.2,145.9,-1.96,LAT2,False,False,True,2,4,0,OBSERVED(RAW klpga_player_shot)
9708,이재윤,1,6,4,2,4,69.0,76.0,OBSERVED(previous shot landing),65.0,17.0,69.0,100.0,FAIRWAY,GREEN,135.8,145.9,10.1,False,84.0,83.0,-15.0,17.0,22.7,10.1,,,False,False,True,2,4,0,OBSERVED(RAW klpga_player_shot)
9708,이재윤,1,6,4,3,4,65.0,17.0,OBSERVED(previous shot landing),68.0,14.0,83.0,84.0,GREEN,GREEN,9.6,10.1,0.5,False,84.0,83.0,-1.0,1.0,1.4,0.5,,,False,True,True,2,4,0,OBSERVED(RAW klpga_player_shot)
9708,이재윤,1,6,4,4,4,68.0,14.0,OBSERVED(previous shot landing),68.0,14.0,84.0,83.0,GREEN,HOLED,0.5,0.5,0.0,False,84.0,83.0,0.0,0.0,0.0,0.0,,,False,True,True,2,4,0,OBSERVED(RAW klpga_player_shot)
9708,이재윤,1,7,5,1,5,,,UNKNOWN(tee box not separately logged in RAW),44.0,96.0,-83.0,641.0,TEE,FAIRWAY,268.6,516.0,247.4,False,45.0,130.0,-128.0,511.0,526.8,247.4,1.67,LAT2,False,False,True,2,5,0,OBSERVED(RAW klpga_player_shot)
9708,이재윤,1,7,5,2,5,44.0,96.0,OBSERVED(previous shot landing),60.0,45.0,21.0,306.0,FAIRWAY,FAIRWAY,164.1,247.4,83.3,False,45.0,130.0,-24.0,176.0,177.6,83.3,,,False,False,True,2,5,0,OBSERVED(RAW klpga_player_shot)
9708,이재윤,1,7,5,3,5,60.0,45.0,OBSERVED(previous shot landing),63.0,17.0,43.0,124.0,FAIRWAY,GREEN,80.2,83.3,3.1,False,45.0,130.0,-2.0,-6.0,6.3,3.1,,,False,False,True,2,5,0,OBSERVED(RAW klpga_player_shot)
9708,이재윤,1,7,5,4,5,63.0,17.0,OBSERVED(previous shot landing),63.0,18.0,46.0,131.0,GREEN,GREEN,2.6,3.1,0.5,False,45.0,130.0,1.0,1.0,1.4,0.5,,,False,True,True,2,5,0,OBSERVED(RAW klpga_player_shot)
9708,이재윤,1,7,5,5,5,63.0,18.0,OBSERVED(previous shot landing),63.0,18.0,45.0,130.0,GREEN,HOLED,0.5,0.5,0.0,False,45.0,130.0,0.0,0.0,0.0,0.0,,,False,True,True,2,5,0,OBSERVED(RAW klpga_player_shot)
9708,이재윤,1,8,4,1,4,,,UNKNOWN(tee box not separately logged in RAW),45.0,68.0,-45.0,352.0,TEE,FAIRWAY,244.8,377.0,132.2,False,96.0,89.0,-141.0,263.0,298.4,132.2,2.2,LAT2,False,False,False,1,4,0,OBSERVED(RAW klpga_player_shot)
9708,이재윤,1,8,4,2,4,45.0,68.0,OBSERVED(previous shot landing),75.0,10.0,100.0,78.0,FAIRWAY,FRINGE,126.6,132.2,5.6,False,96.0,89.0,4.0,-11.0,11.7,5.6,,,False,False,False,1,4,0,OBSERVED(RAW klpga_player_shot)
9708,이재윤,1,8,4,3,4,75.0,10.0,OBSERVED(previous shot landing),75.0,12.0,96.0,89.0,FRINGE,GREEN,5.4,5.6,0.2,False,96.0,89.0,0.0,0.0,0.0,0.2,,,False,False,False,1,4,0,OBSERVED(RAW klpga_player_shot)
9708,이재윤,1,8,4,4,4,75.0,12.0,OBSERVED(previous shot landing),75.0,13.0,96.0,89.0,GREEN,HOLED,0.2,0.2,0.0,False,96.0,89.0,0.0,0.0,0.0,0.0,,,False,True,False,1,4,0,OBSERVED(RAW klpga_player_shot)
9708,이재윤,1,9,4,1,5,,,UNKNOWN(tee box not separately logged in RAW),47.0,57.0,-121.0,312.0,TEE,ROUGH,280.3,404.0,123.7,False,84.0,97.0,-205.0,215.0,297.1,123.7,5.47,LAT3,False,False,False,2,5,1,OBSERVED(RAW klpga_player_shot)
9708,이재윤,1,9,4,2,5,47.0,57.0,OBSERVED(previous shot landing),90.0,20.0,105.0,108.0,ROUGH,ROUGH,113.8,123.7,9.9,False,84.0,97.0,21.0,11.0,23.7,9.9,,,False,False,False,2,5,1,OBSERVED(RAW klpga_player_shot)
9708,이재윤,1,9,4,3,5,90.0,20.0,OBSERVED(previous shot landing),81.0,17.0,60.0,93.0,ROUGH,GREEN,-0.4,9.9,10.3,False,84.0,97.0,-24.0,-4.0,24.3,10.3,,,False,False,False,2,5,1,OBSERVED(RAW klpga_player_shot)
9708,이재윤,1,9,4,4,5,81.0,17.0,OBSERVED(previous shot landing),86.0,18.0,87.0,95.0,GREEN,GREEN,8.9,10.3,1.4,False,84.0,97.0,3.0,-2.0,3.6,1.4,,,False,True,False,2,5,1,OBSERVED(RAW klpga_player_shot)
9708,이재윤,1,9,4,5,5,86.0,18.0,OBSERVED(previous shot landing),86.0,18.0,84.0,97.0,GREEN,HOLED,1.4,1.4,0.0,False,84.0,97.0,0.0,0.0,0.0,0.0,,,False,True,False,2,5,1,OBSERVED(RAW klpga_player_shot)
9708,이재윤,1,10,5,1,5,,,UNKNOWN(tee box not separately logged in RAW),61.0,108.0,-67.0,733.0,TEE,FAIRWAY,281.6,570.0,288.4,False,88.0,115.0,-155.0,618.0,637.1,288.4,-0.13,LAT2,False,False,True,2,5,0,OBSERVED(RAW klpga_player_shot)
9708,이재윤,1,10,5,2,5,61.0,108.0,OBSERVED(previous shot landing),59.0,38.0,-51.0,246.0,FAIRWAY,ROUGH,201.5,288.4,86.9,False,88.0,115.0,-139.0,131.0,191.0,86.9,,,False,False,True,2,5,0,OBSERVED(RAW klpga_player_shot)
9708,이재윤,1,10,5,3,5,59.0,38.0,OBSERVED(previous shot landing),73.0,18.0,54.0,111.0,ROUGH,GREEN,71.4,86.9,15.5,False,88.0,115.0,-34.0,-4.0,34.2,15.5,,,False,False,True,2,5,0,OBSERVED(RAW klpga_player_shot)
9708,이재윤,1,10,5,4,5,73.0,18.0,OBSERVED(previous shot landing),77.0,18.0,87.0,114.0,GREEN,GREEN,14.7,15.5,0.8,False,88.0,115.0,-1.0,-1.0,1.4,0.8,,,False,True,True,2,5,0,OBSERVED(RAW klpga_player_shot)
9708,이재윤,1,10,5,5,5,77.0,18.0,OBSERVED(previous shot landing),78.0,18.0,88.0,115.0,GREEN,HOLED,0.8,0.8,0.0,False,88.0,115.0,0.0,0.0,0.0,0.0,,,False,True,True,2,5,0,OBSERVED(RAW klpga_player_shot)
9708,이재윤,1,11,3,1,4,,,UNKNOWN(tee box not separately logged in RAW),56.0,46.0,46.0,150.0,TEE,ROUGH,151.4,174.0,22.6,False,50.0,94.0,-4.0,56.0,56.1,22.6,-8.63,LAT1,False,False,False,2,4,1,OBSERVED(RAW klpga_player_shot)
9708,이재윤,1,11,3,2,4,56.0,46.0,OBSERVED(previous shot landing),57.0,30.0,49.0,102.0,ROUGH,GREEN,19.5,22.6,3.1,False,50.0,94.0,-1.0,8.0,8.1,3.1,,,False,False,False,2,4,1,OBSERVED(RAW klpga_player_shot)
9708,이재윤,1,11,3,3,4,57.0,30.0,OBSERVED(previous shot landing),58.0,27.0,50.0,93.0,GREEN,GREEN,2.4,3.1,0.7,False,50.0,94.0,0.0,-1.0,1.0,0.7,,,False,True,False,2,4,1,OBSERVED(RAW klpga_player_shot)
9708,이재윤,1,11,3,4,4,58.0,27.0,OBSERVED(previous shot landing),58.0,27.0,50.0,94.0,GREEN,HOLED,0.7,0.7,0.0,False,50.0,94.0,0.0,0.0,0.0,0.0,,,False,True,False,2,4,1,OBSERVED(RAW klpga_player_shot)
9708,이재윤,1,12,4,1,4,,,UNKNOWN(tee box not separately logged in RAW),80.0,70.0,161.0,363.0,TEE,FAIRWAY,289.9,410.0,120.1,False,93.0,115.0,68.0,248.0,257.2,120.1,-1.09,LAT2,False,False,True,2,4,0,OBSERVED(RAW klpga_player_shot)
9708,이재윤,1,12,4,2,4,80.0,70.0,OBSERVED(previous shot landing),66.0,24.0,88.0,122.0,FAIRWAY,GREEN,116.2,120.1,3.9,False,93.0,115.0,-5.0,7.0,8.6,3.9,,,False,False,True,2,4,0,OBSERVED(RAW klpga_player_shot)
9708,이재윤,1,12,4,3,4,66.0,24.0,OBSERVED(previous shot landing),67.0,22.0,94.0,114.0,GREEN,GREEN,3.6,3.9,0.3,False,93.0,115.0,1.0,-1.0,1.4,0.3,,,False,True,True,2,4,0,OBSERVED(RAW klpga_player_shot)
9708,이재윤,1,12,4,4,4,67.0,22.0,OBSERVED(previous shot landing),67.0,22.0,93.0,115.0,GREEN,HOLED,0.3,0.3,0.0,False,93.0,115.0,0.0,0.0,0.0,0.0,,,False,True,True,2,4,0,OBSERVED(RAW klpga_player_shot)
9708,이재윤,1,13,4,1,4,,,UNKNOWN(tee box not separately logged in RAW),80.0,68.0,161.0,292.0,TEE,FAIRWAY,266.8,376.0,109.2,False,84.0,92.0,77.0,200.0,214.3,109.2,-1.57,LAT2,False,False,True,2,4,0,OBSERVED(RAW klpga_player_shot)
9708,이재윤,1,13,4,2,4,80.0,68.0,OBSERVED(previous shot landing),60.0,26.0,81.0,109.0,FAIRWAY,GREEN,100.6,109.2,8.6,False,84.0,92.0,-3.0,17.0,17.3,8.6,,,False,False,True,2,4,0,OBSERVED(RAW klpga_player_shot)
9708,이재윤,1,13,4,3,4,60.0,26.0,OBSERVED(previous shot landing),60.0,22.0,82.0,93.0,GREEN,GREEN,7.7,8.6,0.9,False,84.0,92.0,-2.0,1.0,2.2,0.9,,,False,True,True,2,4,0,OBSERVED(RAW klpga_player_shot)
9708,이재윤,1,13,4,4,4,60.0,22.0,OBSERVED(previous shot landing),61.0,22.0,84.0,92.0,GREEN,HOLED,0.9,0.9,0.0,False,84.0,92.0,0.0,0.0,0.0,0.0,,,False,True,True,2,4,0,OBSERVED(RAW klpga_player_shot)
9708,이재윤,1,14,4,1,4,,,UNKNOWN(tee box not separately logged in RAW),85.0,76.0,232.0,388.0,TEE,FAIRWAY,246.5,379.0,132.5,False,70.0,117.0,162.0,271.0,315.7,132.5,0.19,LAT2,False,False,True,2,4,0,OBSERVED(RAW klpga_player_shot)
9708,이재윤,1,14,4,2,4,85.0,76.0,OBSERVED(previous shot landing),54.0,22.0,72.0,114.0,FAIRWAY,GREEN,130.9,132.5,1.6,False,70.0,117.0,2.0,-3.0,3.6,1.6,,,False,False,True,2,4,0,OBSERVED(RAW klpga_player_shot)
9708,이재윤,1,14,4,3,4,54.0,22.0,OBSERVED(previous shot landing),53.0,22.0,69.0,117.0,GREEN,GREEN,1.3,1.6,0.3,False,70.0,117.0,-1.0,0.0,1.0,0.3,,,False,True,True,2,4,0,OBSERVED(RAW klpga_player_shot)
9708,이재윤,1,14,4,4,4,53.0,22.0,OBSERVED(previous shot landing),53.0,22.0,70.0,117.0,GREEN,HOLED,0.3,0.3,0.0,False,70.0,117.0,0.0,0.0,0.0,0.0,,,False,True,True,2,4,0,OBSERVED(RAW klpga_player_shot)
9708,이재윤,1,15,4,1,5,,,UNKNOWN(tee box not separately logged in RAW),59.0,72.0,-16.0,492.0,TEE,ROUGH,272.8,423.0,150.2,False,58.0,114.0,-74.0,378.0,385.2,150.2,5.3,LAT3,False,False,False,2,5,1,OBSERVED(RAW klpga_player_shot)
9708,이재윤,1,15,4,2,5,59.0,72.0,OBSERVED(previous shot landing),60.0,13.0,17.0,105.0,ROUGH,FRINGE,133.7,150.2,16.5,False,58.0,114.0,-41.0,-9.0,42.0,16.5,,,False,False,False,2,5,1,OBSERVED(RAW klpga_player_shot)
9708,이재윤,1,15,4,3,5,60.0,13.0,OBSERVED(previous shot landing),65.0,15.0,50.0,117.0,FRINGE,GREEN,13.1,16.5,3.4,False,58.0,114.0,-8.0,3.0,8.5,3.4,,,False,False,False,2,5,1,OBSERVED(RAW klpga_player_shot)
9708,이재윤,1,15,4,4,5,65.0,15.0,OBSERVED(previous shot landing),67.0,14.0,59.0,112.0,GREEN,GREEN,2.3,3.4,1.1,False,58.0,114.0,1.0,-2.0,2.2,1.1,,,False,True,False,2,5,1,OBSERVED(RAW klpga_player_shot)
9708,이재윤,1,15,4,5,5,67.0,14.0,OBSERVED(previous shot landing),67.0,14.0,58.0,114.0,GREEN,HOLED,1.1,1.1,0.0,False,58.0,114.0,0.0,0.0,0.0,0.0,,,False,True,False,2,5,1,OBSERVED(RAW klpga_player_shot)
9708,이재윤,1,16,3,1,3,,,UNKNOWN(tee box not separately logged in RAW),40.0,20.0,-18.0,66.0,TEE,PENALTY_AREA,,180.0,,True,50.0,58.0,-68.0,8.0,68.5,,25.0,LAT3,True,False,False,1,3,0,OBSERVED(RAW klpga_player_shot)
9708,이재윤,1,16,3,2,3,40.0,20.0,OBSERVED(previous shot landing),59.0,15.0,46.0,51.0,PENALTY_AREA,GREEN,,,2.8,False,50.0,58.0,-4.0,-7.0,8.1,2.8,,,False,False,False,1,3,0,OBSERVED(RAW klpga_player_shot)
9708,이재윤,1,16,3,3,3,59.0,15.0,OBSERVED(previous shot landing),60.0,17.0,50.0,58.0,GREEN,HOLED,2.8,2.8,0.0,False,50.0,58.0,0.0,0.0,0.0,0.0,,,False,True,False,1,3,0,OBSERVED(RAW klpga_player_shot)
9708,이재윤,1,17,4,1,4,,,UNKNOWN(tee box not separately logged in RAW),64.0,83.0,89.0,424.0,TEE,ROUGH,257.6,390.0,132.4,False,48.0,120.0,41.0,304.0,306.8,132.4,-11.85,LAT1,False,False,False,1,4,0,OBSERVED(RAW klpga_player_shot)
9708,이재윤,1,17,4,2,4,64.0,83.0,OBSERVED(previous shot landing),57.0,34.0,50.0,174.0,ROUGH,ROUGH,108.9,132.4,23.5,False,48.0,120.0,2.0,54.0,54.0,23.5,,,False,False,False,1,4,0,OBSERVED(RAW klpga_player_shot)
9708,이재윤,1,17,4,3,4,57.0,34.0,OBSERVED(previous shot landing),56.0,24.0,46.0,124.0,ROUGH,GREEN,21.4,23.5,2.1,False,48.0,120.0,-2.0,4.0,4.5,2.1,,,False,False,False,1,4,0,OBSERVED(RAW klpga_player_shot)
9708,이재윤,1,17,4,4,4,56.0,24.0,OBSERVED(previous shot landing),57.0,23.0,48.0,120.0,GREEN,HOLED,2.1,2.1,0.0,False,48.0,120.0,0.0,0.0,0.0,0.0,,,False,True,False,1,4,0,OBSERVED(RAW klpga_player_shot)
9708,이재윤,1,18,5,1,5,,,UNKNOWN(tee box not separately logged in RAW),56.0,101.0,-49.0,778.0,TEE,ROUGH,247.4,528.0,280.6,False,92.0,79.0,-141.0,699.0,713.1,280.6,4.22,LAT3,False,False,True,2,5,0,OBSERVED(RAW klpga_player_shot)
9708,이재윤,1,18,5,2,5,56.0,101.0,OBSERVED(previous shot landing),58.0,32.0,-31.0,269.0,ROUGH,FAIRWAY,191.2,280.6,89.4,False,92.0,79.0,-123.0,190.0,226.3,89.4,,,False,False,True,2,5,0,OBSERVED(RAW klpga_player_shot)
9708,이재윤,1,18,5,3,5,58.0,32.0,OBSERVED(previous shot landing),71.0,7.0,69.0,85.0,FAIRWAY,GREEN,80.1,89.4,9.3,False,92.0,79.0,-23.0,6.0,23.8,9.3,,,False,False,True,2,5,0,OBSERVED(RAW klpga_player_shot)
9708,이재윤,1,18,5,4,5,71.0,7.0,OBSERVED(previous shot landing),74.0,6.0,91.0,77.0,GREEN,GREEN,8.5,9.3,0.8,False,92.0,79.0,-1.0,-2.0,2.2,0.8,,,False,True,True,2,5,0,OBSERVED(RAW klpga_player_shot)
9708,이재윤,1,18,5,5,5,74.0,6.0,OBSERVED(previous shot landing),75.0,6.0,92.0,79.0,GREEN,HOLED,0.8,0.8,0.0,False,92.0,79.0,0.0,0.0,0.0,0.0,,,False,True,True,2,5,0,OBSERVED(RAW klpga_player_shot)
9708,이재윤,2,1,4,1,4,,,UNKNOWN(tee box not separately logged in RAW),45.0,81.0,-123.0,419.0,TEE,ROUGH,245.5,402.0,156.5,False,47.0,106.0,-170.0,313.0,356.2,156.5,6.96,LAT3,False,False,False,1,4,0,OBSERVED(RAW klpga_player_shot)
9708,이재윤,2,1,4,2,4,45.0,81.0,OBSERVED(previous shot landing),70.0,25.0,7.0,136.0,ROUGH,GREENSIDE_BUNKER,134.8,156.5,21.7,False,47.0,106.0,-40.0,30.0,50.0,21.7,,,False,False,False,1,4,0,OBSERVED(RAW klpga_player_shot)
9708,이재윤,2,1,4,3,4,70.0,25.0,OBSERVED(previous shot landing),80.0,18.0,57.0,100.0,GREENSIDE_BUNKER,GREEN,16.5,21.7,5.2,False,47.0,106.0,10.0,-6.0,11.7,5.2,,,False,False,False,1,4,0,OBSERVED(RAW klpga_player_shot)
9708,이재윤,2,1,4,4,4,80.0,18.0,OBSERVED(previous shot landing),78.0,19.0,47.0,106.0,GREEN,HOLED,5.2,5.2,0.0,False,47.0,106.0,0.0,0.0,0.0,0.0,,,False,True,False,1,4,0,OBSERVED(RAW klpga_player_shot)
9708,이재윤,2,2,3,1,3,,,UNKNOWN(tee box not separately logged in RAW),81.0,28.0,107.0,83.0,TEE,ROUGH,180.6,188.0,7.4,False,93.0,95.0,14.0,-12.0,18.4,7.4,7.45,LAT3,False,False,False,1,3,0,OBSERVED(RAW klpga_player_shot)
9708,이재윤,2,2,3,2,3,81.0,28.0,OBSERVED(previous shot landing),78.0,30.0,97.0,89.0,ROUGH,GREEN,4.4,7.4,3.0,False,93.0,95.0,4.0,-6.0,7.2,3.0,,,False,False,False,1,3,0,OBSERVED(RAW klpga_player_shot)
9708,이재윤,2,2,3,3,3,78.0,30.0,OBSERVED(previous shot landing),77.0,32.0,93.0,95.0,GREEN,HOLED,3.0,3.0,0.0,False,93.0,95.0,0.0,0.0,0.0,0.0,,,False,True,False,1,3,0,OBSERVED(RAW klpga_player_shot)
9708,이재윤,2,3,4,1,4,,,UNKNOWN(tee box not separately logged in RAW),59.0,80.0,54.0,480.0,TEE,ROUGH,250.7,426.0,175.3,False,69.0,100.0,-15.0,380.0,380.3,175.3,-5.07,LAT1,False,False,True,2,4,0,OBSERVED(RAW klpga_player_shot)
9708,이재윤,2,3,4,2,4,59.0,80.0,OBSERVED(previous shot landing),59.0,13.0,44.0,94.0,ROUGH,GREEN,163.6,175.3,11.7,False,69.0,100.0,-25.0,-6.0,25.7,11.7,,,False,False,True,2,4,0,OBSERVED(RAW klpga_player_shot)
9708,이재윤,2,3,4,3,4,59.0,13.0,OBSERVED(previous shot landing),64.0,14.0,70.0,99.0,GREEN,GREEN,10.9,11.7,0.8,False,69.0,100.0,1.0,-1.0,1.4,0.8,,,False,True,True,2,4,0,OBSERVED(RAW klpga_player_shot)
9708,이재윤,2,3,4,4,4,64.0,14.0,OBSERVED(previous shot landing),63.0,14.0,69.0,100.0,GREEN,HOLED,0.8,0.8,0.0,False,69.0,100.0,0.0,0.0,0.0,0.0,,,False,True,True,2,4,0,OBSERVED(RAW klpga_player_shot)
9708,이재윤,2,4,5,1,6,,,UNKNOWN(tee box not separately logged in RAW),72.0,110.0,101.0,741.0,TEE,FAIRWAY,248.5,542.0,293.5,False,36.0,93.0,65.0,648.0,651.3,293.5,1.5,LAT2,False,False,False,2,6,1,OBSERVED(RAW klpga_player_shot)
9708,이재윤,2,4,5,2,6,72.0,110.0,OBSERVED(previous shot landing),76.0,45.0,123.0,311.0,FAIRWAY,ROUGH,187.5,293.5,106.0,False,36.0,93.0,87.0,218.0,234.7,106.0,,,False,False,False,2,6,1,OBSERVED(RAW klpga_player_shot)
9708,이재윤,2,4,5,3,6,76.0,45.0,OBSERVED(previous shot landing),61.0,9.0,27.0,72.0,ROUGH,ROUGH,95.8,106.0,10.2,False,36.0,93.0,-9.0,-21.0,22.8,10.2,,,False,False,False,2,6,1,OBSERVED(RAW klpga_player_shot)
9708,이재윤,2,4,5,4,6,61.0,9.0,OBSERVED(previous shot landing),62.0,13.0,32.0,96.0,ROUGH,GREEN,7.9,10.2,2.3,False,36.0,93.0,-4.0,3.0,5.0,2.3,,,False,False,False,2,6,1,OBSERVED(RAW klpga_player_shot)
9708,이재윤,2,4,5,5,6,62.0,13.0,OBSERVED(previous shot landing),63.0,12.0,36.0,92.0,GREEN,GREEN,1.9,2.3,0.4,False,36.0,93.0,0.0,-1.0,1.0,0.4,,,False,True,False,2,6,1,OBSERVED(RAW klpga_player_shot)
9708,이재윤,2,4,5,6,6,63.0,12.0,OBSERVED(previous shot landing),63.0,12.0,36.0,93.0,GREEN,HOLED,0.4,0.4,0.0,False,36.0,93.0,0.0,0.0,0.0,0.0,,,False,True,False,2,6,1,OBSERVED(RAW klpga_player_shot)
9708,이재윤,2,5,3,1,3,,,UNKNOWN(tee box not separately logged in RAW),61.0,57.0,55.0,168.0,TEE,GREENSIDE_BUNKER,156.0,170.0,14.0,False,77.0,141.0,-22.0,27.0,34.8,14.0,-22.16,LAT1,False,False,False,1,3,0,OBSERVED(RAW klpga_player_shot)
9708,이재윤,2,5,3,2,3,61.0,57.0,OBSERVED(previous shot landing),68.0,48.0,76.0,141.0,GREENSIDE_BUNKER,GREEN,13.3,14.0,0.7,False,77.0,141.0,-1.0,0.0,1.0,0.7,,,False,False,False,1,3,0,OBSERVED(RAW klpga_player_shot)
9708,이재윤,2,5,3,3,3,68.0,48.0,OBSERVED(previous shot landing),69.0,48.0,77.0,141.0,GREEN,HOLED,0.7,0.7,0.0,False,77.0,141.0,0.0,0.0,0.0,0.0,,,False,True,False,1,3,0,OBSERVED(RAW klpga_player_shot)
9708,이재윤,2,6,4,1,4,,,UNKNOWN(tee box not separately logged in RAW),76.0,82.0,130.0,448.0,TEE,ROUGH,256.5,410.0,153.5,False,31.0,111.0,99.0,337.0,351.2,153.5,-8.64,LAT1,False,False,False,1,4,0,OBSERVED(RAW klpga_player_shot)
9708,이재윤,2,6,4,2,4,76.0,82.0,OBSERVED(previous shot landing),55.0,17.0,15.0,102.0,ROUGH,ROUGH,145.6,153.5,7.9,False,31.0,111.0,-16.0,-9.0,18.4,7.9,,,False,False,False,1,4,0,OBSERVED(RAW klpga_player_shot)
9708,이재윤,2,6,4,3,4,55.0,17.0,OBSERVED(previous shot landing),59.0,19.0,34.0,111.0,ROUGH,GREEN,6.7,7.9,1.2,False,31.0,111.0,3.0,0.0,3.0,1.2,,,False,False,False,1,4,0,OBSERVED(RAW klpga_player_shot)
9708,이재윤,2,6,4,4,4,59.0,19.0,OBSERVED(previous shot landing),58.0,19.0,31.0,111.0,GREEN,HOLED,1.2,1.2,0.0,False,31.0,111.0,0.0,0.0,0.0,0.0,,,False,True,False,1,4,0,OBSERVED(RAW klpga_player_shot)
9708,이재윤,2,7,5,1,5,,,UNKNOWN(tee box not separately logged in RAW),48.0,97.0,-57.0,649.0,TEE,FAIRWAY,250.2,516.0,265.8,False,89.0,103.0,-146.0,546.0,565.2,265.8,-2.45,LAT1,False,False,True,2,5,0,OBSERVED(RAW klpga_player_shot)
9708,이재윤,2,7,5,2,5,48.0,97.0,OBSERVED(previous shot landing),61.0,28.0,34.0,194.0,FAIRWAY,ROUGH,215.8,265.8,50.0,False,89.0,103.0,-55.0,91.0,106.3,50.0,,,False,False,True,2,5,0,OBSERVED(RAW klpga_player_shot)
9708,이재윤,2,7,5,3,5,61.0,28.0,OBSERVED(previous shot landing),67.0,15.0,75.0,111.0,ROUGH,GREEN,42.4,50.0,7.6,False,89.0,103.0,-14.0,8.0,16.1,7.6,,,False,False,True,2,5,0,OBSERVED(RAW klpga_player_shot)
9708,이재윤,2,7,5,4,5,67.0,15.0,OBSERVED(previous shot landing),69.0,14.0,88.0,102.0,GREEN,GREEN,7.1,7.6,0.5,False,89.0,103.0,-1.0,-1.0,1.4,0.5,,,False,True,True,2,5,0,OBSERVED(RAW klpga_player_shot)
9708,이재윤,2,7,5,5,5,69.0,14.0,OBSERVED(previous shot landing),70.0,14.0,89.0,103.0,GREEN,HOLED,0.5,0.5,0.0,False,89.0,103.0,0.0,0.0,0.0,0.0,,,False,True,True,2,5,0,OBSERVED(RAW klpga_player_shot)
9708,이재윤,2,8,4,1,4,,,UNKNOWN(tee box not separately logged in RAW),54.0,72.0,-5.0,372.0,TEE,ROUGH,263.7,377.0,113.3,False,44.0,121.0,-49.0,251.0,255.7,113.3,-7.64,LAT1,False,False,True,2,4,0,OBSERVED(RAW klpga_player_shot)
9708,이재윤,2,8,4,2,4,54.0,72.0,OBSERVED(previous shot landing),59.0,18.0,23.0,112.0,ROUGH,GREEN,103.3,113.3,10.0,False,44.0,121.0,-21.0,-9.0,22.8,10.0,,,False,False,True,2,4,0,OBSERVED(RAW klpga_player_shot)
9708,이재윤,2,8,4,3,4,59.0,18.0,OBSERVED(previous shot landing),64.0,19.0,45.0,121.0,GREEN,GREEN,9.8,10.0,0.2,False,44.0,121.0,1.0,0.0,1.0,0.2,,,False,True,True,2,4,0,OBSERVED(RAW klpga_player_shot)
9708,이재윤,2,8,4,4,4,64.0,19.0,OBSERVED(previous shot landing),64.0,19.0,44.0,121.0,GREEN,HOLED,0.2,0.2,0.0,False,44.0,121.0,0.0,0.0,0.0,0.0,,,False,True,True,2,4,0,OBSERVED(RAW klpga_player_shot)
9708,이재윤,2,9,4,1,4,,,UNKNOWN(tee box not separately logged in RAW),59.0,58.0,-58.0,316.0,TEE,ROUGH,303.1,404.0,100.9,False,45.0,96.0,-103.0,220.0,242.9,100.9,-4.76,LAT1,False,False,False,1,4,0,OBSERVED(RAW klpga_player_shot)
9708,이재윤,2,9,4,2,4,59.0,58.0,OBSERVED(previous shot landing),75.0,17.0,27.0,95.0,ROUGH,FRINGE,93.5,100.9,7.4,False,45.0,96.0,-18.0,-1.0,18.0,7.4,,,False,False,False,1,4,0,OBSERVED(RAW klpga_player_shot)
9708,이재윤,2,9,4,3,4,75.0,17.0,OBSERVED(previous shot landing),78.0,18.0,42.0,97.0,FRINGE,GREEN,5.9,7.4,1.5,False,45.0,96.0,-3.0,1.0,3.2,1.5,,,False,False,False,1,4,0,OBSERVED(RAW klpga_player_shot)
9708,이재윤,2,9,4,4,4,78.0,18.0,OBSERVED(previous shot landing),79.0,18.0,45.0,96.0,GREEN,HOLED,1.5,1.5,0.0,False,45.0,96.0,0.0,0.0,0.0,0.0,,,False,True,False,1,4,0,OBSERVED(RAW klpga_player_shot)
9708,이재윤,2,10,5,1,5,,,UNKNOWN(tee box not separately logged in RAW),60.0,109.0,-76.0,737.0,TEE,FAIRWAY,259.9,570.0,310.1,False,57.0,65.0,-133.0,672.0,685.0,310.1,0.71,LAT2,False,False,False,1,5,0,OBSERVED(RAW klpga_player_shot)
9708,이재윤,2,10,5,2,5,60.0,109.0,OBSERVED(previous shot landing),60.0,54.0,-50.0,353.0,FAIRWAY,FAIRWAY,170.8,310.1,139.3,False,57.0,65.0,-107.0,288.0,307.2,139.3,,,False,False,False,1,5,0,OBSERVED(RAW klpga_player_shot)
9708,이재윤,2,10,5,3,5,60.0,54.0,OBSERVED(previous shot landing),71.0,10.0,42.0,51.0,FAIRWAY,ROUGH,130.4,139.3,8.9,False,57.0,65.0,-15.0,-14.0,20.5,8.9,,,False,False,False,1,5,0,OBSERVED(RAW klpga_player_shot)
9708,이재윤,2,10,5,4,5,71.0,10.0,OBSERVED(previous shot landing),73.0,11.0,56.0,62.0,ROUGH,GREEN,7.7,8.9,1.2,False,57.0,65.0,-1.0,-3.0,3.2,1.2,,,False,False,False,1,5,0,OBSERVED(RAW klpga_player_shot)
9708,이재윤,2,10,5,5,5,73.0,11.0,OBSERVED(previous shot landing),73.0,11.0,57.0,65.0,GREEN,HOLED,1.2,1.2,0.0,False,57.0,65.0,0.0,0.0,0.0,0.0,,,False,True,False,1,5,0,OBSERVED(RAW klpga_player_shot)
9708,이재윤,2,11,3,1,4,,,UNKNOWN(tee box not separately logged in RAW),49.0,30.0,24.0,103.0,TEE,ROUGH,166.0,174.0,8.0,False,35.0,119.0,-11.0,-16.0,19.4,8.0,7.79,LAT3,False,False,False,1,4,1,OBSERVED(RAW klpga_player_shot)
9708,이재윤,2,11,3,2,4,49.0,30.0,OBSERVED(previous shot landing),60.0,41.0,56.0,136.0,ROUGH,FRINGE,-2.8,8.0,10.8,False,35.0,119.0,21.0,17.0,27.0,10.8,,,False,False,False,1,4,1,OBSERVED(RAW klpga_player_shot)
9708,이재윤,2,11,3,3,4,60.0,41.0,OBSERVED(previous shot landing),52.0,35.0,32.0,118.0,FRINGE,GREEN,9.3,10.8,1.5,False,35.0,119.0,-3.0,-1.0,3.2,1.5,,,False,False,False,1,4,1,OBSERVED(RAW klpga_player_shot)
9708,이재윤,2,11,3,4,4,52.0,35.0,OBSERVED(previous shot landing),53.0,36.0,35.0,119.0,GREEN,HOLED,1.5,1.5,0.0,False,35.0,119.0,0.0,0.0,0.0,0.0,,,False,True,False,1,4,1,OBSERVED(RAW klpga_player_shot)
9708,이재윤,2,12,4,1,4,,,UNKNOWN(tee box not separately logged in RAW),75.0,71.0,136.0,372.0,TEE,FAIRWAY,269.6,410.0,140.4,False,63.0,80.0,73.0,292.0,301.0,140.4,3.99,LAT3,False,False,True,2,4,0,OBSERVED(RAW klpga_player_shot)
9708,이재윤,2,12,4,2,4,75.0,71.0,OBSERVED(previous shot landing),58.0,16.0,43.0,81.0,FAIRWAY,GREEN,130.8,140.4,9.6,False,63.0,80.0,-20.0,1.0,20.0,9.6,,,False,False,True,2,4,0,OBSERVED(RAW klpga_player_shot)
9708,이재윤,2,12,4,3,4,58.0,16.0,OBSERVED(previous shot landing),62.0,15.0,64.0,80.0,GREEN,GREEN,9.1,9.6,0.5,False,63.0,80.0,1.0,0.0,1.0,0.5,,,False,True,True,2,4,0,OBSERVED(RAW klpga_player_shot)
9708,이재윤,2,12,4,4,4,62.0,15.0,OBSERVED(previous shot landing),62.0,15.0,63.0,80.0,GREEN,HOLED,0.5,0.5,0.0,False,63.0,80.0,0.0,0.0,0.0,0.0,,,False,True,True,2,4,0,OBSERVED(RAW klpga_player_shot)
9708,이재윤,2,13,4,1,3,,,UNKNOWN(tee box not separately logged in RAW),77.0,66.0,150.0,287.0,TEE,FAIRWAY,281.2,376.0,94.8,False,88.0,112.0,62.0,175.0,185.7,94.8,0.37,LAT2,False,False,True,1,3,-1,OBSERVED(RAW klpga_player_shot)
9708,이재윤,2,13,4,2,3,77.0,66.0,OBSERVED(previous shot landing),61.0,27.0,85.0,113.0,FAIRWAY,GREEN,93.2,94.8,1.6,False,88.0,112.0,-3.0,1.0,3.2,1.6,,,False,False,True,1,3,-1,OBSERVED(RAW klpga_player_shot)
9708,이재윤,2,13,4,3,3,61.0,27.0,OBSERVED(previous shot landing),62.0,26.0,88.0,112.0,GREEN,HOLED,1.6,1.6,0.0,False,88.0,112.0,0.0,0.0,0.0,0.0,,,False,True,True,1,3,-1,OBSERVED(RAW klpga_player_shot)
9708,이재윤,2,14,4,1,5,,,UNKNOWN(tee box not separately logged in RAW),88.0,77.0,252.0,396.0,TEE,FAIRWAY,220.6,379.0,158.4,False,39.0,83.0,213.0,313.0,378.6,158.4,-1.87,LAT2,False,False,True,3,5,1,OBSERVED(RAW klpga_player_shot)
9708,이재윤,2,14,4,2,5,88.0,77.0,OBSERVED(previous shot landing),57.0,22.0,88.0,115.0,FAIRWAY,GREEN,133.7,158.4,24.7,False,39.0,83.0,49.0,32.0,58.5,24.7,,,False,False,True,3,5,1,OBSERVED(RAW klpga_player_shot)
9708,이재윤,2,14,4,3,5,57.0,22.0,OBSERVED(previous shot landing),48.0,16.0,42.0,85.0,GREEN,GREEN,23.2,24.7,1.5,False,39.0,83.0,3.0,2.0,3.6,1.5,,,False,True,True,3,5,1,OBSERVED(RAW klpga_player_shot)
9708,이재윤,2,14,4,4,5,48.0,16.0,OBSERVED(previous shot landing),47.0,15.0,38.0,83.0,GREEN,GREEN,1.1,1.5,0.4,False,39.0,83.0,-1.0,0.0,1.0,0.4,,,False,True,True,3,5,1,OBSERVED(RAW klpga_player_shot)
9708,이재윤,2,14,4,5,5,47.0,15.0,OBSERVED(previous shot landing),47.0,16.0,39.0,83.0,GREEN,HOLED,0.4,0.4,0.0,False,39.0,83.0,0.0,0.0,0.0,0.0,,,False,True,True,3,5,1,OBSERVED(RAW klpga_player_shot)
9708,이재윤,2,15,4,1,5,,,UNKNOWN(tee box not separately logged in RAW),57.0,78.0,-33.0,531.0,TEE,ROUGH,264.7,423.0,158.3,False,31.0,130.0,-64.0,401.0,406.1,158.3,7.12,LAT3,False,False,False,2,5,1,OBSERVED(RAW klpga_player_shot)
9708,이재윤,2,15,4,2,5,57.0,78.0,OBSERVED(previous shot landing),58.0,24.0,-5.0,175.0,ROUGH,ROUGH,135.9,158.3,22.4,False,31.0,130.0,-36.0,45.0,57.6,22.4,,,False,False,False,2,5,1,OBSERVED(RAW klpga_player_shot)
9708,이재윤,2,15,4,3,5,58.0,24.0,OBSERVED(previous shot landing),65.0,19.0,44.0,143.0,ROUGH,GREEN,15.1,22.4,7.3,False,31.0,130.0,13.0,13.0,18.4,7.3,,,False,False,False,2,5,1,OBSERVED(RAW klpga_player_shot)
9708,이재윤,2,15,4,4,5,65.0,19.0,OBSERVED(previous shot landing),62.0,17.0,30.0,129.0,GREEN,GREEN,6.8,7.3,0.5,False,31.0,130.0,-1.0,-1.0,1.4,0.5,,,False,True,False,2,5,1,OBSERVED(RAW klpga_player_shot)
9708,이재윤,2,15,4,5,5,62.0,17.0,OBSERVED(previous shot landing),63.0,17.0,31.0,130.0,GREEN,HOLED,0.5,0.5,0.0,False,31.0,130.0,0.0,0.0,0.0,0.0,,,False,True,False,2,5,1,OBSERVED(RAW klpga_player_shot)
9708,이재윤,2,16,3,1,3,,,UNKNOWN(tee box not separately logged in RAW),66.0,43.0,68.0,146.0,TEE,GREEN,172.7,180.0,7.3,False,85.0,132.0,-17.0,14.0,22.0,7.3,-0.45,LAT2,False,False,True,2,3,0,OBSERVED(RAW klpga_player_shot)
9708,이재윤,2,16,3,2,3,66.0,43.0,OBSERVED(previous shot landing),71.0,37.0,85.0,127.0,GREEN,GREEN,5.6,7.3,1.7,False,85.0,132.0,0.0,-5.0,5.0,1.7,,,False,True,True,2,3,0,OBSERVED(RAW klpga_player_shot)
9708,이재윤,2,16,3,3,3,71.0,37.0,OBSERVED(previous shot landing),71.0,38.0,85.0,132.0,GREEN,HOLED,1.7,1.7,0.0,False,85.0,132.0,0.0,0.0,0.0,0.0,,,False,True,True,2,3,0,OBSERVED(RAW klpga_player_shot)
9708,이재윤,2,17,4,1,4,,,UNKNOWN(tee box not separately logged in RAW),51.0,75.0,24.0,385.0,TEE,FAIRWAY,258.6,390.0,131.4,False,87.0,87.0,-63.0,298.0,304.6,131.4,2.04,LAT2,False,False,True,2,4,0,OBSERVED(RAW klpga_player_shot)
9708,이재윤,2,17,4,2,4,51.0,75.0,OBSERVED(previous shot landing),64.0,12.0,86.0,67.0,FAIRWAY,GREEN,122.4,131.4,9.0,False,87.0,87.0,-1.0,-20.0,20.0,9.0,,,False,False,True,2,4,0,OBSERVED(RAW klpga_player_shot)
9708,이재윤,2,17,4,3,4,64.0,12.0,OBSERVED(previous shot landing),64.0,16.0,86.0,85.0,GREEN,GREEN,8.0,9.0,1.0,False,87.0,87.0,-1.0,-2.0,2.2,1.0,,,False,True,True,2,4,0,OBSERVED(RAW klpga_player_shot)
9708,이재윤,2,17,4,4,4,64.0,16.0,OBSERVED(previous shot landing),64.0,16.0,87.0,87.0,GREEN,HOLED,1.0,1.0,0.0,False,87.0,87.0,0.0,0.0,0.0,0.0,,,False,True,True,2,4,0,OBSERVED(RAW klpga_player_shot)
9708,이재윤,2,18,5,1,5,,,UNKNOWN(tee box not separately logged in RAW),61.0,114.0,-9.0,872.0,TEE,FAIRWAY,227.3,528.0,300.7,False,39.0,110.0,-48.0,762.0,763.5,300.7,-2.23,LAT1,False,False,True,2,5,0,OBSERVED(RAW klpga_player_shot)
9708,이재윤,2,18,5,2,5,61.0,114.0,OBSERVED(previous shot landing),59.0,51.0,-22.0,407.0,FAIRWAY,FAIRWAY,181.1,300.7,119.6,False,39.0,110.0,-61.0,297.0,303.2,119.6,,,False,False,True,2,5,0,OBSERVED(RAW klpga_player_shot)
9708,이재윤,2,18,5,3,5,59.0,51.0,OBSERVED(previous shot landing),67.0,8.0,35.0,90.0,FAIRWAY,GREEN,111.8,119.6,7.8,False,39.0,110.0,-4.0,-20.0,20.4,7.8,,,False,False,True,2,5,0,OBSERVED(RAW klpga_player_shot)
9708,이재윤,2,18,5,4,5,67.0,8.0,OBSERVED(previous shot landing),67.0,10.0,35.0,109.0,GREEN,GREEN,6.5,7.8,1.3,False,39.0,110.0,-4.0,-1.0,4.1,1.3,,,False,True,True,2,5,0,OBSERVED(RAW klpga_player_shot)
9708,이재윤,2,18,5,5,5,67.0,10.0,OBSERVED(previous shot landing),67.0,10.0,39.0,110.0,GREEN,HOLED,1.3,1.3,0.0,False,39.0,110.0,0.0,0.0,0.0,0.0,,,False,True,True,2,5,0,OBSERVED(RAW klpga_player_shot)
9708,이재윤,3,1,4,1,5,,,UNKNOWN(tee box not separately logged in RAW),47.0,77.0,-112.0,399.0,TEE,FAIRWAY,243.2,402.0,158.8,False,89.0,99.0,-201.0,300.0,361.1,158.8,6.6,LAT3,False,False,True,3,5,1,OBSERVED(RAW klpga_player_shot)
9708,이재윤,3,1,4,2,5,47.0,77.0,OBSERVED(previous shot landing),81.0,23.0,66.0,129.0,FAIRWAY,GREEN,142.3,158.8,16.5,False,89.0,99.0,-23.0,30.0,37.8,16.5,,,False,False,True,3,5,1,OBSERVED(RAW klpga_player_shot)
9708,이재윤,3,1,4,3,5,81.0,23.0,OBSERVED(previous shot landing),85.0,18.0,86.0,105.0,GREEN,GREEN,13.4,16.5,3.1,False,89.0,99.0,-3.0,6.0,6.7,3.1,,,False,True,True,3,5,1,OBSERVED(RAW klpga_player_shot)
9708,이재윤,3,1,4,4,5,85.0,18.0,OBSERVED(previous shot landing),86.0,17.0,89.0,99.0,GREEN,GREEN,2.8,3.1,0.3,False,89.0,99.0,0.0,0.0,0.0,0.3,,,False,True,True,3,5,1,OBSERVED(RAW klpga_player_shot)
9708,이재윤,3,1,4,5,5,86.0,17.0,OBSERVED(previous shot landing),86.0,17.0,89.0,99.0,GREEN,HOLED,0.3,0.3,0.0,False,89.0,99.0,0.0,0.0,0.0,0.0,,,False,True,True,3,5,1,OBSERVED(RAW klpga_player_shot)
9708,이재윤,3,2,3,1,3,,,UNKNOWN(tee box not separately logged in RAW),62.0,21.0,46.0,61.0,TEE,GREEN,181.9,188.0,6.1,False,38.0,72.0,8.0,-11.0,13.6,6.1,18.03,LAT3,False,False,True,2,3,0,OBSERVED(RAW klpga_player_shot)
9708,이재윤,3,2,3,2,3,62.0,21.0,OBSERVED(previous shot landing),60.0,24.0,38.0,71.0,GREEN,GREEN,5.6,6.1,0.5,False,38.0,72.0,0.0,-1.0,1.0,0.5,,,False,True,True,2,3,0,OBSERVED(RAW klpga_player_shot)
9708,이재윤,3,2,3,3,3,60.0,24.0,OBSERVED(previous shot landing),60.0,24.0,38.0,72.0,GREEN,HOLED,0.5,0.5,0.0,False,38.0,72.0,0.0,0.0,0.0,0.0,,,False,True,True,2,3,0,OBSERVED(RAW klpga_player_shot)
9708,이재윤,3,3,4,1,4,,,UNKNOWN(tee box not separately logged in RAW),63.0,81.0,75.0,483.0,TEE,ROUGH,238.9,426.0,187.1,False,48.0,79.0,27.0,404.0,404.9,187.1,-9.16,LAT1,False,False,False,1,4,0,OBSERVED(RAW klpga_player_shot)
9708,이재윤,3,3,4,2,4,63.0,81.0,OBSERVED(previous shot landing),69.0,16.0,102.0,109.0,ROUGH,ROUGH,158.6,187.1,28.5,False,48.0,79.0,54.0,30.0,61.8,28.5,,,False,False,False,1,4,0,OBSERVED(RAW klpga_player_shot)
9708,이재윤,3,3,4,3,4,69.0,16.0,OBSERVED(previous shot landing),59.0,11.0,42.0,81.0,ROUGH,GREEN,25.5,28.5,3.0,False,48.0,79.0,-6.0,2.0,6.3,3.0,,,False,False,False,1,4,0,OBSERVED(RAW klpga_player_shot)
9708,이재윤,3,3,4,4,4,59.0,11.0,OBSERVED(previous shot landing),60.0,10.0,48.0,79.0,GREEN,HOLED,3.0,3.0,0.0,False,48.0,79.0,0.0,0.0,0.0,0.0,,,False,True,False,1,4,0,OBSERVED(RAW klpga_player_shot)
9708,이재윤,3,4,5,1,5,,,UNKNOWN(tee box not separately logged in RAW),77.0,109.0,136.0,733.0,TEE,FAIRWAY,254.1,542.0,287.9,False,94.0,95.0,42.0,638.0,639.4,287.9,-3.55,LAT1,False,False,False,1,5,0,OBSERVED(RAW klpga_player_shot)
9708,이재윤,3,4,5,2,5,77.0,109.0,OBSERVED(previous shot landing),72.0,42.0,100.0,292.0,FAIRWAY,FAIRWAY,199.1,287.9,88.8,False,94.0,95.0,6.0,197.0,197.1,88.8,,,False,False,False,1,5,0,OBSERVED(RAW klpga_player_shot)
9708,이재윤,3,4,5,3,5,72.0,42.0,OBSERVED(previous shot landing),74.0,13.0,112.0,98.0,FAIRWAY,ROUGH,80.6,88.8,8.2,False,94.0,95.0,18.0,3.0,18.2,8.2,,,False,False,False,1,5,0,OBSERVED(RAW klpga_player_shot)
9708,이재윤,3,4,5,4,5,74.0,13.0,OBSERVED(previous shot landing),71.0,13.0,90.0,96.0,ROUGH,GREEN,6.7,8.2,1.5,False,94.0,95.0,-4.0,1.0,4.1,1.5,,,False,False,False,1,5,0,OBSERVED(RAW klpga_player_shot)
9708,이재윤,3,4,5,5,5,71.0,13.0,OBSERVED(previous shot landing),71.0,13.0,94.0,95.0,GREEN,HOLED,1.5,1.5,0.0,False,94.0,95.0,0.0,0.0,0.0,0.0,,,False,True,False,1,5,0,OBSERVED(RAW klpga_player_shot)
9708,이재윤,3,5,3,1,3,,,UNKNOWN(tee box not separately logged in RAW),61.0,22.0,52.0,64.0,TEE,GREEN,159.6,170.0,10.4,False,74.0,77.0,-22.0,-13.0,25.6,10.4,12.23,LAT3,False,False,True,2,3,0,OBSERVED(RAW klpga_player_shot)
9708,이재윤,3,5,3,2,3,61.0,22.0,OBSERVED(previous shot landing),68.0,27.0,73.0,77.0,GREEN,GREEN,10.1,10.4,0.3,False,74.0,77.0,-1.0,0.0,1.0,0.3,,,False,True,True,2,3,0,OBSERVED(RAW klpga_player_shot)
9708,이재윤,3,5,3,3,3,68.0,27.0,OBSERVED(previous shot landing),68.0,27.0,74.0,77.0,GREEN,HOLED,0.3,0.3,0.0,False,74.0,77.0,0.0,0.0,0.0,0.0,,,False,True,True,2,3,0,OBSERVED(RAW klpga_player_shot)
9708,이재윤,3,6,4,1,4,,,UNKNOWN(tee box not separately logged in RAW),63.0,75.0,61.0,412.0,TEE,FAIRWAY,259.9,410.0,150.1,False,65.0,69.0,-4.0,343.0,343.0,150.1,3.99,LAT3,False,False,True,2,4,0,OBSERVED(RAW klpga_player_shot)
9708,이재윤,3,6,4,2,4,63.0,75.0,OBSERVED(previous shot landing),65.0,10.0,67.0,64.0,FAIRWAY,GREEN,148.0,150.1,2.1,False,65.0,69.0,2.0,-5.0,5.4,2.1,,,False,False,True,2,4,0,OBSERVED(RAW klpga_player_shot)
9708,이재윤,3,6,4,3,4,65.0,10.0,OBSERVED(previous shot landing),64.0,11.0,65.0,69.0,GREEN,GREEN,1.7,2.1,0.4,False,65.0,69.0,0.0,0.0,0.0,0.4,,,False,True,True,2,4,0,OBSERVED(RAW klpga_player_shot)
9708,이재윤,3,6,4,4,4,64.0,11.0,OBSERVED(previous shot landing),65.0,11.0,65.0,69.0,GREEN,HOLED,0.4,0.4,0.0,False,65.0,69.0,0.0,0.0,0.0,0.0,,,False,True,True,2,4,0,OBSERVED(RAW klpga_player_shot)
9708,이재윤,3,7,5,1,5,,,UNKNOWN(tee box not separately logged in RAW),43.0,99.0,-96.0,663.0,TEE,FAIRWAY,231.4,516.0,284.6,False,63.0,79.0,-159.0,584.0,605.3,284.6,1.9,LAT3,False,False,True,2,5,0,OBSERVED(RAW klpga_player_shot)
9708,이재윤,3,7,5,2,5,43.0,99.0,OBSERVED(previous shot landing),58.0,39.0,11.0,266.0,FAIRWAY,FAIRWAY,193.2,284.6,91.4,False,63.0,79.0,-52.0,187.0,194.1,91.4,,,False,False,True,2,5,0,OBSERVED(RAW klpga_player_shot)
9708,이재윤,3,7,5,3,5,58.0,39.0,OBSERVED(previous shot landing),66.0,11.0,67.0,84.0,FAIRWAY,GREEN,88.6,91.4,2.8,False,63.0,79.0,4.0,5.0,6.4,2.8,,,False,False,True,2,5,0,OBSERVED(RAW klpga_player_shot)
9708,이재윤,3,7,5,4,5,66.0,11.0,OBSERVED(previous shot landing),65.0,10.0,63.0,78.0,GREEN,GREEN,2.3,2.8,0.5,False,63.0,79.0,0.0,-1.0,1.0,0.5,,,False,True,True,2,5,0,OBSERVED(RAW klpga_player_shot)
9708,이재윤,3,7,5,5,5,65.0,10.0,OBSERVED(previous shot landing),66.0,10.0,63.0,79.0,GREEN,HOLED,0.5,0.5,0.0,False,63.0,79.0,0.0,0.0,0.0,0.0,,,False,True,True,2,5,0,OBSERVED(RAW klpga_player_shot)
9708,이재윤,3,8,4,1,4,,,UNKNOWN(tee box not separately logged in RAW),40.0,69.0,-71.0,357.0,TEE,FAIRWAY,248.6,377.0,128.4,False,90.0,116.0,-161.0,241.0,289.8,128.4,6.43,LAT3,False,False,True,2,4,0,OBSERVED(RAW klpga_player_shot)
9708,이재윤,3,8,4,2,4,40.0,69.0,OBSERVED(previous shot landing),66.0,17.0,54.0,112.0,FAIRWAY,GREEN,112.7,128.4,15.7,False,90.0,116.0,-36.0,-4.0,36.2,15.7,,,False,False,True,2,4,0,OBSERVED(RAW klpga_player_shot)
9708,이재윤,3,8,4,3,4,66.0,17.0,OBSERVED(previous shot landing),73.0,18.0,90.0,116.0,GREEN,GREEN,15.4,15.7,0.3,False,90.0,116.0,0.0,0.0,0.0,0.3,,,False,True,True,2,4,0,OBSERVED(RAW klpga_player_shot)
9708,이재윤,3,8,4,4,4,73.0,18.0,OBSERVED(previous shot landing),73.0,18.0,90.0,116.0,GREEN,HOLED,0.3,0.3,0.0,False,90.0,116.0,0.0,0.0,0.0,0.0,,,False,True,True,2,4,0,OBSERVED(RAW klpga_player_shot)
9708,이재윤,3,9,4,1,4,,,UNKNOWN(tee box not separately logged in RAW),57.0,62.0,-67.0,337.0,TEE,ROUGH,308.3,404.0,95.7,False,56.0,142.0,-123.0,195.0,230.6,95.7,-5.54,LAT1,False,False,True,2,4,0,OBSERVED(RAW klpga_player_shot)
9708,이재윤,3,9,4,2,4,57.0,62.0,OBSERVED(previous shot landing),78.0,23.0,41.0,126.0,ROUGH,GREEN,86.5,95.7,9.2,False,56.0,142.0,-15.0,-16.0,21.9,9.2,,,False,False,True,2,4,0,OBSERVED(RAW klpga_player_shot)
9708,이재윤,3,9,4,3,4,78.0,23.0,OBSERVED(previous shot landing),80.0,27.0,54.0,145.0,GREEN,GREEN,8.0,9.2,1.2,False,56.0,142.0,-2.0,3.0,3.6,1.2,,,False,True,True,2,4,0,OBSERVED(RAW klpga_player_shot)
9708,이재윤,3,9,4,4,4,80.0,27.0,OBSERVED(previous shot landing),80.0,26.0,56.0,142.0,GREEN,HOLED,1.2,1.2,0.0,False,56.0,142.0,0.0,0.0,0.0,0.0,,,False,True,True,2,4,0,OBSERVED(RAW klpga_player_shot)
9708,이재윤,3,10,5,1,6,,,UNKNOWN(tee box not separately logged in RAW),65.0,113.0,-44.0,766.0,TEE,ROUGH,258.8,570.0,311.2,False,50.0,85.0,-94.0,681.0,687.5,311.2,-4.83,LAT1,False,False,True,3,6,1,OBSERVED(RAW klpga_player_shot)
9708,이재윤,3,10,5,2,6,65.0,113.0,OBSERVED(previous shot landing),60.0,71.0,-55.0,476.0,ROUGH,FAIRWAY,127.8,311.2,183.4,False,50.0,85.0,-105.0,391.0,404.9,183.4,,,False,False,True,3,6,1,OBSERVED(RAW klpga_player_shot)
9708,이재윤,3,10,5,3,6,60.0,71.0,OBSERVED(previous shot landing),78.0,17.0,88.0,105.0,FAIRWAY,GREEN,163.7,183.4,19.7,False,50.0,85.0,38.0,20.0,42.9,19.7,,,False,False,True,3,6,1,OBSERVED(RAW klpga_player_shot)
9708,이재윤,3,10,5,4,6,78.0,17.0,OBSERVED(previous shot landing),70.0,15.0,38.0,91.0,GREEN,GREEN,13.2,19.7,6.5,False,50.0,85.0,-12.0,6.0,13.4,6.5,,,False,True,True,3,6,1,OBSERVED(RAW klpga_player_shot)
9708,이재윤,3,10,5,5,6,70.0,15.0,OBSERVED(previous shot landing),72.0,14.0,52.0,82.0,GREEN,GREEN,5.2,6.5,1.3,False,50.0,85.0,2.0,-3.0,3.6,1.3,,,False,True,True,3,6,1,OBSERVED(RAW klpga_player_shot)
9708,이재윤,3,10,5,6,6,72.0,14.0,OBSERVED(previous shot landing),72.0,14.0,50.0,85.0,GREEN,HOLED,1.3,1.3,0.0,False,50.0,85.0,0.0,0.0,0.0,0.0,,,False,True,True,3,6,1,OBSERVED(RAW klpga_player_shot)
9708,이재윤,3,11,3,1,3,,,UNKNOWN(tee box not separately logged in RAW),59.0,38.0,54.0,125.0,TEE,GREEN,167.8,174.0,6.2,False,58.0,111.0,-4.0,14.0,14.6,6.2,-4.89,LAT1,False,False,True,2,3,0,OBSERVED(RAW klpga_player_shot)
9708,이재윤,3,11,3,2,3,59.0,38.0,OBSERVED(previous shot landing),61.0,32.0,59.0,109.0,GREEN,GREEN,5.7,6.2,0.5,False,58.0,111.0,1.0,-2.0,2.2,0.5,,,False,True,True,2,3,0,OBSERVED(RAW klpga_player_shot)
9708,이재윤,3,11,3,3,3,61.0,32.0,OBSERVED(previous shot landing),60.0,33.0,58.0,111.0,GREEN,HOLED,0.5,0.5,0.0,False,58.0,111.0,0.0,0.0,0.0,0.0,,,False,True,True,2,3,0,OBSERVED(RAW klpga_player_shot)
9708,이재윤,3,12,4,1,4,,,UNKNOWN(tee box not separately logged in RAW),74.0,104.0,128.0,544.0,TEE,ROUGH,208.5,410.0,201.5,False,83.0,114.0,45.0,430.0,432.3,201.5,14.29,LAT3,False,False,False,1,4,0,OBSERVED(RAW klpga_player_shot)
9708,이재윤,3,12,4,2,4,74.0,104.0,OBSERVED(previous shot landing),77.0,67.0,146.0,347.0,ROUGH,FAIRWAY,89.0,201.5,112.5,False,83.0,114.0,63.0,233.0,241.4,112.5,,,False,False,False,1,4,0,OBSERVED(RAW klpga_player_shot)
9708,이재윤,3,12,4,3,4,77.0,67.0,OBSERVED(previous shot landing),64.0,22.0,77.0,115.0,FAIRWAY,GREEN,109.9,112.5,2.6,False,83.0,114.0,-6.0,1.0,6.1,2.6,,,False,False,False,1,4,0,OBSERVED(RAW klpga_player_shot)
9708,이재윤,3,12,4,4,4,64.0,22.0,OBSERVED(previous shot landing),65.0,22.0,83.0,114.0,GREEN,HOLED,2.6,2.6,0.0,False,83.0,114.0,0.0,0.0,0.0,0.0,,,False,True,False,1,4,0,OBSERVED(RAW klpga_player_shot)
9708,이재윤,3,13,4,1,5,,,UNKNOWN(tee box not separately logged in RAW),78.0,64.0,155.0,277.0,TEE,FAIRWAY,261.0,376.0,115.0,False,39.0,84.0,116.0,193.0,225.2,115.0,-1.35,LAT2,False,False,False,2,5,1,OBSERVED(RAW klpga_player_shot)
9708,이재윤,3,13,4,2,5,78.0,64.0,OBSERVED(previous shot landing),48.0,23.0,31.0,98.0,FAIRWAY,FRINGE,106.4,115.0,8.6,False,39.0,84.0,-8.0,14.0,16.1,8.6,,,False,False,False,2,5,1,OBSERVED(RAW klpga_player_shot)
9708,이재윤,3,13,4,3,5,48.0,23.0,OBSERVED(previous shot landing),50.0,19.0,40.0,78.0,FRINGE,GREEN,5.6,8.6,3.0,False,39.0,84.0,1.0,-6.0,6.1,3.0,,,False,False,False,2,5,1,OBSERVED(RAW klpga_player_shot)
9708,이재윤,3,13,4,4,5,50.0,19.0,OBSERVED(previous shot landing),50.0,20.0,39.0,84.0,GREEN,GREEN,2.7,3.0,0.3,False,39.0,84.0,0.0,0.0,0.0,0.3,,,False,True,False,2,5,1,OBSERVED(RAW klpga_player_shot)
9708,이재윤,3,13,4,5,5,50.0,20.0,OBSERVED(previous shot landing),50.0,20.0,39.0,84.0,GREEN,HOLED,0.3,0.3,0.0,False,39.0,84.0,0.0,0.0,0.0,0.0,,,False,True,False,2,5,1,OBSERVED(RAW klpga_player_shot)
9708,이재윤,3,14,4,1,4,,,UNKNOWN(tee box not separately logged in RAW),84.0,77.0,227.0,394.0,TEE,FAIRWAY,242.0,379.0,137.0,False,68.0,108.0,159.0,286.0,327.2,137.0,1.56,LAT2,False,False,True,2,4,0,OBSERVED(RAW klpga_player_shot)
9708,이재윤,3,14,4,2,4,84.0,77.0,OBSERVED(previous shot landing),50.0,19.0,52.0,98.0,FAIRWAY,GREEN,129.1,137.0,7.9,False,68.0,108.0,-16.0,-10.0,18.9,7.9,,,False,False,True,2,4,0,OBSERVED(RAW klpga_player_shot)
9708,이재윤,3,14,4,3,4,50.0,19.0,OBSERVED(previous shot landing),53.0,21.0,67.0,108.0,GREEN,GREEN,7.7,7.9,0.2,False,68.0,108.0,-1.0,0.0,1.0,0.2,,,False,True,True,2,4,0,OBSERVED(RAW klpga_player_shot)
9708,이재윤,3,14,4,4,4,53.0,21.0,OBSERVED(previous shot landing),53.0,21.0,68.0,108.0,GREEN,HOLED,0.2,0.2,0.0,False,68.0,108.0,0.0,0.0,0.0,0.0,,,False,True,True,2,4,0,OBSERVED(RAW klpga_player_shot)
9708,이재윤,3,15,4,1,4,,,UNKNOWN(tee box not separately logged in RAW),54.0,61.0,-47.0,420.0,TEE,ROUGH,284.0,423.0,139.0,False,56.0,79.0,-103.0,341.0,356.2,139.0,10.64,LAT3,False,False,False,1,4,0,OBSERVED(RAW klpga_player_shot)
9708,이재윤,3,15,4,2,4,54.0,61.0,OBSERVED(previous shot landing),67.0,3.0,68.0,40.0,ROUGH,FRINGE,122.9,139.0,16.1,False,56.0,79.0,12.0,-39.0,40.8,16.1,,,False,False,False,1,4,0,OBSERVED(RAW klpga_player_shot)
9708,이재윤,3,15,4,3,4,67.0,3.0,OBSERVED(previous shot landing),66.0,8.0,57.0,76.0,FRINGE,GREEN,14.7,16.1,1.4,False,56.0,79.0,1.0,-3.0,3.2,1.4,,,False,False,False,1,4,0,OBSERVED(RAW klpga_player_shot)
9708,이재윤,3,15,4,4,4,66.0,8.0,OBSERVED(previous shot landing),66.0,9.0,56.0,79.0,GREEN,HOLED,1.4,1.4,0.0,False,56.0,79.0,0.0,0.0,0.0,0.0,,,False,True,False,1,4,0,OBSERVED(RAW klpga_player_shot)
9708,이재윤,3,16,3,1,2,,,UNKNOWN(tee box not separately logged in RAW),68.0,35.0,76.0,119.0,TEE,GREEN,174.1,180.0,5.9,False,73.0,101.0,3.0,18.0,18.2,5.9,-2.64,LAT2,False,False,True,1,2,-1,OBSERVED(RAW klpga_player_shot)
9708,이재윤,3,16,3,2,2,68.0,35.0,OBSERVED(previous shot landing),67.0,30.0,73.0,101.0,GREEN,HOLED,5.9,5.9,0.0,False,73.0,101.0,0.0,0.0,0.0,0.0,,,False,True,True,1,2,-1,OBSERVED(RAW klpga_player_shot)
9708,이재윤,3,17,4,1,4,,,UNKNOWN(tee box not separately logged in RAW),47.0,76.0,2.0,388.0,TEE,ROUGH,266.1,390.0,123.9,False,44.0,104.0,-42.0,284.0,287.1,123.9,5.88,LAT3,False,False,True,2,4,0,OBSERVED(RAW klpga_player_shot)
9708,이재윤,3,17,4,2,4,47.0,76.0,OBSERVED(previous shot landing),61.0,19.0,69.0,99.0,ROUGH,GREEN,112.8,123.9,11.1,False,44.0,104.0,25.0,-5.0,25.5,11.1,,,False,False,True,2,4,0,OBSERVED(RAW klpga_player_shot)
9708,이재윤,3,17,4,3,4,61.0,19.0,OBSERVED(previous shot landing),55.0,20.0,41.0,104.0,GREEN,GREEN,9.8,11.1,1.3,False,44.0,104.0,-3.0,0.0,3.0,1.3,,,False,True,True,2,4,0,OBSERVED(RAW klpga_player_shot)
9708,이재윤,3,17,4,4,4,55.0,20.0,OBSERVED(previous shot landing),56.0,20.0,44.0,104.0,GREEN,HOLED,1.3,1.3,0.0,False,44.0,104.0,0.0,0.0,0.0,0.0,,,False,True,True,2,4,0,OBSERVED(RAW klpga_player_shot)
9708,이재윤,3,18,5,1,5,,,UNKNOWN(tee box not separately logged in RAW),58.0,101.0,-32.0,777.0,TEE,FAIRWAY,263.5,528.0,264.5,False,74.0,113.0,-106.0,664.0,672.4,264.5,2.23,LAT3,False,False,True,2,5,0,OBSERVED(RAW klpga_player_shot)
9708,이재윤,3,18,5,2,5,58.0,101.0,OBSERVED(previous shot landing),59.0,38.0,-24.0,317.0,FAIRWAY,FAIRWAY,175.6,264.5,88.9,False,74.0,113.0,-98.0,204.0,226.3,88.9,,,False,False,True,2,5,0,OBSERVED(RAW klpga_player_shot)
9708,이재윤,3,18,5,3,5,59.0,38.0,OBSERVED(previous shot landing),73.0,13.0,82.0,131.0,FAIRWAY,GREEN,81.3,88.9,7.6,False,74.0,113.0,8.0,18.0,19.7,7.6,,,False,False,True,2,5,0,OBSERVED(RAW klpga_player_shot)
9708,이재윤,3,18,5,4,5,73.0,13.0,OBSERVED(previous shot landing),72.0,11.0,74.0,115.0,GREEN,GREEN,7.1,7.6,0.5,False,74.0,113.0,0.0,2.0,2.0,0.5,,,False,True,True,2,5,0,OBSERVED(RAW klpga_player_shot)
9708,이재윤,3,18,5,5,5,72.0,11.0,OBSERVED(previous shot landing),72.0,11.0,74.0,113.0,GREEN,HOLED,0.5,0.5,0.0,False,74.0,113.0,0.0,0.0,0.0,0.0,,,False,True,True,2,5,0,OBSERVED(RAW klpga_player_shot)
9708,이재윤,4,1,4,1,4,,,UNKNOWN(tee box not separately logged in RAW),55.0,78.0,-74.0,403.0,TEE,FAIRWAY,250.8,402.0,151.2,False,45.0,80.0,-119.0,323.0,344.2,151.2,-1.19,LAT2,False,False,False,1,4,0,OBSERVED(RAW klpga_player_shot)
9708,이재윤,4,1,4,2,4,55.0,78.0,OBSERVED(previous shot landing),72.0,11.0,20.0,65.0,FAIRWAY,ROUGH,138.2,151.2,13.0,False,45.0,80.0,-25.0,-15.0,29.2,13.0,,,False,False,False,1,4,0,OBSERVED(RAW klpga_player_shot)
9708,이재윤,4,1,4,3,4,72.0,11.0,OBSERVED(previous shot landing),78.0,14.0,47.0,79.0,ROUGH,GREEN,12.1,13.0,0.9,False,45.0,80.0,2.0,-1.0,2.2,0.9,,,False,False,False,1,4,0,OBSERVED(RAW klpga_player_shot)
9708,이재윤,4,1,4,4,4,78.0,14.0,OBSERVED(previous shot landing),77.0,14.0,45.0,80.0,GREEN,HOLED,0.9,0.9,0.0,False,45.0,80.0,0.0,0.0,0.0,0.0,,,False,True,False,1,4,0,OBSERVED(RAW klpga_player_shot)
9708,이재윤,4,2,3,1,4,,,UNKNOWN(tee box not separately logged in RAW),71.0,53.0,73.0,162.0,TEE,ROUGH,177.2,188.0,10.8,False,63.0,138.0,10.0,24.0,26.0,10.8,-15.11,LAT1,False,False,False,2,4,1,OBSERVED(RAW klpga_player_shot)
9708,이재윤,4,2,3,2,4,71.0,53.0,OBSERVED(previous shot landing),63.0,39.0,50.0,118.0,ROUGH,GREEN,0.9,10.8,9.9,False,63.0,138.0,-13.0,-20.0,23.9,9.9,,,False,False,False,2,4,1,OBSERVED(RAW klpga_player_shot)
9708,이재윤,4,2,3,3,4,63.0,39.0,OBSERVED(previous shot landing),67.0,45.0,63.0,139.0,GREEN,GREEN,9.6,9.9,0.3,False,63.0,138.0,0.0,1.0,1.0,0.3,,,False,True,False,2,4,1,OBSERVED(RAW klpga_player_shot)
9708,이재윤,4,2,3,4,4,67.0,45.0,OBSERVED(previous shot landing),67.0,45.0,63.0,138.0,GREEN,HOLED,0.3,0.3,0.0,False,63.0,138.0,0.0,0.0,0.0,0.0,,,False,True,False,2,4,1,OBSERVED(RAW klpga_player_shot)
9708,이재윤,4,3,4,1,4,,,UNKNOWN(tee box not separately logged in RAW),49.0,79.0,-6.0,478.0,TEE,FAIRWAY,239.9,426.0,186.1,False,72.0,82.0,-78.0,396.0,403.6,186.1,4.98,LAT3,False,False,False,1,4,0,OBSERVED(RAW klpga_player_shot)
9708,이재윤,4,3,4,2,4,49.0,79.0,OBSERVED(previous shot landing),59.0,8.0,43.0,64.0,FAIRWAY,ROUGH,170.4,186.1,15.7,False,72.0,82.0,-29.0,-18.0,34.1,15.7,,,False,False,False,1,4,0,OBSERVED(RAW klpga_player_shot)
9708,이재윤,4,3,4,3,4,59.0,8.0,OBSERVED(previous shot landing),63.0,10.0,68.0,79.0,ROUGH,GREEN,13.5,15.7,2.2,False,72.0,82.0,-4.0,-3.0,5.0,2.2,,,False,False,False,1,4,0,OBSERVED(RAW klpga_player_shot)
9708,이재윤,4,3,4,4,4,63.0,10.0,OBSERVED(previous shot landing),64.0,11.0,72.0,82.0,GREEN,HOLED,2.2,2.2,0.0,False,72.0,82.0,0.0,0.0,0.0,0.0,,,False,True,False,1,4,0,OBSERVED(RAW klpga_player_shot)
9708,이재윤,4,4,5,1,5,,,UNKNOWN(tee box not separately logged in RAW),69.0,108.0,82.0,729.0,TEE,ROUGH,260.2,542.0,281.8,False,40.0,105.0,42.0,624.0,625.4,281.8,4.36,LAT3,False,False,True,2,5,0,OBSERVED(RAW klpga_player_shot)
9708,이재윤,4,4,5,2,5,69.0,108.0,OBSERVED(previous shot landing),79.0,59.0,144.0,406.0,ROUGH,ROUGH,138.4,281.8,143.4,False,40.0,105.0,104.0,301.0,318.5,143.4,,,False,False,True,2,5,0,OBSERVED(RAW klpga_player_shot)
9708,이재윤,4,4,5,3,5,79.0,59.0,OBSERVED(previous shot landing),64.0,10.0,44.0,79.0,ROUGH,GREEN,131.6,143.4,11.8,False,40.0,105.0,4.0,-26.0,26.3,11.8,,,False,False,True,2,5,0,OBSERVED(RAW klpga_player_shot)
9708,이재윤,4,4,5,4,5,64.0,10.0,OBSERVED(previous shot landing),62.0,14.0,34.0,105.0,GREEN,GREEN,9.2,11.8,2.6,False,40.0,105.0,-6.0,0.0,6.0,2.6,,,False,True,True,2,5,0,OBSERVED(RAW klpga_player_shot)
9708,이재윤,4,4,5,5,5,62.0,14.0,OBSERVED(previous shot landing),63.0,14.0,40.0,105.0,GREEN,HOLED,2.6,2.6,0.0,False,40.0,105.0,0.0,0.0,0.0,0.0,,,False,True,True,2,5,0,OBSERVED(RAW klpga_player_shot)
9708,이재윤,4,5,3,1,3,,,UNKNOWN(tee box not separately logged in RAW),69.0,38.0,77.0,110.0,TEE,GREEN,162.6,170.0,7.4,False,89.0,124.0,-12.0,-14.0,18.4,7.4,-2.01,LAT2,False,False,True,2,3,0,OBSERVED(RAW klpga_player_shot)
9708,이재윤,4,5,3,2,3,69.0,38.0,OBSERVED(previous shot landing),73.0,42.0,89.0,123.0,GREEN,GREEN,7.1,7.4,0.3,False,89.0,124.0,0.0,-1.0,1.0,0.3,,,False,True,True,2,3,0,OBSERVED(RAW klpga_player_shot)
9708,이재윤,4,5,3,3,3,73.0,42.0,OBSERVED(previous shot landing),73.0,43.0,89.0,124.0,GREEN,HOLED,0.3,0.3,0.0,False,89.0,124.0,0.0,0.0,0.0,0.0,,,False,True,True,2,3,0,OBSERVED(RAW klpga_player_shot)
9708,이재윤,4,6,4,1,3,,,UNKNOWN(tee box not separately logged in RAW),68.0,75.0,89.0,412.0,TEE,FAIRWAY,279.0,410.0,131.0,False,73.0,113.0,16.0,299.0,299.4,131.0,-1.01,LAT2,False,False,True,1,3,-1,OBSERVED(RAW klpga_player_shot)
9708,이재윤,4,6,4,2,3,68.0,75.0,OBSERVED(previous shot landing),65.0,18.0,69.0,108.0,FAIRWAY,GREEN,128.3,131.0,2.7,False,73.0,113.0,-4.0,-5.0,6.4,2.7,,,False,False,True,1,3,-1,OBSERVED(RAW klpga_player_shot)
9708,이재윤,4,6,4,3,3,65.0,18.0,OBSERVED(previous shot landing),66.0,19.0,73.0,113.0,GREEN,HOLED,2.7,2.7,0.0,False,73.0,113.0,0.0,0.0,0.0,0.0,,,False,True,True,1,3,-1,OBSERVED(RAW klpga_player_shot)
9708,이재윤,4,7,5,1,4,,,UNKNOWN(tee box not separately logged in RAW),42.0,98.0,-98.0,651.0,TEE,ROUGH,234.2,516.0,281.8,False,84.0,80.0,-182.0,571.0,599.3,281.8,3.11,LAT3,False,False,True,1,4,-1,OBSERVED(RAW klpga_player_shot)
9708,이재윤,4,7,5,2,4,42.0,98.0,OBSERVED(previous shot landing),56.0,41.0,0.0,282.0,ROUGH,ROUGH,178.9,281.8,102.9,False,84.0,80.0,-84.0,202.0,218.8,102.9,,,False,False,True,1,4,-1,OBSERVED(RAW klpga_player_shot)
9708,이재윤,4,7,5,3,4,56.0,41.0,OBSERVED(previous shot landing),70.0,10.0,90.0,79.0,ROUGH,GREEN,100.1,102.9,2.8,False,84.0,80.0,6.0,-1.0,6.1,2.8,,,False,False,True,1,4,-1,OBSERVED(RAW klpga_player_shot)
9708,이재윤,4,7,5,4,4,70.0,10.0,OBSERVED(previous shot landing),69.0,10.0,84.0,80.0,GREEN,HOLED,2.8,2.8,0.0,False,84.0,80.0,0.0,0.0,0.0,0.0,,,False,True,True,1,4,-1,OBSERVED(RAW klpga_player_shot)
9708,이재윤,4,8,4,1,4,,,UNKNOWN(tee box not separately logged in RAW),39.0,71.0,-74.0,368.0,TEE,FAIRWAY,251.6,377.0,125.4,False,38.0,108.0,-112.0,260.0,283.1,125.4,6.59,LAT3,False,False,False,1,4,0,OBSERVED(RAW klpga_player_shot)
9708,이재윤,4,8,4,2,4,39.0,71.0,OBSERVED(previous shot landing),56.0,21.0,6.0,127.0,FAIRWAY,ROUGH,109.2,125.4,16.2,False,38.0,108.0,-32.0,19.0,37.2,16.2,,,False,False,False,1,4,0,OBSERVED(RAW klpga_player_shot)
9708,이재윤,4,8,4,3,4,56.0,21.0,OBSERVED(previous shot landing),62.0,17.0,37.0,109.0,ROUGH,GREEN,15.8,16.2,0.4,False,38.0,108.0,-1.0,1.0,1.4,0.4,,,False,False,False,1,4,0,OBSERVED(RAW klpga_player_shot)
9708,이재윤,4,8,4,4,4,62.0,17.0,OBSERVED(previous shot landing),62.0,17.0,38.0,108.0,GREEN,HOLED,0.4,0.4,0.0,False,38.0,108.0,0.0,0.0,0.0,0.0,,,False,True,False,1,4,0,OBSERVED(RAW klpga_player_shot)
9708,이재윤,4,9,4,1,4,,,UNKNOWN(tee box not separately logged in RAW),49.0,52.0,-108.0,281.0,TEE,FAIRWAY,310.6,404.0,93.4,False,42.0,113.0,-150.0,168.0,225.2,93.4,6.84,LAT3,False,False,True,2,4,0,OBSERVED(RAW klpga_player_shot)
9708,이재윤,4,9,4,2,4,49.0,52.0,OBSERVED(previous shot landing),80.0,24.0,53.0,127.0,FAIRWAY,GREEN,86.2,93.4,7.2,False,42.0,113.0,11.0,14.0,17.8,7.2,,,False,False,True,2,4,0,OBSERVED(RAW klpga_player_shot)
9708,이재윤,4,9,4,3,4,80.0,24.0,OBSERVED(previous shot landing),78.0,21.0,42.0,114.0,GREEN,GREEN,6.9,7.2,0.3,False,42.0,113.0,0.0,1.0,1.0,0.3,,,False,True,True,2,4,0,OBSERVED(RAW klpga_player_shot)
9708,이재윤,4,9,4,4,4,78.0,21.0,OBSERVED(previous shot landing),78.0,21.0,42.0,113.0,GREEN,HOLED,0.3,0.3,0.0,False,42.0,113.0,0.0,0.0,0.0,0.0,,,False,True,True,2,4,0,OBSERVED(RAW klpga_player_shot)
9708,이재윤,4,10,5,1,5,,,UNKNOWN(tee box not separately logged in RAW),56.0,109.0,-104.0,736.0,TEE,FAIRWAY,268.8,570.0,301.2,False,80.0,97.0,-184.0,639.0,665.0,301.2,4.67,LAT3,False,False,True,2,5,0,OBSERVED(RAW klpga_player_shot)
9708,이재윤,4,10,5,2,5,56.0,109.0,OBSERVED(previous shot landing),63.0,50.0,-28.0,326.0,FAIRWAY,FAIRWAY,186.2,301.2,115.0,False,80.0,97.0,-108.0,229.0,253.2,115.0,,,False,False,True,2,5,0,OBSERVED(RAW klpga_player_shot)
9708,이재윤,4,10,5,3,5,63.0,50.0,OBSERVED(previous shot landing),76.0,11.0,79.0,64.0,FAIRWAY,GREEN,100.2,115.0,14.8,False,80.0,97.0,-1.0,-33.0,33.0,14.8,,,False,False,True,2,5,0,OBSERVED(RAW klpga_player_shot)
9708,이재윤,4,10,5,4,5,76.0,11.0,OBSERVED(previous shot landing),76.0,15.0,78.0,93.0,GREEN,GREEN,12.8,14.8,2.0,False,80.0,97.0,-2.0,-4.0,4.5,2.0,,,False,True,True,2,5,0,OBSERVED(RAW klpga_player_shot)
9708,이재윤,4,10,5,5,5,76.0,15.0,OBSERVED(previous shot landing),76.0,16.0,80.0,97.0,GREEN,HOLED,2.0,2.0,0.0,False,80.0,97.0,0.0,0.0,0.0,0.0,,,False,True,True,2,5,0,OBSERVED(RAW klpga_player_shot)
9708,이재윤,4,11,3,1,3,,,UNKNOWN(tee box not separately logged in RAW),70.0,24.0,87.0,83.0,TEE,GREEN,169.5,174.0,4.5,False,94.0,91.0,-7.0,-8.0,10.6,4.5,-2.31,LAT1,False,False,True,2,3,0,OBSERVED(RAW klpga_player_shot)
9708,이재윤,4,11,3,2,3,70.0,24.0,OBSERVED(previous shot landing),74.0,26.0,99.0,92.0,GREEN,GREEN,2.8,4.5,1.7,False,94.0,91.0,5.0,1.0,5.1,1.7,,,False,True,True,2,3,0,OBSERVED(RAW klpga_player_shot)
9708,이재윤,4,11,3,3,3,74.0,26.0,OBSERVED(previous shot landing),73.0,26.0,94.0,91.0,GREEN,HOLED,1.7,1.7,0.0,False,94.0,91.0,0.0,0.0,0.0,0.0,,,False,True,True,2,3,0,OBSERVED(RAW klpga_player_shot)
9708,이재윤,4,12,4,1,4,,,UNKNOWN(tee box not separately logged in RAW),86.0,74.0,189.0,388.0,TEE,ROUGH,273.9,410.0,136.1,False,68.0,122.0,121.0,266.0,292.2,136.1,-5.71,LAT1,False,False,False,1,4,0,OBSERVED(RAW klpga_player_shot)
9708,이재윤,4,12,4,2,4,86.0,74.0,OBSERVED(previous shot landing),58.0,24.0,46.0,123.0,ROUGH,ROUGH,126.1,136.1,10.0,False,68.0,122.0,-22.0,1.0,22.0,10.0,,,False,False,False,1,4,0,OBSERVED(RAW klpga_player_shot)
9708,이재윤,4,12,4,3,4,58.0,24.0,OBSERVED(previous shot landing),63.0,24.0,69.0,122.0,ROUGH,GREEN,9.6,10.0,0.4,False,68.0,122.0,1.0,0.0,1.0,0.4,,,False,False,False,1,4,0,OBSERVED(RAW klpga_player_shot)
9708,이재윤,4,12,4,4,4,63.0,24.0,OBSERVED(previous shot landing),62.0,24.0,68.0,122.0,GREEN,HOLED,0.4,0.4,0.0,False,68.0,122.0,0.0,0.0,0.0,0.0,,,False,True,False,1,4,0,OBSERVED(RAW klpga_player_shot)
9708,이재윤,4,13,4,1,4,,,UNKNOWN(tee box not separately logged in RAW),76.0,61.0,145.0,264.0,TEE,FAIRWAY,272.1,376.0,103.9,False,59.0,79.0,86.0,185.0,204.0,103.9,-0.73,LAT2,False,False,True,2,4,0,OBSERVED(RAW klpga_player_shot)
9708,이재윤,4,13,4,2,4,76.0,61.0,OBSERVED(previous shot landing),54.0,21.0,54.0,86.0,FAIRWAY,GREEN,99.7,103.9,4.2,False,59.0,79.0,-5.0,7.0,8.6,4.2,,,False,False,True,2,4,0,OBSERVED(RAW klpga_player_shot)
9708,이재윤,4,13,4,3,4,54.0,21.0,OBSERVED(previous shot landing),55.0,19.0,59.0,79.0,GREEN,GREEN,3.7,4.2,0.5,False,59.0,79.0,0.0,0.0,0.0,0.5,,,False,True,True,2,4,0,OBSERVED(RAW klpga_player_shot)
9708,이재윤,4,13,4,4,4,55.0,19.0,OBSERVED(previous shot landing),55.0,19.0,59.0,79.0,GREEN,HOLED,0.5,0.5,0.0,False,59.0,79.0,0.0,0.0,0.0,0.0,,,False,True,True,2,4,0,OBSERVED(RAW klpga_player_shot)
9708,이재윤,4,14,4,1,5,,,UNKNOWN(tee box not separately logged in RAW),81.0,78.0,213.0,399.0,TEE,ROUGH,249.0,379.0,130.0,False,83.0,117.0,130.0,282.0,310.5,130.0,4.65,LAT3,False,False,False,2,5,1,OBSERVED(RAW klpga_player_shot)
9708,이재윤,4,14,4,2,5,81.0,78.0,OBSERVED(previous shot landing),60.0,27.0,104.0,141.0,ROUGH,FRINGE,116.6,130.0,13.4,False,83.0,117.0,21.0,24.0,31.9,13.4,,,False,False,False,2,5,1,OBSERVED(RAW klpga_player_shot)
9708,이재윤,4,14,4,3,5,60.0,27.0,OBSERVED(previous shot landing),56.0,23.0,84.0,121.0,FRINGE,GREEN,11.9,13.4,1.5,False,83.0,117.0,1.0,4.0,4.1,1.5,,,False,False,False,2,5,1,OBSERVED(RAW klpga_player_shot)
9708,이재윤,4,14,4,4,5,56.0,23.0,OBSERVED(previous shot landing),55.0,22.0,81.0,116.0,GREEN,GREEN,0.5,1.5,1.0,False,83.0,117.0,-2.0,-1.0,2.2,1.0,,,False,True,False,2,5,1,OBSERVED(RAW klpga_player_shot)
9708,이재윤,4,14,4,5,5,55.0,22.0,OBSERVED(previous shot landing),56.0,22.0,83.0,117.0,GREEN,HOLED,1.0,1.0,0.0,False,83.0,117.0,0.0,0.0,0.0,0.0,,,False,True,False,2,5,1,OBSERVED(RAW klpga_player_shot)
9708,이재윤,4,15,4,1,4,,,UNKNOWN(tee box not separately logged in RAW),70.0,70.0,58.0,489.0,TEE,ROUGH,262.2,423.0,160.8,False,81.0,77.0,-23.0,412.0,412.6,160.8,-5.63,LAT1,False,False,True,2,4,0,OBSERVED(RAW klpga_player_shot)
9708,이재윤,4,15,4,2,4,70.0,70.0,OBSERVED(previous shot landing),68.0,11.0,70.0,90.0,ROUGH,GREEN,154.0,160.8,6.8,False,81.0,77.0,-11.0,13.0,17.0,6.8,,,False,False,True,2,4,0,OBSERVED(RAW klpga_player_shot)
9708,이재윤,4,15,4,3,4,68.0,11.0,OBSERVED(previous shot landing),69.0,8.0,80.0,74.0,GREEN,GREEN,5.6,6.8,1.2,False,81.0,77.0,-1.0,-3.0,3.2,1.2,,,False,True,True,2,4,0,OBSERVED(RAW klpga_player_shot)
9708,이재윤,4,15,4,4,4,69.0,8.0,OBSERVED(previous shot landing),70.0,8.0,81.0,77.0,GREEN,HOLED,1.2,1.2,0.0,False,81.0,77.0,0.0,0.0,0.0,0.0,,,False,True,True,2,4,0,OBSERVED(RAW klpga_player_shot)
9708,이재윤,4,16,3,1,3,,,UNKNOWN(tee box not separately logged in RAW),64.0,32.0,60.0,110.0,TEE,GREEN,175.0,180.0,5.0,False,57.0,125.0,3.0,-15.0,15.3,5.0,1.29,LAT2,False,False,True,2,3,0,OBSERVED(RAW klpga_player_shot)
9708,이재윤,4,16,3,2,3,64.0,32.0,OBSERVED(previous shot landing),63.0,36.0,57.0,123.0,GREEN,GREEN,4.5,5.0,0.5,False,57.0,125.0,0.0,-2.0,2.0,0.5,,,False,True,True,2,3,0,OBSERVED(RAW klpga_player_shot)
9708,이재윤,4,16,3,3,3,63.0,36.0,OBSERVED(previous shot landing),63.0,37.0,57.0,125.0,GREEN,HOLED,0.5,0.5,0.0,False,57.0,125.0,0.0,0.0,0.0,0.0,,,False,True,True,2,3,0,OBSERVED(RAW klpga_player_shot)
9708,이재윤,4,17,4,1,4,,,UNKNOWN(tee box not separately logged in RAW),52.0,67.0,27.0,344.0,TEE,FAIRWAY,286.8,390.0,103.2,False,75.0,110.0,-48.0,234.0,238.9,103.2,2.03,LAT2,False,False,False,1,4,0,OBSERVED(RAW klpga_player_shot)
9708,이재윤,4,17,4,2,4,52.0,67.0,OBSERVED(previous shot landing),58.0,28.0,56.0,143.0,FAIRWAY,FRINGE,86.5,103.2,16.7,False,75.0,110.0,-19.0,33.0,38.1,16.7,,,False,False,False,1,4,0,OBSERVED(RAW klpga_player_shot)
9708,이재윤,4,17,4,3,4,58.0,28.0,OBSERVED(previous shot landing),62.0,20.0,75.0,106.0,FRINGE,GREEN,14.9,16.7,1.8,False,75.0,110.0,0.0,-4.0,4.0,1.8,,,False,False,False,1,4,0,OBSERVED(RAW klpga_player_shot)
9708,이재윤,4,17,4,4,4,62.0,20.0,OBSERVED(previous shot landing),62.0,21.0,75.0,110.0,GREEN,HOLED,1.8,1.8,0.0,False,75.0,110.0,0.0,0.0,0.0,0.0,,,False,True,False,1,4,0,OBSERVED(RAW klpga_player_shot)
9708,이재윤,4,18,5,1,5,,,UNKNOWN(tee box not separately logged in RAW),56.0,100.0,-45.0,773.0,TEE,ROUGH,253.9,528.0,274.1,False,48.0,83.0,-93.0,690.0,696.2,274.1,4.34,LAT3,False,False,True,2,5,0,OBSERVED(RAW klpga_player_shot)
9708,이재윤,4,18,5,2,5,56.0,100.0,OBSERVED(previous shot landing),59.0,36.0,-24.0,299.0,ROUGH,FAIRWAY,184.3,274.1,89.8,False,48.0,83.0,-72.0,216.0,227.7,89.8,,,False,False,True,2,5,0,OBSERVED(RAW klpga_player_shot)
9708,이재윤,4,18,5,3,5,59.0,36.0,OBSERVED(previous shot landing),67.0,6.0,40.0,81.0,FAIRWAY,GREEN,86.7,89.8,3.1,False,48.0,83.0,-8.0,-2.0,8.2,3.1,,,False,False,True,2,5,0,OBSERVED(RAW klpga_player_shot)
9708,이재윤,4,18,5,4,5,67.0,6.0,OBSERVED(previous shot landing),69.0,7.0,48.0,83.0,GREEN,GREEN,2.8,3.1,0.3,False,48.0,83.0,0.0,0.0,0.0,0.3,,,False,True,True,2,5,0,OBSERVED(RAW klpga_player_shot)
9708,이재윤,4,18,5,5,5,69.0,7.0,OBSERVED(previous shot landing),69.0,7.0,48.0,83.0,GREEN,HOLED,0.3,0.3,0.0,False,48.0,83.0,0.0,0.0,0.0,0.0,,,False,True,True,2,5,0,OBSERVED(RAW klpga_player_shot)
9111,박서현,1,1,4,1,3,,,UNKNOWN(tee box not separately logged in RAW),48.0,86.0,-110.0,446.0,TEE,FAIRWAY,218.9,402.0,183.1,False,51.0,61.0,-161.0,385.0,417.3,183.1,2.3,LAT2,False,False,True,1,3,-1,OBSERVED(RAW klpga_player_shot)
9111,박서현,1,1,4,2,3,48.0,86.0,OBSERVED(previous shot landing),76.0,13.0,42.0,76.0,FAIRWAY,GREEN,175.4,183.1,7.7,False,51.0,61.0,-9.0,15.0,17.5,7.7,,,False,False,True,1,3,-1,OBSERVED(RAW klpga_player_shot)
9111,박서현,1,1,4,3,3,76.0,13.0,OBSERVED(previous shot landing),78.0,10.0,51.0,61.0,GREEN,HOLED,7.7,7.7,0.0,False,51.0,61.0,0.0,0.0,0.0,0.0,,,False,True,True,1,3,-1,OBSERVED(RAW klpga_player_shot)
9111,박서현,1,2,3,1,3,,,UNKNOWN(tee box not separately logged in RAW),64.0,43.0,53.0,131.0,TEE,GREEN,177.6,188.0,10.4,False,74.0,144.0,-21.0,-13.0,24.7,10.4,-3.94,LAT2,False,False,True,2,3,0,OBSERVED(RAW klpga_player_shot)
9111,박서현,1,2,3,2,3,64.0,43.0,OBSERVED(previous shot landing),71.0,47.0,74.0,144.0,GREEN,GREEN,10.0,10.4,0.4,False,74.0,144.0,0.0,0.0,0.0,0.4,,,False,True,True,2,3,0,OBSERVED(RAW klpga_player_shot)
9111,박서현,1,2,3,3,3,71.0,47.0,OBSERVED(previous shot landing),71.0,47.0,74.0,144.0,GREEN,HOLED,0.4,0.4,0.0,False,74.0,144.0,0.0,0.0,0.0,0.0,,,False,True,True,2,3,0,OBSERVED(RAW klpga_player_shot)
9111,박서현,1,3,4,1,6,,,UNKNOWN(tee box not separately logged in RAW),51.0,86.0,7.0,515.0,TEE,FAIRWAY,234.1,426.0,191.9,False,36.0,100.0,-29.0,415.0,416.0,191.9,2.25,LAT3,False,False,False,2,6,2,OBSERVED(RAW klpga_player_shot)
9111,박서현,1,3,4,2,6,51.0,86.0,OBSERVED(previous shot landing),55.0,18.0,20.0,122.0,FAIRWAY,GREENSIDE_BUNKER,179.4,191.9,12.5,False,36.0,100.0,-16.0,22.0,27.2,12.5,,,False,False,False,2,6,2,OBSERVED(RAW klpga_player_shot)
9111,박서현,1,3,4,3,6,55.0,18.0,OBSERVED(previous shot landing),55.0,15.0,22.0,108.0,GREENSIDE_BUNKER,ROUGH,5.1,12.5,7.4,False,36.0,100.0,-14.0,8.0,16.1,7.4,,,False,False,False,2,6,2,OBSERVED(RAW klpga_player_shot)
9111,박서현,1,3,4,4,6,55.0,15.0,OBSERVED(previous shot landing),58.0,13.0,38.0,93.0,ROUGH,GREEN,4.0,7.4,3.4,False,36.0,100.0,2.0,-7.0,7.3,3.4,,,False,False,False,2,6,2,OBSERVED(RAW klpga_player_shot)
9111,박서현,1,3,4,5,6,58.0,13.0,OBSERVED(previous shot landing),58.0,14.0,37.0,99.0,GREEN,GREEN,2.4,3.4,1.0,False,36.0,100.0,1.0,-1.0,1.4,1.0,,,False,True,False,2,6,2,OBSERVED(RAW klpga_player_shot)
9111,박서현,1,3,4,6,6,58.0,14.0,OBSERVED(previous shot landing),58.0,14.0,36.0,100.0,GREEN,HOLED,1.0,1.0,0.0,False,36.0,100.0,0.0,0.0,0.0,0.0,,,False,True,False,2,6,2,OBSERVED(RAW klpga_player_shot)
9111,박서현,1,4,5,1,5,,,UNKNOWN(tee box not separately logged in RAW),73.0,115.0,109.0,773.0,TEE,FAIRWAY,243.5,542.0,298.5,False,94.0,111.0,15.0,662.0,662.2,298.5,0.84,LAT2,False,False,True,2,5,0,OBSERVED(RAW klpga_player_shot)
9111,박서현,1,4,5,2,5,73.0,115.0,OBSERVED(previous shot landing),74.0,48.0,114.0,331.0,FAIRWAY,ROUGH,199.1,298.5,99.4,False,94.0,111.0,20.0,220.0,220.9,99.4,,,False,False,True,2,5,0,OBSERVED(RAW klpga_player_shot)
9111,박서현,1,4,5,3,5,74.0,48.0,OBSERVED(previous shot landing),70.0,17.0,86.0,122.0,ROUGH,GREEN,93.5,99.4,5.9,False,94.0,111.0,-8.0,11.0,13.6,5.9,,,False,False,True,2,5,0,OBSERVED(RAW klpga_player_shot)
9111,박서현,1,4,5,4,5,70.0,17.0,OBSERVED(previous shot landing),71.0,15.0,94.0,110.0,GREEN,GREEN,5.4,5.9,0.5,False,94.0,111.0,0.0,-1.0,1.0,0.5,,,False,True,True,2,5,0,OBSERVED(RAW klpga_player_shot)
9111,박서현,1,4,5,5,5,71.0,15.0,OBSERVED(previous shot landing),71.0,15.0,94.0,111.0,GREEN,HOLED,0.5,0.5,0.0,False,94.0,111.0,0.0,0.0,0.0,0.0,,,False,True,True,2,5,0,OBSERVED(RAW klpga_player_shot)
9111,박서현,1,5,3,1,3,,,UNKNOWN(tee box not separately logged in RAW),63.0,28.0,60.0,80.0,TEE,GREEN,162.8,170.0,7.2,False,47.0,69.0,13.0,11.0,17.0,7.2,6.7,LAT3,False,False,True,2,3,0,OBSERVED(RAW klpga_player_shot)
9111,박서현,1,5,3,2,3,63.0,28.0,OBSERVED(previous shot landing),59.0,23.0,46.0,68.0,GREEN,GREEN,6.7,7.2,0.5,False,47.0,69.0,-1.0,-1.0,1.4,0.5,,,False,True,True,2,3,0,OBSERVED(RAW klpga_player_shot)
9111,박서현,1,5,3,3,3,59.0,23.0,OBSERVED(previous shot landing),59.0,24.0,47.0,69.0,GREEN,HOLED,0.5,0.5,0.0,False,47.0,69.0,0.0,0.0,0.0,0.0,,,False,True,True,2,3,0,OBSERVED(RAW klpga_player_shot)
9111,박서현,1,6,4,1,5,,,UNKNOWN(tee box not separately logged in RAW),63.0,92.0,64.0,503.0,TEE,FAIRWAY,225.9,410.0,184.1,False,84.0,83.0,-20.0,420.0,420.5,184.1,4.85,LAT3,False,False,False,2,5,1,OBSERVED(RAW klpga_player_shot)
9111,박서현,1,6,4,2,5,63.0,92.0,OBSERVED(previous shot landing),68.0,30.0,84.0,171.0,FAIRWAY,ROUGH,145.4,184.1,38.7,False,84.0,83.0,0.0,88.0,88.0,38.7,,,False,False,False,2,5,1,OBSERVED(RAW klpga_player_shot)
9111,박서현,1,6,4,3,5,68.0,30.0,OBSERVED(previous shot landing),67.0,11.0,81.0,67.0,ROUGH,GREEN,31.8,38.7,6.9,False,84.0,83.0,-3.0,-16.0,16.3,6.9,,,False,False,False,2,5,1,OBSERVED(RAW klpga_player_shot)
9111,박서현,1,6,4,4,5,67.0,11.0,OBSERVED(previous shot landing),68.0,14.0,84.0,84.0,GREEN,GREEN,6.5,6.9,0.4,False,84.0,83.0,0.0,1.0,1.0,0.4,,,False,True,False,2,5,1,OBSERVED(RAW klpga_player_shot)
9111,박서현,1,6,4,5,5,68.0,14.0,OBSERVED(previous shot landing),68.0,14.0,84.0,83.0,GREEN,HOLED,0.4,0.4,0.0,False,84.0,83.0,0.0,0.0,0.0,0.0,,,False,True,False,2,5,1,OBSERVED(RAW klpga_player_shot)
9111,박서현,1,7,5,1,5,,,UNKNOWN(tee box not separately logged in RAW),45.0,107.0,-83.0,716.0,TEE,FAIRWAY,234.3,516.0,281.7,False,45.0,130.0,-128.0,586.0,599.8,281.7,-2.03,LAT1,False,False,True,2,5,0,OBSERVED(RAW klpga_player_shot)
9111,박서현,1,7,5,2,5,45.0,107.0,OBSERVED(previous shot landing),62.0,52.0,37.0,354.0,FAIRWAY,FAIRWAY,176.5,281.7,105.2,False,45.0,130.0,-8.0,224.0,224.1,105.2,,,False,False,True,2,5,0,OBSERVED(RAW klpga_player_shot)
9111,박서현,1,7,5,3,5,62.0,52.0,OBSERVED(previous shot landing),63.0,15.0,48.0,111.0,FAIRWAY,GREEN,95.8,105.2,9.4,False,45.0,130.0,3.0,-19.0,19.2,9.4,,,False,False,True,2,5,0,OBSERVED(RAW klpga_player_shot)
9111,박서현,1,7,5,4,5,63.0,15.0,OBSERVED(previous shot landing),63.0,18.0,45.0,131.0,GREEN,GREEN,8.9,9.4,0.5,False,45.0,130.0,0.0,1.0,1.0,0.5,,,False,True,True,2,5,0,OBSERVED(RAW klpga_player_shot)
9111,박서현,1,7,5,5,5,63.0,18.0,OBSERVED(previous shot landing),63.0,18.0,45.0,130.0,GREEN,HOLED,0.5,0.5,0.0,False,45.0,130.0,0.0,0.0,0.0,0.0,,,False,True,True,2,5,0,OBSERVED(RAW klpga_player_shot)
9111,박서현,1,8,4,1,5,,,UNKNOWN(tee box not separately logged in RAW),49.0,83.0,-30.0,425.0,TEE,ROUGH,218.0,377.0,159.0,False,96.0,89.0,-126.0,336.0,358.8,159.0,-7.26,LAT1,False,False,False,2,5,1,OBSERVED(RAW klpga_player_shot)
9111,박서현,1,8,4,2,5,49.0,83.0,OBSERVED(previous shot landing),59.0,10.0,24.0,78.0,ROUGH,ROUGH,126.6,159.0,32.4,False,96.0,89.0,-72.0,-11.0,72.8,32.4,,,False,False,False,2,5,1,OBSERVED(RAW klpga_player_shot)
9111,박서현,1,8,4,3,5,59.0,10.0,OBSERVED(previous shot landing),74.0,13.0,92.0,90.0,ROUGH,GREEN,30.4,32.4,2.0,False,96.0,89.0,-4.0,1.0,4.1,2.0,,,False,False,False,2,5,1,OBSERVED(RAW klpga_player_shot)
9111,박서현,1,8,4,4,5,74.0,13.0,OBSERVED(previous shot landing),75.0,13.0,97.0,89.0,GREEN,GREEN,1.5,2.0,0.5,False,96.0,89.0,1.0,0.0,1.0,0.5,,,False,True,False,2,5,1,OBSERVED(RAW klpga_player_shot)
9111,박서현,1,8,4,5,5,75.0,13.0,OBSERVED(previous shot landing),75.0,13.0,96.0,89.0,GREEN,HOLED,0.5,0.5,0.0,False,96.0,89.0,0.0,0.0,0.0,0.0,,,False,True,False,2,5,1,OBSERVED(RAW klpga_player_shot)
9111,박서현,1,9,4,1,4,,,UNKNOWN(tee box not separately logged in RAW),41.0,72.0,-152.0,391.0,TEE,FAIRWAY,247.3,404.0,156.7,False,84.0,97.0,-236.0,294.0,377.0,156.7,1.34,LAT2,False,False,False,1,4,0,OBSERVED(RAW klpga_player_shot)
9111,박서현,1,9,4,2,4,41.0,72.0,OBSERVED(previous shot landing),85.0,9.0,77.0,47.0,FAIRWAY,FRINGE,136.1,156.7,20.6,False,84.0,97.0,-7.0,-50.0,50.5,20.6,,,False,False,False,1,4,0,OBSERVED(RAW klpga_player_shot)
9111,박서현,1,9,4,3,4,85.0,9.0,OBSERVED(previous shot landing),86.0,18.0,85.0,96.0,FRINGE,GREEN,20.0,20.6,0.6,False,84.0,97.0,1.0,-1.0,1.4,0.6,,,False,False,False,1,4,0,OBSERVED(RAW klpga_player_shot)
9111,박서현,1,9,4,4,4,86.0,18.0,OBSERVED(previous shot landing),86.0,18.0,84.0,97.0,GREEN,HOLED,0.6,0.6,0.0,False,84.0,97.0,0.0,0.0,0.0,0.0,,,False,True,False,1,4,0,OBSERVED(RAW klpga_player_shot)
9111,박서현,1,10,5,1,5,,,UNKNOWN(tee box not separately logged in RAW),62.0,119.0,-63.0,812.0,TEE,ROUGH,247.4,570.0,322.6,False,88.0,115.0,-151.0,697.0,713.2,322.6,-2.76,LAT1,False,False,False,1,5,0,OBSERVED(RAW klpga_player_shot)
9111,박서현,1,10,5,2,5,62.0,119.0,OBSERVED(previous shot landing),58.0,58.0,-64.0,381.0,ROUGH,FAIRWAY,183.7,322.6,138.9,False,88.0,115.0,-152.0,266.0,306.4,138.9,,,False,False,False,1,5,0,OBSERVED(RAW klpga_player_shot)
9111,박서현,1,10,5,3,5,58.0,58.0,OBSERVED(previous shot landing),80.0,19.0,107.0,121.0,FAIRWAY,ROUGH,130.1,138.9,8.8,False,88.0,115.0,19.0,6.0,19.9,8.8,,,False,False,False,1,5,0,OBSERVED(RAW klpga_player_shot)
9111,박서현,1,10,5,4,5,80.0,19.0,OBSERVED(previous shot landing),78.0,18.0,89.0,115.0,ROUGH,GREEN,8.5,8.8,0.3,False,88.0,115.0,1.0,0.0,1.0,0.3,,,False,False,False,1,5,0,OBSERVED(RAW klpga_player_shot)
9111,박서현,1,10,5,5,5,78.0,18.0,OBSERVED(previous shot landing),78.0,18.0,88.0,115.0,GREEN,HOLED,0.3,0.3,0.0,False,88.0,115.0,0.0,0.0,0.0,0.0,,,False,True,False,1,5,0,OBSERVED(RAW klpga_player_shot)
9111,박서현,1,11,3,1,3,,,UNKNOWN(tee box not separately logged in RAW),58.0,24.0,50.0,86.0,TEE,GREEN,170.5,174.0,3.5,False,50.0,94.0,0.0,-8.0,8.0,3.5,5.95,LAT3,False,False,True,2,3,0,OBSERVED(RAW klpga_player_shot)
9111,박서현,1,11,3,2,3,58.0,24.0,OBSERVED(previous shot landing),58.0,28.0,50.0,96.0,GREEN,GREEN,3.1,3.5,0.4,False,50.0,94.0,0.0,2.0,2.0,0.4,,,False,True,True,2,3,0,OBSERVED(RAW klpga_player_shot)
9111,박서현,1,11,3,3,3,58.0,28.0,OBSERVED(previous shot landing),58.0,27.0,50.0,94.0,GREEN,HOLED,0.4,0.4,0.0,False,50.0,94.0,0.0,0.0,0.0,0.0,,,False,True,True,2,3,0,OBSERVED(RAW klpga_player_shot)
9111,박서현,1,12,4,1,4,,,UNKNOWN(tee box not separately logged in RAW),87.0,82.0,196.0,427.0,TEE,ROUGH,256.7,410.0,153.3,False,93.0,115.0,103.0,312.0,328.6,153.3,-4.41,LAT1,False,False,False,0,4,0,OBSERVED(RAW klpga_player_shot)
9111,박서현,1,12,4,2,4,87.0,82.0,OBSERVED(previous shot landing),61.0,29.0,62.0,152.0,ROUGH,ROUGH,130.6,153.3,22.7,False,93.0,115.0,-31.0,37.0,48.3,22.7,,,False,False,False,0,4,0,OBSERVED(RAW klpga_player_shot)
9111,박서현,1,12,4,3,4,61.0,29.0,OBSERVED(previous shot landing),68.0,26.0,94.0,135.0,ROUGH,FRINGE,13.3,22.7,9.4,False,93.0,115.0,1.0,20.0,20.0,9.4,,,False,False,False,0,4,0,OBSERVED(RAW klpga_player_shot)
9111,박서현,1,12,4,4,4,68.0,26.0,OBSERVED(previous shot landing),67.0,22.0,93.0,115.0,FRINGE,HOLED,9.4,9.4,0.0,False,93.0,115.0,0.0,0.0,0.0,0.0,,,False,False,False,0,4,0,OBSERVED(RAW klpga_player_shot)
9111,박서현,1,13,4,1,5,,,UNKNOWN(tee box not separately logged in RAW),69.0,74.0,112.0,316.0,TEE,BUNKER,260.9,376.0,115.1,False,84.0,92.0,28.0,224.0,225.7,115.1,10.92,LAT3,False,False,False,2,5,1,OBSERVED(RAW klpga_player_shot)
9111,박서현,1,13,4,2,5,69.0,74.0,OBSERVED(previous shot landing),65.0,43.0,100.0,182.0,BUNKER,ROUGH,68.3,115.1,46.8,False,84.0,92.0,16.0,90.0,91.4,46.8,,,False,False,False,2,5,1,OBSERVED(RAW klpga_player_shot)
9111,박서현,1,13,4,3,5,65.0,43.0,OBSERVED(previous shot landing),61.0,25.0,83.0,107.0,ROUGH,GREEN,39.3,46.8,7.5,False,84.0,92.0,-1.0,15.0,15.0,7.5,,,False,False,False,2,5,1,OBSERVED(RAW klpga_player_shot)
9111,박서현,1,13,4,4,5,61.0,25.0,OBSERVED(previous shot landing),60.0,21.0,82.0,91.0,GREEN,GREEN,6.4,7.5,1.1,False,84.0,92.0,-2.0,-1.0,2.2,1.1,,,False,True,False,2,5,1,OBSERVED(RAW klpga_player_shot)
9111,박서현,1,13,4,5,5,60.0,21.0,OBSERVED(previous shot landing),61.0,22.0,84.0,92.0,GREEN,HOLED,1.1,1.1,0.0,False,84.0,92.0,0.0,0.0,0.0,0.0,,,False,True,False,2,5,1,OBSERVED(RAW klpga_player_shot)
9111,박서현,1,14,4,1,4,,,UNKNOWN(tee box not separately logged in RAW),90.0,75.0,262.0,384.0,TEE,FAIRWAY,241.2,379.0,137.8,False,70.0,117.0,192.0,267.0,328.9,137.8,-4.61,LAT1,False,False,True,2,4,0,OBSERVED(RAW klpga_player_shot)
9111,박서현,1,14,4,2,4,90.0,75.0,OBSERVED(previous shot landing),53.0,20.0,70.0,106.0,FAIRWAY,GREEN,133.5,137.8,4.3,False,70.0,117.0,0.0,-11.0,11.0,4.3,,,False,False,True,2,4,0,OBSERVED(RAW klpga_player_shot)
9111,박서현,1,14,4,3,4,53.0,20.0,OBSERVED(previous shot landing),53.0,22.0,70.0,117.0,GREEN,GREEN,4.0,4.3,0.3,False,70.0,117.0,0.0,0.0,0.0,0.3,,,False,True,True,2,4,0,OBSERVED(RAW klpga_player_shot)
9111,박서현,1,14,4,4,4,53.0,22.0,OBSERVED(previous shot landing),53.0,22.0,70.0,117.0,GREEN,HOLED,0.3,0.3,0.0,False,70.0,117.0,0.0,0.0,0.0,0.0,,,False,True,True,2,4,0,OBSERVED(RAW klpga_player_shot)
9111,박서현,1,15,4,1,5,,,UNKNOWN(tee box not separately logged in RAW),63.0,80.0,3.0,551.0,TEE,FAIRWAY,251.3,423.0,171.7,False,58.0,114.0,-55.0,437.0,440.4,171.7,1.06,LAT2,False,False,False,2,5,1,OBSERVED(RAW klpga_player_shot)
9111,박서현,1,15,4,2,5,63.0,80.0,OBSERVED(previous shot landing),69.0,22.0,72.0,166.0,FAIRWAY,PENALTY_AREA,,171.7,,True,58.0,114.0,14.0,52.0,53.9,,,,True,False,False,2,5,1,OBSERVED(RAW klpga_player_shot)
9111,박서현,1,15,4,3,5,69.0,22.0,OBSERVED(previous shot landing),67.0,12.0,60.0,98.0,PENALTY_AREA,GREEN,,,6.6,False,58.0,114.0,2.0,-16.0,16.1,6.6,,,False,False,False,2,5,1,OBSERVED(RAW klpga_player_shot)
9111,박서현,1,15,4,4,5,67.0,12.0,OBSERVED(previous shot landing),67.0,14.0,58.0,116.0,GREEN,GREEN,6.1,6.6,0.5,False,58.0,114.0,0.0,2.0,2.0,0.5,,,False,True,False,2,5,1,OBSERVED(RAW klpga_player_shot)
9111,박서현,1,15,4,5,5,67.0,14.0,OBSERVED(previous shot landing),67.0,14.0,58.0,114.0,GREEN,HOLED,0.5,0.5,0.0,False,58.0,114.0,0.0,0.0,0.0,0.0,,,False,True,False,2,5,1,OBSERVED(RAW klpga_player_shot)
9111,박서현,1,16,3,1,2,,,UNKNOWN(tee box not separately logged in RAW),60.0,14.0,49.0,50.0,TEE,GREEN,177.3,180.0,2.7,False,50.0,58.0,-1.0,-8.0,8.1,2.7,4.86,LAT3,False,False,True,1,2,-1,OBSERVED(RAW klpga_player_shot)
9111,박서현,1,16,3,2,2,60.0,14.0,OBSERVED(previous shot landing),60.0,17.0,50.0,58.0,GREEN,HOLED,2.7,2.7,0.0,False,50.0,58.0,0.0,0.0,0.0,0.0,,,False,True,True,1,2,-1,OBSERVED(RAW klpga_player_shot)
9111,박서현,1,17,4,1,4,,,UNKNOWN(tee box not separately logged in RAW),50.0,87.0,17.0,442.0,TEE,FAIRWAY,250.4,390.0,139.6,False,48.0,120.0,-31.0,322.0,323.5,139.6,1.55,LAT2,False,False,True,2,4,0,OBSERVED(RAW klpga_player_shot)
9111,박서현,1,17,4,2,4,50.0,87.0,OBSERVED(previous shot landing),57.0,21.0,48.0,109.0,FAIRWAY,GREEN,134.8,139.6,4.8,False,48.0,120.0,0.0,-11.0,11.0,4.8,,,False,False,True,2,4,0,OBSERVED(RAW klpga_player_shot)
9111,박서현,1,17,4,3,4,57.0,21.0,OBSERVED(previous shot landing),57.0,23.0,48.0,119.0,GREEN,GREEN,4.3,4.8,0.5,False,48.0,120.0,0.0,-1.0,1.0,0.5,,,False,True,True,2,4,0,OBSERVED(RAW klpga_player_shot)
9111,박서현,1,17,4,4,4,57.0,23.0,OBSERVED(previous shot landing),57.0,23.0,48.0,120.0,GREEN,HOLED,0.5,0.5,0.0,False,48.0,120.0,0.0,0.0,0.0,0.0,,,False,True,True,2,4,0,OBSERVED(RAW klpga_player_shot)
9111,박서현,1,18,5,1,4,,,UNKNOWN(tee box not separately logged in RAW),67.0,106.0,29.0,813.0,TEE,ROUGH,237.9,528.0,290.1,False,92.0,79.0,-63.0,734.0,736.7,290.1,-7.28,LAT1,False,False,True,1,4,-1,OBSERVED(RAW klpga_player_shot)
9111,박서현,1,18,5,2,4,67.0,106.0,OBSERVED(previous shot landing),62.0,48.0,-2.0,385.0,ROUGH,FAIRWAY,163.8,290.1,126.3,False,92.0,79.0,-94.0,306.0,320.1,126.3,,,False,False,True,1,4,-1,OBSERVED(RAW klpga_player_shot)
9111,박서현,1,18,5,3,4,62.0,48.0,OBSERVED(previous shot landing),71.0,7.0,68.0,82.0,FAIRWAY,GREEN,116.9,126.3,9.4,False,92.0,79.0,-24.0,3.0,24.2,9.4,,,False,False,True,1,4,-1,OBSERVED(RAW klpga_player_shot)
9111,박서현,1,18,5,4,4,71.0,7.0,OBSERVED(previous shot landing),75.0,6.0,92.0,79.0,GREEN,HOLED,9.4,9.4,0.0,False,92.0,79.0,0.0,0.0,0.0,0.0,,,False,True,True,1,4,-1,OBSERVED(RAW klpga_player_shot)
9111,박서현,2,1,4,1,4,,,UNKNOWN(tee box not separately logged in RAW),50.0,91.0,-99.0,468.0,TEE,FAIRWAY,230.5,402.0,171.5,False,47.0,106.0,-146.0,362.0,390.3,171.5,-1.43,LAT2,False,False,True,2,4,0,OBSERVED(RAW klpga_player_shot)
9111,박서현,2,1,4,2,4,50.0,91.0,OBSERVED(previous shot landing),79.0,22.0,53.0,123.0,FAIRWAY,GREEN,163.7,171.5,7.8,False,47.0,106.0,6.0,17.0,18.0,7.8,,,False,False,True,2,4,0,OBSERVED(RAW klpga_player_shot)
9111,박서현,2,1,4,3,4,79.0,22.0,OBSERVED(previous shot landing),78.0,19.0,47.0,107.0,GREEN,GREEN,7.5,7.8,0.3,False,47.0,106.0,0.0,1.0,1.0,0.3,,,False,True,True,2,4,0,OBSERVED(RAW klpga_player_shot)
9111,박서현,2,1,4,4,4,78.0,19.0,OBSERVED(previous shot landing),78.0,19.0,47.0,106.0,GREEN,HOLED,0.3,0.3,0.0,False,47.0,106.0,0.0,0.0,0.0,0.0,,,False,True,True,2,4,0,OBSERVED(RAW klpga_player_shot)
9111,박서현,2,2,3,1,3,,,UNKNOWN(tee box not separately logged in RAW),77.0,27.0,92.0,80.0,TEE,GREEN,181.9,188.0,6.1,False,93.0,95.0,-1.0,-15.0,15.0,6.1,9.21,LAT3,False,False,True,2,3,0,OBSERVED(RAW klpga_player_shot)
9111,박서현,2,2,3,2,3,77.0,27.0,OBSERVED(previous shot landing),77.0,32.0,94.0,96.0,GREEN,GREEN,5.6,6.1,0.5,False,93.0,95.0,1.0,1.0,1.4,0.5,,,False,True,True,2,3,0,OBSERVED(RAW klpga_player_shot)
9111,박서현,2,2,3,3,3,77.0,32.0,OBSERVED(previous shot landing),77.0,32.0,93.0,95.0,GREEN,HOLED,0.5,0.5,0.0,False,93.0,95.0,0.0,0.0,0.0,0.0,,,False,True,True,2,3,0,OBSERVED(RAW klpga_player_shot)
9111,박서현,2,3,4,1,4,,,UNKNOWN(tee box not separately logged in RAW),52.0,88.0,10.0,526.0,TEE,FAIRWAY,228.0,426.0,198.0,False,69.0,100.0,-59.0,426.0,430.1,198.0,1.05,LAT2,False,False,True,2,4,0,OBSERVED(RAW klpga_player_shot)
9111,박서현,2,3,4,2,4,52.0,88.0,OBSERVED(previous shot landing),62.0,15.0,60.0,107.0,FAIRWAY,GREEN,192.7,198.0,5.3,False,69.0,100.0,-9.0,7.0,11.4,5.3,,,False,False,True,2,4,0,OBSERVED(RAW klpga_player_shot)
9111,박서현,2,3,4,3,4,62.0,15.0,OBSERVED(previous shot landing),63.0,14.0,69.0,99.0,GREEN,GREEN,4.8,5.3,0.5,False,69.0,100.0,0.0,-1.0,1.0,0.5,,,False,True,True,2,4,0,OBSERVED(RAW klpga_player_shot)
9111,박서현,2,3,4,4,4,63.0,14.0,OBSERVED(previous shot landing),63.0,14.0,69.0,100.0,GREEN,HOLED,0.5,0.5,0.0,False,69.0,100.0,0.0,0.0,0.0,0.0,,,False,True,True,2,4,0,OBSERVED(RAW klpga_player_shot)
9111,박서현,2,4,5,1,6,,,UNKNOWN(tee box not separately logged in RAW),66.0,119.0,62.0,798.0,TEE,ROUGH,223.8,542.0,318.2,False,36.0,93.0,26.0,705.0,705.5,318.2,8.09,LAT3,False,False,False,2,6,1,OBSERVED(RAW klpga_player_shot)
9111,박서현,2,4,5,2,6,66.0,119.0,OBSERVED(previous shot landing),78.0,69.0,141.0,467.0,ROUGH,FAIRWAY,142.9,318.2,175.3,False,36.0,93.0,105.0,374.0,388.5,175.3,,,False,False,False,2,6,1,OBSERVED(RAW klpga_player_shot)
9111,박서현,2,4,5,3,6,78.0,69.0,OBSERVED(previous shot landing),66.0,19.0,60.0,141.0,FAIRWAY,ROUGH,151.2,175.3,24.1,False,36.0,93.0,24.0,48.0,53.7,24.1,,,False,False,False,2,6,1,OBSERVED(RAW klpga_player_shot)
9111,박서현,2,4,5,4,6,66.0,19.0,OBSERVED(previous shot landing),64.0,14.0,43.0,104.0,ROUGH,GREEN,18.0,24.1,6.1,False,36.0,93.0,7.0,11.0,13.0,6.1,,,False,False,False,2,6,1,OBSERVED(RAW klpga_player_shot)
9111,박서현,2,4,5,5,6,64.0,14.0,OBSERVED(previous shot landing),63.0,12.0,35.0,92.0,GREEN,GREEN,5.8,6.1,0.3,False,36.0,93.0,-1.0,-1.0,1.4,0.3,,,False,True,False,2,6,1,OBSERVED(RAW klpga_player_shot)
9111,박서현,2,4,5,6,6,63.0,12.0,OBSERVED(previous shot landing),63.0,12.0,36.0,93.0,GREEN,HOLED,0.3,0.3,0.0,False,36.0,93.0,0.0,0.0,0.0,0.0,,,False,True,False,2,6,1,OBSERVED(RAW klpga_player_shot)
9111,박서현,2,5,3,1,4,,,UNKNOWN(tee box not separately logged in RAW),64.0,53.0,64.0,155.0,TEE,FRINGE,162.2,170.0,7.8,False,77.0,141.0,-13.0,14.0,19.1,7.8,-17.68,LAT1,False,False,False,2,4,1,OBSERVED(RAW klpga_player_shot)
9111,박서현,2,5,3,2,4,64.0,53.0,OBSERVED(previous shot landing),69.0,47.0,79.0,138.0,FRINGE,GREEN,6.6,7.8,1.2,False,77.0,141.0,2.0,-3.0,3.6,1.2,,,False,False,False,2,4,1,OBSERVED(RAW klpga_player_shot)
9111,박서현,2,5,3,3,4,69.0,47.0,OBSERVED(previous shot landing),69.0,48.0,78.0,140.0,GREEN,GREEN,0.8,1.2,0.4,False,77.0,141.0,1.0,-1.0,1.4,0.4,,,False,True,False,2,4,1,OBSERVED(RAW klpga_player_shot)
9111,박서현,2,5,3,4,4,69.0,48.0,OBSERVED(previous shot landing),69.0,48.0,77.0,141.0,GREEN,HOLED,0.4,0.4,0.0,False,77.0,141.0,0.0,0.0,0.0,0.0,,,False,True,False,2,4,1,OBSERVED(RAW klpga_player_shot)
9111,박서현,2,6,4,1,4,,,UNKNOWN(tee box not separately logged in RAW),69.0,88.0,92.0,481.0,TEE,FAIRWAY,246.2,410.0,163.8,False,31.0,111.0,61.0,370.0,375.0,163.8,-1.35,LAT2,False,False,True,2,4,0,OBSERVED(RAW klpga_player_shot)
9111,박서현,2,6,4,2,4,69.0,88.0,OBSERVED(previous shot landing),68.0,11.0,81.0,70.0,FAIRWAY,GREEN,135.6,163.8,28.2,False,31.0,111.0,50.0,-41.0,64.7,28.2,,,False,False,True,2,4,0,OBSERVED(RAW klpga_player_shot)
9111,박서현,2,6,4,3,4,68.0,11.0,OBSERVED(previous shot landing),57.0,19.0,26.0,110.0,GREEN,GREEN,25.8,28.2,2.4,False,31.0,111.0,-5.0,-1.0,5.1,2.4,,,False,True,True,2,4,0,OBSERVED(RAW klpga_player_shot)
9111,박서현,2,6,4,4,4,57.0,19.0,OBSERVED(previous shot landing),58.0,19.0,31.0,111.0,GREEN,HOLED,2.4,2.4,0.0,False,31.0,111.0,0.0,0.0,0.0,0.0,,,False,True,True,2,4,0,OBSERVED(RAW klpga_player_shot)
9111,박서현,2,7,5,1,5,,,UNKNOWN(tee box not separately logged in RAW),53.0,103.0,-30.0,688.0,TEE,ROUGH,235.3,516.0,280.7,False,89.0,103.0,-119.0,585.0,597.0,280.7,-8.78,LAT1,False,False,True,2,5,0,OBSERVED(RAW klpga_player_shot)
9111,박서현,2,7,5,2,5,53.0,103.0,OBSERVED(previous shot landing),64.0,42.0,47.0,286.0,ROUGH,FAIRWAY,192.5,280.7,88.2,False,89.0,103.0,-42.0,183.0,187.8,88.2,,,False,False,True,2,5,0,OBSERVED(RAW klpga_player_shot)
9111,박서현,2,7,5,3,5,64.0,42.0,OBSERVED(previous shot landing),67.0,15.0,70.0,109.0,FAIRWAY,GREEN,78.8,88.2,9.4,False,89.0,103.0,-19.0,6.0,19.9,9.4,,,False,False,True,2,5,0,OBSERVED(RAW klpga_player_shot)
9111,박서현,2,7,5,4,5,67.0,15.0,OBSERVED(previous shot landing),70.0,14.0,90.0,102.0,GREEN,GREEN,9.0,9.4,0.4,False,89.0,103.0,1.0,-1.0,1.4,0.4,,,False,True,True,2,5,0,OBSERVED(RAW klpga_player_shot)
9111,박서현,2,7,5,5,5,70.0,14.0,OBSERVED(previous shot landing),70.0,14.0,89.0,103.0,GREEN,HOLED,0.4,0.4,0.0,False,89.0,103.0,0.0,0.0,0.0,0.0,,,False,True,True,2,5,0,OBSERVED(RAW klpga_player_shot)
9111,박서현,2,8,4,1,4,,,UNKNOWN(tee box not separately logged in RAW),52.0,79.0,-12.0,408.0,TEE,ROUGH,247.3,377.0,129.7,False,44.0,121.0,-56.0,287.0,292.4,129.7,-8.49,LAT1,False,False,False,1,4,0,OBSERVED(RAW klpga_player_shot)
9111,박서현,2,8,4,2,4,52.0,79.0,OBSERVED(previous shot landing),65.0,6.0,52.0,56.0,ROUGH,ROUGH,100.9,129.7,28.8,False,44.0,121.0,8.0,-65.0,65.5,28.8,,,False,False,False,1,4,0,OBSERVED(RAW klpga_player_shot)
9111,박서현,2,8,4,3,4,65.0,6.0,OBSERVED(previous shot landing),65.0,19.0,52.0,120.0,ROUGH,GREEN,25.5,28.8,3.3,False,44.0,121.0,8.0,-1.0,8.1,3.3,,,False,False,False,1,4,0,OBSERVED(RAW klpga_player_shot)
9111,박서현,2,8,4,4,4,65.0,19.0,OBSERVED(previous shot landing),64.0,19.0,44.0,121.0,GREEN,HOLED,3.3,3.3,0.0,False,44.0,121.0,0.0,0.0,0.0,0.0,,,False,True,False,1,4,0,OBSERVED(RAW klpga_player_shot)
9111,박서현,2,9,4,1,4,,,UNKNOWN(tee box not separately logged in RAW),51.0,72.0,-98.0,389.0,TEE,ROUGH,268.7,404.0,135.3,False,45.0,96.0,-143.0,293.0,326.0,135.3,-6.69,LAT1,False,False,True,2,4,0,OBSERVED(RAW klpga_player_shot)
9111,박서현,2,9,4,2,4,51.0,72.0,OBSERVED(previous shot landing),86.0,12.0,83.0,63.0,ROUGH,GREEN,114.5,135.3,20.8,False,45.0,96.0,38.0,-33.0,50.3,20.8,,,False,False,True,2,4,0,OBSERVED(RAW klpga_player_shot)
9111,박서현,2,9,4,3,4,86.0,12.0,OBSERVED(previous shot landing),78.0,18.0,44.0,99.0,GREEN,GREEN,19.3,20.8,1.5,False,45.0,96.0,-1.0,3.0,3.2,1.5,,,False,True,True,2,4,0,OBSERVED(RAW klpga_player_shot)
9111,박서현,2,9,4,4,4,78.0,18.0,OBSERVED(previous shot landing),79.0,18.0,45.0,96.0,GREEN,HOLED,1.5,1.5,0.0,False,45.0,96.0,0.0,0.0,0.0,0.0,,,False,True,True,2,4,0,OBSERVED(RAW klpga_player_shot)
9111,박서현,2,10,5,1,5,,,UNKNOWN(tee box not separately logged in RAW),62.0,116.0,-61.0,786.0,TEE,ROUGH,239.1,570.0,330.9,False,57.0,65.0,-118.0,721.0,730.6,330.9,-2.31,LAT1,False,False,True,2,5,0,OBSERVED(RAW klpga_player_shot)
9111,박서현,2,10,5,2,5,62.0,116.0,OBSERVED(previous shot landing),59.0,51.0,-58.0,332.0,ROUGH,FAIRWAY,199.1,330.9,131.8,False,57.0,65.0,-115.0,267.0,290.7,131.8,,,False,False,True,2,5,0,OBSERVED(RAW klpga_player_shot)
9111,박서현,2,10,5,3,5,59.0,51.0,OBSERVED(previous shot landing),73.0,10.0,62.0,59.0,FAIRWAY,GREEN,128.2,131.8,3.6,False,57.0,65.0,5.0,-6.0,7.8,3.6,,,False,False,True,2,5,0,OBSERVED(RAW klpga_player_shot)
9111,박서현,2,10,5,4,5,73.0,10.0,OBSERVED(previous shot landing),73.0,11.0,56.0,65.0,GREEN,GREEN,3.4,3.6,0.2,False,57.0,65.0,-1.0,0.0,1.0,0.2,,,False,True,True,2,5,0,OBSERVED(RAW klpga_player_shot)
9111,박서현,2,10,5,5,5,73.0,11.0,OBSERVED(previous shot landing),73.0,11.0,57.0,65.0,GREEN,HOLED,0.2,0.2,0.0,False,57.0,65.0,0.0,0.0,0.0,0.0,,,False,True,True,2,5,0,OBSERVED(RAW klpga_player_shot)
9111,박서현,2,11,3,1,4,,,UNKNOWN(tee box not separately logged in RAW),40.0,30.0,-2.0,103.0,TEE,ROUGH,157.2,174.0,16.8,False,35.0,119.0,-37.0,-16.0,40.3,16.8,13.99,LAT3,False,False,False,1,4,1,OBSERVED(RAW klpga_player_shot)
9111,박서현,2,11,3,2,4,40.0,30.0,OBSERVED(previous shot landing),46.0,32.0,15.0,109.0,ROUGH,ROUGH,7.4,16.8,9.4,False,35.0,119.0,-20.0,-10.0,22.4,9.4,,,False,False,False,1,4,1,OBSERVED(RAW klpga_player_shot)
9111,박서현,2,11,3,3,4,46.0,32.0,OBSERVED(previous shot landing),52.0,37.0,34.0,123.0,ROUGH,GREEN,7.9,9.4,1.5,False,35.0,119.0,-1.0,4.0,4.1,1.5,,,False,False,False,1,4,1,OBSERVED(RAW klpga_player_shot)
9111,박서현,2,11,3,4,4,52.0,37.0,OBSERVED(previous shot landing),53.0,36.0,35.0,119.0,GREEN,HOLED,1.5,1.5,0.0,False,35.0,119.0,0.0,0.0,0.0,0.0,,,False,True,False,1,4,1,OBSERVED(RAW klpga_player_shot)
9111,박서현,2,12,4,1,6,,,UNKNOWN(tee box not separately logged in RAW),91.0,82.0,217.0,428.0,TEE,ROUGH,232.4,410.0,177.6,False,63.0,80.0,154.0,348.0,380.6,177.6,-8.24,LAT1,False,False,False,3,6,2,OBSERVED(RAW klpga_player_shot)
9111,박서현,2,12,4,2,6,91.0,82.0,OBSERVED(previous shot landing),56.0,11.0,34.0,54.0,ROUGH,ROUGH,159.6,177.6,18.0,False,63.0,80.0,-29.0,-26.0,38.9,18.0,,,False,False,False,3,6,2,OBSERVED(RAW klpga_player_shot)
9111,박서현,2,12,4,3,6,56.0,11.0,OBSERVED(previous shot landing),65.0,21.0,80.0,107.0,ROUGH,GREEN,3.0,18.0,15.0,False,63.0,80.0,17.0,27.0,31.9,15.0,,,False,False,False,3,6,2,OBSERVED(RAW klpga_player_shot)
9111,박서현,2,12,4,4,6,65.0,21.0,OBSERVED(previous shot landing),62.0,16.0,65.0,82.0,GREEN,GREEN,13.7,15.0,1.3,False,63.0,80.0,2.0,2.0,2.8,1.3,,,False,True,False,3,6,2,OBSERVED(RAW klpga_player_shot)
9111,박서현,2,12,4,5,6,62.0,16.0,OBSERVED(previous shot landing),62.0,15.0,63.0,78.0,GREEN,GREEN,0.4,1.3,0.9,False,63.0,80.0,0.0,-2.0,2.0,0.9,,,False,True,False,3,6,2,OBSERVED(RAW klpga_player_shot)
9111,박서현,2,12,4,6,6,62.0,15.0,OBSERVED(previous shot landing),62.0,15.0,63.0,80.0,GREEN,HOLED,0.9,0.9,0.0,False,63.0,80.0,0.0,0.0,0.0,0.0,,,False,True,False,3,6,2,OBSERVED(RAW klpga_player_shot)
9111,박서현,2,13,4,1,4,,,UNKNOWN(tee box not separately logged in RAW),70.0,72.0,118.0,310.0,TEE,BUNKER,273.9,376.0,102.1,False,88.0,112.0,30.0,198.0,200.3,102.1,9.19,LAT3,False,False,False,1,4,0,OBSERVED(RAW klpga_player_shot)
9111,박서현,2,13,4,2,4,70.0,72.0,OBSERVED(previous shot landing),62.0,32.0,90.0,138.0,BUNKER,FRINGE,88.9,102.1,13.2,False,88.0,112.0,2.0,26.0,26.1,13.2,,,False,False,False,1,4,0,OBSERVED(RAW klpga_player_shot)
9111,박서현,2,13,4,3,4,62.0,32.0,OBSERVED(previous shot landing),61.0,26.0,87.0,111.0,FRINGE,GREEN,12.8,13.2,0.4,False,88.0,112.0,-1.0,-1.0,1.4,0.4,,,False,False,False,1,4,0,OBSERVED(RAW klpga_player_shot)
9111,박서현,2,13,4,4,4,61.0,26.0,OBSERVED(previous shot landing),62.0,26.0,88.0,112.0,GREEN,HOLED,0.4,0.4,0.0,False,88.0,112.0,0.0,0.0,0.0,0.0,,,False,True,False,1,4,0,OBSERVED(RAW klpga_player_shot)
9111,박서현,2,14,4,1,5,,,UNKNOWN(tee box not separately logged in RAW),88.0,74.0,247.0,383.0,TEE,FAIRWAY,226.3,379.0,152.7,False,39.0,83.0,208.0,300.0,365.1,152.7,-3.41,LAT1,False,False,False,1,5,1,OBSERVED(RAW klpga_player_shot)
9111,박서현,2,14,4,2,5,88.0,74.0,OBSERVED(previous shot landing),50.0,11.0,54.0,58.0,FAIRWAY,FRINGE,140.4,152.7,12.3,False,39.0,83.0,15.0,-25.0,29.2,12.3,,,False,False,False,1,5,1,OBSERVED(RAW klpga_player_shot)
9111,박서현,2,14,4,3,5,50.0,11.0,OBSERVED(previous shot landing),45.0,24.0,29.0,126.0,FRINGE,FRINGE,-6.1,12.3,18.4,False,39.0,83.0,-10.0,43.0,44.1,18.4,,,False,False,False,1,5,1,OBSERVED(RAW klpga_player_shot)
9111,박서현,2,14,4,4,5,45.0,24.0,OBSERVED(previous shot landing),47.0,16.0,38.0,85.0,FRINGE,GREEN,17.4,18.4,1.0,False,39.0,83.0,-1.0,2.0,2.2,1.0,,,False,False,False,1,5,1,OBSERVED(RAW klpga_player_shot)
9111,박서현,2,14,4,5,5,47.0,16.0,OBSERVED(previous shot landing),47.0,16.0,39.0,83.0,GREEN,HOLED,1.0,1.0,0.0,False,39.0,83.0,0.0,0.0,0.0,0.0,,,False,True,False,1,5,1,OBSERVED(RAW klpga_player_shot)
9111,박서현,2,15,4,1,4,,,UNKNOWN(tee box not separately logged in RAW),63.0,77.0,5.0,532.0,TEE,FAIRWAY,265.8,423.0,157.2,False,31.0,130.0,-26.0,402.0,402.8,157.2,1.15,LAT2,False,False,True,2,4,0,OBSERVED(RAW klpga_player_shot)
9111,박서현,2,15,4,2,4,63.0,77.0,OBSERVED(previous shot landing),65.0,11.0,48.0,89.0,FAIRWAY,GREEN,139.8,157.2,17.4,False,31.0,130.0,17.0,-41.0,44.4,17.4,,,False,False,True,2,4,0,OBSERVED(RAW klpga_player_shot)
9111,박서현,2,15,4,3,4,65.0,11.0,OBSERVED(previous shot landing),63.0,16.0,33.0,128.0,GREEN,GREEN,16.1,17.4,1.3,False,31.0,130.0,2.0,-2.0,2.8,1.3,,,False,True,True,2,4,0,OBSERVED(RAW klpga_player_shot)
9111,박서현,2,15,4,4,4,63.0,16.0,OBSERVED(previous shot landing),63.0,17.0,31.0,130.0,GREEN,HOLED,1.3,1.3,0.0,False,31.0,130.0,0.0,0.0,0.0,0.0,,,False,True,True,2,4,0,OBSERVED(RAW klpga_player_shot)
9111,박서현,2,16,3,1,3,,,UNKNOWN(tee box not separately logged in RAW),62.0,17.0,56.0,60.0,TEE,GREEN,154.5,180.0,25.5,False,85.0,132.0,-29.0,-72.0,77.6,25.5,2.93,LAT3,False,False,True,2,3,0,OBSERVED(RAW klpga_player_shot)
9111,박서현,2,16,3,2,3,62.0,17.0,OBSERVED(previous shot landing),71.0,35.0,84.0,121.0,GREEN,GREEN,21.9,25.5,3.6,False,85.0,132.0,-1.0,-11.0,11.0,3.6,,,False,True,True,2,3,0,OBSERVED(RAW klpga_player_shot)
9111,박서현,2,16,3,3,3,71.0,35.0,OBSERVED(previous shot landing),71.0,38.0,85.0,132.0,GREEN,HOLED,3.6,3.6,0.0,False,85.0,132.0,0.0,0.0,0.0,0.0,,,False,True,True,2,3,0,OBSERVED(RAW klpga_player_shot)
9111,박서현,2,17,4,1,4,,,UNKNOWN(tee box not separately logged in RAW),58.0,84.0,57.0,429.0,TEE,ROUGH,241.8,390.0,148.2,False,87.0,87.0,-30.0,342.0,343.3,148.2,-6.02,LAT1,False,False,True,2,4,0,OBSERVED(RAW klpga_player_shot)
9111,박서현,2,17,4,2,4,58.0,84.0,OBSERVED(previous shot landing),63.0,18.0,79.0,96.0,ROUGH,GREEN,143.1,148.2,5.1,False,87.0,87.0,-8.0,9.0,12.0,5.1,,,False,False,True,2,4,0,OBSERVED(RAW klpga_player_shot)
9111,박서현,2,17,4,3,4,63.0,18.0,OBSERVED(previous shot landing),64.0,17.0,87.0,88.0,GREEN,GREEN,4.9,5.1,0.2,False,87.0,87.0,0.0,1.0,1.0,0.2,,,False,True,True,2,4,0,OBSERVED(RAW klpga_player_shot)
9111,박서현,2,17,4,4,4,64.0,17.0,OBSERVED(previous shot landing),64.0,16.0,87.0,87.0,GREEN,HOLED,0.2,0.2,0.0,False,87.0,87.0,0.0,0.0,0.0,0.0,,,False,True,True,2,4,0,OBSERVED(RAW klpga_player_shot)
9111,박서현,2,18,5,1,5,,,UNKNOWN(tee box not separately logged in RAW),66.0,104.0,21.0,804.0,TEE,ROUGH,254.6,528.0,273.4,False,39.0,110.0,-18.0,694.0,694.2,273.4,-6.05,LAT1,False,False,True,2,5,0,OBSERVED(RAW klpga_player_shot)
9111,박서현,2,18,5,2,5,66.0,104.0,OBSERVED(previous shot landing),59.0,67.0,-26.0,527.0,ROUGH,FAIRWAY,107.0,273.4,166.4,False,39.0,110.0,-65.0,417.0,422.0,166.4,,,False,False,True,2,5,0,OBSERVED(RAW klpga_player_shot)
9111,박서현,2,18,5,3,5,59.0,67.0,OBSERVED(previous shot landing),71.0,9.0,69.0,103.0,FAIRWAY,GREEN,154.2,166.4,12.2,False,39.0,110.0,30.0,-7.0,30.8,12.2,,,False,False,True,2,5,0,OBSERVED(RAW klpga_player_shot)
9111,박서현,2,18,5,4,5,71.0,9.0,OBSERVED(previous shot landing),68.0,10.0,41.0,108.0,GREEN,GREEN,10.9,12.2,1.3,False,39.0,110.0,2.0,-2.0,2.8,1.3,,,False,True,True,2,5,0,OBSERVED(RAW klpga_player_shot)
9111,박서현,2,18,5,5,5,68.0,10.0,OBSERVED(previous shot landing),67.0,10.0,39.0,110.0,GREEN,HOLED,1.3,1.3,0.0,False,39.0,110.0,0.0,0.0,0.0,0.0,,,False,True,True,2,5,0,OBSERVED(RAW klpga_player_shot)
9111,박서현,3,1,4,1,4,,,UNKNOWN(tee box not separately logged in RAW),53.0,87.0,-81.0,449.0,TEE,ROUGH,231.1,402.0,170.9,False,89.0,99.0,-170.0,350.0,389.1,170.9,-2.71,LAT1,False,False,True,2,4,0,OBSERVED(RAW klpga_player_shot)
9111,박서현,3,1,4,2,4,53.0,87.0,OBSERVED(previous shot landing),83.0,17.0,76.0,99.0,ROUGH,GREEN,165.3,170.9,5.6,False,89.0,99.0,-13.0,0.0,13.0,5.6,,,False,False,True,2,4,0,OBSERVED(RAW klpga_player_shot)
9111,박서현,3,1,4,3,4,83.0,17.0,OBSERVED(previous shot landing),86.0,17.0,92.0,100.0,GREEN,GREEN,4.3,5.6,1.3,False,89.0,99.0,3.0,1.0,3.2,1.3,,,False,True,True,2,4,0,OBSERVED(RAW klpga_player_shot)
9111,박서현,3,1,4,4,4,86.0,17.0,OBSERVED(previous shot landing),86.0,17.0,89.0,99.0,GREEN,HOLED,1.3,1.3,0.0,False,89.0,99.0,0.0,0.0,0.0,0.0,,,False,True,True,2,4,0,OBSERVED(RAW klpga_player_shot)
9111,박서현,3,2,3,1,3,,,UNKNOWN(tee box not separately logged in RAW),58.0,32.0,33.0,98.0,TEE,FRINGE,176.9,188.0,11.1,False,38.0,72.0,-5.0,26.0,26.5,11.1,8.02,LAT3,False,False,False,1,3,0,OBSERVED(RAW klpga_player_shot)
9111,박서현,3,2,3,2,3,58.0,32.0,OBSERVED(previous shot landing),60.0,23.0,38.0,69.0,FRINGE,GREEN,9.7,11.1,1.4,False,38.0,72.0,0.0,-3.0,3.0,1.4,,,False,False,False,1,3,0,OBSERVED(RAW klpga_player_shot)
9111,박서현,3,2,3,3,3,60.0,23.0,OBSERVED(previous shot landing),60.0,24.0,38.0,72.0,GREEN,HOLED,1.4,1.4,0.0,False,38.0,72.0,0.0,0.0,0.0,0.0,,,False,True,False,1,3,0,OBSERVED(RAW klpga_player_shot)
9111,박서현,3,3,4,1,5,,,UNKNOWN(tee box not separately logged in RAW),57.0,89.0,42.0,532.0,TEE,FAIRWAY,217.1,426.0,208.9,False,48.0,79.0,-6.0,453.0,453.0,208.9,-4.03,LAT1,False,False,False,2,5,1,OBSERVED(RAW klpga_player_shot)
9111,박서현,3,3,4,2,5,57.0,89.0,OBSERVED(previous shot landing),59.0,7.0,44.0,57.0,FAIRWAY,ROUGH,199.0,208.9,9.9,False,48.0,79.0,-4.0,-22.0,22.4,9.9,,,False,False,False,2,5,1,OBSERVED(RAW klpga_player_shot)
9111,박서현,3,3,4,3,5,59.0,7.0,OBSERVED(previous shot landing),61.0,15.0,55.0,105.0,ROUGH,GREEN,-2.6,9.9,12.5,False,48.0,79.0,7.0,26.0,26.9,12.5,,,False,False,False,2,5,1,OBSERVED(RAW klpga_player_shot)
9111,박서현,3,3,4,4,5,61.0,15.0,OBSERVED(previous shot landing),60.0,10.0,48.0,79.0,GREEN,GREEN,12.1,12.5,0.4,False,48.0,79.0,0.0,0.0,0.0,0.4,,,False,True,False,2,5,1,OBSERVED(RAW klpga_player_shot)
9111,박서현,3,3,4,5,5,60.0,10.0,OBSERVED(previous shot landing),60.0,10.0,48.0,79.0,GREEN,HOLED,0.4,0.4,0.0,False,48.0,79.0,0.0,0.0,0.0,0.0,,,False,True,False,2,5,1,OBSERVED(RAW klpga_player_shot)
9111,박서현,3,4,5,1,5,,,UNKNOWN(tee box not separately logged in RAW),73.0,115.0,107.0,776.0,TEE,FAIRWAY,235.3,542.0,306.7,False,94.0,95.0,13.0,681.0,681.1,306.7,0.84,LAT2,False,False,True,2,5,0,OBSERVED(RAW klpga_player_shot)
9111,박서현,3,4,5,2,5,73.0,115.0,OBSERVED(previous shot landing),75.0,46.0,117.0,313.0,FAIRWAY,ROUGH,207.9,306.7,98.8,False,94.0,95.0,23.0,218.0,219.2,98.8,,,False,False,True,2,5,0,OBSERVED(RAW klpga_player_shot)
9111,박서현,3,4,5,3,5,75.0,46.0,OBSERVED(previous shot landing),71.0,14.0,89.0,105.0,ROUGH,GREEN,94.2,98.8,4.6,False,94.0,95.0,-5.0,10.0,11.2,4.6,,,False,False,True,2,5,0,OBSERVED(RAW klpga_player_shot)
9111,박서현,3,4,5,4,5,71.0,14.0,OBSERVED(previous shot landing),71.0,12.0,94.0,95.0,GREEN,GREEN,4.1,4.6,0.5,False,94.0,95.0,0.0,0.0,0.0,0.5,,,False,True,True,2,5,0,OBSERVED(RAW klpga_player_shot)
9111,박서현,3,4,5,5,5,71.0,12.0,OBSERVED(previous shot landing),71.0,13.0,94.0,95.0,GREEN,HOLED,0.5,0.5,0.0,False,94.0,95.0,0.0,0.0,0.0,0.0,,,False,True,True,2,5,0,OBSERVED(RAW klpga_player_shot)
9111,박서현,3,5,3,1,3,,,UNKNOWN(tee box not separately logged in RAW),76.0,36.0,98.0,105.0,TEE,GREEN,155.2,170.0,14.8,False,74.0,77.0,24.0,28.0,36.9,14.8,1.26,LAT2,False,False,True,2,3,0,OBSERVED(RAW klpga_player_shot)
9111,박서현,3,5,3,2,3,76.0,36.0,OBSERVED(previous shot landing),68.0,28.0,75.0,80.0,GREEN,GREEN,13.6,14.8,1.2,False,74.0,77.0,1.0,3.0,3.2,1.2,,,False,True,True,2,3,0,OBSERVED(RAW klpga_player_shot)
9111,박서현,3,5,3,3,3,68.0,28.0,OBSERVED(previous shot landing),68.0,27.0,74.0,77.0,GREEN,HOLED,1.2,1.2,0.0,False,74.0,77.0,0.0,0.0,0.0,0.0,,,False,True,True,2,3,0,OBSERVED(RAW klpga_player_shot)
9111,박서현,3,6,4,1,4,,,UNKNOWN(tee box not separately logged in RAW),71.0,87.0,105.0,477.0,TEE,FAIRWAY,230.4,410.0,179.6,False,65.0,69.0,40.0,408.0,410.0,179.6,-3.4,LAT1,False,False,True,2,4,0,OBSERVED(RAW klpga_player_shot)
9111,박서현,3,6,4,2,4,71.0,87.0,OBSERVED(previous shot landing),68.0,11.0,82.0,70.0,FAIRWAY,GREEN,172.1,179.6,7.5,False,65.0,69.0,17.0,1.0,17.0,7.5,,,False,False,True,2,4,0,OBSERVED(RAW klpga_player_shot)
9111,박서현,3,6,4,3,4,68.0,11.0,OBSERVED(previous shot landing),65.0,11.0,66.0,69.0,GREEN,GREEN,7.2,7.5,0.3,False,65.0,69.0,1.0,0.0,1.0,0.3,,,False,True,True,2,4,0,OBSERVED(RAW klpga_player_shot)
9111,박서현,3,6,4,4,4,65.0,11.0,OBSERVED(previous shot landing),65.0,11.0,65.0,69.0,GREEN,HOLED,0.3,0.3,0.0,False,65.0,69.0,0.0,0.0,0.0,0.0,,,False,True,True,2,4,0,OBSERVED(RAW klpga_player_shot)
9111,박서현,3,7,5,1,5,,,UNKNOWN(tee box not separately logged in RAW),44.0,110.0,-88.0,730.0,TEE,FAIRWAY,201.7,516.0,314.3,False,63.0,79.0,-151.0,651.0,668.3,314.3,-1.81,LAT1,False,False,False,1,5,0,OBSERVED(RAW klpga_player_shot)
9111,박서현,3,7,5,2,5,44.0,110.0,OBSERVED(previous shot landing),63.0,50.0,39.0,339.0,FAIRWAY,FAIRWAY,191.3,314.3,123.0,False,63.0,79.0,-24.0,260.0,261.1,123.0,,,False,False,False,1,5,0,OBSERVED(RAW klpga_player_shot)
9111,박서현,3,7,5,3,5,63.0,50.0,OBSERVED(previous shot landing),65.0,7.0,59.0,57.0,FAIRWAY,FRINGE,112.7,123.0,10.3,False,63.0,79.0,-4.0,-22.0,22.4,10.3,,,False,False,False,1,5,0,OBSERVED(RAW klpga_player_shot)
9111,박서현,3,7,5,4,5,65.0,7.0,OBSERVED(previous shot landing),66.0,10.0,63.0,80.0,FRINGE,GREEN,9.8,10.3,0.5,False,63.0,79.0,0.0,1.0,1.0,0.5,,,False,False,False,1,5,0,OBSERVED(RAW klpga_player_shot)
9111,박서현,3,7,5,5,5,66.0,10.0,OBSERVED(previous shot landing),66.0,10.0,63.0,79.0,GREEN,HOLED,0.5,0.5,0.0,False,63.0,79.0,0.0,0.0,0.0,0.0,,,False,True,False,1,5,0,OBSERVED(RAW klpga_player_shot)
9111,박서현,3,8,4,1,7,,,UNKNOWN(tee box not separately logged in RAW),43.0,78.0,-56.0,402.0,TEE,FAIRWAY,234.6,377.0,142.4,False,90.0,116.0,-146.0,286.0,321.1,142.4,0.2,LAT2,False,False,False,1,7,3,OBSERVED(RAW klpga_player_shot)
9111,박서현,3,8,4,2,7,43.0,78.0,OBSERVED(previous shot landing),71.0,28.0,80.0,161.0,FAIRWAY,PENALTY_AREA,,142.4,,True,90.0,116.0,-10.0,45.0,46.1,,,,True,False,False,1,7,3,OBSERVED(RAW klpga_player_shot)
9111,박서현,3,8,4,3,7,71.0,28.0,OBSERVED(previous shot landing),64.0,44.0,45.0,241.0,PENALTY_AREA,PENALTY_STROKE,,,,True,90.0,116.0,-45.0,125.0,132.9,,,,True,False,False,1,7,3,OBSERVED(RAW klpga_player_shot)
9111,박서현,3,8,4,4,7,64.0,44.0,OBSERVED(previous shot landing),76.0,10.0,105.0,77.0,PENALTY_STROKE,ROUGH,,,18.4,False,90.0,116.0,15.0,-39.0,41.8,18.4,,,False,False,False,1,7,3,OBSERVED(RAW klpga_player_shot)
9111,박서현,3,8,4,5,7,76.0,10.0,OBSERVED(previous shot landing),72.0,20.0,82.0,126.0,ROUGH,FRINGE,12.8,18.4,5.6,False,90.0,116.0,-8.0,10.0,12.8,5.6,,,False,False,False,1,7,3,OBSERVED(RAW klpga_player_shot)
9111,박서현,3,8,4,6,7,72.0,20.0,OBSERVED(previous shot landing),73.0,18.0,89.0,117.0,FRINGE,GREEN,5.3,5.6,0.3,False,90.0,116.0,-1.0,1.0,1.4,0.3,,,False,False,False,1,7,3,OBSERVED(RAW klpga_player_shot)
9111,박서현,3,8,4,7,7,73.0,18.0,OBSERVED(previous shot landing),73.0,18.0,90.0,116.0,GREEN,HOLED,0.3,0.3,0.0,False,90.0,116.0,0.0,0.0,0.0,0.0,,,False,True,False,1,7,3,OBSERVED(RAW klpga_player_shot)
9111,박서현,3,9,4,1,6,,,UNKNOWN(tee box not separately logged in RAW),48.0,72.0,-111.0,392.0,TEE,FAIRWAY,279.3,404.0,124.7,False,56.0,142.0,-167.0,250.0,300.6,124.7,-4.28,LAT1,False,False,False,2,6,2,OBSERVED(RAW klpga_player_shot)
9111,박서현,3,9,4,2,6,48.0,72.0,OBSERVED(previous shot landing),77.0,33.0,37.0,177.0,FAIRWAY,PENALTY_AREA,,124.7,,True,56.0,142.0,-19.0,35.0,39.8,,,,True,False,False,2,6,2,OBSERVED(RAW klpga_player_shot)
9111,박서현,3,9,4,3,6,77.0,33.0,OBSERVED(previous shot landing),76.0,35.0,31.0,188.0,PENALTY_AREA,PENALTY_STROKE,,,,True,56.0,142.0,-25.0,46.0,52.4,,,,True,False,False,2,6,2,OBSERVED(RAW klpga_player_shot)
9111,박서현,3,9,4,4,6,76.0,35.0,OBSERVED(previous shot landing),81.0,24.0,57.0,132.0,PENALTY_STROKE,GREEN,,,4.3,False,56.0,142.0,1.0,-10.0,10.0,4.3,,,False,False,False,2,6,2,OBSERVED(RAW klpga_player_shot)
9111,박서현,3,9,4,5,6,81.0,24.0,OBSERVED(previous shot landing),80.0,26.0,56.0,143.0,GREEN,GREEN,4.1,4.3,0.2,False,56.0,142.0,0.0,1.0,1.0,0.2,,,False,True,False,2,6,2,OBSERVED(RAW klpga_player_shot)
9111,박서현,3,9,4,6,6,80.0,26.0,OBSERVED(previous shot landing),80.0,26.0,56.0,142.0,GREEN,HOLED,0.2,0.2,0.0,False,56.0,142.0,0.0,0.0,0.0,0.0,,,False,True,False,2,6,2,OBSERVED(RAW klpga_player_shot)
9111,박서현,3,10,5,1,6,,,UNKNOWN(tee box not separately logged in RAW),63.0,116.0,-58.0,786.0,TEE,ROUGH,249.1,570.0,320.9,False,50.0,85.0,-108.0,701.0,709.3,320.9,-3.3,LAT1,False,False,True,3,6,1,OBSERVED(RAW klpga_player_shot)
9111,박서현,3,10,5,2,6,63.0,116.0,OBSERVED(previous shot landing),60.0,61.0,-54.0,404.0,ROUGH,FAIRWAY,168.6,320.9,152.3,False,50.0,85.0,-104.0,319.0,335.5,152.3,,,False,False,True,3,6,1,OBSERVED(RAW klpga_player_shot)
9111,박서현,3,10,5,3,6,60.0,61.0,OBSERVED(previous shot landing),73.0,10.0,59.0,57.0,FAIRWAY,GREEN,139.2,152.3,13.1,False,50.0,85.0,9.0,-28.0,29.4,13.1,,,False,False,True,3,6,1,OBSERVED(RAW klpga_player_shot)
9111,박서현,3,10,5,4,6,73.0,10.0,OBSERVED(previous shot landing),72.0,14.0,50.0,80.0,GREEN,GREEN,11.2,13.1,1.9,False,50.0,85.0,0.0,-5.0,5.0,1.9,,,False,True,True,3,6,1,OBSERVED(RAW klpga_player_shot)
9111,박서현,3,10,5,5,6,72.0,14.0,OBSERVED(previous shot landing),72.0,14.0,51.0,86.0,GREEN,GREEN,1.0,1.9,0.9,False,50.0,85.0,1.0,1.0,1.4,0.9,,,False,True,True,3,6,1,OBSERVED(RAW klpga_player_shot)
9111,박서현,3,10,5,6,6,72.0,14.0,OBSERVED(previous shot landing),72.0,14.0,50.0,85.0,GREEN,HOLED,0.9,0.9,0.0,False,50.0,85.0,0.0,0.0,0.0,0.0,,,False,True,True,3,6,1,OBSERVED(RAW klpga_player_shot)
9111,박서현,3,11,3,1,3,,,UNKNOWN(tee box not separately logged in RAW),62.0,42.0,61.0,139.0,TEE,ROUGH,162.4,174.0,11.6,False,58.0,111.0,3.0,28.0,28.2,11.6,-9.86,LAT1,False,False,False,1,3,0,OBSERVED(RAW klpga_player_shot)
9111,박서현,3,11,3,2,3,62.0,42.0,OBSERVED(previous shot landing),60.0,33.0,57.0,112.0,ROUGH,GREEN,10.6,11.6,1.0,False,58.0,111.0,-1.0,1.0,1.4,1.0,,,False,False,False,1,3,0,OBSERVED(RAW klpga_player_shot)
9111,박서현,3,11,3,3,3,60.0,33.0,OBSERVED(previous shot landing),60.0,33.0,58.0,111.0,GREEN,HOLED,1.0,1.0,0.0,False,58.0,111.0,0.0,0.0,0.0,0.0,,,False,True,False,1,3,0,OBSERVED(RAW klpga_player_shot)
9111,박서현,3,12,4,1,4,,,UNKNOWN(tee box not separately logged in RAW),89.0,85.0,207.0,440.0,TEE,ROUGH,247.3,410.0,162.7,False,83.0,114.0,124.0,326.0,348.8,162.7,-5.48,LAT1,False,False,True,2,4,0,OBSERVED(RAW klpga_player_shot)
9111,박서현,3,12,4,2,4,89.0,85.0,OBSERVED(previous shot landing),62.0,22.0,65.0,115.0,ROUGH,GREEN,154.5,162.7,8.2,False,83.0,114.0,-18.0,1.0,18.0,8.2,,,False,False,True,2,4,0,OBSERVED(RAW klpga_player_shot)
9111,박서현,3,12,4,3,4,62.0,22.0,OBSERVED(previous shot landing),66.0,22.0,85.0,113.0,GREEN,GREEN,7.0,8.2,1.2,False,83.0,114.0,2.0,-1.0,2.2,1.2,,,False,True,True,2,4,0,OBSERVED(RAW klpga_player_shot)
9111,박서현,3,12,4,4,4,66.0,22.0,OBSERVED(previous shot landing),65.0,22.0,83.0,114.0,GREEN,HOLED,1.2,1.2,0.0,False,83.0,114.0,0.0,0.0,0.0,0.0,,,False,True,True,2,4,0,OBSERVED(RAW klpga_player_shot)
9111,박서현,3,13,4,1,5,,,UNKNOWN(tee box not separately logged in RAW),81.0,71.0,167.0,305.0,TEE,FAIRWAY,245.5,376.0,130.5,False,39.0,84.0,128.0,221.0,255.4,130.5,-1.28,LAT2,False,False,True,3,5,1,OBSERVED(RAW klpga_player_shot)
9111,박서현,3,13,4,2,5,81.0,71.0,OBSERVED(previous shot landing),49.0,18.0,35.0,75.0,FAIRWAY,GREEN,125.7,130.5,4.8,False,39.0,84.0,-4.0,-9.0,9.8,4.8,,,False,False,True,3,5,1,OBSERVED(RAW klpga_player_shot)
9111,박서현,3,13,4,3,5,49.0,18.0,OBSERVED(previous shot landing),50.0,21.0,41.0,86.0,GREEN,GREEN,3.5,4.8,1.3,False,39.0,84.0,2.0,2.0,2.8,1.3,,,False,True,True,3,5,1,OBSERVED(RAW klpga_player_shot)
9111,박서현,3,13,4,4,5,50.0,21.0,OBSERVED(previous shot landing),50.0,20.0,38.0,82.0,GREEN,GREEN,0.3,1.3,1.0,False,39.0,84.0,-1.0,-2.0,2.2,1.0,,,False,True,True,3,5,1,OBSERVED(RAW klpga_player_shot)
9111,박서현,3,13,4,5,5,50.0,20.0,OBSERVED(previous shot landing),50.0,20.0,39.0,84.0,GREEN,HOLED,1.0,1.0,0.0,False,39.0,84.0,0.0,0.0,0.0,0.0,,,False,True,True,3,5,1,OBSERVED(RAW klpga_player_shot)
9111,박서현,3,14,4,1,4,,,UNKNOWN(tee box not separately logged in RAW),92.0,82.0,268.0,419.0,TEE,FAIRWAY,224.2,379.0,154.8,False,68.0,108.0,200.0,311.0,369.8,154.8,-2.73,LAT1,False,False,True,2,4,0,OBSERVED(RAW klpga_player_shot)
9111,박서현,3,14,4,2,4,92.0,82.0,OBSERVED(previous shot landing),55.0,22.0,77.0,118.0,FAIRWAY,GREEN,149.4,154.8,5.4,False,68.0,108.0,9.0,10.0,13.5,5.4,,,False,False,True,2,4,0,OBSERVED(RAW klpga_player_shot)
9111,박서현,3,14,4,3,4,55.0,22.0,OBSERVED(previous shot landing),53.0,21.0,68.0,109.0,GREEN,GREEN,5.0,5.4,0.4,False,68.0,108.0,0.0,1.0,1.0,0.4,,,False,True,True,2,4,0,OBSERVED(RAW klpga_player_shot)
9111,박서현,3,14,4,4,4,53.0,21.0,OBSERVED(previous shot landing),53.0,21.0,68.0,108.0,GREEN,HOLED,0.4,0.4,0.0,False,68.0,108.0,0.0,0.0,0.0,0.0,,,False,True,True,2,4,0,OBSERVED(RAW klpga_player_shot)
9111,박서현,3,15,4,1,5,,,UNKNOWN(tee box not separately logged in RAW),70.0,81.0,53.0,562.0,TEE,ROUGH,234.8,423.0,188.2,False,56.0,79.0,-3.0,483.0,483.0,188.2,-5.97,LAT1,False,False,True,3,5,1,OBSERVED(RAW klpga_player_shot)
9111,박서현,3,15,4,2,5,70.0,81.0,OBSERVED(previous shot landing),65.0,19.0,46.0,143.0,ROUGH,GREEN,163.2,188.2,25.0,False,56.0,79.0,-10.0,64.0,64.8,25.0,,,False,False,True,3,5,1,OBSERVED(RAW klpga_player_shot)
9111,박서현,3,15,4,3,5,65.0,19.0,OBSERVED(previous shot landing),66.0,10.0,55.0,86.0,GREEN,GREEN,22.3,25.0,2.7,False,56.0,79.0,-1.0,7.0,7.1,2.7,,,False,True,True,3,5,1,OBSERVED(RAW klpga_player_shot)
9111,박서현,3,15,4,4,5,66.0,10.0,OBSERVED(previous shot landing),66.0,9.0,54.0,76.0,GREEN,GREEN,1.3,2.7,1.4,False,56.0,79.0,-2.0,-3.0,3.6,1.4,,,False,True,True,3,5,1,OBSERVED(RAW klpga_player_shot)
9111,박서현,3,15,4,5,5,66.0,9.0,OBSERVED(previous shot landing),66.0,9.0,56.0,79.0,GREEN,HOLED,1.4,1.4,0.0,False,56.0,79.0,0.0,0.0,0.0,0.0,,,False,True,True,3,5,1,OBSERVED(RAW klpga_player_shot)
9111,박서현,3,16,3,1,3,,,UNKNOWN(tee box not separately logged in RAW),71.0,33.0,86.0,112.0,TEE,GREEN,174.4,180.0,5.6,False,73.0,101.0,13.0,11.0,17.0,5.6,-5.68,LAT1,False,False,True,2,3,0,OBSERVED(RAW klpga_player_shot)
9111,박서현,3,16,3,2,3,71.0,33.0,OBSERVED(previous shot landing),67.0,29.0,72.0,101.0,GREEN,GREEN,5.3,5.6,0.3,False,73.0,101.0,-1.0,0.0,1.0,0.3,,,False,True,True,2,3,0,OBSERVED(RAW klpga_player_shot)
9111,박서현,3,16,3,3,3,67.0,29.0,OBSERVED(previous shot landing),67.0,30.0,73.0,101.0,GREEN,HOLED,0.3,0.3,0.0,False,73.0,101.0,0.0,0.0,0.0,0.0,,,False,True,True,2,3,0,OBSERVED(RAW klpga_player_shot)
9111,박서현,3,17,4,1,4,,,UNKNOWN(tee box not separately logged in RAW),50.0,85.0,18.0,431.0,TEE,FAIRWAY,248.3,390.0,141.7,False,44.0,104.0,-26.0,327.0,328.0,141.7,1.79,LAT2,False,False,False,1,4,0,OBSERVED(RAW klpga_player_shot)
9111,박서현,3,17,4,2,4,50.0,85.0,OBSERVED(previous shot landing),54.0,13.0,33.0,70.0,FAIRWAY,FRINGE,126.2,141.7,15.5,False,44.0,104.0,-11.0,-34.0,35.7,15.5,,,False,False,False,1,4,0,OBSERVED(RAW klpga_player_shot)
9111,박서현,3,17,4,3,4,54.0,13.0,OBSERVED(previous shot landing),56.0,19.0,43.0,100.0,FRINGE,GREEN,13.6,15.5,1.9,False,44.0,104.0,-1.0,-4.0,4.1,1.9,,,False,False,False,1,4,0,OBSERVED(RAW klpga_player_shot)
9111,박서현,3,17,4,4,4,56.0,19.0,OBSERVED(previous shot landing),56.0,20.0,44.0,104.0,GREEN,HOLED,1.9,1.9,0.0,False,44.0,104.0,0.0,0.0,0.0,0.0,,,False,True,False,1,4,0,OBSERVED(RAW klpga_player_shot)
9111,박서현,3,18,5,1,5,,,UNKNOWN(tee box not separately logged in RAW),67.0,110.0,32.0,848.0,TEE,ROUGH,238.4,528.0,289.6,False,74.0,113.0,-42.0,735.0,736.2,289.6,-7.73,LAT1,False,False,False,1,5,0,OBSERVED(RAW klpga_player_shot)
9111,박서현,3,18,5,2,5,67.0,110.0,OBSERVED(previous shot landing),59.0,50.0,-27.0,406.0,ROUGH,FAIRWAY,167.6,289.6,122.0,False,74.0,113.0,-101.0,293.0,309.9,122.0,,,False,False,False,1,5,0,OBSERVED(RAW klpga_player_shot)
9111,박서현,3,18,5,3,5,59.0,50.0,OBSERVED(previous shot landing),74.0,15.0,91.0,147.0,FAIRWAY,ROUGH,107.2,122.0,14.8,False,74.0,113.0,17.0,34.0,38.0,14.8,,,False,False,False,1,5,0,OBSERVED(RAW klpga_player_shot)
9111,박서현,3,18,5,4,5,74.0,15.0,OBSERVED(previous shot landing),72.0,11.0,74.0,112.0,ROUGH,GREEN,14.3,14.8,0.5,False,74.0,113.0,0.0,-1.0,1.0,0.5,,,False,False,False,1,5,0,OBSERVED(RAW klpga_player_shot)
9111,박서현,3,18,5,5,5,72.0,11.0,OBSERVED(previous shot landing),72.0,11.0,74.0,113.0,GREEN,HOLED,0.5,0.5,0.0,False,74.0,113.0,0.0,0.0,0.0,0.0,,,False,True,False,1,5,0,OBSERVED(RAW klpga_player_shot)
9111,박서현,4,1,4,1,4,,,UNKNOWN(tee box not separately logged in RAW),50.0,90.0,-99.0,464.0,TEE,FAIRWAY,221.8,402.0,180.2,False,45.0,80.0,-144.0,384.0,410.1,180.2,-1.06,LAT2,False,False,True,2,4,0,OBSERVED(RAW klpga_player_shot)
9111,박서현,4,1,4,2,4,50.0,90.0,OBSERVED(previous shot landing),77.0,17.0,46.0,96.0,FAIRWAY,GREEN,173.1,180.2,7.1,False,45.0,80.0,1.0,16.0,16.0,7.1,,,False,False,True,2,4,0,OBSERVED(RAW klpga_player_shot)
9111,박서현,4,1,4,3,4,77.0,17.0,OBSERVED(previous shot landing),77.0,14.0,43.0,82.0,GREEN,GREEN,6.0,7.1,1.1,False,45.0,80.0,-2.0,2.0,2.8,1.1,,,False,True,True,2,4,0,OBSERVED(RAW klpga_player_shot)
9111,박서현,4,1,4,4,4,77.0,14.0,OBSERVED(previous shot landing),77.0,14.0,45.0,80.0,GREEN,HOLED,1.1,1.1,0.0,False,45.0,80.0,0.0,0.0,0.0,0.0,,,False,True,True,2,4,0,OBSERVED(RAW klpga_player_shot)
9111,박서현,4,2,3,1,3,,,UNKNOWN(tee box not separately logged in RAW),68.0,52.0,64.0,159.0,TEE,FRINGE,179.2,188.0,8.8,False,63.0,138.0,1.0,21.0,21.0,8.8,-13.55,LAT1,False,False,False,1,3,0,OBSERVED(RAW klpga_player_shot)
9111,박서현,4,2,3,2,3,68.0,52.0,OBSERVED(previous shot landing),67.0,45.0,63.0,138.0,FRINGE,GREEN,8.6,8.8,0.2,False,63.0,138.0,0.0,0.0,0.0,0.2,,,False,False,False,1,3,0,OBSERVED(RAW klpga_player_shot)
9111,박서현,4,2,3,3,3,67.0,45.0,OBSERVED(previous shot landing),67.0,45.0,63.0,138.0,GREEN,HOLED,0.2,0.2,0.0,False,63.0,138.0,0.0,0.0,0.0,0.0,,,False,True,False,1,3,0,OBSERVED(RAW klpga_player_shot)
9111,박서현,4,3,4,1,5,,,UNKNOWN(tee box not separately logged in RAW),56.0,83.0,38.0,496.0,TEE,FAIRWAY,234.3,426.0,191.7,False,72.0,82.0,-34.0,414.0,415.4,191.7,-2.4,LAT1,False,False,True,3,5,1,OBSERVED(RAW klpga_player_shot)
9111,박서현,4,3,4,2,5,56.0,83.0,OBSERVED(previous shot landing),61.0,19.0,55.0,127.0,FAIRWAY,GREEN,169.4,191.7,22.3,False,72.0,82.0,-17.0,45.0,48.1,22.3,,,False,False,True,3,5,1,OBSERVED(RAW klpga_player_shot)
9111,박서현,4,3,4,3,5,61.0,19.0,OBSERVED(previous shot landing),65.0,11.0,78.0,80.0,GREEN,GREEN,19.5,22.3,2.8,False,72.0,82.0,6.0,-2.0,6.3,2.8,,,False,True,True,3,5,1,OBSERVED(RAW klpga_player_shot)
9111,박서현,4,3,4,4,5,65.0,11.0,OBSERVED(previous shot landing),64.0,11.0,73.0,82.0,GREEN,GREEN,2.3,2.8,0.5,False,72.0,82.0,1.0,0.0,1.0,0.5,,,False,True,True,3,5,1,OBSERVED(RAW klpga_player_shot)
9111,박서현,4,3,4,5,5,64.0,11.0,OBSERVED(previous shot landing),64.0,11.0,72.0,82.0,GREEN,HOLED,0.5,0.5,0.0,False,72.0,82.0,0.0,0.0,0.0,0.0,,,False,True,True,3,5,1,OBSERVED(RAW klpga_player_shot)
9111,박서현,4,4,5,1,6,,,UNKNOWN(tee box not separately logged in RAW),75.0,113.0,122.0,757.0,TEE,FAIRWAY,245.8,542.0,296.2,False,40.0,105.0,82.0,652.0,657.1,296.2,-1.29,LAT2,False,False,True,3,6,1,OBSERVED(RAW klpga_player_shot)
9111,박서현,4,4,5,2,6,75.0,113.0,OBSERVED(previous shot landing),76.0,44.0,124.0,305.0,FAIRWAY,ROUGH,198.5,296.2,97.7,False,40.0,105.0,84.0,200.0,216.9,97.7,,,False,False,True,3,6,1,OBSERVED(RAW klpga_player_shot)
9111,박서현,4,4,5,3,6,76.0,44.0,OBSERVED(previous shot landing),67.0,7.0,68.0,61.0,ROUGH,GREEN,74.2,97.7,23.5,False,40.0,105.0,28.0,-44.0,52.2,23.5,,,False,False,True,3,6,1,OBSERVED(RAW klpga_player_shot)
9111,박서현,4,4,5,4,6,67.0,7.0,OBSERVED(previous shot landing),63.0,15.0,39.0,113.0,GREEN,GREEN,19.8,23.5,3.7,False,40.0,105.0,-1.0,8.0,8.1,3.7,,,False,True,True,3,6,1,OBSERVED(RAW klpga_player_shot)
9111,박서현,4,4,5,5,6,63.0,15.0,OBSERVED(previous shot landing),63.0,14.0,40.0,104.0,GREEN,GREEN,3.4,3.7,0.3,False,40.0,105.0,0.0,-1.0,1.0,0.3,,,False,True,True,3,6,1,OBSERVED(RAW klpga_player_shot)
9111,박서현,4,4,5,6,6,63.0,14.0,OBSERVED(previous shot landing),63.0,14.0,40.0,105.0,GREEN,HOLED,0.3,0.3,0.0,False,40.0,105.0,0.0,0.0,0.0,0.0,,,False,True,True,3,6,1,OBSERVED(RAW klpga_player_shot)
9111,박서현,4,5,3,1,3,,,UNKNOWN(tee box not separately logged in RAW),76.0,47.0,98.0,138.0,TEE,GREEN,163.3,170.0,6.7,False,89.0,124.0,9.0,14.0,16.6,6.7,-9.55,LAT1,False,False,True,2,3,0,OBSERVED(RAW klpga_player_shot)
9111,박서현,4,5,3,2,3,76.0,47.0,OBSERVED(previous shot landing),73.0,43.0,90.0,125.0,GREEN,GREEN,6.4,6.7,0.3,False,89.0,124.0,1.0,1.0,1.4,0.3,,,False,True,True,2,3,0,OBSERVED(RAW klpga_player_shot)
9111,박서현,4,5,3,3,3,73.0,43.0,OBSERVED(previous shot landing),73.0,43.0,89.0,124.0,GREEN,HOLED,0.3,0.3,0.0,False,89.0,124.0,0.0,0.0,0.0,0.0,,,False,True,True,2,3,0,OBSERVED(RAW klpga_player_shot)
9111,박서현,4,6,4,1,4,,,UNKNOWN(tee box not separately logged in RAW),74.0,87.0,122.0,473.0,TEE,ROUGH,251.2,410.0,158.8,False,73.0,113.0,49.0,360.0,363.3,158.8,-6.39,LAT1,False,False,False,1,4,0,OBSERVED(RAW klpga_player_shot)
9111,박서현,4,6,4,2,4,74.0,87.0,OBSERVED(previous shot landing),64.0,26.0,63.0,147.0,ROUGH,GREENSIDE_BUNKER,143.4,158.8,15.4,False,73.0,113.0,-10.0,34.0,35.4,15.4,,,False,False,False,1,4,0,OBSERVED(RAW klpga_player_shot)
9111,박서현,4,6,4,3,4,64.0,26.0,OBSERVED(previous shot landing),67.0,19.0,81.0,110.0,GREENSIDE_BUNKER,GREEN,11.6,15.4,3.8,False,73.0,113.0,8.0,-3.0,8.5,3.8,,,False,False,False,1,4,0,OBSERVED(RAW klpga_player_shot)
9111,박서현,4,6,4,4,4,67.0,19.0,OBSERVED(previous shot landing),66.0,19.0,73.0,113.0,GREEN,HOLED,3.8,3.8,0.0,False,73.0,113.0,0.0,0.0,0.0,0.0,,,False,True,False,1,4,0,OBSERVED(RAW klpga_player_shot)
9111,박서현,4,7,5,1,4,,,UNKNOWN(tee box not separately logged in RAW),45.0,106.0,-79.0,706.0,TEE,FAIRWAY,211.5,516.0,304.5,False,84.0,80.0,-163.0,626.0,646.9,304.5,-1.78,LAT1,False,False,True,1,4,-1,OBSERVED(RAW klpga_player_shot)
9111,박서현,4,7,5,2,4,45.0,106.0,OBSERVED(previous shot landing),64.0,38.0,47.0,260.0,FAIRWAY,FAIRWAY,217.7,304.5,86.8,False,84.0,80.0,-37.0,180.0,183.8,86.8,,,False,False,True,1,4,-1,OBSERVED(RAW klpga_player_shot)
9111,박서현,4,7,5,3,4,64.0,38.0,OBSERVED(previous shot landing),68.0,12.0,79.0,92.0,FAIRWAY,GREEN,80.6,86.8,6.2,False,84.0,80.0,-5.0,12.0,13.0,6.2,,,False,False,True,1,4,-1,OBSERVED(RAW klpga_player_shot)
9111,박서현,4,7,5,4,4,68.0,12.0,OBSERVED(previous shot landing),69.0,10.0,84.0,80.0,GREEN,HOLED,6.2,6.2,0.0,False,84.0,80.0,0.0,0.0,0.0,0.0,,,False,True,True,1,4,-1,OBSERVED(RAW klpga_player_shot)
9111,박서현,4,8,4,1,4,,,UNKNOWN(tee box not separately logged in RAW),48.0,76.0,-34.0,394.0,TEE,FAIRWAY,246.6,377.0,130.4,False,38.0,108.0,-72.0,286.0,294.9,130.4,-3.64,LAT1,False,False,True,2,4,0,OBSERVED(RAW klpga_player_shot)
9111,박서현,4,8,4,2,4,48.0,76.0,OBSERVED(previous shot landing),66.0,16.0,54.0,103.0,FAIRWAY,GREEN,122.8,130.4,7.6,False,38.0,108.0,16.0,-5.0,16.8,7.6,,,False,False,True,2,4,0,OBSERVED(RAW klpga_player_shot)
9111,박서현,4,8,4,3,4,66.0,16.0,OBSERVED(previous shot landing),63.0,17.0,39.0,108.0,GREEN,GREEN,7.3,7.6,0.3,False,38.0,108.0,1.0,0.0,1.0,0.3,,,False,True,True,2,4,0,OBSERVED(RAW klpga_player_shot)
9111,박서현,4,8,4,4,4,63.0,17.0,OBSERVED(previous shot landing),62.0,17.0,38.0,108.0,GREEN,HOLED,0.3,0.3,0.0,False,38.0,108.0,0.0,0.0,0.0,0.0,,,False,True,True,2,4,0,OBSERVED(RAW klpga_player_shot)
9111,박서현,4,9,4,1,6,,,UNKNOWN(tee box not separately logged in RAW),39.0,69.0,-163.0,377.0,TEE,ROUGH,265.6,404.0,138.4,False,42.0,113.0,-205.0,264.0,334.2,138.4,4.74,LAT3,False,False,True,4,6,2,OBSERVED(RAW klpga_player_shot)
9111,박서현,4,9,4,2,6,39.0,69.0,OBSERVED(previous shot landing),84.0,15.0,74.0,81.0,ROUGH,GREEN,119.5,138.4,18.9,False,42.0,113.0,32.0,-32.0,45.3,18.9,,,False,False,True,4,6,2,OBSERVED(RAW klpga_player_shot)
9111,박서현,4,9,4,3,6,84.0,15.0,OBSERVED(previous shot landing),78.0,19.0,45.0,106.0,GREEN,GREEN,15.5,18.9,3.4,False,42.0,113.0,3.0,-7.0,7.6,3.4,,,False,True,True,4,6,2,OBSERVED(RAW klpga_player_shot)
9111,박서현,4,9,4,4,6,78.0,19.0,OBSERVED(previous shot landing),77.0,21.0,38.0,114.0,GREEN,GREEN,1.7,3.4,1.7,False,42.0,113.0,-4.0,1.0,4.1,1.7,,,False,True,True,4,6,2,OBSERVED(RAW klpga_player_shot)
9111,박서현,4,9,4,5,6,77.0,21.0,OBSERVED(previous shot landing),78.0,21.0,43.0,113.0,GREEN,GREEN,1.3,1.7,0.4,False,42.0,113.0,1.0,0.0,1.0,0.4,,,False,True,True,4,6,2,OBSERVED(RAW klpga_player_shot)
9111,박서현,4,9,4,6,6,78.0,21.0,OBSERVED(previous shot landing),78.0,21.0,42.0,113.0,GREEN,HOLED,0.4,0.4,0.0,False,42.0,113.0,0.0,0.0,0.0,0.0,,,False,True,True,4,6,2,OBSERVED(RAW klpga_player_shot)
9111,박서현,4,10,5,1,6,,,UNKNOWN(tee box not separately logged in RAW),65.0,115.0,-41.0,783.0,TEE,ROUGH,254.7,570.0,315.3,False,80.0,97.0,-121.0,686.0,696.6,315.3,-5.13,LAT1,False,False,False,2,6,1,OBSERVED(RAW klpga_player_shot)
9111,박서현,4,10,5,2,6,65.0,115.0,OBSERVED(previous shot landing),55.0,53.0,-82.0,347.0,ROUGH,ROUGH,180.2,315.3,135.1,False,80.0,97.0,-162.0,250.0,297.9,135.1,,,False,False,False,2,6,1,OBSERVED(RAW klpga_player_shot)
9111,박서현,4,10,5,3,6,55.0,53.0,OBSERVED(previous shot landing),79.0,12.0,100.0,70.0,ROUGH,ROUGH,120.1,135.1,15.0,False,80.0,97.0,20.0,-27.0,33.6,15.0,,,False,False,False,2,6,1,OBSERVED(RAW klpga_player_shot)
9111,박서현,4,10,5,4,6,79.0,12.0,OBSERVED(previous shot landing),76.0,17.0,78.0,109.0,ROUGH,GREEN,9.5,15.0,5.5,False,80.0,97.0,-2.0,12.0,12.2,5.5,,,False,False,False,2,6,1,OBSERVED(RAW klpga_player_shot)
9111,박서현,4,10,5,5,6,76.0,17.0,OBSERVED(previous shot landing),77.0,15.0,82.0,94.0,GREEN,GREEN,3.9,5.5,1.6,False,80.0,97.0,2.0,-3.0,3.6,1.6,,,False,True,False,2,6,1,OBSERVED(RAW klpga_player_shot)
9111,박서현,4,10,5,6,6,77.0,15.0,OBSERVED(previous shot landing),76.0,16.0,80.0,97.0,GREEN,HOLED,1.6,1.6,0.0,False,80.0,97.0,0.0,0.0,0.0,0.0,,,False,True,False,2,6,1,OBSERVED(RAW klpga_player_shot)
9111,박서현,4,11,3,1,3,,,UNKNOWN(tee box not separately logged in RAW),76.0,25.0,104.0,87.0,TEE,GREEN,169.5,174.0,4.5,False,94.0,91.0,10.0,-4.0,10.8,4.5,-7.16,LAT1,False,False,True,2,3,0,OBSERVED(RAW klpga_player_shot)
9111,박서현,4,11,3,2,3,76.0,25.0,OBSERVED(previous shot landing),73.0,26.0,95.0,91.0,GREEN,GREEN,4.1,4.5,0.4,False,94.0,91.0,1.0,0.0,1.0,0.4,,,False,True,True,2,3,0,OBSERVED(RAW klpga_player_shot)
9111,박서현,4,11,3,3,3,73.0,26.0,OBSERVED(previous shot landing),73.0,26.0,94.0,91.0,GREEN,HOLED,0.4,0.4,0.0,False,94.0,91.0,0.0,0.0,0.0,0.0,,,False,True,True,2,3,0,OBSERVED(RAW klpga_player_shot)
9111,박서현,4,12,4,1,5,,,UNKNOWN(tee box not separately logged in RAW),86.0,80.0,189.0,418.0,TEE,ROUGH,260.9,410.0,149.1,False,68.0,122.0,121.0,296.0,319.8,149.1,-4.01,LAT1,False,False,False,2,5,1,OBSERVED(RAW klpga_player_shot)
9111,박서현,4,12,4,2,5,86.0,80.0,OBSERVED(previous shot landing),68.0,31.0,98.0,161.0,ROUGH,ROUGH,126.1,149.1,23.0,False,68.0,122.0,30.0,39.0,49.2,23.0,,,False,False,False,2,5,1,OBSERVED(RAW klpga_player_shot)
9111,박서현,4,12,4,3,5,68.0,31.0,OBSERVED(previous shot landing),62.0,23.0,64.0,121.0,ROUGH,GREEN,21.1,23.0,1.9,False,68.0,122.0,-4.0,-1.0,4.1,1.9,,,False,False,False,2,5,1,OBSERVED(RAW klpga_player_shot)
9111,박서현,4,12,4,4,5,62.0,23.0,OBSERVED(previous shot landing),62.0,24.0,66.0,123.0,GREEN,GREEN,1.1,1.9,0.8,False,68.0,122.0,-2.0,1.0,2.2,0.8,,,False,True,False,2,5,1,OBSERVED(RAW klpga_player_shot)
9111,박서현,4,12,4,5,5,62.0,24.0,OBSERVED(previous shot landing),62.0,24.0,68.0,122.0,GREEN,HOLED,0.8,0.8,0.0,False,68.0,122.0,0.0,0.0,0.0,0.0,,,False,True,False,2,5,1,OBSERVED(RAW klpga_player_shot)
9111,박서현,4,13,4,1,4,,,UNKNOWN(tee box not separately logged in RAW),83.0,75.0,174.0,323.0,TEE,FAIRWAY,238.4,376.0,137.6,False,59.0,79.0,115.0,244.0,269.7,137.6,-1.5,LAT2,False,False,False,1,4,0,OBSERVED(RAW klpga_player_shot)
9111,박서현,4,13,4,2,4,83.0,75.0,OBSERVED(previous shot landing),48.0,18.0,30.0,75.0,FAIRWAY,FRINGE,123.1,137.6,14.5,False,59.0,79.0,-29.0,-4.0,29.3,14.5,,,False,False,False,1,4,0,OBSERVED(RAW klpga_player_shot)
9111,박서현,4,13,4,3,4,48.0,18.0,OBSERVED(previous shot landing),53.0,20.0,54.0,84.0,FRINGE,GREEN,11.1,14.5,3.4,False,59.0,79.0,-5.0,5.0,7.1,3.4,,,False,False,False,1,4,0,OBSERVED(RAW klpga_player_shot)
9111,박서현,4,13,4,4,4,53.0,20.0,OBSERVED(previous shot landing),55.0,19.0,59.0,79.0,GREEN,HOLED,3.4,3.4,0.0,False,59.0,79.0,0.0,0.0,0.0,0.0,,,False,True,False,1,4,0,OBSERVED(RAW klpga_player_shot)
9111,박서현,4,14,4,1,5,,,UNKNOWN(tee box not separately logged in RAW),98.0,68.0,298.0,351.0,TEE,ROUGH,246.0,379.0,133.0,False,83.0,117.0,215.0,234.0,317.8,133.0,-15.07,LAT1,False,False,False,2,5,1,OBSERVED(RAW klpga_player_shot)
9111,박서현,4,14,4,2,5,98.0,68.0,OBSERVED(previous shot landing),56.0,26.0,85.0,136.0,ROUGH,FRINGE,125.1,133.0,7.9,False,83.0,117.0,2.0,19.0,19.1,7.9,,,False,False,False,2,5,1,OBSERVED(RAW klpga_player_shot)
9111,박서현,4,14,4,3,5,56.0,26.0,OBSERVED(previous shot landing),56.0,23.0,84.0,121.0,FRINGE,GREEN,6.3,7.9,1.6,False,83.0,117.0,1.0,4.0,4.1,1.6,,,False,False,False,2,5,1,OBSERVED(RAW klpga_player_shot)
9111,박서현,4,14,4,4,5,56.0,23.0,OBSERVED(previous shot landing),56.0,22.0,82.0,117.0,GREEN,GREEN,1.4,1.6,0.2,False,83.0,117.0,-1.0,0.0,1.0,0.2,,,False,True,False,2,5,1,OBSERVED(RAW klpga_player_shot)
9111,박서현,4,14,4,5,5,56.0,22.0,OBSERVED(previous shot landing),56.0,22.0,83.0,117.0,GREEN,HOLED,0.2,0.2,0.0,False,83.0,117.0,0.0,0.0,0.0,0.0,,,False,True,False,2,5,1,OBSERVED(RAW klpga_player_shot)
9111,박서현,4,15,4,1,4,,,UNKNOWN(tee box not separately logged in RAW),65.0,82.0,21.0,562.0,TEE,FAIRWAY,232.4,423.0,190.6,False,81.0,77.0,-60.0,485.0,488.7,190.6,-1.0,LAT2,False,False,True,2,4,0,OBSERVED(RAW klpga_player_shot)
9111,박서현,4,15,4,2,4,65.0,82.0,OBSERVED(previous shot landing),61.0,16.0,22.0,123.0,FAIRWAY,GREEN,161.2,190.6,29.4,False,81.0,77.0,-59.0,46.0,74.8,29.4,,,False,False,True,2,4,0,OBSERVED(RAW klpga_player_shot)
9111,박서현,4,15,4,3,4,61.0,16.0,OBSERVED(previous shot landing),70.0,9.0,82.0,78.0,GREEN,GREEN,28.7,29.4,0.7,False,81.0,77.0,1.0,1.0,1.4,0.7,,,False,True,True,2,4,0,OBSERVED(RAW klpga_player_shot)
9111,박서현,4,15,4,4,4,70.0,9.0,OBSERVED(previous shot landing),70.0,8.0,81.0,77.0,GREEN,HOLED,0.7,0.7,0.0,False,81.0,77.0,0.0,0.0,0.0,0.0,,,False,True,True,2,4,0,OBSERVED(RAW klpga_player_shot)
9111,박서현,4,16,3,1,3,,,UNKNOWN(tee box not separately logged in RAW),68.0,45.0,75.0,155.0,TEE,GREEN,168.6,180.0,11.4,False,57.0,125.0,18.0,30.0,35.0,11.4,-2.4,LAT2,False,False,True,2,3,0,OBSERVED(RAW klpga_player_shot)
9111,박서현,4,16,3,2,3,68.0,45.0,OBSERVED(previous shot landing),63.0,38.0,59.0,128.0,GREEN,GREEN,10.1,11.4,1.3,False,57.0,125.0,2.0,3.0,3.6,1.3,,,False,True,True,2,3,0,OBSERVED(RAW klpga_player_shot)
9111,박서현,4,16,3,3,3,63.0,38.0,OBSERVED(previous shot landing),63.0,37.0,57.0,125.0,GREEN,HOLED,1.3,1.3,0.0,False,57.0,125.0,0.0,0.0,0.0,0.0,,,False,True,True,2,3,0,OBSERVED(RAW klpga_player_shot)
9111,박서현,4,17,4,1,5,,,UNKNOWN(tee box not separately logged in RAW),53.0,85.0,35.0,431.0,TEE,FAIRWAY,250.4,390.0,139.6,False,75.0,110.0,-40.0,321.0,323.5,139.6,-1.18,LAT2,False,False,True,3,5,1,OBSERVED(RAW klpga_player_shot)
9111,박서현,4,17,4,2,5,53.0,85.0,OBSERVED(previous shot landing),58.0,15.0,56.0,80.0,FAIRWAY,GREEN,124.2,139.6,15.4,False,75.0,110.0,-19.0,-30.0,35.5,15.4,,,False,False,True,3,5,1,OBSERVED(RAW klpga_player_shot)
9111,박서현,4,17,4,3,5,58.0,15.0,OBSERVED(previous shot landing),62.0,20.0,75.0,105.0,GREEN,GREEN,13.2,15.4,2.2,False,75.0,110.0,0.0,-5.0,5.0,2.2,,,False,True,True,3,5,1,OBSERVED(RAW klpga_player_shot)
9111,박서현,4,17,4,4,5,62.0,20.0,OBSERVED(previous shot landing),62.0,21.0,75.0,111.0,GREEN,GREEN,1.7,2.2,0.5,False,75.0,110.0,0.0,1.0,1.0,0.5,,,False,True,True,3,5,1,OBSERVED(RAW klpga_player_shot)
9111,박서현,4,17,4,5,5,62.0,21.0,OBSERVED(previous shot landing),62.0,21.0,75.0,110.0,GREEN,HOLED,0.5,0.5,0.0,False,75.0,110.0,0.0,0.0,0.0,0.0,,,False,True,True,3,5,1,OBSERVED(RAW klpga_player_shot)
9111,박서현,4,18,5,1,6,,,UNKNOWN(tee box not separately logged in RAW),58.0,108.0,-34.0,829.0,TEE,ROUGH,232.7,528.0,295.3,False,48.0,83.0,-82.0,746.0,750.5,295.3,1.44,LAT2,False,False,False,2,6,1,OBSERVED(RAW klpga_player_shot)
9111,박서현,4,18,5,2,6,58.0,108.0,OBSERVED(previous shot landing),60.0,51.0,-18.0,413.0,ROUGH,FAIRWAY,162.9,295.3,132.4,False,48.0,83.0,-66.0,330.0,336.5,132.4,,,False,False,False,2,6,1,OBSERVED(RAW klpga_player_shot)
9111,박서현,4,18,5,3,6,60.0,51.0,OBSERVED(previous shot landing),64.0,5.0,14.0,67.0,FAIRWAY,ROUGH,117.8,132.4,14.6,False,48.0,83.0,-34.0,-16.0,37.6,14.6,,,False,False,False,2,6,1,OBSERVED(RAW klpga_player_shot)
9111,박서현,4,18,5,4,6,64.0,5.0,OBSERVED(previous shot landing),72.0,10.0,72.0,104.0,ROUGH,GREEN,1.9,14.6,12.7,False,48.0,83.0,24.0,21.0,31.9,12.7,,,False,False,False,2,6,1,OBSERVED(RAW klpga_player_shot)
9111,박서현,4,18,5,5,6,72.0,10.0,OBSERVED(previous shot landing),68.0,6.0,46.0,80.0,GREEN,GREEN,11.4,12.7,1.3,False,48.0,83.0,-2.0,-3.0,3.6,1.3,,,False,True,False,2,6,1,OBSERVED(RAW klpga_player_shot)
9111,박서현,4,18,5,6,6,68.0,6.0,OBSERVED(previous shot landing),69.0,7.0,48.0,83.0,GREEN,HOLED,1.3,1.3,0.0,False,48.0,83.0,0.0,0.0,0.0,0.0,,,False,True,False,2,6,1,OBSERVED(RAW klpga_player_shot)
